model,split,site_id,target_date,actual,predicted
XGBoost,val,77.369436_12.998037,2023-04-01,0.3971626,0.41866276
XGBoost,val,77.46825_13.150751,2023-04-01,0.3809729,0.4085251
XGBoost,val,77.625456_13.182192,2023-04-01,0.46751574,0.45080352
XGBoost,val,77.647914_13.141768,2023-04-01,0.66141087,0.690813
XGBoost,val,77.674863_13.105835,2023-04-01,0.47174457,0.52504826
XGBoost,val,77.679355_13.101344,2023-04-01,0.44058007,0.45532185
XGBoost,val,77.683846_13.11931,2023-04-01,0.36169684,0.38730735
XGBoost,val,77.683846_13.123802,2023-04-01,0.42820096,0.4565022
XGBoost,val,77.742237_13.101344,2023-04-01,0.39876026,0.4150997
XGBoost,val,77.342486_12.944139,2023-05-01,0.7159839,0.74381185
XGBoost,val,77.355961_12.94863,2023-05-01,0.45845488,0.4672636
XGBoost,val,77.355961_12.962105,2023-05-01,0.761305,0.78587294
XGBoost,val,77.364944_12.962105,2023-05-01,0.44124246,0.45369896
XGBoost,val,77.369436_12.998037,2023-05-01,0.42011303,0.43006063
XGBoost,val,77.391894_12.881256,2023-05-01,0.46400428,0.48448917
XGBoost,val,77.396385_12.971088,2023-05-01,0.4251031,0.42558137
XGBoost,val,77.418843_12.971088,2023-05-01,0.40402868,0.41419137
XGBoost,val,77.427826_13.020495,2023-05-01,0.38036987,0.41073906
XGBoost,val,77.427826_13.024987,2023-05-01,0.40505233,0.419935
XGBoost,val,77.427826_13.132785,2023-05-01,0.50209945,0.54470867
XGBoost,val,77.441301_13.110327,2023-05-01,0.4225325,0.45098427
XGBoost,val,77.450284_12.809391,2023-05-01,0.47695595,0.47636652
XGBoost,val,77.450284_13.029478,2023-05-01,0.4402246,0.4612736
XGBoost,val,77.450284_13.047445,2023-05-01,0.4174669,0.44342253
XGBoost,val,77.450284_13.146259,2023-05-01,0.50019526,0.53584045
XGBoost,val,77.454776_12.809391,2023-05-01,0.4627172,0.46325362
XGBoost,val,77.454776_13.114818,2023-05-01,0.49662971,0.536402
XGBoost,val,77.454776_13.141768,2023-05-01,0.49516675,0.53939813
XGBoost,val,77.459267_12.8049,2023-05-01,0.6119159,0.63427263
XGBoost,val,77.459267_12.822866,2023-05-01,0.4977599,0.50705284
XGBoost,val,77.459267_13.020495,2023-05-01,0.36298335,0.3972818
XGBoost,val,77.459267_13.11931,2023-05-01,0.45035297,0.4645982
XGBoost,val,77.463759_12.813883,2023-05-01,0.47438273,0.47045314
XGBoost,val,77.463759_12.836341,2023-05-01,0.50730884,0.521071
XGBoost,val,77.463759_12.885748,2023-05-01,0.5858338,0.61470455
XGBoost,val,77.46825_12.827358,2023-05-01,0.41276512,0.42472872
XGBoost,val,77.46825_12.836341,2023-05-01,0.5241751,0.54303294
XGBoost,val,77.46825_13.007021,2023-05-01,0.36633018,0.40704527
XGBoost,val,77.46825_13.114818,2023-05-01,0.4944011,0.51964635
XGBoost,val,77.46825_13.150751,2023-05-01,0.38289434,0.41682225
XGBoost,val,77.46825_13.1777,2023-05-01,0.4468613,0.46990985
XGBoost,val,77.472742_12.795916,2023-05-01,0.5145657,0.5369271
XGBoost,val,77.472742_12.836341,2023-05-01,0.50116414,0.51830876
XGBoost,val,77.477234_12.840832,2023-05-01,0.5212688,0.5493755
XGBoost,val,77.477234_13.002529,2023-05-01,0.37271535,0.4149581
XGBoost,val,77.481725_12.831849,2023-05-01,0.46236646,0.4711997
XGBoost,val,77.481725_13.096852,2023-05-01,0.56627023,0.6219847
XGBoost,val,77.486217_12.764475,2023-05-01,0.50744283,0.5264045
XGBoost,val,77.486217_12.872273,2023-05-01,0.47932824,0.504835
XGBoost,val,77.490708_12.768967,2023-05-01,0.51332176,0.5205433
XGBoost,val,77.490708_13.051936,2023-05-01,0.59230554,0.64104617
XGBoost,val,77.4952_12.836341,2023-05-01,0.4882719,0.49056748
XGBoost,val,77.499692_12.755492,2023-05-01,0.6139164,0.632123
XGBoost,val,77.499692_12.899223,2023-05-01,0.5239312,0.5398853
XGBoost,val,77.504183_12.818374,2023-05-01,0.53386617,0.5605897
XGBoost,val,77.504183_12.854307,2023-05-01,0.525164,0.5383507
XGBoost,val,77.504183_12.858799,2023-05-01,0.62887585,0.65374696
XGBoost,val,77.504183_13.083377,2023-05-01,0.5795461,0.6246241
XGBoost,val,77.504183_13.141768,2023-05-01,0.49220297,0.51869124
XGBoost,val,77.504183_13.159734,2023-05-01,0.5158254,0.56796885
XGBoost,val,77.508675_12.795916,2023-05-01,0.57185036,0.61865693
XGBoost,val,77.508675_12.831849,2023-05-01,0.5477539,0.5690052
XGBoost,val,77.508675_12.836341,2023-05-01,0.5883211,0.62186325
XGBoost,val,77.508675_12.845324,2023-05-01,0.55023086,0.5761889
XGBoost,val,77.508675_13.137276,2023-05-01,0.43742603,0.46064422
XGBoost,val,77.508675_13.159734,2023-05-01,0.5320317,0.58408636
XGBoost,val,77.513166_13.087869,2023-05-01,0.58041203,0.6243899
XGBoost,val,77.513166_13.137276,2023-05-01,0.39141893,0.415145
XGBoost,val,77.517658_12.827358,2023-05-01,0.5450337,0.57890314
XGBoost,val,77.522149_13.056428,2023-05-01,0.6427091,0.6792856
XGBoost,val,77.522149_13.078886,2023-05-01,0.59811515,0.6485231
XGBoost,val,77.522149_13.146259,2023-05-01,0.35278553,0.40110028
XGBoost,val,77.526641_13.078886,2023-05-01,0.5946184,0.64056534
XGBoost,val,77.531133_12.822866,2023-05-01,0.5357808,0.56258804
XGBoost,val,77.531133_13.083377,2023-05-01,0.56445587,0.6197695
XGBoost,val,77.535624_13.083377,2023-05-01,0.5451283,0.6128695
XGBoost,val,77.540116_13.101344,2023-05-01,0.41338006,0.43174306
XGBoost,val,77.540116_13.105835,2023-05-01,0.43367368,0.46408305
XGBoost,val,77.549099_12.894731,2023-05-01,0.6296225,0.65505743
XGBoost,val,77.55359_13.110327,2023-05-01,0.48129687,0.5316818
XGBoost,val,77.558082_13.042953,2023-05-01,0.64659655,0.68646634
XGBoost,val,77.558082_13.051936,2023-05-01,0.70168453,0.74658996
XGBoost,val,77.558082_13.110327,2023-05-01,0.49976915,0.5542022
XGBoost,val,77.558082_13.168717,2023-05-01,0.4889789,0.52362216
XGBoost,val,77.562574_12.876765,2023-05-01,0.6227764,0.6543231
XGBoost,val,77.562574_13.159734,2023-05-01,0.48913053,0.5243004
XGBoost,val,77.562574_13.173209,2023-05-01,0.48160002,0.52963763
XGBoost,val,77.567065_13.182192,2023-05-01,0.4843696,0.5351499
XGBoost,val,77.576048_12.742018,2023-05-01,0.74481016,0.7643277
XGBoost,val,77.58054_12.800408,2023-05-01,0.72484994,0.74919593
XGBoost,val,77.585031_13.137276,2023-05-01,0.47065216,0.49744037
XGBoost,val,77.589523_13.083377,2023-05-01,0.59755325,0.6395393
XGBoost,val,77.594015_13.087869,2023-05-01,0.609048,0.64759684
XGBoost,val,77.598506_13.128293,2023-05-01,0.5631393,0.6235343
XGBoost,val,77.602998_13.114818,2023-05-01,0.5749218,0.62415886
XGBoost,val,77.602998_13.11931,2023-05-01,0.5783299,0.6238467
XGBoost,val,77.602998_13.128293,2023-05-01,0.52038366,0.56579894
XGBoost,val,77.611981_13.168717,2023-05-01,0.41865402,0.44115552
XGBoost,val,77.611981_13.182192,2023-05-01,0.3600799,0.4091625
XGBoost,val,77.616473_13.141768,2023-05-01,0.44885522,0.48029187
XGBoost,val,77.616473_13.1777,2023-05-01,0.3810814,0.4084338
XGBoost,val,77.620964_13.132785,2023-05-01,0.5392911,0.5912053
XGBoost,val,77.625456_13.065411,2023-05-01,0.40267044,0.42706817
XGBoost,val,77.625456_13.128293,2023-05-01,0.5443456,0.58668715
XGBoost,val,77.625456_13.137276,2023-05-01,0.44441155,0.4598241
XGBoost,val,77.625456_13.155243,2023-05-01,0.64819235,0.6672459
XGBoost,val,77.625456_13.182192,2023-05-01,0.45632118,0.4643531
XGBoost,val,77.629947_13.06092,2023-05-01,0.43219814,0.4540041
XGBoost,val,77.634439_13.083377,2023-05-01,0.40634486,0.4363516
XGBoost,val,77.634439_13.137276,2023-05-01,0.4161318,0.4378032
XGBoost,val,77.63893_13.083377,2023-05-01,0.40373814,0.43198246
XGBoost,val,77.63893_13.1777,2023-05-01,0.44259757,0.46803334
XGBoost,val,77.643422_13.164226,2023-05-01,0.57754374,0.6270868
XGBoost,val,77.647914_13.141768,2023-05-01,0.6752958,0.70807076
XGBoost,val,77.647914_13.168717,2023-05-01,0.71799314,0.7567271
XGBoost,val,77.656897_13.101344,2023-05-01,0.4709989,0.5104288
XGBoost,val,77.656897_13.164226,2023-05-01,0.45705673,0.47721758
XGBoost,val,77.656897_13.173209,2023-05-01,0.41969433,0.42082453
XGBoost,val,77.661388_13.056428,2023-05-01,0.4589902,0.48812842
XGBoost,val,77.661388_13.074394,2023-05-01,0.5444619,0.5794846
XGBoost,val,77.661388_13.087869,2023-05-01,0.43766296,0.46080333
XGBoost,val,77.661388_13.101344,2023-05-01,0.44479647,0.47603878
XGBoost,val,77.661388_13.11931,2023-05-01,0.58583474,0.63283646
XGBoost,val,77.66588_12.953122,2023-05-01,0.5540552,0.60754853
XGBoost,val,77.66588_13.051936,2023-05-01,0.5121692,0.5379069
XGBoost,val,77.66588_13.173209,2023-05-01,0.4056374,0.42132223
XGBoost,val,77.670371_13.069903,2023-05-01,0.42775816,0.440374
XGBoost,val,77.670371_13.083377,2023-05-01,0.3932693,0.41610852
XGBoost,val,77.670371_13.092361,2023-05-01,0.39302808,0.41302603
XGBoost,val,77.670371_13.128293,2023-05-01,0.5068461,0.5361171
XGBoost,val,77.674863_13.069903,2023-05-01,0.39059052,0.41839963
XGBoost,val,77.674863_13.092361,2023-05-01,0.43973094,0.45963442
XGBoost,val,77.674863_13.105835,2023-05-01,0.4840735,0.5272206
XGBoost,val,77.679355_13.074394,2023-05-01,0.4347831,0.46363991
XGBoost,val,77.679355_13.101344,2023-05-01,0.45950627,0.47461748
XGBoost,val,77.679355_13.159734,2023-05-01,0.44284788,0.45973963
XGBoost,val,77.683846_13.06092,2023-05-01,0.46034068,0.47336647
XGBoost,val,77.683846_13.11931,2023-05-01,0.37791544,0.40846863
XGBoost,val,77.683846_13.123802,2023-05-01,0.44046417,0.45685655
XGBoost,val,77.688338_12.966596,2023-05-01,0.5676483,0.61529034
XGBoost,val,77.692829_13.06092,2023-05-01,0.5833556,0.6240314
XGBoost,val,77.692829_13.065411,2023-05-01,0.55912066,0.58349574
XGBoost,val,77.692829_13.083377,2023-05-01,0.40389195,0.4285895
XGBoost,val,77.692829_13.096852,2023-05-01,0.39892045,0.42925885
XGBoost,val,77.692829_13.132785,2023-05-01,0.3953169,0.4325183
XGBoost,val,77.697321_12.894731,2023-05-01,0.48876688,0.5134908
XGBoost,val,77.697321_13.132785,2023-05-01,0.40437543,0.42084944
XGBoost,val,77.701812_12.984563,2023-05-01,0.4701505,0.49655706
XGBoost,val,77.701812_13.114818,2023-05-01,0.49909014,0.52731645
XGBoost,val,77.706304_13.042953,2023-05-01,0.5063941,0.5425289
XGBoost,val,77.710796_12.899223,2023-05-01,0.5096758,0.5390257
XGBoost,val,77.710796_12.912697,2023-05-01,0.43756533,0.457379
XGBoost,val,77.710796_13.11931,2023-05-01,0.4356506,0.45852807
XGBoost,val,77.710796_13.123802,2023-05-01,0.41065314,0.4216828
XGBoost,val,77.710796_13.132785,2023-05-01,0.46936166,0.48857304
XGBoost,val,77.710796_13.173209,2023-05-01,0.50117576,0.5309913
XGBoost,val,77.715287_13.029478,2023-05-01,0.376659,0.41997302
XGBoost,val,77.715287_13.051936,2023-05-01,0.50668967,0.543448
XGBoost,val,77.715287_13.056428,2023-05-01,0.41791874,0.43529388
XGBoost,val,77.715287_13.096852,2023-05-01,0.34807274,0.39572838
XGBoost,val,77.715287_13.128293,2023-05-01,0.47344014,0.49107894
XGBoost,val,77.719779_13.069903,2023-05-01,0.40543875,0.43067217
XGBoost,val,77.719779_13.123802,2023-05-01,0.4192274,0.4416399
XGBoost,val,77.719779_13.155243,2023-05-01,0.41595683,0.44000983
XGBoost,val,77.72427_13.06092,2023-05-01,0.41894257,0.44056186
XGBoost,val,77.72427_13.074394,2023-05-01,0.4414245,0.46920264
XGBoost,val,77.728762_13.047445,2023-05-01,0.48953477,0.51967883
XGBoost,val,77.728762_13.092361,2023-05-01,0.46657142,0.4704945
XGBoost,val,77.733253_13.056428,2023-05-01,0.37384918,0.40874666
XGBoost,val,77.737745_13.051936,2023-05-01,0.3936152,0.4123353
XGBoost,val,77.737745_13.06092,2023-05-01,0.42513138,0.44757718
XGBoost,val,77.737745_13.078886,2023-05-01,0.4511591,0.47835404
XGBoost,val,77.737745_13.101344,2023-05-01,0.3821947,0.4076459
XGBoost,val,77.742237_12.980071,2023-05-01,0.5162769,0.55206716
XGBoost,val,77.742237_13.016004,2023-05-01,0.53832126,0.5844537
XGBoost,val,77.742237_13.038462,2023-05-01,0.40716362,0.4158063
XGBoost,val,77.742237_13.074394,2023-05-01,0.37914953,0.40418825
XGBoost,val,77.742237_13.101344,2023-05-01,0.4177207,0.43458465
XGBoost,val,77.746728_12.97558,2023-05-01,0.54453474,0.584033
XGBoost,val,77.746728_12.984563,2023-05-01,0.52251995,0.56453174
XGBoost,val,77.746728_13.016004,2023-05-01,0.5753844,0.60683644
XGBoost,val,77.746728_13.020495,2023-05-01,0.6133055,0.6412575
XGBoost,val,77.746728_13.024987,2023-05-01,0.48872563,0.52976644
XGBoost,val,77.746728_13.038462,2023-05-01,0.4071959,0.4228052
XGBoost,val,77.746728_13.06092,2023-05-01,0.34963003,0.397078
XGBoost,val,77.75122_12.993546,2023-05-01,0.46362332,0.476796
XGBoost,val,77.75122_13.020495,2023-05-01,0.5181334,0.55329496
XGBoost,val,77.75122_13.03397,2023-05-01,0.4413725,0.4670156
XGBoost,val,77.75122_13.038462,2023-05-01,0.3672494,0.40682504
XGBoost,val,77.755711_12.926172,2023-05-01,0.49849468,0.54300493
XGBoost,val,77.760203_12.984563,2023-05-01,0.5228403,0.5567208
XGBoost,val,77.764695_13.03397,2023-05-01,0.36053503,0.4108349
XGBoost,val,77.769186_13.016004,2023-05-01,0.43933204,0.47038117
XGBoost,val,77.796136_12.885748,2023-05-01,0.49587694,0.5275657
XGBoost,val,77.800627_12.885748,2023-05-01,0.46004623,0.47251603
XGBoost,val,77.805119_12.89024,2023-05-01,0.47854975,0.50547117
XGBoost,val,77.329012_12.944139,2023-06-01,0.4613028,0.4821991
XGBoost,val,77.329012_12.962105,2023-06-01,0.738279,0.7637641
XGBoost,val,77.342486_12.944139,2023-06-01,0.7042097,0.73806006
XGBoost,val,77.351469_12.89024,2023-06-01,0.5544722,0.59086955
XGBoost,val,77.355961_12.899223,2023-06-01,0.54823494,0.59643865
XGBoost,val,77.355961_12.94863,2023-06-01,0.45177704,0.47885463
XGBoost,val,77.360453_12.867782,2023-06-01,0.40100467,0.42897764
XGBoost,val,77.364944_12.854307,2023-06-01,0.4232019,0.4601798
XGBoost,val,77.364944_12.962105,2023-06-01,0.4310857,0.45465353
XGBoost,val,77.369436_12.881256,2023-06-01,0.43613824,0.4735881
XGBoost,val,77.369436_12.89024,2023-06-01,0.42128813,0.4432397
XGBoost,val,77.369436_12.998037,2023-06-01,0.39838642,0.4346698
XGBoost,val,77.369436_13.007021,2023-06-01,0.4764219,0.5127759
XGBoost,val,77.373927_12.971088,2023-06-01,0.44049373,0.4673371
XGBoost,val,77.378419_12.966596,2023-06-01,0.4297254,0.4597088
XGBoost,val,77.382911_12.953122,2023-06-01,0.42693338,0.44997388
XGBoost,val,77.382911_12.957613,2023-06-01,0.4272373,0.4553354
XGBoost,val,77.387402_12.962105,2023-06-01,0.4028376,0.42837533
XGBoost,val,77.387402_12.97558,2023-06-01,0.46853155,0.48909768
XGBoost,val,77.387402_12.980071,2023-06-01,0.45869198,0.48009893
XGBoost,val,77.391894_12.867782,2023-06-01,0.493474,0.54396
XGBoost,val,77.391894_12.881256,2023-06-01,0.45234063,0.48192382
XGBoost,val,77.391894_12.885748,2023-06-01,0.49745402,0.53303957
XGBoost,val,77.396385_12.894731,2023-06-01,0.4835348,0.5228616
XGBoost,val,77.396385_12.908206,2023-06-01,0.4047294,0.43701145
XGBoost,val,77.396385_12.971088,2023-06-01,0.41337305,0.43143284
XGBoost,val,77.396385_13.029478,2023-06-01,0.36445606,0.39970654
XGBoost,val,77.400877_13.029478,2023-06-01,0.34811884,0.38727558
XGBoost,val,77.405368_12.881256,2023-06-01,0.38438803,0.4237592
XGBoost,val,77.405368_12.89024,2023-06-01,0.38540456,0.43002525
XGBoost,val,77.405368_12.903714,2023-06-01,0.3603602,0.38925186
XGBoost,val,77.405368_12.930664,2023-06-01,0.531828,0.5628515
XGBoost,val,77.405368_13.105835,2023-06-01,0.39575243,0.43951333
XGBoost,val,77.405368_13.11931,2023-06-01,0.3736601,0.41223234
XGBoost,val,77.40986_12.872273,2023-06-01,0.36278376,0.39892274
XGBoost,val,77.40986_12.881256,2023-06-01,0.32903567,0.37681726
XGBoost,val,77.414352_12.930664,2023-06-01,0.46582407,0.47905537
XGBoost,val,77.414352_12.989054,2023-06-01,0.37258685,0.4035662
XGBoost,val,77.414352_13.096852,2023-06-01,0.3702909,0.40691084
XGBoost,val,77.414352_13.11931,2023-06-01,0.39937413,0.43164492
XGBoost,val,77.418843_12.876765,2023-06-01,0.36221248,0.39906934
XGBoost,val,77.418843_12.89024,2023-06-01,0.40709156,0.43213478
XGBoost,val,77.418843_12.94863,2023-06-01,0.4382639,0.46899766
XGBoost,val,77.418843_12.971088,2023-06-01,0.39737704,0.42317036
XGBoost,val,77.418843_13.016004,2023-06-01,0.37815052,0.41469836
XGBoost,val,77.418843_13.146259,2023-06-01,0.34732574,0.3806506
XGBoost,val,77.423335_12.921681,2023-06-01,0.43939057,0.46036443
XGBoost,val,77.423335_12.930664,2023-06-01,0.43111643,0.45585483
XGBoost,val,77.423335_13.002529,2023-06-01,0.4934999,0.5273478
XGBoost,val,77.423335_13.092361,2023-06-01,0.31478736,0.3666973
XGBoost,val,77.423335_13.141768,2023-06-01,0.43086836,0.44952515
XGBoost,val,77.423335_13.150751,2023-06-01,0.32127798,0.3719714
XGBoost,val,77.427826_12.845324,2023-06-01,0.31918946,0.36099824
XGBoost,val,77.427826_12.858799,2023-06-01,0.35772467,0.38965148
XGBoost,val,77.427826_12.930664,2023-06-01,0.44788635,0.47139418
XGBoost,val,77.427826_12.939647,2023-06-01,0.38945556,0.40799472
XGBoost,val,77.427826_12.944139,2023-06-01,0.37223434,0.41154075
XGBoost,val,77.427826_13.020495,2023-06-01,0.36477318,0.41239655
XGBoost,val,77.427826_13.024987,2023-06-01,0.39521396,0.42144895
XGBoost,val,77.427826_13.110327,2023-06-01,0.40830737,0.4362121
XGBoost,val,77.427826_13.132785,2023-06-01,0.49938804,0.53608984
XGBoost,val,77.432318_12.858799,2023-06-01,0.3793297,0.41880968
XGBoost,val,77.432318_12.86329,2023-06-01,0.3791716,0.41787112
XGBoost,val,77.432318_12.867782,2023-06-01,0.37792253,0.41736588
XGBoost,val,77.432318_12.881256,2023-06-01,0.42589015,0.45058268
XGBoost,val,77.432318_12.957613,2023-06-01,0.40827096,0.43585
XGBoost,val,77.432318_12.998037,2023-06-01,0.36405435,0.40329722
XGBoost,val,77.432318_13.087869,2023-06-01,0.4462968,0.47349212
XGBoost,val,77.432318_13.092361,2023-06-01,0.382934,0.42078045
XGBoost,val,77.436809_12.818374,2023-06-01,0.50581443,0.5535095
XGBoost,val,77.436809_12.840832,2023-06-01,0.46208504,0.48238882
XGBoost,val,77.436809_12.854307,2023-06-01,0.36708584,0.4193273
XGBoost,val,77.436809_12.912697,2023-06-01,0.5327046,0.572198
XGBoost,val,77.436809_12.926172,2023-06-01,0.44336504,0.48034802
XGBoost,val,77.436809_12.944139,2023-06-01,0.40082496,0.43407956
XGBoost,val,77.441301_12.818374,2023-06-01,0.5082349,0.55661625
XGBoost,val,77.441301_12.831849,2023-06-01,0.43518123,0.45024058
XGBoost,val,77.441301_12.836341,2023-06-01,0.46934995,0.48265317
XGBoost,val,77.441301_12.840832,2023-06-01,0.4598782,0.48114488
XGBoost,val,77.441301_12.944139,2023-06-01,0.47046116,0.49240682
XGBoost,val,77.441301_12.94863,2023-06-01,0.4408345,0.46106857
XGBoost,val,77.441301_13.083377,2023-06-01,0.44569045,0.48403382
XGBoost,val,77.441301_13.110327,2023-06-01,0.4174708,0.44845277
XGBoost,val,77.445793_12.840832,2023-06-01,0.5059719,0.5458407
XGBoost,val,77.445793_12.86329,2023-06-01,0.55794394,0.5959448
XGBoost,val,77.445793_12.867782,2023-06-01,0.54196596,0.5707126
XGBoost,val,77.445793_12.912697,2023-06-01,0.4205884,0.45006016
XGBoost,val,77.445793_12.957613,2023-06-01,0.4744124,0.4839083
XGBoost,val,77.450284_12.809391,2023-06-01,0.45160794,0.48558578
XGBoost,val,77.450284_12.872273,2023-06-01,0.52398163,0.5432234
XGBoost,val,77.450284_12.89024,2023-06-01,0.48559588,0.53942114
XGBoost,val,77.450284_12.971088,2023-06-01,0.43095103,0.47143644
XGBoost,val,77.450284_12.993546,2023-06-01,0.33656165,0.37206963
XGBoost,val,77.450284_13.029478,2023-06-01,0.42886412,0.45727062
XGBoost,val,77.450284_13.047445,2023-06-01,0.40114024,0.4443523
XGBoost,val,77.450284_13.146259,2023-06-01,0.50099295,0.5467136
XGBoost,val,77.454776_12.809391,2023-06-01,0.44230533,0.47192
XGBoost,val,77.454776_12.885748,2023-06-01,0.46670142,0.48840114
XGBoost,val,77.454776_12.980071,2023-06-01,0.37416494,0.40968767
XGBoost,val,77.454776_12.993546,2023-06-01,0.380846,0.41863757
XGBoost,val,77.454776_13.114818,2023-06-01,0.49189806,0.5263163
XGBoost,val,77.454776_13.141768,2023-06-01,0.5011175,0.54751486
XGBoost,val,77.459267_12.8049,2023-06-01,0.5835391,0.64643043
XGBoost,val,77.459267_12.822866,2023-06-01,0.47616783,0.505685
XGBoost,val,77.459267_12.845324,2023-06-01,0.48139662,0.52185166
XGBoost,val,77.459267_12.872273,2023-06-01,0.46084958,0.50148135
XGBoost,val,77.459267_12.903714,2023-06-01,0.4001518,0.43525615
XGBoost,val,77.459267_12.926172,2023-06-01,0.45724636,0.4821021
XGBoost,val,77.459267_12.97558,2023-06-01,0.38505054,0.4226743
XGBoost,val,77.459267_13.016004,2023-06-01,0.37788957,0.4148903
XGBoost,val,77.459267_13.020495,2023-06-01,0.35872373,0.38914484
XGBoost,val,77.459267_13.11931,2023-06-01,0.4382458,0.47557896
XGBoost,val,77.463759_12.813883,2023-06-01,0.4461584,0.48365256
XGBoost,val,77.463759_12.836341,2023-06-01,0.47078457,0.5321775
XGBoost,val,77.463759_12.86329,2023-06-01,0.5392727,0.5682972
XGBoost,val,77.463759_12.867782,2023-06-01,0.50422823,0.55203146
XGBoost,val,77.463759_12.872273,2023-06-01,0.45893115,0.49444896
XGBoost,val,77.463759_12.881256,2023-06-01,0.53760725,0.579396
XGBoost,val,77.463759_12.885748,2023-06-01,0.5715266,0.61278105
XGBoost,val,77.463759_12.894731,2023-06-01,0.4454628,0.48308185
XGBoost,val,77.463759_12.899223,2023-06-01,0.47612864,0.5094827
XGBoost,val,77.463759_12.917189,2023-06-01,0.39528704,0.4485916
XGBoost,val,77.463759_12.953122,2023-06-01,0.7437959,0.7766795
XGBoost,val,77.463759_13.03397,2023-06-01,0.3560707,0.39463377
XGBoost,val,77.463759_13.078886,2023-06-01,0.50697684,0.5528821
XGBoost,val,77.46825_12.827358,2023-06-01,0.39504153,0.43508452
XGBoost,val,77.46825_12.836341,2023-06-01,0.49197796,0.5386523
XGBoost,val,77.46825_12.894731,2023-06-01,0.4202654,0.45262045
XGBoost,val,77.46825_12.94863,2023-06-01,0.50408137,0.5492804
XGBoost,val,77.46825_12.953122,2023-06-01,0.43675455,0.4562916
XGBoost,val,77.46825_12.966596,2023-06-01,0.44225276,0.48364702
XGBoost,val,77.46825_13.007021,2023-06-01,0.36474925,0.4034185
XGBoost,val,77.46825_13.114818,2023-06-01,0.4866332,0.5131274
XGBoost,val,77.46825_13.150751,2023-06-01,0.39138556,0.42811853
XGBoost,val,77.46825_13.1777,2023-06-01,0.45276648,0.4805963
XGBoost,val,77.472742_12.746509,2023-06-01,0.541249,0.60064715
XGBoost,val,77.472742_12.751001,2023-06-01,0.4984887,0.5479448
XGBoost,val,77.472742_12.755492,2023-06-01,0.5116959,0.55911463
XGBoost,val,77.472742_12.795916,2023-06-01,0.4996011,0.5382463
XGBoost,val,77.472742_12.836341,2023-06-01,0.48174775,0.5083657
XGBoost,val,77.472742_12.984563,2023-06-01,0.4224391,0.45385078
XGBoost,val,77.472742_13.087869,2023-06-01,0.4332288,0.4661153
XGBoost,val,77.477234_12.764475,2023-06-01,0.48100376,0.5356944
XGBoost,val,77.477234_12.782442,2023-06-01,0.46681747,0.49354538
XGBoost,val,77.477234_12.840832,2023-06-01,0.5053828,0.54522187
XGBoost,val,77.477234_12.944139,2023-06-01,0.45981467,0.493819
XGBoost,val,77.477234_12.94863,2023-06-01,0.48211306,0.52839357
XGBoost,val,77.477234_12.971088,2023-06-01,0.49029595,0.54198426
XGBoost,val,77.477234_13.002529,2023-06-01,0.36772767,0.41282997
XGBoost,val,77.477234_13.056428,2023-06-01,0.41775647,0.45066234
XGBoost,val,77.481725_12.737526,2023-06-01,0.48032948,0.5373182
XGBoost,val,77.481725_12.768967,2023-06-01,0.50382274,0.56479746
XGBoost,val,77.481725_12.831849,2023-06-01,0.45158738,0.4886552
XGBoost,val,77.481725_12.89024,2023-06-01,0.51359296,0.5494587
XGBoost,val,77.481725_12.894731,2023-06-01,0.44694042,0.48549825
XGBoost,val,77.481725_12.944139,2023-06-01,0.47435388,0.50224423
XGBoost,val,77.481725_12.971088,2023-06-01,0.3891218,0.43774068
XGBoost,val,77.481725_12.980071,2023-06-01,0.47279754,0.508887
XGBoost,val,77.481725_13.03397,2023-06-01,0.42037427,0.45551968
XGBoost,val,77.481725_13.096852,2023-06-01,0.5631303,0.6070089
XGBoost,val,77.481725_13.137276,2023-06-01,0.7407719,0.760129
XGBoost,val,77.486217_12.764475,2023-06-01,0.46419188,0.5201
XGBoost,val,77.486217_12.872273,2023-06-01,0.4575702,0.48984537
XGBoost,val,77.486217_12.939647,2023-06-01,0.4909893,0.5369492
XGBoost,val,77.486217_13.042953,2023-06-01,0.50718987,0.55333734
XGBoost,val,77.486217_13.114818,2023-06-01,0.48007515,0.510101
XGBoost,val,77.486217_13.11931,2023-06-01,0.49617922,0.52887833
XGBoost,val,77.490708_12.768967,2023-06-01,0.47265166,0.52395904
XGBoost,val,77.490708_12.8049,2023-06-01,0.50875354,0.548009
XGBoost,val,77.490708_12.849815,2023-06-01,0.48675647,0.53586686
XGBoost,val,77.490708_12.89024,2023-06-01,0.4753378,0.48887375
XGBoost,val,77.490708_13.051936,2023-06-01,0.5916637,0.63388026
XGBoost,val,77.490708_13.092361,2023-06-01,0.5258701,0.55350655
XGBoost,val,77.490708_13.096852,2023-06-01,0.5535625,0.5965949
XGBoost,val,77.490708_13.182192,2023-06-01,0.44482863,0.47903153
XGBoost,val,77.490708_13.209142,2023-06-01,0.40232876,0.4257916
XGBoost,val,77.4952_12.786933,2023-06-01,0.45004052,0.4864274
XGBoost,val,77.4952_12.836341,2023-06-01,0.4717685,0.49965334
XGBoost,val,77.4952_12.899223,2023-06-01,0.5340393,0.5693549
XGBoost,val,77.4952_12.962105,2023-06-01,0.5327997,0.57105005
XGBoost,val,77.4952_13.092361,2023-06-01,0.5219168,0.5466479
XGBoost,val,77.4952_13.182192,2023-06-01,0.45379713,0.4838495
XGBoost,val,77.499692_12.755492,2023-06-01,0.5688677,0.6286012
XGBoost,val,77.499692_12.858799,2023-06-01,0.59917897,0.65420127
XGBoost,val,77.499692_12.899223,2023-06-01,0.50910026,0.5458204
XGBoost,val,77.499692_13.114818,2023-06-01,0.50794154,0.54517895
XGBoost,val,77.499692_13.168717,2023-06-01,0.45677334,0.48540172
XGBoost,val,77.504183_12.764475,2023-06-01,0.5510001,0.5911827
XGBoost,val,77.504183_12.786933,2023-06-01,0.52920055,0.5662404
XGBoost,val,77.504183_12.818374,2023-06-01,0.4963267,0.5566749
XGBoost,val,77.504183_12.854307,2023-06-01,0.49857202,0.5405606
XGBoost,val,77.504183_12.858799,2023-06-01,0.6036333,0.66440034
XGBoost,val,77.504183_12.953122,2023-06-01,0.5464617,0.5713492
XGBoost,val,77.504183_13.083377,2023-06-01,0.58027124,0.6274709
XGBoost,val,77.504183_13.141768,2023-06-01,0.49736646,0.50484353
XGBoost,val,77.504183_13.159734,2023-06-01,0.5121931,0.5523105
XGBoost,val,77.504183_13.195667,2023-06-01,0.39259574,0.4217087
XGBoost,val,77.508675_12.751001,2023-06-01,0.6249781,0.66716963
XGBoost,val,77.508675_12.795916,2023-06-01,0.56084406,0.60232157
XGBoost,val,77.508675_12.831849,2023-06-01,0.5267847,0.56785655
XGBoost,val,77.508675_12.836341,2023-06-01,0.5690674,0.61113495
XGBoost,val,77.508675_12.845324,2023-06-01,0.5245399,0.5741509
XGBoost,val,77.508675_12.903714,2023-06-01,0.42797822,0.4603934
XGBoost,val,77.508675_12.917189,2023-06-01,0.49885824,0.54719216
XGBoost,val,77.508675_13.114818,2023-06-01,0.43248808,0.46707806
XGBoost,val,77.508675_13.137276,2023-06-01,0.43849656,0.4684089
XGBoost,val,77.508675_13.159734,2023-06-01,0.5267712,0.5681002
XGBoost,val,77.508675_13.191175,2023-06-01,0.38292262,0.42640346
XGBoost,val,77.513166_12.746509,2023-06-01,0.7365374,0.78319275
XGBoost,val,77.513166_12.764475,2023-06-01,0.5043643,0.55660695
XGBoost,val,77.513166_12.77795,2023-06-01,0.6309144,0.66374856
XGBoost,val,77.513166_12.822866,2023-06-01,0.6202124,0.66790044
XGBoost,val,77.513166_12.908206,2023-06-01,0.42447686,0.45200175
XGBoost,val,77.513166_13.087869,2023-06-01,0.5757596,0.62817544
XGBoost,val,77.513166_13.096852,2023-06-01,0.61918646,0.66928416
XGBoost,val,77.513166_13.137276,2023-06-01,0.39268798,0.4261144
XGBoost,val,77.513166_13.1777,2023-06-01,0.4134065,0.44841412
XGBoost,val,77.517658_12.764475,2023-06-01,0.59426975,0.6384011
XGBoost,val,77.517658_12.77795,2023-06-01,0.579027,0.62920886
XGBoost,val,77.517658_12.782442,2023-06-01,0.58818,0.6293101
XGBoost,val,77.517658_12.795916,2023-06-01,0.556519,0.60699815
XGBoost,val,77.517658_12.827358,2023-06-01,0.5220407,0.5685836
XGBoost,val,77.517658_12.849815,2023-06-01,0.5026878,0.5403225
XGBoost,val,77.517658_12.885748,2023-06-01,0.52492285,0.5608165
XGBoost,val,77.517658_12.89024,2023-06-01,0.5129729,0.54749906
XGBoost,val,77.517658_12.899223,2023-06-01,0.5303809,0.56362176
XGBoost,val,77.517658_12.998037,2023-06-01,0.5783854,0.6255217
XGBoost,val,77.517658_13.11931,2023-06-01,0.38181326,0.41667518
XGBoost,val,77.517658_13.182192,2023-06-01,0.42455307,0.46011558
XGBoost,val,77.517658_13.186684,2023-06-01,0.4483314,0.48004115
XGBoost,val,77.517658_13.191175,2023-06-01,0.39145216,0.42930415
XGBoost,val,77.522149_12.751001,2023-06-01,0.6543304,0.7102166
XGBoost,val,77.522149_12.755492,2023-06-01,0.6303641,0.6718214
XGBoost,val,77.522149_12.759984,2023-06-01,0.66467774,0.7012022
XGBoost,val,77.522149_12.782442,2023-06-01,0.61333704,0.65316373
XGBoost,val,77.522149_12.809391,2023-06-01,0.77469146,0.79921085
XGBoost,val,77.522149_12.813883,2023-06-01,0.48628035,0.536739
XGBoost,val,77.522149_12.818374,2023-06-01,0.46164438,0.48885742
XGBoost,val,77.522149_12.836341,2023-06-01,0.5304221,0.56911385
XGBoost,val,77.522149_12.845324,2023-06-01,0.54322815,0.57686824
XGBoost,val,77.522149_13.078886,2023-06-01,0.6008061,0.6525173
XGBoost,val,77.522149_13.146259,2023-06-01,0.35388848,0.40222302
XGBoost,val,77.522149_13.200158,2023-06-01,0.45203426,0.4872946
XGBoost,val,77.526641_12.751001,2023-06-01,0.6586708,0.6843705
XGBoost,val,77.526641_12.840832,2023-06-01,0.60176414,0.64243835
XGBoost,val,77.526641_12.89024,2023-06-01,0.6441479,0.67672455
XGBoost,val,77.526641_12.899223,2023-06-01,0.5684502,0.6241554
XGBoost,val,77.526641_13.078886,2023-06-01,0.58705616,0.64226466
XGBoost,val,77.526641_13.105835,2023-06-01,0.4114049,0.44898123
XGBoost,val,77.526641_13.110327,2023-06-01,0.390075,0.4355358
XGBoost,val,77.531133_12.791425,2023-06-01,0.50841016,0.5769216
XGBoost,val,77.531133_12.795916,2023-06-01,0.57038426,0.6217963
XGBoost,val,77.531133_12.800408,2023-06-01,0.5649429,0.60375226
XGBoost,val,77.531133_12.822866,2023-06-01,0.51349515,0.5591614
XGBoost,val,77.531133_12.827358,2023-06-01,0.53373224,0.5762063
XGBoost,val,77.531133_12.894731,2023-06-01,0.4997095,0.54655564
XGBoost,val,77.531133_13.083377,2023-06-01,0.56139016,0.6184647
XGBoost,val,77.531133_13.114818,2023-06-01,0.4007379,0.43567935
XGBoost,val,77.531133_13.195667,2023-06-01,0.48110947,0.52387947
XGBoost,val,77.535624_12.77795,2023-06-01,0.73865193,0.7741082
XGBoost,val,77.535624_12.822866,2023-06-01,0.6588288,0.7019696
XGBoost,val,77.535624_12.872273,2023-06-01,0.41581663,0.45193475
XGBoost,val,77.535624_12.899223,2023-06-01,0.4748937,0.5016162
XGBoost,val,77.535624_13.069903,2023-06-01,0.6937734,0.7390168
XGBoost,val,77.535624_13.083377,2023-06-01,0.54013586,0.60611004
XGBoost,val,77.535624_13.096852,2023-06-01,0.45075092,0.48337233
XGBoost,val,77.535624_13.114818,2023-06-01,0.43973872,0.47826663
XGBoost,val,77.535624_13.132785,2023-06-01,0.46450004,0.49256635
XGBoost,val,77.535624_13.137276,2023-06-01,0.3855984,0.43379238
XGBoost,val,77.535624_13.195667,2023-06-01,0.39176995,0.41691157
XGBoost,val,77.540116_12.77795,2023-06-01,0.5684501,0.6212315
XGBoost,val,77.540116_13.042953,2023-06-01,0.5632941,0.6232631
XGBoost,val,77.540116_13.074394,2023-06-01,0.5912745,0.6385765
XGBoost,val,77.540116_13.092361,2023-06-01,0.40724462,0.4420134
XGBoost,val,77.540116_13.101344,2023-06-01,0.40456882,0.4379367
XGBoost,val,77.540116_13.105835,2023-06-01,0.4255205,0.46526897
XGBoost,val,77.540116_13.114818,2023-06-01,0.42493457,0.45377168
XGBoost,val,77.540116_13.132785,2023-06-01,0.4346615,0.47375968
XGBoost,val,77.540116_13.155243,2023-06-01,0.48541087,0.5392498
XGBoost,val,77.540116_13.182192,2023-06-01,0.40354773,0.4336796
XGBoost,val,77.544607_12.831849,2023-06-01,0.7294975,0.753656
XGBoost,val,77.544607_13.218125,2023-06-01,0.45864108,0.49767223
XGBoost,val,77.549099_12.822866,2023-06-01,0.744651,0.7818874
XGBoost,val,77.549099_12.831849,2023-06-01,0.63515973,0.66796446
XGBoost,val,77.549099_12.836341,2023-06-01,0.6150141,0.652769
XGBoost,val,77.549099_12.845324,2023-06-01,0.61527973,0.6644729
XGBoost,val,77.549099_12.867782,2023-06-01,0.5400478,0.591494
XGBoost,val,77.549099_12.876765,2023-06-01,0.49716347,0.54475296
XGBoost,val,77.549099_12.894731,2023-06-01,0.6116253,0.66364324
XGBoost,val,77.549099_13.132785,2023-06-01,0.6205322,0.6716369
XGBoost,val,77.55359_12.71956,2023-06-01,0.7530827,0.77804494
XGBoost,val,77.55359_12.849815,2023-06-01,0.58686936,0.63836604
XGBoost,val,77.55359_12.872273,2023-06-01,0.47984126,0.5317466
XGBoost,val,77.55359_13.110327,2023-06-01,0.4756961,0.5270481
XGBoost,val,77.55359_13.128293,2023-06-01,0.59694684,0.65488815
XGBoost,val,77.55359_13.168717,2023-06-01,0.4709921,0.5243197
XGBoost,val,77.55359_13.173209,2023-06-01,0.39182022,0.4353481
XGBoost,val,77.558082_12.710577,2023-06-01,0.76083916,0.7928196
XGBoost,val,77.558082_12.827358,2023-06-01,0.68871903,0.7236559
XGBoost,val,77.558082_12.845324,2023-06-01,0.6660869,0.7016343
XGBoost,val,77.558082_13.042953,2023-06-01,0.64944583,0.6821863
XGBoost,val,77.558082_13.110327,2023-06-01,0.4943005,0.5486476
XGBoost,val,77.558082_13.168717,2023-06-01,0.48012573,0.5314171
XGBoost,val,77.558082_13.1777,2023-06-01,0.44272786,0.47769624
XGBoost,val,77.562574_12.71956,2023-06-01,0.7557383,0.7826486
XGBoost,val,77.562574_12.827358,2023-06-01,0.69067967,0.72748464
XGBoost,val,77.562574_12.858799,2023-06-01,0.4273139,0.45628095
XGBoost,val,77.562574_12.872273,2023-06-01,0.57982564,0.6277668
XGBoost,val,77.562574_12.876765,2023-06-01,0.59698397,0.6547799
XGBoost,val,77.562574_13.141768,2023-06-01,0.42242503,0.45713833
XGBoost,val,77.562574_13.159734,2023-06-01,0.4815435,0.5183878
XGBoost,val,77.562574_13.173209,2023-06-01,0.4773765,0.511587
XGBoost,val,77.567065_12.724051,2023-06-01,0.71960557,0.7577336
XGBoost,val,77.567065_12.849815,2023-06-01,0.66015565,0.70396
XGBoost,val,77.567065_13.114818,2023-06-01,0.64353275,0.6888733
XGBoost,val,77.567065_13.182192,2023-06-01,0.4814724,0.527266
XGBoost,val,77.571557_12.849815,2023-06-01,0.6591642,0.70584905
XGBoost,val,77.571557_13.141768,2023-06-01,0.4405962,0.4793434
XGBoost,val,77.571557_13.146259,2023-06-01,0.44993785,0.48614448
XGBoost,val,77.576048_12.728543,2023-06-01,0.7381276,0.7727399
XGBoost,val,77.576048_12.742018,2023-06-01,0.7093433,0.76240295
XGBoost,val,77.576048_12.813883,2023-06-01,0.7576507,0.78296995
XGBoost,val,77.576048_12.827358,2023-06-01,0.61242634,0.6624236
XGBoost,val,77.58054_12.845324,2023-06-01,0.6798529,0.7186911
XGBoost,val,77.58054_13.083377,2023-06-01,0.5072394,0.5537129
XGBoost,val,77.58054_13.087869,2023-06-01,0.4675173,0.5098165
XGBoost,val,77.585031_12.849815,2023-06-01,0.6794284,0.7137209
XGBoost,val,77.585031_13.042953,2023-06-01,0.68359286,0.7229083
XGBoost,val,77.585031_13.137276,2023-06-01,0.4574135,0.49455002
XGBoost,val,77.589523_12.71956,2023-06-01,0.8005373,0.81901205
XGBoost,val,77.589523_12.746509,2023-06-01,0.70028245,0.740187
XGBoost,val,77.589523_12.854307,2023-06-01,0.59381926,0.6540786
XGBoost,val,77.589523_12.971088,2023-06-01,0.74385154,0.777972
XGBoost,val,77.589523_13.083377,2023-06-01,0.58669925,0.6410351
XGBoost,val,77.589523_13.150751,2023-06-01,0.45292714,0.48248988
XGBoost,val,77.594015_12.724051,2023-06-01,0.80238676,0.81956637
XGBoost,val,77.594015_12.733034,2023-06-01,0.7782107,0.8126552
XGBoost,val,77.594015_12.755492,2023-06-01,0.67192537,0.7001171
XGBoost,val,77.594015_12.831849,2023-06-01,0.57441795,0.62718046
XGBoost,val,77.594015_12.836341,2023-06-01,0.6133023,0.6673804
XGBoost,val,77.594015_12.840832,2023-06-01,0.6247237,0.66893345
XGBoost,val,77.594015_12.849815,2023-06-01,0.6165041,0.6644737
XGBoost,val,77.594015_12.998037,2023-06-01,0.72852725,0.7779626
XGBoost,val,77.594015_13.087869,2023-06-01,0.5998736,0.6528067
XGBoost,val,77.598506_12.710577,2023-06-01,0.6740837,0.70462006
XGBoost,val,77.598506_12.822866,2023-06-01,0.5968152,0.654553
XGBoost,val,77.598506_12.849815,2023-06-01,0.7038877,0.74389356
XGBoost,val,77.598506_13.083377,2023-06-01,0.57675344,0.636995
XGBoost,val,77.598506_13.128293,2023-06-01,0.5553105,0.61422545
XGBoost,val,77.598506_13.141768,2023-06-01,0.42355287,0.4557713
XGBoost,val,77.598506_13.146259,2023-06-01,0.3925117,0.43462795
XGBoost,val,77.602998_12.710577,2023-06-01,0.69758517,0.7239981
XGBoost,val,77.602998_12.827358,2023-06-01,0.48812857,0.5326244
XGBoost,val,77.602998_12.849815,2023-06-01,0.55297905,0.5956035
XGBoost,val,77.602998_12.858799,2023-06-01,0.5552149,0.60042393
XGBoost,val,77.602998_13.114818,2023-06-01,0.56079745,0.6307081
XGBoost,val,77.602998_13.11931,2023-06-01,0.57118165,0.62904763
XGBoost,val,77.602998_13.128293,2023-06-01,0.5146066,0.55889505
XGBoost,val,77.602998_13.164226,2023-06-01,0.45641482,0.48496044
XGBoost,val,77.607489_12.768967,2023-06-01,0.60917604,0.66382706
XGBoost,val,77.607489_12.773459,2023-06-01,0.5774548,0.6323405
XGBoost,val,77.607489_12.809391,2023-06-01,0.6393998,0.6775672
XGBoost,val,77.607489_12.818374,2023-06-01,0.68763113,0.72883725
XGBoost,val,77.607489_13.087869,2023-06-01,0.71821123,0.7699475
XGBoost,val,77.611981_12.674644,2023-06-01,0.78590196,0.8036784
XGBoost,val,77.611981_12.768967,2023-06-01,0.5671852,0.6060708
XGBoost,val,77.611981_12.831849,2023-06-01,0.5504048,0.5812755
XGBoost,val,77.611981_12.867782,2023-06-01,0.5208874,0.557081
XGBoost,val,77.611981_12.953122,2023-06-01,0.7194834,0.771743
XGBoost,val,77.611981_13.168717,2023-06-01,0.40632534,0.4480756
XGBoost,val,77.611981_13.182192,2023-06-01,0.35650516,0.4029172
XGBoost,val,77.616473_12.831849,2023-06-01,0.62484616,0.6640419
XGBoost,val,77.616473_12.858799,2023-06-01,0.5103126,0.5499198
XGBoost,val,77.616473_13.114818,2023-06-01,0.56171715,0.6175996
XGBoost,val,77.616473_13.141768,2023-06-01,0.4431529,0.47956848
XGBoost,val,77.616473_13.1777,2023-06-01,0.37050903,0.41225433
XGBoost,val,77.620964_12.674644,2023-06-01,0.80103844,0.8096072
XGBoost,val,77.620964_12.795916,2023-06-01,0.43687952,0.46053535
XGBoost,val,77.620964_12.813883,2023-06-01,0.43543056,0.4724402
XGBoost,val,77.620964_12.845324,2023-06-01,0.65921247,0.6889932
XGBoost,val,77.620964_12.858799,2023-06-01,0.49145713,0.5220034
XGBoost,val,77.620964_13.132785,2023-06-01,0.5285425,0.57706636
XGBoost,val,77.625456_12.858799,2023-06-01,0.43823785,0.4655643
XGBoost,val,77.625456_13.065411,2023-06-01,0.38954645,0.43347448
XGBoost,val,77.625456_13.128293,2023-06-01,0.5332548,0.57571954
XGBoost,val,77.625456_13.137276,2023-06-01,0.4351935,0.4717095
XGBoost,val,77.625456_13.155243,2023-06-01,0.639552,0.6829395
XGBoost,val,77.625456_13.182192,2023-06-01,0.43511015,0.47164738
XGBoost,val,77.629947_12.795916,2023-06-01,0.7709239,0.7945661
XGBoost,val,77.629947_12.809391,2023-06-01,0.47888598,0.49233457
XGBoost,val,77.629947_12.836341,2023-06-01,0.5750192,0.6178282
XGBoost,val,77.629947_12.854307,2023-06-01,0.5044012,0.53983814
XGBoost,val,77.629947_12.858799,2023-06-01,0.47217858,0.48770365
XGBoost,val,77.629947_13.06092,2023-06-01,0.41721955,0.45320663
XGBoost,val,77.629947_13.087869,2023-06-01,0.43760154,0.47193715
XGBoost,val,77.629947_13.1777,2023-06-01,0.45053744,0.47824022
XGBoost,val,77.634439_12.679136,2023-06-01,0.7497848,0.80430764
XGBoost,val,77.634439_12.701593,2023-06-01,0.7055295,0.75780684
XGBoost,val,77.634439_12.733034,2023-06-01,0.48020768,0.50788033
XGBoost,val,77.634439_12.746509,2023-06-01,0.50973266,0.56099916
XGBoost,val,77.634439_12.751001,2023-06-01,0.5134289,0.5623461
XGBoost,val,77.634439_12.849815,2023-06-01,0.54072297,0.58278555
XGBoost,val,77.634439_13.047445,2023-06-01,0.472538,0.49872452
XGBoost,val,77.634439_13.083377,2023-06-01,0.4008378,0.44954735
XGBoost,val,77.634439_13.137276,2023-06-01,0.40542135,0.44031426
XGBoost,val,77.63893_12.688119,2023-06-01,0.6753418,0.7146076
XGBoost,val,77.63893_12.742018,2023-06-01,0.52710277,0.576274
XGBoost,val,77.63893_12.800408,2023-06-01,0.47771809,0.4928276
XGBoost,val,77.63893_12.818374,2023-06-01,0.4767378,0.49696192
XGBoost,val,77.63893_12.840832,2023-06-01,0.6233381,0.66724867
XGBoost,val,77.63893_12.872273,2023-06-01,0.40649983,0.44044346
XGBoost,val,77.63893_12.917189,2023-06-01,0.70657235,0.7421361
XGBoost,val,77.63893_12.989054,2023-06-01,0.6469817,0.68173665
XGBoost,val,77.63893_13.056428,2023-06-01,0.5137743,0.56318176
XGBoost,val,77.63893_13.078886,2023-06-01,0.42238083,0.4637772
XGBoost,val,77.63893_13.083377,2023-06-01,0.39747527,0.44003567
XGBoost,val,77.63893_13.1777,2023-06-01,0.43105373,0.4677381
XGBoost,val,77.643422_12.795916,2023-06-01,0.46815452,0.50265574
XGBoost,val,77.643422_12.800408,2023-06-01,0.48334396,0.5018387
XGBoost,val,77.643422_12.809391,2023-06-01,0.5005857,0.53650945
XGBoost,val,77.643422_12.867782,2023-06-01,0.4690506,0.48858908
XGBoost,val,77.643422_13.002529,2023-06-01,0.5309324,0.5710115
XGBoost,val,77.643422_13.038462,2023-06-01,0.51414883,0.5633253
XGBoost,val,77.643422_13.164226,2023-06-01,0.57338965,0.62600946
XGBoost,val,77.647914_12.688119,2023-06-01,0.7081378,0.744285
XGBoost,val,77.647914_12.733034,2023-06-01,0.5330583,0.57503587
XGBoost,val,77.647914_12.881256,2023-06-01,0.48053122,0.5090598
XGBoost,val,77.647914_12.935155,2023-06-01,0.6616008,0.68170744
XGBoost,val,77.647914_13.141768,2023-06-01,0.66254455,0.7063874
XGBoost,val,77.647914_13.168717,2023-06-01,0.7107673,0.7565848
XGBoost,val,77.652405_12.697102,2023-06-01,0.6702069,0.71066093
XGBoost,val,77.652405_12.773459,2023-06-01,0.46665412,0.5093622
XGBoost,val,77.652405_12.795916,2023-06-01,0.42555934,0.454324
XGBoost,val,77.652405_12.8049,2023-06-01,0.53162026,0.5621061
XGBoost,val,77.652405_12.858799,2023-06-01,0.6974371,0.73272973
XGBoost,val,77.652405_12.926172,2023-06-01,0.6215953,0.6664221
XGBoost,val,77.652405_13.002529,2023-06-01,0.52354175,0.56613654
XGBoost,val,77.656897_12.742018,2023-06-01,0.5254125,0.5678499
XGBoost,val,77.656897_12.746509,2023-06-01,0.5097355,0.56001574
XGBoost,val,77.656897_12.768967,2023-06-01,0.5172966,0.560791
XGBoost,val,77.656897_12.791425,2023-06-01,0.4399248,0.47123736
XGBoost,val,77.656897_12.800408,2023-06-01,0.54299104,0.57952464
XGBoost,val,77.656897_12.831849,2023-06-01,0.56588614,0.60872316
XGBoost,val,77.656897_12.849815,2023-06-01,0.42204574,0.45517898
XGBoost,val,77.656897_13.101344,2023-06-01,0.46540025,0.5010607
XGBoost,val,77.656897_13.164226,2023-06-01,0.44630596,0.48106956
XGBoost,val,77.656897_13.173209,2023-06-01,0.39357653,0.42457122
XGBoost,val,77.661388_12.737526,2023-06-01,0.55392313,0.5941835
XGBoost,val,77.661388_12.759984,2023-06-01,0.54956496,0.59148455
XGBoost,val,77.661388_13.056428,2023-06-01,0.4537199,0.48477364
XGBoost,val,77.661388_13.074394,2023-06-01,0.5164831,0.5641216
XGBoost,val,77.661388_13.087869,2023-06-01,0.42855406,0.4665264
XGBoost,val,77.661388_13.101344,2023-06-01,0.44008753,0.47717664
XGBoost,val,77.661388_13.110327,2023-06-01,0.5111197,0.56177723
XGBoost,val,77.661388_13.11931,2023-06-01,0.5833209,0.63534033
XGBoost,val,77.66588_12.679136,2023-06-01,0.6375633,0.66637164
XGBoost,val,77.66588_12.697102,2023-06-01,0.6134349,0.6507941
XGBoost,val,77.66588_12.715068,2023-06-01,0.63179994,0.6712646
XGBoost,val,77.66588_12.724051,2023-06-01,0.6047197,0.6544772
XGBoost,val,77.66588_12.751001,2023-06-01,0.5051897,0.527621
XGBoost,val,77.66588_12.755492,2023-06-01,0.5589659,0.5934835
XGBoost,val,77.66588_12.764475,2023-06-01,0.54867285,0.5881999
XGBoost,val,77.66588_12.768967,2023-06-01,0.7027177,0.7242583
XGBoost,val,77.66588_12.791425,2023-06-01,0.5961628,0.6329484
XGBoost,val,77.66588_12.953122,2023-06-01,0.5463655,0.59236985
XGBoost,val,77.66588_13.038462,2023-06-01,0.4500911,0.4824288
XGBoost,val,77.66588_13.051936,2023-06-01,0.49752504,0.54483247
XGBoost,val,77.66588_13.173209,2023-06-01,0.39650846,0.43110573
XGBoost,val,77.670371_12.71956,2023-06-01,0.6399045,0.6846229
XGBoost,val,77.670371_12.86329,2023-06-01,0.51166743,0.55385786
XGBoost,val,77.670371_12.881256,2023-06-01,0.4662272,0.49625182
XGBoost,val,77.670371_12.894731,2023-06-01,0.41328576,0.4438891
XGBoost,val,77.670371_13.069903,2023-06-01,0.40658504,0.44498748
XGBoost,val,77.670371_13.083377,2023-06-01,0.3761908,0.4274465
XGBoost,val,77.670371_13.092361,2023-06-01,0.38228923,0.42395335
XGBoost,val,77.670371_13.128293,2023-06-01,0.49185905,0.546503
XGBoost,val,77.674863_12.674644,2023-06-01,0.7047475,0.73779416
XGBoost,val,77.674863_12.71956,2023-06-01,0.644109,0.68197656
XGBoost,val,77.674863_12.755492,2023-06-01,0.4978939,0.5338538
XGBoost,val,77.674863_12.764475,2023-06-01,0.5036959,0.5406439
XGBoost,val,77.674863_12.786933,2023-06-01,0.51454186,0.5480112
XGBoost,val,77.674863_12.836341,2023-06-01,0.52501184,0.56388086
XGBoost,val,77.674863_12.867782,2023-06-01,0.7564176,0.7754619
XGBoost,val,77.674863_13.051936,2023-06-01,0.5029624,0.54530567
XGBoost,val,77.674863_13.069903,2023-06-01,0.37111175,0.42268896
XGBoost,val,77.674863_13.092361,2023-06-01,0.4279317,0.46649653
XGBoost,val,77.674863_13.105835,2023-06-01,0.4759022,0.5167739
XGBoost,val,77.679355_12.697102,2023-06-01,0.5027302,0.5427953
XGBoost,val,77.679355_12.746509,2023-06-01,0.6687449,0.7041614
XGBoost,val,77.679355_12.881256,2023-06-01,0.4811671,0.5041032
XGBoost,val,77.679355_12.89024,2023-06-01,0.50332665,0.54622126
XGBoost,val,77.679355_12.899223,2023-06-01,0.40367824,0.43578848
XGBoost,val,77.679355_13.047445,2023-06-01,0.74953413,0.78728074
XGBoost,val,77.679355_13.056428,2023-06-01,0.4542099,0.4883067
XGBoost,val,77.679355_13.074394,2023-06-01,0.42342463,0.4638513
XGBoost,val,77.679355_13.101344,2023-06-01,0.44385332,0.4823783
XGBoost,val,77.679355_13.141768,2023-06-01,0.4918202,0.53982633
XGBoost,val,77.679355_13.155243,2023-06-01,0.39178705,0.4339991
XGBoost,val,77.679355_13.159734,2023-06-01,0.4300801,0.46239236
XGBoost,val,77.683846_12.728543,2023-06-01,0.5463288,0.58245456
XGBoost,val,77.683846_12.742018,2023-06-01,0.50207555,0.5301068
XGBoost,val,77.683846_12.755492,2023-06-01,0.70561635,0.7310337
XGBoost,val,77.683846_12.795916,2023-06-01,0.5096597,0.53652906
XGBoost,val,77.683846_12.8049,2023-06-01,0.48476997,0.50299287
XGBoost,val,77.683846_12.836341,2023-06-01,0.5846455,0.6322179
XGBoost,val,77.683846_12.840832,2023-06-01,0.5954896,0.63952076
XGBoost,val,77.683846_12.894731,2023-06-01,0.50058824,0.54659784
XGBoost,val,77.683846_12.917189,2023-06-01,0.41409248,0.45120844
XGBoost,val,77.683846_12.939647,2023-06-01,0.69903994,0.7390649
XGBoost,val,77.683846_13.029478,2023-06-01,0.335673,0.38360935
XGBoost,val,77.683846_13.06092,2023-06-01,0.4351906,0.47419694
XGBoost,val,77.683846_13.074394,2023-06-01,0.3854149,0.42449847
XGBoost,val,77.683846_13.11931,2023-06-01,0.3595711,0.40729392
XGBoost,val,77.683846_13.123802,2023-06-01,0.4229592,0.46886367
XGBoost,val,77.688338_12.656678,2023-06-01,0.7050016,0.7302376
XGBoost,val,77.688338_12.69261,2023-06-01,0.7797133,0.81006557
XGBoost,val,77.688338_12.697102,2023-06-01,0.7899563,0.8129499
XGBoost,val,77.688338_12.710577,2023-06-01,0.79167885,0.8126668
XGBoost,val,77.688338_12.751001,2023-06-01,0.58638495,0.6151976
XGBoost,val,77.688338_12.755492,2023-06-01,0.5486052,0.57650256
XGBoost,val,77.688338_12.876765,2023-06-01,0.7761264,0.7789811
XGBoost,val,77.688338_12.885748,2023-06-01,0.49801373,0.54500616
XGBoost,val,77.688338_12.966596,2023-06-01,0.557331,0.59914666
XGBoost,val,77.692829_12.746509,2023-06-01,0.46561322,0.47708276
XGBoost,val,77.692829_12.800408,2023-06-01,0.44896832,0.4833968
XGBoost,val,77.692829_12.845324,2023-06-01,0.642455,0.6807423
XGBoost,val,77.692829_12.885748,2023-06-01,0.5225452,0.5750967
XGBoost,val,77.692829_12.899223,2023-06-01,0.45222086,0.47773227
XGBoost,val,77.692829_13.047445,2023-06-01,0.7422722,0.7686145
XGBoost,val,77.692829_13.06092,2023-06-01,0.5650586,0.6197358
XGBoost,val,77.692829_13.065411,2023-06-01,0.533685,0.5787875
XGBoost,val,77.692829_13.083377,2023-06-01,0.3843211,0.43149948
XGBoost,val,77.692829_13.096852,2023-06-01,0.3820224,0.43563038
XGBoost,val,77.692829_13.132785,2023-06-01,0.38160503,0.4316932
XGBoost,val,77.692829_13.155243,2023-06-01,0.38479653,0.43530807
XGBoost,val,77.697321_12.697102,2023-06-01,0.7917,0.8100744
XGBoost,val,77.697321_12.751001,2023-06-01,0.5152725,0.5608793
XGBoost,val,77.697321_12.773459,2023-06-01,0.45641443,0.4780229
XGBoost,val,77.697321_12.791425,2023-06-01,0.5636297,0.60330003
XGBoost,val,77.697321_12.885748,2023-06-01,0.5264701,0.5787511
XGBoost,val,77.697321_12.894731,2023-06-01,0.47594577,0.49332443
XGBoost,val,77.697321_12.930664,2023-06-01,0.48477912,0.51268655
XGBoost,val,77.697321_12.966596,2023-06-01,0.52891535,0.5688244
XGBoost,val,77.697321_13.132785,2023-06-01,0.38160196,0.4233235
XGBoost,val,77.697321_13.150751,2023-06-01,0.4326709,0.45749655
XGBoost,val,77.697321_13.1777,2023-06-01,0.56340766,0.60714924
XGBoost,val,77.701812_12.742018,2023-06-01,0.49152842,0.51848304
XGBoost,val,77.701812_12.77795,2023-06-01,0.4610172,0.4792098
XGBoost,val,77.701812_12.8049,2023-06-01,0.5570563,0.5770793
XGBoost,val,77.701812_12.822866,2023-06-01,0.531433,0.5593663
XGBoost,val,77.701812_12.872273,2023-06-01,0.44014794,0.47074014
XGBoost,val,77.701812_12.984563,2023-06-01,0.46393657,0.48722818
XGBoost,val,77.701812_13.03397,2023-06-01,0.4111915,0.45307994
XGBoost,val,77.701812_13.114818,2023-06-01,0.47550523,0.53115636
XGBoost,val,77.701812_13.164226,2023-06-01,0.4346418,0.46464422
XGBoost,val,77.706304_12.746509,2023-06-01,0.4985278,0.51980406
XGBoost,val,77.706304_12.751001,2023-06-01,0.5032411,0.54759276
XGBoost,val,77.706304_12.759984,2023-06-01,0.41234475,0.43381247
XGBoost,val,77.706304_12.764475,2023-06-01,0.49419588,0.5222371
XGBoost,val,77.706304_12.86329,2023-06-01,0.3800166,0.4144986
XGBoost,val,77.706304_12.984563,2023-06-01,0.46625113,0.49528304
XGBoost,val,77.706304_13.038462,2023-06-01,0.4151659,0.45193824
XGBoost,val,77.706304_13.042953,2023-06-01,0.48760843,0.5368418
XGBoost,val,77.706304_13.137276,2023-06-01,0.74083805,0.76981723
XGBoost,val,77.710796_12.715068,2023-06-01,0.6095071,0.6490881
XGBoost,val,77.710796_12.894731,2023-06-01,0.5702226,0.6143477
XGBoost,val,77.710796_12.899223,2023-06-01,0.4998617,0.53719777
XGBoost,val,77.710796_12.912697,2023-06-01,0.42461032,0.46341947
XGBoost,val,77.710796_13.03397,2023-06-01,0.428446,0.47782686
XGBoost,val,77.710796_13.11931,2023-06-01,0.4207015,0.4597237
XGBoost,val,77.710796_13.123802,2023-06-01,0.3873524,0.42806146
XGBoost,val,77.710796_13.132785,2023-06-01,0.44932514,0.4830064
XGBoost,val,77.710796_13.150751,2023-06-01,0.384001,0.43623292
XGBoost,val,77.710796_13.168717,2023-06-01,0.48790333,0.53421086
XGBoost,val,77.710796_13.173209,2023-06-01,0.48776293,0.53862244
XGBoost,val,77.715287_12.679136,2023-06-01,0.6842734,0.718627
XGBoost,val,77.715287_12.742018,2023-06-01,0.4771306,0.48784348
XGBoost,val,77.715287_12.773459,2023-06-01,0.46505955,0.4722405
XGBoost,val,77.715287_12.822866,2023-06-01,0.49926698,0.54467434
XGBoost,val,77.715287_12.827358,2023-06-01,0.45480964,0.48062912
XGBoost,val,77.715287_12.845324,2023-06-01,0.39632007,0.4339186
XGBoost,val,77.715287_12.885748,2023-06-01,0.5427054,0.59683484
XGBoost,val,77.715287_12.899223,2023-06-01,0.39866883,0.44026864
XGBoost,val,77.715287_12.939647,2023-06-01,0.68118465,0.7191536
XGBoost,val,77.715287_12.944139,2023-06-01,0.7240876,0.76796114
XGBoost,val,77.715287_12.94863,2023-06-01,0.582743,0.6327197
XGBoost,val,77.715287_13.029478,2023-06-01,0.36738786,0.41526717
XGBoost,val,77.715287_13.038462,2023-06-01,0.49658614,0.5441874
XGBoost,val,77.715287_13.051936,2023-06-01,0.49033737,0.54245394
XGBoost,val,77.715287_13.056428,2023-06-01,0.40374818,0.43815637
XGBoost,val,77.715287_13.096852,2023-06-01,0.33077943,0.37908813
XGBoost,val,77.715287_13.114818,2023-06-01,0.50008374,0.55408627
XGBoost,val,77.715287_13.128293,2023-06-01,0.45419878,0.4878515
XGBoost,val,77.719779_12.706085,2023-06-01,0.6345592,0.66125643
XGBoost,val,77.719779_12.746509,2023-06-01,0.67786366,0.7151417
XGBoost,val,77.719779_12.795916,2023-06-01,0.47368625,0.48736832
XGBoost,val,77.719779_12.840832,2023-06-01,0.5190095,0.55670094
XGBoost,val,77.719779_12.903714,2023-06-01,0.4195903,0.44561931
XGBoost,val,77.719779_13.069903,2023-06-01,0.3912431,0.43736675
XGBoost,val,77.719779_13.105835,2023-06-01,0.41962558,0.45989856
XGBoost,val,77.719779_13.123802,2023-06-01,0.40690646,0.44609368
XGBoost,val,77.719779_13.137276,2023-06-01,0.42043957,0.45997348
XGBoost,val,77.719779_13.155243,2023-06-01,0.40119174,0.439477
XGBoost,val,77.72427_12.674644,2023-06-01,0.5321108,0.5645467
XGBoost,val,77.72427_12.697102,2023-06-01,0.4843265,0.5202142
XGBoost,val,77.72427_12.701593,2023-06-01,0.5278092,0.557841
XGBoost,val,77.72427_12.724051,2023-06-01,0.5102919,0.5517659
XGBoost,val,77.72427_12.786933,2023-06-01,0.48965546,0.49750084
XGBoost,val,77.72427_12.791425,2023-06-01,0.49588743,0.5032368
XGBoost,val,77.72427_12.840832,2023-06-01,0.48380062,0.5076231
XGBoost,val,77.72427_12.867782,2023-06-01,0.4246157,0.46189457
XGBoost,val,77.72427_12.885748,2023-06-01,0.468651,0.48890945
XGBoost,val,77.72427_13.06092,2023-06-01,0.40322155,0.4430833
XGBoost,val,77.72427_13.074394,2023-06-01,0.43347824,0.4724518
XGBoost,val,77.728762_12.706085,2023-06-01,0.6194621,0.66401494
XGBoost,val,77.728762_12.724051,2023-06-01,0.6300464,0.67034596
XGBoost,val,77.728762_12.759984,2023-06-01,0.5009135,0.53378165
XGBoost,val,77.728762_12.782442,2023-06-01,0.5478666,0.57310146
XGBoost,val,77.728762_12.809391,2023-06-01,0.48770598,0.516532
XGBoost,val,77.728762_12.858799,2023-06-01,0.52903986,0.57490885
XGBoost,val,77.728762_12.876765,2023-06-01,0.5358818,0.58379877
XGBoost,val,77.728762_12.885748,2023-06-01,0.46366617,0.48612463
XGBoost,val,77.728762_13.047445,2023-06-01,0.46705443,0.497038
XGBoost,val,77.728762_13.087869,2023-06-01,0.4697989,0.52566165
XGBoost,val,77.728762_13.092361,2023-06-01,0.43079242,0.4745308
XGBoost,val,77.733253_12.755492,2023-06-01,0.44333792,0.46150792
XGBoost,val,77.733253_12.795916,2023-06-01,0.4726912,0.49262866
XGBoost,val,77.733253_12.86329,2023-06-01,0.55013716,0.5933314
XGBoost,val,77.733253_12.872273,2023-06-01,0.5460792,0.5835884
XGBoost,val,77.733253_12.998037,2023-06-01,0.613964,0.66399866
XGBoost,val,77.733253_13.056428,2023-06-01,0.37082794,0.42323694
XGBoost,val,77.737745_12.764475,2023-06-01,0.43227708,0.45944262
XGBoost,val,77.737745_12.791425,2023-06-01,0.47094518,0.49068826
XGBoost,val,77.737745_12.809391,2023-06-01,0.4577375,0.4713975
XGBoost,val,77.737745_12.858799,2023-06-01,0.4783958,0.5064932
XGBoost,val,77.737745_12.872273,2023-06-01,0.53788525,0.570134
XGBoost,val,77.737745_12.881256,2023-06-01,0.5657288,0.61034673
XGBoost,val,77.737745_13.051936,2023-06-01,0.37617454,0.42545643
XGBoost,val,77.737745_13.06092,2023-06-01,0.414236,0.45229283
XGBoost,val,77.737745_13.078886,2023-06-01,0.44288257,0.47840443
XGBoost,val,77.737745_13.101344,2023-06-01,0.36556652,0.41441694
XGBoost,val,77.742237_12.697102,2023-06-01,0.6555193,0.6823403
XGBoost,val,77.742237_12.764475,2023-06-01,0.45130664,0.47138727
XGBoost,val,77.742237_12.795916,2023-06-01,0.4609468,0.47517994
XGBoost,val,77.742237_12.8049,2023-06-01,0.48765662,0.5153158
XGBoost,val,77.742237_12.86329,2023-06-01,0.41409516,0.44127643
XGBoost,val,77.742237_12.867782,2023-06-01,0.5461797,0.5765923
XGBoost,val,77.742237_12.89024,2023-06-01,0.54448354,0.598493
XGBoost,val,77.742237_12.899223,2023-06-01,0.5427284,0.5846452
XGBoost,val,77.742237_12.921681,2023-06-01,0.4601029,0.48755035
XGBoost,val,77.742237_12.980071,2023-06-01,0.5165179,0.5519107
XGBoost,val,77.742237_13.002529,2023-06-01,0.5463862,0.58328986
XGBoost,val,77.742237_13.016004,2023-06-01,0.5245892,0.5722178
XGBoost,val,77.742237_13.038462,2023-06-01,0.38095027,0.42905918
XGBoost,val,77.742237_13.074394,2023-06-01,0.35537255,0.40227133
XGBoost,val,77.742237_13.078886,2023-06-01,0.44052842,0.47621253
XGBoost,val,77.742237_13.101344,2023-06-01,0.40135983,0.44481808
XGBoost,val,77.746728_12.751001,2023-06-01,0.49075708,0.50784713
XGBoost,val,77.746728_12.764475,2023-06-01,0.46989202,0.4929577
XGBoost,val,77.746728_12.782442,2023-06-01,0.5327165,0.5713715
XGBoost,val,77.746728_12.97558,2023-06-01,0.5331924,0.5797916
XGBoost,val,77.746728_12.984563,2023-06-01,0.5199895,0.55533963
XGBoost,val,77.746728_13.016004,2023-06-01,0.55721194,0.59950393
XGBoost,val,77.746728_13.020495,2023-06-01,0.5928279,0.6420376
XGBoost,val,77.746728_13.024987,2023-06-01,0.4795071,0.5076751
XGBoost,val,77.746728_13.038462,2023-06-01,0.3968276,0.44174743
XGBoost,val,77.746728_13.06092,2023-06-01,0.34131077,0.3872265
XGBoost,val,77.746728_13.083377,2023-06-01,0.44877753,0.48395687
XGBoost,val,77.746728_13.092361,2023-06-01,0.42525673,0.46446788
XGBoost,val,77.75122_12.751001,2023-06-01,0.48393586,0.49182767
XGBoost,val,77.75122_12.755492,2023-06-01,0.5443735,0.57920796
XGBoost,val,77.75122_12.768967,2023-06-01,0.43299332,0.46519327
XGBoost,val,77.75122_12.77795,2023-06-01,0.48941296,0.5289078
XGBoost,val,77.75122_12.894731,2023-06-01,0.46867427,0.47997558
XGBoost,val,77.75122_12.993546,2023-06-01,0.45299345,0.4728072
XGBoost,val,77.75122_13.020495,2023-06-01,0.50803,0.5522527
XGBoost,val,77.75122_13.03397,2023-06-01,0.43154216,0.47041544
XGBoost,val,77.75122_13.038462,2023-06-01,0.35618892,0.40048409
XGBoost,val,77.755711_12.706085,2023-06-01,0.54727405,0.5862285
XGBoost,val,77.755711_12.764475,2023-06-01,0.78492576,0.8149957
XGBoost,val,77.755711_12.77795,2023-06-01,0.46695173,0.48715243
XGBoost,val,77.755711_12.822866,2023-06-01,0.4621402,0.47686112
XGBoost,val,77.755711_12.831849,2023-06-01,0.42224225,0.46030313
XGBoost,val,77.755711_12.858799,2023-06-01,0.48943335,0.5238749
XGBoost,val,77.755711_12.885748,2023-06-01,0.49348152,0.5362023
XGBoost,val,77.755711_12.899223,2023-06-01,0.41910553,0.44808215
XGBoost,val,77.755711_12.903714,2023-06-01,0.46463302,0.4797399
XGBoost,val,77.755711_12.926172,2023-06-01,0.49441418,0.5388715
XGBoost,val,77.760203_12.751001,2023-06-01,0.4734779,0.5062694
XGBoost,val,77.760203_12.795916,2023-06-01,0.42952326,0.4541974
XGBoost,val,77.760203_12.818374,2023-06-01,0.5703667,0.60129416
XGBoost,val,77.760203_12.867782,2023-06-01,0.44201908,0.47133413
XGBoost,val,77.760203_12.872273,2023-06-01,0.47061622,0.4882926
XGBoost,val,77.760203_12.876765,2023-06-01,0.43408448,0.4653307
XGBoost,val,77.760203_12.885748,2023-06-01,0.45901546,0.484692
XGBoost,val,77.760203_12.984563,2023-06-01,0.513909,0.5550598
XGBoost,val,77.764695_12.742018,2023-06-01,0.6578638,0.68408555
XGBoost,val,77.764695_12.746509,2023-06-01,0.644945,0.68008125
XGBoost,val,77.764695_12.813883,2023-06-01,0.51020575,0.5339479
XGBoost,val,77.764695_12.849815,2023-06-01,0.46828088,0.486148
XGBoost,val,77.764695_12.885748,2023-06-01,0.48230457,0.5169493
XGBoost,val,77.764695_12.912697,2023-06-01,0.49958527,0.53815407
XGBoost,val,77.764695_13.03397,2023-06-01,0.35655457,0.40218142
XGBoost,val,77.769186_12.751001,2023-06-01,0.6857693,0.7194474
XGBoost,val,77.769186_12.791425,2023-06-01,0.44010016,0.46205017
XGBoost,val,77.769186_12.800408,2023-06-01,0.50655955,0.53089213
XGBoost,val,77.769186_12.8049,2023-06-01,0.5468874,0.5903462
XGBoost,val,77.769186_12.809391,2023-06-01,0.45711398,0.47353545
XGBoost,val,77.769186_12.876765,2023-06-01,0.49360895,0.5123361
XGBoost,val,77.769186_12.894731,2023-06-01,0.46358848,0.4864345
XGBoost,val,77.769186_13.016004,2023-06-01,0.43385112,0.4711898
XGBoost,val,77.773678_12.746509,2023-06-01,0.6728458,0.7029003
XGBoost,val,77.773678_12.858799,2023-06-01,0.45278773,0.46788645
XGBoost,val,77.773678_12.885748,2023-06-01,0.47289357,0.48466712
XGBoost,val,77.773678_12.899223,2023-06-01,0.41787416,0.45719263
XGBoost,val,77.773678_12.908206,2023-06-01,0.4753762,0.5151896
XGBoost,val,77.778169_12.809391,2023-06-01,0.44027832,0.4684855
XGBoost,val,77.778169_12.885748,2023-06-01,0.4894397,0.52302283
XGBoost,val,77.782661_12.786933,2023-06-01,0.4261625,0.44858816
XGBoost,val,77.782661_12.791425,2023-06-01,0.4716271,0.4919981
XGBoost,val,77.782661_12.89024,2023-06-01,0.48096207,0.50921816
XGBoost,val,77.787152_12.786933,2023-06-01,0.44213274,0.47211835
XGBoost,val,77.787152_12.849815,2023-06-01,0.4644742,0.47499254
XGBoost,val,77.787152_12.867782,2023-06-01,0.4218604,0.45630994
XGBoost,val,77.791644_12.8049,2023-06-01,0.47287184,0.4841026
XGBoost,val,77.791644_12.899223,2023-06-01,0.43448555,0.46173877
XGBoost,val,77.796136_12.854307,2023-06-01,0.4260362,0.4519797
XGBoost,val,77.796136_12.885748,2023-06-01,0.49381232,0.5287934
XGBoost,val,77.800627_12.876765,2023-06-01,0.5064286,0.5332498
XGBoost,val,77.800627_12.885748,2023-06-01,0.45621422,0.47262037
XGBoost,val,77.805119_12.876765,2023-06-01,0.5148652,0.5394692
XGBoost,val,77.805119_12.89024,2023-06-01,0.469126,0.48325655
XGBoost,val,77.80961_12.858799,2023-06-01,0.46961713,0.49113733
XGBoost,val,77.80961_12.86329,2023-06-01,0.44537553,0.47210664
XGBoost,val,77.329012_12.944139,2023-08-01,0.44387344,0.48711842
XGBoost,val,77.329012_12.962105,2023-08-01,0.71747476,0.74872035
XGBoost,val,77.342486_12.944139,2023-08-01,0.7056612,0.7207445
XGBoost,val,77.346978_12.86329,2023-08-01,0.5819595,0.6020788
XGBoost,val,77.346978_12.962105,2023-08-01,0.530086,0.5493481
XGBoost,val,77.351469_12.89024,2023-08-01,0.5508725,0.591116
XGBoost,val,77.355961_12.899223,2023-08-01,0.54275304,0.58422464
XGBoost,val,77.355961_12.962105,2023-08-01,0.7434809,0.7712035
XGBoost,val,77.360453_12.867782,2023-08-01,0.3924617,0.44378898
XGBoost,val,77.364944_12.854307,2023-08-01,0.4271057,0.47288612
XGBoost,val,77.364944_12.962105,2023-08-01,0.40523797,0.4617711
XGBoost,val,77.369436_12.881256,2023-08-01,0.44592285,0.47221214
XGBoost,val,77.369436_12.998037,2023-08-01,0.40196782,0.4422634
XGBoost,val,77.369436_13.007021,2023-08-01,0.46548238,0.50810814
XGBoost,val,77.373927_12.971088,2023-08-01,0.43738744,0.4709081
XGBoost,val,77.373927_13.011512,2023-08-01,0.41809118,0.45208332
XGBoost,val,77.373927_13.016004,2023-08-01,0.42186162,0.46466666
XGBoost,val,77.378419_12.966596,2023-08-01,0.42665508,0.45943564
XGBoost,val,77.382911_12.953122,2023-08-01,0.42575088,0.45812532
XGBoost,val,77.382911_12.957613,2023-08-01,0.42383432,0.46168053
XGBoost,val,77.387402_12.962105,2023-08-01,0.40066928,0.44166654
XGBoost,val,77.387402_12.97558,2023-08-01,0.4761252,0.49686986
XGBoost,val,77.387402_12.980071,2023-08-01,0.4630116,0.4883073
XGBoost,val,77.391894_12.867782,2023-08-01,0.4933956,0.53423005
XGBoost,val,77.391894_12.881256,2023-08-01,0.4475632,0.48926303
XGBoost,val,77.391894_12.885748,2023-08-01,0.49112123,0.5258464
XGBoost,val,77.396385_12.894731,2023-08-01,0.4957472,0.5228058
XGBoost,val,77.396385_12.908206,2023-08-01,0.41133094,0.45272848
XGBoost,val,77.396385_12.944139,2023-08-01,0.49099705,0.50896513
XGBoost,val,77.396385_12.971088,2023-08-01,0.40674475,0.43879053
XGBoost,val,77.396385_12.97558,2023-08-01,0.38187373,0.41605344
XGBoost,val,77.396385_13.029478,2023-08-01,0.3605937,0.41561362
XGBoost,val,77.400877_12.957613,2023-08-01,0.41696602,0.44623348
XGBoost,val,77.400877_12.966596,2023-08-01,0.36404923,0.4057079
XGBoost,val,77.400877_13.029478,2023-08-01,0.33455473,0.38947612
XGBoost,val,77.405368_12.881256,2023-08-01,0.39103088,0.4384087
XGBoost,val,77.405368_12.89024,2023-08-01,0.38595757,0.43773475
XGBoost,val,77.405368_12.903714,2023-08-01,0.36015075,0.40869823
XGBoost,val,77.405368_12.930664,2023-08-01,0.5328445,0.5606273
XGBoost,val,77.405368_12.998037,2023-08-01,0.43345803,0.45657894
XGBoost,val,77.405368_13.11931,2023-08-01,0.3731309,0.4108625
XGBoost,val,77.40986_12.872273,2023-08-01,0.37594453,0.41091225
XGBoost,val,77.40986_12.881256,2023-08-01,0.33908004,0.3803941
XGBoost,val,77.40986_12.962105,2023-08-01,0.46812308,0.49344406
XGBoost,val,77.414352_12.930664,2023-08-01,0.46117732,0.48094776
XGBoost,val,77.414352_12.989054,2023-08-01,0.37194628,0.40726882
XGBoost,val,77.414352_12.993546,2023-08-01,0.40900025,0.43587196
XGBoost,val,77.414352_13.03397,2023-08-01,0.38095713,0.42568284
XGBoost,val,77.414352_13.11931,2023-08-01,0.3904537,0.44222876
XGBoost,val,77.418843_12.876765,2023-08-01,0.36303607,0.41119045
XGBoost,val,77.418843_12.89024,2023-08-01,0.3968607,0.44158784
XGBoost,val,77.418843_12.94863,2023-08-01,0.4238797,0.46624425
XGBoost,val,77.418843_12.971088,2023-08-01,0.3847883,0.43199822
XGBoost,val,77.418843_12.993546,2023-08-01,0.41540515,0.43944138
XGBoost,val,77.418843_13.016004,2023-08-01,0.3716478,0.42135915
XGBoost,val,77.418843_13.024987,2023-08-01,0.39172632,0.42825222
XGBoost,val,77.418843_13.029478,2023-08-01,0.3908985,0.43953833
XGBoost,val,77.418843_13.146259,2023-08-01,0.3419129,0.3903801
XGBoost,val,77.423335_12.876765,2023-08-01,0.39854944,0.43917695
XGBoost,val,77.423335_12.921681,2023-08-01,0.43461853,0.4600129
XGBoost,val,77.423335_12.930664,2023-08-01,0.43060067,0.46229595
XGBoost,val,77.423335_13.002529,2023-08-01,0.46669158,0.5245938
XGBoost,val,77.423335_13.141768,2023-08-01,0.40472344,0.45442522
XGBoost,val,77.423335_13.150751,2023-08-01,0.31940022,0.3821021
XGBoost,val,77.427826_12.845324,2023-08-01,0.31246123,0.35967988
XGBoost,val,77.427826_12.858799,2023-08-01,0.35358208,0.39677435
XGBoost,val,77.427826_12.930664,2023-08-01,0.43382934,0.46500748
XGBoost,val,77.427826_12.939647,2023-08-01,0.38180634,0.42005646
XGBoost,val,77.427826_12.944139,2023-08-01,0.37049168,0.4093259
XGBoost,val,77.427826_13.020495,2023-08-01,0.3678449,0.41073763
XGBoost,val,77.427826_13.024987,2023-08-01,0.38138777,0.42548352
XGBoost,val,77.427826_13.110327,2023-08-01,0.39422682,0.44753265
XGBoost,val,77.427826_13.132785,2023-08-01,0.49109754,0.5372594
XGBoost,val,77.432318_12.858799,2023-08-01,0.37436295,0.42132702
XGBoost,val,77.432318_12.86329,2023-08-01,0.37215325,0.42139974
XGBoost,val,77.432318_12.867782,2023-08-01,0.37127033,0.4277354
XGBoost,val,77.432318_12.881256,2023-08-01,0.42244995,0.45888633
XGBoost,val,77.432318_12.885748,2023-08-01,0.5375598,0.57497126
XGBoost,val,77.432318_12.957613,2023-08-01,0.3937691,0.44277564
XGBoost,val,77.432318_12.998037,2023-08-01,0.3496499,0.39621714
XGBoost,val,77.432318_13.087869,2023-08-01,0.43694267,0.47610506
XGBoost,val,77.432318_13.092361,2023-08-01,0.37381515,0.4291614
XGBoost,val,77.436809_12.818374,2023-08-01,0.5000871,0.54413515
XGBoost,val,77.436809_12.840832,2023-08-01,0.44573903,0.48298332
XGBoost,val,77.436809_12.854307,2023-08-01,0.37851465,0.42078456
XGBoost,val,77.436809_12.912697,2023-08-01,0.53070706,0.56382203
XGBoost,val,77.436809_12.926172,2023-08-01,0.45481318,0.47187087
XGBoost,val,77.436809_12.944139,2023-08-01,0.41008994,0.43669143
XGBoost,val,77.436809_13.03397,2023-08-01,0.37972316,0.4227709
XGBoost,val,77.441301_12.818374,2023-08-01,0.515608,0.5485349
XGBoost,val,77.441301_12.831849,2023-08-01,0.41002765,0.4597706
XGBoost,val,77.441301_12.836341,2023-08-01,0.4430261,0.49482864
XGBoost,val,77.441301_12.840832,2023-08-01,0.43349287,0.47789022
XGBoost,val,77.441301_12.944139,2023-08-01,0.474776,0.49806535
XGBoost,val,77.441301_12.94863,2023-08-01,0.43644416,0.46998906
XGBoost,val,77.441301_13.056428,2023-08-01,0.3741574,0.421576
XGBoost,val,77.441301_13.069903,2023-08-01,0.39186537,0.44036123
XGBoost,val,77.441301_13.083377,2023-08-01,0.43878022,0.4846828
XGBoost,val,77.441301_13.110327,2023-08-01,0.40306908,0.45251417
XGBoost,val,77.445793_12.840832,2023-08-01,0.4947858,0.53478754
XGBoost,val,77.445793_12.86329,2023-08-01,0.54553056,0.58520794
XGBoost,val,77.445793_12.867782,2023-08-01,0.5323176,0.56856793
XGBoost,val,77.445793_12.957613,2023-08-01,0.4442126,0.4869301
XGBoost,val,77.445793_12.984563,2023-08-01,0.42286974,0.47191268
XGBoost,val,77.450284_12.809391,2023-08-01,0.45563924,0.48672932
XGBoost,val,77.450284_12.872273,2023-08-01,0.5125242,0.5413504
XGBoost,val,77.450284_12.971088,2023-08-01,0.43458012,0.47539267
XGBoost,val,77.450284_12.993546,2023-08-01,0.32259968,0.3809276
XGBoost,val,77.450284_13.047445,2023-08-01,0.40015936,0.444513
XGBoost,val,77.450284_13.146259,2023-08-01,0.5080473,0.53637266
XGBoost,val,77.454776_12.809391,2023-08-01,0.4419883,0.47592226
XGBoost,val,77.454776_12.980071,2023-08-01,0.36604214,0.4090295
XGBoost,val,77.454776_12.993546,2023-08-01,0.36306423,0.41096944
XGBoost,val,77.454776_13.078886,2023-08-01,0.40095934,0.44524276
XGBoost,val,77.454776_13.087869,2023-08-01,0.39473355,0.42814445
XGBoost,val,77.454776_13.114818,2023-08-01,0.48771647,0.5229537
XGBoost,val,77.454776_13.141768,2023-08-01,0.48909825,0.5367097
XGBoost,val,77.459267_12.8049,2023-08-01,0.5880668,0.6159863
XGBoost,val,77.459267_12.822866,2023-08-01,0.48085743,0.5093479
XGBoost,val,77.459267_12.845324,2023-08-01,0.48055696,0.51620257
XGBoost,val,77.459267_12.872273,2023-08-01,0.46867818,0.50620955
XGBoost,val,77.459267_12.97558,2023-08-01,0.3805866,0.42883253
XGBoost,val,77.459267_13.11931,2023-08-01,0.43320554,0.47693524
XGBoost,val,77.463759_12.813883,2023-08-01,0.44735605,0.48630053
XGBoost,val,77.463759_12.836341,2023-08-01,0.4700899,0.517958
XGBoost,val,77.463759_12.86329,2023-08-01,0.5273422,0.5635693
XGBoost,val,77.463759_12.867782,2023-08-01,0.505609,0.5466428
XGBoost,val,77.463759_12.872273,2023-08-01,0.4544057,0.50908893
XGBoost,val,77.463759_12.953122,2023-08-01,0.7353683,0.76912844
XGBoost,val,77.463759_13.03397,2023-08-01,0.3473668,0.39216164
XGBoost,val,77.463759_13.078886,2023-08-01,0.5048931,0.5497972
XGBoost,val,77.46825_12.827358,2023-08-01,0.3947717,0.43667072
XGBoost,val,77.46825_12.836341,2023-08-01,0.50190693,0.5259398
XGBoost,val,77.46825_12.94863,2023-08-01,0.51181227,0.5409334
XGBoost,val,77.46825_12.953122,2023-08-01,0.42476922,0.46316332
XGBoost,val,77.46825_12.966596,2023-08-01,0.4333556,0.47634858
XGBoost,val,77.46825_13.007021,2023-08-01,0.35851943,0.39603204
XGBoost,val,77.46825_13.020495,2023-08-01,0.4462066,0.48304594
XGBoost,val,77.46825_13.114818,2023-08-01,0.4763021,0.5215593
XGBoost,val,77.46825_13.150751,2023-08-01,0.38672101,0.43009207
XGBoost,val,77.472742_12.746509,2023-08-01,0.55231994,0.58494663
XGBoost,val,77.472742_12.751001,2023-08-01,0.49471992,0.54101235
XGBoost,val,77.472742_12.755492,2023-08-01,0.5115892,0.54824406
XGBoost,val,77.472742_12.836341,2023-08-01,0.48151276,0.51280314
XGBoost,val,77.472742_12.984563,2023-08-01,0.41737917,0.46410793
XGBoost,val,77.472742_13.087869,2023-08-01,0.42525876,0.47061116
XGBoost,val,77.477234_12.764475,2023-08-01,0.48996773,0.5317438
XGBoost,val,77.477234_12.782442,2023-08-01,0.45757613,0.50264853
XGBoost,val,77.477234_12.840832,2023-08-01,0.4952924,0.54134804
XGBoost,val,77.477234_12.935155,2023-08-01,0.5593407,0.58273286
XGBoost,val,77.477234_12.944139,2023-08-01,0.46336412,0.49650306
XGBoost,val,77.477234_12.94863,2023-08-01,0.4817002,0.5248538
XGBoost,val,77.477234_12.971088,2023-08-01,0.487597,0.5225002
XGBoost,val,77.477234_13.002529,2023-08-01,0.3621684,0.40293857
XGBoost,val,77.477234_13.056428,2023-08-01,0.41138253,0.45651656
XGBoost,val,77.481725_12.737526,2023-08-01,0.4977175,0.52752584
XGBoost,val,77.481725_12.768967,2023-08-01,0.52883065,0.557082
XGBoost,val,77.481725_12.831849,2023-08-01,0.44082537,0.4796341
XGBoost,val,77.481725_12.944139,2023-08-01,0.47095418,0.50595826
XGBoost,val,77.481725_12.971088,2023-08-01,0.3889189,0.43218958
XGBoost,val,77.481725_12.980071,2023-08-01,0.47764185,0.5071195
XGBoost,val,77.481725_13.024987,2023-08-01,0.4285964,0.48065954
XGBoost,val,77.481725_13.03397,2023-08-01,0.4234001,0.45748377
XGBoost,val,77.481725_13.096852,2023-08-01,0.5581529,0.59856874
XGBoost,val,77.481725_13.137276,2023-08-01,0.72551554,0.7694191
XGBoost,val,77.486217_12.764475,2023-08-01,0.49296454,0.52064663
XGBoost,val,77.486217_12.872273,2023-08-01,0.45755243,0.50387204
XGBoost,val,77.486217_12.939647,2023-08-01,0.49363363,0.5236444
XGBoost,val,77.486217_12.998037,2023-08-01,0.41161194,0.46124953
XGBoost,val,77.486217_13.042953,2023-08-01,0.5071546,0.543444
XGBoost,val,77.486217_13.06092,2023-08-01,0.5175626,0.55998623
XGBoost,val,77.486217_13.114818,2023-08-01,0.47340614,0.52000976
XGBoost,val,77.486217_13.11931,2023-08-01,0.49084246,0.53345484
XGBoost,val,77.490708_12.768967,2023-08-01,0.48922205,0.5218473
XGBoost,val,77.490708_12.8049,2023-08-01,0.4898701,0.5412511
XGBoost,val,77.490708_12.849815,2023-08-01,0.48739633,0.5265335
XGBoost,val,77.490708_13.051936,2023-08-01,0.5841278,0.60790867
XGBoost,val,77.490708_13.087869,2023-08-01,0.5073028,0.5644876
XGBoost,val,77.490708_13.092361,2023-08-01,0.4912575,0.5613136
XGBoost,val,77.490708_13.096852,2023-08-01,0.53292584,0.58937395
XGBoost,val,77.4952_12.786933,2023-08-01,0.4475412,0.48607203
XGBoost,val,77.4952_12.836341,2023-08-01,0.4634754,0.5133105
XGBoost,val,77.4952_13.020495,2023-08-01,0.48694053,0.5253079
XGBoost,val,77.4952_13.024987,2023-08-01,0.50213027,0.54000735
XGBoost,val,77.4952_13.03397,2023-08-01,0.5707511,0.60010517
XGBoost,val,77.4952_13.087869,2023-08-01,0.45576525,0.5135786
XGBoost,val,77.4952_13.092361,2023-08-01,0.48921126,0.54889405
XGBoost,val,77.499692_12.755492,2023-08-01,0.5812863,0.5981552
XGBoost,val,77.499692_12.858799,2023-08-01,0.5883995,0.6300368
XGBoost,val,77.499692_12.984563,2023-08-01,0.49781528,0.5383656
XGBoost,val,77.499692_13.114818,2023-08-01,0.49531916,0.54474
XGBoost,val,77.499692_13.137276,2023-08-01,0.4391498,0.4761446
XGBoost,val,77.504183_12.764475,2023-08-01,0.54119843,0.57579356
XGBoost,val,77.504183_12.786933,2023-08-01,0.522355,0.55994916
XGBoost,val,77.504183_12.818374,2023-08-01,0.5100398,0.5474461
XGBoost,val,77.504183_12.854307,2023-08-01,0.48237133,0.5374068
XGBoost,val,77.504183_12.858799,2023-08-01,0.6010126,0.6442181
XGBoost,val,77.504183_13.083377,2023-08-01,0.57529837,0.60895073
XGBoost,val,77.504183_13.141768,2023-08-01,0.4678611,0.51311094
XGBoost,val,77.504183_13.159734,2023-08-01,0.5159048,0.5533636
XGBoost,val,77.508675_12.751001,2023-08-01,0.6390444,0.6573466
XGBoost,val,77.508675_12.795916,2023-08-01,0.54150575,0.5890943
XGBoost,val,77.508675_12.831849,2023-08-01,0.5083419,0.56006634
XGBoost,val,77.508675_12.836341,2023-08-01,0.5633642,0.5977165
XGBoost,val,77.508675_12.845324,2023-08-01,0.5259032,0.55972147
XGBoost,val,77.508675_13.114818,2023-08-01,0.4280081,0.46578467
XGBoost,val,77.508675_13.137276,2023-08-01,0.41508892,0.46973747
XGBoost,val,77.508675_13.159734,2023-08-01,0.5301677,0.56738895
XGBoost,val,77.513166_12.746509,2023-08-01,0.7516549,0.7741232
XGBoost,val,77.513166_12.764475,2023-08-01,0.5086137,0.55481744
XGBoost,val,77.513166_12.77795,2023-08-01,0.63130146,0.6479688
XGBoost,val,77.513166_12.822866,2023-08-01,0.60699487,0.6351784
XGBoost,val,77.513166_13.087869,2023-08-01,0.56028646,0.605369
XGBoost,val,77.513166_13.096852,2023-08-01,0.6057085,0.64967406
XGBoost,val,77.513166_13.137276,2023-08-01,0.3801739,0.43676057
XGBoost,val,77.517658_12.764475,2023-08-01,0.6055458,0.6111274
XGBoost,val,77.517658_12.77795,2023-08-01,0.5754461,0.6025357
XGBoost,val,77.517658_12.782442,2023-08-01,0.5803882,0.60221076
XGBoost,val,77.517658_12.795916,2023-08-01,0.5504695,0.593668
XGBoost,val,77.517658_12.827358,2023-08-01,0.52281106,0.56649685
XGBoost,val,77.517658_12.849815,2023-08-01,0.4934579,0.5308711
XGBoost,val,77.517658_13.11931,2023-08-01,0.3727002,0.42128116
XGBoost,val,77.522149_12.751001,2023-08-01,0.6719515,0.6948161
XGBoost,val,77.522149_12.755492,2023-08-01,0.6350501,0.6581739
XGBoost,val,77.522149_12.759984,2023-08-01,0.66026366,0.68518144
XGBoost,val,77.522149_12.782442,2023-08-01,0.6117539,0.6317442
XGBoost,val,77.522149_12.809391,2023-08-01,0.7745795,0.7910695
XGBoost,val,77.522149_12.813883,2023-08-01,0.4805011,0.5230491
XGBoost,val,77.522149_12.818374,2023-08-01,0.45327255,0.4922975
XGBoost,val,77.522149_12.836341,2023-08-01,0.52781206,0.5653995
XGBoost,val,77.522149_12.845324,2023-08-01,0.54229635,0.56519276
XGBoost,val,77.522149_13.056428,2023-08-01,0.65120584,0.66314876
XGBoost,val,77.522149_13.078886,2023-08-01,0.59094596,0.6229026
XGBoost,val,77.522149_13.146259,2023-08-01,0.34314892,0.39587685
XGBoost,val,77.526641_12.751001,2023-08-01,0.650957,0.67732185
XGBoost,val,77.526641_12.840832,2023-08-01,0.5909079,0.6349555
XGBoost,val,77.526641_13.078886,2023-08-01,0.59135973,0.6160857
XGBoost,val,77.526641_13.105835,2023-08-01,0.41756323,0.45483267
XGBoost,val,77.526641_13.110327,2023-08-01,0.38746446,0.43966842
XGBoost,val,77.531133_12.791425,2023-08-01,0.5370453,0.5697486
XGBoost,val,77.531133_12.795916,2023-08-01,0.5685643,0.6029525
XGBoost,val,77.531133_12.800408,2023-08-01,0.5563185,0.5938124
XGBoost,val,77.531133_12.822866,2023-08-01,0.5214089,0.55676264
XGBoost,val,77.531133_12.827358,2023-08-01,0.5309928,0.575051
XGBoost,val,77.531133_13.083377,2023-08-01,0.56018484,0.5988488
XGBoost,val,77.531133_13.114818,2023-08-01,0.40253058,0.44318485
XGBoost,val,77.535624_12.77795,2023-08-01,0.74191105,0.77215356
XGBoost,val,77.535624_12.822866,2023-08-01,0.65128255,0.6800613
XGBoost,val,77.535624_12.872273,2023-08-01,0.4076403,0.4580538
XGBoost,val,77.535624_13.069903,2023-08-01,0.6998652,0.7283822
XGBoost,val,77.535624_13.083377,2023-08-01,0.541569,0.59461135
XGBoost,val,77.535624_13.096852,2023-08-01,0.43977717,0.4927549
XGBoost,val,77.535624_13.114818,2023-08-01,0.44315094,0.47728258
XGBoost,val,77.535624_13.132785,2023-08-01,0.46296751,0.49520975
XGBoost,val,77.535624_13.137276,2023-08-01,0.38490617,0.42940947
XGBoost,val,77.540116_12.77795,2023-08-01,0.5713084,0.60543084
XGBoost,val,77.540116_12.795916,2023-08-01,0.6074726,0.63818824
XGBoost,val,77.540116_13.042953,2023-08-01,0.55454135,0.5951289
XGBoost,val,77.540116_13.074394,2023-08-01,0.6013842,0.6256096
XGBoost,val,77.540116_13.092361,2023-08-01,0.40895313,0.4485573
XGBoost,val,77.540116_13.101344,2023-08-01,0.41126946,0.4397266
XGBoost,val,77.540116_13.105835,2023-08-01,0.43337587,0.46388334
XGBoost,val,77.540116_13.114818,2023-08-01,0.42621523,0.45442694
XGBoost,val,77.540116_13.132785,2023-08-01,0.4342278,0.47665638
XGBoost,val,77.540116_13.155243,2023-08-01,0.48591593,0.5330366
XGBoost,val,77.544607_13.218125,2023-08-01,0.46042347,0.5032446
XGBoost,val,77.549099_12.822866,2023-08-01,0.7343645,0.76315176
XGBoost,val,77.549099_12.831849,2023-08-01,0.6201688,0.65275383
XGBoost,val,77.549099_12.836341,2023-08-01,0.61081743,0.6345437
XGBoost,val,77.549099_12.876765,2023-08-01,0.4897474,0.5332729
XGBoost,val,77.549099_13.096852,2023-08-01,0.48996854,0.5361961
XGBoost,val,77.549099_13.132785,2023-08-01,0.6342326,0.66020507
XGBoost,val,77.55359_12.71956,2023-08-01,0.7490659,0.7725505
XGBoost,val,77.55359_12.782442,2023-08-01,0.6845054,0.70137423
XGBoost,val,77.55359_13.069903,2023-08-01,0.71457034,0.7498182
XGBoost,val,77.55359_13.101344,2023-08-01,0.40835592,0.44784358
XGBoost,val,77.55359_13.110327,2023-08-01,0.478023,0.5238179
XGBoost,val,77.55359_13.128293,2023-08-01,0.6060548,0.63685733
XGBoost,val,77.55359_13.168717,2023-08-01,0.49005988,0.51729804
XGBoost,val,77.55359_13.173209,2023-08-01,0.41387603,0.44594836
XGBoost,val,77.558082_12.710577,2023-08-01,0.75923574,0.7770917
XGBoost,val,77.558082_12.827358,2023-08-01,0.6786394,0.7154379
XGBoost,val,77.558082_12.845324,2023-08-01,0.65815896,0.6964923
XGBoost,val,77.558082_13.042953,2023-08-01,0.64640164,0.67217296
XGBoost,val,77.558082_13.051936,2023-08-01,0.6963596,0.7309489
XGBoost,val,77.558082_13.110327,2023-08-01,0.49026138,0.53991467
XGBoost,val,77.558082_13.168717,2023-08-01,0.48712042,0.5218062
XGBoost,val,77.558082_13.1777,2023-08-01,0.45782402,0.48622745
XGBoost,val,77.562574_12.71956,2023-08-01,0.76307994,0.77908325
XGBoost,val,77.562574_12.827358,2023-08-01,0.68511003,0.7231872
XGBoost,val,77.562574_12.858799,2023-08-01,0.42185912,0.46493623
XGBoost,val,77.562574_13.141768,2023-08-01,0.43195477,0.4560935
XGBoost,val,77.562574_13.159734,2023-08-01,0.47706285,0.5207176
XGBoost,val,77.562574_13.173209,2023-08-01,0.47855937,0.51808333
XGBoost,val,77.567065_12.724051,2023-08-01,0.7402916,0.7603094
XGBoost,val,77.567065_12.849815,2023-08-01,0.64797276,0.6864842
XGBoost,val,77.567065_13.105835,2023-08-01,0.5650285,0.5972734
XGBoost,val,77.567065_13.114818,2023-08-01,0.6461107,0.67440695
XGBoost,val,77.567065_13.182192,2023-08-01,0.4892503,0.53539246
XGBoost,val,77.571557_12.71956,2023-08-01,0.74161416,0.77302045
XGBoost,val,77.571557_12.800408,2023-08-01,0.67110264,0.6890228
XGBoost,val,77.571557_12.849815,2023-08-01,0.66098636,0.69364893
XGBoost,val,77.571557_13.141768,2023-08-01,0.44068143,0.47463927
XGBoost,val,77.571557_13.146259,2023-08-01,0.45598763,0.500717
XGBoost,val,77.576048_12.71956,2023-08-01,0.7243686,0.7581234
XGBoost,val,77.576048_12.728543,2023-08-01,0.75061125,0.7723285
XGBoost,val,77.576048_12.827358,2023-08-01,0.617833,0.64782906
XGBoost,val,77.58054_12.800408,2023-08-01,0.7058064,0.73705685
XGBoost,val,77.58054_12.845324,2023-08-01,0.6764125,0.7081744
XGBoost,val,77.58054_13.083377,2023-08-01,0.5101775,0.54493386
XGBoost,val,77.58054_13.087869,2023-08-01,0.4718644,0.5112037
XGBoost,val,77.585031_12.849815,2023-08-01,0.6828836,0.6961833
XGBoost,val,77.585031_13.042953,2023-08-01,0.69108284,0.7176829
XGBoost,val,77.585031_13.137276,2023-08-01,0.46647674,0.50473636
XGBoost,val,77.589523_12.71956,2023-08-01,0.8123385,0.8080085
XGBoost,val,77.589523_12.746509,2023-08-01,0.7146197,0.7264286
XGBoost,val,77.589523_12.971088,2023-08-01,0.7602962,0.7689602
XGBoost,val,77.589523_13.083377,2023-08-01,0.5852513,0.6135564
XGBoost,val,77.589523_13.150751,2023-08-01,0.4571564,0.49441496
XGBoost,val,77.594015_12.724051,2023-08-01,0.8258819,0.8089536
XGBoost,val,77.594015_12.733034,2023-08-01,0.79428035,0.79955995
XGBoost,val,77.594015_12.831849,2023-08-01,0.58536977,0.60642546
XGBoost,val,77.594015_12.836341,2023-08-01,0.61615646,0.64953333
XGBoost,val,77.594015_12.840832,2023-08-01,0.6288712,0.6504205
XGBoost,val,77.594015_12.849815,2023-08-01,0.6180476,0.6494218
XGBoost,val,77.594015_12.998037,2023-08-01,0.7231742,0.76534146
XGBoost,val,77.594015_13.087869,2023-08-01,0.59088844,0.62746847
XGBoost,val,77.598506_12.665661,2023-08-01,0.7690168,0.78305614
XGBoost,val,77.598506_12.710577,2023-08-01,0.679177,0.68940836
XGBoost,val,77.598506_12.822866,2023-08-01,0.61319494,0.6312105
XGBoost,val,77.598506_12.849815,2023-08-01,0.69845366,0.7318662
XGBoost,val,77.598506_13.083377,2023-08-01,0.5790623,0.60918504
XGBoost,val,77.602998_12.710577,2023-08-01,0.70206386,0.72802293
XGBoost,val,77.602998_12.827358,2023-08-01,0.4901008,0.5246629
XGBoost,val,77.602998_13.114818,2023-08-01,0.5675336,0.59383893
XGBoost,val,77.602998_13.11931,2023-08-01,0.56950057,0.6006979
XGBoost,val,77.602998_13.164226,2023-08-01,0.46304986,0.5087633
XGBoost,val,77.607489_12.768967,2023-08-01,0.61163306,0.6470093
XGBoost,val,77.607489_12.773459,2023-08-01,0.5888619,0.61137396
XGBoost,val,77.607489_12.791425,2023-08-01,0.5298744,0.57677966
XGBoost,val,77.607489_12.809391,2023-08-01,0.64562213,0.67333966
XGBoost,val,77.607489_12.818374,2023-08-01,0.6827088,0.71684045
XGBoost,val,77.607489_13.087869,2023-08-01,0.72689724,0.76972026
XGBoost,val,77.611981_12.674644,2023-08-01,0.78616846,0.80037904
XGBoost,val,77.611981_12.768967,2023-08-01,0.5620232,0.5902784
XGBoost,val,77.611981_12.831849,2023-08-01,0.55700177,0.5649795
XGBoost,val,77.611981_12.953122,2023-08-01,0.717679,0.76411897
XGBoost,val,77.611981_13.105835,2023-08-01,0.53160167,0.5647328
XGBoost,val,77.611981_13.168717,2023-08-01,0.40604243,0.44638047
XGBoost,val,77.611981_13.182192,2023-08-01,0.3568625,0.40639552
XGBoost,val,77.616473_12.831849,2023-08-01,0.61907035,0.6466392
XGBoost,val,77.616473_13.114818,2023-08-01,0.5538068,0.59418535
XGBoost,val,77.616473_13.1777,2023-08-01,0.37093782,0.4126982
XGBoost,val,77.620964_12.674644,2023-08-01,0.79658306,0.8069633
XGBoost,val,77.620964_12.795916,2023-08-01,0.43163955,0.4709095
XGBoost,val,77.620964_12.813883,2023-08-01,0.44020832,0.47865617
XGBoost,val,77.625456_12.782442,2023-08-01,0.51458937,0.5464356
XGBoost,val,77.625456_13.065411,2023-08-01,0.39609605,0.43863344
XGBoost,val,77.625456_13.155243,2023-08-01,0.6358319,0.6549475
XGBoost,val,77.625456_13.182192,2023-08-01,0.43448028,0.4853815
XGBoost,val,77.629947_12.795916,2023-08-01,0.75844693,0.7782877
XGBoost,val,77.629947_12.809391,2023-08-01,0.45789856,0.5057588
XGBoost,val,77.629947_13.06092,2023-08-01,0.4146871,0.45301446
XGBoost,val,77.629947_13.087869,2023-08-01,0.42783892,0.47323063
XGBoost,val,77.629947_13.1777,2023-08-01,0.447205,0.48530295
XGBoost,val,77.634439_12.679136,2023-08-01,0.7692249,0.78524524
XGBoost,val,77.634439_12.701593,2023-08-01,0.7188831,0.7599686
XGBoost,val,77.634439_12.733034,2023-08-01,0.47826785,0.5197259
XGBoost,val,77.634439_12.746509,2023-08-01,0.51708853,0.547146
XGBoost,val,77.634439_12.751001,2023-08-01,0.5190347,0.55327785
XGBoost,val,77.634439_13.083377,2023-08-01,0.3981177,0.45044243
XGBoost,val,77.63893_12.688119,2023-08-01,0.67867947,0.7044578
XGBoost,val,77.63893_12.742018,2023-08-01,0.53608376,0.5705554
XGBoost,val,77.63893_12.791425,2023-08-01,0.5224119,0.56217647
XGBoost,val,77.63893_12.800408,2023-08-01,0.46935973,0.5050544
XGBoost,val,77.63893_12.818374,2023-08-01,0.4636925,0.501459
XGBoost,val,77.63893_12.840832,2023-08-01,0.61388654,0.64858985
XGBoost,val,77.63893_12.989054,2023-08-01,0.63874644,0.67168665
XGBoost,val,77.63893_13.078886,2023-08-01,0.4324116,0.46526998
XGBoost,val,77.63893_13.083377,2023-08-01,0.39769801,0.4430109
XGBoost,val,77.63893_13.1777,2023-08-01,0.43475613,0.46958965
XGBoost,val,77.643422_12.795916,2023-08-01,0.47794515,0.51469886
XGBoost,val,77.643422_12.800408,2023-08-01,0.48116693,0.5188168
XGBoost,val,77.643422_12.809391,2023-08-01,0.49470145,0.53755665
XGBoost,val,77.643422_13.164226,2023-08-01,0.56955314,0.6014119
XGBoost,val,77.647914_12.688119,2023-08-01,0.7035855,0.74319273
XGBoost,val,77.647914_12.733034,2023-08-01,0.53696936,0.5764755
XGBoost,val,77.647914_13.168717,2023-08-01,0.7122859,0.7584187
XGBoost,val,77.652405_12.697102,2023-08-01,0.66960543,0.70115936
XGBoost,val,77.652405_12.773459,2023-08-01,0.4618316,0.5076155
XGBoost,val,77.652405_12.795916,2023-08-01,0.42050055,0.4614596
XGBoost,val,77.652405_12.8049,2023-08-01,0.51410306,0.55993223
XGBoost,val,77.656897_12.742018,2023-08-01,0.52640384,0.5591209
XGBoost,val,77.656897_12.746509,2023-08-01,0.5171795,0.554099
XGBoost,val,77.656897_12.768967,2023-08-01,0.51437426,0.54777575
XGBoost,val,77.656897_12.791425,2023-08-01,0.43474907,0.47754434
XGBoost,val,77.656897_12.800408,2023-08-01,0.54091763,0.5708077
XGBoost,val,77.656897_12.849815,2023-08-01,0.41949007,0.46507502
XGBoost,val,77.656897_13.101344,2023-08-01,0.4626897,0.5031004
XGBoost,val,77.656897_13.164226,2023-08-01,0.4492219,0.48643488
XGBoost,val,77.656897_13.173209,2023-08-01,0.4115852,0.43546987
XGBoost,val,77.661388_12.737526,2023-08-01,0.55204296,0.59286386
XGBoost,val,77.661388_12.759984,2023-08-01,0.5457179,0.58551276
XGBoost,val,77.661388_13.074394,2023-08-01,0.51425475,0.56548005
XGBoost,val,77.661388_13.087869,2023-08-01,0.42893893,0.46999308
XGBoost,val,77.661388_13.101344,2023-08-01,0.43461233,0.48503354
XGBoost,val,77.661388_13.110327,2023-08-01,0.507308,0.5500337
XGBoost,val,77.661388_13.11931,2023-08-01,0.5814491,0.60721666
XGBoost,val,77.66588_12.679136,2023-08-01,0.64225864,0.6690716
XGBoost,val,77.66588_12.697102,2023-08-01,0.6130993,0.64970946
XGBoost,val,77.66588_12.715068,2023-08-01,0.6349993,0.6570174
XGBoost,val,77.66588_12.724051,2023-08-01,0.6052492,0.6323416
XGBoost,val,77.66588_12.751001,2023-08-01,0.5001024,0.53358406
XGBoost,val,77.66588_12.755492,2023-08-01,0.5571065,0.59372497
XGBoost,val,77.66588_12.764475,2023-08-01,0.5368113,0.5768239
XGBoost,val,77.66588_12.768967,2023-08-01,0.6866462,0.73115903
XGBoost,val,77.66588_12.791425,2023-08-01,0.5950076,0.60900575
XGBoost,val,77.66588_12.953122,2023-08-01,0.54521084,0.5836431
XGBoost,val,77.670371_12.71956,2023-08-01,0.6378896,0.66957545
XGBoost,val,77.670371_12.894731,2023-08-01,0.40443426,0.4458718
XGBoost,val,77.670371_13.069903,2023-08-01,0.39494735,0.44637033
XGBoost,val,77.670371_13.083377,2023-08-01,0.37080818,0.419346
XGBoost,val,77.670371_13.092361,2023-08-01,0.37958458,0.4269454
XGBoost,val,77.670371_13.128293,2023-08-01,0.49521825,0.5466268
XGBoost,val,77.674863_12.674644,2023-08-01,0.69941235,0.7277362
XGBoost,val,77.674863_12.71956,2023-08-01,0.6413477,0.67272836
XGBoost,val,77.674863_12.755492,2023-08-01,0.49593586,0.5297549
XGBoost,val,77.674863_12.764475,2023-08-01,0.49503878,0.5381437
XGBoost,val,77.674863_12.786933,2023-08-01,0.49508318,0.5453084
XGBoost,val,77.674863_12.836341,2023-08-01,0.5185679,0.5473611
XGBoost,val,77.674863_13.069903,2023-08-01,0.36069226,0.41260564
XGBoost,val,77.674863_13.092361,2023-08-01,0.42586392,0.46703136
XGBoost,val,77.674863_13.105835,2023-08-01,0.47525492,0.5301371
XGBoost,val,77.679355_12.697102,2023-08-01,0.49940115,0.5373713
XGBoost,val,77.679355_12.746509,2023-08-01,0.67689586,0.697219
XGBoost,val,77.679355_12.89024,2023-08-01,0.4926934,0.53962904
XGBoost,val,77.679355_12.899223,2023-08-01,0.39402556,0.43747988
XGBoost,val,77.679355_13.074394,2023-08-01,0.4159791,0.4669107
XGBoost,val,77.679355_13.101344,2023-08-01,0.4549844,0.4905666
XGBoost,val,77.679355_13.141768,2023-08-01,0.49960634,0.5417209
XGBoost,val,77.679355_13.155243,2023-08-01,0.39950696,0.44346243
XGBoost,val,77.683846_12.728543,2023-08-01,0.5406936,0.5767098
XGBoost,val,77.683846_12.742018,2023-08-01,0.49239817,0.5220612
XGBoost,val,77.683846_12.755492,2023-08-01,0.6985604,0.73440826
XGBoost,val,77.683846_12.795916,2023-08-01,0.5008647,0.53643143
XGBoost,val,77.683846_12.8049,2023-08-01,0.47797328,0.51721275
XGBoost,val,77.683846_12.836341,2023-08-01,0.5905467,0.6094528
XGBoost,val,77.683846_12.840832,2023-08-01,0.58794004,0.62146074
XGBoost,val,77.683846_12.894731,2023-08-01,0.49187815,0.53901875
XGBoost,val,77.683846_12.917189,2023-08-01,0.3914518,0.45346966
XGBoost,val,77.683846_12.939647,2023-08-01,0.6872398,0.7236502
XGBoost,val,77.683846_13.06092,2023-08-01,0.44561166,0.48236814
XGBoost,val,77.683846_13.074394,2023-08-01,0.37746602,0.4312213
XGBoost,val,77.683846_13.11931,2023-08-01,0.3644419,0.40491703
XGBoost,val,77.683846_13.123802,2023-08-01,0.4272226,0.4705734
XGBoost,val,77.688338_12.656678,2023-08-01,0.69910216,0.71776515
XGBoost,val,77.688338_12.69261,2023-08-01,0.77841675,0.80297506
XGBoost,val,77.688338_12.697102,2023-08-01,0.7907621,0.8076344
XGBoost,val,77.688338_12.710577,2023-08-01,0.7953129,0.80506104
XGBoost,val,77.688338_12.751001,2023-08-01,0.570144,0.5994887
XGBoost,val,77.688338_12.755492,2023-08-01,0.5262857,0.57380885
XGBoost,val,77.688338_12.885748,2023-08-01,0.4885907,0.523923
XGBoost,val,77.688338_12.966596,2023-08-01,0.55062354,0.5980073
XGBoost,val,77.692829_12.746509,2023-08-01,0.44846594,0.48615542
XGBoost,val,77.692829_12.800408,2023-08-01,0.4431097,0.4867979
XGBoost,val,77.692829_12.845324,2023-08-01,0.6288411,0.6507293
XGBoost,val,77.692829_12.885748,2023-08-01,0.52679896,0.56802493
XGBoost,val,77.692829_12.899223,2023-08-01,0.438474,0.4812894
XGBoost,val,77.692829_13.06092,2023-08-01,0.57611674,0.6006667
XGBoost,val,77.692829_13.065411,2023-08-01,0.54890186,0.56389886
XGBoost,val,77.692829_13.083377,2023-08-01,0.3816027,0.43182337
XGBoost,val,77.692829_13.096852,2023-08-01,0.39555138,0.42840776
XGBoost,val,77.692829_13.132785,2023-08-01,0.38203606,0.42510724
XGBoost,val,77.692829_13.155243,2023-08-01,0.38353413,0.43294978
XGBoost,val,77.697321_12.697102,2023-08-01,0.788589,0.8001001
XGBoost,val,77.697321_12.751001,2023-08-01,0.51718533,0.5440184
XGBoost,val,77.697321_12.773459,2023-08-01,0.45893997,0.49261707
XGBoost,val,77.697321_12.791425,2023-08-01,0.5578145,0.59265584
XGBoost,val,77.697321_12.885748,2023-08-01,0.5279455,0.57115644
XGBoost,val,77.697321_12.894731,2023-08-01,0.47676596,0.50890464
XGBoost,val,77.697321_12.966596,2023-08-01,0.52293974,0.5696498
XGBoost,val,77.697321_13.132785,2023-08-01,0.3901277,0.43095383
XGBoost,val,77.697321_13.150751,2023-08-01,0.43819666,0.47594494
XGBoost,val,77.701812_12.742018,2023-08-01,0.48089656,0.51125944
XGBoost,val,77.701812_12.77795,2023-08-01,0.45853427,0.49631137
XGBoost,val,77.701812_12.8049,2023-08-01,0.5388269,0.5812387
XGBoost,val,77.701812_12.822866,2023-08-01,0.5146659,0.54496264
XGBoost,val,77.701812_12.984563,2023-08-01,0.45870805,0.50002044
XGBoost,val,77.701812_13.114818,2023-08-01,0.49014252,0.5200286
XGBoost,val,77.706304_12.746509,2023-08-01,0.48478255,0.5144957
XGBoost,val,77.706304_12.751001,2023-08-01,0.50259274,0.53966695
XGBoost,val,77.706304_12.759984,2023-08-01,0.4083198,0.44093525
XGBoost,val,77.706304_12.764475,2023-08-01,0.48189387,0.5081884
XGBoost,val,77.706304_12.86329,2023-08-01,0.37862056,0.41010395
XGBoost,val,77.706304_12.984563,2023-08-01,0.46171018,0.5016742
XGBoost,val,77.706304_13.137276,2023-08-01,0.74220556,0.7714553
XGBoost,val,77.710796_12.715068,2023-08-01,0.5991292,0.63884807
XGBoost,val,77.710796_12.894731,2023-08-01,0.5615754,0.6014704
XGBoost,val,77.710796_12.899223,2023-08-01,0.49234998,0.52823573
XGBoost,val,77.710796_13.03397,2023-08-01,0.42153302,0.48999467
XGBoost,val,77.710796_13.11931,2023-08-01,0.42329353,0.4679262
XGBoost,val,77.710796_13.123802,2023-08-01,0.39430317,0.43084112
XGBoost,val,77.710796_13.132785,2023-08-01,0.45077598,0.49241075
XGBoost,val,77.710796_13.150751,2023-08-01,0.38030776,0.43241704
XGBoost,val,77.715287_12.679136,2023-08-01,0.67767084,0.71305144
XGBoost,val,77.715287_12.742018,2023-08-01,0.4761301,0.5040601
XGBoost,val,77.715287_12.773459,2023-08-01,0.45089817,0.48145
XGBoost,val,77.715287_12.822866,2023-08-01,0.5043258,0.5267633
XGBoost,val,77.715287_12.827358,2023-08-01,0.4460318,0.48880002
XGBoost,val,77.715287_12.845324,2023-08-01,0.37967005,0.4367566
XGBoost,val,77.715287_12.885748,2023-08-01,0.5376387,0.5789634
XGBoost,val,77.715287_12.899223,2023-08-01,0.3944068,0.43708736
XGBoost,val,77.715287_12.944139,2023-08-01,0.7224811,0.760485
XGBoost,val,77.715287_12.94863,2023-08-01,0.5797549,0.6101669
XGBoost,val,77.715287_13.016004,2023-08-01,0.5048118,0.55152583
XGBoost,val,77.715287_13.029478,2023-08-01,0.35715646,0.40598273
XGBoost,val,77.715287_13.038462,2023-08-01,0.49837297,0.54574454
XGBoost,val,77.715287_13.096852,2023-08-01,0.3368558,0.380695
XGBoost,val,77.715287_13.114818,2023-08-01,0.5007597,0.54277056
XGBoost,val,77.715287_13.128293,2023-08-01,0.45805082,0.49744222
XGBoost,val,77.719779_12.706085,2023-08-01,0.6177047,0.6507986
XGBoost,val,77.719779_12.746509,2023-08-01,0.6795866,0.709257
XGBoost,val,77.719779_12.795916,2023-08-01,0.47149187,0.5030145
XGBoost,val,77.719779_12.840832,2023-08-01,0.5020191,0.5501155
XGBoost,val,77.719779_12.903714,2023-08-01,0.40818876,0.45036128
XGBoost,val,77.719779_13.069903,2023-08-01,0.3885271,0.4412243
XGBoost,val,77.719779_13.105835,2023-08-01,0.42100015,0.46421218
XGBoost,val,77.719779_13.123802,2023-08-01,0.4111272,0.4459816
XGBoost,val,77.719779_13.137276,2023-08-01,0.42599875,0.46897164
XGBoost,val,77.72427_12.674644,2023-08-01,0.5293505,0.56695616
XGBoost,val,77.72427_12.697102,2023-08-01,0.4729913,0.51414114
XGBoost,val,77.72427_12.701593,2023-08-01,0.50883615,0.55604786
XGBoost,val,77.72427_12.724051,2023-08-01,0.51710254,0.5528803
XGBoost,val,77.72427_12.786933,2023-08-01,0.4737075,0.5079885
XGBoost,val,77.72427_12.791425,2023-08-01,0.4799503,0.5150125
XGBoost,val,77.72427_12.840832,2023-08-01,0.47279617,0.51668155
XGBoost,val,77.72427_12.867782,2023-08-01,0.41622508,0.46012753
XGBoost,val,77.72427_12.885748,2023-08-01,0.46357366,0.5010968
XGBoost,val,77.72427_13.024987,2023-08-01,0.772555,0.7891394
XGBoost,val,77.72427_13.06092,2023-08-01,0.40333012,0.44862872
XGBoost,val,77.72427_13.074394,2023-08-01,0.4251623,0.4716261
XGBoost,val,77.728762_12.706085,2023-08-01,0.6168256,0.65015537
XGBoost,val,77.728762_12.724051,2023-08-01,0.62807274,0.6566565
XGBoost,val,77.728762_12.759984,2023-08-01,0.48613733,0.51951295
XGBoost,val,77.728762_12.782442,2023-08-01,0.52932155,0.5559239
XGBoost,val,77.728762_12.809391,2023-08-01,0.49173445,0.5111197
XGBoost,val,77.728762_12.858799,2023-08-01,0.5223573,0.569248
XGBoost,val,77.728762_12.876765,2023-08-01,0.53536564,0.57476956
XGBoost,val,77.728762_12.885748,2023-08-01,0.45666403,0.49299395
XGBoost,val,77.728762_13.016004,2023-08-01,0.76446456,0.79477197
XGBoost,val,77.728762_13.047445,2023-08-01,0.46415797,0.50688857
XGBoost,val,77.728762_13.087869,2023-08-01,0.4692497,0.5141562
XGBoost,val,77.728762_13.092361,2023-08-01,0.44104373,0.481329
XGBoost,val,77.733253_12.755492,2023-08-01,0.43147922,0.4646621
XGBoost,val,77.733253_12.795916,2023-08-01,0.46571305,0.5061003
XGBoost,val,77.733253_12.86329,2023-08-01,0.54084414,0.5871974
XGBoost,val,77.733253_12.872273,2023-08-01,0.54237866,0.5770577
XGBoost,val,77.733253_13.056428,2023-08-01,0.36278006,0.41760272
XGBoost,val,77.737745_12.764475,2023-08-01,0.42546463,0.45973706
XGBoost,val,77.737745_12.791425,2023-08-01,0.4618526,0.50320923
XGBoost,val,77.737745_12.809391,2023-08-01,0.45038328,0.48023942
XGBoost,val,77.737745_12.858799,2023-08-01,0.47111416,0.51156956
XGBoost,val,77.737745_12.872273,2023-08-01,0.52344507,0.5697216
XGBoost,val,77.737745_12.881256,2023-08-01,0.54998916,0.59804666
XGBoost,val,77.737745_13.051936,2023-08-01,0.36929655,0.41872728
XGBoost,val,77.737745_13.06092,2023-08-01,0.41230252,0.4635692
XGBoost,val,77.737745_13.101344,2023-08-01,0.37451208,0.41919842
XGBoost,val,77.742237_12.697102,2023-08-01,0.6412635,0.6712688
XGBoost,val,77.742237_12.764475,2023-08-01,0.44515565,0.4816433
XGBoost,val,77.742237_12.795916,2023-08-01,0.45640427,0.48697716
XGBoost,val,77.742237_12.8049,2023-08-01,0.47815755,0.51776224
XGBoost,val,77.742237_12.86329,2023-08-01,0.40092766,0.43980026
XGBoost,val,77.742237_12.867782,2023-08-01,0.53613055,0.5747682
XGBoost,val,77.742237_12.89024,2023-08-01,0.5490832,0.58630985
XGBoost,val,77.742237_12.899223,2023-08-01,0.52814543,0.57742435
XGBoost,val,77.742237_12.921681,2023-08-01,0.4650572,0.48975247
XGBoost,val,77.742237_12.980071,2023-08-01,0.5075064,0.54429746
XGBoost,val,77.742237_13.002529,2023-08-01,0.5364121,0.5781527
XGBoost,val,77.742237_13.016004,2023-08-01,0.51961774,0.5634164
XGBoost,val,77.742237_13.038462,2023-08-01,0.3882667,0.43434095
XGBoost,val,77.742237_13.074394,2023-08-01,0.35918987,0.4058504
XGBoost,val,77.742237_13.101344,2023-08-01,0.405604,0.44368228
XGBoost,val,77.746728_12.751001,2023-08-01,0.48155314,0.5197466
XGBoost,val,77.746728_12.764475,2023-08-01,0.47263774,0.502749
XGBoost,val,77.746728_12.782442,2023-08-01,0.52828836,0.57213503
XGBoost,val,77.746728_12.97558,2023-08-01,0.53923136,0.5620079
XGBoost,val,77.746728_12.984563,2023-08-01,0.5137183,0.55655485
XGBoost,val,77.746728_13.016004,2023-08-01,0.5527669,0.5860658
XGBoost,val,77.746728_13.020495,2023-08-01,0.58364755,0.63087714
XGBoost,val,77.746728_13.024987,2023-08-01,0.4766448,0.51456916
XGBoost,val,77.746728_13.038462,2023-08-01,0.39948013,0.43905577
XGBoost,val,77.746728_13.06092,2023-08-01,0.33913505,0.39097527
XGBoost,val,77.75122_12.751001,2023-08-01,0.47795424,0.5082446
XGBoost,val,77.75122_12.755492,2023-08-01,0.5310668,0.57802093
XGBoost,val,77.75122_12.768967,2023-08-01,0.43538693,0.46390113
XGBoost,val,77.75122_12.77795,2023-08-01,0.4885158,0.5158947
XGBoost,val,77.75122_12.894731,2023-08-01,0.45509204,0.5001173
XGBoost,val,77.75122_12.993546,2023-08-01,0.43752638,0.48633385
XGBoost,val,77.75122_13.020495,2023-08-01,0.5014799,0.5442429
XGBoost,val,77.75122_13.03397,2023-08-01,0.43581465,0.47317106
XGBoost,val,77.75122_13.038462,2023-08-01,0.36011586,0.39986625
XGBoost,val,77.755711_12.706085,2023-08-01,0.5556159,0.5805286
XGBoost,val,77.755711_12.764475,2023-08-01,0.7811249,0.8071717
XGBoost,val,77.755711_12.77795,2023-08-01,0.46752393,0.49211907
XGBoost,val,77.755711_12.822866,2023-08-01,0.44645044,0.488611
XGBoost,val,77.755711_12.831849,2023-08-01,0.4146356,0.46645418
XGBoost,val,77.755711_12.858799,2023-08-01,0.48974985,0.52780044
XGBoost,val,77.755711_12.885748,2023-08-01,0.49003673,0.5298181
XGBoost,val,77.755711_12.899223,2023-08-01,0.40815702,0.45279092
XGBoost,val,77.755711_12.903714,2023-08-01,0.46025357,0.49577606
XGBoost,val,77.755711_12.926172,2023-08-01,0.4820225,0.5279377
XGBoost,val,77.760203_12.751001,2023-08-01,0.4763336,0.5162867
XGBoost,val,77.760203_12.795916,2023-08-01,0.41638547,0.455941
XGBoost,val,77.760203_12.818374,2023-08-01,0.555293,0.5855389
XGBoost,val,77.760203_12.867782,2023-08-01,0.43646687,0.4770129
XGBoost,val,77.760203_12.872273,2023-08-01,0.46036226,0.5027983
XGBoost,val,77.760203_12.876765,2023-08-01,0.4316087,0.46990716
XGBoost,val,77.760203_12.885748,2023-08-01,0.47271088,0.49982542
XGBoost,val,77.760203_12.984563,2023-08-01,0.5101907,0.556203
XGBoost,val,77.764695_12.742018,2023-08-01,0.65832627,0.6835394
XGBoost,val,77.764695_12.746509,2023-08-01,0.6444362,0.6755958
XGBoost,val,77.764695_12.813883,2023-08-01,0.49372616,0.52753
XGBoost,val,77.764695_12.849815,2023-08-01,0.46568012,0.5017926
XGBoost,val,77.764695_12.885748,2023-08-01,0.4883825,0.5174407
XGBoost,val,77.764695_12.912697,2023-08-01,0.48457056,0.5320016
XGBoost,val,77.764695_13.03397,2023-08-01,0.3554344,0.3968423
XGBoost,val,77.769186_12.791425,2023-08-01,0.42402723,0.46090525
XGBoost,val,77.769186_12.800408,2023-08-01,0.48850775,0.53343254
XGBoost,val,77.769186_12.8049,2023-08-01,0.5391684,0.5862981
XGBoost,val,77.769186_12.809391,2023-08-01,0.4478647,0.48770025
XGBoost,val,77.769186_12.876765,2023-08-01,0.48465222,0.52215505
XGBoost,val,77.769186_12.894731,2023-08-01,0.46259502,0.5005092
XGBoost,val,77.769186_13.016004,2023-08-01,0.435043,0.4722498
XGBoost,val,77.773678_12.746509,2023-08-01,0.67008424,0.68888223
XGBoost,val,77.773678_12.858799,2023-08-01,0.43730584,0.4737036
XGBoost,val,77.773678_12.885748,2023-08-01,0.47121304,0.5069079
XGBoost,val,77.773678_12.899223,2023-08-01,0.4187382,0.46278045
XGBoost,val,77.773678_12.908206,2023-08-01,0.48207337,0.5176395
XGBoost,val,77.778169_12.809391,2023-08-01,0.42550835,0.46571675
XGBoost,val,77.778169_12.885748,2023-08-01,0.4775437,0.5220899
XGBoost,val,77.782661_12.89024,2023-08-01,0.47564283,0.51632357
XGBoost,val,77.787152_12.849815,2023-08-01,0.455009,0.48778138
XGBoost,val,77.787152_12.867782,2023-08-01,0.41347784,0.46215862
XGBoost,val,77.791644_12.899223,2023-08-01,0.4218833,0.4678949
XGBoost,val,77.796136_12.854307,2023-08-01,0.41902575,0.45996103
XGBoost,val,77.796136_12.885748,2023-08-01,0.48643276,0.5276818
XGBoost,val,77.800627_12.876765,2023-08-01,0.4906588,0.5237242
XGBoost,val,77.800627_12.885748,2023-08-01,0.44503015,0.48562074
XGBoost,val,77.805119_12.876765,2023-08-01,0.49711832,0.53571737
XGBoost,val,77.805119_12.89024,2023-08-01,0.45435807,0.5051054
XGBoost,val,77.80961_12.858799,2023-08-01,0.4576131,0.50143504
XGBoost,val,77.80961_12.86329,2023-08-01,0.43367538,0.47274086
XGBoost,val,77.342486_12.944139,2023-09-01,0.71908015,0.73808664
XGBoost,val,77.346978_12.86329,2023-09-01,0.58064514,0.61388344
XGBoost,val,77.346978_12.962105,2023-09-01,0.5289523,0.5574723
XGBoost,val,77.355961_12.962105,2023-09-01,0.7696992,0.7825799
XGBoost,val,77.360453_12.867782,2023-09-01,0.4000676,0.4459422
XGBoost,val,77.364944_12.854307,2023-09-01,0.42098,0.47199634
XGBoost,val,77.364944_12.962105,2023-09-01,0.44829285,0.47071904
XGBoost,val,77.369436_12.881256,2023-09-01,0.4561167,0.48083723
XGBoost,val,77.369436_12.89024,2023-09-01,0.44714966,0.46466133
XGBoost,val,77.373927_12.971088,2023-09-01,0.46449193,0.48098397
XGBoost,val,77.391894_12.881256,2023-09-01,0.47381654,0.5001554
XGBoost,val,77.396385_12.894731,2023-09-01,0.5140453,0.5320278
XGBoost,val,77.396385_12.944139,2023-09-01,0.48661548,0.5170421
XGBoost,val,77.396385_12.97558,2023-09-01,0.36693957,0.43011644
XGBoost,val,77.396385_13.029478,2023-09-01,0.3735628,0.41439256
XGBoost,val,77.400877_12.966596,2023-09-01,0.3676367,0.40527448
XGBoost,val,77.400877_13.029478,2023-09-01,0.35009122,0.38618445
XGBoost,val,77.405368_12.998037,2023-09-01,0.4232857,0.46607617
XGBoost,val,77.40986_12.872273,2023-09-01,0.3758391,0.41128215
XGBoost,val,77.40986_12.881256,2023-09-01,0.35654077,0.37520683
XGBoost,val,77.40986_12.962105,2023-09-01,0.45645168,0.5019681
XGBoost,val,77.414352_12.989054,2023-09-01,0.36702916,0.41653246
XGBoost,val,77.414352_12.993546,2023-09-01,0.38230115,0.44436672
XGBoost,val,77.414352_13.03397,2023-09-01,0.3990462,0.4286974
XGBoost,val,77.414352_13.096852,2023-09-01,0.36097178,0.4124621
XGBoost,val,77.418843_12.971088,2023-09-01,0.39548105,0.4331014
XGBoost,val,77.418843_12.993546,2023-09-01,0.39160794,0.45215675
XGBoost,val,77.418843_13.016004,2023-09-01,0.38931593,0.42654988
XGBoost,val,77.423335_13.002529,2023-09-01,0.482228,0.52750546
XGBoost,val,77.423335_13.092361,2023-09-01,0.31157243,0.3660984
XGBoost,val,77.427826_13.110327,2023-09-01,0.40944624,0.44938502
XGBoost,val,77.432318_12.998037,2023-09-01,0.35883498,0.39495915
XGBoost,val,77.432318_13.092361,2023-09-01,0.38726032,0.44223732
XGBoost,val,77.436809_12.854307,2023-09-01,0.38607123,0.42378163
XGBoost,val,77.441301_12.818374,2023-09-01,0.53292835,0.56173813
XGBoost,val,77.441301_12.831849,2023-09-01,0.42093906,0.47037086
XGBoost,val,77.441301_13.083377,2023-09-01,0.44540998,0.49180338
XGBoost,val,77.441301_13.110327,2023-09-01,0.42556772,0.45834687
XGBoost,val,77.445793_12.840832,2023-09-01,0.5103957,0.55063784
XGBoost,val,77.445793_12.86329,2023-09-01,0.57210326,0.58993214
XGBoost,val,77.445793_12.867782,2023-09-01,0.5513162,0.57778805
XGBoost,val,77.450284_12.872273,2023-09-01,0.52154917,0.5531044
XGBoost,val,77.450284_12.971088,2023-09-01,0.43805438,0.48226115
XGBoost,val,77.450284_12.993546,2023-09-01,0.3336866,0.38179484
XGBoost,val,77.450284_13.029478,2023-09-01,0.42489666,0.4683375
XGBoost,val,77.454776_12.993546,2023-09-01,0.3811179,0.42009342
XGBoost,val,77.454776_13.087869,2023-09-01,0.38350424,0.4390275
XGBoost,val,77.459267_12.822866,2023-09-01,0.481383,0.5180913
XGBoost,val,77.459267_12.872273,2023-09-01,0.48749173,0.51979524
XGBoost,val,77.459267_12.903714,2023-09-01,0.40603405,0.44730726
XGBoost,val,77.459267_13.016004,2023-09-01,0.36637315,0.4277139
XGBoost,val,77.459267_13.020495,2023-09-01,0.35136455,0.3939434
XGBoost,val,77.463759_12.813883,2023-09-01,0.4606959,0.4963049
XGBoost,val,77.463759_12.86329,2023-09-01,0.54808784,0.5698778
XGBoost,val,77.463759_12.885748,2023-09-01,0.57999754,0.60457677
XGBoost,val,77.463759_12.894731,2023-09-01,0.46619996,0.50103724
XGBoost,val,77.463759_12.899223,2023-09-01,0.49296486,0.5271574
XGBoost,val,77.463759_12.953122,2023-09-01,0.7433912,0.777288
XGBoost,val,77.46825_12.827358,2023-09-01,0.4123571,0.4453924
XGBoost,val,77.46825_12.894731,2023-09-01,0.4332853,0.46241927
XGBoost,val,77.46825_12.953122,2023-09-01,0.42841184,0.46946055
XGBoost,val,77.46825_12.966596,2023-09-01,0.44256052,0.48180184
XGBoost,val,77.46825_13.007021,2023-09-01,0.36379257,0.3966058
XGBoost,val,77.46825_13.150751,2023-09-01,0.3892605,0.43791044
XGBoost,val,77.477234_12.899223,2023-09-01,0.40811688,0.44923088
XGBoost,val,77.481725_12.831849,2023-09-01,0.4545631,0.4863033
XGBoost,val,77.481725_12.89024,2023-09-01,0.51199126,0.5453299
XGBoost,val,77.481725_12.894731,2023-09-01,0.46523637,0.5064546
XGBoost,val,77.481725_13.096852,2023-09-01,0.5736133,0.59835047
XGBoost,val,77.481725_13.137276,2023-09-01,0.7454429,0.77186394
XGBoost,val,77.486217_13.042953,2023-09-01,0.5036606,0.5491055
XGBoost,val,77.490708_12.89024,2023-09-01,0.47029766,0.5038632
XGBoost,val,77.499692_12.755492,2023-09-01,0.5765712,0.62610275
XGBoost,val,77.499692_13.137276,2023-09-01,0.44353113,0.48924467
XGBoost,val,77.504183_12.818374,2023-09-01,0.51043415,0.5613837
XGBoost,val,77.504183_12.854307,2023-09-01,0.48923215,0.5376888
XGBoost,val,77.504183_12.953122,2023-09-01,0.5348598,0.5721184
XGBoost,val,77.508675_12.751001,2023-09-01,0.6243603,0.66921806
XGBoost,val,77.508675_12.795916,2023-09-01,0.550379,0.59319156
XGBoost,val,77.508675_12.831849,2023-09-01,0.5290986,0.5696218
XGBoost,val,77.508675_12.845324,2023-09-01,0.5328842,0.5702627
XGBoost,val,77.508675_12.903714,2023-09-01,0.44298944,0.4721809
XGBoost,val,77.508675_12.912697,2023-09-01,0.48114115,0.5194444
XGBoost,val,77.508675_12.917189,2023-09-01,0.51268876,0.5437702
XGBoost,val,77.508675_13.114818,2023-09-01,0.43249375,0.47653577
XGBoost,val,77.513166_12.77795,2023-09-01,0.62231684,0.6608116
XGBoost,val,77.513166_12.822866,2023-09-01,0.6256329,0.6614715
XGBoost,val,77.513166_12.908206,2023-09-01,0.42795664,0.4630344
XGBoost,val,77.517658_12.77795,2023-09-01,0.5810359,0.62709427
XGBoost,val,77.517658_12.782442,2023-09-01,0.5818496,0.6287098
XGBoost,val,77.517658_12.827358,2023-09-01,0.53367734,0.5728337
XGBoost,val,77.517658_12.849815,2023-09-01,0.50441647,0.5412591
XGBoost,val,77.517658_12.899223,2023-09-01,0.52588964,0.56344783
XGBoost,val,77.517658_13.11931,2023-09-01,0.39152947,0.42959204
XGBoost,val,77.522149_12.813883,2023-09-01,0.49417776,0.533178
XGBoost,val,77.522149_12.818374,2023-09-01,0.46873116,0.504021
XGBoost,val,77.522149_12.845324,2023-09-01,0.5392607,0.57626665
XGBoost,val,77.522149_13.056428,2023-09-01,0.6292098,0.6774904
XGBoost,val,77.522149_13.200158,2023-09-01,0.46432683,0.49649283
XGBoost,val,77.526641_12.89024,2023-09-01,0.64078397,0.67333806
XGBoost,val,77.526641_12.899223,2023-09-01,0.58566475,0.6095546
XGBoost,val,77.526641_13.105835,2023-09-01,0.4207622,0.45896947
XGBoost,val,77.526641_13.110327,2023-09-01,0.40419254,0.44861788
XGBoost,val,77.531133_12.795916,2023-09-01,0.57229036,0.61334425
XGBoost,val,77.531133_12.822866,2023-09-01,0.50750744,0.5647935
XGBoost,val,77.531133_12.894731,2023-09-01,0.505818,0.54497993
XGBoost,val,77.531133_13.083377,2023-09-01,0.5726786,0.60053676
XGBoost,val,77.535624_12.872273,2023-09-01,0.42767712,0.46252358
XGBoost,val,77.535624_12.899223,2023-09-01,0.47073323,0.5186185
XGBoost,val,77.535624_13.069903,2023-09-01,0.7075544,0.740268
XGBoost,val,77.535624_13.083377,2023-09-01,0.5523871,0.5936257
XGBoost,val,77.535624_13.096852,2023-09-01,0.45342168,0.49968997
XGBoost,val,77.535624_13.137276,2023-09-01,0.39181265,0.4438067
XGBoost,val,77.540116_12.795916,2023-09-01,0.59755546,0.6450824
XGBoost,val,77.540116_13.042953,2023-09-01,0.55821204,0.59830993
XGBoost,val,77.540116_13.074394,2023-09-01,0.6095248,0.6355526
XGBoost,val,77.540116_13.092361,2023-09-01,0.41655418,0.4552137
XGBoost,val,77.540116_13.101344,2023-09-01,0.41280147,0.44844207
XGBoost,val,77.540116_13.105835,2023-09-01,0.4407175,0.47676253
XGBoost,val,77.540116_13.114818,2023-09-01,0.4195986,0.46631703
XGBoost,val,77.540116_13.155243,2023-09-01,0.4973158,0.5342755
XGBoost,val,77.540116_13.182192,2023-09-01,0.40144083,0.4480788
XGBoost,val,77.549099_12.831849,2023-09-01,0.6232839,0.6578147
XGBoost,val,77.549099_12.836341,2023-09-01,0.5931117,0.63631576
XGBoost,val,77.549099_12.894731,2023-09-01,0.61666334,0.648553
XGBoost,val,77.549099_13.132785,2023-09-01,0.6242682,0.6732742
XGBoost,val,77.55359_12.71956,2023-09-01,0.73398346,0.79735136
XGBoost,val,77.55359_13.101344,2023-09-01,0.4167959,0.46310315
XGBoost,val,77.55359_13.110327,2023-09-01,0.49493098,0.52359104
XGBoost,val,77.55359_13.128293,2023-09-01,0.5965275,0.647475
XGBoost,val,77.558082_12.710577,2023-09-01,0.75209606,0.81306607
XGBoost,val,77.558082_13.042953,2023-09-01,0.63997495,0.68245715
XGBoost,val,77.558082_13.051936,2023-09-01,0.69284153,0.7432606
XGBoost,val,77.558082_13.110327,2023-09-01,0.5124207,0.54662216
XGBoost,val,77.562574_12.827358,2023-09-01,0.69625634,0.7324115
XGBoost,val,77.562574_12.858799,2023-09-01,0.4385501,0.4626679
XGBoost,val,77.562574_12.872273,2023-09-01,0.5809841,0.6139863
XGBoost,val,77.562574_13.141768,2023-09-01,0.44574383,0.46917567
XGBoost,val,77.567065_13.114818,2023-09-01,0.66036546,0.6847908
XGBoost,val,77.576048_12.728543,2023-09-01,0.750082,0.78155553
XGBoost,val,77.576048_12.827358,2023-09-01,0.6233299,0.65439045
XGBoost,val,77.58054_12.845324,2023-09-01,0.70022243,0.7176593
XGBoost,val,77.58054_13.083377,2023-09-01,0.4991482,0.55547845
XGBoost,val,77.58054_13.087869,2023-09-01,0.47836542,0.52504647
XGBoost,val,77.585031_12.849815,2023-09-01,0.6852661,0.7048219
XGBoost,val,77.585031_13.042953,2023-09-01,0.68576837,0.7370024
XGBoost,val,77.589523_12.71956,2023-09-01,0.81064713,0.8321857
XGBoost,val,77.589523_12.746509,2023-09-01,0.7009541,0.74043703
XGBoost,val,77.589523_12.854307,2023-09-01,0.60487616,0.6403066
XGBoost,val,77.589523_13.083377,2023-09-01,0.5903867,0.638083
XGBoost,val,77.594015_12.724051,2023-09-01,0.81905484,0.8285023
XGBoost,val,77.594015_12.831849,2023-09-01,0.5855835,0.62756175
XGBoost,val,77.594015_12.998037,2023-09-01,0.728833,0.782576
XGBoost,val,77.594015_13.087869,2023-09-01,0.60578626,0.64119405
XGBoost,val,77.598506_12.665661,2023-09-01,0.7631126,0.8092787
XGBoost,val,77.598506_12.710577,2023-09-01,0.6647497,0.7076859
XGBoost,val,77.598506_13.083377,2023-09-01,0.5860706,0.62410307
XGBoost,val,77.602998_12.710577,2023-09-01,0.68946975,0.7381431
XGBoost,val,77.602998_12.827358,2023-09-01,0.49562234,0.5343854
XGBoost,val,77.602998_13.114818,2023-09-01,0.56410414,0.60806733
XGBoost,val,77.607489_12.768967,2023-09-01,0.6104943,0.6576908
XGBoost,val,77.607489_12.773459,2023-09-01,0.58339596,0.62453574
XGBoost,val,77.607489_12.791425,2023-09-01,0.5376291,0.5853864
XGBoost,val,77.607489_13.087869,2023-09-01,0.7236999,0.7670919
XGBoost,val,77.611981_12.674644,2023-09-01,0.7910489,0.81854373
XGBoost,val,77.611981_12.831849,2023-09-01,0.540091,0.5843128
XGBoost,val,77.611981_12.953122,2023-09-01,0.7347893,0.76594627
XGBoost,val,77.611981_13.168717,2023-09-01,0.4247942,0.45370698
XGBoost,val,77.620964_12.674644,2023-09-01,0.78737676,0.82967925
XGBoost,val,77.629947_12.795916,2023-09-01,0.7761451,0.80783224
XGBoost,val,77.629947_12.809391,2023-09-01,0.48002076,0.51521885
XGBoost,val,77.629947_12.854307,2023-09-01,0.50096995,0.5333192
XGBoost,val,77.629947_13.087869,2023-09-01,0.4417917,0.48282316
XGBoost,val,77.634439_12.679136,2023-09-01,0.7559315,0.8023655
XGBoost,val,77.634439_12.701593,2023-09-01,0.7227732,0.76040846
XGBoost,val,77.634439_12.733034,2023-09-01,0.4854079,0.5268526
XGBoost,val,77.634439_12.746509,2023-09-01,0.5265244,0.55631346
XGBoost,val,77.634439_12.751001,2023-09-01,0.52436465,0.5645554
XGBoost,val,77.634439_12.849815,2023-09-01,0.5478299,0.58257663
XGBoost,val,77.634439_13.083377,2023-09-01,0.4035907,0.45157352
XGBoost,val,77.63893_12.688119,2023-09-01,0.6849185,0.7199534
XGBoost,val,77.63893_12.742018,2023-09-01,0.5385209,0.581272
XGBoost,val,77.63893_12.791425,2023-09-01,0.5359839,0.573137
XGBoost,val,77.63893_12.800408,2023-09-01,0.48327747,0.51519006
XGBoost,val,77.63893_12.818374,2023-09-01,0.47755903,0.5130787
XGBoost,val,77.63893_12.989054,2023-09-01,0.64315444,0.69179535
XGBoost,val,77.63893_13.078886,2023-09-01,0.43279514,0.47217724
XGBoost,val,77.63893_13.083377,2023-09-01,0.4047037,0.45380235
XGBoost,val,77.643422_12.800408,2023-09-01,0.49223125,0.5264123
XGBoost,val,77.643422_12.809391,2023-09-01,0.5092433,0.54242814
XGBoost,val,77.643422_13.164226,2023-09-01,0.58110774,0.6132612
XGBoost,val,77.647914_12.688119,2023-09-01,0.72580093,0.7465634
XGBoost,val,77.647914_12.935155,2023-09-01,0.6642475,0.68896264
XGBoost,val,77.652405_12.697102,2023-09-01,0.68773454,0.7157847
XGBoost,val,77.652405_12.795916,2023-09-01,0.43237796,0.47454166
XGBoost,val,77.656897_12.742018,2023-09-01,0.5428966,0.5631675
XGBoost,val,77.656897_12.746509,2023-09-01,0.523511,0.561377
XGBoost,val,77.656897_12.831849,2023-09-01,0.57128567,0.5985414
XGBoost,val,77.656897_12.849815,2023-09-01,0.44140005,0.47013938
XGBoost,val,77.656897_13.101344,2023-09-01,0.48073116,0.51318526
XGBoost,val,77.656897_13.164226,2023-09-01,0.4435821,0.48529753
XGBoost,val,77.661388_12.759984,2023-09-01,0.5638616,0.5938954
XGBoost,val,77.661388_13.056428,2023-09-01,0.45614925,0.4934597
XGBoost,val,77.661388_13.074394,2023-09-01,0.52597517,0.5734503
XGBoost,val,77.661388_13.087869,2023-09-01,0.4341877,0.47262427
XGBoost,val,77.661388_13.101344,2023-09-01,0.4518755,0.48351598
XGBoost,val,77.661388_13.110327,2023-09-01,0.5292998,0.5494501
XGBoost,val,77.661388_13.11931,2023-09-01,0.6036933,0.61887586
XGBoost,val,77.66588_12.679136,2023-09-01,0.6406834,0.66827685
XGBoost,val,77.66588_12.697102,2023-09-01,0.6175159,0.6542351
XGBoost,val,77.66588_12.715068,2023-09-01,0.64661294,0.66610277
XGBoost,val,77.66588_12.751001,2023-09-01,0.5007007,0.5397118
XGBoost,val,77.66588_12.755492,2023-09-01,0.5669499,0.5957481
XGBoost,val,77.66588_12.764475,2023-09-01,0.55495065,0.5935847
XGBoost,val,77.66588_12.953122,2023-09-01,0.55974054,0.5857566
XGBoost,val,77.66588_13.038462,2023-09-01,0.4615599,0.49956602
XGBoost,val,77.66588_13.051936,2023-09-01,0.4954711,0.5401061
XGBoost,val,77.670371_13.069903,2023-09-01,0.41335893,0.4577583
XGBoost,val,77.670371_13.083377,2023-09-01,0.3729231,0.42636326
XGBoost,val,77.670371_13.092361,2023-09-01,0.3866056,0.43458351
XGBoost,val,77.670371_13.128293,2023-09-01,0.5063379,0.54347825
XGBoost,val,77.674863_12.71956,2023-09-01,0.66591656,0.68706965
XGBoost,val,77.674863_12.755492,2023-09-01,0.5144048,0.53928703
XGBoost,val,77.674863_12.764475,2023-09-01,0.512635,0.54587144
XGBoost,val,77.674863_12.786933,2023-09-01,0.51575977,0.5541398
XGBoost,val,77.674863_12.836341,2023-09-01,0.5319623,0.5615411
XGBoost,val,77.674863_13.051936,2023-09-01,0.50286406,0.5473308
XGBoost,val,77.674863_13.069903,2023-09-01,0.37895417,0.42049277
XGBoost,val,77.674863_13.092361,2023-09-01,0.43078324,0.4800494
XGBoost,val,77.674863_13.105835,2023-09-01,0.49267328,0.5283376
XGBoost,val,77.679355_12.697102,2023-09-01,0.51463026,0.5491515
XGBoost,val,77.679355_12.746509,2023-09-01,0.682638,0.70647
XGBoost,val,77.679355_13.056428,2023-09-01,0.4612039,0.50486726
XGBoost,val,77.679355_13.074394,2023-09-01,0.42758462,0.4731283
XGBoost,val,77.679355_13.101344,2023-09-01,0.45393613,0.4822617
XGBoost,val,77.679355_13.141768,2023-09-01,0.5038088,0.54219955
XGBoost,val,77.679355_13.155243,2023-09-01,0.39835244,0.44522864
XGBoost,val,77.679355_13.159734,2023-09-01,0.43618727,0.47646242
XGBoost,val,77.683846_12.728543,2023-09-01,0.554969,0.5861585
XGBoost,val,77.683846_12.742018,2023-09-01,0.5052792,0.5375884
XGBoost,val,77.683846_12.795916,2023-09-01,0.5205618,0.54638404
XGBoost,val,77.683846_12.8049,2023-09-01,0.4958179,0.5281478
XGBoost,val,77.683846_12.836341,2023-09-01,0.59726024,0.62476426
XGBoost,val,77.683846_12.840832,2023-09-01,0.60731685,0.63292605
XGBoost,val,77.683846_12.917189,2023-09-01,0.4263936,0.45665058
XGBoost,val,77.683846_13.06092,2023-09-01,0.43980187,0.48857227
XGBoost,val,77.683846_13.074394,2023-09-01,0.38503262,0.43607417
XGBoost,val,77.683846_13.11931,2023-09-01,0.38238093,0.41135687
XGBoost,val,77.683846_13.123802,2023-09-01,0.44554105,0.47855416
XGBoost,val,77.688338_12.69261,2023-09-01,0.789642,0.81798345
XGBoost,val,77.688338_12.697102,2023-09-01,0.8039906,0.8235135
XGBoost,val,77.688338_12.966596,2023-09-01,0.5688245,0.5960278
XGBoost,val,77.692829_12.800408,2023-09-01,0.46033913,0.4845828
XGBoost,val,77.692829_12.845324,2023-09-01,0.6379518,0.6636751
XGBoost,val,77.692829_12.899223,2023-09-01,0.4723301,0.4964627
XGBoost,val,77.692829_13.06092,2023-09-01,0.57410455,0.60786223
XGBoost,val,77.692829_13.065411,2023-09-01,0.53958887,0.5716731
XGBoost,val,77.692829_13.083377,2023-09-01,0.39173728,0.4397604
XGBoost,val,77.692829_13.096852,2023-09-01,0.38984412,0.4416983
XGBoost,val,77.692829_13.132785,2023-09-01,0.3952081,0.43437836
XGBoost,val,77.692829_13.155243,2023-09-01,0.39687887,0.4382737
XGBoost,val,77.697321_12.697102,2023-09-01,0.7987222,0.81749725
XGBoost,val,77.697321_12.894731,2023-09-01,0.49882725,0.51980656
XGBoost,val,77.697321_13.132785,2023-09-01,0.39723742,0.44093108
XGBoost,val,77.697321_13.150751,2023-09-01,0.44563305,0.47098225
XGBoost,val,77.697321_13.1777,2023-09-01,0.5583977,0.6041172
XGBoost,val,77.701812_12.822866,2023-09-01,0.5315119,0.55983084
XGBoost,val,77.701812_12.984563,2023-09-01,0.47637448,0.5097503
XGBoost,val,77.701812_13.114818,2023-09-01,0.484622,0.5277828
XGBoost,val,77.701812_13.164226,2023-09-01,0.4525424,0.47701314
XGBoost,val,77.706304_12.984563,2023-09-01,0.4751046,0.5138339
XGBoost,val,77.706304_13.038462,2023-09-01,0.424596,0.4623618
XGBoost,val,77.706304_13.042953,2023-09-01,0.49655092,0.5370345
XGBoost,val,77.706304_13.137276,2023-09-01,0.7519395,0.78191656
XGBoost,val,77.710796_12.715068,2023-09-01,0.6164061,0.64639956
XGBoost,val,77.710796_13.03397,2023-09-01,0.4405052,0.48781082
XGBoost,val,77.710796_13.11931,2023-09-01,0.43455008,0.46807417
XGBoost,val,77.710796_13.123802,2023-09-01,0.40080026,0.43624726
XGBoost,val,77.710796_13.132785,2023-09-01,0.46617204,0.4947037
XGBoost,val,77.710796_13.150751,2023-09-01,0.3995993,0.42873698
XGBoost,val,77.710796_13.168717,2023-09-01,0.5070374,0.5336061
XGBoost,val,77.710796_13.173209,2023-09-01,0.5008757,0.53863513
XGBoost,val,77.715287_12.679136,2023-09-01,0.6907454,0.7184042
XGBoost,val,77.715287_12.742018,2023-09-01,0.48905024,0.5239641
XGBoost,val,77.715287_12.822866,2023-09-01,0.5124833,0.5434685
XGBoost,val,77.715287_12.827358,2023-09-01,0.46613774,0.49392462
XGBoost,val,77.715287_12.845324,2023-09-01,0.404893,0.44488397
XGBoost,val,77.715287_12.885748,2023-09-01,0.559465,0.58776116
XGBoost,val,77.715287_13.029478,2023-09-01,0.36908165,0.41236466
XGBoost,val,77.715287_13.038462,2023-09-01,0.5089624,0.54586416
XGBoost,val,77.715287_13.051936,2023-09-01,0.49680772,0.541031
XGBoost,val,77.715287_13.056428,2023-09-01,0.40547958,0.45334357
XGBoost,val,77.715287_13.096852,2023-09-01,0.3495015,0.37964523
XGBoost,val,77.715287_13.114818,2023-09-01,0.5094948,0.5438742
XGBoost,val,77.715287_13.128293,2023-09-01,0.46768153,0.50587595
XGBoost,val,77.719779_12.746509,2023-09-01,0.69554704,0.72358805
XGBoost,val,77.719779_12.795916,2023-09-01,0.48138717,0.51394504
XGBoost,val,77.719779_12.840832,2023-09-01,0.5133897,0.5521996
XGBoost,val,77.719779_13.069903,2023-09-01,0.40390489,0.45499083
XGBoost,val,77.719779_13.105835,2023-09-01,0.43530437,0.47501445
XGBoost,val,77.719779_13.123802,2023-09-01,0.4184505,0.45342982
XGBoost,val,77.719779_13.137276,2023-09-01,0.43321395,0.47627425
XGBoost,val,77.719779_13.155243,2023-09-01,0.41348743,0.4489485
XGBoost,val,77.72427_12.674644,2023-09-01,0.53156483,0.57290816
XGBoost,val,77.72427_12.840832,2023-09-01,0.4885904,0.5302699
XGBoost,val,77.72427_13.06092,2023-09-01,0.40947598,0.45750776
XGBoost,val,77.72427_13.074394,2023-09-01,0.44111526,0.4832623
XGBoost,val,77.728762_12.759984,2023-09-01,0.49694574,0.5406895
XGBoost,val,77.728762_12.782442,2023-09-01,0.5448478,0.57495975
XGBoost,val,77.728762_12.809391,2023-09-01,0.48482963,0.5279971
XGBoost,val,77.728762_13.047445,2023-09-01,0.48270282,0.522275
XGBoost,val,77.728762_13.087869,2023-09-01,0.47827297,0.52866304
XGBoost,val,77.728762_13.092361,2023-09-01,0.44170266,0.48836264
XGBoost,val,77.733253_13.056428,2023-09-01,0.375571,0.4160854
XGBoost,val,77.737745_12.764475,2023-09-01,0.44718805,0.47304866
XGBoost,val,77.737745_12.791425,2023-09-01,0.48368174,0.5114019
XGBoost,val,77.737745_12.809391,2023-09-01,0.4580345,0.48791376
XGBoost,val,77.737745_12.858799,2023-09-01,0.4968354,0.51965016
XGBoost,val,77.737745_12.881256,2023-09-01,0.5736178,0.59943837
XGBoost,val,77.737745_13.051936,2023-09-01,0.3840005,0.42675897
XGBoost,val,77.737745_13.06092,2023-09-01,0.4226049,0.4669841
XGBoost,val,77.737745_13.078886,2023-09-01,0.44909865,0.4849737
XGBoost,val,77.737745_13.101344,2023-09-01,0.37087816,0.4236435
XGBoost,val,77.742237_12.697102,2023-09-01,0.661718,0.68139315
XGBoost,val,77.742237_12.86329,2023-09-01,0.41792747,0.45003226
XGBoost,val,77.742237_12.89024,2023-09-01,0.55483717,0.5901607
XGBoost,val,77.742237_12.980071,2023-09-01,0.50839555,0.54829
XGBoost,val,77.742237_13.016004,2023-09-01,0.5325118,0.57825226
XGBoost,val,77.742237_13.038462,2023-09-01,0.39123467,0.43640924
XGBoost,val,77.742237_13.074394,2023-09-01,0.35460722,0.41092303
XGBoost,val,77.742237_13.078886,2023-09-01,0.43744346,0.49066997
XGBoost,val,77.742237_13.101344,2023-09-01,0.41060483,0.45427138
XGBoost,val,77.746728_12.782442,2023-09-01,0.5510178,0.5809865
XGBoost,val,77.746728_12.97558,2023-09-01,0.53667265,0.579821
XGBoost,val,77.746728_12.984563,2023-09-01,0.52000207,0.5580189
XGBoost,val,77.746728_13.016004,2023-09-01,0.56515,0.5940817
XGBoost,val,77.746728_13.020495,2023-09-01,0.60099065,0.6370738
XGBoost,val,77.746728_13.024987,2023-09-01,0.48916796,0.5258045
XGBoost,val,77.746728_13.038462,2023-09-01,0.4082474,0.4491172
XGBoost,val,77.746728_13.06092,2023-09-01,0.35225093,0.38453323
XGBoost,val,77.746728_13.083377,2023-09-01,0.45579547,0.50241804
XGBoost,val,77.746728_13.092361,2023-09-01,0.43747136,0.47767106
XGBoost,val,77.75122_12.751001,2023-09-01,0.4947572,0.52696157
XGBoost,val,77.75122_12.77795,2023-09-01,0.5049694,0.5391179
XGBoost,val,77.75122_12.993546,2023-09-01,0.45501807,0.50281733
XGBoost,val,77.75122_13.020495,2023-09-01,0.51426333,0.5478179
XGBoost,val,77.75122_13.03397,2023-09-01,0.43850717,0.4831142
XGBoost,val,77.75122_13.038462,2023-09-01,0.36734945,0.40385997
XGBoost,val,77.755711_12.77795,2023-09-01,0.48289093,0.5126885
XGBoost,val,77.755711_12.831849,2023-09-01,0.43243802,0.475135
XGBoost,val,77.755711_12.858799,2023-09-01,0.509747,0.5362818
XGBoost,val,77.755711_12.885748,2023-09-01,0.5067201,0.5378475
XGBoost,val,77.760203_12.751001,2023-09-01,0.490535,0.5266708
XGBoost,val,77.760203_12.795916,2023-09-01,0.42935085,0.46789524
XGBoost,val,77.760203_12.867782,2023-09-01,0.45314282,0.48240387
XGBoost,val,77.760203_12.872273,2023-09-01,0.4729391,0.51056767
XGBoost,val,77.760203_12.876765,2023-09-01,0.44078583,0.4762427
XGBoost,val,77.760203_12.984563,2023-09-01,0.5098758,0.55772054
XGBoost,val,77.764695_12.813883,2023-09-01,0.516611,0.544561
XGBoost,val,77.764695_12.849815,2023-09-01,0.48433295,0.5165012
XGBoost,val,77.764695_12.912697,2023-09-01,0.49385402,0.537211
XGBoost,val,77.764695_13.03397,2023-09-01,0.3660798,0.40213302
XGBoost,val,77.769186_12.751001,2023-09-01,0.7081102,0.72501326
XGBoost,val,77.769186_12.791425,2023-09-01,0.44402424,0.47332558
XGBoost,val,77.769186_12.800408,2023-09-01,0.5174088,0.5423006
XGBoost,val,77.769186_12.8049,2023-09-01,0.565654,0.58530104
XGBoost,val,77.769186_12.809391,2023-09-01,0.470556,0.503562
XGBoost,val,77.769186_12.876765,2023-09-01,0.5057363,0.5349512
XGBoost,val,77.769186_13.016004,2023-09-01,0.44333375,0.48050845
XGBoost,val,77.787152_12.867782,2023-09-01,0.44025227,0.4689343
XGBoost,val,77.791644_12.8049,2023-09-01,0.48003894,0.52646434
XGBoost,val,77.80961_12.858799,2023-09-01,0.4776062,0.51564604
XGBoost,val,77.80961_12.86329,2023-09-01,0.4604829,0.4812902
XGBoost,val,77.329012_12.944139,2023-10-01,0.4841025,0.49286988
XGBoost,val,77.329012_12.962105,2023-10-01,0.75376517,0.75792056
XGBoost,val,77.342486_12.935155,2023-10-01,0.78559023,0.7958028
XGBoost,val,77.342486_12.944139,2023-10-01,0.72860384,0.7418427
XGBoost,val,77.351469_12.89024,2023-10-01,0.5636628,0.5830296
XGBoost,val,77.351469_12.930664,2023-10-01,0.7495563,0.77190256
XGBoost,val,77.351469_12.939647,2023-10-01,0.7619149,0.77677625
XGBoost,val,77.355961_12.899223,2023-10-01,0.5736489,0.58093774
XGBoost,val,77.355961_12.94863,2023-10-01,0.47994307,0.4776514
XGBoost,val,77.360453_12.867782,2023-10-01,0.41888794,0.43523815
XGBoost,val,77.360453_12.908206,2023-10-01,0.5849801,0.6018558
XGBoost,val,77.360453_12.926172,2023-10-01,0.7673314,0.7786133
XGBoost,val,77.364944_12.854307,2023-10-01,0.45432878,0.46086195
XGBoost,val,77.364944_12.962105,2023-10-01,0.46695837,0.46758962
XGBoost,val,77.369436_12.881256,2023-10-01,0.46135402,0.47599375
XGBoost,val,77.369436_12.89024,2023-10-01,0.43560192,0.45623907
XGBoost,val,77.369436_12.935155,2023-10-01,0.4131129,0.41932455
XGBoost,val,77.369436_12.998037,2023-10-01,0.4543855,0.4441799
XGBoost,val,77.369436_13.007021,2023-10-01,0.52006096,0.507566
XGBoost,val,77.373927_12.971088,2023-10-01,0.46459526,0.47627997
XGBoost,val,77.373927_13.011512,2023-10-01,0.4547788,0.45885524
XGBoost,val,77.373927_13.016004,2023-10-01,0.45752028,0.46438727
XGBoost,val,77.378419_12.966596,2023-10-01,0.44894782,0.4644309
XGBoost,val,77.382911_12.953122,2023-10-01,0.45149338,0.4607243
XGBoost,val,77.382911_12.957613,2023-10-01,0.4557746,0.46346232
XGBoost,val,77.387402_12.962105,2023-10-01,0.4319292,0.43518344
XGBoost,val,77.387402_12.97558,2023-10-01,0.51115054,0.5040228
XGBoost,val,77.387402_12.980071,2023-10-01,0.5068283,0.49519074
XGBoost,val,77.391894_12.867782,2023-10-01,0.5249948,0.5313517
XGBoost,val,77.391894_12.881256,2023-10-01,0.46053067,0.48162478
XGBoost,val,77.391894_12.885748,2023-10-01,0.5072375,0.5274814
XGBoost,val,77.396385_12.894731,2023-10-01,0.5039936,0.5223855
XGBoost,val,77.396385_12.908206,2023-10-01,0.42991194,0.45787582
XGBoost,val,77.396385_12.944139,2023-10-01,0.5131128,0.51374537
XGBoost,val,77.396385_12.971088,2023-10-01,0.42684454,0.44705632
XGBoost,val,77.396385_12.97558,2023-10-01,0.41959208,0.42403266
XGBoost,val,77.396385_13.029478,2023-10-01,0.4122088,0.41181612
XGBoost,val,77.400877_12.957613,2023-10-01,0.44087592,0.4488423
XGBoost,val,77.400877_12.966596,2023-10-01,0.3748228,0.4056081
XGBoost,val,77.400877_13.029478,2023-10-01,0.38896477,0.37719652
XGBoost,val,77.405368_12.881256,2023-10-01,0.41604838,0.43022212
XGBoost,val,77.405368_12.89024,2023-10-01,0.40614936,0.43044224
XGBoost,val,77.405368_12.903714,2023-10-01,0.3727689,0.39825544
XGBoost,val,77.405368_12.930664,2023-10-01,0.54603696,0.565626
XGBoost,val,77.405368_12.998037,2023-10-01,0.46333665,0.46562746
XGBoost,val,77.405368_13.105835,2023-10-01,0.4441456,0.4465156
XGBoost,val,77.405368_13.11931,2023-10-01,0.4091745,0.41737264
XGBoost,val,77.40986_12.872273,2023-10-01,0.3874704,0.41152367
XGBoost,val,77.40986_12.881256,2023-10-01,0.35396257,0.3817946
XGBoost,val,77.40986_12.962105,2023-10-01,0.49060145,0.50170815
XGBoost,val,77.414352_12.930664,2023-10-01,0.47978503,0.4943662
XGBoost,val,77.414352_12.989054,2023-10-01,0.389883,0.41521487
XGBoost,val,77.414352_12.993546,2023-10-01,0.4353819,0.43769407
XGBoost,val,77.414352_13.03397,2023-10-01,0.43376273,0.42697802
XGBoost,val,77.414352_13.096852,2023-10-01,0.40529314,0.41113275
XGBoost,val,77.414352_13.11931,2023-10-01,0.4256159,0.43228024
XGBoost,val,77.418843_12.876765,2023-10-01,0.38589633,0.41131285
XGBoost,val,77.418843_12.89024,2023-10-01,0.41231382,0.43964905
XGBoost,val,77.418843_12.94863,2023-10-01,0.47338107,0.4752321
XGBoost,val,77.418843_12.971088,2023-10-01,0.4120198,0.43006843
XGBoost,val,77.418843_12.993546,2023-10-01,0.43665937,0.44895977
XGBoost,val,77.418843_13.016004,2023-10-01,0.41893122,0.423316
XGBoost,val,77.418843_13.024987,2023-10-01,0.43547916,0.42713812
XGBoost,val,77.418843_13.146259,2023-10-01,0.36524162,0.38305947
XGBoost,val,77.423335_12.876765,2023-10-01,0.42118362,0.4358351
XGBoost,val,77.423335_12.921681,2023-10-01,0.45183447,0.46415144
XGBoost,val,77.423335_12.930664,2023-10-01,0.45397148,0.466124
XGBoost,val,77.423335_13.002529,2023-10-01,0.5309849,0.52283245
XGBoost,val,77.423335_13.092361,2023-10-01,0.35980624,0.37812078
XGBoost,val,77.423335_13.141768,2023-10-01,0.44896877,0.46332717
XGBoost,val,77.423335_13.150751,2023-10-01,0.3724099,0.38679177
XGBoost,val,77.427826_12.845324,2023-10-01,0.3385492,0.37416342
XGBoost,val,77.427826_12.858799,2023-10-01,0.37354788,0.39919466
XGBoost,val,77.427826_12.930664,2023-10-01,0.46584508,0.47519335
XGBoost,val,77.427826_12.939647,2023-10-01,0.40467846,0.41702938
XGBoost,val,77.427826_12.944139,2023-10-01,0.3975787,0.4115691
XGBoost,val,77.427826_13.020495,2023-10-01,0.41110772,0.41418085
XGBoost,val,77.427826_13.024987,2023-10-01,0.43322015,0.43098366
XGBoost,val,77.427826_13.110327,2023-10-01,0.44321728,0.45167407
XGBoost,val,77.427826_13.132785,2023-10-01,0.5326227,0.53084975
XGBoost,val,77.432318_12.858799,2023-10-01,0.39874122,0.41949368
XGBoost,val,77.432318_12.86329,2023-10-01,0.39074463,0.41912583
XGBoost,val,77.432318_12.867782,2023-10-01,0.4104624,0.42224318
XGBoost,val,77.432318_12.881256,2023-10-01,0.44287753,0.461861
XGBoost,val,77.432318_12.885748,2023-10-01,0.54931456,0.57545877
XGBoost,val,77.432318_12.957613,2023-10-01,0.4234412,0.4421012
XGBoost,val,77.432318_12.998037,2023-10-01,0.3757747,0.40386805
XGBoost,val,77.432318_13.087869,2023-10-01,0.48189157,0.48302016
XGBoost,val,77.432318_13.092361,2023-10-01,0.41777018,0.42735457
XGBoost,val,77.436809_12.818374,2023-10-01,0.53999,0.55630183
XGBoost,val,77.436809_12.840832,2023-10-01,0.47631964,0.49457666
XGBoost,val,77.436809_12.854307,2023-10-01,0.40638176,0.42405543
XGBoost,val,77.436809_12.912697,2023-10-01,0.5521103,0.57361853
XGBoost,val,77.436809_12.926172,2023-10-01,0.48048845,0.4805126
XGBoost,val,77.436809_12.944139,2023-10-01,0.4240765,0.43210158
XGBoost,val,77.436809_13.03397,2023-10-01,0.42478928,0.42680582
XGBoost,val,77.441301_12.818374,2023-10-01,0.5236061,0.559572
XGBoost,val,77.441301_12.831849,2023-10-01,0.44083396,0.4601426
XGBoost,val,77.441301_12.836341,2023-10-01,0.46666035,0.49164513
XGBoost,val,77.441301_12.840832,2023-10-01,0.46180102,0.48318186
XGBoost,val,77.441301_12.944139,2023-10-01,0.49181083,0.5035171
XGBoost,val,77.441301_12.94863,2023-10-01,0.45397764,0.47114354
XGBoost,val,77.441301_13.056428,2023-10-01,0.40891224,0.4219318
XGBoost,val,77.441301_13.069903,2023-10-01,0.4208662,0.43362582
XGBoost,val,77.441301_13.083377,2023-10-01,0.48347434,0.4861031
XGBoost,val,77.441301_13.110327,2023-10-01,0.45524964,0.45699668
XGBoost,val,77.445793_12.840832,2023-10-01,0.5231417,0.54319555
XGBoost,val,77.445793_12.86329,2023-10-01,0.570239,0.5883123
XGBoost,val,77.445793_12.867782,2023-10-01,0.55396813,0.5732795
XGBoost,val,77.445793_12.912697,2023-10-01,0.43903494,0.45802724
XGBoost,val,77.445793_12.957613,2023-10-01,0.49267185,0.49808648
XGBoost,val,77.445793_12.984563,2023-10-01,0.4404552,0.47127944
XGBoost,val,77.450284_12.809391,2023-10-01,0.47205552,0.486593
XGBoost,val,77.450284_12.872273,2023-10-01,0.5343625,0.547133
XGBoost,val,77.450284_12.89024,2023-10-01,0.511518,0.527782
XGBoost,val,77.450284_12.971088,2023-10-01,0.46263123,0.47632772
XGBoost,val,77.450284_12.993546,2023-10-01,0.34572107,0.37936085
XGBoost,val,77.450284_13.029478,2023-10-01,0.46318302,0.46613535
XGBoost,val,77.450284_13.047445,2023-10-01,0.45312136,0.45384654
XGBoost,val,77.450284_13.146259,2023-10-01,0.5302925,0.53355193
XGBoost,val,77.454776_12.809391,2023-10-01,0.4569802,0.47197837
XGBoost,val,77.454776_12.885748,2023-10-01,0.4856601,0.502918
XGBoost,val,77.454776_12.980071,2023-10-01,0.40129244,0.41602784
XGBoost,val,77.454776_12.993546,2023-10-01,0.4018839,0.41518494
XGBoost,val,77.454776_13.078886,2023-10-01,0.433135,0.449366
XGBoost,val,77.454776_13.087869,2023-10-01,0.4119424,0.42677876
XGBoost,val,77.454776_13.114818,2023-10-01,0.53906095,0.52499694
XGBoost,val,77.454776_13.141768,2023-10-01,0.5319933,0.5291324
XGBoost,val,77.459267_12.8049,2023-10-01,0.60830534,0.63849354
XGBoost,val,77.459267_12.822866,2023-10-01,0.48954383,0.50430727
XGBoost,val,77.459267_12.845324,2023-10-01,0.5026,0.5219075
XGBoost,val,77.459267_12.872273,2023-10-01,0.48168647,0.51069134
XGBoost,val,77.459267_12.903714,2023-10-01,0.4209424,0.44067296
XGBoost,val,77.459267_12.926172,2023-10-01,0.47709373,0.47783116
XGBoost,val,77.459267_12.97558,2023-10-01,0.41554314,0.42642507
XGBoost,val,77.459267_13.016004,2023-10-01,0.40274385,0.41722357
XGBoost,val,77.459267_13.020495,2023-10-01,0.38220158,0.39690083
XGBoost,val,77.459267_13.11931,2023-10-01,0.4701668,0.47918513
XGBoost,val,77.463759_12.813883,2023-10-01,0.47054315,0.493598
XGBoost,val,77.463759_12.836341,2023-10-01,0.50834686,0.5229582
XGBoost,val,77.463759_12.86329,2023-10-01,0.5519119,0.56672275
XGBoost,val,77.463759_12.867782,2023-10-01,0.52287126,0.545672
XGBoost,val,77.463759_12.872273,2023-10-01,0.47490272,0.5010694
XGBoost,val,77.463759_12.881256,2023-10-01,0.54295087,0.57734734
XGBoost,val,77.463759_12.885748,2023-10-01,0.58805436,0.6046547
XGBoost,val,77.463759_12.894731,2023-10-01,0.4717527,0.48741296
XGBoost,val,77.463759_12.899223,2023-10-01,0.49970454,0.52014494
XGBoost,val,77.463759_12.917189,2023-10-01,0.41605076,0.44892606
XGBoost,val,77.463759_12.953122,2023-10-01,0.76523936,0.7769107
XGBoost,val,77.463759_13.03397,2023-10-01,0.38718912,0.394515
XGBoost,val,77.463759_13.078886,2023-10-01,0.55155474,0.5468189
XGBoost,val,77.46825_12.827358,2023-10-01,0.41497782,0.43627173
XGBoost,val,77.46825_12.836341,2023-10-01,0.51343095,0.5346774
XGBoost,val,77.46825_12.894731,2023-10-01,0.4339978,0.45654023
XGBoost,val,77.46825_12.94863,2023-10-01,0.5252026,0.5367443
XGBoost,val,77.46825_12.953122,2023-10-01,0.44833785,0.46640638
XGBoost,val,77.46825_12.966596,2023-10-01,0.47273713,0.4792289
XGBoost,val,77.46825_13.007021,2023-10-01,0.3793614,0.4002241
XGBoost,val,77.46825_13.020495,2023-10-01,0.47182542,0.4811092
XGBoost,val,77.46825_13.114818,2023-10-01,0.52651495,0.518329
XGBoost,val,77.46825_13.150751,2023-10-01,0.43457547,0.42568952
XGBoost,val,77.46825_13.1777,2023-10-01,0.4733799,0.48439786
XGBoost,val,77.472742_12.746509,2023-10-01,0.5740847,0.5972668
XGBoost,val,77.472742_12.751001,2023-10-01,0.52051383,0.5408175
XGBoost,val,77.472742_12.755492,2023-10-01,0.5380154,0.5610435
XGBoost,val,77.472742_12.795916,2023-10-01,0.50911015,0.5286678
XGBoost,val,77.472742_12.836341,2023-10-01,0.49691465,0.50908583
XGBoost,val,77.472742_12.984563,2023-10-01,0.43289083,0.45982245
XGBoost,val,77.472742_13.087869,2023-10-01,0.47551104,0.47091052
XGBoost,val,77.477234_12.764475,2023-10-01,0.5159798,0.5385994
XGBoost,val,77.477234_12.782442,2023-10-01,0.48465568,0.50963223
XGBoost,val,77.477234_12.840832,2023-10-01,0.5174452,0.53628886
XGBoost,val,77.477234_12.899223,2023-10-01,0.41915843,0.44082257
XGBoost,val,77.477234_12.935155,2023-10-01,0.57975554,0.589242
XGBoost,val,77.477234_12.944139,2023-10-01,0.48922104,0.49632242
XGBoost,val,77.477234_12.94863,2023-10-01,0.5085629,0.521585
XGBoost,val,77.477234_12.971088,2023-10-01,0.5057337,0.52889025
XGBoost,val,77.477234_13.002529,2023-10-01,0.398909,0.40446213
XGBoost,val,77.477234_13.056428,2023-10-01,0.43716317,0.45674235
XGBoost,val,77.481725_12.737526,2023-10-01,0.5124839,0.5411997
XGBoost,val,77.481725_12.768967,2023-10-01,0.5303067,0.56288475
XGBoost,val,77.481725_12.831849,2023-10-01,0.46041098,0.47942477
XGBoost,val,77.481725_12.89024,2023-10-01,0.52421033,0.5423505
XGBoost,val,77.481725_12.894731,2023-10-01,0.47672677,0.49529445
XGBoost,val,77.481725_12.944139,2023-10-01,0.4961937,0.5068291
XGBoost,val,77.481725_12.971088,2023-10-01,0.41405553,0.43848333
XGBoost,val,77.481725_12.980071,2023-10-01,0.49579722,0.51217633
XGBoost,val,77.481725_13.024987,2023-10-01,0.47042364,0.47887757
XGBoost,val,77.481725_13.03397,2023-10-01,0.45180973,0.4616535
XGBoost,val,77.481725_13.096852,2023-10-01,0.5872269,0.59515744
XGBoost,val,77.481725_13.137276,2023-10-01,0.7736832,0.77289224
XGBoost,val,77.486217_12.764475,2023-10-01,0.5058616,0.5213562
XGBoost,val,77.486217_12.872273,2023-10-01,0.48308206,0.49677727
XGBoost,val,77.486217_12.939647,2023-10-01,0.50795454,0.5250508
XGBoost,val,77.486217_12.998037,2023-10-01,0.44124046,0.46239105
XGBoost,val,77.486217_13.042953,2023-10-01,0.5351548,0.5434542
XGBoost,val,77.486217_13.06092,2023-10-01,0.55431694,0.56077784
XGBoost,val,77.486217_13.114818,2023-10-01,0.51818365,0.5090191
XGBoost,val,77.486217_13.11931,2023-10-01,0.5375184,0.5199452
XGBoost,val,77.490708_12.768967,2023-10-01,0.4983473,0.52985907
XGBoost,val,77.490708_12.8049,2023-10-01,0.5294981,0.5499146
XGBoost,val,77.490708_12.849815,2023-10-01,0.50531715,0.52553517
XGBoost,val,77.490708_12.89024,2023-10-01,0.48222274,0.49808818
XGBoost,val,77.490708_13.051936,2023-10-01,0.6119613,0.62709785
XGBoost,val,77.490708_13.092361,2023-10-01,0.5285848,0.54826003
XGBoost,val,77.490708_13.096852,2023-10-01,0.566224,0.58475393
XGBoost,val,77.490708_13.182192,2023-10-01,0.45956653,0.4801864
XGBoost,val,77.490708_13.209142,2023-10-01,0.41990706,0.4401752
XGBoost,val,77.4952_12.786933,2023-10-01,0.46983707,0.49524108
XGBoost,val,77.4952_12.836341,2023-10-01,0.488204,0.50944203
XGBoost,val,77.4952_12.899223,2023-10-01,0.53992677,0.570401
XGBoost,val,77.4952_12.962105,2023-10-01,0.54919267,0.5725933
XGBoost,val,77.4952_13.020495,2023-10-01,0.5046518,0.524894
XGBoost,val,77.4952_13.024987,2023-10-01,0.5179424,0.5354638
XGBoost,val,77.4952_13.03397,2023-10-01,0.5831867,0.6129598
XGBoost,val,77.4952_13.092361,2023-10-01,0.54125243,0.5438659
XGBoost,val,77.4952_13.182192,2023-10-01,0.4770454,0.48252147
XGBoost,val,77.499692_12.755492,2023-10-01,0.6093676,0.6386365
XGBoost,val,77.499692_12.858799,2023-10-01,0.62810415,0.6524386
XGBoost,val,77.499692_12.899223,2023-10-01,0.51682377,0.53338313
XGBoost,val,77.499692_12.984563,2023-10-01,0.54320544,0.54158956
XGBoost,val,77.499692_13.114818,2023-10-01,0.5279044,0.52885365
XGBoost,val,77.499692_13.137276,2023-10-01,0.49102733,0.48127726
XGBoost,val,77.499692_13.168717,2023-10-01,0.47355947,0.48214298
XGBoost,val,77.504183_12.764475,2023-10-01,0.56853676,0.5881944
XGBoost,val,77.504183_12.786933,2023-10-01,0.54544544,0.5736434
XGBoost,val,77.504183_12.818374,2023-10-01,0.5287173,0.5472589
XGBoost,val,77.504183_12.854307,2023-10-01,0.52216065,0.53420514
XGBoost,val,77.504183_12.858799,2023-10-01,0.6301459,0.65620625
XGBoost,val,77.504183_12.953122,2023-10-01,0.5705146,0.57794327
XGBoost,val,77.504183_13.083377,2023-10-01,0.5994598,0.61416525
XGBoost,val,77.504183_13.141768,2023-10-01,0.5212359,0.52103144
XGBoost,val,77.504183_13.159734,2023-10-01,0.5507664,0.54833466
XGBoost,val,77.504183_13.195667,2023-10-01,0.40576422,0.42606312
XGBoost,val,77.508675_12.751001,2023-10-01,0.66149175,0.6736446
XGBoost,val,77.508675_12.795916,2023-10-01,0.57203376,0.58828723
XGBoost,val,77.508675_12.831849,2023-10-01,0.5532785,0.5650773
XGBoost,val,77.508675_12.836341,2023-10-01,0.5890907,0.60691357
XGBoost,val,77.508675_12.845324,2023-10-01,0.55011606,0.5731008
XGBoost,val,77.508675_12.903714,2023-10-01,0.43760064,0.46520147
XGBoost,val,77.508675_12.912697,2023-10-01,0.48771504,0.5092011
XGBoost,val,77.508675_12.917189,2023-10-01,0.51116204,0.5354547
XGBoost,val,77.508675_13.114818,2023-10-01,0.45650762,0.46992594
XGBoost,val,77.508675_13.137276,2023-10-01,0.46819362,0.47052106
XGBoost,val,77.508675_13.159734,2023-10-01,0.5585688,0.5681213
XGBoost,val,77.508675_13.191175,2023-10-01,0.3883442,0.42095798
XGBoost,val,77.513166_12.746509,2023-10-01,0.76965356,0.7848909
XGBoost,val,77.513166_12.764475,2023-10-01,0.5310125,0.55727905
XGBoost,val,77.513166_12.77795,2023-10-01,0.65376765,0.6590707
XGBoost,val,77.513166_12.822866,2023-10-01,0.64479756,0.6607465
XGBoost,val,77.513166_12.908206,2023-10-01,0.4246644,0.45405525
XGBoost,val,77.513166_13.087869,2023-10-01,0.59804505,0.6153228
XGBoost,val,77.513166_13.096852,2023-10-01,0.6129778,0.6536409
XGBoost,val,77.513166_13.137276,2023-10-01,0.4243092,0.43201095
XGBoost,val,77.513166_13.1777,2023-10-01,0.44158837,0.45796195
XGBoost,val,77.517658_12.764475,2023-10-01,0.6189835,0.6464645
XGBoost,val,77.517658_12.77795,2023-10-01,0.61715055,0.6208898
XGBoost,val,77.517658_12.782442,2023-10-01,0.6162618,0.6283558
XGBoost,val,77.517658_12.795916,2023-10-01,0.5880811,0.59461546
XGBoost,val,77.517658_12.827358,2023-10-01,0.54106015,0.56847364
XGBoost,val,77.517658_12.849815,2023-10-01,0.5197436,0.534191
XGBoost,val,77.517658_12.885748,2023-10-01,0.5399199,0.55623186
XGBoost,val,77.517658_12.89024,2023-10-01,0.52057284,0.539042
XGBoost,val,77.517658_12.899223,2023-10-01,0.5349907,0.56095016
XGBoost,val,77.517658_12.998037,2023-10-01,0.5955737,0.6192312
XGBoost,val,77.517658_13.11931,2023-10-01,0.41378605,0.42184883
XGBoost,val,77.517658_13.182192,2023-10-01,0.4581004,0.46329606
XGBoost,val,77.517658_13.186684,2023-10-01,0.4799977,0.4849962
XGBoost,val,77.517658_13.191175,2023-10-01,0.42660198,0.43693367
XGBoost,val,77.522149_12.751001,2023-10-01,0.7029783,0.7120689
XGBoost,val,77.522149_12.755492,2023-10-01,0.66555303,0.6703316
XGBoost,val,77.522149_12.759984,2023-10-01,0.68896556,0.70121485
XGBoost,val,77.522149_12.782442,2023-10-01,0.64372516,0.6561146
XGBoost,val,77.522149_12.809391,2023-10-01,0.8080542,0.81950456
XGBoost,val,77.522149_12.813883,2023-10-01,0.5177243,0.5199034
XGBoost,val,77.522149_12.818374,2023-10-01,0.48796937,0.49637616
XGBoost,val,77.522149_12.836341,2023-10-01,0.5571795,0.56842786
XGBoost,val,77.522149_12.845324,2023-10-01,0.56776005,0.5702258
XGBoost,val,77.522149_13.078886,2023-10-01,0.6283363,0.64199626
XGBoost,val,77.522149_13.146259,2023-10-01,0.3981698,0.39828482
XGBoost,val,77.522149_13.200158,2023-10-01,0.47340998,0.48443332
XGBoost,val,77.526641_12.751001,2023-10-01,0.67935777,0.6881749
XGBoost,val,77.526641_12.840832,2023-10-01,0.62249357,0.6483247
XGBoost,val,77.526641_12.89024,2023-10-01,0.6703935,0.68510324
XGBoost,val,77.526641_12.899223,2023-10-01,0.5916288,0.6174352
XGBoost,val,77.526641_13.078886,2023-10-01,0.6246875,0.6341967
XGBoost,val,77.526641_13.105835,2023-10-01,0.44128612,0.45444766
XGBoost,val,77.526641_13.110327,2023-10-01,0.41864923,0.43356162
XGBoost,val,77.531133_12.791425,2023-10-01,0.56314623,0.5655074
XGBoost,val,77.531133_12.795916,2023-10-01,0.5988275,0.61494946
XGBoost,val,77.531133_12.800408,2023-10-01,0.5790587,0.59616417
XGBoost,val,77.531133_12.822866,2023-10-01,0.5564982,0.5510975
XGBoost,val,77.531133_12.827358,2023-10-01,0.56815505,0.5762978
XGBoost,val,77.531133_12.894731,2023-10-01,0.5229766,0.5383318
XGBoost,val,77.531133_13.083377,2023-10-01,0.5929664,0.5956299
XGBoost,val,77.531133_13.114818,2023-10-01,0.44505355,0.44100338
XGBoost,val,77.531133_13.195667,2023-10-01,0.5037014,0.51812345
XGBoost,val,77.535624_12.77795,2023-10-01,0.7717815,0.7792939
XGBoost,val,77.535624_12.822866,2023-10-01,0.7028889,0.69999295
XGBoost,val,77.535624_12.872273,2023-10-01,0.43904042,0.45388347
XGBoost,val,77.535624_12.899223,2023-10-01,0.49820217,0.5073102
XGBoost,val,77.535624_13.069903,2023-10-01,0.73159754,0.74341995
XGBoost,val,77.535624_13.083377,2023-10-01,0.56668085,0.5843259
XGBoost,val,77.535624_13.096852,2023-10-01,0.47860178,0.4866678
XGBoost,val,77.535624_13.114818,2023-10-01,0.48104125,0.4780232
XGBoost,val,77.535624_13.132785,2023-10-01,0.50142586,0.49969128
XGBoost,val,77.535624_13.137276,2023-10-01,0.41836506,0.43314272
XGBoost,val,77.535624_13.195667,2023-10-01,0.40511703,0.4203664
XGBoost,val,77.540116_12.77795,2023-10-01,0.60628784,0.6151267
XGBoost,val,77.540116_13.042953,2023-10-01,0.5981842,0.6045905
XGBoost,val,77.540116_13.074394,2023-10-01,0.6150696,0.63248205
XGBoost,val,77.540116_13.092361,2023-10-01,0.43979618,0.44983
XGBoost,val,77.540116_13.101344,2023-10-01,0.44398475,0.44639367
XGBoost,val,77.540116_13.105835,2023-10-01,0.47441033,0.465387
XGBoost,val,77.540116_13.114818,2023-10-01,0.47425276,0.45704472
XGBoost,val,77.540116_13.132785,2023-10-01,0.4749544,0.47497246
XGBoost,val,77.540116_13.155243,2023-10-01,0.512538,0.52467215
XGBoost,val,77.540116_13.182192,2023-10-01,0.43692726,0.43774745
XGBoost,val,77.544607_12.831849,2023-10-01,0.7567044,0.7557084
XGBoost,val,77.544607_13.218125,2023-10-01,0.49994326,0.5011612
XGBoost,val,77.549099_12.822866,2023-10-01,0.7762127,0.78080785
XGBoost,val,77.549099_12.831849,2023-10-01,0.67251325,0.6706636
XGBoost,val,77.549099_12.836341,2023-10-01,0.62266475,0.64481145
XGBoost,val,77.549099_12.845324,2023-10-01,0.6456807,0.65350944
XGBoost,val,77.549099_12.867782,2023-10-01,0.57224095,0.5806156
XGBoost,val,77.549099_12.876765,2023-10-01,0.51325333,0.53396136
XGBoost,val,77.549099_12.894731,2023-10-01,0.63265634,0.65983695
XGBoost,val,77.549099_13.096852,2023-10-01,0.51956356,0.52579063
XGBoost,val,77.549099_13.132785,2023-10-01,0.6684494,0.6778013
XGBoost,val,77.55359_12.71956,2023-10-01,0.7975792,0.7823052
XGBoost,val,77.55359_12.849815,2023-10-01,0.6194281,0.63814527
XGBoost,val,77.55359_12.872273,2023-10-01,0.500014,0.52114403
XGBoost,val,77.55359_13.101344,2023-10-01,0.444485,0.45443138
XGBoost,val,77.55359_13.110327,2023-10-01,0.5086107,0.51519585
XGBoost,val,77.55359_13.128293,2023-10-01,0.6433389,0.6487288
XGBoost,val,77.55359_13.168717,2023-10-01,0.50267196,0.51136684
XGBoost,val,77.55359_13.173209,2023-10-01,0.43111286,0.43832874
XGBoost,val,77.558082_12.710577,2023-10-01,0.8004512,0.81547683
XGBoost,val,77.558082_12.827358,2023-10-01,0.7175252,0.7270334
XGBoost,val,77.558082_12.845324,2023-10-01,0.6901282,0.6998899
XGBoost,val,77.558082_13.042953,2023-10-01,0.6916904,0.6854278
XGBoost,val,77.558082_13.110327,2023-10-01,0.5263403,0.535606
XGBoost,val,77.558082_13.168717,2023-10-01,0.50621814,0.51866406
XGBoost,val,77.558082_13.1777,2023-10-01,0.47313747,0.48402822
XGBoost,val,77.562574_12.71956,2023-10-01,0.7879602,0.8029467
XGBoost,val,77.562574_12.827358,2023-10-01,0.71336865,0.7335937
XGBoost,val,77.562574_12.858799,2023-10-01,0.43116307,0.46030477
XGBoost,val,77.562574_12.872273,2023-10-01,0.5974399,0.61476785
XGBoost,val,77.562574_12.876765,2023-10-01,0.62867635,0.6531504
XGBoost,val,77.562574_13.141768,2023-10-01,0.4562004,0.45929495
XGBoost,val,77.562574_13.159734,2023-10-01,0.502856,0.5136299
XGBoost,val,77.562574_13.173209,2023-10-01,0.49399367,0.5111826
XGBoost,val,77.567065_12.724051,2023-10-01,0.7650899,0.771451
XGBoost,val,77.567065_12.849815,2023-10-01,0.6849346,0.6985214
XGBoost,val,77.567065_13.105835,2023-10-01,0.58966553,0.60578454
XGBoost,val,77.567065_13.114818,2023-10-01,0.6713507,0.68853956
XGBoost,val,77.567065_13.182192,2023-10-01,0.51395375,0.51771235
XGBoost,val,77.571557_12.71956,2023-10-01,0.7729216,0.787731
XGBoost,val,77.571557_12.849815,2023-10-01,0.6931007,0.7037633
XGBoost,val,77.571557_13.141768,2023-10-01,0.47270584,0.47745642
XGBoost,val,77.571557_13.146259,2023-10-01,0.48222074,0.49118093
XGBoost,val,77.576048_12.71956,2023-10-01,0.7449216,0.76173264
XGBoost,val,77.576048_12.728543,2023-10-01,0.7769651,0.7864608
XGBoost,val,77.576048_12.742018,2023-10-01,0.75742465,0.7733647
XGBoost,val,77.576048_12.813883,2023-10-01,0.76577204,0.7871724
XGBoost,val,77.576048_12.827358,2023-10-01,0.63819075,0.66061544
XGBoost,val,77.58054_12.845324,2023-10-01,0.69595736,0.71552354
XGBoost,val,77.58054_13.083377,2023-10-01,0.5478704,0.5525398
XGBoost,val,77.58054_13.087869,2023-10-01,0.50614417,0.50731856
XGBoost,val,77.585031_12.849815,2023-10-01,0.6967593,0.7133099
XGBoost,val,77.585031_13.042953,2023-10-01,0.7193285,0.73341537
XGBoost,val,77.585031_13.137276,2023-10-01,0.4895097,0.49639934
XGBoost,val,77.589523_12.71956,2023-10-01,0.8422202,0.84339327
XGBoost,val,77.589523_12.746509,2023-10-01,0.7302994,0.747292
XGBoost,val,77.589523_12.854307,2023-10-01,0.61866885,0.6499336
XGBoost,val,77.589523_12.971088,2023-10-01,0.80373716,0.7814361
XGBoost,val,77.589523_13.083377,2023-10-01,0.62175465,0.63118196
XGBoost,val,77.589523_13.150751,2023-10-01,0.48948422,0.49163494
XGBoost,val,77.594015_12.724051,2023-10-01,0.84607273,0.8411052
XGBoost,val,77.594015_12.733034,2023-10-01,0.82311636,0.83671755
XGBoost,val,77.594015_12.755492,2023-10-01,0.70077443,0.7054322
XGBoost,val,77.594015_12.831849,2023-10-01,0.6033758,0.6313686
XGBoost,val,77.594015_12.836341,2023-10-01,0.6473163,0.6675401
XGBoost,val,77.594015_12.840832,2023-10-01,0.6497834,0.67213523
XGBoost,val,77.594015_12.849815,2023-10-01,0.6363262,0.6608374
XGBoost,val,77.594015_12.998037,2023-10-01,0.7849742,0.77369726
XGBoost,val,77.594015_13.087869,2023-10-01,0.62540674,0.6423995
XGBoost,val,77.598506_12.710577,2023-10-01,0.6997795,0.7133331
XGBoost,val,77.598506_12.822866,2023-10-01,0.6398628,0.65584993
XGBoost,val,77.598506_12.849815,2023-10-01,0.7341686,0.74811596
XGBoost,val,77.598506_13.083377,2023-10-01,0.62189376,0.6248806
XGBoost,val,77.598506_13.128293,2023-10-01,0.58494776,0.592297
XGBoost,val,77.598506_13.141768,2023-10-01,0.46128473,0.4649235
XGBoost,val,77.598506_13.146259,2023-10-01,0.4357945,0.44264448
XGBoost,val,77.602998_12.710577,2023-10-01,0.7174099,0.7343477
XGBoost,val,77.602998_12.827358,2023-10-01,0.5120543,0.5264848
XGBoost,val,77.602998_12.849815,2023-10-01,0.57644725,0.5881195
XGBoost,val,77.602998_12.858799,2023-10-01,0.56865114,0.5901031
XGBoost,val,77.602998_13.114818,2023-10-01,0.6056149,0.6066951
XGBoost,val,77.602998_13.11931,2023-10-01,0.5963998,0.6156658
XGBoost,val,77.602998_13.128293,2023-10-01,0.54121053,0.55611
XGBoost,val,77.602998_13.164226,2023-10-01,0.50148726,0.49238592
XGBoost,val,77.607489_12.768967,2023-10-01,0.63212574,0.658991
XGBoost,val,77.607489_12.773459,2023-10-01,0.6048258,0.62389594
XGBoost,val,77.607489_12.809391,2023-10-01,0.67043966,0.66898584
XGBoost,val,77.607489_12.818374,2023-10-01,0.7170572,0.73069054
XGBoost,val,77.607489_13.087869,2023-10-01,0.75719875,0.7677898
XGBoost,val,77.611981_12.674644,2023-10-01,0.818107,0.8319059
XGBoost,val,77.611981_12.768967,2023-10-01,0.5845421,0.6040206
XGBoost,val,77.611981_12.831849,2023-10-01,0.5685754,0.5802512
XGBoost,val,77.611981_12.867782,2023-10-01,0.5354548,0.55506784
XGBoost,val,77.611981_12.953122,2023-10-01,0.73754925,0.7605736
XGBoost,val,77.611981_13.105835,2023-10-01,0.55750966,0.56712
XGBoost,val,77.611981_13.168717,2023-10-01,0.45489755,0.45146477
XGBoost,val,77.611981_13.182192,2023-10-01,0.38401586,0.40205446
XGBoost,val,77.616473_12.831849,2023-10-01,0.6335274,0.657787
XGBoost,val,77.616473_12.858799,2023-10-01,0.52968574,0.54397285
XGBoost,val,77.616473_13.114818,2023-10-01,0.58777136,0.5979772
XGBoost,val,77.616473_13.141768,2023-10-01,0.46140277,0.47536007
XGBoost,val,77.616473_13.1777,2023-10-01,0.39976585,0.41352478
XGBoost,val,77.620964_12.674644,2023-10-01,0.8262293,0.8415027
XGBoost,val,77.620964_12.795916,2023-10-01,0.4466131,0.46524504
XGBoost,val,77.620964_12.813883,2023-10-01,0.46137002,0.47086203
XGBoost,val,77.620964_12.845324,2023-10-01,0.6759104,0.6925908
XGBoost,val,77.620964_12.858799,2023-10-01,0.5116649,0.514785
XGBoost,val,77.620964_13.132785,2023-10-01,0.55396825,0.5743962
XGBoost,val,77.625456_12.782442,2023-10-01,0.53158784,0.5508532
XGBoost,val,77.625456_12.858799,2023-10-01,0.4629754,0.46449545
XGBoost,val,77.625456_13.065411,2023-10-01,0.4276789,0.43877688
XGBoost,val,77.625456_13.128293,2023-10-01,0.54695696,0.5763773
XGBoost,val,77.625456_13.137276,2023-10-01,0.46171212,0.4697029
XGBoost,val,77.625456_13.155243,2023-10-01,0.67247605,0.6771004
XGBoost,val,77.625456_13.182192,2023-10-01,0.4694135,0.4710946
XGBoost,val,77.629947_12.795916,2023-10-01,0.7835975,0.81731904
XGBoost,val,77.629947_12.809391,2023-10-01,0.49832982,0.49791688
XGBoost,val,77.629947_12.836341,2023-10-01,0.60359013,0.6165794
XGBoost,val,77.629947_12.854307,2023-10-01,0.5200248,0.5255792
XGBoost,val,77.629947_12.858799,2023-10-01,0.49085566,0.49594924
XGBoost,val,77.629947_13.06092,2023-10-01,0.44854861,0.45725372
XGBoost,val,77.629947_13.087869,2023-10-01,0.472045,0.47223186
XGBoost,val,77.629947_13.1777,2023-10-01,0.48589978,0.4814653
XGBoost,val,77.634439_12.679136,2023-10-01,0.7933057,0.79832363
XGBoost,val,77.634439_12.701593,2023-10-01,0.74671894,0.7685727
XGBoost,val,77.634439_12.733034,2023-10-01,0.49284458,0.5203899
XGBoost,val,77.634439_12.746509,2023-10-01,0.5368851,0.5467579
XGBoost,val,77.634439_12.751001,2023-10-01,0.54266196,0.55742335
XGBoost,val,77.634439_12.849815,2023-10-01,0.56078357,0.572892
XGBoost,val,77.634439_13.047445,2023-10-01,0.49104065,0.5108808
XGBoost,val,77.634439_13.083377,2023-10-01,0.42652237,0.44645303
XGBoost,val,77.634439_13.137276,2023-10-01,0.4367147,0.44247985
XGBoost,val,77.63893_12.688119,2023-10-01,0.71250784,0.71982145
XGBoost,val,77.63893_12.742018,2023-10-01,0.55962205,0.5753469
XGBoost,val,77.63893_12.791425,2023-10-01,0.56562227,0.56812435
XGBoost,val,77.63893_12.800408,2023-10-01,0.49391264,0.50252944
XGBoost,val,77.63893_12.818374,2023-10-01,0.4862368,0.49990377
XGBoost,val,77.63893_12.840832,2023-10-01,0.65101707,0.6617149
XGBoost,val,77.63893_12.872273,2023-10-01,0.41601646,0.4414123
XGBoost,val,77.63893_12.917189,2023-10-01,0.72299355,0.74612033
XGBoost,val,77.63893_12.989054,2023-10-01,0.68477374,0.6896561
XGBoost,val,77.63893_13.056428,2023-10-01,0.545771,0.56208086
XGBoost,val,77.63893_13.078886,2023-10-01,0.4719545,0.4704343
XGBoost,val,77.63893_13.083377,2023-10-01,0.42178446,0.44234985
XGBoost,val,77.63893_13.1777,2023-10-01,0.448551,0.47197807
XGBoost,val,77.643422_12.795916,2023-10-01,0.50050515,0.5088489
XGBoost,val,77.643422_12.800408,2023-10-01,0.49897012,0.5115281
XGBoost,val,77.643422_12.809391,2023-10-01,0.52688414,0.5325613
XGBoost,val,77.643422_12.867782,2023-10-01,0.48581567,0.49524304
XGBoost,val,77.643422_13.002529,2023-10-01,0.5798934,0.5765729
XGBoost,val,77.643422_13.038462,2023-10-01,0.5429914,0.56113106
XGBoost,val,77.643422_13.164226,2023-10-01,0.59076756,0.61872333
XGBoost,val,77.647914_12.688119,2023-10-01,0.719081,0.75394285
XGBoost,val,77.647914_12.733034,2023-10-01,0.5491119,0.576464
XGBoost,val,77.647914_12.881256,2023-10-01,0.49656853,0.5175831
XGBoost,val,77.647914_12.935155,2023-10-01,0.6994894,0.6932435
XGBoost,val,77.647914_13.141768,2023-10-01,0.70056194,0.70547384
XGBoost,val,77.647914_13.168717,2023-10-01,0.747564,0.75683624
XGBoost,val,77.652405_12.697102,2023-10-01,0.70236623,0.714487
XGBoost,val,77.652405_12.773459,2023-10-01,0.49912915,0.5093459
XGBoost,val,77.652405_12.795916,2023-10-01,0.4454423,0.4635311
XGBoost,val,77.652405_12.8049,2023-10-01,0.5502202,0.5649264
XGBoost,val,77.652405_12.858799,2023-10-01,0.7232945,0.7464178
XGBoost,val,77.652405_12.926172,2023-10-01,0.6565424,0.6683835
XGBoost,val,77.652405_13.002529,2023-10-01,0.55983406,0.5665795
XGBoost,val,77.656897_12.742018,2023-10-01,0.5428024,0.5634924
XGBoost,val,77.656897_12.746509,2023-10-01,0.5501943,0.54755926
XGBoost,val,77.656897_12.768967,2023-10-01,0.5443568,0.561947
XGBoost,val,77.656897_12.791425,2023-10-01,0.44562113,0.4723706
XGBoost,val,77.656897_12.800408,2023-10-01,0.56063974,0.5842469
XGBoost,val,77.656897_12.831849,2023-10-01,0.5722142,0.5995426
XGBoost,val,77.656897_12.849815,2023-10-01,0.4388449,0.46435475
XGBoost,val,77.656897_13.101344,2023-10-01,0.5070338,0.5056275
XGBoost,val,77.656897_13.164226,2023-10-01,0.48277304,0.48220053
XGBoost,val,77.656897_13.173209,2023-10-01,0.4364381,0.4368125
XGBoost,val,77.661388_12.737526,2023-10-01,0.57931346,0.59018415
XGBoost,val,77.661388_12.759984,2023-10-01,0.57806915,0.589837
XGBoost,val,77.661388_13.056428,2023-10-01,0.47855854,0.4835474
XGBoost,val,77.661388_13.074394,2023-10-01,0.5662537,0.5676275
XGBoost,val,77.661388_13.087869,2023-10-01,0.45980415,0.47118187
XGBoost,val,77.661388_13.101344,2023-10-01,0.48217922,0.4752076
XGBoost,val,77.661388_13.110327,2023-10-01,0.5283009,0.5457682
XGBoost,val,77.661388_13.11931,2023-10-01,0.6015877,0.62131923
XGBoost,val,77.66588_12.679136,2023-10-01,0.65891796,0.67589027
XGBoost,val,77.66588_12.697102,2023-10-01,0.6376383,0.6587595
XGBoost,val,77.66588_12.715068,2023-10-01,0.65075886,0.67127883
XGBoost,val,77.66588_12.724051,2023-10-01,0.62265325,0.6560939
XGBoost,val,77.66588_12.751001,2023-10-01,0.52913165,0.53416276
XGBoost,val,77.66588_12.755492,2023-10-01,0.5756218,0.5954897
XGBoost,val,77.66588_12.764475,2023-10-01,0.5723133,0.5893305
XGBoost,val,77.66588_12.768967,2023-10-01,0.7117666,0.7473429
XGBoost,val,77.66588_12.791425,2023-10-01,0.6055803,0.6265761
XGBoost,val,77.66588_12.953122,2023-10-01,0.56023943,0.5823643
XGBoost,val,77.66588_13.038462,2023-10-01,0.47209406,0.48543632
XGBoost,val,77.66588_13.051936,2023-10-01,0.5355434,0.53640467
XGBoost,val,77.66588_13.173209,2023-10-01,0.42208838,0.4347335
XGBoost,val,77.670371_12.71956,2023-10-01,0.6575563,0.68712544
XGBoost,val,77.670371_12.86329,2023-10-01,0.53063387,0.5483585
XGBoost,val,77.670371_12.881256,2023-10-01,0.48632842,0.49763575
XGBoost,val,77.670371_12.894731,2023-10-01,0.4348742,0.451847
XGBoost,val,77.670371_13.069903,2023-10-01,0.4430442,0.4514799
XGBoost,val,77.670371_13.083377,2023-10-01,0.41658753,0.42813554
XGBoost,val,77.670371_13.092361,2023-10-01,0.41712657,0.43300468
XGBoost,val,77.670371_13.128293,2023-10-01,0.5392684,0.53094226
XGBoost,val,77.674863_12.674644,2023-10-01,0.73979366,0.7541613
XGBoost,val,77.674863_12.71956,2023-10-01,0.665562,0.6862205
XGBoost,val,77.674863_12.755492,2023-10-01,0.5164859,0.53378505
XGBoost,val,77.674863_12.764475,2023-10-01,0.5166781,0.53768283
XGBoost,val,77.674863_12.786933,2023-10-01,0.5257429,0.5453037
XGBoost,val,77.674863_12.836341,2023-10-01,0.53502184,0.55758363
XGBoost,val,77.674863_12.867782,2023-10-01,0.79113775,0.8036387
XGBoost,val,77.674863_13.051936,2023-10-01,0.5303149,0.5434708
XGBoost,val,77.674863_13.069903,2023-10-01,0.3999669,0.42465168
XGBoost,val,77.674863_13.092361,2023-10-01,0.45285052,0.47252804
XGBoost,val,77.674863_13.105835,2023-10-01,0.52363914,0.5182789
XGBoost,val,77.679355_12.697102,2023-10-01,0.5363697,0.54778796
XGBoost,val,77.679355_12.746509,2023-10-01,0.68804383,0.71058536
XGBoost,val,77.679355_12.881256,2023-10-01,0.48930746,0.5139377
XGBoost,val,77.679355_12.89024,2023-10-01,0.5241386,0.5386023
XGBoost,val,77.679355_12.899223,2023-10-01,0.42630166,0.43417367
XGBoost,val,77.679355_13.047445,2023-10-01,0.7787445,0.7900903
XGBoost,val,77.679355_13.056428,2023-10-01,0.4968013,0.49582285
XGBoost,val,77.679355_13.074394,2023-10-01,0.4610749,0.4650123
XGBoost,val,77.679355_13.101344,2023-10-01,0.48261768,0.48651156
XGBoost,val,77.679355_13.141768,2023-10-01,0.51621497,0.5351668
XGBoost,val,77.679355_13.155243,2023-10-01,0.43485996,0.43735623
XGBoost,val,77.679355_13.159734,2023-10-01,0.45735887,0.46910357
XGBoost,val,77.683846_12.728543,2023-10-01,0.5562422,0.58538014
XGBoost,val,77.683846_12.742018,2023-10-01,0.51275235,0.5238435
XGBoost,val,77.683846_12.755492,2023-10-01,0.71924865,0.7514093
XGBoost,val,77.683846_12.795916,2023-10-01,0.52185804,0.5352983
XGBoost,val,77.683846_12.8049,2023-10-01,0.49853566,0.5171848
XGBoost,val,77.683846_12.836341,2023-10-01,0.6038854,0.62561613
XGBoost,val,77.683846_12.840832,2023-10-01,0.6140677,0.6322761
XGBoost,val,77.683846_12.894731,2023-10-01,0.5176294,0.5328577
XGBoost,val,77.683846_12.917189,2023-10-01,0.44858694,0.44590566
XGBoost,val,77.683846_12.939647,2023-10-01,0.71895283,0.7444557
XGBoost,val,77.683846_13.029478,2023-10-01,0.35557276,0.38859817
XGBoost,val,77.683846_13.06092,2023-10-01,0.48010677,0.47743982
XGBoost,val,77.683846_13.074394,2023-10-01,0.4332583,0.4302845
XGBoost,val,77.683846_13.11931,2023-10-01,0.408977,0.41211203
XGBoost,val,77.683846_13.123802,2023-10-01,0.47000128,0.47237042
XGBoost,val,77.688338_12.656678,2023-10-01,0.72201395,0.7420674
XGBoost,val,77.688338_12.69261,2023-10-01,0.8156894,0.83589125
XGBoost,val,77.688338_12.697102,2023-10-01,0.8269173,0.83827996
XGBoost,val,77.688338_12.710577,2023-10-01,0.8178296,0.8366828
XGBoost,val,77.688338_12.751001,2023-10-01,0.59955704,0.61074686
XGBoost,val,77.688338_12.755492,2023-10-01,0.5578024,0.57519484
XGBoost,val,77.688338_12.876765,2023-10-01,0.80324847,0.8131987
XGBoost,val,77.688338_12.885748,2023-10-01,0.5321067,0.5322167
XGBoost,val,77.688338_12.966596,2023-10-01,0.58250815,0.5885288
XGBoost,val,77.692829_12.746509,2023-10-01,0.4738722,0.4954591
XGBoost,val,77.692829_12.800408,2023-10-01,0.4553444,0.47796082
XGBoost,val,77.692829_12.845324,2023-10-01,0.66443706,0.6731343
XGBoost,val,77.692829_12.885748,2023-10-01,0.5447715,0.5696203
XGBoost,val,77.692829_12.899223,2023-10-01,0.47684425,0.4784292
XGBoost,val,77.692829_13.047445,2023-10-01,0.7846005,0.80243623
XGBoost,val,77.692829_13.06092,2023-10-01,0.6034798,0.6114886
XGBoost,val,77.692829_13.065411,2023-10-01,0.5903956,0.5760759
XGBoost,val,77.692829_13.083377,2023-10-01,0.43120664,0.43681976
XGBoost,val,77.692829_13.096852,2023-10-01,0.4247496,0.4369717
XGBoost,val,77.692829_13.132785,2023-10-01,0.4209368,0.43034604
XGBoost,val,77.692829_13.155243,2023-10-01,0.421234,0.43927404
XGBoost,val,77.697321_12.697102,2023-10-01,0.8164615,0.8386213
XGBoost,val,77.697321_12.751001,2023-10-01,0.5415596,0.5491282
XGBoost,val,77.697321_12.773459,2023-10-01,0.47934967,0.49226323
XGBoost,val,77.697321_12.791425,2023-10-01,0.575772,0.5954211
XGBoost,val,77.697321_12.885748,2023-10-01,0.5515888,0.5706906
XGBoost,val,77.697321_12.894731,2023-10-01,0.505832,0.5049007
XGBoost,val,77.697321_12.930664,2023-10-01,0.50519776,0.51804835
XGBoost,val,77.697321_12.966596,2023-10-01,0.5450973,0.56758106
XGBoost,val,77.697321_13.132785,2023-10-01,0.42156488,0.43325213
XGBoost,val,77.697321_13.150751,2023-10-01,0.46116728,0.46927318
XGBoost,val,77.697321_13.1777,2023-10-01,0.601696,0.6059588
XGBoost,val,77.701812_12.742018,2023-10-01,0.4988473,0.5186185
XGBoost,val,77.701812_12.77795,2023-10-01,0.46905953,0.49020678
XGBoost,val,77.701812_12.8049,2023-10-01,0.56116706,0.5820751
XGBoost,val,77.701812_12.822866,2023-10-01,0.5509996,0.5560412
XGBoost,val,77.701812_12.872273,2023-10-01,0.45182988,0.4671464
XGBoost,val,77.701812_12.984563,2023-10-01,0.47207054,0.4958278
XGBoost,val,77.701812_13.03397,2023-10-01,0.44005173,0.4562178
XGBoost,val,77.701812_13.114818,2023-10-01,0.5224545,0.51977456
XGBoost,val,77.701812_13.164226,2023-10-01,0.44216788,0.46779937
XGBoost,val,77.706304_12.746509,2023-10-01,0.5098293,0.5200211
XGBoost,val,77.706304_12.751001,2023-10-01,0.52091044,0.537553
XGBoost,val,77.706304_12.759984,2023-10-01,0.42794028,0.4452895
XGBoost,val,77.706304_12.764475,2023-10-01,0.5112099,0.5166034
XGBoost,val,77.706304_12.86329,2023-10-01,0.40643743,0.41728312
XGBoost,val,77.706304_12.984563,2023-10-01,0.47901946,0.4989622
XGBoost,val,77.706304_13.038462,2023-10-01,0.44841227,0.45663643
XGBoost,val,77.706304_13.042953,2023-10-01,0.52552307,0.53070533
XGBoost,val,77.706304_13.137276,2023-10-01,0.7745323,0.7801356
XGBoost,val,77.710796_12.715068,2023-10-01,0.62101376,0.6515671
XGBoost,val,77.710796_12.894731,2023-10-01,0.58926874,0.6071049
XGBoost,val,77.710796_12.899223,2023-10-01,0.51308787,0.5296133
XGBoost,val,77.710796_12.912697,2023-10-01,0.45567873,0.46204135
XGBoost,val,77.710796_13.03397,2023-10-01,0.4902058,0.47976723
XGBoost,val,77.710796_13.11931,2023-10-01,0.4624282,0.46407312
XGBoost,val,77.710796_13.123802,2023-10-01,0.42510974,0.43850514
XGBoost,val,77.710796_13.132785,2023-10-01,0.4764537,0.48850164
XGBoost,val,77.710796_13.150751,2023-10-01,0.39984414,0.4325645
XGBoost,val,77.710796_13.168717,2023-10-01,0.50419325,0.5278314
XGBoost,val,77.710796_13.173209,2023-10-01,0.52770823,0.52596974
XGBoost,val,77.715287_12.679136,2023-10-01,0.70500433,0.7235421
XGBoost,val,77.715287_12.742018,2023-10-01,0.49142045,0.5097241
XGBoost,val,77.715287_12.773459,2023-10-01,0.4740791,0.49450102
XGBoost,val,77.715287_12.822866,2023-10-01,0.5273348,0.5340029
XGBoost,val,77.715287_12.827358,2023-10-01,0.4676398,0.48876828
XGBoost,val,77.715287_12.845324,2023-10-01,0.412286,0.42691982
XGBoost,val,77.715287_12.885748,2023-10-01,0.5799751,0.5858156
XGBoost,val,77.715287_12.899223,2023-10-01,0.41394326,0.43160763
XGBoost,val,77.715287_12.939647,2023-10-01,0.7023686,0.7223275
XGBoost,val,77.715287_12.944139,2023-10-01,0.74043477,0.7619909
XGBoost,val,77.715287_12.94863,2023-10-01,0.59311175,0.6251294
XGBoost,val,77.715287_13.016004,2023-10-01,0.5327646,0.5516084
XGBoost,val,77.715287_13.029478,2023-10-01,0.39902663,0.4187643
XGBoost,val,77.715287_13.038462,2023-10-01,0.5539759,0.5433811
XGBoost,val,77.715287_13.051936,2023-10-01,0.53477806,0.52913254
XGBoost,val,77.715287_13.056428,2023-10-01,0.43966454,0.44879553
XGBoost,val,77.715287_13.096852,2023-10-01,0.38273868,0.37883157
XGBoost,val,77.715287_13.114818,2023-10-01,0.5389976,0.54309434
XGBoost,val,77.715287_13.128293,2023-10-01,0.47380364,0.49906293
XGBoost,val,77.719779_12.706085,2023-10-01,0.65198666,0.6680981
XGBoost,val,77.719779_12.746509,2023-10-01,0.71824205,0.71747327
XGBoost,val,77.719779_12.795916,2023-10-01,0.48697755,0.50701535
XGBoost,val,77.719779_12.840832,2023-10-01,0.53555936,0.5457829
XGBoost,val,77.719779_12.903714,2023-10-01,0.44518942,0.4465598
XGBoost,val,77.719779_13.069903,2023-10-01,0.42398292,0.44361448
XGBoost,val,77.719779_13.105835,2023-10-01,0.45649442,0.46282917
XGBoost,val,77.719779_13.123802,2023-10-01,0.43535155,0.45511994
XGBoost,val,77.719779_13.137276,2023-10-01,0.45540932,0.46720433
XGBoost,val,77.719779_13.155243,2023-10-01,0.427691,0.45314473
XGBoost,val,77.72427_12.674644,2023-10-01,0.549761,0.5756052
XGBoost,val,77.72427_12.697102,2023-10-01,0.50686884,0.5140781
XGBoost,val,77.72427_12.701593,2023-10-01,0.55047697,0.56161296
XGBoost,val,77.72427_12.724051,2023-10-01,0.5379868,0.5485965
XGBoost,val,77.72427_12.786933,2023-10-01,0.5102435,0.51526654
XGBoost,val,77.72427_12.791425,2023-10-01,0.51493603,0.518781
XGBoost,val,77.72427_12.840832,2023-10-01,0.50621885,0.5181617
XGBoost,val,77.72427_12.867782,2023-10-01,0.46633333,0.46363562
XGBoost,val,77.72427_12.885748,2023-10-01,0.4901596,0.5046199
XGBoost,val,77.72427_13.024987,2023-10-01,0.82799566,0.8173712
XGBoost,val,77.72427_13.06092,2023-10-01,0.44915497,0.45021582
XGBoost,val,77.72427_13.074394,2023-10-01,0.46832985,0.47236848
XGBoost,val,77.728762_12.706085,2023-10-01,0.64826876,0.6660521
XGBoost,val,77.728762_12.724051,2023-10-01,0.6493442,0.672421
XGBoost,val,77.728762_12.759984,2023-10-01,0.5257354,0.5302522
XGBoost,val,77.728762_12.782442,2023-10-01,0.56399757,0.57042885
XGBoost,val,77.728762_12.809391,2023-10-01,0.52051383,0.51559657
XGBoost,val,77.728762_12.858799,2023-10-01,0.5565401,0.57251436
XGBoost,val,77.728762_12.876765,2023-10-01,0.5696403,0.57780147
XGBoost,val,77.728762_12.885748,2023-10-01,0.49080825,0.49634266
XGBoost,val,77.728762_13.016004,2023-10-01,0.80147994,0.811853
XGBoost,val,77.728762_13.047445,2023-10-01,0.5041707,0.5121787
XGBoost,val,77.728762_13.087869,2023-10-01,0.5159647,0.51112485
XGBoost,val,77.728762_13.092361,2023-10-01,0.48286736,0.48040932
XGBoost,val,77.733253_12.755492,2023-10-01,0.46723124,0.46962127
XGBoost,val,77.733253_12.795916,2023-10-01,0.49425146,0.5045393
XGBoost,val,77.733253_12.86329,2023-10-01,0.5778658,0.5870197
XGBoost,val,77.733253_12.872273,2023-10-01,0.5661114,0.58101714
XGBoost,val,77.733253_12.998037,2023-10-01,0.64340377,0.65127736
XGBoost,val,77.733253_13.056428,2023-10-01,0.4131907,0.42081434
XGBoost,val,77.737745_12.764475,2023-10-01,0.45134693,0.47338244
XGBoost,val,77.737745_12.791425,2023-10-01,0.479519,0.5044787
XGBoost,val,77.737745_12.809391,2023-10-01,0.4855116,0.48222208
XGBoost,val,77.737745_12.858799,2023-10-01,0.50920695,0.5055816
XGBoost,val,77.737745_12.872273,2023-10-01,0.56014276,0.56444216
XGBoost,val,77.737745_12.881256,2023-10-01,0.5807376,0.60038656
XGBoost,val,77.737745_13.051936,2023-10-01,0.41792822,0.43046772
XGBoost,val,77.737745_13.06092,2023-10-01,0.45583725,0.4544034
XGBoost,val,77.737745_13.078886,2023-10-01,0.47138926,0.4778162
XGBoost,val,77.737745_13.101344,2023-10-01,0.41186982,0.42545027
XGBoost,val,77.742237_12.697102,2023-10-01,0.6691823,0.6873204
XGBoost,val,77.742237_12.764475,2023-10-01,0.478095,0.48592433
XGBoost,val,77.742237_12.795916,2023-10-01,0.4801362,0.49273118
XGBoost,val,77.742237_12.8049,2023-10-01,0.51063764,0.515463
XGBoost,val,77.742237_12.86329,2023-10-01,0.44587237,0.4382769
XGBoost,val,77.742237_12.867782,2023-10-01,0.5767594,0.57556796
XGBoost,val,77.742237_12.89024,2023-10-01,0.5841905,0.5849882
XGBoost,val,77.742237_12.899223,2023-10-01,0.54669535,0.5831389
XGBoost,val,77.742237_12.921681,2023-10-01,0.49148294,0.49598894
XGBoost,val,77.742237_12.980071,2023-10-01,0.53947526,0.5512467
XGBoost,val,77.742237_13.002529,2023-10-01,0.5660095,0.5801109
XGBoost,val,77.742237_13.016004,2023-10-01,0.5362753,0.5744551
XGBoost,val,77.742237_13.038462,2023-10-01,0.43915007,0.43338722
XGBoost,val,77.742237_13.074394,2023-10-01,0.41526774,0.4133782
XGBoost,val,77.742237_13.078886,2023-10-01,0.49316564,0.48021293
XGBoost,val,77.742237_13.101344,2023-10-01,0.44319013,0.45108154
XGBoost,val,77.746728_12.751001,2023-10-01,0.50288224,0.5240908
XGBoost,val,77.746728_12.764475,2023-10-01,0.5055639,0.50784624
XGBoost,val,77.746728_12.782442,2023-10-01,0.5507083,0.57454324
XGBoost,val,77.746728_12.97558,2023-10-01,0.5753383,0.5740144
XGBoost,val,77.746728_12.984563,2023-10-01,0.5348448,0.5551998
XGBoost,val,77.746728_13.016004,2023-10-01,0.5936945,0.59827465
XGBoost,val,77.746728_13.020495,2023-10-01,0.62197906,0.6424415
XGBoost,val,77.746728_13.024987,2023-10-01,0.50761247,0.5186135
XGBoost,val,77.746728_13.038462,2023-10-01,0.43319014,0.44260332
XGBoost,val,77.746728_13.06092,2023-10-01,0.38063127,0.39104652
XGBoost,val,77.746728_13.083377,2023-10-01,0.49811855,0.49574748
XGBoost,val,77.746728_13.092361,2023-10-01,0.46870387,0.46732178
XGBoost,val,77.75122_12.751001,2023-10-01,0.50302327,0.51406854
XGBoost,val,77.75122_12.755492,2023-10-01,0.57672733,0.5786254
XGBoost,val,77.75122_12.768967,2023-10-01,0.46597216,0.47173655
XGBoost,val,77.75122_12.77795,2023-10-01,0.5170432,0.5294296
XGBoost,val,77.75122_12.894731,2023-10-01,0.4812812,0.5008631
XGBoost,val,77.75122_12.993546,2023-10-01,0.48554385,0.4842262
XGBoost,val,77.75122_13.020495,2023-10-01,0.53229725,0.54661673
XGBoost,val,77.75122_13.03397,2023-10-01,0.47665545,0.4710465
XGBoost,val,77.75122_13.038462,2023-10-01,0.39617643,0.402824
XGBoost,val,77.755711_12.706085,2023-10-01,0.5744081,0.59118265
XGBoost,val,77.755711_12.764475,2023-10-01,0.7990257,0.83827305
XGBoost,val,77.755711_12.77795,2023-10-01,0.5009764,0.5020412
XGBoost,val,77.755711_12.822866,2023-10-01,0.47838753,0.48636812
XGBoost,val,77.755711_12.831849,2023-10-01,0.46103638,0.45972618
XGBoost,val,77.755711_12.858799,2023-10-01,0.518132,0.5213803
XGBoost,val,77.755711_12.885748,2023-10-01,0.53709674,0.529581
XGBoost,val,77.755711_12.899223,2023-10-01,0.4419692,0.4538921
XGBoost,val,77.755711_12.903714,2023-10-01,0.49538293,0.49988273
XGBoost,val,77.755711_12.926172,2023-10-01,0.50697446,0.5278584
XGBoost,val,77.760203_12.751001,2023-10-01,0.5071637,0.5182107
XGBoost,val,77.760203_12.795916,2023-10-01,0.43956903,0.4599033
XGBoost,val,77.760203_12.818374,2023-10-01,0.57499754,0.6022188
XGBoost,val,77.760203_12.867782,2023-10-01,0.47377756,0.476756
XGBoost,val,77.760203_12.872273,2023-10-01,0.4883094,0.500538
XGBoost,val,77.760203_12.876765,2023-10-01,0.4541471,0.46558714
XGBoost,val,77.760203_12.885748,2023-10-01,0.5020668,0.49634296
XGBoost,val,77.760203_12.984563,2023-10-01,0.5333404,0.55046505
XGBoost,val,77.764695_12.742018,2023-10-01,0.668392,0.696399
XGBoost,val,77.764695_12.746509,2023-10-01,0.6646615,0.6836929
XGBoost,val,77.764695_12.813883,2023-10-01,0.52484244,0.53553295
XGBoost,val,77.764695_12.849815,2023-10-01,0.4956324,0.5018879
XGBoost,val,77.764695_12.885748,2023-10-01,0.5091786,0.51688594
XGBoost,val,77.764695_12.912697,2023-10-01,0.5246806,0.52468264
XGBoost,val,77.764695_13.03397,2023-10-01,0.39207995,0.39083952
XGBoost,val,77.769186_12.751001,2023-10-01,0.7056449,0.73021936
XGBoost,val,77.769186_12.791425,2023-10-01,0.45982444,0.46472672
XGBoost,val,77.769186_12.800408,2023-10-01,0.51904976,0.53456676
XGBoost,val,77.769186_12.8049,2023-10-01,0.5639331,0.5820177
XGBoost,val,77.769186_12.809391,2023-10-01,0.47476876,0.48750588
XGBoost,val,77.769186_12.876765,2023-10-01,0.5141021,0.5229355
XGBoost,val,77.769186_12.894731,2023-10-01,0.48797816,0.49897632
XGBoost,val,77.769186_13.016004,2023-10-01,0.4612166,0.46907052
XGBoost,val,77.773678_12.746509,2023-10-01,0.6999712,0.7088135
XGBoost,val,77.773678_12.858799,2023-10-01,0.4686288,0.46891186
XGBoost,val,77.773678_12.885748,2023-10-01,0.5079876,0.50131017
XGBoost,val,77.773678_12.899223,2023-10-01,0.45106548,0.45684442
XGBoost,val,77.773678_12.908206,2023-10-01,0.530974,0.5165116
XGBoost,val,77.778169_12.809391,2023-10-01,0.46266243,0.46858755
XGBoost,val,77.778169_12.885748,2023-10-01,0.51302093,0.5207294
XGBoost,val,77.782661_12.786933,2023-10-01,0.44680807,0.45707437
XGBoost,val,77.782661_12.791425,2023-10-01,0.49128097,0.5150637
XGBoost,val,77.782661_12.89024,2023-10-01,0.5104621,0.5183657
XGBoost,val,77.787152_12.786933,2023-10-01,0.4534774,0.47913533
XGBoost,val,77.787152_12.849815,2023-10-01,0.4871062,0.4833661
XGBoost,val,77.787152_12.867782,2023-10-01,0.45269322,0.45715567
XGBoost,val,77.791644_12.8049,2023-10-01,0.4901733,0.51298696
XGBoost,val,77.791644_12.899223,2023-10-01,0.47068474,0.47309008
XGBoost,val,77.796136_12.854307,2023-10-01,0.45478132,0.45831868
XGBoost,val,77.796136_12.885748,2023-10-01,0.52914953,0.5243554
XGBoost,val,77.800627_12.876765,2023-10-01,0.5346662,0.53302747
XGBoost,val,77.800627_12.885748,2023-10-01,0.48970026,0.47912344
XGBoost,val,77.805119_12.876765,2023-10-01,0.5400862,0.54039866
XGBoost,val,77.805119_12.89024,2023-10-01,0.50461733,0.50593036
XGBoost,val,77.80961_12.858799,2023-10-01,0.5017618,0.5095776
XGBoost,val,77.80961_12.86329,2023-10-01,0.47643852,0.4756088
XGBoost,test,77.342486_12.944139,2024-05-01,0.69430125,0.6908381
XGBoost,test,77.346978_12.86329,2024-05-01,0.5657974,0.57531947
XGBoost,test,77.346978_12.962105,2024-05-01,0.5048407,0.50628084
XGBoost,test,77.355961_12.962105,2024-05-01,0.7396089,0.7472057
XGBoost,test,77.360453_12.867782,2024-05-01,0.3942692,0.40899166
XGBoost,test,77.364944_12.854307,2024-05-01,0.4313207,0.42384425
XGBoost,test,77.364944_12.962105,2024-05-01,0.4258362,0.43780243
XGBoost,test,77.369436_12.881256,2024-05-01,0.4362051,0.43922496
XGBoost,test,77.373927_12.971088,2024-05-01,0.4342627,0.44005516
XGBoost,test,77.391894_12.881256,2024-05-01,0.45056635,0.45220894
XGBoost,test,77.396385_12.894731,2024-05-01,0.48152968,0.4863094
XGBoost,test,77.396385_12.944139,2024-05-01,0.4652046,0.48266608
XGBoost,test,77.396385_12.97558,2024-05-01,0.36928484,0.37263462
XGBoost,test,77.396385_13.029478,2024-05-01,0.3694776,0.36570555
XGBoost,test,77.400877_12.966596,2024-05-01,0.36297223,0.36464435
XGBoost,test,77.400877_13.029478,2024-05-01,0.3418436,0.34797975
XGBoost,test,77.405368_12.998037,2024-05-01,0.41854718,0.42351538
XGBoost,test,77.40986_12.872273,2024-05-01,0.3577181,0.366613
XGBoost,test,77.40986_12.881256,2024-05-01,0.3312337,0.3438001
XGBoost,test,77.40986_12.962105,2024-05-01,0.44746375,0.4477191
XGBoost,test,77.414352_12.989054,2024-05-01,0.3630946,0.3706662
XGBoost,test,77.414352_12.993546,2024-05-01,0.40634865,0.40121847
XGBoost,test,77.414352_13.03397,2024-05-01,0.37132132,0.4016536
XGBoost,test,77.418843_12.971088,2024-05-01,0.38286778,0.3949798
XGBoost,test,77.418843_12.993546,2024-05-01,0.4224037,0.40445024
XGBoost,test,77.418843_13.016004,2024-05-01,0.3739458,0.38898337
XGBoost,test,77.423335_13.002529,2024-05-01,0.48701823,0.48428974
XGBoost,test,77.427826_13.110327,2024-05-01,0.40407267,0.41288003
XGBoost,test,77.432318_12.998037,2024-05-01,0.3548194,0.36337852
XGBoost,test,77.432318_13.092361,2024-05-01,0.3934669,0.39194557
XGBoost,test,77.436809_12.854307,2024-05-01,0.37332395,0.38421044
XGBoost,test,77.441301_12.818374,2024-05-01,0.514901,0.5072161
XGBoost,test,77.441301_12.831849,2024-05-01,0.41820914,0.4258435
XGBoost,test,77.441301_13.083377,2024-05-01,0.43225312,0.4488184
XGBoost,test,77.441301_13.110327,2024-05-01,0.41167054,0.43360963
XGBoost,test,77.445793_12.840832,2024-05-01,0.5065948,0.49453485
XGBoost,test,77.445793_12.86329,2024-05-01,0.5490945,0.5541135
XGBoost,test,77.445793_12.867782,2024-05-01,0.5328781,0.53089684
XGBoost,test,77.450284_12.872273,2024-05-01,0.5099877,0.4977644
XGBoost,test,77.450284_12.993546,2024-05-01,0.3183525,0.3431896
XGBoost,test,77.454776_12.993546,2024-05-01,0.3682351,0.37232575
XGBoost,test,77.454776_13.087869,2024-05-01,0.3920284,0.39359263
XGBoost,test,77.459267_12.822866,2024-05-01,0.47110492,0.47161207
XGBoost,test,77.459267_12.872273,2024-05-01,0.4694471,0.46642146
XGBoost,test,77.463759_12.813883,2024-05-01,0.4459194,0.4485602
XGBoost,test,77.463759_12.86329,2024-05-01,0.5160642,0.5202752
XGBoost,test,77.463759_12.953122,2024-05-01,0.74295145,0.74298024
XGBoost,test,77.46825_12.827358,2024-05-01,0.39481613,0.40882912
XGBoost,test,77.46825_12.953122,2024-05-01,0.4328667,0.42843986
XGBoost,test,77.46825_12.966596,2024-05-01,0.43599975,0.44158354
XGBoost,test,77.46825_13.007021,2024-05-01,0.35039625,0.36559877
XGBoost,test,77.46825_13.150751,2024-05-01,0.37591395,0.3856256
XGBoost,test,77.481725_12.831849,2024-05-01,0.42429784,0.44299385
XGBoost,test,77.481725_13.096852,2024-05-01,0.54903495,0.5686436
XGBoost,test,77.481725_13.137276,2024-05-01,0.7293715,0.74385303
XGBoost,test,77.486217_13.042953,2024-05-01,0.5013803,0.49763602
XGBoost,test,77.499692_12.755492,2024-05-01,0.5749273,0.58632356
XGBoost,test,77.499692_13.137276,2024-05-01,0.43582305,0.4421253
XGBoost,test,77.504183_12.818374,2024-05-01,0.51145804,0.5050014
XGBoost,test,77.504183_12.854307,2024-05-01,0.4887062,0.49343193
XGBoost,test,77.508675_12.751001,2024-05-01,0.6289003,0.63028055
XGBoost,test,77.508675_12.795916,2024-05-01,0.55481774,0.54849327
XGBoost,test,77.508675_12.831849,2024-05-01,0.5170099,0.5226122
XGBoost,test,77.508675_12.845324,2024-05-01,0.52450037,0.52569056
XGBoost,test,77.508675_13.114818,2024-05-01,0.41456327,0.43343064
XGBoost,test,77.513166_12.77795,2024-05-01,0.63765955,0.6187062
XGBoost,test,77.513166_12.822866,2024-05-01,0.6168447,0.6239485
XGBoost,test,77.517658_12.77795,2024-05-01,0.57812303,0.5751774
XGBoost,test,77.517658_12.782442,2024-05-01,0.5905563,0.5830885
XGBoost,test,77.517658_12.827358,2024-05-01,0.5239288,0.5288086
XGBoost,test,77.517658_12.849815,2024-05-01,0.4959912,0.49471965
XGBoost,test,77.517658_13.11931,2024-05-01,0.36663127,0.38341948
XGBoost,test,77.522149_12.813883,2024-05-01,0.49572572,0.49150276
XGBoost,test,77.522149_12.818374,2024-05-01,0.46658581,0.46160308
XGBoost,test,77.522149_12.845324,2024-05-01,0.5381129,0.53315556
XGBoost,test,77.522149_13.056428,2024-05-01,0.63550305,0.64287186
XGBoost,test,77.526641_13.105835,2024-05-01,0.3937225,0.42111388
XGBoost,test,77.526641_13.110327,2024-05-01,0.38093266,0.40845332
XGBoost,test,77.531133_12.795916,2024-05-01,0.5791106,0.5795482
XGBoost,test,77.531133_12.822866,2024-05-01,0.5273428,0.5118968
XGBoost,test,77.535624_12.872273,2024-05-01,0.4185432,0.4318303
XGBoost,test,77.535624_13.069903,2024-05-01,0.6885126,0.69935346
XGBoost,test,77.535624_13.096852,2024-05-01,0.44019312,0.45386744
XGBoost,test,77.535624_13.137276,2024-05-01,0.37506196,0.40249297
XGBoost,test,77.540116_12.795916,2024-05-01,0.5967371,0.6110907
XGBoost,test,77.540116_13.042953,2024-05-01,0.5610191,0.56432873
XGBoost,test,77.540116_13.074394,2024-05-01,0.58819026,0.62240726
XGBoost,test,77.540116_13.092361,2024-05-01,0.4065136,0.42799646
XGBoost,test,77.540116_13.101344,2024-05-01,0.3996505,0.41641602
XGBoost,test,77.540116_13.105835,2024-05-01,0.41839117,0.43812412
XGBoost,test,77.540116_13.114818,2024-05-01,0.4102614,0.42252037
XGBoost,test,77.540116_13.155243,2024-05-01,0.47323105,0.49019206
XGBoost,test,77.549099_12.831849,2024-05-01,0.6384704,0.63329625
XGBoost,test,77.549099_12.836341,2024-05-01,0.6089187,0.6182675
XGBoost,test,77.549099_13.132785,2024-05-01,0.62102824,0.6270692
XGBoost,test,77.55359_12.71956,2024-05-01,0.7269572,0.73806715
XGBoost,test,77.55359_13.101344,2024-05-01,0.40086916,0.4265645
XGBoost,test,77.55359_13.110327,2024-05-01,0.47172624,0.48451734
XGBoost,test,77.55359_13.128293,2024-05-01,0.59635663,0.61723137
XGBoost,test,77.558082_12.710577,2024-05-01,0.7434936,0.7543568
XGBoost,test,77.558082_13.042953,2024-05-01,0.6622042,0.6522601
XGBoost,test,77.558082_13.051936,2024-05-01,0.70290864,0.69939023
XGBoost,test,77.558082_13.110327,2024-05-01,0.4914271,0.49879527
XGBoost,test,77.562574_12.827358,2024-05-01,0.68873626,0.6842348
XGBoost,test,77.562574_12.858799,2024-05-01,0.42105904,0.42889118
XGBoost,test,77.562574_13.141768,2024-05-01,0.4179854,0.4306346
XGBoost,test,77.567065_13.114818,2024-05-01,0.64383924,0.6544163
XGBoost,test,77.576048_12.728543,2024-05-01,0.72699434,0.7491907
XGBoost,test,77.576048_12.827358,2024-05-01,0.6044312,0.6276932
XGBoost,test,77.58054_12.845324,2024-05-01,0.6781179,0.6810028
XGBoost,test,77.58054_13.083377,2024-05-01,0.5135216,0.49593693
XGBoost,test,77.58054_13.087869,2024-05-01,0.47372505,0.4792967
XGBoost,test,77.585031_12.849815,2024-05-01,0.6783921,0.6741904
XGBoost,test,77.585031_13.042953,2024-05-01,0.6820679,0.6842326
XGBoost,test,77.589523_12.71956,2024-05-01,0.79567784,0.8085515
XGBoost,test,77.589523_12.746509,2024-05-01,0.6904744,0.6846657
XGBoost,test,77.589523_13.083377,2024-05-01,0.5902668,0.6048383
XGBoost,test,77.594015_12.724051,2024-05-01,0.8022373,0.8137696
XGBoost,test,77.594015_12.831849,2024-05-01,0.584058,0.6007506
XGBoost,test,77.594015_12.998037,2024-05-01,0.75426,0.73636585
XGBoost,test,77.594015_13.087869,2024-05-01,0.5908649,0.62346447
XGBoost,test,77.598506_12.665661,2024-05-01,0.7536956,0.7733744
XGBoost,test,77.598506_12.710577,2024-05-01,0.6568016,0.666265
XGBoost,test,77.598506_13.083377,2024-05-01,0.5809312,0.59084344
XGBoost,test,77.602998_12.710577,2024-05-01,0.67750317,0.6775282
XGBoost,test,77.602998_12.827358,2024-05-01,0.4776307,0.48224646
XGBoost,test,77.602998_13.114818,2024-05-01,0.555235,0.5660963
XGBoost,test,77.607489_12.768967,2024-05-01,0.6035167,0.62783414
XGBoost,test,77.607489_12.773459,2024-05-01,0.57010883,0.59019685
XGBoost,test,77.607489_12.791425,2024-05-01,0.5252184,0.5380675
XGBoost,test,77.607489_13.087869,2024-05-01,0.7204129,0.7273228
XGBoost,test,77.611981_12.831849,2024-05-01,0.5375151,0.546664
XGBoost,test,77.611981_12.953122,2024-05-01,0.7209774,0.720404
XGBoost,test,77.611981_13.168717,2024-05-01,0.40398163,0.4213603
XGBoost,test,77.629947_12.795916,2024-05-01,0.7772246,0.76960903
XGBoost,test,77.629947_12.809391,2024-05-01,0.45523277,0.45325327
XGBoost,test,77.629947_13.087869,2024-05-01,0.44247475,0.44415805
XGBoost,test,77.634439_12.679136,2024-05-01,0.7447908,0.76534325
XGBoost,test,77.634439_12.701593,2024-05-01,0.7001217,0.7251469
XGBoost,test,77.634439_12.733034,2024-05-01,0.4740666,0.4683784
XGBoost,test,77.634439_12.746509,2024-05-01,0.5146054,0.5229258
XGBoost,test,77.634439_12.751001,2024-05-01,0.5003082,0.5215326
XGBoost,test,77.634439_13.083377,2024-05-01,0.39883798,0.41856724
XGBoost,test,77.63893_12.688119,2024-05-01,0.66795546,0.67057467
XGBoost,test,77.63893_12.742018,2024-05-01,0.521731,0.5319348
XGBoost,test,77.63893_12.791425,2024-05-01,0.52800655,0.5306519
XGBoost,test,77.63893_12.800408,2024-05-01,0.46015158,0.4542934
XGBoost,test,77.63893_12.818374,2024-05-01,0.45906815,0.44779623
XGBoost,test,77.63893_12.989054,2024-05-01,0.652758,0.6492128
XGBoost,test,77.63893_13.078886,2024-05-01,0.42989036,0.4364599
XGBoost,test,77.63893_13.083377,2024-05-01,0.39191592,0.41413504
XGBoost,test,77.643422_12.800408,2024-05-01,0.46691594,0.46385455
XGBoost,test,77.643422_12.809391,2024-05-01,0.4916308,0.48431197
XGBoost,test,77.643422_13.164226,2024-05-01,0.5684824,0.5865709
XGBoost,test,77.647914_12.688119,2024-05-01,0.7023183,0.7062523
XGBoost,test,77.652405_12.697102,2024-05-01,0.65806645,0.6702371
XGBoost,test,77.652405_12.795916,2024-05-01,0.4222453,0.42257792
XGBoost,test,77.656897_12.742018,2024-05-01,0.5289014,0.533743
XGBoost,test,77.656897_12.746509,2024-05-01,0.50450003,0.5119335
XGBoost,test,77.656897_12.849815,2024-05-01,0.4203709,0.42482752
XGBoost,test,77.656897_13.101344,2024-05-01,0.4656875,0.46335024
XGBoost,test,77.656897_13.164226,2024-05-01,0.4383159,0.4446916
XGBoost,test,77.661388_12.759984,2024-05-01,0.53702414,0.5531234
XGBoost,test,77.661388_13.074394,2024-05-01,0.5219679,0.52694833
XGBoost,test,77.661388_13.087869,2024-05-01,0.42468488,0.4388856
XGBoost,test,77.661388_13.101344,2024-05-01,0.43647084,0.44904348
XGBoost,test,77.661388_13.110327,2024-05-01,0.50409424,0.5216058
XGBoost,test,77.661388_13.11931,2024-05-01,0.58138657,0.6079765
XGBoost,test,77.66588_12.679136,2024-05-01,0.63452715,0.63451797
XGBoost,test,77.66588_12.697102,2024-05-01,0.60800564,0.6101717
XGBoost,test,77.66588_12.715068,2024-05-01,0.6152173,0.63759387
XGBoost,test,77.66588_12.751001,2024-05-01,0.48853365,0.4839989
XGBoost,test,77.66588_12.755492,2024-05-01,0.5495606,0.5582235
XGBoost,test,77.66588_12.764475,2024-05-01,0.53070664,0.54559237
XGBoost,test,77.66588_12.953122,2024-05-01,0.5436336,0.5530062
XGBoost,test,77.670371_13.069903,2024-05-01,0.416733,0.4213034
XGBoost,test,77.670371_13.083377,2024-05-01,0.37033388,0.3930328
XGBoost,test,77.670371_13.092361,2024-05-01,0.3860312,0.39596602
XGBoost,test,77.670371_13.128293,2024-05-01,0.4833439,0.49330947
XGBoost,test,77.674863_12.71956,2024-05-01,0.63684106,0.6476062
XGBoost,test,77.674863_12.755492,2024-05-01,0.49678597,0.48709482
XGBoost,test,77.674863_12.764475,2024-05-01,0.49085417,0.48675865
XGBoost,test,77.674863_12.786933,2024-05-01,0.51128197,0.4951152
XGBoost,test,77.674863_12.836341,2024-05-01,0.50362796,0.49997827
XGBoost,test,77.674863_13.069903,2024-05-01,0.38213703,0.384207
XGBoost,test,77.674863_13.092361,2024-05-01,0.42581764,0.4368144
XGBoost,test,77.674863_13.105835,2024-05-01,0.4758884,0.4782738
XGBoost,test,77.679355_12.697102,2024-05-01,0.50343174,0.5081589
XGBoost,test,77.679355_12.746509,2024-05-01,0.65999234,0.6780669
XGBoost,test,77.679355_13.074394,2024-05-01,0.42596394,0.43785694
XGBoost,test,77.679355_13.101344,2024-05-01,0.44500518,0.4475706
XGBoost,test,77.679355_13.141768,2024-05-01,0.5001569,0.48941723
XGBoost,test,77.679355_13.155243,2024-05-01,0.39455935,0.41128984
XGBoost,test,77.683846_12.728543,2024-05-01,0.5379503,0.55315775
XGBoost,test,77.683846_12.742018,2024-05-01,0.4820482,0.48450407
XGBoost,test,77.683846_12.795916,2024-05-01,0.5059065,0.48498213
XGBoost,test,77.683846_12.8049,2024-05-01,0.48358363,0.47234383
XGBoost,test,77.683846_12.836341,2024-05-01,0.5774884,0.6061184
XGBoost,test,77.683846_12.840832,2024-05-01,0.5866139,0.611846
XGBoost,test,77.683846_12.917189,2024-05-01,0.4010715,0.41639516
XGBoost,test,77.683846_13.06092,2024-05-01,0.45747098,0.44247848
XGBoost,test,77.683846_13.074394,2024-05-01,0.39722154,0.39511177
XGBoost,test,77.683846_13.11931,2024-05-01,0.35756487,0.37346545
XGBoost,test,77.683846_13.123802,2024-05-01,0.42699805,0.43702412
XGBoost,test,77.688338_12.69261,2024-05-01,0.77878207,0.79730874
XGBoost,test,77.688338_12.697102,2024-05-01,0.7921215,0.8087087
XGBoost,test,77.688338_12.966596,2024-05-01,0.5486527,0.56412405
XGBoost,test,77.692829_12.800408,2024-05-01,0.44574285,0.44029117
XGBoost,test,77.692829_12.845324,2024-05-01,0.6200508,0.62968546
XGBoost,test,77.692829_12.899223,2024-05-01,0.45874405,0.4406705
XGBoost,test,77.692829_13.06092,2024-05-01,0.5749445,0.5788932
XGBoost,test,77.692829_13.065411,2024-05-01,0.546371,0.5423894
XGBoost,test,77.692829_13.083377,2024-05-01,0.39268917,0.40130374
XGBoost,test,77.692829_13.096852,2024-05-01,0.38624918,0.4058533
XGBoost,test,77.692829_13.132785,2024-05-01,0.38459778,0.40489572
XGBoost,test,77.692829_13.155243,2024-05-01,0.37622687,0.40710443
XGBoost,test,77.697321_12.697102,2024-05-01,0.77324873,0.801093
XGBoost,test,77.697321_12.894731,2024-05-01,0.46926084,0.45797065
XGBoost,test,77.697321_13.132785,2024-05-01,0.39775878,0.40332535
XGBoost,test,77.697321_13.150751,2024-05-01,0.43119925,0.4392971
XGBoost,test,77.701812_12.822866,2024-05-01,0.5123822,0.49559775
XGBoost,test,77.701812_12.984563,2024-05-01,0.4582104,0.45948306
XGBoost,test,77.701812_13.114818,2024-05-01,0.49810106,0.46886426
XGBoost,test,77.706304_12.984563,2024-05-01,0.46187654,0.45996708
XGBoost,test,77.706304_13.137276,2024-05-01,0.7426618,0.74481016
XGBoost,test,77.710796_12.715068,2024-05-01,0.59320396,0.62225705
XGBoost,test,77.710796_13.03397,2024-05-01,0.4607548,0.42800307
XGBoost,test,77.710796_13.11931,2024-05-01,0.42337638,0.43555453
XGBoost,test,77.710796_13.123802,2024-05-01,0.38685414,0.399807
XGBoost,test,77.710796_13.132785,2024-05-01,0.4530146,0.45493752
XGBoost,test,77.710796_13.150751,2024-05-01,0.37514925,0.40505442
XGBoost,test,77.715287_12.679136,2024-05-01,0.6775897,0.675118
XGBoost,test,77.715287_12.742018,2024-05-01,0.46619228,0.46186668
XGBoost,test,77.715287_12.822866,2024-05-01,0.5059477,0.4864628
XGBoost,test,77.715287_12.827358,2024-05-01,0.44856074,0.44257504
XGBoost,test,77.715287_12.845324,2024-05-01,0.38528663,0.39655125
XGBoost,test,77.715287_12.885748,2024-05-01,0.5287314,0.542104
XGBoost,test,77.715287_13.029478,2024-05-01,0.36463776,0.36874264
XGBoost,test,77.715287_13.038462,2024-05-01,0.4910398,0.48354828
XGBoost,test,77.715287_13.096852,2024-05-01,0.34250882,0.34990588
XGBoost,test,77.715287_13.114818,2024-05-01,0.49920306,0.49469936
XGBoost,test,77.715287_13.128293,2024-05-01,0.4474011,0.45922685
XGBoost,test,77.719779_12.746509,2024-05-01,0.6723256,0.6781298
XGBoost,test,77.719779_12.795916,2024-05-01,0.4690838,0.4580406
XGBoost,test,77.719779_12.840832,2024-05-01,0.52319825,0.4992593
XGBoost,test,77.719779_13.069903,2024-05-01,0.3931212,0.4142075
XGBoost,test,77.719779_13.105835,2024-05-01,0.42423132,0.43290612
XGBoost,test,77.719779_13.123802,2024-05-01,0.40068954,0.42329782
XGBoost,test,77.719779_13.137276,2024-05-01,0.4314211,0.43403926
XGBoost,test,77.72427_12.674644,2024-05-01,0.519558,0.51983196
XGBoost,test,77.72427_12.840832,2024-05-01,0.49004835,0.4770009
XGBoost,test,77.72427_13.06092,2024-05-01,0.41374323,0.4207856
XGBoost,test,77.72427_13.074394,2024-05-01,0.43545395,0.4454689
XGBoost,test,77.728762_12.759984,2024-05-01,0.48332974,0.47981185
XGBoost,test,77.728762_12.782442,2024-05-01,0.5139742,0.5297562
XGBoost,test,77.728762_12.809391,2024-05-01,0.4738484,0.4691834
XGBoost,test,77.728762_13.047445,2024-05-01,0.47083122,0.4629334
XGBoost,test,77.728762_13.087869,2024-05-01,0.4768572,0.458642
XGBoost,test,77.728762_13.092361,2024-05-01,0.45257822,0.44004217
XGBoost,test,77.733253_13.056428,2024-05-01,0.37175664,0.37959713
XGBoost,test,77.737745_12.764475,2024-05-01,0.42292964,0.4220443
XGBoost,test,77.737745_12.791425,2024-05-01,0.45995584,0.45496786
XGBoost,test,77.737745_12.809391,2024-05-01,0.4566364,0.43571445
XGBoost,test,77.737745_12.858799,2024-05-01,0.474353,0.47258073
XGBoost,test,77.737745_12.881256,2024-05-01,0.55145514,0.5686707
XGBoost,test,77.737745_13.051936,2024-05-01,0.375767,0.3832016
XGBoost,test,77.737745_13.06092,2024-05-01,0.4274435,0.42871475
XGBoost,test,77.737745_13.101344,2024-05-01,0.36413553,0.37974846
XGBoost,test,77.742237_12.697102,2024-05-01,0.6366429,0.6452555
XGBoost,test,77.742237_12.86329,2024-05-01,0.39767662,0.4094541
XGBoost,test,77.742237_12.89024,2024-05-01,0.5390613,0.5546383
XGBoost,test,77.742237_12.980071,2024-05-01,0.49657357,0.49869394
XGBoost,test,77.742237_13.016004,2024-05-01,0.52329993,0.53727955
XGBoost,test,77.742237_13.038462,2024-05-01,0.39016327,0.3935136
XGBoost,test,77.742237_13.074394,2024-05-01,0.35783723,0.35960323
XGBoost,test,77.742237_13.101344,2024-05-01,0.40472353,0.4129539
XGBoost,test,77.746728_12.782442,2024-05-01,0.53690875,0.5406563
XGBoost,test,77.746728_12.97558,2024-05-01,0.5246623,0.5454389
XGBoost,test,77.746728_12.984563,2024-05-01,0.5096895,0.5207578
XGBoost,test,77.746728_13.016004,2024-05-01,0.55628985,0.5673495
XGBoost,test,77.746728_13.020495,2024-05-01,0.5955646,0.6088286
XGBoost,test,77.746728_13.024987,2024-05-01,0.48212114,0.47549367
XGBoost,test,77.746728_13.038462,2024-05-01,0.38861284,0.41261742
XGBoost,test,77.746728_13.06092,2024-05-01,0.34469303,0.35714427
XGBoost,test,77.75122_12.751001,2024-05-01,0.46669745,0.4719017
XGBoost,test,77.75122_12.77795,2024-05-01,0.48937127,0.48561165
XGBoost,test,77.75122_12.993546,2024-05-01,0.44269386,0.44870257
XGBoost,test,77.75122_13.020495,2024-05-01,0.5057113,0.5026407
XGBoost,test,77.75122_13.03397,2024-05-01,0.41820788,0.44400832
XGBoost,test,77.75122_13.038462,2024-05-01,0.34991392,0.3686771
XGBoost,test,77.755711_12.77795,2024-05-01,0.4600517,0.4489621
XGBoost,test,77.755711_12.831849,2024-05-01,0.41958246,0.42594135
XGBoost,test,77.755711_12.858799,2024-05-01,0.48049673,0.4860199
XGBoost,test,77.755711_12.885748,2024-05-01,0.48999006,0.48388115
XGBoost,test,77.760203_12.751001,2024-05-01,0.46361035,0.47073406
XGBoost,test,77.760203_12.795916,2024-05-01,0.4205363,0.4201299
XGBoost,test,77.760203_12.867782,2024-05-01,0.42582485,0.44468042
XGBoost,test,77.760203_12.872273,2024-05-01,0.45046315,0.4485412
XGBoost,test,77.760203_12.876765,2024-05-01,0.42158878,0.43682572
XGBoost,test,77.760203_12.984563,2024-05-01,0.50148,0.49938282
XGBoost,test,77.764695_12.813883,2024-05-01,0.5093087,0.48733294
XGBoost,test,77.764695_12.849815,2024-05-01,0.4671664,0.45021173
XGBoost,test,77.764695_12.912697,2024-05-01,0.4762846,0.48698482
XGBoost,test,77.764695_13.03397,2024-05-01,0.35957342,0.3645452
XGBoost,test,77.769186_12.791425,2024-05-01,0.42428353,0.42755416
XGBoost,test,77.769186_12.800408,2024-05-01,0.4975923,0.48192054
XGBoost,test,77.769186_12.8049,2024-05-01,0.5468492,0.545527
XGBoost,test,77.769186_12.809391,2024-05-01,0.4562422,0.43992963
XGBoost,test,77.769186_12.876765,2024-05-01,0.48945874,0.4843136
XGBoost,test,77.769186_13.016004,2024-05-01,0.4323985,0.44234902
XGBoost,test,77.787152_12.867782,2024-05-01,0.42314819,0.43779743
XGBoost,test,77.80961_12.858799,2024-05-01,0.47032028,0.45734334
XGBoost,test,77.80961_12.86329,2024-05-01,0.44635564,0.4452157
XGBoost,test,77.342486_12.944139,2024-06-01,0.7126106,0.7134324
XGBoost,test,77.346978_12.962105,2024-06-01,0.5354051,0.5063767
XGBoost,test,77.355961_12.962105,2024-06-01,0.77406,0.760731
XGBoost,test,77.360453_12.867782,2024-06-01,0.41586515,0.40623677
XGBoost,test,77.364944_12.962105,2024-06-01,0.45309243,0.43127996
XGBoost,test,77.369436_12.881256,2024-06-01,0.45807126,0.44915876
XGBoost,test,77.373927_12.971088,2024-06-01,0.4593065,0.4440987
XGBoost,test,77.391894_12.881256,2024-06-01,0.47404382,0.46710294
XGBoost,test,77.396385_13.029478,2024-06-01,0.37789297,0.3771824
XGBoost,test,77.400877_12.966596,2024-06-01,0.38557813,0.36784822
XGBoost,test,77.400877_13.029478,2024-06-01,0.35640264,0.35304493
XGBoost,test,77.40986_12.962105,2024-06-01,0.48337305,0.4636527
XGBoost,test,77.414352_12.989054,2024-06-01,0.37960854,0.37158307
XGBoost,test,77.414352_12.993546,2024-06-01,0.41492152,0.40697327
XGBoost,test,77.414352_13.03397,2024-06-01,0.40148768,0.40525332
XGBoost,test,77.414352_13.096852,2024-06-01,0.37785923,0.38075703
XGBoost,test,77.418843_12.971088,2024-06-01,0.40299165,0.39737356
XGBoost,test,77.418843_12.993546,2024-06-01,0.42418203,0.4149745
XGBoost,test,77.418843_13.016004,2024-06-01,0.39384165,0.38793135
XGBoost,test,77.423335_13.002529,2024-06-01,0.50726557,0.48470345
XGBoost,test,77.423335_13.092361,2024-06-01,0.32589486,0.3531027
XGBoost,test,77.427826_13.110327,2024-06-01,0.4155323,0.42012766
XGBoost,test,77.432318_12.998037,2024-06-01,0.3729031,0.3701918
XGBoost,test,77.441301_13.110327,2024-06-01,0.42190087,0.44025183
XGBoost,test,77.450284_12.971088,2024-06-01,0.45884204,0.441841
XGBoost,test,77.450284_12.993546,2024-06-01,0.34021285,0.3487356
XGBoost,test,77.450284_13.029478,2024-06-01,0.42792472,0.42510945
XGBoost,test,77.454776_12.993546,2024-06-01,0.38633353,0.3839472
XGBoost,test,77.459267_12.872273,2024-06-01,0.49048993,0.4767051
XGBoost,test,77.459267_12.903714,2024-06-01,0.41674826,0.41783863
XGBoost,test,77.459267_13.016004,2024-06-01,0.37765494,0.39004603
XGBoost,test,77.459267_13.020495,2024-06-01,0.3552436,0.3640285
XGBoost,test,77.463759_12.885748,2024-06-01,0.5717195,0.5701681
XGBoost,test,77.463759_12.894731,2024-06-01,0.46636036,0.46110597
XGBoost,test,77.463759_12.899223,2024-06-01,0.4936804,0.479729
XGBoost,test,77.463759_12.953122,2024-06-01,0.74972624,0.7509238
XGBoost,test,77.46825_12.894731,2024-06-01,0.43387383,0.43426186
XGBoost,test,77.46825_12.953122,2024-06-01,0.4467302,0.43493733
XGBoost,test,77.46825_12.966596,2024-06-01,0.45588034,0.44827595
XGBoost,test,77.46825_13.007021,2024-06-01,0.37163943,0.3718825
XGBoost,test,77.46825_13.150751,2024-06-01,0.39297226,0.40327013
XGBoost,test,77.477234_12.899223,2024-06-01,0.4034493,0.41258794
XGBoost,test,77.481725_12.89024,2024-06-01,0.50928384,0.50451005
XGBoost,test,77.481725_12.894731,2024-06-01,0.46219125,0.46383438
XGBoost,test,77.481725_13.137276,2024-06-01,0.74222696,0.7335911
XGBoost,test,77.486217_13.042953,2024-06-01,0.51860917,0.5128847
XGBoost,test,77.490708_12.89024,2024-06-01,0.4653312,0.46488965
XGBoost,test,77.499692_13.137276,2024-06-01,0.45628217,0.4543143
XGBoost,test,77.504183_12.818374,2024-06-01,0.53060704,0.50582564
XGBoost,test,77.504183_12.854307,2024-06-01,0.5000908,0.49749798
XGBoost,test,77.504183_12.953122,2024-06-01,0.5439975,0.53794307
XGBoost,test,77.508675_12.795916,2024-06-01,0.5649714,0.5585209
XGBoost,test,77.508675_12.831849,2024-06-01,0.5361826,0.5155652
XGBoost,test,77.508675_12.845324,2024-06-01,0.53761214,0.53546655
XGBoost,test,77.508675_12.912697,2024-06-01,0.49386597,0.48686388
XGBoost,test,77.508675_12.917189,2024-06-01,0.516459,0.507692
XGBoost,test,77.508675_13.114818,2024-06-01,0.4336297,0.44027364
XGBoost,test,77.513166_12.77795,2024-06-01,0.6511277,0.61568934
XGBoost,test,77.513166_12.822866,2024-06-01,0.647875,0.626298
XGBoost,test,77.517658_12.77795,2024-06-01,0.600272,0.58211476
XGBoost,test,77.517658_12.782442,2024-06-01,0.6046911,0.5860599
XGBoost,test,77.517658_12.827358,2024-06-01,0.5362224,0.523473
XGBoost,test,77.517658_12.849815,2024-06-01,0.5052979,0.502337
XGBoost,test,77.517658_13.11931,2024-06-01,0.3817114,0.38907045
XGBoost,test,77.522149_12.813883,2024-06-01,0.50503504,0.48951244
XGBoost,test,77.522149_12.818374,2024-06-01,0.47782665,0.46447748
XGBoost,test,77.522149_12.845324,2024-06-01,0.5394446,0.54344964
XGBoost,test,77.522149_13.056428,2024-06-01,0.64692307,0.64691794
XGBoost,test,77.522149_13.200158,2024-06-01,0.4597954,0.45882097
XGBoost,test,77.526641_12.89024,2024-06-01,0.6563545,0.63465583
XGBoost,test,77.526641_12.899223,2024-06-01,0.5925205,0.58337027
XGBoost,test,77.526641_13.105835,2024-06-01,0.41828078,0.4220379
XGBoost,test,77.526641_13.110327,2024-06-01,0.3988311,0.4116515
XGBoost,test,77.531133_12.795916,2024-06-01,0.5935035,0.579318
XGBoost,test,77.531133_12.822866,2024-06-01,0.5250369,0.5145521
XGBoost,test,77.531133_12.894731,2024-06-01,0.52576375,0.5030936
XGBoost,test,77.531133_13.083377,2024-06-01,0.561417,0.5655081
XGBoost,test,77.535624_12.872273,2024-06-01,0.43654603,0.43670782
XGBoost,test,77.535624_12.899223,2024-06-01,0.49110255,0.47514436
XGBoost,test,77.535624_13.069903,2024-06-01,0.6962882,0.7014205
XGBoost,test,77.535624_13.083377,2024-06-01,0.54601777,0.5568008
XGBoost,test,77.535624_13.096852,2024-06-01,0.4577058,0.46019772
XGBoost,test,77.535624_13.137276,2024-06-01,0.3924465,0.41109696
XGBoost,test,77.540116_12.795916,2024-06-01,0.62896913,0.6168729
XGBoost,test,77.540116_13.042953,2024-06-01,0.5703564,0.5705872
XGBoost,test,77.540116_13.074394,2024-06-01,0.6066263,0.6185846
XGBoost,test,77.540116_13.092361,2024-06-01,0.41351807,0.42867854
XGBoost,test,77.540116_13.101344,2024-06-01,0.40607473,0.42464602
XGBoost,test,77.540116_13.105835,2024-06-01,0.42772934,0.44157273
XGBoost,test,77.540116_13.114818,2024-06-01,0.41079488,0.42956948
XGBoost,test,77.540116_13.155243,2024-06-01,0.48236886,0.50278753
XGBoost,test,77.540116_13.182192,2024-06-01,0.41200015,0.41779083
XGBoost,test,77.549099_12.831849,2024-06-01,0.63716054,0.6271837
XGBoost,test,77.549099_12.836341,2024-06-01,0.61516356,0.61002463
XGBoost,test,77.549099_12.894731,2024-06-01,0.6261447,0.6265743
XGBoost,test,77.549099_13.132785,2024-06-01,0.6410184,0.63291186
XGBoost,test,77.55359_12.71956,2024-06-01,0.75913185,0.7489424
XGBoost,test,77.55359_13.101344,2024-06-01,0.42167193,0.42360523
XGBoost,test,77.55359_13.110327,2024-06-01,0.479479,0.4947392
XGBoost,test,77.55359_13.128293,2024-06-01,0.61357915,0.6222968
XGBoost,test,77.558082_12.710577,2024-06-01,0.77768,0.75572497
XGBoost,test,77.558082_13.042953,2024-06-01,0.6459527,0.650567
XGBoost,test,77.558082_13.051936,2024-06-01,0.69943845,0.70133543
XGBoost,test,77.558082_13.110327,2024-06-01,0.5005751,0.50649655
XGBoost,test,77.562574_12.827358,2024-06-01,0.7063763,0.69320714
XGBoost,test,77.562574_12.858799,2024-06-01,0.44268298,0.43814763
XGBoost,test,77.562574_12.872273,2024-06-01,0.5882358,0.58040226
XGBoost,test,77.562574_13.141768,2024-06-01,0.43379545,0.43412897
XGBoost,test,77.567065_13.114818,2024-06-01,0.6514862,0.66848475
XGBoost,test,77.576048_12.728543,2024-06-01,0.7616793,0.7431184
XGBoost,test,77.576048_12.827358,2024-06-01,0.6414105,0.6230149
XGBoost,test,77.58054_12.845324,2024-06-01,0.70335764,0.6906682
XGBoost,test,77.58054_13.083377,2024-06-01,0.5130673,0.51073277
XGBoost,test,77.58054_13.087869,2024-06-01,0.479055,0.48756784
XGBoost,test,77.585031_12.849815,2024-06-01,0.68870664,0.6809798
XGBoost,test,77.585031_13.042953,2024-06-01,0.6998849,0.6898442
XGBoost,test,77.589523_12.71956,2024-06-01,0.82710904,0.81314105
XGBoost,test,77.589523_12.746509,2024-06-01,0.72824776,0.7071202
XGBoost,test,77.589523_12.854307,2024-06-01,0.6138267,0.6187645
XGBoost,test,77.589523_13.083377,2024-06-01,0.5960827,0.61386514
XGBoost,test,77.594015_12.724051,2024-06-01,0.85047483,0.81641805
XGBoost,test,77.594015_12.831849,2024-06-01,0.59485,0.5820323
XGBoost,test,77.594015_12.998037,2024-06-01,0.7432793,0.73694974
XGBoost,test,77.594015_13.087869,2024-06-01,0.61437345,0.62175894
XGBoost,test,77.598506_12.665661,2024-06-01,0.7938287,0.76201
XGBoost,test,77.598506_12.710577,2024-06-01,0.6942983,0.6758519
XGBoost,test,77.598506_13.083377,2024-06-01,0.59726405,0.5896221
XGBoost,test,77.602998_12.710577,2024-06-01,0.7163201,0.6920484
XGBoost,test,77.602998_12.827358,2024-06-01,0.5064967,0.49924985
XGBoost,test,77.602998_13.114818,2024-06-01,0.5872549,0.57646364
XGBoost,test,77.607489_12.768967,2024-06-01,0.6290858,0.62013894
XGBoost,test,77.607489_12.773459,2024-06-01,0.591097,0.58478206
XGBoost,test,77.607489_12.791425,2024-06-01,0.5573091,0.5417211
XGBoost,test,77.607489_13.087869,2024-06-01,0.7323653,0.7363331
XGBoost,test,77.611981_12.674644,2024-06-01,0.8019117,0.77727604
XGBoost,test,77.611981_12.831849,2024-06-01,0.5723088,0.5388872
XGBoost,test,77.611981_12.953122,2024-06-01,0.7295769,0.72976905
XGBoost,test,77.611981_13.168717,2024-06-01,0.4168409,0.4225956
XGBoost,test,77.620964_12.674644,2024-06-01,0.80383044,0.78098816
XGBoost,test,77.629947_12.795916,2024-06-01,0.78951997,0.7778417
XGBoost,test,77.629947_12.809391,2024-06-01,0.48696625,0.4698708
XGBoost,test,77.629947_12.854307,2024-06-01,0.5098515,0.4917263
XGBoost,test,77.629947_13.087869,2024-06-01,0.44286674,0.4528097
XGBoost,test,77.634439_12.679136,2024-06-01,0.7858605,0.7617269
XGBoost,test,77.634439_12.701593,2024-06-01,0.74379957,0.72817963
XGBoost,test,77.634439_12.733034,2024-06-01,0.4897638,0.48062414
XGBoost,test,77.634439_12.746509,2024-06-01,0.53553164,0.5168702
XGBoost,test,77.634439_12.751001,2024-06-01,0.5392511,0.51851517
XGBoost,test,77.634439_12.849815,2024-06-01,0.5577028,0.5432917
XGBoost,test,77.634439_13.083377,2024-06-01,0.41160628,0.42705905
XGBoost,test,77.63893_12.688119,2024-06-01,0.70089746,0.6807226
XGBoost,test,77.63893_12.742018,2024-06-01,0.5450406,0.5279338
XGBoost,test,77.63893_12.791425,2024-06-01,0.5636005,0.5269032
XGBoost,test,77.63893_12.800408,2024-06-01,0.485208,0.47103155
XGBoost,test,77.63893_12.818374,2024-06-01,0.4990018,0.46883664
XGBoost,test,77.63893_12.989054,2024-06-01,0.6718054,0.65724915
XGBoost,test,77.63893_13.078886,2024-06-01,0.4421182,0.44212523
XGBoost,test,77.63893_13.083377,2024-06-01,0.4095436,0.4216214
XGBoost,test,77.643422_12.800408,2024-06-01,0.49958375,0.4769751
XGBoost,test,77.643422_12.809391,2024-06-01,0.5335021,0.5034276
XGBoost,test,77.643422_13.164226,2024-06-01,0.5810511,0.5803928
XGBoost,test,77.647914_12.688119,2024-06-01,0.73122215,0.72168314
XGBoost,test,77.647914_12.935155,2024-06-01,0.690093,0.66631615
XGBoost,test,77.652405_12.697102,2024-06-01,0.6948792,0.6757831
XGBoost,test,77.652405_12.795916,2024-06-01,0.45890862,0.43462595
XGBoost,test,77.656897_12.742018,2024-06-01,0.55529267,0.53766525
XGBoost,test,77.656897_12.746509,2024-06-01,0.5454338,0.516204
XGBoost,test,77.656897_12.831849,2024-06-01,0.5811082,0.5660506
XGBoost,test,77.656897_12.849815,2024-06-01,0.44755945,0.43648317
XGBoost,test,77.656897_13.164226,2024-06-01,0.45280114,0.45727205
XGBoost,test,77.661388_12.759984,2024-06-01,0.5838355,0.5563531
XGBoost,test,77.661388_13.056428,2024-06-01,0.46257216,0.46581104
XGBoost,test,77.661388_13.074394,2024-06-01,0.53773683,0.5250275
XGBoost,test,77.661388_13.110327,2024-06-01,0.5202825,0.5231937
XGBoost,test,77.661388_13.11931,2024-06-01,0.6002077,0.60725594
XGBoost,test,77.66588_12.679136,2024-06-01,0.66367507,0.6326713
XGBoost,test,77.66588_12.697102,2024-06-01,0.64439416,0.6148037
XGBoost,test,77.66588_12.715068,2024-06-01,0.65675974,0.6365154
XGBoost,test,77.66588_12.751001,2024-06-01,0.52137893,0.49064583
XGBoost,test,77.66588_12.755492,2024-06-01,0.5826032,0.5647399
XGBoost,test,77.66588_12.764475,2024-06-01,0.5677794,0.55478686
XGBoost,test,77.66588_12.953122,2024-06-01,0.5608876,0.5582413
XGBoost,test,77.66588_13.038462,2024-06-01,0.4592281,0.46225774
XGBoost,test,77.66588_13.051936,2024-06-01,0.5087257,0.4952323
XGBoost,test,77.670371_13.083377,2024-06-01,0.38222626,0.39772588
XGBoost,test,77.670371_13.128293,2024-06-01,0.49427587,0.506051
XGBoost,test,77.674863_12.71956,2024-06-01,0.6803884,0.6506648
XGBoost,test,77.674863_12.755492,2024-06-01,0.5270001,0.492419
XGBoost,test,77.674863_12.764475,2024-06-01,0.53318113,0.5017601
XGBoost,test,77.674863_12.786933,2024-06-01,0.5402719,0.5060766
XGBoost,test,77.674863_12.836341,2024-06-01,0.5339811,0.51786095
XGBoost,test,77.674863_13.051936,2024-06-01,0.50628406,0.5107027
XGBoost,test,77.679355_12.697102,2024-06-01,0.5368674,0.5115401
XGBoost,test,77.679355_12.746509,2024-06-01,0.69299376,0.6776997
XGBoost,test,77.679355_13.056428,2024-06-01,0.45292768,0.46497595
XGBoost,test,77.679355_13.141768,2024-06-01,0.49737695,0.5037558
XGBoost,test,77.679355_13.155243,2024-06-01,0.39139304,0.41733366
XGBoost,test,77.679355_13.159734,2024-06-01,0.4351387,0.44605738
XGBoost,test,77.683846_12.728543,2024-06-01,0.5653396,0.5494311
XGBoost,test,77.683846_12.742018,2024-06-01,0.52013886,0.49720407
XGBoost,test,77.683846_12.795916,2024-06-01,0.52335685,0.5018241
XGBoost,test,77.683846_12.8049,2024-06-01,0.5085331,0.4812289
XGBoost,test,77.683846_12.836341,2024-06-01,0.6069918,0.5923054
XGBoost,test,77.683846_12.840832,2024-06-01,0.61598045,0.5984328
XGBoost,test,77.683846_12.917189,2024-06-01,0.438151,0.4216227
XGBoost,test,77.683846_13.06092,2024-06-01,0.46459126,0.44830722
XGBoost,test,77.683846_13.074394,2024-06-01,0.38367584,0.40170825
XGBoost,test,77.683846_13.11931,2024-06-01,0.37723455,0.3776325
XGBoost,test,77.683846_13.123802,2024-06-01,0.44268474,0.44682255
XGBoost,test,77.688338_12.69261,2024-06-01,0.8069923,0.79287
XGBoost,test,77.688338_12.697102,2024-06-01,0.82445914,0.8110285
XGBoost,test,77.688338_12.966596,2024-06-01,0.5793743,0.56370294
XGBoost,test,77.692829_12.800408,2024-06-01,0.4682178,0.45485818
XGBoost,test,77.692829_12.845324,2024-06-01,0.64786077,0.63634783
XGBoost,test,77.692829_12.899223,2024-06-01,0.47383416,0.45845506
XGBoost,test,77.692829_13.06092,2024-06-01,0.58281535,0.5773518
XGBoost,test,77.692829_13.065411,2024-06-01,0.5484072,0.54315025
XGBoost,test,77.692829_13.083377,2024-06-01,0.4086335,0.4080611
XGBoost,test,77.692829_13.096852,2024-06-01,0.39005512,0.4077277
XGBoost,test,77.692829_13.132785,2024-06-01,0.39177743,0.41177303
XGBoost,test,77.692829_13.155243,2024-06-01,0.3995225,0.41527307
XGBoost,test,77.697321_12.697102,2024-06-01,0.8082083,0.80672586
XGBoost,test,77.697321_12.894731,2024-06-01,0.49758342,0.48409995
XGBoost,test,77.697321_13.132785,2024-06-01,0.3965301,0.40811318
XGBoost,test,77.697321_13.150751,2024-06-01,0.44564277,0.4451211
XGBoost,test,77.697321_13.1777,2024-06-01,0.57694775,0.56590843
XGBoost,test,77.701812_12.822866,2024-06-01,0.53154063,0.5170401
XGBoost,test,77.701812_12.984563,2024-06-01,0.4738212,0.47614342
XGBoost,test,77.701812_13.164226,2024-06-01,0.44435143,0.4453056
XGBoost,test,77.706304_12.984563,2024-06-01,0.4765291,0.47679082
XGBoost,test,77.706304_13.038462,2024-06-01,0.42832878,0.4299044
XGBoost,test,77.706304_13.042953,2024-06-01,0.5019162,0.5033864
XGBoost,test,77.706304_13.137276,2024-06-01,0.7461196,0.75006276
XGBoost,test,77.710796_12.715068,2024-06-01,0.62431425,0.6084069
XGBoost,test,77.710796_13.03397,2024-06-01,0.4421225,0.44733498
XGBoost,test,77.710796_13.150751,2024-06-01,0.39092946,0.40612125
XGBoost,test,77.710796_13.168717,2024-06-01,0.49847192,0.50150114
XGBoost,test,77.710796_13.173209,2024-06-01,0.5041603,0.4979942
XGBoost,test,77.715287_12.679136,2024-06-01,0.7059156,0.67677975
XGBoost,test,77.715287_12.742018,2024-06-01,0.508213,0.47575217
XGBoost,test,77.715287_12.822866,2024-06-01,0.5120771,0.5045995
XGBoost,test,77.715287_12.827358,2024-06-01,0.46756712,0.4588557
XGBoost,test,77.715287_12.845324,2024-06-01,0.4049117,0.41085663
XGBoost,test,77.715287_12.885748,2024-06-01,0.56340396,0.55664784
XGBoost,test,77.715287_13.029478,2024-06-01,0.38453588,0.38031152
XGBoost,test,77.715287_13.038462,2024-06-01,0.5073515,0.5109778
XGBoost,test,77.715287_13.051936,2024-06-01,0.5082701,0.49841803
XGBoost,test,77.715287_13.056428,2024-06-01,0.418044,0.4256889
XGBoost,test,77.719779_12.746509,2024-06-01,0.7132772,0.69432646
XGBoost,test,77.719779_12.795916,2024-06-01,0.49727643,0.46959206
XGBoost,test,77.719779_12.840832,2024-06-01,0.53140974,0.51538765
XGBoost,test,77.719779_13.123802,2024-06-01,0.4122229,0.42273328
XGBoost,test,77.719779_13.155243,2024-06-01,0.40613708,0.4206176
XGBoost,test,77.72427_12.674644,2024-06-01,0.5437469,0.5308591
XGBoost,test,77.72427_12.840832,2024-06-01,0.50447387,0.49207342
XGBoost,test,77.728762_12.759984,2024-06-01,0.5214676,0.4904057
XGBoost,test,77.728762_12.782442,2024-06-01,0.55415756,0.5316837
XGBoost,test,77.728762_12.809391,2024-06-01,0.51316226,0.48402175
XGBoost,test,77.728762_13.047445,2024-06-01,0.47840628,0.48355666
XGBoost,test,77.737745_12.764475,2024-06-01,0.45262983,0.43479234
XGBoost,test,77.737745_12.791425,2024-06-01,0.49000645,0.46915945
XGBoost,test,77.737745_12.809391,2024-06-01,0.48110646,0.46471897
XGBoost,test,77.737745_12.858799,2024-06-01,0.50109273,0.48459098
XGBoost,test,77.737745_12.881256,2024-06-01,0.58134675,0.5629421
XGBoost,test,77.742237_12.697102,2024-06-01,0.66367656,0.6539034
XGBoost,test,77.742237_12.86329,2024-06-01,0.43147576,0.4126215
XGBoost,test,77.742237_12.89024,2024-06-01,0.55893254,0.5579555
XGBoost,test,77.742237_12.980071,2024-06-01,0.52149403,0.5131919
XGBoost,test,77.742237_13.016004,2024-06-01,0.5323132,0.5349299
XGBoost,test,77.742237_13.038462,2024-06-01,0.4012411,0.40446934
XGBoost,test,77.746728_12.782442,2024-06-01,0.55605227,0.5452932
XGBoost,test,77.746728_12.97558,2024-06-01,0.5582777,0.5446032
XGBoost,test,77.746728_12.984563,2024-06-01,0.5251264,0.51986164
XGBoost,test,77.746728_13.016004,2024-06-01,0.56983477,0.5669328
XGBoost,test,77.746728_13.020495,2024-06-01,0.60369444,0.6156189
XGBoost,test,77.746728_13.024987,2024-06-01,0.49853027,0.49776956
XGBoost,test,77.746728_13.038462,2024-06-01,0.4088324,0.41788426
XGBoost,test,77.75122_12.751001,2024-06-01,0.4952337,0.47917688
XGBoost,test,77.75122_12.77795,2024-06-01,0.5132757,0.49854526
XGBoost,test,77.75122_12.993546,2024-06-01,0.4609672,0.4614667
XGBoost,test,77.75122_13.020495,2024-06-01,0.5165817,0.5191198
XGBoost,test,77.75122_13.03397,2024-06-01,0.4413899,0.44904125
XGBoost,test,77.75122_13.038462,2024-06-01,0.36718327,0.37973645
XGBoost,test,77.755711_12.77795,2024-06-01,0.49348453,0.46742812
XGBoost,test,77.755711_12.831849,2024-06-01,0.4453274,0.44273454
XGBoost,test,77.755711_12.858799,2024-06-01,0.5089352,0.50205666
XGBoost,test,77.755711_12.885748,2024-06-01,0.5039401,0.5014446
XGBoost,test,77.760203_12.751001,2024-06-01,0.4958004,0.48159692
XGBoost,test,77.760203_12.795916,2024-06-01,0.44826746,0.42959008
XGBoost,test,77.760203_12.867782,2024-06-01,0.46404883,0.45157573
XGBoost,test,77.760203_12.872273,2024-06-01,0.48423713,0.46831363
XGBoost,test,77.760203_12.876765,2024-06-01,0.45090196,0.4416299
XGBoost,test,77.760203_12.984563,2024-06-01,0.52051765,0.5168239
XGBoost,test,77.764695_12.813883,2024-06-01,0.5220076,0.49640185
XGBoost,test,77.764695_12.849815,2024-06-01,0.48689744,0.47310597
XGBoost,test,77.764695_12.912697,2024-06-01,0.4986011,0.5035814
XGBoost,test,77.764695_13.03397,2024-06-01,0.37600765,0.3710989
XGBoost,test,77.769186_12.751001,2024-06-01,0.697415,0.69521874
XGBoost,test,77.769186_12.791425,2024-06-01,0.45618555,0.43607253
XGBoost,test,77.769186_12.800408,2024-06-01,0.51835674,0.5023349
XGBoost,test,77.769186_12.8049,2024-06-01,0.56532496,0.55416805
XGBoost,test,77.769186_12.809391,2024-06-01,0.47262585,0.46371785
XGBoost,test,77.769186_12.876765,2024-06-01,0.50259006,0.50219554
XGBoost,test,77.769186_13.016004,2024-06-01,0.44776547,0.44914347
XGBoost,test,77.787152_12.867782,2024-06-01,0.4450353,0.4345521
XGBoost,test,77.791644_12.8049,2024-06-01,0.4885897,0.46934175
XGBoost,test,77.80961_12.858799,2024-06-01,0.4868103,0.46826708
XGBoost,test,77.80961_12.86329,2024-06-01,0.46204555,0.4515287
XGBoost,test,77.342486_12.926172,2024-07-01,0.730952,0.74057984
XGBoost,test,77.346978_12.86329,2024-07-01,0.58358437,0.5878408
XGBoost,test,77.369436_12.881256,2024-07-01,0.4489219,0.4534928
XGBoost,test,77.369436_12.89024,2024-07-01,0.4284828,0.4345409
XGBoost,test,77.382911_12.894731,2024-07-01,0.48428866,0.4883034
XGBoost,test,77.391894_12.881256,2024-07-01,0.47475746,0.46758327
XGBoost,test,77.391894_12.885748,2024-07-01,0.51417726,0.5015568
XGBoost,test,77.396385_12.894731,2024-07-01,0.49417323,0.49470553
XGBoost,test,77.396385_12.908206,2024-07-01,0.41772458,0.42577177
XGBoost,test,77.396385_12.944139,2024-07-01,0.47627583,0.4857455
XGBoost,test,77.405368_12.903714,2024-07-01,0.36219776,0.37196732
XGBoost,test,77.405368_13.105835,2024-07-01,0.39922574,0.42969477
XGBoost,test,77.405368_13.11931,2024-07-01,0.36458072,0.3975788
XGBoost,test,77.414352_12.930664,2024-07-01,0.44873303,0.46527547
XGBoost,test,77.414352_12.989054,2024-07-01,0.36687583,0.37548277
XGBoost,test,77.414352_12.993546,2024-07-01,0.38813597,0.41072634
XGBoost,test,77.414352_13.11931,2024-07-01,0.3945662,0.42317158
XGBoost,test,77.418843_12.993546,2024-07-01,0.39700705,0.4197064
XGBoost,test,77.423335_12.921681,2024-07-01,0.43009126,0.4454019
XGBoost,test,77.432318_12.957613,2024-07-01,0.39602983,0.41465297
XGBoost,test,77.432318_12.998037,2024-07-01,0.35799837,0.37201083
XGBoost,test,77.436809_12.944139,2024-07-01,0.3968319,0.42039222
XGBoost,test,77.441301_12.944139,2024-07-01,0.46495593,0.47729412
XGBoost,test,77.441301_12.94863,2024-07-01,0.43332425,0.4485064
XGBoost,test,77.441301_13.110327,2024-07-01,0.41618788,0.44013447
XGBoost,test,77.445793_12.957613,2024-07-01,0.4508821,0.47348213
XGBoost,test,77.445793_12.984563,2024-07-01,0.43633503,0.44876182
XGBoost,test,77.450284_12.809391,2024-07-01,0.4587418,0.4684423
XGBoost,test,77.450284_12.971088,2024-07-01,0.43381017,0.45184976
XGBoost,test,77.450284_12.993546,2024-07-01,0.33191475,0.34903538
XGBoost,test,77.450284_13.146259,2024-07-01,0.49621615,0.51261437
XGBoost,test,77.454776_12.993546,2024-07-01,0.3724607,0.37833506
XGBoost,test,77.454776_13.141768,2024-07-01,0.48693928,0.51009023
XGBoost,test,77.459267_12.822866,2024-07-01,0.47458887,0.485514
XGBoost,test,77.459267_13.11931,2024-07-01,0.42846945,0.45270434
XGBoost,test,77.46825_12.94863,2024-07-01,0.50744677,0.5185804
XGBoost,test,77.46825_12.966596,2024-07-01,0.44229868,0.45595226
XGBoost,test,77.46825_13.1777,2024-07-01,0.44959682,0.46538913
XGBoost,test,77.472742_12.746509,2024-07-01,0.5571577,0.5664152
XGBoost,test,77.472742_12.751001,2024-07-01,0.50561357,0.512222
XGBoost,test,77.472742_12.755492,2024-07-01,0.5151509,0.517333
XGBoost,test,77.472742_12.984563,2024-07-01,0.43086955,0.43599436
XGBoost,test,77.477234_12.764475,2024-07-01,0.50069785,0.5066305
XGBoost,test,77.477234_12.782442,2024-07-01,0.47257254,0.48300818
XGBoost,test,77.477234_12.944139,2024-07-01,0.46150675,0.47948104
XGBoost,test,77.477234_12.94863,2024-07-01,0.48864442,0.50308275
XGBoost,test,77.477234_12.971088,2024-07-01,0.49145493,0.50370777
XGBoost,test,77.481725_12.768967,2024-07-01,0.52219486,0.5189092
XGBoost,test,77.481725_12.944139,2024-07-01,0.47007054,0.4867228
XGBoost,test,77.481725_12.971088,2024-07-01,0.39658263,0.41553634
XGBoost,test,77.486217_12.764475,2024-07-01,0.48978156,0.4969409
XGBoost,test,77.490708_12.768967,2024-07-01,0.48836064,0.49607468
XGBoost,test,77.490708_13.182192,2024-07-01,0.43712455,0.45991945
XGBoost,test,77.490708_13.209142,2024-07-01,0.39707264,0.41716284
XGBoost,test,77.4952_12.786933,2024-07-01,0.46217507,0.46369186
XGBoost,test,77.4952_13.182192,2024-07-01,0.45016348,0.46910268
XGBoost,test,77.499692_12.755492,2024-07-01,0.5869441,0.5919757
XGBoost,test,77.499692_13.168717,2024-07-01,0.4623303,0.46786144
XGBoost,test,77.504183_12.764475,2024-07-01,0.54911727,0.5601447
XGBoost,test,77.504183_12.786933,2024-07-01,0.5373829,0.52257156
XGBoost,test,77.504183_13.159734,2024-07-01,0.50131387,0.5219096
XGBoost,test,77.504183_13.195667,2024-07-01,0.3828206,0.40627986
XGBoost,test,77.508675_12.751001,2024-07-01,0.62890774,0.63924015
XGBoost,test,77.508675_12.795916,2024-07-01,0.5562023,0.5626039
XGBoost,test,77.508675_13.159734,2024-07-01,0.5212343,0.5315379
XGBoost,test,77.508675_13.191175,2024-07-01,0.3798701,0.39874092
XGBoost,test,77.513166_12.746509,2024-07-01,0.7514606,0.751582
XGBoost,test,77.513166_12.764475,2024-07-01,0.5177627,0.5136685
XGBoost,test,77.513166_12.77795,2024-07-01,0.6324057,0.6187267
XGBoost,test,77.513166_13.1777,2024-07-01,0.41230348,0.4332931
XGBoost,test,77.517658_12.77795,2024-07-01,0.58524704,0.5794114
XGBoost,test,77.517658_13.186684,2024-07-01,0.4425457,0.4615593
XGBoost,test,77.517658_13.191175,2024-07-01,0.3877817,0.41678092
XGBoost,test,77.522149_12.782442,2024-07-01,0.6163713,0.61012703
XGBoost,test,77.522149_13.146259,2024-07-01,0.34782082,0.37073913
XGBoost,test,77.522149_13.200158,2024-07-01,0.448981,0.46706018
XGBoost,test,77.531133_13.083377,2024-07-01,0.56321204,0.5756539
XGBoost,test,77.531133_13.195667,2024-07-01,0.4788182,0.49505997
XGBoost,test,77.535624_13.083377,2024-07-01,0.5503372,0.55790055
XGBoost,test,77.535624_13.195667,2024-07-01,0.39370975,0.40948933
XGBoost,test,77.540116_13.042953,2024-07-01,0.56127167,0.57321864
XGBoost,test,77.540116_13.114818,2024-07-01,0.4067633,0.4364913
XGBoost,test,77.544607_13.218125,2024-07-01,0.45689893,0.486769
XGBoost,test,77.549099_12.845324,2024-07-01,0.60417336,0.6164408
XGBoost,test,77.55359_12.71956,2024-07-01,0.74308455,0.73861843
XGBoost,test,77.55359_12.849815,2024-07-01,0.5888095,0.5964277
XGBoost,test,77.55359_13.069903,2024-07-01,0.72536504,0.73226726
XGBoost,test,77.55359_13.110327,2024-07-01,0.4828934,0.49761343
XGBoost,test,77.55359_13.168717,2024-07-01,0.47446388,0.49410236
XGBoost,test,77.55359_13.173209,2024-07-01,0.3934341,0.423892
XGBoost,test,77.558082_13.042953,2024-07-01,0.64197934,0.6588427
XGBoost,test,77.558082_13.051936,2024-07-01,0.6966235,0.7123068
XGBoost,test,77.558082_13.110327,2024-07-01,0.4998074,0.5123861
XGBoost,test,77.558082_13.1777,2024-07-01,0.44638345,0.46620765
XGBoost,test,77.562574_12.71956,2024-07-01,0.7488489,0.74473476
XGBoost,test,77.567065_12.724051,2024-07-01,0.7263767,0.72418594
XGBoost,test,77.567065_13.105835,2024-07-01,0.574749,0.5764868
XGBoost,test,77.567065_13.114818,2024-07-01,0.65104544,0.6632925
XGBoost,test,77.567065_13.182192,2024-07-01,0.48175955,0.4977651
XGBoost,test,77.571557_12.71956,2024-07-01,0.74869406,0.74061555
XGBoost,test,77.576048_12.71956,2024-07-01,0.72571075,0.7257091
XGBoost,test,77.576048_12.728543,2024-07-01,0.7513061,0.7541403
XGBoost,test,77.585031_13.042953,2024-07-01,0.6863884,0.69415355
XGBoost,test,77.585031_13.137276,2024-07-01,0.45587543,0.47609523
XGBoost,test,77.589523_12.71956,2024-07-01,0.81205827,0.8177221
XGBoost,test,77.589523_12.746509,2024-07-01,0.7073031,0.70661145
XGBoost,test,77.589523_12.971088,2024-07-01,0.7386757,0.76585895
XGBoost,test,77.594015_12.724051,2024-07-01,0.8136198,0.81486666
XGBoost,test,77.594015_12.733034,2024-07-01,0.78645825,0.7683823
XGBoost,test,77.594015_12.831849,2024-07-01,0.5795222,0.59196395
XGBoost,test,77.594015_12.998037,2024-07-01,0.72978497,0.74913996
XGBoost,test,77.598506_12.665661,2024-07-01,0.76877564,0.7596638
XGBoost,test,77.598506_12.710577,2024-07-01,0.66955507,0.6750707
XGBoost,test,77.598506_12.822866,2024-07-01,0.60708296,0.6068281
XGBoost,test,77.598506_13.083377,2024-07-01,0.58545136,0.5909058
XGBoost,test,77.598506_13.128293,2024-07-01,0.5558738,0.56835854
XGBoost,test,77.602998_12.710577,2024-07-01,0.6936119,0.68397343
XGBoost,test,77.602998_12.827358,2024-07-01,0.4904875,0.49743974
XGBoost,test,77.602998_13.114818,2024-07-01,0.5654588,0.57796735
XGBoost,test,77.602998_13.11931,2024-07-01,0.57140183,0.58375776
XGBoost,test,77.602998_13.128293,2024-07-01,0.50863874,0.52526706
XGBoost,test,77.602998_13.164226,2024-07-01,0.4550533,0.48129666
XGBoost,test,77.607489_12.768967,2024-07-01,0.6134332,0.6099382
XGBoost,test,77.607489_12.773459,2024-07-01,0.584421,0.5899277
XGBoost,test,77.607489_12.791425,2024-07-01,0.53781885,0.55099326
XGBoost,test,77.607489_12.809391,2024-07-01,0.6366474,0.6466768
XGBoost,test,77.607489_12.818374,2024-07-01,0.6874362,0.68482435
XGBoost,test,77.607489_13.087869,2024-07-01,0.72685796,0.73849064
XGBoost,test,77.611981_12.674644,2024-07-01,0.7881149,0.76132864
XGBoost,test,77.611981_12.768967,2024-07-01,0.56890404,0.5663993
XGBoost,test,77.611981_12.953122,2024-07-01,0.72732276,0.73566073
XGBoost,test,77.611981_13.168717,2024-07-01,0.40497407,0.43343413
XGBoost,test,77.611981_13.182192,2024-07-01,0.356623,0.3717256
XGBoost,test,77.616473_13.114818,2024-07-01,0.55666894,0.57336557
XGBoost,test,77.616473_13.141768,2024-07-01,0.44874784,0.46111453
XGBoost,test,77.616473_13.1777,2024-07-01,0.36060798,0.39175925
XGBoost,test,77.620964_12.674644,2024-07-01,0.79117715,0.76137084
XGBoost,test,77.620964_12.795916,2024-07-01,0.44594735,0.44323894
XGBoost,test,77.620964_12.813883,2024-07-01,0.44882232,0.45526406
XGBoost,test,77.625456_12.782442,2024-07-01,0.5180788,0.51610214
XGBoost,test,77.625456_13.065411,2024-07-01,0.39120847,0.42051327
XGBoost,test,77.625456_13.155243,2024-07-01,0.6334212,0.6481294
XGBoost,test,77.625456_13.182192,2024-07-01,0.41782036,0.45937815
XGBoost,test,77.629947_12.795916,2024-07-01,0.77346206,0.7734854
XGBoost,test,77.629947_12.809391,2024-07-01,0.47165278,0.48597437
XGBoost,test,77.629947_12.854307,2024-07-01,0.4919485,0.49308142
XGBoost,test,77.629947_13.06092,2024-07-01,0.41925728,0.4354689
XGBoost,test,77.629947_13.087869,2024-07-01,0.4384478,0.45606685
XGBoost,test,77.629947_13.1777,2024-07-01,0.4428985,0.4593752
XGBoost,test,77.634439_12.679136,2024-07-01,0.7601884,0.7543456
XGBoost,test,77.634439_12.701593,2024-07-01,0.7231029,0.7231736
XGBoost,test,77.634439_12.733034,2024-07-01,0.4878605,0.49021697
XGBoost,test,77.634439_12.746509,2024-07-01,0.5224989,0.5216786
XGBoost,test,77.634439_12.751001,2024-07-01,0.5185341,0.52220505
XGBoost,test,77.634439_13.047445,2024-07-01,0.481405,0.48826352
XGBoost,test,77.634439_13.083377,2024-07-01,0.40969208,0.42775077
XGBoost,test,77.634439_13.137276,2024-07-01,0.39996043,0.42839503
XGBoost,test,77.63893_12.688119,2024-07-01,0.6849667,0.67731875
XGBoost,test,77.63893_12.742018,2024-07-01,0.5335707,0.5378499
XGBoost,test,77.63893_12.791425,2024-07-01,0.5329046,0.53742874
XGBoost,test,77.63893_12.800408,2024-07-01,0.4749073,0.48339668
XGBoost,test,77.63893_12.840832,2024-07-01,0.6250522,0.6258025
XGBoost,test,77.63893_13.056428,2024-07-01,0.5153401,0.52479374
XGBoost,test,77.63893_13.078886,2024-07-01,0.43096128,0.45810258
XGBoost,test,77.63893_13.083377,2024-07-01,0.404384,0.42061445
XGBoost,test,77.643422_12.795916,2024-07-01,0.4824938,0.48855028
XGBoost,test,77.643422_12.800408,2024-07-01,0.48590446,0.49114186
XGBoost,test,77.643422_12.809391,2024-07-01,0.50810593,0.50736815
XGBoost,test,77.643422_13.002529,2024-07-01,0.5249159,0.54428923
XGBoost,test,77.643422_13.164226,2024-07-01,0.57790923,0.5847855
XGBoost,test,77.647914_12.688119,2024-07-01,0.7239974,0.71621597
XGBoost,test,77.647914_12.733034,2024-07-01,0.5415316,0.53529704
XGBoost,test,77.647914_13.141768,2024-07-01,0.66328096,0.6818497
XGBoost,test,77.647914_13.168717,2024-07-01,0.7092961,0.730586
XGBoost,test,77.652405_12.697102,2024-07-01,0.68577033,0.6811538
XGBoost,test,77.652405_12.773459,2024-07-01,0.4639747,0.4917349
XGBoost,test,77.652405_12.795916,2024-07-01,0.43665278,0.43599647
XGBoost,test,77.652405_12.8049,2024-07-01,0.52822554,0.5307852
XGBoost,test,77.652405_13.002529,2024-07-01,0.52101725,0.5364508
XGBoost,test,77.656897_12.742018,2024-07-01,0.5437534,0.52696836
XGBoost,test,77.656897_12.746509,2024-07-01,0.5156818,0.5226944
XGBoost,test,77.656897_12.768967,2024-07-01,0.5184289,0.5208972
XGBoost,test,77.656897_12.791425,2024-07-01,0.45748526,0.452098
XGBoost,test,77.656897_12.800408,2024-07-01,0.5491965,0.54650986
XGBoost,test,77.656897_12.831849,2024-07-01,0.5733138,0.5698685
XGBoost,test,77.656897_13.101344,2024-07-01,0.46931705,0.48983064
XGBoost,test,77.656897_13.164226,2024-07-01,0.44489762,0.45951492
XGBoost,test,77.656897_13.173209,2024-07-01,0.3886852,0.42239028
XGBoost,test,77.661388_12.737526,2024-07-01,0.56117374,0.5638141
XGBoost,test,77.661388_12.759984,2024-07-01,0.5510249,0.55451137
XGBoost,test,77.661388_13.056428,2024-07-01,0.45636684,0.46590033
XGBoost,test,77.661388_13.074394,2024-07-01,0.52130926,0.5311186
XGBoost,test,77.661388_13.087869,2024-07-01,0.43462244,0.45118445
XGBoost,test,77.661388_13.101344,2024-07-01,0.4433662,0.45854995
XGBoost,test,77.661388_13.110327,2024-07-01,0.519806,0.524037
XGBoost,test,77.661388_13.11931,2024-07-01,0.5914859,0.60353696
XGBoost,test,77.66588_12.679136,2024-07-01,0.65164024,0.6295164
XGBoost,test,77.66588_12.697102,2024-07-01,0.6244716,0.6105073
XGBoost,test,77.66588_12.715068,2024-07-01,0.6312543,0.63096267
XGBoost,test,77.66588_12.724051,2024-07-01,0.6178569,0.603497
XGBoost,test,77.66588_12.751001,2024-07-01,0.495129,0.501395
XGBoost,test,77.66588_12.755492,2024-07-01,0.5606359,0.56314355
XGBoost,test,77.66588_12.764475,2024-07-01,0.54762477,0.55545616
XGBoost,test,77.66588_12.768967,2024-07-01,0.69752115,0.6936915
XGBoost,test,77.66588_12.791425,2024-07-01,0.5966804,0.59949726
XGBoost,test,77.66588_13.038462,2024-07-01,0.45423055,0.46594527
XGBoost,test,77.66588_13.051936,2024-07-01,0.49279705,0.5077861
XGBoost,test,77.66588_13.173209,2024-07-01,0.39708456,0.4171025
XGBoost,test,77.670371_12.71956,2024-07-01,0.6486139,0.63421106
XGBoost,test,77.670371_12.881256,2024-07-01,0.47406235,0.47871834
XGBoost,test,77.670371_13.069903,2024-07-01,0.411465,0.4336034
XGBoost,test,77.670371_13.083377,2024-07-01,0.37745613,0.39479536
XGBoost,test,77.670371_13.092361,2024-07-01,0.38714164,0.4053708
XGBoost,test,77.670371_13.128293,2024-07-01,0.4949032,0.5189723
XGBoost,test,77.674863_12.674644,2024-07-01,0.71545917,0.71691656
XGBoost,test,77.674863_12.71956,2024-07-01,0.6563633,0.6539706
XGBoost,test,77.674863_12.755492,2024-07-01,0.5007429,0.49981505
XGBoost,test,77.674863_12.764475,2024-07-01,0.50456226,0.50559914
XGBoost,test,77.674863_12.786933,2024-07-01,0.5138907,0.5128407
XGBoost,test,77.674863_12.836341,2024-07-01,0.5173492,0.5182948
XGBoost,test,77.674863_13.051936,2024-07-01,0.4995529,0.5111807
XGBoost,test,77.674863_13.069903,2024-07-01,0.3777329,0.39415777
XGBoost,test,77.674863_13.092361,2024-07-01,0.43015078,0.44760838
XGBoost,test,77.674863_13.105835,2024-07-01,0.48186612,0.50199825
XGBoost,test,77.679355_12.697102,2024-07-01,0.5181608,0.51009023
XGBoost,test,77.679355_12.746509,2024-07-01,0.6806701,0.6740522
XGBoost,test,77.679355_12.89024,2024-07-01,0.5112747,0.5089731
XGBoost,test,77.679355_13.056428,2024-07-01,0.45435816,0.47210535
XGBoost,test,77.679355_13.074394,2024-07-01,0.42692754,0.4506359
XGBoost,test,77.679355_13.101344,2024-07-01,0.44395083,0.46623704
XGBoost,test,77.679355_13.141768,2024-07-01,0.49446306,0.508172
XGBoost,test,77.679355_13.155243,2024-07-01,0.3935868,0.4275119
XGBoost,test,77.679355_13.159734,2024-07-01,0.4296708,0.4510716
XGBoost,test,77.683846_12.728543,2024-07-01,0.5519702,0.55429494
XGBoost,test,77.683846_12.742018,2024-07-01,0.50605863,0.50398934
XGBoost,test,77.683846_12.755492,2024-07-01,0.7104129,0.7174103
XGBoost,test,77.683846_12.795916,2024-07-01,0.5042044,0.5036421
XGBoost,test,77.683846_12.8049,2024-07-01,0.48986486,0.49277067
XGBoost,test,77.683846_12.836341,2024-07-01,0.5855433,0.59316474
XGBoost,test,77.683846_12.840832,2024-07-01,0.59509474,0.6018969
XGBoost,test,77.683846_13.029478,2024-07-01,0.3459188,0.35457715
XGBoost,test,77.683846_13.06092,2024-07-01,0.4418206,0.4626105
XGBoost,test,77.683846_13.074394,2024-07-01,0.38378453,0.412719
XGBoost,test,77.683846_13.11931,2024-07-01,0.36675,0.3789597
XGBoost,test,77.683846_13.123802,2024-07-01,0.43175668,0.4561679
XGBoost,test,77.688338_12.656678,2024-07-01,0.7057599,0.713104
XGBoost,test,77.688338_12.69261,2024-07-01,0.79425186,0.76978934
XGBoost,test,77.688338_12.697102,2024-07-01,0.80209595,0.793257
XGBoost,test,77.688338_12.710577,2024-07-01,0.80113035,0.7933645
XGBoost,test,77.688338_12.751001,2024-07-01,0.5838901,0.5801718
XGBoost,test,77.688338_12.755492,2024-07-01,0.54488266,0.53744066
XGBoost,test,77.688338_12.876765,2024-07-01,0.7698141,0.77057153
XGBoost,test,77.688338_12.885748,2024-07-01,0.49520388,0.50198793
XGBoost,test,77.688338_12.966596,2024-07-01,0.56180793,0.56810874
XGBoost,test,77.692829_12.746509,2024-07-01,0.46062046,0.4657972
XGBoost,test,77.692829_12.800408,2024-07-01,0.4558244,0.45610306
XGBoost,test,77.692829_12.845324,2024-07-01,0.6305879,0.63537264
XGBoost,test,77.692829_12.885748,2024-07-01,0.53766525,0.5343316
XGBoost,test,77.692829_12.899223,2024-07-01,0.45835066,0.46476308
XGBoost,test,77.692829_13.047445,2024-07-01,0.7337707,0.75967854
XGBoost,test,77.692829_13.06092,2024-07-01,0.56909686,0.58168274
XGBoost,test,77.692829_13.065411,2024-07-01,0.5351815,0.5570928
XGBoost,test,77.692829_13.083377,2024-07-01,0.3899366,0.41887325
XGBoost,test,77.692829_13.096852,2024-07-01,0.38885924,0.41512027
XGBoost,test,77.692829_13.132785,2024-07-01,0.3871965,0.41391364
XGBoost,test,77.692829_13.155243,2024-07-01,0.39003298,0.41765523
XGBoost,test,77.697321_12.697102,2024-07-01,0.79978085,0.78345
XGBoost,test,77.697321_12.751001,2024-07-01,0.52148557,0.51808727
XGBoost,test,77.697321_12.773459,2024-07-01,0.46232608,0.4675047
XGBoost,test,77.697321_12.791425,2024-07-01,0.5588512,0.5610825
XGBoost,test,77.697321_12.885748,2024-07-01,0.5393055,0.537171
XGBoost,test,77.697321_12.894731,2024-07-01,0.4774827,0.48489392
XGBoost,test,77.697321_12.930664,2024-07-01,0.4930411,0.4994659
XGBoost,test,77.697321_13.132785,2024-07-01,0.3886996,0.41308695
XGBoost,test,77.697321_13.150751,2024-07-01,0.43497837,0.45255604
XGBoost,test,77.701812_12.742018,2024-07-01,0.48577768,0.4924102
XGBoost,test,77.701812_12.77795,2024-07-01,0.46711758,0.46637157
XGBoost,test,77.701812_12.8049,2024-07-01,0.5479547,0.5479863
XGBoost,test,77.701812_12.822866,2024-07-01,0.5142441,0.5233845
XGBoost,test,77.701812_12.872273,2024-07-01,0.4402613,0.44521067
XGBoost,test,77.701812_12.984563,2024-07-01,0.4701079,0.48462972
XGBoost,test,77.701812_13.03397,2024-07-01,0.41543338,0.43653035
XGBoost,test,77.701812_13.114818,2024-07-01,0.47502983,0.49953395
XGBoost,test,77.701812_13.164226,2024-07-01,0.4458077,0.45306563
XGBoost,test,77.706304_12.746509,2024-07-01,0.4908645,0.49694368
XGBoost,test,77.706304_12.751001,2024-07-01,0.51120263,0.51009375
XGBoost,test,77.706304_12.759984,2024-07-01,0.41383165,0.41946033
XGBoost,test,77.706304_12.764475,2024-07-01,0.48262912,0.48925322
XGBoost,test,77.706304_12.86329,2024-07-01,0.3831257,0.3799227
XGBoost,test,77.706304_12.984563,2024-07-01,0.47110587,0.48492295
XGBoost,test,77.706304_13.038462,2024-07-01,0.41777086,0.4402503
XGBoost,test,77.706304_13.042953,2024-07-01,0.48896992,0.50875175
XGBoost,test,77.706304_13.137276,2024-07-01,0.739066,0.7623143
XGBoost,test,77.710796_12.715068,2024-07-01,0.60528517,0.61018616
XGBoost,test,77.710796_12.894731,2024-07-01,0.5741591,0.5734814
XGBoost,test,77.710796_12.899223,2024-07-01,0.50109273,0.50212675
XGBoost,test,77.710796_12.912697,2024-07-01,0.4245745,0.43536353
XGBoost,test,77.710796_13.03397,2024-07-01,0.4279783,0.45999503
XGBoost,test,77.710796_13.11931,2024-07-01,0.42438152,0.44150713
XGBoost,test,77.710796_13.123802,2024-07-01,0.38917947,0.4112716
XGBoost,test,77.710796_13.132785,2024-07-01,0.45491177,0.4711617
XGBoost,test,77.710796_13.150751,2024-07-01,0.38809258,0.40121046
XGBoost,test,77.710796_13.168717,2024-07-01,0.49542728,0.50291735
XGBoost,test,77.710796_13.173209,2024-07-01,0.4851137,0.5113604
XGBoost,test,77.715287_12.679136,2024-07-01,0.6872907,0.67846364
XGBoost,test,77.715287_12.742018,2024-07-01,0.47867727,0.48551914
XGBoost,test,77.715287_12.773459,2024-07-01,0.45432836,0.46546823
XGBoost,test,77.715287_12.822866,2024-07-01,0.4965551,0.5062949
XGBoost,test,77.715287_12.827358,2024-07-01,0.45355433,0.460574
XGBoost,test,77.715287_12.845324,2024-07-01,0.39987358,0.4080004
XGBoost,test,77.715287_12.885748,2024-07-01,0.545665,0.5514086
XGBoost,test,77.715287_12.899223,2024-07-01,0.40443137,0.40941024
XGBoost,test,77.715287_12.939647,2024-07-01,0.68562937,0.6908093
XGBoost,test,77.715287_12.944139,2024-07-01,0.7236151,0.729201
XGBoost,test,77.715287_12.94863,2024-07-01,0.58893883,0.5921569
XGBoost,test,77.715287_13.016004,2024-07-01,0.51415753,0.52441037
XGBoost,test,77.715287_13.029478,2024-07-01,0.3675331,0.38157734
XGBoost,test,77.715287_13.038462,2024-07-01,0.4929032,0.5222662
XGBoost,test,77.715287_13.051936,2024-07-01,0.49211824,0.5134902
XGBoost,test,77.715287_13.056428,2024-07-01,0.4011941,0.43091953
XGBoost,test,77.715287_13.096852,2024-07-01,0.33052787,0.36164528
XGBoost,test,77.715287_13.114818,2024-07-01,0.502352,0.521544
XGBoost,test,77.715287_13.128293,2024-07-01,0.45813286,0.47451904
XGBoost,test,77.719779_12.706085,2024-07-01,0.6279674,0.6271716
XGBoost,test,77.719779_12.746509,2024-07-01,0.6885707,0.689853
XGBoost,test,77.719779_12.795916,2024-07-01,0.47269893,0.48135403
XGBoost,test,77.719779_12.840832,2024-07-01,0.5156505,0.51686573
XGBoost,test,77.719779_12.903714,2024-07-01,0.41384512,0.43063024
XGBoost,test,77.719779_13.069903,2024-07-01,0.3951693,0.41852677
XGBoost,test,77.719779_13.105835,2024-07-01,0.42086062,0.44335935
XGBoost,test,77.719779_13.123802,2024-07-01,0.4092238,0.43535924
XGBoost,test,77.719779_13.137276,2024-07-01,0.4221678,0.45340565
XGBoost,test,77.719779_13.155243,2024-07-01,0.40396523,0.42975944
XGBoost,test,77.72427_12.674644,2024-07-01,0.5360341,0.5327526
XGBoost,test,77.72427_12.697102,2024-07-01,0.48808077,0.49108148
XGBoost,test,77.72427_12.701593,2024-07-01,0.527248,0.52926534
XGBoost,test,77.72427_12.724051,2024-07-01,0.5213174,0.5202736
XGBoost,test,77.72427_12.786933,2024-07-01,0.48051754,0.4857405
XGBoost,test,77.72427_12.791425,2024-07-01,0.4909815,0.4965129
XGBoost,test,77.72427_12.840832,2024-07-01,0.49097648,0.49800372
XGBoost,test,77.72427_12.867782,2024-07-01,0.42495212,0.44608468
XGBoost,test,77.72427_12.885748,2024-07-01,0.47142735,0.4792399
XGBoost,test,77.72427_13.024987,2024-07-01,0.77258956,0.8002585
XGBoost,test,77.72427_13.06092,2024-07-01,0.4040892,0.4320696
XGBoost,test,77.72427_13.074394,2024-07-01,0.43481514,0.45374873
XGBoost,test,77.728762_12.706085,2024-07-01,0.62615067,0.6184171
XGBoost,test,77.728762_12.724051,2024-07-01,0.63657796,0.626357
XGBoost,test,77.728762_12.759984,2024-07-01,0.49500525,0.5028387
XGBoost,test,77.728762_12.782442,2024-07-01,0.53221995,0.5314426
XGBoost,test,77.728762_12.809391,2024-07-01,0.48335338,0.49254182
XGBoost,test,77.728762_12.858799,2024-07-01,0.5334001,0.5332008
XGBoost,test,77.728762_12.876765,2024-07-01,0.54129714,0.545786
XGBoost,test,77.728762_12.885748,2024-07-01,0.46424207,0.4700485
XGBoost,test,77.728762_13.047445,2024-07-01,0.4672297,0.49690187
XGBoost,test,77.728762_13.087869,2024-07-01,0.4718362,0.49157727
XGBoost,test,77.728762_13.092361,2024-07-01,0.43585014,0.4675514
XGBoost,test,77.733253_12.755492,2024-07-01,0.43881303,0.4490355
XGBoost,test,77.733253_12.795916,2024-07-01,0.47505653,0.4817658
XGBoost,test,77.733253_12.86329,2024-07-01,0.5544792,0.559261
XGBoost,test,77.733253_12.872273,2024-07-01,0.5469476,0.54983383
XGBoost,test,77.733253_12.998037,2024-07-01,0.6084364,0.62208426
XGBoost,test,77.733253_13.056428,2024-07-01,0.3710241,0.39055073
XGBoost,test,77.737745_12.764475,2024-07-01,0.43733075,0.4437767
XGBoost,test,77.737745_12.791425,2024-07-01,0.4759661,0.4719579
XGBoost,test,77.737745_12.809391,2024-07-01,0.45020074,0.46767253
XGBoost,test,77.737745_12.858799,2024-07-01,0.47935387,0.48919448
XGBoost,test,77.737745_12.872273,2024-07-01,0.53434134,0.53718185
XGBoost,test,77.737745_12.881256,2024-07-01,0.5727118,0.56678104
XGBoost,test,77.737745_13.051936,2024-07-01,0.37653977,0.3947839
XGBoost,test,77.737745_13.06092,2024-07-01,0.4133086,0.4341676
XGBoost,test,77.737745_13.078886,2024-07-01,0.44401065,0.4614198
XGBoost,test,77.737745_13.101344,2024-07-01,0.3660852,0.39757633
XGBoost,test,77.742237_12.697102,2024-07-01,0.6533088,0.65297675
XGBoost,test,77.742237_12.764475,2024-07-01,0.45721206,0.46186498
XGBoost,test,77.742237_12.795916,2024-07-01,0.4549574,0.4636675
XGBoost,test,77.742237_12.8049,2024-07-01,0.4850512,0.49565038
XGBoost,test,77.742237_12.86329,2024-07-01,0.40437043,0.42495826
XGBoost,test,77.742237_12.867782,2024-07-01,0.5392845,0.5535589
XGBoost,test,77.742237_12.89024,2024-07-01,0.54804873,0.5587539
XGBoost,test,77.742237_12.899223,2024-07-01,0.53892726,0.5405186
XGBoost,test,77.742237_12.921681,2024-07-01,0.45490298,0.47152093
XGBoost,test,77.742237_12.980071,2024-07-01,0.5078972,0.5205998
XGBoost,test,77.742237_13.002529,2024-07-01,0.5415411,0.5515968
XGBoost,test,77.742237_13.016004,2024-07-01,0.52385783,0.5321527
XGBoost,test,77.742237_13.038462,2024-07-01,0.38035756,0.42515564
XGBoost,test,77.742237_13.074394,2024-07-01,0.3538655,0.37849256
XGBoost,test,77.742237_13.078886,2024-07-01,0.43712848,0.46140188
XGBoost,test,77.742237_13.101344,2024-07-01,0.40369508,0.4271735
XGBoost,test,77.746728_12.751001,2024-07-01,0.4901284,0.49943325
XGBoost,test,77.746728_12.764475,2024-07-01,0.4747327,0.48772502
XGBoost,test,77.746728_12.782442,2024-07-01,0.5436681,0.5417939
XGBoost,test,77.746728_12.97558,2024-07-01,0.5307591,0.5482417
XGBoost,test,77.746728_12.984563,2024-07-01,0.5195742,0.52487946
XGBoost,test,77.746728_13.016004,2024-07-01,0.5477466,0.56994945
XGBoost,test,77.746728_13.020495,2024-07-01,0.58903885,0.6138525
XGBoost,test,77.746728_13.024987,2024-07-01,0.4796922,0.49262545
XGBoost,test,77.746728_13.038462,2024-07-01,0.39727312,0.42818066
XGBoost,test,77.746728_13.06092,2024-07-01,0.344522,0.3679442
XGBoost,test,77.746728_13.083377,2024-07-01,0.45202696,0.481071
XGBoost,test,77.746728_13.092361,2024-07-01,0.42656213,0.4466959
XGBoost,test,77.75122_12.751001,2024-07-01,0.48016596,0.48883516
XGBoost,test,77.75122_12.755492,2024-07-01,0.543731,0.54442316
XGBoost,test,77.75122_12.768967,2024-07-01,0.44254458,0.44943002
XGBoost,test,77.75122_12.894731,2024-07-01,0.4569431,0.46643382
XGBoost,test,77.75122_12.993546,2024-07-01,0.4473167,0.46650353
XGBoost,test,77.75122_13.020495,2024-07-01,0.50560653,0.51803654
XGBoost,test,77.75122_13.03397,2024-07-01,0.43113232,0.4520137
XGBoost,test,77.75122_13.038462,2024-07-01,0.3547818,0.37927845
XGBoost,test,77.755711_12.706085,2024-07-01,0.5581739,0.5666985
XGBoost,test,77.755711_12.764475,2024-07-01,0.7943023,0.77089745
XGBoost,test,77.755711_12.822866,2024-07-01,0.45216647,0.46629646
XGBoost,test,77.755711_12.831849,2024-07-01,0.42625594,0.44326496
XGBoost,test,77.755711_12.858799,2024-07-01,0.4966119,0.50320977
XGBoost,test,77.755711_12.885748,2024-07-01,0.4956932,0.50762427
XGBoost,test,77.755711_12.899223,2024-07-01,0.41762364,0.4370741
XGBoost,test,77.755711_12.903714,2024-07-01,0.45569777,0.47265095
XGBoost,test,77.755711_12.926172,2024-07-01,0.49740747,0.5053202
XGBoost,test,77.760203_12.751001,2024-07-01,0.4850767,0.49144018
XGBoost,test,77.760203_12.795916,2024-07-01,0.42593727,0.4317965
XGBoost,test,77.760203_12.818374,2024-07-01,0.55797195,0.5611844
XGBoost,test,77.760203_12.867782,2024-07-01,0.43889055,0.44920826
XGBoost,test,77.760203_12.872273,2024-07-01,0.4633394,0.46941057
XGBoost,test,77.760203_12.876765,2024-07-01,0.43530115,0.44315127
XGBoost,test,77.760203_12.885748,2024-07-01,0.45945343,0.4829663
XGBoost,test,77.760203_12.984563,2024-07-01,0.5094159,0.515118
XGBoost,test,77.764695_12.742018,2024-07-01,0.65691406,0.6657452
XGBoost,test,77.764695_12.746509,2024-07-01,0.64904016,0.6569265
XGBoost,test,77.764695_12.813883,2024-07-01,0.50064003,0.5090909
XGBoost,test,77.764695_12.849815,2024-07-01,0.4647766,0.47833487
XGBoost,test,77.764695_12.885748,2024-07-01,0.47972894,0.49229342
XGBoost,test,77.764695_12.912697,2024-07-01,0.48923627,0.50504965
XGBoost,test,77.764695_13.03397,2024-07-01,0.35296914,0.3733591
XGBoost,test,77.769186_12.751001,2024-07-01,0.6863622,0.6865003
XGBoost,test,77.769186_12.791425,2024-07-01,0.42855495,0.4389043
XGBoost,test,77.769186_12.800408,2024-07-01,0.49982056,0.5022932
XGBoost,test,77.769186_12.8049,2024-07-01,0.5471527,0.55217403
XGBoost,test,77.769186_12.809391,2024-07-01,0.45515707,0.4681497
XGBoost,test,77.769186_12.876765,2024-07-01,0.49488732,0.5015793
XGBoost,test,77.769186_12.894731,2024-07-01,0.46352708,0.47172195
XGBoost,test,77.769186_13.016004,2024-07-01,0.43321556,0.45127243
XGBoost,test,77.773678_12.746509,2024-07-01,0.6677371,0.67717737
XGBoost,test,77.773678_12.858799,2024-07-01,0.43488413,0.45137966
XGBoost,test,77.773678_12.885748,2024-07-01,0.47073248,0.48652226
XGBoost,test,77.773678_12.899223,2024-07-01,0.42037427,0.4327564
XGBoost,test,77.773678_12.908206,2024-07-01,0.47472638,0.49542645
XGBoost,test,77.778169_12.809391,2024-07-01,0.43322277,0.44192645
XGBoost,test,77.778169_12.885748,2024-07-01,0.48916015,0.49757084
XGBoost,test,77.782661_12.786933,2024-07-01,0.4253432,0.43424416
XGBoost,test,77.782661_12.791425,2024-07-01,0.47836456,0.48300546
XGBoost,test,77.782661_12.89024,2024-07-01,0.4797148,0.49295354
XGBoost,test,77.787152_12.786933,2024-07-01,0.44555837,0.45161664
XGBoost,test,77.787152_12.849815,2024-07-01,0.44366026,0.46269462
XGBoost,test,77.787152_12.867782,2024-07-01,0.41963792,0.43205345
XGBoost,test,77.791644_12.8049,2024-07-01,0.47023097,0.47719404
XGBoost,test,77.791644_12.899223,2024-07-01,0.4302263,0.45169148
XGBoost,test,77.796136_12.854307,2024-07-01,0.41654736,0.43418244
XGBoost,test,77.796136_12.885748,2024-07-01,0.4841303,0.5013735
XGBoost,test,77.800627_12.876765,2024-07-01,0.48597568,0.50518
XGBoost,test,77.800627_12.885748,2024-07-01,0.44418848,0.46333098
XGBoost,test,77.805119_12.876765,2024-07-01,0.4976048,0.5174238
XGBoost,test,77.805119_12.89024,2024-07-01,0.46287656,0.47986147
XGBoost,test,77.80961_12.858799,2024-07-01,0.46385056,0.48589975
XGBoost,test,77.80961_12.86329,2024-07-01,0.43857926,0.45985305
XGBoost,test,77.329012_12.944139,2024-08-01,0.45868742,0.46096745
XGBoost,test,77.342486_12.935155,2024-08-01,0.7520024,0.7544471
XGBoost,test,77.342486_12.944139,2024-08-01,0.7032296,0.69129324
XGBoost,test,77.346978_12.86329,2024-08-01,0.59881467,0.5799558
XGBoost,test,77.360453_12.867782,2024-08-01,0.4130161,0.41818666
XGBoost,test,77.364944_12.854307,2024-08-01,0.44756585,0.45021227
XGBoost,test,77.364944_12.962105,2024-08-01,0.442921,0.44862002
XGBoost,test,77.369436_12.998037,2024-08-01,0.40058804,0.43529335
XGBoost,test,77.369436_13.007021,2024-08-01,0.46164685,0.47943652
XGBoost,test,77.373927_12.971088,2024-08-01,0.44247952,0.45705307
XGBoost,test,77.373927_13.011512,2024-08-01,0.42439553,0.4398403
XGBoost,test,77.373927_13.016004,2024-08-01,0.43556428,0.44315362
XGBoost,test,77.387402_12.97558,2024-08-01,0.47377732,0.4705179
XGBoost,test,77.387402_12.980071,2024-08-01,0.46437323,0.4678214
XGBoost,test,77.396385_12.97558,2024-08-01,0.40029722,0.3794751
XGBoost,test,77.396385_13.029478,2024-08-01,0.3778795,0.3705796
XGBoost,test,77.400877_13.029478,2024-08-01,0.35579285,0.35354596
XGBoost,test,77.405368_12.998037,2024-08-01,0.43118346,0.44176394
XGBoost,test,77.405368_13.105835,2024-08-01,0.43005902,0.43024173
XGBoost,test,77.405368_13.11931,2024-08-01,0.38556013,0.38409948
XGBoost,test,77.414352_12.989054,2024-08-01,0.37528375,0.3730533
XGBoost,test,77.414352_12.993546,2024-08-01,0.40598962,0.4265522
XGBoost,test,77.414352_13.03397,2024-08-01,0.38485953,0.39021143
XGBoost,test,77.414352_13.096852,2024-08-01,0.3914796,0.37516573
XGBoost,test,77.414352_13.11931,2024-08-01,0.41392943,0.42540255
XGBoost,test,77.418843_12.993546,2024-08-01,0.42504185,0.4370214
XGBoost,test,77.418843_13.016004,2024-08-01,0.38135633,0.38488787
XGBoost,test,77.418843_13.024987,2024-08-01,0.40048575,0.39663148
XGBoost,test,77.418843_13.029478,2024-08-01,0.40418556,0.41990432
XGBoost,test,77.418843_13.146259,2024-08-01,0.3430283,0.36141977
XGBoost,test,77.423335_13.002529,2024-08-01,0.49965826,0.50309086
XGBoost,test,77.423335_13.092361,2024-08-01,0.32311732,0.3530121
XGBoost,test,77.423335_13.150751,2024-08-01,0.32376808,0.35473678
XGBoost,test,77.427826_13.020495,2024-08-01,0.38454902,0.37325686
XGBoost,test,77.427826_13.024987,2024-08-01,0.40327355,0.42632166
XGBoost,test,77.427826_13.110327,2024-08-01,0.41520116,0.43780884
XGBoost,test,77.427826_13.132785,2024-08-01,0.49387777,0.50206864
XGBoost,test,77.432318_12.998037,2024-08-01,0.3706223,0.36721173
XGBoost,test,77.432318_13.087869,2024-08-01,0.46538767,0.46271983
XGBoost,test,77.432318_13.092361,2024-08-01,0.40214133,0.41179705
XGBoost,test,77.436809_12.818374,2024-08-01,0.5238083,0.5083815
XGBoost,test,77.436809_13.03397,2024-08-01,0.39414135,0.41021454
XGBoost,test,77.441301_13.083377,2024-08-01,0.45782194,0.4641289
XGBoost,test,77.441301_13.110327,2024-08-01,0.42973927,0.44164848
XGBoost,test,77.450284_13.029478,2024-08-01,0.43850467,0.43172887
XGBoost,test,77.450284_13.047445,2024-08-01,0.42113578,0.4266402
XGBoost,test,77.450284_13.146259,2024-08-01,0.51698506,0.5073846
XGBoost,test,77.454776_13.078886,2024-08-01,0.43259603,0.4312372
XGBoost,test,77.454776_13.087869,2024-08-01,0.41189453,0.4139638
XGBoost,test,77.454776_13.114818,2024-08-01,0.5041404,0.49270162
XGBoost,test,77.454776_13.141768,2024-08-01,0.50607866,0.5066197
XGBoost,test,77.459267_13.020495,2024-08-01,0.36883134,0.3689331
XGBoost,test,77.459267_13.11931,2024-08-01,0.4432281,0.45126328
XGBoost,test,77.463759_13.03397,2024-08-01,0.3613501,0.363917
XGBoost,test,77.463759_13.078886,2024-08-01,0.52377737,0.51613134
XGBoost,test,77.46825_13.020495,2024-08-01,0.45994118,0.45227805
XGBoost,test,77.46825_13.114818,2024-08-01,0.49393037,0.4862087
XGBoost,test,77.46825_13.150751,2024-08-01,0.37952328,0.40844905
XGBoost,test,77.46825_13.1777,2024-08-01,0.46914527,0.46781152
XGBoost,test,77.472742_13.087869,2024-08-01,0.44811344,0.44277492
XGBoost,test,77.481725_13.03397,2024-08-01,0.4365329,0.43299064
XGBoost,test,77.481725_13.096852,2024-08-01,0.57223135,0.5691971
XGBoost,test,77.481725_13.137276,2024-08-01,0.75417054,0.7483464
XGBoost,test,77.486217_13.042953,2024-08-01,0.52052784,0.51621914
XGBoost,test,77.486217_13.114818,2024-08-01,0.48691562,0.48066574
XGBoost,test,77.486217_13.11931,2024-08-01,0.49818018,0.4968041
XGBoost,test,77.490708_13.051936,2024-08-01,0.5941694,0.5899105
XGBoost,test,77.490708_13.087869,2024-08-01,0.5442606,0.53493315
XGBoost,test,77.490708_13.092361,2024-08-01,0.5223509,0.5096207
XGBoost,test,77.490708_13.096852,2024-08-01,0.5616871,0.5545037
XGBoost,test,77.490708_13.182192,2024-08-01,0.4551118,0.46307448
XGBoost,test,77.490708_13.209142,2024-08-01,0.41771075,0.43257803
XGBoost,test,77.4952_13.020495,2024-08-01,0.5029066,0.49717277
XGBoost,test,77.4952_13.024987,2024-08-01,0.5140541,0.50687325
XGBoost,test,77.4952_13.03397,2024-08-01,0.58332485,0.57924014
XGBoost,test,77.4952_13.087869,2024-08-01,0.48712513,0.48212147
XGBoost,test,77.4952_13.092361,2024-08-01,0.5127402,0.51754075
XGBoost,test,77.4952_13.182192,2024-08-01,0.46954226,0.4718857
XGBoost,test,77.499692_13.114818,2024-08-01,0.51086104,0.51398724
XGBoost,test,77.499692_13.137276,2024-08-01,0.4543945,0.4577696
XGBoost,test,77.499692_13.168717,2024-08-01,0.47897753,0.4730441
XGBoost,test,77.504183_13.083377,2024-08-01,0.58508027,0.5888413
XGBoost,test,77.504183_13.141768,2024-08-01,0.4960441,0.4932929
XGBoost,test,77.504183_13.159734,2024-08-01,0.52151626,0.5146184
XGBoost,test,77.504183_13.195667,2024-08-01,0.3926525,0.4250868
XGBoost,test,77.508675_13.114818,2024-08-01,0.43903038,0.43888763
XGBoost,test,77.508675_13.137276,2024-08-01,0.44450065,0.4463933
XGBoost,test,77.508675_13.159734,2024-08-01,0.5408219,0.5407461
XGBoost,test,77.513166_13.087869,2024-08-01,0.5827398,0.5761452
XGBoost,test,77.513166_13.096852,2024-08-01,0.6223487,0.6080948
XGBoost,test,77.513166_13.137276,2024-08-01,0.39456838,0.41435534
XGBoost,test,77.513166_13.1777,2024-08-01,0.41508895,0.44428694
XGBoost,test,77.517658_12.795916,2024-08-01,0.58062404,0.5691031
XGBoost,test,77.517658_12.998037,2024-08-01,0.5851645,0.58178747
XGBoost,test,77.517658_13.11931,2024-08-01,0.38682553,0.38491905
XGBoost,test,77.517658_13.182192,2024-08-01,0.43363017,0.45001015
XGBoost,test,77.517658_13.186684,2024-08-01,0.46249425,0.46906257
XGBoost,test,77.517658_13.191175,2024-08-01,0.41248897,0.42405573
XGBoost,test,77.522149_13.056428,2024-08-01,0.64229083,0.63981044
XGBoost,test,77.522149_13.078886,2024-08-01,0.6080862,0.5880443
XGBoost,test,77.522149_13.146259,2024-08-01,0.36746678,0.36931995
XGBoost,test,77.522149_13.200158,2024-08-01,0.45348233,0.47226155
XGBoost,test,77.526641_13.078886,2024-08-01,0.5978498,0.59227276
XGBoost,test,77.526641_13.105835,2024-08-01,0.42494705,0.42993027
XGBoost,test,77.526641_13.110327,2024-08-01,0.39992964,0.4097731
XGBoost,test,77.531133_13.083377,2024-08-01,0.5619757,0.56913584
XGBoost,test,77.531133_13.114818,2024-08-01,0.40739882,0.4285147
XGBoost,test,77.531133_13.195667,2024-08-01,0.5021534,0.49568635
XGBoost,test,77.535624_13.069903,2024-08-01,0.70455676,0.6956444
XGBoost,test,77.535624_13.083377,2024-08-01,0.5565858,0.56686825
XGBoost,test,77.535624_13.096852,2024-08-01,0.4661661,0.45975024
XGBoost,test,77.535624_13.114818,2024-08-01,0.45693406,0.44903308
XGBoost,test,77.535624_13.132785,2024-08-01,0.4738618,0.4767448
XGBoost,test,77.535624_13.137276,2024-08-01,0.39949912,0.4113698
XGBoost,test,77.535624_13.195667,2024-08-01,0.4070503,0.42217955
XGBoost,test,77.540116_12.77795,2024-08-01,0.58289796,0.5801556
XGBoost,test,77.540116_13.042953,2024-08-01,0.5723421,0.57051545
XGBoost,test,77.540116_13.074394,2024-08-01,0.60989666,0.60833675
XGBoost,test,77.540116_13.092361,2024-08-01,0.4272661,0.4308742
XGBoost,test,77.540116_13.101344,2024-08-01,0.41667247,0.4247218
XGBoost,test,77.540116_13.105835,2024-08-01,0.43035898,0.43869746
XGBoost,test,77.540116_13.114818,2024-08-01,0.42757356,0.43646133
XGBoost,test,77.540116_13.132785,2024-08-01,0.45160553,0.45596287
XGBoost,test,77.540116_13.155243,2024-08-01,0.48710817,0.5001479
XGBoost,test,77.540116_13.182192,2024-08-01,0.4176922,0.4404603
XGBoost,test,77.544607_13.218125,2024-08-01,0.48205045,0.48132226
XGBoost,test,77.549099_13.096852,2024-08-01,0.5041008,0.5093822
XGBoost,test,77.549099_13.132785,2024-08-01,0.6408927,0.62948704
XGBoost,test,77.55359_12.71956,2024-08-01,0.77234167,0.7471451
XGBoost,test,77.55359_13.069903,2024-08-01,0.72454345,0.7348796
XGBoost,test,77.55359_13.101344,2024-08-01,0.42340216,0.43645394
XGBoost,test,77.55359_13.110327,2024-08-01,0.48646253,0.49165443
XGBoost,test,77.55359_13.128293,2024-08-01,0.596323,0.6117696
XGBoost,test,77.55359_13.168717,2024-08-01,0.48690012,0.48478526
XGBoost,test,77.55359_13.173209,2024-08-01,0.40371823,0.42064992
XGBoost,test,77.558082_12.710577,2024-08-01,0.7825556,0.76566565
XGBoost,test,77.558082_13.042953,2024-08-01,0.6418993,0.65305936
XGBoost,test,77.558082_13.051936,2024-08-01,0.70277786,0.6936308
XGBoost,test,77.558082_13.110327,2024-08-01,0.5065839,0.5092779
XGBoost,test,77.558082_13.168717,2024-08-01,0.494575,0.4944644
XGBoost,test,77.558082_13.1777,2024-08-01,0.46259958,0.46415544
XGBoost,test,77.562574_12.71956,2024-08-01,0.7716548,0.7525307
XGBoost,test,77.562574_13.141768,2024-08-01,0.4409836,0.4404164
XGBoost,test,77.562574_13.159734,2024-08-01,0.4895959,0.49300143
XGBoost,test,77.562574_13.173209,2024-08-01,0.49211422,0.48982513
XGBoost,test,77.567065_12.724051,2024-08-01,0.73750395,0.7333837
XGBoost,test,77.567065_13.105835,2024-08-01,0.5770164,0.58102155
XGBoost,test,77.567065_13.114818,2024-08-01,0.66048986,0.65571517
XGBoost,test,77.567065_13.182192,2024-08-01,0.4925906,0.4932076
XGBoost,test,77.571557_12.71956,2024-08-01,0.7763724,0.7481836
XGBoost,test,77.571557_13.141768,2024-08-01,0.4421618,0.4607598
XGBoost,test,77.571557_13.146259,2024-08-01,0.45247322,0.4729555
XGBoost,test,77.576048_12.71956,2024-08-01,0.7367026,0.72944015
XGBoost,test,77.576048_12.728543,2024-08-01,0.7577753,0.75223744
XGBoost,test,77.576048_12.742018,2024-08-01,0.74253094,0.73705006
XGBoost,test,77.58054_12.845324,2024-08-01,0.69887716,0.682285
XGBoost,test,77.58054_13.083377,2024-08-01,0.512046,0.5144302
XGBoost,test,77.58054_13.087869,2024-08-01,0.47330597,0.4830824
XGBoost,test,77.585031_13.042953,2024-08-01,0.69834864,0.68492347
XGBoost,test,77.585031_13.137276,2024-08-01,0.47171575,0.473833
XGBoost,test,77.589523_12.71956,2024-08-01,0.831557,0.82393336
XGBoost,test,77.589523_12.746509,2024-08-01,0.7171926,0.6956678
XGBoost,test,77.589523_13.083377,2024-08-01,0.5974092,0.5992737
XGBoost,test,77.589523_13.150751,2024-08-01,0.46091262,0.47223622
XGBoost,test,77.594015_12.724051,2024-08-01,0.82986176,0.82448995
XGBoost,test,77.594015_12.733034,2024-08-01,0.7969613,0.7919048
XGBoost,test,77.594015_12.755492,2024-08-01,0.6699354,0.66319114
XGBoost,test,77.594015_13.087869,2024-08-01,0.60482717,0.60825914
XGBoost,test,77.598506_12.665661,2024-08-01,0.7931297,0.7728394
XGBoost,test,77.598506_13.083377,2024-08-01,0.5973662,0.5821448
XGBoost,test,77.598506_13.128293,2024-08-01,0.5565566,0.5729705
XGBoost,test,77.598506_13.141768,2024-08-01,0.41573438,0.44189098
XGBoost,test,77.598506_13.146259,2024-08-01,0.39509392,0.42490578
XGBoost,test,77.602998_12.710577,2024-08-01,0.7061608,0.6905387
XGBoost,test,77.602998_13.11931,2024-08-01,0.57837546,0.58301103
XGBoost,test,77.602998_13.128293,2024-08-01,0.5123613,0.5222292
XGBoost,test,77.602998_13.164226,2024-08-01,0.47544625,0.4745028
XGBoost,test,77.607489_12.768967,2024-08-01,0.62260467,0.6140289
XGBoost,test,77.607489_12.773459,2024-08-01,0.59407115,0.5860823
XGBoost,test,77.607489_12.791425,2024-08-01,0.55090624,0.53780067
XGBoost,test,77.607489_13.087869,2024-08-01,0.73089164,0.7378094
XGBoost,test,77.611981_12.674644,2024-08-01,0.80387443,0.7923792
XGBoost,test,77.611981_12.953122,2024-08-01,0.724975,0.73398376
XGBoost,test,77.611981_13.105835,2024-08-01,0.5214669,0.53236485
XGBoost,test,77.611981_13.168717,2024-08-01,0.4308193,0.43364638
XGBoost,test,77.611981_13.182192,2024-08-01,0.36562774,0.3742828
XGBoost,test,77.616473_13.114818,2024-08-01,0.5670684,0.5764598
XGBoost,test,77.616473_13.141768,2024-08-01,0.46128702,0.45783925
XGBoost,test,77.616473_13.1777,2024-08-01,0.3749833,0.39705038
XGBoost,test,77.620964_12.674644,2024-08-01,0.80906147,0.7897413
XGBoost,test,77.620964_12.845324,2024-08-01,0.6609352,0.65320855
XGBoost,test,77.620964_13.132785,2024-08-01,0.55066043,0.5417466
XGBoost,test,77.625456_13.065411,2024-08-01,0.40943965,0.40883416
XGBoost,test,77.625456_13.128293,2024-08-01,0.529539,0.54446
XGBoost,test,77.625456_13.137276,2024-08-01,0.44989634,0.45250422
XGBoost,test,77.625456_13.155243,2024-08-01,0.65116453,0.62755626
XGBoost,test,77.625456_13.182192,2024-08-01,0.45734864,0.45748457
XGBoost,test,77.629947_12.836341,2024-08-01,0.5714467,0.57432383
XGBoost,test,77.629947_12.854307,2024-08-01,0.49287447,0.4883965
XGBoost,test,77.629947_13.06092,2024-08-01,0.42902887,0.4327841
XGBoost,test,77.629947_13.087869,2024-08-01,0.44533288,0.45201856
XGBoost,test,77.629947_13.1777,2024-08-01,0.46940318,0.4596188
XGBoost,test,77.634439_12.679136,2024-08-01,0.7737979,0.7657526
XGBoost,test,77.634439_12.701593,2024-08-01,0.72822547,0.72147673
XGBoost,test,77.634439_12.746509,2024-08-01,0.52287716,0.523955
XGBoost,test,77.634439_12.751001,2024-08-01,0.5141723,0.5222531
XGBoost,test,77.634439_12.849815,2024-08-01,0.5415011,0.5325004
XGBoost,test,77.634439_13.047445,2024-08-01,0.4901734,0.48157105
XGBoost,test,77.634439_13.083377,2024-08-01,0.41134092,0.42468488
XGBoost,test,77.634439_13.137276,2024-08-01,0.41386202,0.4318056
XGBoost,test,77.63893_12.688119,2024-08-01,0.70680267,0.6816906
XGBoost,test,77.63893_12.742018,2024-08-01,0.53587043,0.53504
XGBoost,test,77.63893_12.791425,2024-08-01,0.5339344,0.5355815
XGBoost,test,77.63893_12.800408,2024-08-01,0.47651017,0.47130632
XGBoost,test,77.63893_12.818374,2024-08-01,0.47273254,0.46921584
XGBoost,test,77.63893_12.840832,2024-08-01,0.6235705,0.61957127
XGBoost,test,77.63893_12.872273,2024-08-01,0.41314304,0.41820887
XGBoost,test,77.63893_12.917189,2024-08-01,0.71089697,0.7173648
XGBoost,test,77.63893_12.989054,2024-08-01,0.6452103,0.6586629
XGBoost,test,77.63893_13.056428,2024-08-01,0.5281736,0.5269903
XGBoost,test,77.63893_13.078886,2024-08-01,0.4311598,0.44480538
XGBoost,test,77.63893_13.083377,2024-08-01,0.40230793,0.42544696
XGBoost,test,77.63893_13.1777,2024-08-01,0.45356762,0.45512614
XGBoost,test,77.643422_12.795916,2024-08-01,0.48125857,0.4772998
XGBoost,test,77.643422_12.800408,2024-08-01,0.48322982,0.480615
XGBoost,test,77.643422_12.809391,2024-08-01,0.50610816,0.50837505
XGBoost,test,77.643422_12.867782,2024-08-01,0.4652069,0.46464682
XGBoost,test,77.643422_13.002529,2024-08-01,0.5237413,0.54732114
XGBoost,test,77.643422_13.038462,2024-08-01,0.5208824,0.53101146
XGBoost,test,77.643422_13.164226,2024-08-01,0.5900838,0.5847009
XGBoost,test,77.647914_12.688119,2024-08-01,0.73056895,0.7171963
XGBoost,test,77.647914_12.881256,2024-08-01,0.49011377,0.48725376
XGBoost,test,77.647914_12.935155,2024-08-01,0.65479624,0.6599151
XGBoost,test,77.647914_13.141768,2024-08-01,0.6700238,0.66452605
XGBoost,test,77.647914_13.168717,2024-08-01,0.72331804,0.7241209
XGBoost,test,77.652405_12.697102,2024-08-01,0.68921876,0.6648823
XGBoost,test,77.652405_12.773459,2024-08-01,0.46272266,0.48315904
XGBoost,test,77.652405_12.795916,2024-08-01,0.4348443,0.429901
XGBoost,test,77.652405_12.8049,2024-08-01,0.52223444,0.52977145
XGBoost,test,77.652405_12.858799,2024-08-01,0.70105255,0.69629097
XGBoost,test,77.652405_12.926172,2024-08-01,0.62445015,0.6226134
XGBoost,test,77.652405_13.002529,2024-08-01,0.52583295,0.53077704
XGBoost,test,77.656897_12.742018,2024-08-01,0.5431038,0.5275107
XGBoost,test,77.656897_12.746509,2024-08-01,0.5175509,0.5186044
XGBoost,test,77.656897_12.791425,2024-08-01,0.4544434,0.44795766
XGBoost,test,77.656897_12.800408,2024-08-01,0.5474613,0.54998034
XGBoost,test,77.656897_12.831849,2024-08-01,0.5719109,0.56825125
XGBoost,test,77.656897_12.849815,2024-08-01,0.43089142,0.44014046
XGBoost,test,77.656897_12.939647,2024-08-01,0.53120023,0.54435194
XGBoost,test,77.656897_13.101344,2024-08-01,0.4729932,0.47640777
XGBoost,test,77.656897_13.164226,2024-08-01,0.45030987,0.4621793
XGBoost,test,77.656897_13.173209,2024-08-01,0.3873019,0.42397928
XGBoost,test,77.661388_12.737526,2024-08-01,0.55435455,0.5583825
XGBoost,test,77.661388_12.759984,2024-08-01,0.55619895,0.54872066
XGBoost,test,77.661388_13.056428,2024-08-01,0.4576473,0.4657087
XGBoost,test,77.661388_13.074394,2024-08-01,0.52722067,0.530512
XGBoost,test,77.661388_13.087869,2024-08-01,0.43890908,0.4412689
XGBoost,test,77.661388_13.101344,2024-08-01,0.44911543,0.45957163
XGBoost,test,77.661388_13.110327,2024-08-01,0.52296424,0.5218565
XGBoost,test,77.661388_13.11931,2024-08-01,0.5939135,0.5962788
XGBoost,test,77.66588_12.679136,2024-08-01,0.65914524,0.6245389
XGBoost,test,77.66588_12.697102,2024-08-01,0.61970925,0.61036736
XGBoost,test,77.66588_12.715068,2024-08-01,0.6406982,0.6215637
XGBoost,test,77.66588_12.724051,2024-08-01,0.61606747,0.6023357
XGBoost,test,77.66588_12.751001,2024-08-01,0.5018129,0.49908313
XGBoost,test,77.66588_12.755492,2024-08-01,0.5620506,0.56096673
XGBoost,test,77.66588_12.764475,2024-08-01,0.5487734,0.54881537
XGBoost,test,77.66588_12.768967,2024-08-01,0.7038608,0.69207543
XGBoost,test,77.66588_12.791425,2024-08-01,0.5957302,0.6024779
XGBoost,test,77.66588_12.953122,2024-08-01,0.55643284,0.558279
XGBoost,test,77.66588_13.038462,2024-08-01,0.45760086,0.46380192
XGBoost,test,77.66588_13.051936,2024-08-01,0.49408025,0.5036432
XGBoost,test,77.66588_13.173209,2024-08-01,0.398914,0.4240931
XGBoost,test,77.670371_12.71956,2024-08-01,0.64438146,0.6313662
XGBoost,test,77.670371_12.86329,2024-08-01,0.5170545,0.5167036
XGBoost,test,77.670371_12.881256,2024-08-01,0.4711756,0.469592
XGBoost,test,77.670371_12.894731,2024-08-01,0.42064264,0.42998174
XGBoost,test,77.670371_13.069903,2024-08-01,0.40765682,0.43371153
XGBoost,test,77.670371_13.083377,2024-08-01,0.3837739,0.39279416
XGBoost,test,77.670371_13.092361,2024-08-01,0.40081182,0.3999828
XGBoost,test,77.670371_13.128293,2024-08-01,0.5016795,0.5107248
XGBoost,test,77.674863_12.674644,2024-08-01,0.72579515,0.7078072
XGBoost,test,77.674863_12.755492,2024-08-01,0.49663347,0.5015636
XGBoost,test,77.674863_12.764475,2024-08-01,0.5005566,0.50411457
XGBoost,test,77.674863_12.786933,2024-08-01,0.5101448,0.5108609
XGBoost,test,77.674863_12.836341,2024-08-01,0.5172102,0.51977265
XGBoost,test,77.674863_12.867782,2024-08-01,0.7681983,0.76552945
XGBoost,test,77.674863_13.051936,2024-08-01,0.5135139,0.5135256
XGBoost,test,77.674863_13.069903,2024-08-01,0.37703294,0.39238378
XGBoost,test,77.674863_13.092361,2024-08-01,0.447451,0.44759244
XGBoost,test,77.674863_13.105835,2024-08-01,0.49927732,0.49592668
XGBoost,test,77.679355_12.697102,2024-08-01,0.521007,0.5135124
XGBoost,test,77.679355_12.746509,2024-08-01,0.66970325,0.6738388
XGBoost,test,77.679355_12.881256,2024-08-01,0.49022257,0.47854328
XGBoost,test,77.679355_12.89024,2024-08-01,0.5075174,0.5130774
XGBoost,test,77.679355_12.899223,2024-08-01,0.40731505,0.4127245
XGBoost,test,77.679355_13.047445,2024-08-01,0.7546685,0.7563816
XGBoost,test,77.679355_13.056428,2024-08-01,0.4708157,0.46832094
XGBoost,test,77.679355_13.074394,2024-08-01,0.4377275,0.4495062
XGBoost,test,77.679355_13.101344,2024-08-01,0.45324126,0.4620791
XGBoost,test,77.679355_13.141768,2024-08-01,0.4963412,0.5064849
XGBoost,test,77.679355_13.155243,2024-08-01,0.40645626,0.42467186
XGBoost,test,77.679355_13.159734,2024-08-01,0.44371888,0.44864646
XGBoost,test,77.683846_12.742018,2024-08-01,0.4986225,0.49709237
XGBoost,test,77.683846_12.8049,2024-08-01,0.49025264,0.48368245
XGBoost,test,77.683846_12.840832,2024-08-01,0.5920419,0.5950572
XGBoost,test,77.683846_12.894731,2024-08-01,0.50999105,0.509131
XGBoost,test,77.683846_12.917189,2024-08-01,0.4067524,0.42459235
XGBoost,test,77.683846_12.939647,2024-08-01,0.6967396,0.6917798
XGBoost,test,77.683846_13.029478,2024-08-01,0.34627485,0.3634015
XGBoost,test,77.683846_13.06092,2024-08-01,0.45169437,0.46501815
XGBoost,test,77.683846_13.074394,2024-08-01,0.39255574,0.41005868
XGBoost,test,77.683846_13.11931,2024-08-01,0.36836508,0.37914023
XGBoost,test,77.683846_13.123802,2024-08-01,0.43642423,0.45150378
XGBoost,test,77.688338_12.656678,2024-08-01,0.71702003,0.7008561
XGBoost,test,77.688338_12.69261,2024-08-01,0.79907787,0.78720045
XGBoost,test,77.688338_12.697102,2024-08-01,0.8085953,0.81152123
XGBoost,test,77.688338_12.710577,2024-08-01,0.8026755,0.80320233
XGBoost,test,77.688338_12.876765,2024-08-01,0.76401275,0.7757801
XGBoost,test,77.688338_12.885748,2024-08-01,0.49199572,0.49729806
XGBoost,test,77.688338_12.966596,2024-08-01,0.56536573,0.5738528
XGBoost,test,77.692829_12.800408,2024-08-01,0.45600703,0.45272678
XGBoost,test,77.692829_12.845324,2024-08-01,0.62282914,0.6213646
XGBoost,test,77.692829_12.885748,2024-08-01,0.5380292,0.5324238
XGBoost,test,77.692829_12.899223,2024-08-01,0.4549432,0.46069476
XGBoost,test,77.692829_13.047445,2024-08-01,0.748884,0.7539014
XGBoost,test,77.692829_13.06092,2024-08-01,0.5844861,0.5775489
XGBoost,test,77.692829_13.065411,2024-08-01,0.55316883,0.54746974
XGBoost,test,77.692829_13.083377,2024-08-01,0.39439484,0.41123962
XGBoost,test,77.692829_13.096852,2024-08-01,0.40754732,0.41110414
XGBoost,test,77.692829_13.132785,2024-08-01,0.3910621,0.4051342
XGBoost,test,77.692829_13.155243,2024-08-01,0.3968322,0.40060675
XGBoost,test,77.697321_12.697102,2024-08-01,0.8164707,0.79846513
XGBoost,test,77.697321_12.773459,2024-08-01,0.4660214,0.46040767
XGBoost,test,77.697321_12.791425,2024-08-01,0.556708,0.5604456
XGBoost,test,77.697321_12.885748,2024-08-01,0.5385962,0.53210706
XGBoost,test,77.697321_12.894731,2024-08-01,0.47101757,0.4761274
XGBoost,test,77.697321_12.930664,2024-08-01,0.48858193,0.48652935
XGBoost,test,77.697321_12.966596,2024-08-01,0.53302133,0.5315432
XGBoost,test,77.697321_13.132785,2024-08-01,0.39837253,0.4207906
XGBoost,test,77.697321_13.150751,2024-08-01,0.44474787,0.44866082
XGBoost,test,77.697321_13.1777,2024-08-01,0.5660335,0.5735329
XGBoost,test,77.701812_12.77795,2024-08-01,0.46845275,0.4602938
XGBoost,test,77.701812_12.8049,2024-08-01,0.5499163,0.5454786
XGBoost,test,77.701812_12.822866,2024-08-01,0.5104624,0.5221606
XGBoost,test,77.701812_12.872273,2024-08-01,0.43953586,0.4396579
XGBoost,test,77.701812_12.984563,2024-08-01,0.47262764,0.47492236
XGBoost,test,77.701812_13.03397,2024-08-01,0.4217175,0.43777812
XGBoost,test,77.701812_13.114818,2024-08-01,0.48808858,0.49615744
XGBoost,test,77.706304_12.984563,2024-08-01,0.47375432,0.4749478
XGBoost,test,77.706304_13.038462,2024-08-01,0.42371097,0.43766835
XGBoost,test,77.706304_13.042953,2024-08-01,0.4882946,0.49899173
XGBoost,test,77.706304_13.137276,2024-08-01,0.7456065,0.75533366
XGBoost,test,77.710796_12.715068,2024-08-01,0.6150689,0.60931706
XGBoost,test,77.710796_12.894731,2024-08-01,0.575972,0.57771075
XGBoost,test,77.710796_12.899223,2024-08-01,0.506206,0.50382745
XGBoost,test,77.710796_12.912697,2024-08-01,0.42603615,0.4354302
XGBoost,test,77.710796_13.03397,2024-08-01,0.43945387,0.45587024
XGBoost,test,77.710796_13.11931,2024-08-01,0.429272,0.43979782
XGBoost,test,77.710796_13.123802,2024-08-01,0.39593145,0.41364676
XGBoost,test,77.710796_13.132785,2024-08-01,0.46324712,0.47154373
XGBoost,test,77.710796_13.150751,2024-08-01,0.38941804,0.3990986
XGBoost,test,77.710796_13.168717,2024-08-01,0.50456053,0.50202316
XGBoost,test,77.710796_13.173209,2024-08-01,0.4939998,0.5023301
XGBoost,test,77.715287_12.822866,2024-08-01,0.49602026,0.50959903
XGBoost,test,77.715287_12.827358,2024-08-01,0.4520458,0.45509827
XGBoost,test,77.715287_12.845324,2024-08-01,0.4011548,0.40583584
XGBoost,test,77.715287_12.885748,2024-08-01,0.54851997,0.5423214
XGBoost,test,77.715287_12.899223,2024-08-01,0.4082605,0.41843134
XGBoost,test,77.715287_12.939647,2024-08-01,0.68183386,0.68481547
XGBoost,test,77.715287_12.944139,2024-08-01,0.72587895,0.723666
XGBoost,test,77.715287_12.94863,2024-08-01,0.59024334,0.5913979
XGBoost,test,77.715287_13.016004,2024-08-01,0.5191037,0.5249502
XGBoost,test,77.715287_13.029478,2024-08-01,0.37906706,0.37708902
XGBoost,test,77.715287_13.038462,2024-08-01,0.504235,0.5065945
XGBoost,test,77.715287_13.051936,2024-08-01,0.5101142,0.51076895
XGBoost,test,77.715287_13.056428,2024-08-01,0.41830865,0.4247551
XGBoost,test,77.715287_13.096852,2024-08-01,0.3368161,0.35809258
XGBoost,test,77.715287_13.114818,2024-08-01,0.5125501,0.51118976
XGBoost,test,77.715287_13.128293,2024-08-01,0.46398568,0.4707373
XGBoost,test,77.719779_12.706085,2024-08-01,0.6279566,0.6205942
XGBoost,test,77.719779_12.795916,2024-08-01,0.47137707,0.4707098
XGBoost,test,77.719779_12.840832,2024-08-01,0.5163635,0.51651525
XGBoost,test,77.719779_12.903714,2024-08-01,0.41065726,0.42598736
XGBoost,test,77.719779_13.069903,2024-08-01,0.40319082,0.42215762
XGBoost,test,77.719779_13.105835,2024-08-01,0.43340755,0.4505857
XGBoost,test,77.719779_13.123802,2024-08-01,0.4160183,0.43724662
XGBoost,test,77.719779_13.137276,2024-08-01,0.43885672,0.45268863
XGBoost,test,77.719779_13.155243,2024-08-01,0.41311747,0.43276376
XGBoost,test,77.72427_12.674644,2024-08-01,0.5364425,0.5296205
XGBoost,test,77.72427_12.697102,2024-08-01,0.4887397,0.48429123
XGBoost,test,77.72427_12.701593,2024-08-01,0.5226074,0.51904577
XGBoost,test,77.72427_12.786933,2024-08-01,0.48152626,0.47125927
XGBoost,test,77.72427_12.791425,2024-08-01,0.48914373,0.4808591
XGBoost,test,77.72427_12.840832,2024-08-01,0.49309954,0.48793703
XGBoost,test,77.72427_12.867782,2024-08-01,0.43146324,0.43824232
XGBoost,test,77.72427_12.885748,2024-08-01,0.47295925,0.4722108
XGBoost,test,77.72427_13.024987,2024-08-01,0.78529,0.78278625
XGBoost,test,77.72427_13.06092,2024-08-01,0.4161416,0.4281573
XGBoost,test,77.72427_13.074394,2024-08-01,0.4417011,0.45754024
XGBoost,test,77.728762_12.706085,2024-08-01,0.6353113,0.6119826
XGBoost,test,77.728762_12.724051,2024-08-01,0.63821286,0.6223449
XGBoost,test,77.728762_12.858799,2024-08-01,0.53289896,0.5355655
XGBoost,test,77.728762_12.876765,2024-08-01,0.5374888,0.5383852
XGBoost,test,77.728762_12.885748,2024-08-01,0.46555635,0.46611467
XGBoost,test,77.728762_13.016004,2024-08-01,0.77192706,0.7708577
XGBoost,test,77.728762_13.047445,2024-08-01,0.4645076,0.48822513
XGBoost,test,77.728762_13.087869,2024-08-01,0.49786025,0.48637548
XGBoost,test,77.728762_13.092361,2024-08-01,0.44332615,0.45862058
XGBoost,test,77.733253_12.795916,2024-08-01,0.47198027,0.47191164
XGBoost,test,77.733253_12.86329,2024-08-01,0.557144,0.55315256
XGBoost,test,77.733253_12.872273,2024-08-01,0.55129546,0.5469858
XGBoost,test,77.733253_12.998037,2024-08-01,0.609042,0.61649
XGBoost,test,77.733253_13.056428,2024-08-01,0.37646836,0.3780381
XGBoost,test,77.737745_12.791425,2024-08-01,0.47352347,0.46848127
XGBoost,test,77.737745_12.858799,2024-08-01,0.4857489,0.48002476
XGBoost,test,77.737745_12.872273,2024-08-01,0.54009134,0.5355445
XGBoost,test,77.737745_12.881256,2024-08-01,0.57040393,0.5707339
XGBoost,test,77.737745_13.051936,2024-08-01,0.38658366,0.3915038
XGBoost,test,77.737745_13.06092,2024-08-01,0.41938487,0.4328188
XGBoost,test,77.737745_13.078886,2024-08-01,0.45363048,0.45815352
XGBoost,test,77.737745_13.101344,2024-08-01,0.37047824,0.38808578
XGBoost,test,77.742237_12.697102,2024-08-01,0.6500951,0.6348391
XGBoost,test,77.742237_12.795916,2024-08-01,0.45273438,0.46323815
XGBoost,test,77.742237_12.8049,2024-08-01,0.48959303,0.47910345
XGBoost,test,77.742237_12.86329,2024-08-01,0.40740734,0.42631388
XGBoost,test,77.742237_12.867782,2024-08-01,0.5430793,0.54230404
XGBoost,test,77.742237_12.89024,2024-08-01,0.5511888,0.550918
XGBoost,test,77.742237_12.899223,2024-08-01,0.5410833,0.5413341
XGBoost,test,77.742237_12.921681,2024-08-01,0.44918928,0.46723294
XGBoost,test,77.742237_12.980071,2024-08-01,0.51826787,0.51806736
XGBoost,test,77.742237_13.038462,2024-08-01,0.39657944,0.40899235
XGBoost,test,77.742237_13.074394,2024-08-01,0.37138215,0.37458876
XGBoost,test,77.742237_13.078886,2024-08-01,0.44784412,0.45804292
XGBoost,test,77.742237_13.101344,2024-08-01,0.4046766,0.4309562
XGBoost,test,77.746728_12.97558,2024-08-01,0.53729093,0.5452239
XGBoost,test,77.746728_12.984563,2024-08-01,0.5207706,0.5242889
XGBoost,test,77.746728_13.020495,2024-08-01,0.5916665,0.60878605
XGBoost,test,77.746728_13.024987,2024-08-01,0.49132937,0.48873705
XGBoost,test,77.746728_13.038462,2024-08-01,0.4003842,0.42243168
XGBoost,test,77.746728_13.06092,2024-08-01,0.34767792,0.3651461
XGBoost,test,77.746728_13.083377,2024-08-01,0.4720579,0.47009096
XGBoost,test,77.746728_13.092361,2024-08-01,0.4252723,0.44689757
XGBoost,test,77.75122_12.768967,2024-08-01,0.43697608,0.44294482
XGBoost,test,77.75122_12.894731,2024-08-01,0.46220607,0.45473003
XGBoost,test,77.75122_12.993546,2024-08-01,0.45011127,0.46097162
XGBoost,test,77.75122_13.020495,2024-08-01,0.516002,0.5203798
XGBoost,test,77.75122_13.03397,2024-08-01,0.43391764,0.44991043
XGBoost,test,77.75122_13.038462,2024-08-01,0.36182237,0.38013458
XGBoost,test,77.755711_12.706085,2024-08-01,0.55916876,0.5561576
XGBoost,test,77.755711_12.764475,2024-08-01,0.7899001,0.78186035
XGBoost,test,77.755711_12.831849,2024-08-01,0.42391175,0.4343018
XGBoost,test,77.755711_12.858799,2024-08-01,0.49833125,0.49244398
XGBoost,test,77.755711_12.903714,2024-08-01,0.45474756,0.46235982
XGBoost,test,77.755711_12.926172,2024-08-01,0.4975487,0.5016827
XGBoost,test,77.760203_12.795916,2024-08-01,0.4322995,0.4266808
XGBoost,test,77.760203_12.818374,2024-08-01,0.561102,0.56162596
XGBoost,test,77.760203_12.867782,2024-08-01,0.434176,0.4427274
XGBoost,test,77.760203_12.872273,2024-08-01,0.45904183,0.46326166
XGBoost,test,77.760203_12.876765,2024-08-01,0.43296817,0.43802124
XGBoost,test,77.760203_12.885748,2024-08-01,0.45535573,0.46954235
XGBoost,test,77.760203_12.984563,2024-08-01,0.50972277,0.52006465
XGBoost,test,77.764695_12.813883,2024-08-01,0.4984925,0.5103043
XGBoost,test,77.764695_12.849815,2024-08-01,0.4700494,0.46887147
XGBoost,test,77.764695_12.885748,2024-08-01,0.47521833,0.48118603
XGBoost,test,77.764695_12.912697,2024-08-01,0.4917708,0.4969218
XGBoost,test,77.764695_13.03397,2024-08-01,0.36777392,0.37616134
XGBoost,test,77.769186_12.876765,2024-08-01,0.4951641,0.49266776
XGBoost,test,77.769186_12.894731,2024-08-01,0.4617474,0.4622935
XGBoost,test,77.769186_13.016004,2024-08-01,0.43345585,0.45245486
XGBoost,test,77.773678_12.858799,2024-08-01,0.44335508,0.44904286
XGBoost,test,77.773678_12.885748,2024-08-01,0.46420065,0.47236446
XGBoost,test,77.773678_12.899223,2024-08-01,0.42291644,0.43209904
XGBoost,test,77.773678_12.908206,2024-08-01,0.47260505,0.47690994
XGBoost,test,77.778169_12.809391,2024-08-01,0.43081757,0.43635535
XGBoost,test,77.778169_12.885748,2024-08-01,0.48488128,0.48569968
XGBoost,test,77.782661_12.89024,2024-08-01,0.47446358,0.47746816
XGBoost,test,77.787152_12.849815,2024-08-01,0.45212802,0.45491672
XGBoost,test,77.791644_12.8049,2024-08-01,0.46879372,0.471489
XGBoost,test,77.791644_12.899223,2024-08-01,0.43232557,0.441977
XGBoost,test,77.796136_12.854307,2024-08-01,0.43466645,0.4279241
XGBoost,test,77.796136_12.885748,2024-08-01,0.48234826,0.48945
XGBoost,test,77.800627_12.876765,2024-08-01,0.49397987,0.49331003
XGBoost,test,77.800627_12.885748,2024-08-01,0.44162992,0.45567074
XGBoost,test,77.805119_12.876765,2024-08-01,0.5051932,0.5053292
XGBoost,test,77.805119_12.89024,2024-08-01,0.47045273,0.4704128
XGBoost,test,77.329012_12.944139,2024-09-01,0.4765203,0.46409053
XGBoost,test,77.329012_12.962105,2024-09-01,0.7374009,0.7188334
XGBoost,test,77.337995_12.921681,2024-09-01,0.6905771,0.6643773
XGBoost,test,77.342486_12.926172,2024-09-01,0.7531625,0.7218799
XGBoost,test,77.342486_12.935155,2024-09-01,0.7826244,0.74546975
XGBoost,test,77.342486_12.944139,2024-09-01,0.72418416,0.6972814
XGBoost,test,77.346978_12.86329,2024-09-01,0.5725343,0.5802944
XGBoost,test,77.346978_12.962105,2024-09-01,0.52666265,0.53216344
XGBoost,test,77.351469_12.89024,2024-09-01,0.5710889,0.56415474
XGBoost,test,77.351469_12.930664,2024-09-01,0.7565117,0.7437619
XGBoost,test,77.351469_12.939647,2024-09-01,0.75979984,0.74278384
XGBoost,test,77.355961_12.899223,2024-09-01,0.5700682,0.55973446
XGBoost,test,77.355961_12.94863,2024-09-01,0.47935423,0.45099637
XGBoost,test,77.355961_12.962105,2024-09-01,0.7737729,0.7469413
XGBoost,test,77.360453_12.867782,2024-09-01,0.41112778,0.42611933
XGBoost,test,77.360453_12.908206,2024-09-01,0.5773057,0.57676965
XGBoost,test,77.360453_12.926172,2024-09-01,0.75704753,0.74524134
XGBoost,test,77.364944_12.854307,2024-09-01,0.44603306,0.45423827
XGBoost,test,77.364944_12.962105,2024-09-01,0.4531214,0.4408645
XGBoost,test,77.369436_12.881256,2024-09-01,0.4579891,0.4571472
XGBoost,test,77.369436_12.89024,2024-09-01,0.43829754,0.45356488
XGBoost,test,77.369436_12.935155,2024-09-01,0.41094851,0.39024934
XGBoost,test,77.369436_12.998037,2024-09-01,0.4076375,0.41989914
XGBoost,test,77.369436_13.007021,2024-09-01,0.50052464,0.48466653
XGBoost,test,77.373927_12.912697,2024-09-01,0.5779058,0.5761807
XGBoost,test,77.373927_12.971088,2024-09-01,0.44851196,0.45188746
XGBoost,test,77.373927_13.011512,2024-09-01,0.4566683,0.44180623
XGBoost,test,77.373927_13.016004,2024-09-01,0.4575822,0.44062468
XGBoost,test,77.378419_12.966596,2024-09-01,0.45408323,0.4467845
XGBoost,test,77.382911_12.894731,2024-09-01,0.49989954,0.5089154
XGBoost,test,77.382911_12.953122,2024-09-01,0.43300956,0.4427577
XGBoost,test,77.382911_12.957613,2024-09-01,0.44545025,0.4445869
XGBoost,test,77.387402_12.962105,2024-09-01,0.40623537,0.42552108
XGBoost,test,77.387402_12.97558,2024-09-01,0.4880073,0.46825215
XGBoost,test,77.387402_12.980071,2024-09-01,0.48276544,0.46546763
XGBoost,test,77.391894_12.867782,2024-09-01,0.5137524,0.5253036
XGBoost,test,77.391894_12.881256,2024-09-01,0.46831286,0.4724255
XGBoost,test,77.391894_12.885748,2024-09-01,0.51092017,0.51678425
XGBoost,test,77.396385_12.894731,2024-09-01,0.5035293,0.5139347
XGBoost,test,77.396385_12.908206,2024-09-01,0.4401798,0.4482809
XGBoost,test,77.396385_12.944139,2024-09-01,0.49514836,0.48958668
XGBoost,test,77.396385_12.971088,2024-09-01,0.42113727,0.42508602
XGBoost,test,77.396385_12.97558,2024-09-01,0.4017461,0.38768005
XGBoost,test,77.396385_13.029478,2024-09-01,0.38639784,0.37754205
XGBoost,test,77.400877_12.957613,2024-09-01,0.43468165,0.4352999
XGBoost,test,77.400877_12.966596,2024-09-01,0.37088698,0.38353342
XGBoost,test,77.400877_13.029478,2024-09-01,0.36353818,0.36354092
XGBoost,test,77.405368_12.881256,2024-09-01,0.412394,0.41277018
XGBoost,test,77.405368_12.89024,2024-09-01,0.41245738,0.40694374
XGBoost,test,77.405368_12.930664,2024-09-01,0.53592974,0.5378651
XGBoost,test,77.405368_12.998037,2024-09-01,0.43969142,0.4435449
XGBoost,test,77.405368_13.105835,2024-09-01,0.42141494,0.4093496
XGBoost,test,77.405368_13.11931,2024-09-01,0.3943532,0.3879984
XGBoost,test,77.40986_12.872273,2024-09-01,0.39172837,0.37367505
XGBoost,test,77.40986_12.881256,2024-09-01,0.35110196,0.3665263
XGBoost,test,77.40986_12.962105,2024-09-01,0.467694,0.4644922
XGBoost,test,77.414352_12.930664,2024-09-01,0.4747503,0.46373397
XGBoost,test,77.414352_12.989054,2024-09-01,0.3738378,0.38502586
XGBoost,test,77.414352_12.993546,2024-09-01,0.40460086,0.41753623
XGBoost,test,77.414352_13.03397,2024-09-01,0.39360034,0.39529014
XGBoost,test,77.414352_13.11931,2024-09-01,0.3945066,0.4091987
XGBoost,test,77.418843_12.876765,2024-09-01,0.3814352,0.38314456
XGBoost,test,77.418843_12.89024,2024-09-01,0.41700253,0.42942688
XGBoost,test,77.418843_12.94863,2024-09-01,0.45644817,0.4468626
XGBoost,test,77.418843_12.971088,2024-09-01,0.39491197,0.405613
XGBoost,test,77.418843_12.993546,2024-09-01,0.42453262,0.4261982
XGBoost,test,77.418843_13.016004,2024-09-01,0.39380127,0.38835344
XGBoost,test,77.418843_13.024987,2024-09-01,0.4076209,0.40430927
XGBoost,test,77.418843_13.029478,2024-09-01,0.41905963,0.40577593
XGBoost,test,77.418843_13.146259,2024-09-01,0.3489685,0.37232807
XGBoost,test,77.423335_12.876765,2024-09-01,0.41568118,0.42528352
XGBoost,test,77.423335_12.921681,2024-09-01,0.45359528,0.44789696
XGBoost,test,77.423335_12.930664,2024-09-01,0.45086092,0.44720855
XGBoost,test,77.423335_13.002529,2024-09-01,0.5114132,0.50445765
XGBoost,test,77.423335_13.092361,2024-09-01,0.3428014,0.3653637
XGBoost,test,77.423335_13.141768,2024-09-01,0.4358001,0.44393158
XGBoost,test,77.423335_13.150751,2024-09-01,0.34716126,0.37562725
XGBoost,test,77.427826_12.845324,2024-09-01,0.3351206,0.35834214
XGBoost,test,77.427826_12.858799,2024-09-01,0.38062674,0.37493107
XGBoost,test,77.427826_12.930664,2024-09-01,0.4533433,0.4499282
XGBoost,test,77.427826_12.939647,2024-09-01,0.38215804,0.37719873
XGBoost,test,77.427826_12.944139,2024-09-01,0.37630117,0.37802538
XGBoost,test,77.427826_13.020495,2024-09-01,0.38290817,0.38786694
XGBoost,test,77.427826_13.024987,2024-09-01,0.40319532,0.41180938
XGBoost,test,77.427826_13.132785,2024-09-01,0.50539684,0.5168209
XGBoost,test,77.432318_12.858799,2024-09-01,0.4002212,0.3868781
XGBoost,test,77.432318_12.86329,2024-09-01,0.39923328,0.3893247
XGBoost,test,77.432318_12.867782,2024-09-01,0.41555893,0.40755355
XGBoost,test,77.432318_12.881256,2024-09-01,0.44326746,0.45355958
XGBoost,test,77.432318_12.885748,2024-09-01,0.5609973,0.54256207
XGBoost,test,77.432318_12.957613,2024-09-01,0.40048447,0.42790088
XGBoost,test,77.432318_12.998037,2024-09-01,0.36931458,0.3781895
XGBoost,test,77.432318_13.087869,2024-09-01,0.4583564,0.45289716
XGBoost,test,77.436809_12.818374,2024-09-01,0.5497023,0.5178246
XGBoost,test,77.436809_12.840832,2024-09-01,0.45607424,0.47231036
XGBoost,test,77.436809_12.854307,2024-09-01,0.41053146,0.3940983
XGBoost,test,77.436809_12.912697,2024-09-01,0.5500233,0.540815
XGBoost,test,77.436809_12.926172,2024-09-01,0.46123293,0.44711447
XGBoost,test,77.436809_12.944139,2024-09-01,0.40146127,0.4061949
XGBoost,test,77.436809_13.03397,2024-09-01,0.40035102,0.4027468
XGBoost,test,77.441301_12.818374,2024-09-01,0.5407908,0.5324111
XGBoost,test,77.441301_12.831849,2024-09-01,0.45184848,0.4520292
XGBoost,test,77.441301_12.836341,2024-09-01,0.47676396,0.47880197
XGBoost,test,77.441301_12.840832,2024-09-01,0.4603361,0.4689501
XGBoost,test,77.441301_12.944139,2024-09-01,0.47393125,0.47229782
XGBoost,test,77.441301_12.94863,2024-09-01,0.43929175,0.4481963
XGBoost,test,77.441301_13.056428,2024-09-01,0.38072103,0.3935824
XGBoost,test,77.441301_13.069903,2024-09-01,0.41135895,0.42295337
XGBoost,test,77.441301_13.083377,2024-09-01,0.46098876,0.45455158
XGBoost,test,77.441301_13.110327,2024-09-01,0.41201952,0.43548706
XGBoost,test,77.445793_12.840832,2024-09-01,0.5356093,0.52203053
XGBoost,test,77.445793_12.86329,2024-09-01,0.57517755,0.5572224
XGBoost,test,77.445793_12.867782,2024-09-01,0.55707294,0.5410469
XGBoost,test,77.445793_12.912697,2024-09-01,0.4286245,0.44400343
XGBoost,test,77.445793_12.957613,2024-09-01,0.4689435,0.48088494
XGBoost,test,77.445793_12.984563,2024-09-01,0.43848917,0.45104417
XGBoost,test,77.450284_12.809391,2024-09-01,0.480788,0.4825389
XGBoost,test,77.450284_12.872273,2024-09-01,0.52219313,0.5259546
XGBoost,test,77.450284_12.993546,2024-09-01,0.336807,0.37299013
XGBoost,test,77.450284_13.029478,2024-09-01,0.42906678,0.44128984
XGBoost,test,77.450284_13.047445,2024-09-01,0.40762264,0.4296974
XGBoost,test,77.450284_13.146259,2024-09-01,0.5316035,0.5280437
XGBoost,test,77.454776_12.809391,2024-09-01,0.47132188,0.4634467
XGBoost,test,77.454776_12.885748,2024-09-01,0.48492903,0.49665195
XGBoost,test,77.454776_12.980071,2024-09-01,0.38107777,0.38073915
XGBoost,test,77.454776_12.993546,2024-09-01,0.38179085,0.38366556
XGBoost,test,77.454776_13.078886,2024-09-01,0.41824228,0.4335058
XGBoost,test,77.454776_13.087869,2024-09-01,0.3991539,0.3994853
XGBoost,test,77.454776_13.114818,2024-09-01,0.5082952,0.5128402
XGBoost,test,77.454776_13.141768,2024-09-01,0.514756,0.5199008
XGBoost,test,77.459267_12.8049,2024-09-01,0.61465585,0.5938197
XGBoost,test,77.459267_12.822866,2024-09-01,0.49052313,0.49971744
XGBoost,test,77.459267_12.845324,2024-09-01,0.5073009,0.51587725
XGBoost,test,77.459267_12.926172,2024-09-01,0.4641015,0.45976344
XGBoost,test,77.459267_12.97558,2024-09-01,0.38564694,0.39630207
XGBoost,test,77.459267_13.016004,2024-09-01,0.3905031,0.38673547
XGBoost,test,77.459267_13.020495,2024-09-01,0.365322,0.37825906
XGBoost,test,77.459267_13.11931,2024-09-01,0.46322122,0.4540995
XGBoost,test,77.463759_12.813883,2024-09-01,0.4586885,0.47087073
XGBoost,test,77.463759_12.836341,2024-09-01,0.5161388,0.5135484
XGBoost,test,77.463759_12.86329,2024-09-01,0.54496276,0.5362072
XGBoost,test,77.463759_12.867782,2024-09-01,0.518475,0.53348696
XGBoost,test,77.463759_12.872273,2024-09-01,0.47539055,0.5040399
XGBoost,test,77.463759_12.885748,2024-09-01,0.58039576,0.56921834
XGBoost,test,77.463759_12.894731,2024-09-01,0.46757656,0.47422582
XGBoost,test,77.463759_12.899223,2024-09-01,0.4907972,0.5097078
XGBoost,test,77.463759_12.917189,2024-09-01,0.4168845,0.42894766
XGBoost,test,77.463759_12.953122,2024-09-01,0.74409425,0.74317664
XGBoost,test,77.463759_13.078886,2024-09-01,0.5275798,0.5234598
XGBoost,test,77.46825_12.827358,2024-09-01,0.41803935,0.42319423
XGBoost,test,77.46825_12.836341,2024-09-01,0.54112726,0.52013576
XGBoost,test,77.46825_12.894731,2024-09-01,0.4325522,0.45284083
XGBoost,test,77.46825_12.94863,2024-09-01,0.50635767,0.51772594
XGBoost,test,77.46825_12.953122,2024-09-01,0.4281338,0.44719303
XGBoost,test,77.46825_12.966596,2024-09-01,0.44332698,0.45651105
XGBoost,test,77.46825_13.007021,2024-09-01,0.36766738,0.38109475
XGBoost,test,77.46825_13.020495,2024-09-01,0.45273694,0.45941463
XGBoost,test,77.46825_13.114818,2024-09-01,0.48717108,0.5072647
XGBoost,test,77.46825_13.150751,2024-09-01,0.41012865,0.39960772
XGBoost,test,77.46825_13.1777,2024-09-01,0.4667883,0.46594152
XGBoost,test,77.472742_12.746509,2024-09-01,0.5684295,0.56809366
XGBoost,test,77.472742_12.751001,2024-09-01,0.5217083,0.5385675
XGBoost,test,77.472742_12.755492,2024-09-01,0.5405493,0.540213
XGBoost,test,77.472742_12.795916,2024-09-01,0.5129055,0.5160473
XGBoost,test,77.472742_12.836341,2024-09-01,0.5116571,0.5034812
XGBoost,test,77.472742_12.984563,2024-09-01,0.42480755,0.4456267
XGBoost,test,77.472742_13.087869,2024-09-01,0.45029882,0.44721135
XGBoost,test,77.477234_12.764475,2024-09-01,0.52373403,0.52914894
XGBoost,test,77.477234_12.782442,2024-09-01,0.48947266,0.49399674
XGBoost,test,77.477234_12.840832,2024-09-01,0.51577073,0.520389
XGBoost,test,77.477234_12.899223,2024-09-01,0.4129665,0.42710552
XGBoost,test,77.477234_12.935155,2024-09-01,0.56847477,0.5623603
XGBoost,test,77.477234_12.94863,2024-09-01,0.4923961,0.50935185
XGBoost,test,77.477234_12.971088,2024-09-01,0.49201864,0.5131892
XGBoost,test,77.477234_13.002529,2024-09-01,0.36951524,0.38586032
XGBoost,test,77.477234_13.056428,2024-09-01,0.42592362,0.44752824
XGBoost,test,77.481725_12.737526,2024-09-01,0.51332617,0.5261534
XGBoost,test,77.481725_12.768967,2024-09-01,0.53761494,0.5355834
XGBoost,test,77.481725_12.831849,2024-09-01,0.45045158,0.45780325
XGBoost,test,77.481725_12.89024,2024-09-01,0.5199587,0.52986073
XGBoost,test,77.481725_12.894731,2024-09-01,0.46796736,0.48642153
XGBoost,test,77.481725_12.971088,2024-09-01,0.39747283,0.41826552
XGBoost,test,77.481725_13.024987,2024-09-01,0.44712213,0.45923164
XGBoost,test,77.481725_13.137276,2024-09-01,0.7398145,0.74119925
XGBoost,test,77.486217_12.764475,2024-09-01,0.51174307,0.5173783
XGBoost,test,77.486217_12.872273,2024-09-01,0.4826468,0.48399243
XGBoost,test,77.486217_12.939647,2024-09-01,0.49595687,0.5104083
XGBoost,test,77.486217_12.998037,2024-09-01,0.41525105,0.44602644
XGBoost,test,77.486217_13.042953,2024-09-01,0.5058629,0.53177494
XGBoost,test,77.486217_13.06092,2024-09-01,0.5290195,0.53365165
XGBoost,test,77.486217_13.114818,2024-09-01,0.486333,0.49547353
XGBoost,test,77.486217_13.11931,2024-09-01,0.5012091,0.5071057
XGBoost,test,77.490708_12.768967,2024-09-01,0.50327784,0.51540875
XGBoost,test,77.490708_12.8049,2024-09-01,0.51759636,0.5404366
XGBoost,test,77.490708_12.849815,2024-09-01,0.50843805,0.5123708
XGBoost,test,77.490708_12.89024,2024-09-01,0.47738296,0.48085633
XGBoost,test,77.490708_13.051936,2024-09-01,0.5982775,0.5965501
XGBoost,test,77.490708_13.087869,2024-09-01,0.53391767,0.5376129
XGBoost,test,77.490708_13.182192,2024-09-01,0.46846378,0.45373192
XGBoost,test,77.490708_13.209142,2024-09-01,0.40885937,0.4254729
XGBoost,test,77.4952_12.786933,2024-09-01,0.46417132,0.47301167
XGBoost,test,77.4952_12.836341,2024-09-01,0.4731647,0.49075967
XGBoost,test,77.4952_12.899223,2024-09-01,0.5420581,0.53682494
XGBoost,test,77.4952_12.962105,2024-09-01,0.53981227,0.5446171
XGBoost,test,77.4952_13.020495,2024-09-01,0.48523632,0.5098468
XGBoost,test,77.4952_13.024987,2024-09-01,0.5018964,0.5256947
XGBoost,test,77.4952_13.03397,2024-09-01,0.5734056,0.576815
XGBoost,test,77.4952_13.087869,2024-09-01,0.47328645,0.49727693
XGBoost,test,77.4952_13.182192,2024-09-01,0.4665857,0.46955585
XGBoost,test,77.499692_12.755492,2024-09-01,0.59252363,0.5893458
XGBoost,test,77.499692_12.858799,2024-09-01,0.6336018,0.60102046
XGBoost,test,77.499692_12.899223,2024-09-01,0.5204621,0.5100965
XGBoost,test,77.499692_12.984563,2024-09-01,0.5083228,0.5166845
XGBoost,test,77.499692_13.114818,2024-09-01,0.50763065,0.5268117
XGBoost,test,77.499692_13.137276,2024-09-01,0.45447764,0.46043837
XGBoost,test,77.499692_13.168717,2024-09-01,0.46641356,0.4779757
XGBoost,test,77.504183_12.764475,2024-09-01,0.56061107,0.56082195
XGBoost,test,77.504183_12.786933,2024-09-01,0.5448378,0.53952855
XGBoost,test,77.504183_12.818374,2024-09-01,0.53039724,0.5308891
XGBoost,test,77.504183_12.854307,2024-09-01,0.5310915,0.51823044
XGBoost,test,77.504183_12.858799,2024-09-01,0.6388226,0.61164373
XGBoost,test,77.504183_13.083377,2024-09-01,0.58400977,0.59025156
XGBoost,test,77.504183_13.141768,2024-09-01,0.4915938,0.51168823
XGBoost,test,77.504183_13.159734,2024-09-01,0.52602214,0.5309878
XGBoost,test,77.504183_13.195667,2024-09-01,0.39357635,0.41156787
XGBoost,test,77.508675_12.751001,2024-09-01,0.64717764,0.62213796
XGBoost,test,77.508675_12.795916,2024-09-01,0.5617808,0.55000454
XGBoost,test,77.508675_12.831849,2024-09-01,0.5400956,0.5329285
XGBoost,test,77.508675_12.836341,2024-09-01,0.58062667,0.57349235
XGBoost,test,77.508675_12.845324,2024-09-01,0.5418398,0.53870577
XGBoost,test,77.508675_12.912697,2024-09-01,0.4798547,0.50297123
XGBoost,test,77.508675_13.114818,2024-09-01,0.44086242,0.45156714
XGBoost,test,77.508675_13.137276,2024-09-01,0.44327644,0.4523528
XGBoost,test,77.508675_13.159734,2024-09-01,0.53571546,0.5400318
XGBoost,test,77.508675_13.191175,2024-09-01,0.39432347,0.4069176
XGBoost,test,77.513166_12.746509,2024-09-01,0.76601535,0.74789006
XGBoost,test,77.513166_12.764475,2024-09-01,0.5238957,0.53478056
XGBoost,test,77.513166_12.77795,2024-09-01,0.6249439,0.6157967
XGBoost,test,77.513166_12.822866,2024-09-01,0.6219499,0.6182678
XGBoost,test,77.513166_13.087869,2024-09-01,0.57316244,0.5735757
XGBoost,test,77.513166_13.137276,2024-09-01,0.4078477,0.42704743
XGBoost,test,77.513166_13.1777,2024-09-01,0.43805665,0.44948992
XGBoost,test,77.517658_12.764475,2024-09-01,0.60012734,0.586652
XGBoost,test,77.517658_12.77795,2024-09-01,0.5835332,0.58053946
XGBoost,test,77.517658_12.782442,2024-09-01,0.58640456,0.5843399
XGBoost,test,77.517658_12.795916,2024-09-01,0.57036334,0.564048
XGBoost,test,77.517658_12.827358,2024-09-01,0.5298831,0.536496
XGBoost,test,77.517658_12.849815,2024-09-01,0.5022383,0.52143335
XGBoost,test,77.517658_12.885748,2024-09-01,0.53566635,0.5321095
XGBoost,test,77.517658_12.89024,2024-09-01,0.51965714,0.51808465
XGBoost,test,77.517658_12.899223,2024-09-01,0.5375605,0.5315504
XGBoost,test,77.517658_12.998037,2024-09-01,0.5716302,0.5862279
XGBoost,test,77.517658_13.11931,2024-09-01,0.3711862,0.38978636
XGBoost,test,77.517658_13.182192,2024-09-01,0.43264014,0.45164335
XGBoost,test,77.517658_13.186684,2024-09-01,0.45210046,0.46061826
XGBoost,test,77.517658_13.191175,2024-09-01,0.40372786,0.41151443
XGBoost,test,77.522149_12.751001,2024-09-01,0.6813953,0.6542003
XGBoost,test,77.522149_12.755492,2024-09-01,0.63182914,0.623816
XGBoost,test,77.522149_12.759984,2024-09-01,0.6669319,0.64740926
XGBoost,test,77.522149_12.782442,2024-09-01,0.61484885,0.6084314
XGBoost,test,77.522149_12.809391,2024-09-01,0.7709156,0.7734312
XGBoost,test,77.522149_12.813883,2024-09-01,0.49752757,0.5053707
XGBoost,test,77.522149_12.818374,2024-09-01,0.46532565,0.48463675
XGBoost,test,77.522149_12.836341,2024-09-01,0.5382614,0.53477234
XGBoost,test,77.522149_12.845324,2024-09-01,0.5370486,0.54182833
XGBoost,test,77.522149_13.056428,2024-09-01,0.6547849,0.6352932
XGBoost,test,77.522149_13.146259,2024-09-01,0.37067977,0.3764105
XGBoost,test,77.522149_13.200158,2024-09-01,0.47594348,0.4763286
XGBoost,test,77.526641_12.751001,2024-09-01,0.6531001,0.63506883
XGBoost,test,77.526641_12.840832,2024-09-01,0.61321217,0.5991679
XGBoost,test,77.526641_12.89024,2024-09-01,0.65252393,0.6353175
XGBoost,test,77.526641_12.899223,2024-09-01,0.59044516,0.5801062
XGBoost,test,77.526641_13.105835,2024-09-01,0.42065525,0.4383504
XGBoost,test,77.526641_13.110327,2024-09-01,0.40205202,0.40737033
XGBoost,test,77.531133_12.791425,2024-09-01,0.550818,0.54906493
XGBoost,test,77.531133_12.795916,2024-09-01,0.5816596,0.5802443
XGBoost,test,77.531133_12.800408,2024-09-01,0.56291825,0.56593287
XGBoost,test,77.531133_12.822866,2024-09-01,0.5199797,0.5215331
XGBoost,test,77.531133_12.827358,2024-09-01,0.5429555,0.54514265
XGBoost,test,77.531133_12.894731,2024-09-01,0.5133446,0.5217166
XGBoost,test,77.531133_13.114818,2024-09-01,0.42190278,0.4300692
XGBoost,test,77.531133_13.195667,2024-09-01,0.50371,0.51338625
XGBoost,test,77.535624_12.77795,2024-09-01,0.7507337,0.74614143
XGBoost,test,77.535624_12.822866,2024-09-01,0.6580734,0.643438
XGBoost,test,77.535624_12.872273,2024-09-01,0.42757085,0.4502907
XGBoost,test,77.535624_12.899223,2024-09-01,0.47448534,0.49420875
XGBoost,test,77.535624_13.069903,2024-09-01,0.70497847,0.7078956
XGBoost,test,77.535624_13.096852,2024-09-01,0.47047633,0.46473998
XGBoost,test,77.535624_13.114818,2024-09-01,0.46113086,0.45440897
XGBoost,test,77.535624_13.132785,2024-09-01,0.48706004,0.48127627
XGBoost,test,77.535624_13.137276,2024-09-01,0.40023714,0.41045803
XGBoost,test,77.535624_13.195667,2024-09-01,0.4068231,0.408747
XGBoost,test,77.540116_12.77795,2024-09-01,0.58439165,0.58242947
XGBoost,test,77.540116_12.795916,2024-09-01,0.6120467,0.603022
XGBoost,test,77.540116_13.042953,2024-09-01,0.59410065,0.56523764
XGBoost,test,77.540116_13.074394,2024-09-01,0.6068447,0.6008855
XGBoost,test,77.540116_13.092361,2024-09-01,0.42713317,0.44849792
XGBoost,test,77.540116_13.101344,2024-09-01,0.41834378,0.43321085
XGBoost,test,77.540116_13.105835,2024-09-01,0.43943426,0.45026875
XGBoost,test,77.540116_13.132785,2024-09-01,0.44590414,0.4520191
XGBoost,test,77.540116_13.155243,2024-09-01,0.50003225,0.51121783
XGBoost,test,77.540116_13.182192,2024-09-01,0.4156516,0.42301273
XGBoost,test,77.544607_12.831849,2024-09-01,0.7227911,0.7209276
XGBoost,test,77.549099_12.822866,2024-09-01,0.7473947,0.7422565
XGBoost,test,77.549099_12.831849,2024-09-01,0.6257141,0.62178004
XGBoost,test,77.549099_12.836341,2024-09-01,0.6001387,0.60175014
XGBoost,test,77.549099_12.845324,2024-09-01,0.606571,0.6136056
XGBoost,test,77.549099_12.894731,2024-09-01,0.6224396,0.6200363
XGBoost,test,77.549099_13.096852,2024-09-01,0.49747917,0.5217421
XGBoost,test,77.549099_13.132785,2024-09-01,0.63324386,0.62061685
XGBoost,test,77.55359_12.71956,2024-09-01,0.74583757,0.746906
XGBoost,test,77.55359_12.782442,2024-09-01,0.691269,0.6702692
XGBoost,test,77.55359_12.849815,2024-09-01,0.5974404,0.5943378
XGBoost,test,77.55359_13.069903,2024-09-01,0.73064494,0.72875357
XGBoost,test,77.55359_13.101344,2024-09-01,0.41775662,0.4522316
XGBoost,test,77.55359_13.110327,2024-09-01,0.50454074,0.51125723
XGBoost,test,77.55359_13.128293,2024-09-01,0.59726334,0.60489494
XGBoost,test,77.558082_12.710577,2024-09-01,0.7878442,0.7614644
XGBoost,test,77.558082_12.827358,2024-09-01,0.69764745,0.67764044
XGBoost,test,77.558082_12.845324,2024-09-01,0.67045915,0.66159725
XGBoost,test,77.558082_13.042953,2024-09-01,0.66160905,0.6473989
XGBoost,test,77.558082_13.051936,2024-09-01,0.70925295,0.7047007
XGBoost,test,77.558082_13.110327,2024-09-01,0.5220807,0.5287397
XGBoost,test,77.558082_13.168717,2024-09-01,0.4962849,0.5166973
XGBoost,test,77.562574_12.71956,2024-09-01,0.7627747,0.75340724
XGBoost,test,77.562574_12.827358,2024-09-01,0.6999104,0.6965655
XGBoost,test,77.562574_12.858799,2024-09-01,0.42990527,0.45302513
XGBoost,test,77.562574_12.872273,2024-09-01,0.5867213,0.5883862
XGBoost,test,77.562574_13.141768,2024-09-01,0.43999276,0.44759384
XGBoost,test,77.562574_13.159734,2024-09-01,0.4869493,0.50592804
XGBoost,test,77.562574_13.173209,2024-09-01,0.48590258,0.50911057
XGBoost,test,77.567065_12.724051,2024-09-01,0.74225754,0.73708177
XGBoost,test,77.567065_12.813883,2024-09-01,0.6736348,0.6679555
XGBoost,test,77.567065_12.849815,2024-09-01,0.6624568,0.65000993
XGBoost,test,77.567065_13.105835,2024-09-01,0.5755027,0.5753424
XGBoost,test,77.567065_13.114818,2024-09-01,0.655835,0.6420695
XGBoost,test,77.567065_13.182192,2024-09-01,0.5018883,0.51494676
XGBoost,test,77.571557_12.71956,2024-09-01,0.7646148,0.7456037
XGBoost,test,77.571557_12.800408,2024-09-01,0.6735641,0.6649953
XGBoost,test,77.571557_12.813883,2024-09-01,0.7555518,0.74675953
XGBoost,test,77.571557_12.849815,2024-09-01,0.6642963,0.66320586
XGBoost,test,77.571557_13.141768,2024-09-01,0.45617056,0.46328282
XGBoost,test,77.571557_13.146259,2024-09-01,0.4590895,0.48555696
XGBoost,test,77.576048_12.71956,2024-09-01,0.7347517,0.71522623
XGBoost,test,77.576048_12.728543,2024-09-01,0.7649996,0.7469883
XGBoost,test,77.576048_12.742018,2024-09-01,0.7369621,0.73278016
XGBoost,test,77.576048_12.813883,2024-09-01,0.7604607,0.75383884
XGBoost,test,77.576048_12.827358,2024-09-01,0.6223578,0.6214586
XGBoost,test,77.58054_12.800408,2024-09-01,0.7205403,0.71381783
XGBoost,test,77.58054_12.845324,2024-09-01,0.6892062,0.67553204
XGBoost,test,77.58054_13.083377,2024-09-01,0.51994365,0.52610755
XGBoost,test,77.58054_13.087869,2024-09-01,0.49488643,0.50904715
XGBoost,test,77.585031_12.849815,2024-09-01,0.6800154,0.6744819
XGBoost,test,77.585031_13.042953,2024-09-01,0.7031246,0.6895391
XGBoost,test,77.585031_13.137276,2024-09-01,0.4759956,0.480089
XGBoost,test,77.589523_12.71956,2024-09-01,0.836947,0.8148839
XGBoost,test,77.589523_12.746509,2024-09-01,0.7264728,0.70587033
XGBoost,test,77.589523_12.854307,2024-09-01,0.5945823,0.6038452
XGBoost,test,77.589523_12.971088,2024-09-01,0.7511806,0.7518906
XGBoost,test,77.589523_13.083377,2024-09-01,0.6039037,0.5927426
XGBoost,test,77.589523_13.150751,2024-09-01,0.4728418,0.47838882
XGBoost,test,77.594015_12.724051,2024-09-01,0.83499587,0.82114947
XGBoost,test,77.594015_12.733034,2024-09-01,0.80169207,0.78909206
XGBoost,test,77.594015_12.755492,2024-09-01,0.6717796,0.66156346
XGBoost,test,77.594015_12.831849,2024-09-01,0.58508015,0.5871512
XGBoost,test,77.594015_12.836341,2024-09-01,0.6188653,0.6281616
XGBoost,test,77.594015_12.840832,2024-09-01,0.62847733,0.6269031
XGBoost,test,77.594015_12.849815,2024-09-01,0.6178161,0.6203286
XGBoost,test,77.594015_13.087869,2024-09-01,0.6060754,0.6045513
XGBoost,test,77.598506_12.665661,2024-09-01,0.77708554,0.7664857
XGBoost,test,77.598506_12.710577,2024-09-01,0.6962752,0.67013603
XGBoost,test,77.598506_12.822866,2024-09-01,0.61135906,0.6188739
XGBoost,test,77.598506_12.849815,2024-09-01,0.7063225,0.7086152
XGBoost,test,77.598506_13.083377,2024-09-01,0.5747739,0.5851964
XGBoost,test,77.598506_13.128293,2024-09-01,0.56609863,0.56956935
XGBoost,test,77.598506_13.141768,2024-09-01,0.43641332,0.44286385
XGBoost,test,77.598506_13.146259,2024-09-01,0.420108,0.42458186
XGBoost,test,77.602998_12.710577,2024-09-01,0.7125113,0.6888724
XGBoost,test,77.602998_12.827358,2024-09-01,0.48991606,0.51318395
XGBoost,test,77.602998_12.849815,2024-09-01,0.5508102,0.56704235
XGBoost,test,77.602998_12.858799,2024-09-01,0.56076974,0.57243747
XGBoost,test,77.602998_13.114818,2024-09-01,0.5816119,0.57294625
XGBoost,test,77.602998_13.11931,2024-09-01,0.5746151,0.58225054
XGBoost,test,77.602998_13.128293,2024-09-01,0.5183933,0.5321911
XGBoost,test,77.602998_13.164226,2024-09-01,0.46857136,0.4815363
XGBoost,test,77.607489_12.768967,2024-09-01,0.61996806,0.6079815
XGBoost,test,77.607489_12.773459,2024-09-01,0.58815426,0.58761245
XGBoost,test,77.607489_12.791425,2024-09-01,0.5441043,0.5481758
XGBoost,test,77.607489_12.809391,2024-09-01,0.6400981,0.62396336
XGBoost,test,77.607489_12.818374,2024-09-01,0.6906372,0.68684965
XGBoost,test,77.607489_13.087869,2024-09-01,0.72802514,0.73403984
XGBoost,test,77.611981_12.768967,2024-09-01,0.5644852,0.56476533
XGBoost,test,77.611981_12.831849,2024-09-01,0.53941476,0.55776834
XGBoost,test,77.611981_12.867782,2024-09-01,0.51856947,0.5330188
XGBoost,test,77.611981_12.953122,2024-09-01,0.7215079,0.73390007
XGBoost,test,77.611981_13.105835,2024-09-01,0.53962314,0.53936374
XGBoost,test,77.611981_13.168717,2024-09-01,0.42549166,0.44616234
XGBoost,test,77.611981_13.182192,2024-09-01,0.37227076,0.38364336
XGBoost,test,77.616473_12.831849,2024-09-01,0.6164922,0.6222542
XGBoost,test,77.616473_12.858799,2024-09-01,0.50683844,0.531597
XGBoost,test,77.616473_13.114818,2024-09-01,0.57065344,0.56736076
XGBoost,test,77.616473_13.141768,2024-09-01,0.45580116,0.46481273
XGBoost,test,77.616473_13.1777,2024-09-01,0.38683027,0.38379845
XGBoost,test,77.620964_12.795916,2024-09-01,0.43758506,0.46235758
XGBoost,test,77.620964_12.813883,2024-09-01,0.44414684,0.46624064
XGBoost,test,77.620964_12.845324,2024-09-01,0.6420261,0.6432302
XGBoost,test,77.620964_12.858799,2024-09-01,0.4829801,0.5083394
XGBoost,test,77.620964_13.132785,2024-09-01,0.52169144,0.543912
XGBoost,test,77.625456_12.782442,2024-09-01,0.523752,0.5390003
XGBoost,test,77.625456_12.858799,2024-09-01,0.42577907,0.44550678
XGBoost,test,77.625456_13.065411,2024-09-01,0.39119592,0.41210607
XGBoost,test,77.625456_13.128293,2024-09-01,0.5256227,0.5433746
XGBoost,test,77.625456_13.137276,2024-09-01,0.4279713,0.45291227
XGBoost,test,77.625456_13.155243,2024-09-01,0.6337867,0.62322223
XGBoost,test,77.625456_13.182192,2024-09-01,0.4332093,0.46630716
XGBoost,test,77.629947_12.795916,2024-09-01,0.7722281,0.7732687
XGBoost,test,77.629947_12.809391,2024-09-01,0.47214922,0.48692656
XGBoost,test,77.629947_12.836341,2024-09-01,0.57018346,0.57840794
XGBoost,test,77.629947_12.854307,2024-09-01,0.4927167,0.507828
XGBoost,test,77.629947_12.858799,2024-09-01,0.46263194,0.4690264
XGBoost,test,77.629947_13.06092,2024-09-01,0.41400382,0.4525766
XGBoost,test,77.629947_13.087869,2024-09-01,0.43559998,0.45552567
XGBoost,test,77.629947_13.1777,2024-09-01,0.45919564,0.4582692
XGBoost,test,77.634439_12.679136,2024-09-01,0.7820927,0.7618993
XGBoost,test,77.634439_12.701593,2024-09-01,0.73201704,0.72472966
XGBoost,test,77.634439_12.733034,2024-09-01,0.48607686,0.51525
XGBoost,test,77.634439_12.746509,2024-09-01,0.5350511,0.53111875
XGBoost,test,77.634439_12.751001,2024-09-01,0.523544,0.5420873
XGBoost,test,77.634439_12.849815,2024-09-01,0.53249264,0.5415253
XGBoost,test,77.634439_13.047445,2024-09-01,0.4715871,0.5016762
XGBoost,test,77.634439_13.083377,2024-09-01,0.4008575,0.4356678
XGBoost,test,77.634439_13.137276,2024-09-01,0.40227675,0.4376147
XGBoost,test,77.63893_12.688119,2024-09-01,0.6928973,0.674682
XGBoost,test,77.63893_12.742018,2024-09-01,0.54385245,0.54145056
XGBoost,test,77.63893_12.791425,2024-09-01,0.53828,0.5424115
XGBoost,test,77.63893_12.800408,2024-09-01,0.47549713,0.49003962
XGBoost,test,77.63893_12.818374,2024-09-01,0.47474077,0.47907072
XGBoost,test,77.63893_12.840832,2024-09-01,0.62043405,0.622003
XGBoost,test,77.63893_12.872273,2024-09-01,0.40646112,0.43469256
XGBoost,test,77.63893_12.917189,2024-09-01,0.7074091,0.7186026
XGBoost,test,77.63893_13.056428,2024-09-01,0.53432745,0.53593934
XGBoost,test,77.63893_13.078886,2024-09-01,0.4247465,0.4466026
XGBoost,test,77.63893_13.083377,2024-09-01,0.39619043,0.4286727
XGBoost,test,77.63893_13.1777,2024-09-01,0.45149356,0.46009582
XGBoost,test,77.643422_12.795916,2024-09-01,0.4800319,0.50955546
XGBoost,test,77.643422_12.800408,2024-09-01,0.48666665,0.50644207
XGBoost,test,77.643422_12.809391,2024-09-01,0.5061194,0.5208532
XGBoost,test,77.643422_12.867782,2024-09-01,0.46273825,0.48446947
XGBoost,test,77.643422_13.002529,2024-09-01,0.5221461,0.53956276
XGBoost,test,77.643422_13.038462,2024-09-01,0.5196169,0.53545684
XGBoost,test,77.643422_13.164226,2024-09-01,0.58008283,0.58659405
XGBoost,test,77.647914_12.688119,2024-09-01,0.71944785,0.7154753
XGBoost,test,77.647914_12.733034,2024-09-01,0.54734486,0.5439585
XGBoost,test,77.647914_12.881256,2024-09-01,0.48689005,0.50611115
XGBoost,test,77.647914_12.935155,2024-09-01,0.6535387,0.65956897
XGBoost,test,77.647914_13.141768,2024-09-01,0.681564,0.667076
XGBoost,test,77.647914_13.168717,2024-09-01,0.7254324,0.7157816
XGBoost,test,77.652405_12.697102,2024-09-01,0.6948991,0.6656618
XGBoost,test,77.652405_12.773459,2024-09-01,0.47847813,0.5006519
XGBoost,test,77.652405_12.795916,2024-09-01,0.43012843,0.45887464
XGBoost,test,77.652405_12.8049,2024-09-01,0.52855664,0.53977495
XGBoost,test,77.652405_12.858799,2024-09-01,0.69357204,0.70630777
XGBoost,test,77.652405_12.926172,2024-09-01,0.61419666,0.6276951
XGBoost,test,77.652405_13.002529,2024-09-01,0.5197715,0.53804845
XGBoost,test,77.656897_12.742018,2024-09-01,0.5518302,0.5388161
XGBoost,test,77.656897_12.746509,2024-09-01,0.5383912,0.5386498
XGBoost,test,77.656897_12.768967,2024-09-01,0.52857834,0.538864
XGBoost,test,77.656897_12.791425,2024-09-01,0.4490848,0.46168756
XGBoost,test,77.656897_12.800408,2024-09-01,0.5508499,0.5581278
XGBoost,test,77.656897_12.831849,2024-09-01,0.5629018,0.5645354
XGBoost,test,77.656897_12.849815,2024-09-01,0.4248857,0.4444023
XGBoost,test,77.656897_12.939647,2024-09-01,0.5274551,0.54457736
XGBoost,test,77.656897_13.101344,2024-09-01,0.47261703,0.49016455
XGBoost,test,77.656897_13.164226,2024-09-01,0.45767912,0.46131685
XGBoost,test,77.656897_13.173209,2024-09-01,0.40316993,0.4304461
XGBoost,test,77.661388_12.737526,2024-09-01,0.5718227,0.5616355
XGBoost,test,77.661388_12.759984,2024-09-01,0.57098055,0.55189604
XGBoost,test,77.661388_13.056428,2024-09-01,0.46360555,0.4690024
XGBoost,test,77.661388_13.074394,2024-09-01,0.52829325,0.5388811
XGBoost,test,77.661388_13.087869,2024-09-01,0.4262454,0.44573528
XGBoost,test,77.661388_13.101344,2024-09-01,0.44119722,0.46121895
XGBoost,test,77.661388_13.110327,2024-09-01,0.51447237,0.5391051
XGBoost,test,77.661388_13.11931,2024-09-01,0.5869751,0.59314704
XGBoost,test,77.66588_12.679136,2024-09-01,0.6727874,0.6298701
XGBoost,test,77.66588_12.697102,2024-09-01,0.6333018,0.6149569
XGBoost,test,77.66588_12.715068,2024-09-01,0.63695693,0.6260998
XGBoost,test,77.66588_12.724051,2024-09-01,0.6192877,0.59944713
XGBoost,test,77.66588_12.751001,2024-09-01,0.502037,0.527697
XGBoost,test,77.66588_12.755492,2024-09-01,0.5655632,0.5644321
XGBoost,test,77.66588_12.764475,2024-09-01,0.56180084,0.5477861
XGBoost,test,77.66588_12.768967,2024-09-01,0.7083749,0.6861943
XGBoost,test,77.66588_12.791425,2024-09-01,0.6130693,0.5925188
XGBoost,test,77.66588_12.953122,2024-09-01,0.5451971,0.5623974
XGBoost,test,77.66588_13.038462,2024-09-01,0.45276988,0.47060183
XGBoost,test,77.66588_13.051936,2024-09-01,0.5113659,0.5178107
XGBoost,test,77.66588_13.173209,2024-09-01,0.40269682,0.42682898
XGBoost,test,77.670371_12.71956,2024-09-01,0.66204506,0.63062555
XGBoost,test,77.670371_12.86329,2024-09-01,0.510775,0.5354535
XGBoost,test,77.670371_12.881256,2024-09-01,0.46815956,0.48863944
XGBoost,test,77.670371_12.894731,2024-09-01,0.41666195,0.4548091
XGBoost,test,77.670371_13.069903,2024-09-01,0.41516563,0.44430193
XGBoost,test,77.670371_13.083377,2024-09-01,0.38006634,0.3971882
XGBoost,test,77.670371_13.092361,2024-09-01,0.3828383,0.39936826
XGBoost,test,77.670371_13.128293,2024-09-01,0.49742374,0.5222973
XGBoost,test,77.674863_12.674644,2024-09-01,0.7340603,0.7108818
XGBoost,test,77.674863_12.71956,2024-09-01,0.6689644,0.6364732
XGBoost,test,77.674863_12.755492,2024-09-01,0.5080582,0.52912724
XGBoost,test,77.674863_12.764475,2024-09-01,0.51332355,0.5245774
XGBoost,test,77.674863_12.786933,2024-09-01,0.5213704,0.5304432
XGBoost,test,77.674863_12.836341,2024-09-01,0.5163718,0.5343455
XGBoost,test,77.674863_12.867782,2024-09-01,0.7741528,0.78277403
XGBoost,test,77.674863_13.051936,2024-09-01,0.5048142,0.53015184
XGBoost,test,77.674863_13.069903,2024-09-01,0.38476738,0.39465916
XGBoost,test,77.674863_13.092361,2024-09-01,0.43218246,0.45002592
XGBoost,test,77.674863_13.105835,2024-09-01,0.499111,0.51600146
XGBoost,test,77.679355_12.697102,2024-09-01,0.5259461,0.5371292
XGBoost,test,77.679355_12.746509,2024-09-01,0.68946844,0.6664734
XGBoost,test,77.679355_12.881256,2024-09-01,0.48813146,0.5072155
XGBoost,test,77.679355_12.89024,2024-09-01,0.5190029,0.5348911
XGBoost,test,77.679355_12.899223,2024-09-01,0.40984648,0.43342954
XGBoost,test,77.679355_13.047445,2024-09-01,0.7655249,0.7538115
XGBoost,test,77.679355_13.056428,2024-09-01,0.45640302,0.46942297
XGBoost,test,77.679355_13.074394,2024-09-01,0.44060516,0.44945967
XGBoost,test,77.679355_13.101344,2024-09-01,0.46920663,0.45562294
XGBoost,test,77.679355_13.141768,2024-09-01,0.4890411,0.51740634
XGBoost,test,77.679355_13.155243,2024-09-01,0.40231767,0.42319974
XGBoost,test,77.679355_13.159734,2024-09-01,0.43881342,0.45474046
XGBoost,test,77.683846_12.728543,2024-09-01,0.55207705,0.55512303
XGBoost,test,77.683846_12.742018,2024-09-01,0.5128317,0.5197022
XGBoost,test,77.683846_12.755492,2024-09-01,0.7099152,0.7102466
XGBoost,test,77.683846_12.795916,2024-09-01,0.51043344,0.5134208
XGBoost,test,77.683846_12.8049,2024-09-01,0.49539655,0.5108065
XGBoost,test,77.683846_12.836341,2024-09-01,0.5865712,0.58961874
XGBoost,test,77.683846_12.840832,2024-09-01,0.5988589,0.5941755
XGBoost,test,77.683846_12.894731,2024-09-01,0.50670975,0.5286588
XGBoost,test,77.683846_12.917189,2024-09-01,0.41151562,0.4455766
XGBoost,test,77.683846_12.939647,2024-09-01,0.70290405,0.7081306
XGBoost,test,77.683846_13.06092,2024-09-01,0.4401477,0.47065473
XGBoost,test,77.683846_13.074394,2024-09-01,0.40757918,0.4196816
XGBoost,test,77.683846_13.11931,2024-09-01,0.374553,0.3888129
XGBoost,test,77.683846_13.123802,2024-09-01,0.44296506,0.45570678
XGBoost,test,77.688338_12.656678,2024-09-01,0.7160085,0.70854235
XGBoost,test,77.688338_12.69261,2024-09-01,0.80842364,0.7948109
XGBoost,test,77.688338_12.697102,2024-09-01,0.8167097,0.809784
XGBoost,test,77.688338_12.710577,2024-09-01,0.8000717,0.79759675
XGBoost,test,77.688338_12.751001,2024-09-01,0.58184475,0.5804106
XGBoost,test,77.688338_12.755492,2024-09-01,0.54757214,0.54374707
XGBoost,test,77.688338_12.876765,2024-09-01,0.76703966,0.7875493
XGBoost,test,77.688338_12.885748,2024-09-01,0.48968208,0.5168702
XGBoost,test,77.688338_12.966596,2024-09-01,0.5632017,0.56663436
XGBoost,test,77.692829_12.746509,2024-09-01,0.47102845,0.47151116
XGBoost,test,77.692829_12.800408,2024-09-01,0.45722237,0.47228974
XGBoost,test,77.692829_12.845324,2024-09-01,0.64300853,0.6234017
XGBoost,test,77.692829_12.885748,2024-09-01,0.5302709,0.5386871
XGBoost,test,77.692829_12.899223,2024-09-01,0.45163512,0.4738478
XGBoost,test,77.692829_13.047445,2024-09-01,0.75698936,0.74985963
XGBoost,test,77.692829_13.06092,2024-09-01,0.5692368,0.5809229
XGBoost,test,77.692829_13.065411,2024-09-01,0.5376576,0.5440127
XGBoost,test,77.692829_13.083377,2024-09-01,0.3957044,0.4067506
XGBoost,test,77.692829_13.096852,2024-09-01,0.3945456,0.41012454
XGBoost,test,77.692829_13.132785,2024-09-01,0.38349164,0.4042083
XGBoost,test,77.692829_13.155243,2024-09-01,0.39355192,0.41366956
XGBoost,test,77.697321_12.697102,2024-09-01,0.7930394,0.8004521
XGBoost,test,77.697321_12.751001,2024-09-01,0.527487,0.53665537
XGBoost,test,77.697321_12.773459,2024-09-01,0.46310976,0.47510543
XGBoost,test,77.697321_12.791425,2024-09-01,0.56350374,0.5650957
XGBoost,test,77.697321_12.885748,2024-09-01,0.527945,0.5415342
XGBoost,test,77.697321_12.894731,2024-09-01,0.4717083,0.5013176
XGBoost,test,77.697321_12.930664,2024-09-01,0.48295143,0.5060524
XGBoost,test,77.697321_12.966596,2024-09-01,0.53344196,0.53648084
XGBoost,test,77.697321_13.132785,2024-09-01,0.39512366,0.41887477
XGBoost,test,77.697321_13.150751,2024-09-01,0.44638857,0.45484373
XGBoost,test,77.697321_13.1777,2024-09-01,0.5590882,0.56740564
XGBoost,test,77.701812_12.742018,2024-09-01,0.4903023,0.5084567
XGBoost,test,77.701812_12.77795,2024-09-01,0.46538487,0.47734815
XGBoost,test,77.701812_12.8049,2024-09-01,0.54785,0.55209523
XGBoost,test,77.701812_12.822866,2024-09-01,0.50969225,0.5341837
XGBoost,test,77.701812_12.872273,2024-09-01,0.4293443,0.45488197
XGBoost,test,77.701812_12.984563,2024-09-01,0.46421298,0.47866213
XGBoost,test,77.701812_13.03397,2024-09-01,0.41984138,0.44727838
XGBoost,test,77.701812_13.114818,2024-09-01,0.47743183,0.50228184
XGBoost,test,77.701812_13.164226,2024-09-01,0.4355542,0.4527793
XGBoost,test,77.706304_12.746509,2024-09-01,0.49622494,0.5134004
XGBoost,test,77.706304_12.751001,2024-09-01,0.51502186,0.5260648
XGBoost,test,77.706304_12.759984,2024-09-01,0.41573635,0.4348987
XGBoost,test,77.706304_12.764475,2024-09-01,0.49556157,0.50696796
XGBoost,test,77.706304_12.86329,2024-09-01,0.3773624,0.38618615
XGBoost,test,77.706304_12.984563,2024-09-01,0.46758214,0.4839972
XGBoost,test,77.706304_13.038462,2024-09-01,0.41630527,0.4483767
XGBoost,test,77.706304_13.042953,2024-09-01,0.49524873,0.51620036
XGBoost,test,77.706304_13.137276,2024-09-01,0.7403088,0.74811864
XGBoost,test,77.710796_12.715068,2024-09-01,0.6077296,0.60124123
XGBoost,test,77.710796_12.894731,2024-09-01,0.57436955,0.57489824
XGBoost,test,77.710796_12.899223,2024-09-01,0.49871564,0.5186218
XGBoost,test,77.710796_12.912697,2024-09-01,0.42653555,0.45098105
XGBoost,test,77.710796_13.03397,2024-09-01,0.4355596,0.47301096
XGBoost,test,77.710796_13.11931,2024-09-01,0.42935836,0.44679976
XGBoost,test,77.710796_13.123802,2024-09-01,0.38811332,0.40728667
XGBoost,test,77.710796_13.132785,2024-09-01,0.4631149,0.47316903
XGBoost,test,77.710796_13.150751,2024-09-01,0.38099808,0.40392467
XGBoost,test,77.710796_13.168717,2024-09-01,0.49104157,0.51684874
XGBoost,test,77.710796_13.173209,2024-09-01,0.48839208,0.52038056
XGBoost,test,77.715287_12.679136,2024-09-01,0.69085807,0.679161
XGBoost,test,77.715287_12.742018,2024-09-01,0.49559584,0.4977248
XGBoost,test,77.715287_12.773459,2024-09-01,0.45315132,0.47969693
XGBoost,test,77.715287_12.822866,2024-09-01,0.50674397,0.5167664
XGBoost,test,77.715287_12.827358,2024-09-01,0.45181015,0.4814945
XGBoost,test,77.715287_12.845324,2024-09-01,0.39434737,0.4077003
XGBoost,test,77.715287_12.885748,2024-09-01,0.5446036,0.545185
XGBoost,test,77.715287_12.899223,2024-09-01,0.4013396,0.42689982
XGBoost,test,77.715287_12.939647,2024-09-01,0.68149066,0.6706613
XGBoost,test,77.715287_12.944139,2024-09-01,0.71516937,0.72920805
XGBoost,test,77.715287_12.94863,2024-09-01,0.5781745,0.5948095
XGBoost,test,77.715287_13.016004,2024-09-01,0.51666695,0.5342588
XGBoost,test,77.715287_13.029478,2024-09-01,0.37895,0.38737687
XGBoost,test,77.715287_13.038462,2024-09-01,0.49662897,0.52079046
XGBoost,test,77.715287_13.051936,2024-09-01,0.49249116,0.5178313
XGBoost,test,77.715287_13.056428,2024-09-01,0.3987209,0.4314551
XGBoost,test,77.715287_13.096852,2024-09-01,0.33181238,0.37149617
XGBoost,test,77.715287_13.114818,2024-09-01,0.52138186,0.5328998
XGBoost,test,77.715287_13.128293,2024-09-01,0.47091997,0.47463247
XGBoost,test,77.719779_12.706085,2024-09-01,0.6250802,0.62238795
XGBoost,test,77.719779_12.746509,2024-09-01,0.69974434,0.680956
XGBoost,test,77.719779_12.795916,2024-09-01,0.4642734,0.50125337
XGBoost,test,77.719779_12.840832,2024-09-01,0.5157086,0.5274211
XGBoost,test,77.719779_12.903714,2024-09-01,0.4077352,0.43977156
XGBoost,test,77.719779_13.069903,2024-09-01,0.40284362,0.4325287
XGBoost,test,77.719779_13.105835,2024-09-01,0.44385785,0.4489847
XGBoost,test,77.719779_13.123802,2024-09-01,0.42196026,0.44953546
XGBoost,test,77.719779_13.137276,2024-09-01,0.43537614,0.45734245
XGBoost,test,77.719779_13.155243,2024-09-01,0.40657327,0.43783414
XGBoost,test,77.72427_12.674644,2024-09-01,0.5329511,0.5403131
XGBoost,test,77.72427_12.697102,2024-09-01,0.47503754,0.5072166
XGBoost,test,77.72427_12.701593,2024-09-01,0.5143376,0.5399602
XGBoost,test,77.72427_12.724051,2024-09-01,0.52358603,0.53499216
XGBoost,test,77.72427_12.786933,2024-09-01,0.4831843,0.49860385
XGBoost,test,77.72427_12.791425,2024-09-01,0.48551062,0.5112557
XGBoost,test,77.72427_12.840832,2024-09-01,0.48840734,0.5167859
XGBoost,test,77.72427_12.867782,2024-09-01,0.42403567,0.4545886
XGBoost,test,77.72427_12.885748,2024-09-01,0.47152334,0.49167204
XGBoost,test,77.72427_13.024987,2024-09-01,0.78745335,0.79023385
XGBoost,test,77.72427_13.06092,2024-09-01,0.40328023,0.4341942
XGBoost,test,77.72427_13.074394,2024-09-01,0.43957824,0.456909
XGBoost,test,77.728762_12.706085,2024-09-01,0.62791455,0.61923736
XGBoost,test,77.728762_12.724051,2024-09-01,0.63235486,0.6230348
XGBoost,test,77.728762_12.759984,2024-09-01,0.5139261,0.51888204
XGBoost,test,77.728762_12.782442,2024-09-01,0.53140247,0.5397332
XGBoost,test,77.728762_12.809391,2024-09-01,0.49557975,0.51370114
XGBoost,test,77.728762_12.858799,2024-09-01,0.52994114,0.5413216
XGBoost,test,77.728762_12.876765,2024-09-01,0.53392833,0.54408145
XGBoost,test,77.728762_12.885748,2024-09-01,0.46918496,0.48229828
XGBoost,test,77.728762_13.016004,2024-09-01,0.7775319,0.7722855
XGBoost,test,77.728762_13.047445,2024-09-01,0.47369504,0.49987242
XGBoost,test,77.728762_13.087869,2024-09-01,0.47254097,0.48959258
XGBoost,test,77.728762_13.092361,2024-09-01,0.43866563,0.45717302
XGBoost,test,77.733253_12.755492,2024-09-01,0.4475016,0.4606796
XGBoost,test,77.733253_12.795916,2024-09-01,0.4796786,0.49576712
XGBoost,test,77.733253_12.86329,2024-09-01,0.5551914,0.5574638
XGBoost,test,77.733253_12.872273,2024-09-01,0.5447843,0.5495589
XGBoost,test,77.733253_12.998037,2024-09-01,0.60436845,0.61404294
XGBoost,test,77.733253_13.056428,2024-09-01,0.37144768,0.39153382
XGBoost,test,77.737745_12.764475,2024-09-01,0.43995944,0.4611346
XGBoost,test,77.737745_12.791425,2024-09-01,0.47368345,0.48391184
XGBoost,test,77.737745_12.809391,2024-09-01,0.46033415,0.47190395
XGBoost,test,77.737745_12.858799,2024-09-01,0.4731735,0.5098486
XGBoost,test,77.737745_12.872273,2024-09-01,0.54318374,0.54578227
XGBoost,test,77.737745_12.881256,2024-09-01,0.5658534,0.5703488
XGBoost,test,77.737745_13.051936,2024-09-01,0.3712322,0.39624384
XGBoost,test,77.737745_13.06092,2024-09-01,0.41376182,0.44161102
XGBoost,test,77.737745_13.078886,2024-09-01,0.44154182,0.46029866
XGBoost,test,77.737745_13.101344,2024-09-01,0.3783145,0.4087411
XGBoost,test,77.742237_12.697102,2024-09-01,0.6654232,0.635898
XGBoost,test,77.742237_12.764475,2024-09-01,0.46057907,0.4791229
XGBoost,test,77.742237_12.795916,2024-09-01,0.4631485,0.4785927
XGBoost,test,77.742237_12.8049,2024-09-01,0.4907028,0.5149098
XGBoost,test,77.742237_12.86329,2024-09-01,0.40602824,0.44142362
XGBoost,test,77.742237_12.867782,2024-09-01,0.54071754,0.5475042
XGBoost,test,77.742237_12.89024,2024-09-01,0.55255115,0.5575936
XGBoost,test,77.742237_12.899223,2024-09-01,0.530134,0.5455361
XGBoost,test,77.742237_12.921681,2024-09-01,0.45286962,0.4714181
XGBoost,test,77.742237_12.980071,2024-09-01,0.5160812,0.5300148
XGBoost,test,77.742237_13.002529,2024-09-01,0.5422494,0.5537437
XGBoost,test,77.742237_13.016004,2024-09-01,0.5402425,0.5388631
XGBoost,test,77.742237_13.038462,2024-09-01,0.3903258,0.40235347
XGBoost,test,77.742237_13.074394,2024-09-01,0.3715678,0.380187
XGBoost,test,77.742237_13.078886,2024-09-01,0.45515305,0.45947427
XGBoost,test,77.742237_13.101344,2024-09-01,0.40516463,0.44509253
XGBoost,test,77.746728_12.751001,2024-09-01,0.4805039,0.5108502
XGBoost,test,77.746728_12.764475,2024-09-01,0.47957885,0.49642092
XGBoost,test,77.746728_12.782442,2024-09-01,0.5321402,0.54669833
XGBoost,test,77.746728_12.97558,2024-09-01,0.538399,0.54267806
XGBoost,test,77.746728_12.984563,2024-09-01,0.5176953,0.53580016
XGBoost,test,77.746728_13.016004,2024-09-01,0.57130116,0.5610317
XGBoost,test,77.746728_13.020495,2024-09-01,0.6029848,0.6094552
XGBoost,test,77.746728_13.024987,2024-09-01,0.47975412,0.50778157
XGBoost,test,77.746728_13.038462,2024-09-01,0.39583397,0.43143958
XGBoost,test,77.746728_13.06092,2024-09-01,0.34672916,0.3792663
XGBoost,test,77.746728_13.083377,2024-09-01,0.44689083,0.48527476
XGBoost,test,77.746728_13.092361,2024-09-01,0.4270338,0.45132148
XGBoost,test,77.75122_12.751001,2024-09-01,0.4767833,0.5055134
XGBoost,test,77.75122_12.755492,2024-09-01,0.55779517,0.5460458
XGBoost,test,77.75122_12.768967,2024-09-01,0.44287077,0.46480504
XGBoost,test,77.75122_12.77795,2024-09-01,0.4933231,0.519517
XGBoost,test,77.75122_12.894731,2024-09-01,0.4575964,0.47669676
XGBoost,test,77.75122_12.993546,2024-09-01,0.46043417,0.4681321
XGBoost,test,77.75122_13.020495,2024-09-01,0.5111349,0.53381044
XGBoost,test,77.75122_13.03397,2024-09-01,0.427272,0.4529541
XGBoost,test,77.75122_13.038462,2024-09-01,0.3537412,0.38012287
XGBoost,test,77.755711_12.706085,2024-09-01,0.54867685,0.5517687
XGBoost,test,77.755711_12.764475,2024-09-01,0.79560405,0.7920823
XGBoost,test,77.755711_12.77795,2024-09-01,0.46577492,0.48818177
XGBoost,test,77.755711_12.822866,2024-09-01,0.45963717,0.48400894
XGBoost,test,77.755711_12.831849,2024-09-01,0.42058888,0.45992833
XGBoost,test,77.755711_12.858799,2024-09-01,0.4954363,0.51961267
XGBoost,test,77.755711_12.885748,2024-09-01,0.49043715,0.5204334
XGBoost,test,77.755711_12.899223,2024-09-01,0.4101412,0.44868
XGBoost,test,77.755711_12.903714,2024-09-01,0.44939512,0.4779216
XGBoost,test,77.755711_12.926172,2024-09-01,0.49314392,0.5146832
XGBoost,test,77.760203_12.751001,2024-09-01,0.49202284,0.50752085
XGBoost,test,77.760203_12.795916,2024-09-01,0.4227131,0.45951265
XGBoost,test,77.760203_12.818374,2024-09-01,0.57049006,0.56736064
XGBoost,test,77.760203_12.867782,2024-09-01,0.44873402,0.46573865
XGBoost,test,77.760203_12.872273,2024-09-01,0.4702129,0.48561028
XGBoost,test,77.760203_12.876765,2024-09-01,0.43465078,0.45829126
XGBoost,test,77.760203_12.885748,2024-09-01,0.45640075,0.48763454
XGBoost,test,77.760203_12.984563,2024-09-01,0.50200117,0.5303457
XGBoost,test,77.764695_12.742018,2024-09-01,0.6553807,0.64273304
XGBoost,test,77.764695_12.746509,2024-09-01,0.6493056,0.63841707
XGBoost,test,77.764695_12.813883,2024-09-01,0.50720197,0.5205671
XGBoost,test,77.764695_12.849815,2024-09-01,0.46066418,0.49712482
XGBoost,test,77.764695_12.885748,2024-09-01,0.47603855,0.51428044
XGBoost,test,77.764695_12.912697,2024-09-01,0.49472195,0.51359326
XGBoost,test,77.764695_13.03397,2024-09-01,0.3589688,0.38019145
XGBoost,test,77.769186_12.751001,2024-09-01,0.6837282,0.67449915
XGBoost,test,77.769186_12.791425,2024-09-01,0.44133386,0.46117583
XGBoost,test,77.769186_12.800408,2024-09-01,0.5013759,0.52740866
XGBoost,test,77.769186_12.8049,2024-09-01,0.558481,0.55720353
XGBoost,test,77.769186_12.809391,2024-09-01,0.46208236,0.48596957
XGBoost,test,77.769186_12.876765,2024-09-01,0.4953847,0.5146585
XGBoost,test,77.769186_12.894731,2024-09-01,0.45166367,0.48049703
XGBoost,test,77.769186_13.016004,2024-09-01,0.43926227,0.45354426
XGBoost,test,77.773678_12.746509,2024-09-01,0.66961735,0.6586316
XGBoost,test,77.773678_12.858799,2024-09-01,0.43844402,0.4625227
XGBoost,test,77.773678_12.885748,2024-09-01,0.476916,0.49779606
XGBoost,test,77.773678_12.899223,2024-09-01,0.4197505,0.4519768
XGBoost,test,77.773678_12.908206,2024-09-01,0.49326327,0.5070039
XGBoost,test,77.778169_12.809391,2024-09-01,0.45626307,0.46392378
XGBoost,test,77.778169_12.885748,2024-09-01,0.48631626,0.5145146
XGBoost,test,77.782661_12.786933,2024-09-01,0.4333404,0.44624177
XGBoost,test,77.782661_12.791425,2024-09-01,0.4775112,0.49796826
XGBoost,test,77.782661_12.89024,2024-09-01,0.47833776,0.51422817
XGBoost,test,77.787152_12.786933,2024-09-01,0.45388168,0.47092825
XGBoost,test,77.787152_12.849815,2024-09-01,0.44667825,0.46470556
XGBoost,test,77.787152_12.867782,2024-09-01,0.42800787,0.45477152
XGBoost,test,77.791644_12.8049,2024-09-01,0.49404162,0.49553552
XGBoost,test,77.791644_12.899223,2024-09-01,0.4252762,0.46039155
XGBoost,test,77.796136_12.854307,2024-09-01,0.41904214,0.44684276
XGBoost,test,77.796136_12.885748,2024-09-01,0.48174992,0.51520365
XGBoost,test,77.800627_12.876765,2024-09-01,0.4795136,0.5213691
XGBoost,test,77.800627_12.885748,2024-09-01,0.44495618,0.47608593
XGBoost,test,77.805119_12.876765,2024-09-01,0.49299416,0.5338543
XGBoost,test,77.805119_12.89024,2024-09-01,0.458723,0.4961241
XGBoost,test,77.80961_12.858799,2024-09-01,0.46954447,0.502914
XGBoost,test,77.80961_12.86329,2024-09-01,0.43928424,0.46639922
XGBoost,test,77.329012_12.944139,2024-10-01,0.48454958,0.49630567
XGBoost,test,77.329012_12.962105,2024-10-01,0.74791867,0.7408896
XGBoost,test,77.337995_12.921681,2024-10-01,0.6728813,0.69385827
XGBoost,test,77.342486_12.926172,2024-10-01,0.747555,0.75368077
XGBoost,test,77.342486_12.935155,2024-10-01,0.778321,0.779233
XGBoost,test,77.342486_12.944139,2024-10-01,0.7184898,0.72521615
XGBoost,test,77.346978_12.962105,2024-10-01,0.54422265,0.5330488
XGBoost,test,77.351469_12.939647,2024-10-01,0.76587284,0.75341964
XGBoost,test,77.355961_12.962105,2024-10-01,0.77719116,0.7730886
XGBoost,test,77.360453_12.867782,2024-10-01,0.4110873,0.44781065
XGBoost,test,77.364944_12.962105,2024-10-01,0.46597636,0.45822316
XGBoost,test,77.369436_12.881256,2024-10-01,0.46353963,0.47726205
XGBoost,test,77.369436_12.935155,2024-10-01,0.39658466,0.40770826
XGBoost,test,77.369436_12.998037,2024-10-01,0.42945668,0.45265633
XGBoost,test,77.369436_13.007021,2024-10-01,0.49466196,0.5095987
XGBoost,test,77.373927_12.971088,2024-10-01,0.4803542,0.472658
XGBoost,test,77.373927_13.011512,2024-10-01,0.43550318,0.46280155
XGBoost,test,77.373927_13.016004,2024-10-01,0.43419436,0.46930525
XGBoost,test,77.378419_12.966596,2024-10-01,0.45390514,0.4591298
XGBoost,test,77.382911_12.953122,2024-10-01,0.45308042,0.45716494
XGBoost,test,77.382911_12.957613,2024-10-01,0.4546507,0.46300757
XGBoost,test,77.387402_12.962105,2024-10-01,0.43113896,0.45052272
XGBoost,test,77.391894_12.881256,2024-10-01,0.4816217,0.49249545
XGBoost,test,77.391894_12.885748,2024-10-01,0.52349347,0.527003
XGBoost,test,77.396385_12.971088,2024-10-01,0.41737133,0.4406404
XGBoost,test,77.396385_13.029478,2024-10-01,0.37924063,0.40350428
XGBoost,test,77.400877_12.957613,2024-10-01,0.4403526,0.4565923
XGBoost,test,77.400877_12.966596,2024-10-01,0.38471854,0.40431857
XGBoost,test,77.400877_13.029478,2024-10-01,0.3551822,0.3747371
XGBoost,test,77.405368_13.105835,2024-10-01,0.41860113,0.43946204
XGBoost,test,77.405368_13.11931,2024-10-01,0.38889492,0.40993232
XGBoost,test,77.40986_12.962105,2024-10-01,0.4723506,0.49118355
XGBoost,test,77.414352_12.989054,2024-10-01,0.39609087,0.40241784
XGBoost,test,77.414352_12.993546,2024-10-01,0.4186175,0.43867055
XGBoost,test,77.414352_13.03397,2024-10-01,0.40137804,0.41592675
XGBoost,test,77.414352_13.096852,2024-10-01,0.385155,0.39138108
XGBoost,test,77.414352_13.11931,2024-10-01,0.41290718,0.4283607
XGBoost,test,77.418843_12.94863,2024-10-01,0.45995057,0.46978265
XGBoost,test,77.418843_12.971088,2024-10-01,0.41080898,0.42638838
XGBoost,test,77.418843_12.993546,2024-10-01,0.42848256,0.44713777
XGBoost,test,77.418843_13.016004,2024-10-01,0.40223736,0.4085375
XGBoost,test,77.418843_13.024987,2024-10-01,0.4086787,0.425087
XGBoost,test,77.418843_13.029478,2024-10-01,0.4242613,0.44548112
XGBoost,test,77.418843_13.146259,2024-10-01,0.35224167,0.38353243
XGBoost,test,77.423335_13.002529,2024-10-01,0.49862814,0.5162191
XGBoost,test,77.423335_13.092361,2024-10-01,0.33981845,0.36997697
XGBoost,test,77.423335_13.141768,2024-10-01,0.43196595,0.45758936
XGBoost,test,77.423335_13.150751,2024-10-01,0.3355961,0.3806094
XGBoost,test,77.427826_12.939647,2024-10-01,0.40345752,0.4071953
XGBoost,test,77.427826_12.944139,2024-10-01,0.3967879,0.4030973
XGBoost,test,77.427826_13.020495,2024-10-01,0.37532675,0.4068747
XGBoost,test,77.427826_13.024987,2024-10-01,0.4113439,0.42861742
XGBoost,test,77.427826_13.110327,2024-10-01,0.41378045,0.43833527
XGBoost,test,77.427826_13.132785,2024-10-01,0.5182505,0.52508754
XGBoost,test,77.432318_12.957613,2024-10-01,0.42400646,0.4394735
XGBoost,test,77.432318_12.998037,2024-10-01,0.38104522,0.39518005
XGBoost,test,77.436809_12.912697,2024-10-01,0.55742157,0.5602939
XGBoost,test,77.436809_12.926172,2024-10-01,0.4654634,0.47576368
XGBoost,test,77.436809_12.944139,2024-10-01,0.41320953,0.43603596
XGBoost,test,77.436809_13.03397,2024-10-01,0.40244782,0.4256356
XGBoost,test,77.441301_12.944139,2024-10-01,0.49519768,0.50103635
XGBoost,test,77.441301_12.94863,2024-10-01,0.45468307,0.46488723
XGBoost,test,77.441301_13.056428,2024-10-01,0.39988157,0.41000897
XGBoost,test,77.441301_13.069903,2024-10-01,0.41133684,0.4371626
XGBoost,test,77.441301_13.110327,2024-10-01,0.4363315,0.45330906
XGBoost,test,77.445793_12.912697,2024-10-01,0.4335854,0.4549869
XGBoost,test,77.445793_12.957613,2024-10-01,0.47491536,0.5006374
XGBoost,test,77.445793_12.984563,2024-10-01,0.44461155,0.46982217
XGBoost,test,77.450284_12.993546,2024-10-01,0.34548205,0.3768204
XGBoost,test,77.450284_13.029478,2024-10-01,0.44525716,0.4570163
XGBoost,test,77.450284_13.047445,2024-10-01,0.4082905,0.43728203
XGBoost,test,77.450284_13.146259,2024-10-01,0.50682396,0.5305417
XGBoost,test,77.454776_12.980071,2024-10-01,0.3812596,0.40407786
XGBoost,test,77.454776_12.993546,2024-10-01,0.386945,0.40033385
XGBoost,test,77.454776_13.078886,2024-10-01,0.42432368,0.44921562
XGBoost,test,77.454776_13.114818,2024-10-01,0.4989201,0.5228857
XGBoost,test,77.454776_13.141768,2024-10-01,0.502808,0.524537
XGBoost,test,77.459267_12.872273,2024-10-01,0.4953414,0.51038796
XGBoost,test,77.459267_12.903714,2024-10-01,0.42545828,0.4378433
XGBoost,test,77.459267_12.926172,2024-10-01,0.46853796,0.4797997
XGBoost,test,77.459267_12.97558,2024-10-01,0.4016331,0.42575616
XGBoost,test,77.459267_13.016004,2024-10-01,0.38446447,0.41261905
XGBoost,test,77.459267_13.020495,2024-10-01,0.36205232,0.38969767
XGBoost,test,77.459267_13.11931,2024-10-01,0.44114268,0.4676785
XGBoost,test,77.463759_12.867782,2024-10-01,0.5278946,0.5371685
XGBoost,test,77.463759_12.872273,2024-10-01,0.48869058,0.5038964
XGBoost,test,77.463759_12.881256,2024-10-01,0.55581415,0.56823355
XGBoost,test,77.463759_12.885748,2024-10-01,0.58996975,0.59777606
XGBoost,test,77.463759_12.894731,2024-10-01,0.46995482,0.48811436
XGBoost,test,77.463759_12.899223,2024-10-01,0.4979908,0.51509917
XGBoost,test,77.463759_12.917189,2024-10-01,0.42319658,0.43905053
XGBoost,test,77.463759_12.953122,2024-10-01,0.760204,0.7733142
XGBoost,test,77.463759_13.03397,2024-10-01,0.36931902,0.39193833
XGBoost,test,77.463759_13.078886,2024-10-01,0.51162046,0.53792024
XGBoost,test,77.46825_12.894731,2024-10-01,0.4353605,0.45569623
XGBoost,test,77.46825_12.94863,2024-10-01,0.5223234,0.53787696
XGBoost,test,77.46825_12.953122,2024-10-01,0.44200525,0.46648335
XGBoost,test,77.46825_12.966596,2024-10-01,0.46749365,0.47777477
XGBoost,test,77.46825_13.007021,2024-10-01,0.3743434,0.39215165
XGBoost,test,77.46825_13.020495,2024-10-01,0.45452192,0.4764872
XGBoost,test,77.46825_13.114818,2024-10-01,0.4909454,0.52105415
XGBoost,test,77.46825_13.150751,2024-10-01,0.3995842,0.41147864
XGBoost,test,77.46825_13.1777,2024-10-01,0.46147993,0.48375833
XGBoost,test,77.472742_12.984563,2024-10-01,0.43754634,0.45955062
XGBoost,test,77.477234_12.899223,2024-10-01,0.42421436,0.43505332
XGBoost,test,77.477234_12.935155,2024-10-01,0.56449115,0.583727
XGBoost,test,77.477234_12.944139,2024-10-01,0.4755805,0.5063533
XGBoost,test,77.477234_12.94863,2024-10-01,0.504214,0.5247663
XGBoost,test,77.477234_12.971088,2024-10-01,0.49965817,0.5302787
XGBoost,test,77.477234_13.002529,2024-10-01,0.3779345,0.39419252
XGBoost,test,77.477234_13.056428,2024-10-01,0.42516714,0.45439425
XGBoost,test,77.481725_12.737526,2024-10-01,0.51972866,0.5341415
XGBoost,test,77.481725_12.89024,2024-10-01,0.5221925,0.5309327
XGBoost,test,77.481725_12.894731,2024-10-01,0.4764519,0.5042968
XGBoost,test,77.481725_12.944139,2024-10-01,0.4880447,0.51152474
XGBoost,test,77.481725_12.971088,2024-10-01,0.40174672,0.43611205
XGBoost,test,77.481725_12.980071,2024-10-01,0.48644978,0.51731414
XGBoost,test,77.481725_13.024987,2024-10-01,0.4527475,0.4779094
XGBoost,test,77.481725_13.03397,2024-10-01,0.42542663,0.45553622
XGBoost,test,77.481725_13.137276,2024-10-01,0.7517572,0.766826
XGBoost,test,77.486217_12.764475,2024-10-01,0.5120787,0.52461535
XGBoost,test,77.486217_12.872273,2024-10-01,0.48375064,0.49648473
XGBoost,test,77.486217_12.939647,2024-10-01,0.50024295,0.52413356
XGBoost,test,77.486217_12.998037,2024-10-01,0.42787588,0.460041
XGBoost,test,77.486217_13.042953,2024-10-01,0.5157817,0.53719383
XGBoost,test,77.486217_13.06092,2024-10-01,0.5288581,0.55052096
XGBoost,test,77.486217_13.114818,2024-10-01,0.4822901,0.5086354
XGBoost,test,77.486217_13.11931,2024-10-01,0.49347848,0.5184467
XGBoost,test,77.490708_12.849815,2024-10-01,0.51993406,0.52387285
XGBoost,test,77.490708_12.89024,2024-10-01,0.47896186,0.49828202
XGBoost,test,77.490708_13.051936,2024-10-01,0.6038487,0.6160594
XGBoost,test,77.490708_13.087869,2024-10-01,0.52535594,0.5519874
XGBoost,test,77.490708_13.092361,2024-10-01,0.5099824,0.54242647
XGBoost,test,77.490708_13.096852,2024-10-01,0.5570113,0.57712525
XGBoost,test,77.490708_13.182192,2024-10-01,0.43930805,0.47498995
XGBoost,test,77.490708_13.209142,2024-10-01,0.4129879,0.43415374
XGBoost,test,77.4952_12.786933,2024-10-01,0.4724444,0.49433643
XGBoost,test,77.4952_12.836341,2024-10-01,0.48593736,0.50517887
XGBoost,test,77.4952_12.899223,2024-10-01,0.54992807,0.55898
XGBoost,test,77.4952_12.962105,2024-10-01,0.5511323,0.5675875
XGBoost,test,77.4952_13.020495,2024-10-01,0.49498814,0.52286696
XGBoost,test,77.4952_13.024987,2024-10-01,0.5155209,0.5299209
XGBoost,test,77.4952_13.03397,2024-10-01,0.583033,0.5948902
XGBoost,test,77.4952_13.087869,2024-10-01,0.47777846,0.50271976
XGBoost,test,77.4952_13.092361,2024-10-01,0.50700784,0.53641164
XGBoost,test,77.4952_13.182192,2024-10-01,0.45664927,0.490133
XGBoost,test,77.499692_12.858799,2024-10-01,0.6295545,0.62518626
XGBoost,test,77.499692_12.984563,2024-10-01,0.5197426,0.5286327
XGBoost,test,77.499692_13.114818,2024-10-01,0.5116971,0.5332896
XGBoost,test,77.499692_13.137276,2024-10-01,0.4513465,0.47831467
XGBoost,test,77.499692_13.168717,2024-10-01,0.47296715,0.49361166
XGBoost,test,77.504183_12.786933,2024-10-01,0.5488117,0.5595484
XGBoost,test,77.504183_12.818374,2024-10-01,0.5277078,0.547399
XGBoost,test,77.504183_12.854307,2024-10-01,0.5184313,0.5269708
XGBoost,test,77.504183_12.858799,2024-10-01,0.633477,0.63888496
XGBoost,test,77.504183_12.953122,2024-10-01,0.5449126,0.56543326
XGBoost,test,77.504183_13.083377,2024-10-01,0.59304863,0.61032224
XGBoost,test,77.504183_13.141768,2024-10-01,0.4885752,0.5183538
XGBoost,test,77.504183_13.159734,2024-10-01,0.51893246,0.53784394
XGBoost,test,77.504183_13.195667,2024-10-01,0.3879095,0.4210853
XGBoost,test,77.508675_12.795916,2024-10-01,0.5740653,0.5809989
XGBoost,test,77.508675_12.831849,2024-10-01,0.5476568,0.5478075
XGBoost,test,77.508675_12.836341,2024-10-01,0.5907186,0.5954055
XGBoost,test,77.508675_12.845324,2024-10-01,0.5461062,0.5576446
XGBoost,test,77.508675_12.912697,2024-10-01,0.491009,0.51622254
XGBoost,test,77.508675_12.917189,2024-10-01,0.5202096,0.53168714
XGBoost,test,77.508675_13.114818,2024-10-01,0.44216916,0.460326
XGBoost,test,77.508675_13.137276,2024-10-01,0.43961996,0.46452424
XGBoost,test,77.508675_13.159734,2024-10-01,0.5403622,0.5631481
XGBoost,test,77.508675_13.191175,2024-10-01,0.3909618,0.41401383
XGBoost,test,77.513166_12.746509,2024-10-01,0.77275074,0.78472805
XGBoost,test,77.513166_12.77795,2024-10-01,0.64763814,0.64994794
XGBoost,test,77.513166_12.822866,2024-10-01,0.6300944,0.64519006
XGBoost,test,77.513166_13.087869,2024-10-01,0.58205235,0.59552175
XGBoost,test,77.513166_13.096852,2024-10-01,0.6253112,0.630797
XGBoost,test,77.513166_13.137276,2024-10-01,0.40179121,0.4180718
XGBoost,test,77.513166_13.1777,2024-10-01,0.42684573,0.4574547
XGBoost,test,77.517658_12.77795,2024-10-01,0.60091716,0.60005885
XGBoost,test,77.517658_12.782442,2024-10-01,0.60647815,0.6102372
XGBoost,test,77.517658_12.795916,2024-10-01,0.5813923,0.5916845
XGBoost,test,77.517658_12.827358,2024-10-01,0.54819506,0.55944735
XGBoost,test,77.517658_12.849815,2024-10-01,0.51633626,0.527742
XGBoost,test,77.517658_12.998037,2024-10-01,0.5774971,0.59965956
XGBoost,test,77.517658_13.11931,2024-10-01,0.38905054,0.40358138
XGBoost,test,77.517658_13.182192,2024-10-01,0.4321292,0.46353242
XGBoost,test,77.517658_13.186684,2024-10-01,0.46782532,0.47793108
XGBoost,test,77.517658_13.191175,2024-10-01,0.41747886,0.42740884
XGBoost,test,77.522149_12.809391,2024-10-01,0.79422456,0.8009292
XGBoost,test,77.522149_12.813883,2024-10-01,0.511808,0.5263646
XGBoost,test,77.522149_12.818374,2024-10-01,0.48075166,0.50399286
XGBoost,test,77.522149_12.836341,2024-10-01,0.547713,0.5556981
XGBoost,test,77.522149_12.845324,2024-10-01,0.5495256,0.56544083
XGBoost,test,77.522149_13.056428,2024-10-01,0.64107144,0.66849715
XGBoost,test,77.522149_13.078886,2024-10-01,0.60244614,0.6156249
XGBoost,test,77.522149_13.146259,2024-10-01,0.3552202,0.3886761
XGBoost,test,77.522149_13.200158,2024-10-01,0.45351034,0.4848102
XGBoost,test,77.526641_12.840832,2024-10-01,0.61390394,0.6278362
XGBoost,test,77.526641_12.89024,2024-10-01,0.65329653,0.6652286
XGBoost,test,77.526641_12.899223,2024-10-01,0.5913438,0.60034084
XGBoost,test,77.526641_13.078886,2024-10-01,0.5944725,0.6177418
XGBoost,test,77.526641_13.105835,2024-10-01,0.4256654,0.44759792
XGBoost,test,77.526641_13.110327,2024-10-01,0.40199202,0.4272414
XGBoost,test,77.531133_12.791425,2024-10-01,0.5577906,0.5683719
XGBoost,test,77.531133_12.795916,2024-10-01,0.6011601,0.6060831
XGBoost,test,77.531133_12.800408,2024-10-01,0.5809924,0.59053266
XGBoost,test,77.531133_12.822866,2024-10-01,0.52952164,0.5505396
XGBoost,test,77.531133_12.827358,2024-10-01,0.5564971,0.5679871
XGBoost,test,77.531133_12.894731,2024-10-01,0.5200607,0.53697395
XGBoost,test,77.531133_13.114818,2024-10-01,0.40749046,0.43629414
XGBoost,test,77.531133_13.195667,2024-10-01,0.49863413,0.518806
XGBoost,test,77.535624_12.822866,2024-10-01,0.68079,0.6787501
XGBoost,test,77.535624_12.872273,2024-10-01,0.44181043,0.45292634
XGBoost,test,77.535624_12.899223,2024-10-01,0.4929276,0.51038396
XGBoost,test,77.535624_13.069903,2024-10-01,0.70290303,0.72326773
XGBoost,test,77.535624_13.096852,2024-10-01,0.45702526,0.48701566
XGBoost,test,77.535624_13.114818,2024-10-01,0.46024805,0.46791923
XGBoost,test,77.535624_13.132785,2024-10-01,0.4716381,0.49720454
XGBoost,test,77.535624_13.137276,2024-10-01,0.40484947,0.41609865
XGBoost,test,77.535624_13.195667,2024-10-01,0.4109009,0.4272666
XGBoost,test,77.540116_12.795916,2024-10-01,0.62830174,0.62716657
XGBoost,test,77.540116_13.042953,2024-10-01,0.58193016,0.5900777
XGBoost,test,77.540116_13.074394,2024-10-01,0.60807645,0.6266116
XGBoost,test,77.540116_13.092361,2024-10-01,0.42559433,0.44080994
XGBoost,test,77.540116_13.101344,2024-10-01,0.41344467,0.4404691
XGBoost,test,77.540116_13.105835,2024-10-01,0.4318744,0.4588692
XGBoost,test,77.540116_13.114818,2024-10-01,0.41964978,0.4434623
XGBoost,test,77.540116_13.132785,2024-10-01,0.4390127,0.47413343
XGBoost,test,77.540116_13.155243,2024-10-01,0.5017617,0.51870304
XGBoost,test,77.540116_13.182192,2024-10-01,0.41461426,0.44248697
XGBoost,test,77.544607_12.831849,2024-10-01,0.73986685,0.7380283
XGBoost,test,77.544607_13.218125,2024-10-01,0.4792043,0.5031646
XGBoost,test,77.549099_12.822866,2024-10-01,0.76400167,0.756561
XGBoost,test,77.549099_12.831849,2024-10-01,0.6512662,0.65721077
XGBoost,test,77.549099_12.836341,2024-10-01,0.6206265,0.62927645
XGBoost,test,77.549099_12.845324,2024-10-01,0.6332431,0.6414161
XGBoost,test,77.549099_12.867782,2024-10-01,0.55463666,0.5674741
XGBoost,test,77.549099_12.876765,2024-10-01,0.5177369,0.5300138
XGBoost,test,77.549099_12.894731,2024-10-01,0.63682616,0.6454239
XGBoost,test,77.549099_13.096852,2024-10-01,0.505448,0.52378446
XGBoost,test,77.549099_13.132785,2024-10-01,0.6299365,0.65964526
XGBoost,test,77.55359_12.71956,2024-10-01,0.77435994,0.77896386
XGBoost,test,77.55359_12.782442,2024-10-01,0.6930751,0.6996346
XGBoost,test,77.55359_12.849815,2024-10-01,0.6141639,0.62179196
XGBoost,test,77.55359_12.872273,2024-10-01,0.50797784,0.52170753
XGBoost,test,77.55359_13.069903,2024-10-01,0.7335343,0.74720687
XGBoost,test,77.55359_13.101344,2024-10-01,0.42624742,0.4522557
XGBoost,test,77.55359_13.110327,2024-10-01,0.49257547,0.5190678
XGBoost,test,77.55359_13.128293,2024-10-01,0.61599517,0.63529515
XGBoost,test,77.55359_13.168717,2024-10-01,0.4937628,0.50618625
XGBoost,test,77.55359_13.173209,2024-10-01,0.4107676,0.4441261
XGBoost,test,77.558082_12.710577,2024-10-01,0.7910363,0.7863012
XGBoost,test,77.558082_12.827358,2024-10-01,0.7008445,0.71615535
XGBoost,test,77.558082_12.845324,2024-10-01,0.6934883,0.6967911
XGBoost,test,77.558082_13.042953,2024-10-01,0.6562917,0.671414
XGBoost,test,77.558082_13.051936,2024-10-01,0.7114675,0.7298784
XGBoost,test,77.558082_13.110327,2024-10-01,0.50779074,0.53442544
XGBoost,test,77.558082_13.168717,2024-10-01,0.49787265,0.52054036
XGBoost,test,77.558082_13.1777,2024-10-01,0.46401092,0.48462296
XGBoost,test,77.562574_12.71956,2024-10-01,0.781675,0.7824614
XGBoost,test,77.562574_12.827358,2024-10-01,0.71369654,0.7243374
XGBoost,test,77.562574_12.858799,2024-10-01,0.4456572,0.46466672
XGBoost,test,77.562574_12.872273,2024-10-01,0.60063493,0.6112917
XGBoost,test,77.562574_12.876765,2024-10-01,0.6196882,0.6320928
XGBoost,test,77.562574_13.141768,2024-10-01,0.42301342,0.460351
XGBoost,test,77.562574_13.159734,2024-10-01,0.49218893,0.51210076
XGBoost,test,77.562574_13.173209,2024-10-01,0.4974264,0.5157518
XGBoost,test,77.567065_12.724051,2024-10-01,0.7548337,0.7540217
XGBoost,test,77.567065_12.813883,2024-10-01,0.6891146,0.69135
XGBoost,test,77.567065_12.849815,2024-10-01,0.67621064,0.68764186
XGBoost,test,77.567065_13.105835,2024-10-01,0.58505195,0.5973135
XGBoost,test,77.567065_13.114818,2024-10-01,0.6661732,0.6757814
XGBoost,test,77.567065_13.182192,2024-10-01,0.4991782,0.51880485
XGBoost,test,77.571557_12.71956,2024-10-01,0.77516115,0.7789123
XGBoost,test,77.571557_12.800408,2024-10-01,0.6836274,0.6961731
XGBoost,test,77.571557_12.813883,2024-10-01,0.76737475,0.77112114
XGBoost,test,77.571557_12.849815,2024-10-01,0.68345135,0.6950585
XGBoost,test,77.571557_13.141768,2024-10-01,0.44692785,0.47844532
XGBoost,test,77.571557_13.146259,2024-10-01,0.46177855,0.49300408
XGBoost,test,77.576048_12.71956,2024-10-01,0.7492897,0.73629344
XGBoost,test,77.576048_12.728543,2024-10-01,0.770464,0.77648944
XGBoost,test,77.576048_12.742018,2024-10-01,0.7497797,0.75326955
XGBoost,test,77.576048_12.813883,2024-10-01,0.77988297,0.7815241
XGBoost,test,77.576048_12.827358,2024-10-01,0.6364662,0.6413145
XGBoost,test,77.58054_12.800408,2024-10-01,0.7330707,0.7323258
XGBoost,test,77.58054_12.845324,2024-10-01,0.70823824,0.71907717
XGBoost,test,77.58054_13.083377,2024-10-01,0.51519006,0.5448665
XGBoost,test,77.58054_13.087869,2024-10-01,0.48639116,0.512257
XGBoost,test,77.585031_12.849815,2024-10-01,0.69435716,0.70550513
XGBoost,test,77.585031_13.042953,2024-10-01,0.68768203,0.7127472
XGBoost,test,77.585031_13.137276,2024-10-01,0.47300363,0.49468768
XGBoost,test,77.589523_12.71956,2024-10-01,0.8388069,0.828075
XGBoost,test,77.589523_12.746509,2024-10-01,0.7316669,0.7371612
XGBoost,test,77.589523_12.854307,2024-10-01,0.61311007,0.63325185
XGBoost,test,77.589523_12.971088,2024-10-01,0.76088613,0.7771893
XGBoost,test,77.589523_13.083377,2024-10-01,0.5908652,0.6212302
XGBoost,test,77.589523_13.150751,2024-10-01,0.45724797,0.489401
XGBoost,test,77.594015_12.724051,2024-10-01,0.8416166,0.8302967
XGBoost,test,77.594015_12.733034,2024-10-01,0.80942625,0.8056305
XGBoost,test,77.594015_12.755492,2024-10-01,0.6844993,0.69528997
XGBoost,test,77.594015_12.831849,2024-10-01,0.6024604,0.61096084
XGBoost,test,77.594015_12.836341,2024-10-01,0.64964426,0.6573292
XGBoost,test,77.594015_12.840832,2024-10-01,0.6534144,0.6617546
XGBoost,test,77.594015_12.849815,2024-10-01,0.63775,0.64807826
XGBoost,test,77.594015_12.998037,2024-10-01,0.73968774,0.771139
XGBoost,test,77.594015_13.087869,2024-10-01,0.6179705,0.62747294
XGBoost,test,77.598506_12.665661,2024-10-01,0.7925373,0.79661673
XGBoost,test,77.598506_12.710577,2024-10-01,0.7013792,0.7019885
XGBoost,test,77.598506_12.822866,2024-10-01,0.6311487,0.63518894
XGBoost,test,77.598506_12.849815,2024-10-01,0.72638655,0.7272462
XGBoost,test,77.598506_13.083377,2024-10-01,0.6039226,0.61597323
XGBoost,test,77.598506_13.128293,2024-10-01,0.5664689,0.59137404
XGBoost,test,77.598506_13.141768,2024-10-01,0.4302431,0.45737767
XGBoost,test,77.598506_13.146259,2024-10-01,0.40678263,0.44563365
XGBoost,test,77.602998_12.710577,2024-10-01,0.7149974,0.72079915
XGBoost,test,77.602998_12.827358,2024-10-01,0.5070173,0.5161971
XGBoost,test,77.602998_12.849815,2024-10-01,0.57218784,0.58258307
XGBoost,test,77.602998_12.858799,2024-10-01,0.57899755,0.58466357
XGBoost,test,77.602998_13.114818,2024-10-01,0.574797,0.59352064
XGBoost,test,77.602998_13.11931,2024-10-01,0.5798161,0.59793746
XGBoost,test,77.602998_13.128293,2024-10-01,0.53290457,0.55577636
XGBoost,test,77.602998_13.164226,2024-10-01,0.46976215,0.49313554
XGBoost,test,77.607489_12.768967,2024-10-01,0.63738686,0.63727355
XGBoost,test,77.607489_12.773459,2024-10-01,0.607553,0.6022093
XGBoost,test,77.607489_12.791425,2024-10-01,0.5602118,0.5682387
XGBoost,test,77.607489_12.809391,2024-10-01,0.6572768,0.65986437
XGBoost,test,77.607489_12.818374,2024-10-01,0.7068934,0.71512187
XGBoost,test,77.607489_13.087869,2024-10-01,0.7335657,0.758618
XGBoost,test,77.611981_12.768967,2024-10-01,0.57715595,0.5893699
XGBoost,test,77.611981_12.831849,2024-10-01,0.5621769,0.57386017
XGBoost,test,77.611981_12.867782,2024-10-01,0.5343545,0.5460747
XGBoost,test,77.611981_12.953122,2024-10-01,0.74044186,0.749515
XGBoost,test,77.611981_13.105835,2024-10-01,0.5365555,0.5559718
XGBoost,test,77.611981_13.168717,2024-10-01,0.43415117,0.44364753
XGBoost,test,77.611981_13.182192,2024-10-01,0.37534845,0.39614782
XGBoost,test,77.616473_12.831849,2024-10-01,0.6403908,0.6505815
XGBoost,test,77.616473_12.858799,2024-10-01,0.5304245,0.5310429
XGBoost,test,77.616473_13.114818,2024-10-01,0.5735209,0.5869164
XGBoost,test,77.616473_13.141768,2024-10-01,0.4665265,0.48157033
XGBoost,test,77.616473_13.1777,2024-10-01,0.38476172,0.41280687
XGBoost,test,77.620964_12.795916,2024-10-01,0.45408648,0.46453664
XGBoost,test,77.620964_12.813883,2024-10-01,0.4613139,0.47892797
XGBoost,test,77.620964_12.845324,2024-10-01,0.67856467,0.67834955
XGBoost,test,77.620964_12.858799,2024-10-01,0.5012456,0.5164719
XGBoost,test,77.620964_13.132785,2024-10-01,0.5428728,0.5669681
XGBoost,test,77.625456_12.782442,2024-10-01,0.531815,0.5363174
XGBoost,test,77.625456_12.858799,2024-10-01,0.44882745,0.4588919
XGBoost,test,77.625456_13.065411,2024-10-01,0.39473116,0.424433
XGBoost,test,77.625456_13.128293,2024-10-01,0.5330254,0.5646714
XGBoost,test,77.625456_13.137276,2024-10-01,0.44421488,0.46625003
XGBoost,test,77.625456_13.155243,2024-10-01,0.655197,0.6666414
XGBoost,test,77.625456_13.182192,2024-10-01,0.44474924,0.4669841
XGBoost,test,77.629947_12.795916,2024-10-01,0.7862606,0.7957402
XGBoost,test,77.629947_12.809391,2024-10-01,0.49453095,0.49944916
XGBoost,test,77.629947_12.836341,2024-10-01,0.5926185,0.5976963
XGBoost,test,77.629947_12.854307,2024-10-01,0.516448,0.5191741
XGBoost,test,77.629947_12.858799,2024-10-01,0.4840551,0.49341774
XGBoost,test,77.629947_13.06092,2024-10-01,0.43764502,0.44199273
XGBoost,test,77.629947_13.087869,2024-10-01,0.4613164,0.4786956
XGBoost,test,77.629947_13.1777,2024-10-01,0.4573873,0.4782555
XGBoost,test,77.634439_12.679136,2024-10-01,0.7893312,0.7923711
XGBoost,test,77.634439_12.701593,2024-10-01,0.74356145,0.74630934
XGBoost,test,77.634439_12.733034,2024-10-01,0.5021511,0.5159574
XGBoost,test,77.634439_12.746509,2024-10-01,0.5460352,0.5509089
XGBoost,test,77.634439_12.751001,2024-10-01,0.5449909,0.5434197
XGBoost,test,77.634439_12.849815,2024-10-01,0.5538272,0.558968
XGBoost,test,77.634439_13.047445,2024-10-01,0.49255642,0.5091629
XGBoost,test,77.634439_13.083377,2024-10-01,0.42409635,0.4396385
XGBoost,test,77.634439_13.137276,2024-10-01,0.4178861,0.4389374
XGBoost,test,77.63893_12.688119,2024-10-01,0.7090827,0.7077406
XGBoost,test,77.63893_12.742018,2024-10-01,0.5548341,0.5613613
XGBoost,test,77.63893_12.791425,2024-10-01,0.5558942,0.5608721
XGBoost,test,77.63893_12.800408,2024-10-01,0.49393323,0.5008176
XGBoost,test,77.63893_12.818374,2024-10-01,0.4903516,0.49650386
XGBoost,test,77.63893_12.840832,2024-10-01,0.64363426,0.65040267
XGBoost,test,77.63893_12.872273,2024-10-01,0.42695996,0.44757533
XGBoost,test,77.63893_12.917189,2024-10-01,0.7265992,0.7285518
XGBoost,test,77.63893_12.989054,2024-10-01,0.6613327,0.6783439
XGBoost,test,77.63893_13.056428,2024-10-01,0.530438,0.5516901
XGBoost,test,77.63893_13.078886,2024-10-01,0.44923675,0.46517268
XGBoost,test,77.63893_13.083377,2024-10-01,0.42053863,0.4374966
XGBoost,test,77.63893_13.1777,2024-10-01,0.44537058,0.4635191
XGBoost,test,77.643422_12.795916,2024-10-01,0.5021481,0.5073514
XGBoost,test,77.643422_12.800408,2024-10-01,0.504382,0.50876737
XGBoost,test,77.643422_12.809391,2024-10-01,0.5284473,0.5265983
XGBoost,test,77.643422_12.867782,2024-10-01,0.4841524,0.5025228
XGBoost,test,77.643422_13.002529,2024-10-01,0.5417809,0.56124836
XGBoost,test,77.643422_13.038462,2024-10-01,0.52686316,0.54870856
XGBoost,test,77.643422_13.164226,2024-10-01,0.58910584,0.598328
XGBoost,test,77.647914_12.688119,2024-10-01,0.7388496,0.73803306
XGBoost,test,77.647914_12.733034,2024-10-01,0.5554889,0.56529564
XGBoost,test,77.647914_12.881256,2024-10-01,0.504435,0.5185352
XGBoost,test,77.647914_12.935155,2024-10-01,0.67333937,0.6860095
XGBoost,test,77.647914_13.141768,2024-10-01,0.6809878,0.69377
XGBoost,test,77.647914_13.168717,2024-10-01,0.7312437,0.74510825
XGBoost,test,77.652405_12.697102,2024-10-01,0.706487,0.70908403
XGBoost,test,77.652405_12.773459,2024-10-01,0.49291578,0.49785832
XGBoost,test,77.652405_12.795916,2024-10-01,0.45200944,0.4655057
XGBoost,test,77.652405_12.8049,2024-10-01,0.54825556,0.5450577
XGBoost,test,77.652405_12.858799,2024-10-01,0.72266346,0.72266674
XGBoost,test,77.652405_12.926172,2024-10-01,0.6320249,0.6466273
XGBoost,test,77.652405_13.002529,2024-10-01,0.5384619,0.55653954
XGBoost,test,77.656897_12.742018,2024-10-01,0.5577819,0.56012225
XGBoost,test,77.656897_12.746509,2024-10-01,0.5456343,0.54078716
XGBoost,test,77.656897_12.768967,2024-10-01,0.53812325,0.53873533
XGBoost,test,77.656897_12.791425,2024-10-01,0.46538284,0.47676682
XGBoost,test,77.656897_12.800408,2024-10-01,0.56807584,0.5734043
XGBoost,test,77.656897_12.831849,2024-10-01,0.5847424,0.5845449
XGBoost,test,77.656897_12.849815,2024-10-01,0.4467235,0.4622545
XGBoost,test,77.656897_12.939647,2024-10-01,0.5551167,0.5607023
XGBoost,test,77.656897_13.164226,2024-10-01,0.45220459,0.48132166
XGBoost,test,77.656897_13.173209,2024-10-01,0.42228428,0.43438905
XGBoost,test,77.661388_12.737526,2024-10-01,0.57477796,0.58268666
XGBoost,test,77.661388_12.759984,2024-10-01,0.57954323,0.5800307
XGBoost,test,77.661388_13.056428,2024-10-01,0.46682253,0.4864703
XGBoost,test,77.661388_13.074394,2024-10-01,0.54516256,0.5600776
XGBoost,test,77.661388_13.110327,2024-10-01,0.528647,0.5414891
XGBoost,test,77.661388_13.11931,2024-10-01,0.6117728,0.6181701
XGBoost,test,77.66588_12.679136,2024-10-01,0.6681413,0.6680147
XGBoost,test,77.66588_12.697102,2024-10-01,0.6359056,0.6392887
XGBoost,test,77.66588_12.715068,2024-10-01,0.65814185,0.6522791
XGBoost,test,77.66588_12.724051,2024-10-01,0.6299981,0.62309915
XGBoost,test,77.66588_12.751001,2024-10-01,0.52088195,0.52746665
XGBoost,test,77.66588_12.755492,2024-10-01,0.5803115,0.58841836
XGBoost,test,77.66588_12.764475,2024-10-01,0.5759142,0.5795975
XGBoost,test,77.66588_12.768967,2024-10-01,0.7227179,0.7190261
XGBoost,test,77.66588_12.791425,2024-10-01,0.6183697,0.615508
XGBoost,test,77.66588_12.953122,2024-10-01,0.5684466,0.5780396
XGBoost,test,77.66588_13.038462,2024-10-01,0.46593145,0.48180053
XGBoost,test,77.66588_13.051936,2024-10-01,0.5005721,0.5258415
XGBoost,test,77.66588_13.173209,2024-10-01,0.41399074,0.43117908
XGBoost,test,77.670371_12.71956,2024-10-01,0.6599897,0.67664266
XGBoost,test,77.670371_12.86329,2024-10-01,0.5310069,0.5395227
XGBoost,test,77.670371_12.881256,2024-10-01,0.48343018,0.49683192
XGBoost,test,77.670371_12.894731,2024-10-01,0.4305201,0.45616308
XGBoost,test,77.670371_13.083377,2024-10-01,0.38709903,0.41110644
XGBoost,test,77.670371_13.128293,2024-10-01,0.5219493,0.528801
XGBoost,test,77.674863_12.674644,2024-10-01,0.73538446,0.73888975
XGBoost,test,77.674863_12.71956,2024-10-01,0.6684644,0.6799092
XGBoost,test,77.674863_12.755492,2024-10-01,0.5199681,0.52972007
XGBoost,test,77.674863_12.764475,2024-10-01,0.52380806,0.52951676
XGBoost,test,77.674863_12.786933,2024-10-01,0.5300246,0.5464655
XGBoost,test,77.674863_12.836341,2024-10-01,0.5355948,0.53733647
XGBoost,test,77.674863_12.867782,2024-10-01,0.78413194,0.801083
XGBoost,test,77.674863_13.051936,2024-10-01,0.51198447,0.53150725
XGBoost,test,77.679355_12.697102,2024-10-01,0.53899646,0.54148054
XGBoost,test,77.679355_12.746509,2024-10-01,0.69629616,0.69998705
XGBoost,test,77.679355_12.881256,2024-10-01,0.501432,0.5159131
XGBoost,test,77.679355_12.89024,2024-10-01,0.5262099,0.5361
XGBoost,test,77.679355_12.899223,2024-10-01,0.41610518,0.45244935
XGBoost,test,77.679355_13.047445,2024-10-01,0.76547897,0.7676376
XGBoost,test,77.679355_13.056428,2024-10-01,0.4581396,0.4824422
XGBoost,test,77.679355_13.141768,2024-10-01,0.50781184,0.5318499
XGBoost,test,77.679355_13.155243,2024-10-01,0.4094318,0.43397817
XGBoost,test,77.679355_13.159734,2024-10-01,0.44605973,0.4736969
XGBoost,test,77.683846_12.728543,2024-10-01,0.56534123,0.58028734
XGBoost,test,77.683846_12.742018,2024-10-01,0.52113247,0.5271572
XGBoost,test,77.683846_12.755492,2024-10-01,0.7285051,0.73284745
XGBoost,test,77.683846_12.795916,2024-10-01,0.52488697,0.5295377
XGBoost,test,77.683846_12.8049,2024-10-01,0.50743884,0.51457554
XGBoost,test,77.683846_12.836341,2024-10-01,0.60001934,0.6105259
XGBoost,test,77.683846_12.840832,2024-10-01,0.6088722,0.623451
XGBoost,test,77.683846_12.894731,2024-10-01,0.51989603,0.53044134
XGBoost,test,77.683846_12.917189,2024-10-01,0.43298823,0.45159283
XGBoost,test,77.683846_12.939647,2024-10-01,0.716581,0.72257054
XGBoost,test,77.683846_13.06092,2024-10-01,0.45348904,0.4858397
XGBoost,test,77.683846_13.074394,2024-10-01,0.40061378,0.42190734
XGBoost,test,77.683846_13.11931,2024-10-01,0.3859374,0.3963952
XGBoost,test,77.683846_13.123802,2024-10-01,0.45092887,0.47060925
XGBoost,test,77.688338_12.656678,2024-10-01,0.7254554,0.73499346
XGBoost,test,77.688338_12.69261,2024-10-01,0.8137677,0.8169783
XGBoost,test,77.688338_12.697102,2024-10-01,0.816667,0.8263505
XGBoost,test,77.688338_12.710577,2024-10-01,0.81652343,0.81852096
XGBoost,test,77.688338_12.751001,2024-10-01,0.5985375,0.5965643
XGBoost,test,77.688338_12.755492,2024-10-01,0.55437416,0.5699871
XGBoost,test,77.688338_12.876765,2024-10-01,0.7868649,0.7955048
XGBoost,test,77.688338_12.885748,2024-10-01,0.50425774,0.52196014
XGBoost,test,77.688338_12.966596,2024-10-01,0.5720633,0.58769953
XGBoost,test,77.692829_12.746509,2024-10-01,0.47429982,0.48965302
XGBoost,test,77.692829_12.800408,2024-10-01,0.47170478,0.4821055
XGBoost,test,77.692829_12.845324,2024-10-01,0.6451535,0.65265816
XGBoost,test,77.692829_12.885748,2024-10-01,0.5523399,0.5593973
XGBoost,test,77.692829_12.899223,2024-10-01,0.4733558,0.48488653
XGBoost,test,77.692829_13.047445,2024-10-01,0.7504079,0.7742226
XGBoost,test,77.692829_13.06092,2024-10-01,0.5885662,0.60337716
XGBoost,test,77.692829_13.065411,2024-10-01,0.5571324,0.57069105
XGBoost,test,77.692829_13.083377,2024-10-01,0.41516382,0.43084982
XGBoost,test,77.692829_13.096852,2024-10-01,0.41049832,0.42759156
XGBoost,test,77.692829_13.132785,2024-10-01,0.40570918,0.42979622
XGBoost,test,77.692829_13.155243,2024-10-01,0.40748847,0.41901663
XGBoost,test,77.697321_12.697102,2024-10-01,0.8179161,0.81840277
XGBoost,test,77.697321_12.751001,2024-10-01,0.53683543,0.53684866
XGBoost,test,77.697321_12.773459,2024-10-01,0.4806636,0.4912093
XGBoost,test,77.697321_12.791425,2024-10-01,0.5797749,0.58314145
XGBoost,test,77.697321_12.885748,2024-10-01,0.54870206,0.55535936
XGBoost,test,77.697321_12.894731,2024-10-01,0.49356103,0.5022163
XGBoost,test,77.697321_12.930664,2024-10-01,0.5054375,0.51657
XGBoost,test,77.697321_12.966596,2024-10-01,0.5442291,0.55761504
XGBoost,test,77.697321_13.132785,2024-10-01,0.41380757,0.43742913
XGBoost,test,77.697321_13.150751,2024-10-01,0.445365,0.47184548
XGBoost,test,77.697321_13.1777,2024-10-01,0.584413,0.5892996
XGBoost,test,77.701812_12.742018,2024-10-01,0.50813335,0.51465183
XGBoost,test,77.701812_12.77795,2024-10-01,0.4832132,0.49298102
XGBoost,test,77.701812_12.8049,2024-10-01,0.5622249,0.57672304
XGBoost,test,77.701812_12.822866,2024-10-01,0.5301314,0.54574114
XGBoost,test,77.701812_12.872273,2024-10-01,0.4516538,0.46823052
XGBoost,test,77.701812_12.984563,2024-10-01,0.48387414,0.4952495
XGBoost,test,77.701812_13.03397,2024-10-01,0.43072668,0.45318407
XGBoost,test,77.701812_13.164226,2024-10-01,0.45735213,0.4665232
XGBoost,test,77.706304_12.746509,2024-10-01,0.5158152,0.52087116
XGBoost,test,77.706304_12.751001,2024-10-01,0.5284622,0.5327182
XGBoost,test,77.706304_12.759984,2024-10-01,0.42986575,0.45484212
XGBoost,test,77.706304_12.764475,2024-10-01,0.50730014,0.5093171
XGBoost,test,77.706304_12.86329,2024-10-01,0.39598742,0.40827787
XGBoost,test,77.706304_12.984563,2024-10-01,0.48697,0.4952405
XGBoost,test,77.706304_13.038462,2024-10-01,0.43825445,0.45405614
XGBoost,test,77.706304_13.042953,2024-10-01,0.5151874,0.52635026
XGBoost,test,77.706304_13.137276,2024-10-01,0.7672491,0.7740294
XGBoost,test,77.710796_12.715068,2024-10-01,0.63018924,0.625107
XGBoost,test,77.710796_12.894731,2024-10-01,0.59377277,0.5922535
XGBoost,test,77.710796_12.899223,2024-10-01,0.5146437,0.5249159
XGBoost,test,77.710796_12.912697,2024-10-01,0.44928014,0.4562478
XGBoost,test,77.710796_13.03397,2024-10-01,0.4531619,0.4757732
XGBoost,test,77.710796_13.150751,2024-10-01,0.40058142,0.41491395
XGBoost,test,77.710796_13.168717,2024-10-01,0.50671464,0.52769715
XGBoost,test,77.710796_13.173209,2024-10-01,0.5105777,0.5294572
XGBoost,test,77.715287_12.679136,2024-10-01,0.7092333,0.71580434
XGBoost,test,77.715287_12.742018,2024-10-01,0.5046527,0.50785965
XGBoost,test,77.715287_12.773459,2024-10-01,0.48025528,0.4877308
XGBoost,test,77.715287_12.822866,2024-10-01,0.5267262,0.5327268
XGBoost,test,77.715287_12.827358,2024-10-01,0.47674087,0.48853537
XGBoost,test,77.715287_12.845324,2024-10-01,0.41587502,0.42200565
XGBoost,test,77.715287_12.885748,2024-10-01,0.5604804,0.57280546
XGBoost,test,77.715287_12.899223,2024-10-01,0.4165748,0.43460804
XGBoost,test,77.715287_12.939647,2024-10-01,0.7031835,0.71384984
XGBoost,test,77.715287_12.944139,2024-10-01,0.7406348,0.7451038
XGBoost,test,77.715287_12.94863,2024-10-01,0.60313964,0.60063946
XGBoost,test,77.715287_13.016004,2024-10-01,0.52641875,0.54746807
XGBoost,test,77.715287_13.029478,2024-10-01,0.38321823,0.40325987
XGBoost,test,77.715287_13.038462,2024-10-01,0.51430523,0.52805865
XGBoost,test,77.715287_13.051936,2024-10-01,0.5163601,0.52958673
XGBoost,test,77.715287_13.056428,2024-10-01,0.41882488,0.44323614
XGBoost,test,77.719779_12.706085,2024-10-01,0.64505863,0.6543006
XGBoost,test,77.719779_12.746509,2024-10-01,0.7115295,0.72559685
XGBoost,test,77.719779_12.795916,2024-10-01,0.48860902,0.5030932
XGBoost,test,77.719779_12.840832,2024-10-01,0.5338382,0.54521966
XGBoost,test,77.719779_12.903714,2024-10-01,0.43477848,0.45081106
XGBoost,test,77.719779_13.123802,2024-10-01,0.4309334,0.4481534
XGBoost,test,77.719779_13.155243,2024-10-01,0.4125407,0.4457814
XGBoost,test,77.72427_12.674644,2024-10-01,0.5548697,0.5572152
XGBoost,test,77.72427_12.697102,2024-10-01,0.5056781,0.5088924
XGBoost,test,77.72427_12.701593,2024-10-01,0.5382376,0.5457276
XGBoost,test,77.72427_12.724051,2024-10-01,0.5404825,0.53976613
XGBoost,test,77.72427_12.786933,2024-10-01,0.5027672,0.5061415
XGBoost,test,77.72427_12.791425,2024-10-01,0.5077758,0.5214362
XGBoost,test,77.72427_12.840832,2024-10-01,0.50710064,0.52129483
XGBoost,test,77.72427_12.867782,2024-10-01,0.44342858,0.4627573
XGBoost,test,77.72427_12.885748,2024-10-01,0.4837952,0.49539652
XGBoost,test,77.72427_13.024987,2024-10-01,0.78563815,0.8106652
XGBoost,test,77.728762_12.706085,2024-10-01,0.6522808,0.6469766
XGBoost,test,77.728762_12.724051,2024-10-01,0.65215933,0.65405166
XGBoost,test,77.728762_12.759984,2024-10-01,0.52393496,0.521134
XGBoost,test,77.728762_12.782442,2024-10-01,0.5580951,0.55409783
XGBoost,test,77.728762_12.809391,2024-10-01,0.50098276,0.5157594
XGBoost,test,77.728762_12.858799,2024-10-01,0.5520775,0.5563748
XGBoost,test,77.728762_12.876765,2024-10-01,0.560972,0.5654024
XGBoost,test,77.728762_12.885748,2024-10-01,0.48018646,0.48777112
XGBoost,test,77.728762_13.016004,2024-10-01,0.7870056,0.7925752
XGBoost,test,77.728762_13.047445,2024-10-01,0.48683417,0.5100923
XGBoost,test,77.733253_12.755492,2024-10-01,0.46267286,0.4700117
XGBoost,test,77.733253_12.795916,2024-10-01,0.49585438,0.49856058
XGBoost,test,77.733253_12.86329,2024-10-01,0.57149,0.5806218
XGBoost,test,77.733253_12.872273,2024-10-01,0.5654621,0.57419366
XGBoost,test,77.733253_12.998037,2024-10-01,0.6290834,0.63715744
XGBoost,test,77.737745_12.764475,2024-10-01,0.45574525,0.4682011
XGBoost,test,77.737745_12.791425,2024-10-01,0.48847106,0.4947842
XGBoost,test,77.737745_12.809391,2024-10-01,0.46741086,0.49095234
XGBoost,test,77.737745_12.858799,2024-10-01,0.49442288,0.5149103
XGBoost,test,77.737745_12.872273,2024-10-01,0.55462205,0.557115
XGBoost,test,77.737745_12.881256,2024-10-01,0.58564043,0.5873587
XGBoost,test,77.742237_12.697102,2024-10-01,0.66827154,0.6757946
XGBoost,test,77.742237_12.764475,2024-10-01,0.47702125,0.486962
XGBoost,test,77.742237_12.795916,2024-10-01,0.47145346,0.49005693
XGBoost,test,77.742237_12.8049,2024-10-01,0.5098838,0.51493645
XGBoost,test,77.742237_12.86329,2024-10-01,0.42301735,0.4561259
XGBoost,test,77.742237_12.867782,2024-10-01,0.5580377,0.5731768
XGBoost,test,77.742237_12.89024,2024-10-01,0.5657492,0.57474005
XGBoost,test,77.742237_12.899223,2024-10-01,0.55809563,0.5633786
XGBoost,test,77.742237_12.921681,2024-10-01,0.48032406,0.4905894
XGBoost,test,77.742237_12.980071,2024-10-01,0.53307825,0.5296183
XGBoost,test,77.742237_13.002529,2024-10-01,0.5584352,0.56747794
XGBoost,test,77.742237_13.016004,2024-10-01,0.5526444,0.55581486
XGBoost,test,77.742237_13.038462,2024-10-01,0.404862,0.42636958
XGBoost,test,77.746728_12.751001,2024-10-01,0.5104405,0.52182263
XGBoost,test,77.746728_12.764475,2024-10-01,0.4991511,0.49775067
XGBoost,test,77.746728_12.782442,2024-10-01,0.5567578,0.56722116
XGBoost,test,77.746728_12.97558,2024-10-01,0.5537647,0.5620025
XGBoost,test,77.746728_12.984563,2024-10-01,0.53120464,0.5421137
XGBoost,test,77.746728_13.016004,2024-10-01,0.57017374,0.5844013
XGBoost,test,77.746728_13.020495,2024-10-01,0.6100088,0.6258026
XGBoost,test,77.746728_13.024987,2024-10-01,0.50252587,0.51515186
XGBoost,test,77.746728_13.038462,2024-10-01,0.41547087,0.4410771
XGBoost,test,77.75122_12.751001,2024-10-01,0.49952462,0.5126204
XGBoost,test,77.75122_12.755492,2024-10-01,0.5673344,0.5643403
XGBoost,test,77.75122_12.768967,2024-10-01,0.46423206,0.47194788
XGBoost,test,77.75122_12.77795,2024-10-01,0.51281214,0.53050053
XGBoost,test,77.75122_12.894731,2024-10-01,0.48171547,0.49318525
XGBoost,test,77.75122_12.993546,2024-10-01,0.4704757,0.4865006
XGBoost,test,77.75122_13.020495,2024-10-01,0.5276034,0.53488654
XGBoost,test,77.75122_13.03397,2024-10-01,0.45376152,0.46548074
XGBoost,test,77.75122_13.038462,2024-10-01,0.37482798,0.39404604
XGBoost,test,77.755711_12.706085,2024-10-01,0.57806015,0.5835988
XGBoost,test,77.755711_12.764475,2024-10-01,0.81189656,0.8071119
XGBoost,test,77.755711_12.77795,2024-10-01,0.49327683,0.5041098
XGBoost,test,77.755711_12.822866,2024-10-01,0.47098026,0.4880839
XGBoost,test,77.755711_12.831849,2024-10-01,0.4505232,0.46479985
XGBoost,test,77.755711_12.858799,2024-10-01,0.5131321,0.5277962
XGBoost,test,77.755711_12.885748,2024-10-01,0.5106776,0.5259754
XGBoost,test,77.755711_12.899223,2024-10-01,0.44225696,0.45527834
XGBoost,test,77.755711_12.903714,2024-10-01,0.4798232,0.4884032
XGBoost,test,77.755711_12.926172,2024-10-01,0.5172033,0.5236026
XGBoost,test,77.760203_12.751001,2024-10-01,0.5099259,0.5078364
XGBoost,test,77.760203_12.795916,2024-10-01,0.45019677,0.46216777
XGBoost,test,77.760203_12.818374,2024-10-01,0.5777064,0.58667576
XGBoost,test,77.760203_12.867782,2024-10-01,0.46804738,0.47388196
XGBoost,test,77.760203_12.872273,2024-10-01,0.4825928,0.49681255
XGBoost,test,77.760203_12.876765,2024-10-01,0.45341676,0.46392506
XGBoost,test,77.760203_12.885748,2024-10-01,0.4766032,0.49412954
XGBoost,test,77.760203_12.984563,2024-10-01,0.52420694,0.53131336
XGBoost,test,77.764695_12.742018,2024-10-01,0.67904973,0.6845103
XGBoost,test,77.764695_12.746509,2024-10-01,0.675337,0.6794711
XGBoost,test,77.764695_12.813883,2024-10-01,0.5234559,0.53053236
XGBoost,test,77.764695_12.849815,2024-10-01,0.48914772,0.50415444
XGBoost,test,77.764695_12.885748,2024-10-01,0.50307643,0.5166579
XGBoost,test,77.764695_12.912697,2024-10-01,0.5134743,0.52034545
XGBoost,test,77.764695_13.03397,2024-10-01,0.37363017,0.39428857
XGBoost,test,77.769186_12.751001,2024-10-01,0.70948684,0.7164543
XGBoost,test,77.769186_12.791425,2024-10-01,0.452721,0.46352258
XGBoost,test,77.769186_12.800408,2024-10-01,0.51470804,0.5274065
XGBoost,test,77.769186_12.8049,2024-10-01,0.5684792,0.57806957
XGBoost,test,77.769186_12.809391,2024-10-01,0.47485417,0.4895943
XGBoost,test,77.769186_12.876765,2024-10-01,0.5178404,0.52246165
XGBoost,test,77.769186_12.894731,2024-10-01,0.48106983,0.49693975
XGBoost,test,77.769186_13.016004,2024-10-01,0.45822284,0.4707821
XGBoost,test,77.773678_12.746509,2024-10-01,0.6905796,0.6999733
XGBoost,test,77.773678_12.858799,2024-10-01,0.46030098,0.47427577
XGBoost,test,77.773678_12.885748,2024-10-01,0.48582402,0.50402594
XGBoost,test,77.773678_12.899223,2024-10-01,0.4439601,0.46074066
XGBoost,test,77.773678_12.908206,2024-10-01,0.500414,0.5137377
XGBoost,test,77.778169_12.809391,2024-10-01,0.45868725,0.46540076
XGBoost,test,77.778169_12.885748,2024-10-01,0.5123311,0.51764345
XGBoost,test,77.782661_12.786933,2024-10-01,0.4414761,0.46424106
XGBoost,test,77.782661_12.791425,2024-10-01,0.49373454,0.506363
XGBoost,test,77.782661_12.89024,2024-10-01,0.50389427,0.51302534
XGBoost,test,77.787152_12.786933,2024-10-01,0.46587253,0.47916475
XGBoost,test,77.787152_12.849815,2024-10-01,0.47000092,0.48517025
XGBoost,test,77.787152_12.867782,2024-10-01,0.44901046,0.4626785
XGBoost,test,77.791644_12.8049,2024-10-01,0.48891792,0.50456285
XGBoost,test,77.791644_12.899223,2024-10-01,0.46027634,0.46898124
XGBoost,test,77.796136_12.854307,2024-10-01,0.44675073,0.4635667
XGBoost,test,77.796136_12.885748,2024-10-01,0.5236128,0.52063364
XGBoost,test,77.800627_12.876765,2024-10-01,0.51576823,0.521741
XGBoost,test,77.800627_12.885748,2024-10-01,0.47686538,0.48608172
XGBoost,test,77.805119_12.876765,2024-10-01,0.5288068,0.5284406
XGBoost,test,77.805119_12.89024,2024-10-01,0.49891824,0.497347
XGBoost,test,77.80961_12.858799,2024-10-01,0.49718702,0.50730765
XGBoost,test,77.80961_12.86329,2024-10-01,0.46756658,0.47575432
XGBoost,test,77.342486_12.926172,2024-11-01,0.7632813,0.7613155
XGBoost,test,77.369436_12.881256,2024-11-01,0.45741054,0.4895456
XGBoost,test,77.391894_12.881256,2024-11-01,0.47286192,0.506405
XGBoost,test,77.391894_12.885748,2024-11-01,0.5179057,0.5416945
XGBoost,test,77.405368_13.105835,2024-11-01,0.42957568,0.4434328
XGBoost,test,77.405368_13.11931,2024-11-01,0.4047144,0.42464876
XGBoost,test,77.414352_12.989054,2024-11-01,0.40721357,0.41885406
XGBoost,test,77.414352_12.993546,2024-11-01,0.42477256,0.44558272
XGBoost,test,77.414352_13.11931,2024-11-01,0.42029455,0.4380094
XGBoost,test,77.418843_12.993546,2024-11-01,0.44274625,0.45127156
XGBoost,test,77.432318_12.957613,2024-11-01,0.42986244,0.4413073
XGBoost,test,77.432318_12.998037,2024-11-01,0.3897278,0.40836674
XGBoost,test,77.436809_12.944139,2024-11-01,0.41709706,0.44265565
XGBoost,test,77.441301_12.944139,2024-11-01,0.4967908,0.50956595
XGBoost,test,77.441301_12.94863,2024-11-01,0.4588516,0.47958884
XGBoost,test,77.441301_13.110327,2024-11-01,0.44406956,0.45721275
XGBoost,test,77.445793_12.957613,2024-11-01,0.4848856,0.5092181
XGBoost,test,77.445793_12.984563,2024-11-01,0.4478249,0.47701168
XGBoost,test,77.450284_12.993546,2024-11-01,0.3480504,0.38735572
XGBoost,test,77.450284_13.146259,2024-11-01,0.54384035,0.5396441
XGBoost,test,77.454776_12.993546,2024-11-01,0.394244,0.417544
XGBoost,test,77.454776_13.141768,2024-11-01,0.5255121,0.5382282
XGBoost,test,77.459267_13.11931,2024-11-01,0.47756276,0.47523713
XGBoost,test,77.46825_12.94863,2024-11-01,0.5247546,0.55073845
XGBoost,test,77.46825_12.966596,2024-11-01,0.46736753,0.4896951
XGBoost,test,77.46825_13.1777,2024-11-01,0.48191044,0.49331507
XGBoost,test,77.472742_12.984563,2024-11-01,0.43379655,0.47425634
XGBoost,test,77.477234_12.944139,2024-11-01,0.4795702,0.5138885
XGBoost,test,77.477234_12.94863,2024-11-01,0.50239486,0.53481644
XGBoost,test,77.477234_12.971088,2024-11-01,0.51187986,0.5350656
XGBoost,test,77.481725_12.944139,2024-11-01,0.48739448,0.5165082
XGBoost,test,77.481725_12.971088,2024-11-01,0.41517192,0.43972093
XGBoost,test,77.486217_12.764475,2024-11-01,0.510813,0.53737736
XGBoost,test,77.490708_13.182192,2024-11-01,0.4595536,0.48016927
XGBoost,test,77.490708_13.209142,2024-11-01,0.42860374,0.44181204
XGBoost,test,77.4952_12.786933,2024-11-01,0.4684805,0.50652915
XGBoost,test,77.4952_13.182192,2024-11-01,0.48316303,0.4958317
XGBoost,test,77.499692_13.168717,2024-11-01,0.50347865,0.5029606
XGBoost,test,77.504183_12.786933,2024-11-01,0.54495937,0.5741824
XGBoost,test,77.504183_13.159734,2024-11-01,0.5580061,0.54805565
XGBoost,test,77.504183_13.195667,2024-11-01,0.41602418,0.4318007
XGBoost,test,77.508675_12.795916,2024-11-01,0.5764559,0.59210604
XGBoost,test,77.508675_13.159734,2024-11-01,0.56595606,0.5725601
XGBoost,test,77.508675_13.191175,2024-11-01,0.40284318,0.42590427
XGBoost,test,77.513166_12.746509,2024-11-01,0.7716024,0.78576505
XGBoost,test,77.513166_12.77795,2024-11-01,0.646156,0.6734483
XGBoost,test,77.513166_13.1777,2024-11-01,0.46738032,0.45853725
XGBoost,test,77.517658_12.77795,2024-11-01,0.6118076,0.6158807
XGBoost,test,77.517658_13.186684,2024-11-01,0.48491302,0.4912556
XGBoost,test,77.517658_13.191175,2024-11-01,0.4293765,0.44083726
XGBoost,test,77.522149_13.146259,2024-11-01,0.39770755,0.4090941
XGBoost,test,77.522149_13.200158,2024-11-01,0.48548722,0.49624643
XGBoost,test,77.531133_13.195667,2024-11-01,0.5078817,0.5307629
XGBoost,test,77.535624_13.195667,2024-11-01,0.41479215,0.43940955
XGBoost,test,77.540116_13.042953,2024-11-01,0.6065753,0.6065247
XGBoost,test,77.540116_13.114818,2024-11-01,0.47001296,0.45646286
XGBoost,test,77.544607_13.218125,2024-11-01,0.52082974,0.50915474
XGBoost,test,77.549099_12.845324,2024-11-01,0.65547127,0.6459889
XGBoost,test,77.55359_12.71956,2024-11-01,0.7604232,0.78429085
XGBoost,test,77.55359_12.849815,2024-11-01,0.6262806,0.6309356
XGBoost,test,77.55359_13.069903,2024-11-01,0.7428908,0.7435437
XGBoost,test,77.55359_13.110327,2024-11-01,0.509425,0.5211176
XGBoost,test,77.55359_13.168717,2024-11-01,0.5051654,0.5241207
XGBoost,test,77.55359_13.173209,2024-11-01,0.42827582,0.44613495
XGBoost,test,77.558082_13.042953,2024-11-01,0.67858535,0.68715197
XGBoost,test,77.558082_13.051936,2024-11-01,0.70814806,0.73317194
XGBoost,test,77.558082_13.110327,2024-11-01,0.5254784,0.5371751
XGBoost,test,77.558082_13.1777,2024-11-01,0.47749966,0.4955889
XGBoost,test,77.562574_12.71956,2024-11-01,0.7680658,0.78941375
XGBoost,test,77.567065_12.724051,2024-11-01,0.7352932,0.7745188
XGBoost,test,77.567065_13.105835,2024-11-01,0.5922704,0.606114
XGBoost,test,77.567065_13.114818,2024-11-01,0.67070043,0.68252254
XGBoost,test,77.567065_13.182192,2024-11-01,0.5243762,0.5249603
XGBoost,test,77.571557_12.71956,2024-11-01,0.771338,0.7888301
XGBoost,test,77.576048_12.71956,2024-11-01,0.74999017,0.753606
XGBoost,test,77.576048_12.728543,2024-11-01,0.7696467,0.77732414
XGBoost,test,77.585031_13.042953,2024-11-01,0.7238471,0.7261
XGBoost,test,77.585031_13.137276,2024-11-01,0.5019368,0.5036779
XGBoost,test,77.589523_12.71956,2024-11-01,0.8355901,0.835811
XGBoost,test,77.589523_12.746509,2024-11-01,0.7398836,0.7479469
XGBoost,test,77.589523_12.971088,2024-11-01,0.7850397,0.7940465
XGBoost,test,77.594015_12.724051,2024-11-01,0.8342254,0.83876926
XGBoost,test,77.594015_12.733034,2024-11-01,0.80791986,0.82328653
XGBoost,test,77.594015_12.831849,2024-11-01,0.61114234,0.62746596
XGBoost,test,77.594015_12.998037,2024-11-01,0.7737882,0.77190924
XGBoost,test,77.598506_12.665661,2024-11-01,0.7970948,0.81159127
XGBoost,test,77.598506_12.710577,2024-11-01,0.6898863,0.7210861
XGBoost,test,77.598506_12.822866,2024-11-01,0.63660747,0.6450982
XGBoost,test,77.598506_13.083377,2024-11-01,0.6231235,0.62385535
XGBoost,test,77.598506_13.128293,2024-11-01,0.5890149,0.60028446
XGBoost,test,77.602998_12.710577,2024-11-01,0.7222606,0.7455462
XGBoost,test,77.602998_12.827358,2024-11-01,0.5142034,0.53282106
XGBoost,test,77.602998_13.114818,2024-11-01,0.6156023,0.6064984
XGBoost,test,77.602998_13.11931,2024-11-01,0.60051244,0.6076802
XGBoost,test,77.602998_13.128293,2024-11-01,0.5448289,0.5563679
XGBoost,test,77.602998_13.164226,2024-11-01,0.49648196,0.50192094
XGBoost,test,77.607489_12.768967,2024-11-01,0.6356362,0.6546997
XGBoost,test,77.607489_12.773459,2024-11-01,0.61184937,0.61656874
XGBoost,test,77.607489_12.791425,2024-11-01,0.5608954,0.57984614
XGBoost,test,77.607489_12.809391,2024-11-01,0.6750495,0.674508
XGBoost,test,77.607489_12.818374,2024-11-01,0.719409,0.7282377
XGBoost,test,77.607489_13.087869,2024-11-01,0.75938267,0.74672383
XGBoost,test,77.611981_12.768967,2024-11-01,0.5878373,0.6005447
XGBoost,test,77.611981_12.953122,2024-11-01,0.7459075,0.745406
XGBoost,test,77.611981_13.168717,2024-11-01,0.455794,0.45426998
XGBoost,test,77.611981_13.182192,2024-11-01,0.40144762,0.40417176
XGBoost,test,77.616473_13.114818,2024-11-01,0.5900251,0.601606
XGBoost,test,77.616473_13.141768,2024-11-01,0.47507036,0.4871468
XGBoost,test,77.616473_13.1777,2024-11-01,0.4158293,0.4131539
XGBoost,test,77.620964_12.795916,2024-11-01,0.45306566,0.48428583
XGBoost,test,77.620964_12.813883,2024-11-01,0.46252775,0.49289092
XGBoost,test,77.625456_12.782442,2024-11-01,0.53284925,0.55934083
XGBoost,test,77.625456_13.065411,2024-11-01,0.41093034,0.43049708
XGBoost,test,77.625456_13.155243,2024-11-01,0.66965145,0.6727872
XGBoost,test,77.625456_13.182192,2024-11-01,0.47691363,0.47548318
XGBoost,test,77.629947_12.795916,2024-11-01,0.7994481,0.8134073
XGBoost,test,77.629947_12.809391,2024-11-01,0.5025118,0.51071966
XGBoost,test,77.629947_12.854307,2024-11-01,0.51614183,0.5355989
XGBoost,test,77.629947_13.06092,2024-11-01,0.43701312,0.45991197
XGBoost,test,77.629947_13.087869,2024-11-01,0.4730787,0.48241112
XGBoost,test,77.629947_13.1777,2024-11-01,0.49089244,0.48950076
XGBoost,test,77.634439_12.679136,2024-11-01,0.79247195,0.81338906
XGBoost,test,77.634439_12.701593,2024-11-01,0.7552579,0.7598498
XGBoost,test,77.634439_12.733034,2024-11-01,0.5007944,0.52847046
XGBoost,test,77.634439_12.746509,2024-11-01,0.5414724,0.5651462
XGBoost,test,77.634439_12.751001,2024-11-01,0.53596324,0.56472915
XGBoost,test,77.634439_13.047445,2024-11-01,0.49635345,0.51453847
XGBoost,test,77.634439_13.083377,2024-11-01,0.42900664,0.4451021
XGBoost,test,77.634439_13.137276,2024-11-01,0.44582316,0.44357738
XGBoost,test,77.63893_12.688119,2024-11-01,0.71155214,0.73461956
XGBoost,test,77.63893_12.742018,2024-11-01,0.5429613,0.575677
XGBoost,test,77.63893_12.791425,2024-11-01,0.55287087,0.5746159
XGBoost,test,77.63893_12.800408,2024-11-01,0.4932808,0.51070654
XGBoost,test,77.63893_12.840832,2024-11-01,0.63833004,0.66257125
XGBoost,test,77.63893_13.056428,2024-11-01,0.5466285,0.55618584
XGBoost,test,77.63893_13.078886,2024-11-01,0.45188174,0.47556004
XGBoost,test,77.63893_13.083377,2024-11-01,0.43105367,0.43683648
XGBoost,test,77.643422_12.795916,2024-11-01,0.50487715,0.52822584
XGBoost,test,77.643422_12.800408,2024-11-01,0.5036784,0.52666783
XGBoost,test,77.643422_12.809391,2024-11-01,0.52812636,0.54418635
XGBoost,test,77.643422_13.002529,2024-11-01,0.5585703,0.570731
XGBoost,test,77.643422_13.164226,2024-11-01,0.5938317,0.6098501
XGBoost,test,77.647914_12.688119,2024-11-01,0.7340462,0.7537956
XGBoost,test,77.647914_12.733034,2024-11-01,0.55567455,0.57729673
XGBoost,test,77.647914_13.141768,2024-11-01,0.7022757,0.69892275
XGBoost,test,77.647914_13.168717,2024-11-01,0.74439996,0.7401964
XGBoost,test,77.652405_12.697102,2024-11-01,0.714149,0.73249793
XGBoost,test,77.652405_12.773459,2024-11-01,0.49669492,0.52808535
XGBoost,test,77.652405_12.795916,2024-11-01,0.4485187,0.4722773
XGBoost,test,77.652405_12.8049,2024-11-01,0.5475122,0.57105535
XGBoost,test,77.652405_13.002529,2024-11-01,0.55414855,0.5592925
XGBoost,test,77.656897_12.742018,2024-11-01,0.55776715,0.5725474
XGBoost,test,77.656897_12.746509,2024-11-01,0.5486053,0.56073374
XGBoost,test,77.656897_12.768967,2024-11-01,0.5398651,0.56409883
XGBoost,test,77.656897_12.791425,2024-11-01,0.45500112,0.48612568
XGBoost,test,77.656897_12.800408,2024-11-01,0.56365895,0.5838759
XGBoost,test,77.656897_12.831849,2024-11-01,0.5816595,0.60623556
XGBoost,test,77.656897_13.164226,2024-11-01,0.48644733,0.49259865
XGBoost,test,77.656897_13.173209,2024-11-01,0.4320922,0.43749425
XGBoost,test,77.661388_12.737526,2024-11-01,0.5786986,0.59451026
XGBoost,test,77.661388_12.759984,2024-11-01,0.5848953,0.5919942
XGBoost,test,77.661388_13.056428,2024-11-01,0.47631317,0.49262112
XGBoost,test,77.661388_13.074394,2024-11-01,0.5608006,0.5701717
XGBoost,test,77.661388_13.110327,2024-11-01,0.5359808,0.550448
XGBoost,test,77.661388_13.11931,2024-11-01,0.6145886,0.62985086
XGBoost,test,77.66588_12.679136,2024-11-01,0.6766311,0.6893175
XGBoost,test,77.66588_12.697102,2024-11-01,0.65261716,0.65947753
XGBoost,test,77.66588_12.715068,2024-11-01,0.66025645,0.6701815
XGBoost,test,77.66588_12.724051,2024-11-01,0.6292343,0.64098495
XGBoost,test,77.66588_12.751001,2024-11-01,0.5277801,0.5425382
XGBoost,test,77.66588_12.755492,2024-11-01,0.58188236,0.59517044
XGBoost,test,77.66588_12.764475,2024-11-01,0.57366025,0.5885915
XGBoost,test,77.66588_12.768967,2024-11-01,0.7201108,0.7362676
XGBoost,test,77.66588_12.791425,2024-11-01,0.6176407,0.64471203
XGBoost,test,77.66588_13.038462,2024-11-01,0.4748714,0.49477533
XGBoost,test,77.66588_13.051936,2024-11-01,0.52999014,0.53829616
XGBoost,test,77.66588_13.173209,2024-11-01,0.42310485,0.4369858
XGBoost,test,77.670371_12.71956,2024-11-01,0.66295016,0.69128436
XGBoost,test,77.670371_12.881256,2024-11-01,0.47923404,0.50789523
XGBoost,test,77.670371_13.083377,2024-11-01,0.411287,0.41759762
XGBoost,test,77.670371_13.128293,2024-11-01,0.5336076,0.54067224
XGBoost,test,77.674863_12.674644,2024-11-01,0.7302005,0.76305825
XGBoost,test,77.674863_12.71956,2024-11-01,0.6721378,0.7031416
XGBoost,test,77.674863_12.755492,2024-11-01,0.5289079,0.5424795
XGBoost,test,77.674863_12.764475,2024-11-01,0.5218844,0.54358274
XGBoost,test,77.674863_12.786933,2024-11-01,0.5178961,0.5628742
XGBoost,test,77.674863_12.836341,2024-11-01,0.52958935,0.5530947
XGBoost,test,77.674863_13.051936,2024-11-01,0.53547513,0.53803307
XGBoost,test,77.679355_12.697102,2024-11-01,0.54489976,0.56000084
XGBoost,test,77.679355_12.746509,2024-11-01,0.6995814,0.71971595
XGBoost,test,77.679355_12.89024,2024-11-01,0.53201985,0.54333866
XGBoost,test,77.679355_13.056428,2024-11-01,0.49174532,0.48964658
XGBoost,test,77.679355_13.141768,2024-11-01,0.51536703,0.5418583
XGBoost,test,77.679355_13.155243,2024-11-01,0.43377236,0.4362123
XGBoost,test,77.679355_13.159734,2024-11-01,0.4627152,0.4763024
XGBoost,test,77.683846_12.728543,2024-11-01,0.56319296,0.5886034
XGBoost,test,77.683846_12.742018,2024-11-01,0.5345584,0.54195106
XGBoost,test,77.683846_12.755492,2024-11-01,0.73342735,0.7449669
XGBoost,test,77.683846_12.795916,2024-11-01,0.5224298,0.5397072
XGBoost,test,77.683846_12.8049,2024-11-01,0.5050227,0.5291831
XGBoost,test,77.683846_12.836341,2024-11-01,0.59680516,0.6269213
XGBoost,test,77.683846_12.840832,2024-11-01,0.61015564,0.6334276
XGBoost,test,77.683846_13.06092,2024-11-01,0.48447087,0.49144804
XGBoost,test,77.683846_13.074394,2024-11-01,0.42506757,0.418388
XGBoost,test,77.683846_13.11931,2024-11-01,0.40773574,0.41302833
XGBoost,test,77.683846_13.123802,2024-11-01,0.47032797,0.47936124
XGBoost,test,77.688338_12.656678,2024-11-01,0.7417195,0.750069
XGBoost,test,77.688338_12.69261,2024-11-01,0.82035524,0.8250683
XGBoost,test,77.688338_12.697102,2024-11-01,0.83142287,0.8330857
XGBoost,test,77.688338_12.710577,2024-11-01,0.8203603,0.82911664
XGBoost,test,77.688338_12.751001,2024-11-01,0.59866285,0.61742777
XGBoost,test,77.688338_12.755492,2024-11-01,0.5658831,0.5790885
XGBoost,test,77.688338_12.876765,2024-11-01,0.79572666,0.81157917
XGBoost,test,77.688338_12.885748,2024-11-01,0.50206065,0.54100096
XGBoost,test,77.688338_12.966596,2024-11-01,0.5807492,0.59666276
XGBoost,test,77.692829_12.746509,2024-11-01,0.47781375,0.50833404
XGBoost,test,77.692829_12.800408,2024-11-01,0.4644025,0.4928675
XGBoost,test,77.692829_12.845324,2024-11-01,0.65801203,0.66349435
XGBoost,test,77.692829_12.885748,2024-11-01,0.5548106,0.5777738
XGBoost,test,77.692829_12.899223,2024-11-01,0.48738363,0.501187
XGBoost,test,77.692829_13.047445,2024-11-01,0.80146986,0.7817675
XGBoost,test,77.692829_13.06092,2024-11-01,0.59688413,0.61311924
XGBoost,test,77.692829_13.065411,2024-11-01,0.5758993,0.58139086
XGBoost,test,77.692829_13.083377,2024-11-01,0.4262384,0.4304876
XGBoost,test,77.692829_13.096852,2024-11-01,0.42388085,0.4290426
XGBoost,test,77.692829_13.132785,2024-11-01,0.4209108,0.4337475
XGBoost,test,77.692829_13.155243,2024-11-01,0.41604188,0.43339595
XGBoost,test,77.697321_12.697102,2024-11-01,0.83556336,0.82962507
XGBoost,test,77.697321_12.751001,2024-11-01,0.5352675,0.5603933
XGBoost,test,77.697321_12.773459,2024-11-01,0.4722314,0.5069432
XGBoost,test,77.697321_12.791425,2024-11-01,0.5794685,0.5863626
XGBoost,test,77.697321_12.885748,2024-11-01,0.5494374,0.57674444
XGBoost,test,77.697321_12.894731,2024-11-01,0.5087093,0.52370244
XGBoost,test,77.697321_12.930664,2024-11-01,0.5003923,0.52491736
XGBoost,test,77.697321_13.132785,2024-11-01,0.41758856,0.43600857
XGBoost,test,77.697321_13.150751,2024-11-01,0.46551812,0.4777352
XGBoost,test,77.701812_12.742018,2024-11-01,0.50374645,0.53318226
XGBoost,test,77.701812_12.77795,2024-11-01,0.47858095,0.50798285
XGBoost,test,77.701812_12.8049,2024-11-01,0.55915076,0.5833256
XGBoost,test,77.701812_12.822866,2024-11-01,0.54325634,0.5593878
XGBoost,test,77.701812_12.872273,2024-11-01,0.4561019,0.47353348
XGBoost,test,77.701812_12.984563,2024-11-01,0.48644972,0.5044804
XGBoost,test,77.701812_13.03397,2024-11-01,0.44430298,0.4527218
XGBoost,test,77.701812_13.164226,2024-11-01,0.45311508,0.48455968
XGBoost,test,77.706304_12.746509,2024-11-01,0.5147805,0.5366912
XGBoost,test,77.706304_12.751001,2024-11-01,0.5305838,0.5406709
XGBoost,test,77.706304_12.759984,2024-11-01,0.42067227,0.45407808
XGBoost,test,77.706304_12.764475,2024-11-01,0.4910533,0.52558637
XGBoost,test,77.706304_12.86329,2024-11-01,0.39766878,0.42348588
XGBoost,test,77.706304_12.984563,2024-11-01,0.48910677,0.50712043
XGBoost,test,77.706304_13.038462,2024-11-01,0.44243753,0.4550234
XGBoost,test,77.706304_13.042953,2024-11-01,0.520511,0.5298232
XGBoost,test,77.706304_13.137276,2024-11-01,0.7757012,0.7744921
XGBoost,test,77.710796_12.715068,2024-11-01,0.62335724,0.64226407
XGBoost,test,77.710796_12.894731,2024-11-01,0.5944267,0.60819185
XGBoost,test,77.710796_12.899223,2024-11-01,0.51698685,0.5381286
XGBoost,test,77.710796_12.912697,2024-11-01,0.45417795,0.47247002
XGBoost,test,77.710796_13.03397,2024-11-01,0.45924503,0.48097
XGBoost,test,77.710796_13.150751,2024-11-01,0.40833846,0.42746487
XGBoost,test,77.710796_13.168717,2024-11-01,0.51095915,0.54020876
XGBoost,test,77.710796_13.173209,2024-11-01,0.5176168,0.540304
XGBoost,test,77.715287_12.679136,2024-11-01,0.71182543,0.7299443
XGBoost,test,77.715287_12.742018,2024-11-01,0.49674812,0.5220717
XGBoost,test,77.715287_12.773459,2024-11-01,0.4820237,0.50137174
XGBoost,test,77.715287_12.822866,2024-11-01,0.51526767,0.5433773
XGBoost,test,77.715287_12.827358,2024-11-01,0.46467555,0.49775267
XGBoost,test,77.715287_12.845324,2024-11-01,0.41794184,0.43097562
XGBoost,test,77.715287_12.885748,2024-11-01,0.56902224,0.5846346
XGBoost,test,77.715287_12.899223,2024-11-01,0.4169954,0.43837845
XGBoost,test,77.715287_12.939647,2024-11-01,0.7121486,0.72455126
XGBoost,test,77.715287_12.944139,2024-11-01,0.7470546,0.74747807
XGBoost,test,77.715287_12.94863,2024-11-01,0.60145086,0.62027127
XGBoost,test,77.715287_13.016004,2024-11-01,0.53970474,0.54668325
XGBoost,test,77.715287_13.029478,2024-11-01,0.39674637,0.41715887
XGBoost,test,77.715287_13.038462,2024-11-01,0.52296555,0.53423923
XGBoost,test,77.715287_13.051936,2024-11-01,0.5413638,0.53230923
XGBoost,test,77.715287_13.056428,2024-11-01,0.43787876,0.44234714
XGBoost,test,77.719779_12.706085,2024-11-01,0.6447338,0.6671005
XGBoost,test,77.719779_12.746509,2024-11-01,0.7124427,0.73141736
XGBoost,test,77.719779_12.795916,2024-11-01,0.48961604,0.52499855
XGBoost,test,77.719779_12.840832,2024-11-01,0.5342929,0.5547927
XGBoost,test,77.719779_12.903714,2024-11-01,0.4339651,0.4550746
XGBoost,test,77.719779_13.123802,2024-11-01,0.43590075,0.4534155
XGBoost,test,77.719779_13.155243,2024-11-01,0.43618277,0.44725755
XGBoost,test,77.72427_12.674644,2024-11-01,0.56759053,0.57555336
XGBoost,test,77.72427_12.697102,2024-11-01,0.5108112,0.53275466
XGBoost,test,77.72427_12.701593,2024-11-01,0.54767925,0.5733894
XGBoost,test,77.72427_12.724051,2024-11-01,0.538399,0.56818587
XGBoost,test,77.72427_12.786933,2024-11-01,0.4995859,0.5235419
XGBoost,test,77.72427_12.791425,2024-11-01,0.4988699,0.5317578
XGBoost,test,77.72427_12.840832,2024-11-01,0.50492716,0.5348236
XGBoost,test,77.72427_12.867782,2024-11-01,0.45356885,0.47253862
XGBoost,test,77.72427_12.885748,2024-11-01,0.49413627,0.51259524
XGBoost,test,77.72427_13.024987,2024-11-01,0.8097614,0.8146117
XGBoost,test,77.728762_12.706085,2024-11-01,0.66192687,0.665144
XGBoost,test,77.728762_12.724051,2024-11-01,0.6485745,0.6684149
XGBoost,test,77.728762_12.759984,2024-11-01,0.5292431,0.53682095
XGBoost,test,77.728762_12.782442,2024-11-01,0.55500865,0.57331663
XGBoost,test,77.728762_12.809391,2024-11-01,0.52249783,0.53185
XGBoost,test,77.728762_12.858799,2024-11-01,0.5497581,0.57566774
XGBoost,test,77.728762_12.876765,2024-11-01,0.56293845,0.58299893
XGBoost,test,77.728762_12.885748,2024-11-01,0.4919955,0.5075709
XGBoost,test,77.728762_13.047445,2024-11-01,0.509112,0.5176827
XGBoost,test,77.733253_12.755492,2024-11-01,0.4672803,0.47723424
XGBoost,test,77.733253_12.795916,2024-11-01,0.4977003,0.52262896
XGBoost,test,77.733253_12.86329,2024-11-01,0.57875943,0.59448683
XGBoost,test,77.733253_12.872273,2024-11-01,0.5620788,0.587199
XGBoost,test,77.733253_12.998037,2024-11-01,0.63220197,0.6481827
XGBoost,test,77.737745_12.764475,2024-11-01,0.4510896,0.47917277
XGBoost,test,77.737745_12.791425,2024-11-01,0.48667294,0.51465005
XGBoost,test,77.737745_12.809391,2024-11-01,0.4706669,0.49943912
XGBoost,test,77.737745_12.858799,2024-11-01,0.50340414,0.525775
XGBoost,test,77.737745_12.872273,2024-11-01,0.5601566,0.57912993
XGBoost,test,77.737745_12.881256,2024-11-01,0.58671695,0.6050538
XGBoost,test,77.742237_12.697102,2024-11-01,0.67511755,0.68713194
XGBoost,test,77.742237_12.764475,2024-11-01,0.48260552,0.4998967
XGBoost,test,77.742237_12.795916,2024-11-01,0.47771332,0.4997467
XGBoost,test,77.742237_12.8049,2024-11-01,0.51325995,0.5307461
XGBoost,test,77.742237_12.86329,2024-11-01,0.43453482,0.4591598
XGBoost,test,77.742237_12.867782,2024-11-01,0.5770792,0.58427614
XGBoost,test,77.742237_12.89024,2024-11-01,0.57364583,0.59030795
XGBoost,test,77.742237_12.899223,2024-11-01,0.5569029,0.5786834
XGBoost,test,77.742237_12.921681,2024-11-01,0.4860578,0.5009502
XGBoost,test,77.742237_12.980071,2024-11-01,0.5332822,0.547203
XGBoost,test,77.742237_13.002529,2024-11-01,0.5619521,0.5827524
XGBoost,test,77.742237_13.016004,2024-11-01,0.56106275,0.5633242
XGBoost,test,77.742237_13.038462,2024-11-01,0.42842633,0.4267501
XGBoost,test,77.746728_12.751001,2024-11-01,0.50724816,0.5286643
XGBoost,test,77.746728_12.764475,2024-11-01,0.5018512,0.5194843
XGBoost,test,77.746728_12.782442,2024-11-01,0.54905915,0.5797917
XGBoost,test,77.746728_12.97558,2024-11-01,0.5561316,0.5763304
XGBoost,test,77.746728_12.984563,2024-11-01,0.541909,0.55369955
XGBoost,test,77.746728_13.016004,2024-11-01,0.5897732,0.5987981
XGBoost,test,77.746728_13.020495,2024-11-01,0.62608653,0.6341644
XGBoost,test,77.746728_13.024987,2024-11-01,0.52096415,0.5211994
XGBoost,test,77.746728_13.038462,2024-11-01,0.43214333,0.4347857
XGBoost,test,77.75122_12.751001,2024-11-01,0.5005856,0.52929765
XGBoost,test,77.75122_12.755492,2024-11-01,0.5825438,0.57962376
XGBoost,test,77.75122_12.768967,2024-11-01,0.46825606,0.4799836
XGBoost,test,77.75122_12.894731,2024-11-01,0.47710848,0.505102
XGBoost,test,77.75122_12.993546,2024-11-01,0.5019732,0.49309742
XGBoost,test,77.75122_13.020495,2024-11-01,0.5438279,0.5440195
XGBoost,test,77.75122_13.03397,2024-11-01,0.47451717,0.47524816
XGBoost,test,77.75122_13.038462,2024-11-01,0.388633,0.3978229
XGBoost,test,77.755711_12.706085,2024-11-01,0.5734636,0.59424645
XGBoost,test,77.755711_12.764475,2024-11-01,0.80436516,0.8264135
XGBoost,test,77.755711_12.822866,2024-11-01,0.47538987,0.50053334
XGBoost,test,77.755711_12.831849,2024-11-01,0.44924158,0.47434142
XGBoost,test,77.755711_12.858799,2024-11-01,0.5067963,0.535993
XGBoost,test,77.755711_12.885748,2024-11-01,0.52144784,0.5368698
XGBoost,test,77.755711_12.899223,2024-11-01,0.44353944,0.46075678
XGBoost,test,77.755711_12.903714,2024-11-01,0.49554867,0.5015978
XGBoost,test,77.755711_12.926172,2024-11-01,0.5219762,0.53265095
XGBoost,test,77.760203_12.751001,2024-11-01,0.51788735,0.52644426
XGBoost,test,77.760203_12.795916,2024-11-01,0.45475617,0.46866745
XGBoost,test,77.760203_12.818374,2024-11-01,0.5754231,0.5984739
XGBoost,test,77.760203_12.867782,2024-11-01,0.46800527,0.48201722
XGBoost,test,77.760203_12.872273,2024-11-01,0.49468035,0.5058612
XGBoost,test,77.760203_12.876765,2024-11-01,0.45489785,0.47717312
XGBoost,test,77.760203_12.885748,2024-11-01,0.49561244,0.50406384
XGBoost,test,77.760203_12.984563,2024-11-01,0.53933,0.5496503
XGBoost,test,77.764695_12.742018,2024-11-01,0.67418927,0.69711083
XGBoost,test,77.764695_12.746509,2024-11-01,0.66820514,0.6938556
XGBoost,test,77.764695_12.813883,2024-11-01,0.5281007,0.5472988
XGBoost,test,77.764695_12.849815,2024-11-01,0.4816842,0.5136429
XGBoost,test,77.764695_12.885748,2024-11-01,0.508009,0.5273637
XGBoost,test,77.764695_12.912697,2024-11-01,0.5249883,0.5348375
XGBoost,test,77.764695_13.03397,2024-11-01,0.40790495,0.39970624
XGBoost,test,77.769186_12.751001,2024-11-01,0.71304095,0.72947013
XGBoost,test,77.769186_12.791425,2024-11-01,0.4544473,0.4717567
XGBoost,test,77.769186_12.800408,2024-11-01,0.5323019,0.5377214
XGBoost,test,77.769186_12.8049,2024-11-01,0.57921773,0.5872982
XGBoost,test,77.769186_12.809391,2024-11-01,0.48825887,0.50224835
XGBoost,test,77.769186_12.876765,2024-11-01,0.5102668,0.53176785
XGBoost,test,77.769186_12.894731,2024-11-01,0.4836322,0.50715286
XGBoost,test,77.769186_13.016004,2024-11-01,0.46386513,0.47852123
XGBoost,test,77.773678_12.746509,2024-11-01,0.6910793,0.7088136
XGBoost,test,77.773678_12.858799,2024-11-01,0.4593287,0.47881404
XGBoost,test,77.773678_12.885748,2024-11-01,0.49380854,0.5147261
XGBoost,test,77.773678_12.899223,2024-11-01,0.45196214,0.47049698
XGBoost,test,77.773678_12.908206,2024-11-01,0.5184208,0.5285181
XGBoost,test,77.778169_12.809391,2024-11-01,0.4731305,0.47349387
XGBoost,test,77.778169_12.885748,2024-11-01,0.50905216,0.5287115
XGBoost,test,77.782661_12.786933,2024-11-01,0.46529278,0.47023147
XGBoost,test,77.782661_12.791425,2024-11-01,0.51047766,0.52485573
XGBoost,test,77.782661_12.89024,2024-11-01,0.50369936,0.5240172
XGBoost,test,77.787152_12.786933,2024-11-01,0.4693288,0.4876884
XGBoost,test,77.787152_12.849815,2024-11-01,0.47203702,0.48914766
XGBoost,test,77.787152_12.867782,2024-11-01,0.44804546,0.46949515
XGBoost,test,77.791644_12.8049,2024-11-01,0.50703275,0.51190156
XGBoost,test,77.791644_12.899223,2024-11-01,0.46327183,0.47974655
XGBoost,test,77.796136_12.854307,2024-11-01,0.4455416,0.46510407
XGBoost,test,77.796136_12.885748,2024-11-01,0.52451205,0.53487736
XGBoost,test,77.800627_12.876765,2024-11-01,0.5218404,0.5342888
XGBoost,test,77.800627_12.885748,2024-11-01,0.47747114,0.49433026
XGBoost,test,77.805119_12.876765,2024-11-01,0.5351398,0.5420194
XGBoost,test,77.805119_12.89024,2024-11-01,0.4990622,0.5159367
XGBoost,test,77.80961_12.858799,2024-11-01,0.49599043,0.5170144
XGBoost,test,77.80961_12.86329,2024-11-01,0.4665721,0.4835892
XGBoost,test,77.405368_13.105835,2024-12-01,0.4026398,0.43512633
XGBoost,test,77.405368_13.11931,2024-12-01,0.3752482,0.40128782
XGBoost,test,77.414352_12.989054,2024-12-01,0.37945995,0.40540844
XGBoost,test,77.414352_12.993546,2024-12-01,0.4064357,0.43445784
XGBoost,test,77.414352_13.11931,2024-12-01,0.39678216,0.42920354
XGBoost,test,77.418843_12.993546,2024-12-01,0.41260195,0.44247785
XGBoost,test,77.432318_12.998037,2024-12-01,0.35659322,0.3962805
XGBoost,test,77.441301_13.110327,2024-12-01,0.4107613,0.45177686
XGBoost,test,77.450284_13.146259,2024-12-01,0.49269027,0.5311425
XGBoost,test,77.454776_13.141768,2024-12-01,0.48425484,0.5232885
XGBoost,test,77.459267_13.11931,2024-12-01,0.4347061,0.46164504
XGBoost,test,77.46825_13.1777,2024-12-01,0.4494153,0.48700958
XGBoost,test,77.490708_13.182192,2024-12-01,0.4344709,0.46746415
XGBoost,test,77.490708_13.209142,2024-12-01,0.39617062,0.43693277
XGBoost,test,77.4952_13.182192,2024-12-01,0.45402923,0.48958406
XGBoost,test,77.499692_13.168717,2024-12-01,0.45459688,0.49000356
XGBoost,test,77.504183_13.159734,2024-12-01,0.50916463,0.5402421
XGBoost,test,77.504183_13.195667,2024-12-01,0.37697294,0.41940105
XGBoost,test,77.508675_13.159734,2024-12-01,0.5283575,0.5647674
XGBoost,test,77.513166_13.1777,2024-12-01,0.41231966,0.44512835
XGBoost,test,77.517658_13.186684,2024-12-01,0.45344034,0.4786692
XGBoost,test,77.517658_13.191175,2024-12-01,0.40423584,0.428489
XGBoost,test,77.522149_13.146259,2024-12-01,0.35698652,0.39385876
XGBoost,test,77.522149_13.200158,2024-12-01,0.45953655,0.47814116
XGBoost,test,77.531133_13.195667,2024-12-01,0.48990837,0.51278853
XGBoost,test,77.535624_13.195667,2024-12-01,0.40089622,0.4308807
XGBoost,test,77.540116_13.042953,2024-12-01,0.55843115,0.5883059
XGBoost,test,77.540116_13.114818,2024-12-01,0.42953777,0.44653344
XGBoost,test,77.544607_13.218125,2024-12-01,0.47542247,0.49736276
XGBoost,test,77.55359_12.71956,2024-12-01,0.7666159,0.7861977
XGBoost,test,77.55359_13.069903,2024-12-01,0.7231412,0.74952203
XGBoost,test,77.55359_13.110327,2024-12-01,0.4865921,0.50977993
XGBoost,test,77.55359_13.168717,2024-12-01,0.48504966,0.5098183
XGBoost,test,77.55359_13.173209,2024-12-01,0.4040793,0.43458185
XGBoost,test,77.558082_13.042953,2024-12-01,0.6397694,0.6752458
XGBoost,test,77.558082_13.051936,2024-12-01,0.69871193,0.7355188
XGBoost,test,77.558082_13.110327,2024-12-01,0.5010256,0.5337338
XGBoost,test,77.558082_13.1777,2024-12-01,0.4607098,0.48449543
XGBoost,test,77.562574_12.71956,2024-12-01,0.759409,0.79560024
XGBoost,test,77.567065_12.724051,2024-12-01,0.73085976,0.7677391
XGBoost,test,77.567065_13.105835,2024-12-01,0.5724958,0.5984964
XGBoost,test,77.567065_13.114818,2024-12-01,0.654456,0.6718004
XGBoost,test,77.567065_13.182192,2024-12-01,0.49285707,0.513173
XGBoost,test,77.571557_12.71956,2024-12-01,0.75489336,0.7822851
XGBoost,test,77.576048_12.71956,2024-12-01,0.7300076,0.7469893
XGBoost,test,77.576048_12.728543,2024-12-01,0.75288796,0.78592926
XGBoost,test,77.585031_13.042953,2024-12-01,0.6969535,0.7324518
XGBoost,test,77.585031_13.137276,2024-12-01,0.4771084,0.4899398
XGBoost,test,77.589523_12.71956,2024-12-01,0.8324883,0.8295727
XGBoost,test,77.589523_12.746509,2024-12-01,0.7144875,0.74249697
XGBoost,test,77.594015_12.724051,2024-12-01,0.8249349,0.82728446
XGBoost,test,77.594015_12.733034,2024-12-01,0.7919212,0.81949294
XGBoost,test,77.598506_12.665661,2024-12-01,0.7712763,0.79919136
XGBoost,test,77.598506_13.083377,2024-12-01,0.58735293,0.61026275
XGBoost,test,77.598506_13.128293,2024-12-01,0.561536,0.58419997
XGBoost,test,77.602998_12.710577,2024-12-01,0.7040614,0.7410603
XGBoost,test,77.602998_13.11931,2024-12-01,0.57150155,0.5945182
XGBoost,test,77.602998_13.128293,2024-12-01,0.5186202,0.5436887
XGBoost,test,77.602998_13.164226,2024-12-01,0.46571308,0.490996
XGBoost,test,77.607489_12.768967,2024-12-01,0.6253954,0.6329716
XGBoost,test,77.607489_12.773459,2024-12-01,0.6030172,0.6069107
XGBoost,test,77.607489_12.791425,2024-12-01,0.54731476,0.5742659
XGBoost,test,77.607489_13.087869,2024-12-01,0.73225856,0.7608458
XGBoost,test,77.611981_12.953122,2024-12-01,0.72456336,0.76362705
XGBoost,test,77.611981_13.168717,2024-12-01,0.43446606,0.4486436
XGBoost,test,77.611981_13.182192,2024-12-01,0.37214395,0.39247492
XGBoost,test,77.616473_13.114818,2024-12-01,0.5650577,0.59232783
XGBoost,test,77.616473_13.141768,2024-12-01,0.4519274,0.47901577
XGBoost,test,77.616473_13.1777,2024-12-01,0.38450232,0.3897706
XGBoost,test,77.625456_13.065411,2024-12-01,0.39345726,0.43065187
XGBoost,test,77.625456_13.155243,2024-12-01,0.6480061,0.6604809
XGBoost,test,77.625456_13.182192,2024-12-01,0.44482052,0.46282813
XGBoost,test,77.629947_12.854307,2024-12-01,0.4854545,0.5151591
XGBoost,test,77.629947_13.06092,2024-12-01,0.4233785,0.45268083
XGBoost,test,77.629947_13.087869,2024-12-01,0.4450165,0.46814033
XGBoost,test,77.629947_13.1777,2024-12-01,0.4564476,0.4804773
XGBoost,test,77.634439_12.679136,2024-12-01,0.7710902,0.79524434
XGBoost,test,77.634439_12.701593,2024-12-01,0.7283838,0.7457913
XGBoost,test,77.634439_12.746509,2024-12-01,0.5298264,0.55211776
XGBoost,test,77.634439_12.751001,2024-12-01,0.5199097,0.5444589
XGBoost,test,77.634439_13.047445,2024-12-01,0.4789836,0.50797045
XGBoost,test,77.634439_13.083377,2024-12-01,0.40642616,0.4355833
XGBoost,test,77.634439_13.137276,2024-12-01,0.40605894,0.43527853
XGBoost,test,77.63893_12.688119,2024-12-01,0.6958861,0.7292576
XGBoost,test,77.63893_12.742018,2024-12-01,0.5279211,0.56342393
XGBoost,test,77.63893_12.791425,2024-12-01,0.53090477,0.5628281
XGBoost,test,77.63893_12.800408,2024-12-01,0.46969655,0.5025206
XGBoost,test,77.63893_12.840832,2024-12-01,0.62113696,0.6582227
XGBoost,test,77.63893_13.056428,2024-12-01,0.5245197,0.5407399
XGBoost,test,77.63893_13.078886,2024-12-01,0.441256,0.46452692
XGBoost,test,77.63893_13.083377,2024-12-01,0.40514404,0.43608576
XGBoost,test,77.643422_12.795916,2024-12-01,0.4818113,0.506069
XGBoost,test,77.643422_12.800408,2024-12-01,0.48199597,0.50453985
XGBoost,test,77.643422_12.809391,2024-12-01,0.50589716,0.5305211
XGBoost,test,77.643422_13.002529,2024-12-01,0.53292155,0.56002694
XGBoost,test,77.643422_13.164226,2024-12-01,0.57243586,0.6027522
XGBoost,test,77.647914_12.688119,2024-12-01,0.71795785,0.7471907
XGBoost,test,77.647914_13.141768,2024-12-01,0.6730733,0.6872436
XGBoost,test,77.647914_13.168717,2024-12-01,0.7116246,0.73477405
XGBoost,test,77.652405_12.697102,2024-12-01,0.68416464,0.72780204
XGBoost,test,77.652405_12.773459,2024-12-01,0.47542652,0.49337447
XGBoost,test,77.652405_12.795916,2024-12-01,0.43101016,0.46005476
XGBoost,test,77.652405_12.8049,2024-12-01,0.53262854,0.55655926
XGBoost,test,77.652405_13.002529,2024-12-01,0.5263109,0.5582685
XGBoost,test,77.656897_12.742018,2024-12-01,0.5424392,0.56703186
XGBoost,test,77.656897_12.746509,2024-12-01,0.52141964,0.54094154
XGBoost,test,77.656897_12.791425,2024-12-01,0.44540316,0.4737872
XGBoost,test,77.656897_12.800408,2024-12-01,0.54154825,0.5726377
XGBoost,test,77.656897_12.831849,2024-12-01,0.56502795,0.5919955
XGBoost,test,77.656897_13.164226,2024-12-01,0.45461565,0.47297198
XGBoost,test,77.656897_13.173209,2024-12-01,0.40484142,0.43125212
XGBoost,test,77.661388_12.737526,2024-12-01,0.57405233,0.5827209
XGBoost,test,77.661388_12.759984,2024-12-01,0.55487776,0.57487196
XGBoost,test,77.661388_13.056428,2024-12-01,0.45849323,0.4790647
XGBoost,test,77.661388_13.074394,2024-12-01,0.5316389,0.55501795
XGBoost,test,77.661388_13.110327,2024-12-01,0.51896834,0.5445956
XGBoost,test,77.661388_13.11931,2024-12-01,0.5869468,0.6167918
XGBoost,test,77.66588_12.679136,2024-12-01,0.65700835,0.6803768
XGBoost,test,77.66588_12.697102,2024-12-01,0.62583095,0.6473619
XGBoost,test,77.66588_12.715068,2024-12-01,0.6383668,0.6681029
XGBoost,test,77.66588_12.724051,2024-12-01,0.61340445,0.62705714
XGBoost,test,77.66588_12.751001,2024-12-01,0.4933237,0.5318754
XGBoost,test,77.66588_12.755492,2024-12-01,0.5557365,0.58053803
XGBoost,test,77.66588_12.764475,2024-12-01,0.55207074,0.57814884
XGBoost,test,77.66588_12.768967,2024-12-01,0.6983312,0.73816776
XGBoost,test,77.66588_12.791425,2024-12-01,0.59723264,0.6151547
XGBoost,test,77.66588_13.038462,2024-12-01,0.45693132,0.48123252
XGBoost,test,77.66588_13.051936,2024-12-01,0.5020516,0.52062804
XGBoost,test,77.66588_13.173209,2024-12-01,0.39533705,0.42421
XGBoost,test,77.670371_12.71956,2024-12-01,0.64471686,0.67334706
XGBoost,test,77.670371_12.881256,2024-12-01,0.46887827,0.4985156
XGBoost,test,77.670371_13.083377,2024-12-01,0.38862693,0.41673222
XGBoost,test,77.670371_13.128293,2024-12-01,0.50046134,0.529209
XGBoost,test,77.674863_12.674644,2024-12-01,0.71398824,0.74263686
XGBoost,test,77.674863_12.755492,2024-12-01,0.50397915,0.5281972
XGBoost,test,77.674863_12.764475,2024-12-01,0.50412804,0.52702886
XGBoost,test,77.674863_12.786933,2024-12-01,0.5069503,0.54003686
XGBoost,test,77.674863_12.836341,2024-12-01,0.512399,0.5413273
XGBoost,test,77.674863_13.051936,2024-12-01,0.5078689,0.52808774
XGBoost,test,77.679355_12.697102,2024-12-01,0.5249433,0.5435114
XGBoost,test,77.679355_12.746509,2024-12-01,0.68391436,0.70256704
XGBoost,test,77.679355_12.89024,2024-12-01,0.50364673,0.5328326
XGBoost,test,77.679355_13.056428,2024-12-01,0.46063268,0.48590407
XGBoost,test,77.679355_13.141768,2024-12-01,0.48882902,0.5269234
XGBoost,test,77.679355_13.155243,2024-12-01,0.3975843,0.42927065
XGBoost,test,77.679355_13.159734,2024-12-01,0.42952293,0.46395388
XGBoost,test,77.683846_12.742018,2024-12-01,0.5091643,0.5264895
XGBoost,test,77.683846_12.8049,2024-12-01,0.48094708,0.51248693
XGBoost,test,77.683846_12.840832,2024-12-01,0.5872594,0.61717445
XGBoost,test,77.683846_13.06092,2024-12-01,0.4453168,0.47327426
XGBoost,test,77.683846_13.074394,2024-12-01,0.38885015,0.41767347
XGBoost,test,77.683846_13.11931,2024-12-01,0.37187874,0.3979036
XGBoost,test,77.683846_13.123802,2024-12-01,0.43565306,0.461757
XGBoost,test,77.688338_12.656678,2024-12-01,0.7095217,0.7435628
XGBoost,test,77.688338_12.69261,2024-12-01,0.79305243,0.8175908
XGBoost,test,77.688338_12.697102,2024-12-01,0.80391014,0.82653934
XGBoost,test,77.688338_12.710577,2024-12-01,0.8018277,0.8211033
XGBoost,test,77.688338_12.876765,2024-12-01,0.78636223,0.7955883
XGBoost,test,77.688338_12.885748,2024-12-01,0.48467782,0.5212371
XGBoost,test,77.688338_12.966596,2024-12-01,0.56433207,0.58864
XGBoost,test,77.692829_12.800408,2024-12-01,0.4506077,0.4735027
XGBoost,test,77.692829_12.845324,2024-12-01,0.6462899,0.66039896
XGBoost,test,77.692829_12.885748,2024-12-01,0.5273003,0.57083887
XGBoost,test,77.692829_12.899223,2024-12-01,0.4511799,0.48058167
XGBoost,test,77.692829_13.047445,2024-12-01,0.7478972,0.77581626
XGBoost,test,77.692829_13.06092,2024-12-01,0.57149756,0.59529835
XGBoost,test,77.692829_13.065411,2024-12-01,0.5434113,0.57203823
XGBoost,test,77.692829_13.083377,2024-12-01,0.38971037,0.41988447
XGBoost,test,77.692829_13.096852,2024-12-01,0.39411208,0.42776895
XGBoost,test,77.692829_13.132785,2024-12-01,0.39377066,0.41891834
XGBoost,test,77.692829_13.155243,2024-12-01,0.39241517,0.42494026
XGBoost,test,77.697321_12.697102,2024-12-01,0.79939747,0.81947017
XGBoost,test,77.697321_12.773459,2024-12-01,0.45328045,0.4876322
XGBoost,test,77.697321_12.791425,2024-12-01,0.5485421,0.5720831
XGBoost,test,77.697321_12.885748,2024-12-01,0.5305588,0.57076347
XGBoost,test,77.697321_12.894731,2024-12-01,0.47049963,0.4988105
XGBoost,test,77.697321_12.930664,2024-12-01,0.48822927,0.5157151
XGBoost,test,77.697321_13.132785,2024-12-01,0.39299673,0.42569253
XGBoost,test,77.697321_13.150751,2024-12-01,0.4431745,0.4647331
XGBoost,test,77.701812_12.77795,2024-12-01,0.45845476,0.49168792
XGBoost,test,77.701812_12.8049,2024-12-01,0.555044,0.57072145
XGBoost,test,77.701812_12.822866,2024-12-01,0.5275622,0.5421033
XGBoost,test,77.701812_12.872273,2024-12-01,0.4430972,0.46575138
XGBoost,test,77.701812_12.984563,2024-12-01,0.4704044,0.4988119
XGBoost,test,77.701812_13.03397,2024-12-01,0.4202481,0.45196274
XGBoost,test,77.706304_12.984563,2024-12-01,0.4716399,0.5033772
XGBoost,test,77.706304_13.038462,2024-12-01,0.4220925,0.45193216
XGBoost,test,77.706304_13.042953,2024-12-01,0.49995294,0.5142255
XGBoost,test,77.706304_13.137276,2024-12-01,0.74955857,0.771125
XGBoost,test,77.710796_12.715068,2024-12-01,0.6106936,0.62775904
XGBoost,test,77.710796_12.894731,2024-12-01,0.57788914,0.58967036
XGBoost,test,77.710796_12.899223,2024-12-01,0.4996465,0.5256049
XGBoost,test,77.710796_12.912697,2024-12-01,0.42174974,0.4528858
XGBoost,test,77.710796_13.03397,2024-12-01,0.43446085,0.47107735
XGBoost,test,77.710796_13.150751,2024-12-01,0.38875702,0.42138487
XGBoost,test,77.710796_13.168717,2024-12-01,0.49604326,0.5289095
XGBoost,test,77.710796_13.173209,2024-12-01,0.5011664,0.5191991
XGBoost,test,77.715287_12.822866,2024-12-01,0.5120109,0.5282971
XGBoost,test,77.715287_12.827358,2024-12-01,0.45934135,0.47481266
XGBoost,test,77.715287_12.845324,2024-12-01,0.40104827,0.43292496
XGBoost,test,77.715287_12.885748,2024-12-01,0.5555119,0.56812525
XGBoost,test,77.715287_12.899223,2024-12-01,0.40308133,0.43226305
XGBoost,test,77.715287_12.939647,2024-12-01,0.6971083,0.72144693
XGBoost,test,77.715287_12.944139,2024-12-01,0.73384094,0.7582111
XGBoost,test,77.715287_12.94863,2024-12-01,0.58828825,0.61407506
XGBoost,test,77.715287_13.016004,2024-12-01,0.5201429,0.53964174
XGBoost,test,77.715287_13.029478,2024-12-01,0.37317288,0.40460044
XGBoost,test,77.715287_13.038462,2024-12-01,0.5050709,0.5250419
XGBoost,test,77.715287_13.051936,2024-12-01,0.503745,0.5259859
XGBoost,test,77.715287_13.056428,2024-12-01,0.41188562,0.43994218
XGBoost,test,77.719779_12.706085,2024-12-01,0.62212837,0.66435367
XGBoost,test,77.719779_12.795916,2024-12-01,0.48220086,0.49974304
XGBoost,test,77.719779_12.840832,2024-12-01,0.5171673,0.5418789
XGBoost,test,77.719779_12.903714,2024-12-01,0.42949793,0.43928564
XGBoost,test,77.719779_13.123802,2024-12-01,0.41664818,0.4376542
XGBoost,test,77.719779_13.155243,2024-12-01,0.41186738,0.44036946
XGBoost,test,77.72427_12.674644,2024-12-01,0.5345452,0.56678736
XGBoost,test,77.72427_12.697102,2024-12-01,0.4859202,0.514202
XGBoost,test,77.72427_12.701593,2024-12-01,0.5174008,0.55941767
XGBoost,test,77.72427_12.786933,2024-12-01,0.48296168,0.5066404
XGBoost,test,77.72427_12.791425,2024-12-01,0.48907,0.51336026
XGBoost,test,77.72427_12.840832,2024-12-01,0.49325815,0.51539004
XGBoost,test,77.72427_12.867782,2024-12-01,0.43761972,0.45922935
XGBoost,test,77.72427_12.885748,2024-12-01,0.4789389,0.50038224
XGBoost,test,77.72427_13.024987,2024-12-01,0.786102,0.8111219
XGBoost,test,77.728762_12.706085,2024-12-01,0.6195572,0.6546726
XGBoost,test,77.728762_12.724051,2024-12-01,0.6275738,0.6633673
XGBoost,test,77.728762_12.858799,2024-12-01,0.5388683,0.5604368
XGBoost,test,77.728762_12.876765,2024-12-01,0.5431706,0.57059115
XGBoost,test,77.728762_12.885748,2024-12-01,0.47059944,0.48758143
XGBoost,test,77.728762_13.047445,2024-12-01,0.4775358,0.49602538
XGBoost,test,77.733253_12.795916,2024-12-01,0.48156238,0.502373
XGBoost,test,77.733253_12.86329,2024-12-01,0.5632363,0.5742196
XGBoost,test,77.733253_12.872273,2024-12-01,0.5489259,0.57261306
XGBoost,test,77.733253_12.998037,2024-12-01,0.6078799,0.63827443
XGBoost,test,77.737745_12.791425,2024-12-01,0.47337654,0.5014218
XGBoost,test,77.737745_12.858799,2024-12-01,0.4934156,0.50458217
XGBoost,test,77.737745_12.872273,2024-12-01,0.53622746,0.56147015
XGBoost,test,77.737745_12.881256,2024-12-01,0.5726353,0.5898114
XGBoost,test,77.742237_12.697102,2024-12-01,0.6542768,0.67267406
XGBoost,test,77.742237_12.795916,2024-12-01,0.46600527,0.47750008
XGBoost,test,77.742237_12.8049,2024-12-01,0.49138895,0.5079686
XGBoost,test,77.742237_12.86329,2024-12-01,0.41660443,0.43675432
XGBoost,test,77.742237_12.867782,2024-12-01,0.5533854,0.573261
XGBoost,test,77.742237_12.89024,2024-12-01,0.55547446,0.5755632
XGBoost,test,77.742237_12.899223,2024-12-01,0.53707933,0.5689756
XGBoost,test,77.742237_12.921681,2024-12-01,0.4628441,0.4781792
XGBoost,test,77.742237_12.980071,2024-12-01,0.50988436,0.5337489
XGBoost,test,77.742237_13.038462,2024-12-01,0.3923183,0.41883352
XGBoost,test,77.746728_12.97558,2024-12-01,0.5318301,0.5598967
XGBoost,test,77.746728_12.984563,2024-12-01,0.5197995,0.54323244
XGBoost,test,77.746728_13.020495,2024-12-01,0.60841286,0.62338465
XGBoost,test,77.746728_13.024987,2024-12-01,0.4888189,0.50848436
XGBoost,test,77.746728_13.038462,2024-12-01,0.4029163,0.43106687
XGBoost,test,77.75122_12.768967,2024-12-01,0.4479067,0.4663562
XGBoost,test,77.75122_12.894731,2024-12-01,0.45372078,0.47861168
XGBoost,test,77.75122_12.993546,2024-12-01,0.46170422,0.46908444
XGBoost,test,77.75122_13.020495,2024-12-01,0.5215776,0.53444934
XGBoost,test,77.75122_13.03397,2024-12-01,0.440858,0.4622543
XGBoost,test,77.75122_13.038462,2024-12-01,0.36383367,0.39497936
XGBoost,test,77.755711_12.706085,2024-12-01,0.5568955,0.57886976
XGBoost,test,77.755711_12.764475,2024-12-01,0.79671705,0.81691563
XGBoost,test,77.755711_12.831849,2024-12-01,0.44248152,0.45615417
XGBoost,test,77.755711_12.858799,2024-12-01,0.4961882,0.5217438
XGBoost,test,77.755711_12.903714,2024-12-01,0.45727032,0.4765188
XGBoost,test,77.755711_12.926172,2024-12-01,0.5010651,0.52165514
XGBoost,test,77.760203_12.795916,2024-12-01,0.44053593,0.458437
XGBoost,test,77.760203_12.818374,2024-12-01,0.57035065,0.5841967
XGBoost,test,77.760203_12.867782,2024-12-01,0.4466998,0.46418667
XGBoost,test,77.760203_12.872273,2024-12-01,0.474569,0.47805986
XGBoost,test,77.760203_12.876765,2024-12-01,0.43785274,0.4607942
XGBoost,test,77.760203_12.885748,2024-12-01,0.46615574,0.48324564
XGBoost,test,77.760203_12.984563,2024-12-01,0.5086384,0.5339569
XGBoost,test,77.764695_12.813883,2024-12-01,0.5053552,0.5351523
XGBoost,test,77.764695_12.849815,2024-12-01,0.46830553,0.4951948
XGBoost,test,77.764695_12.885748,2024-12-01,0.4803156,0.5051096
XGBoost,test,77.764695_12.912697,2024-12-01,0.49201393,0.51542157
XGBoost,test,77.764695_13.03397,2024-12-01,0.3702746,0.38850453
XGBoost,test,77.769186_12.876765,2024-12-01,0.4962616,0.5202958
XGBoost,test,77.769186_12.894731,2024-12-01,0.4603388,0.48168868
XGBoost,test,77.769186_13.016004,2024-12-01,0.43672097,0.46443006
XGBoost,test,77.773678_12.858799,2024-12-01,0.44220927,0.46426538
XGBoost,test,77.773678_12.885748,2024-12-01,0.47128466,0.49910754
XGBoost,test,77.773678_12.899223,2024-12-01,0.424029,0.45082313
XGBoost,test,77.773678_12.908206,2024-12-01,0.49185154,0.5008389
XGBoost,test,77.778169_12.809391,2024-12-01,0.43412098,0.45984012
XGBoost,test,77.778169_12.885748,2024-12-01,0.4875875,0.50859725
XGBoost,test,77.782661_12.89024,2024-12-01,0.48541707,0.503895
XGBoost,test,77.787152_12.849815,2024-12-01,0.45660907,0.46995836
XGBoost,test,77.791644_12.8049,2024-12-01,0.4842443,0.49667877
XGBoost,test,77.791644_12.899223,2024-12-01,0.4351496,0.46212444
XGBoost,test,77.796136_12.854307,2024-12-01,0.42709592,0.4530918
XGBoost,test,77.796136_12.885748,2024-12-01,0.4953479,0.5083012
XGBoost,test,77.800627_12.876765,2024-12-01,0.5075808,0.51458883
XGBoost,test,77.800627_12.885748,2024-12-01,0.46163157,0.47040725
XGBoost,test,77.805119_12.876765,2024-12-01,0.5168317,0.5290705
XGBoost,test,77.805119_12.89024,2024-12-01,0.48223662,0.49238327
BiLSTM+Attention,val,77.369436_12.998037,2023-04-01,0.3971626,0.40956357
BiLSTM+Attention,val,77.46825_13.150751,2023-04-01,0.3809729,0.3975363
BiLSTM+Attention,val,77.625456_13.182192,2023-04-01,0.46751574,0.43841854
BiLSTM+Attention,val,77.647914_13.141768,2023-04-01,0.66141087,0.6831705
BiLSTM+Attention,val,77.674863_13.105835,2023-04-01,0.47174457,0.48512438
BiLSTM+Attention,val,77.679355_13.101344,2023-04-01,0.44058007,0.45883158
BiLSTM+Attention,val,77.683846_13.11931,2023-04-01,0.36169684,0.3756183
BiLSTM+Attention,val,77.683846_13.123802,2023-04-01,0.42820096,0.43096662
BiLSTM+Attention,val,77.742237_13.101344,2023-04-01,0.39876026,0.4095165
BiLSTM+Attention,val,77.342486_12.944139,2023-05-01,0.7159839,0.7274588
BiLSTM+Attention,val,77.355961_12.94863,2023-05-01,0.45845488,0.4689255
BiLSTM+Attention,val,77.355961_12.962105,2023-05-01,0.761305,0.7664303
BiLSTM+Attention,val,77.364944_12.962105,2023-05-01,0.44124246,0.45435873
BiLSTM+Attention,val,77.369436_12.998037,2023-05-01,0.42011303,0.4229353
BiLSTM+Attention,val,77.391894_12.881256,2023-05-01,0.46400428,0.48987126
BiLSTM+Attention,val,77.396385_12.971088,2023-05-01,0.4251031,0.42748824
BiLSTM+Attention,val,77.418843_12.971088,2023-05-01,0.40402868,0.40910855
BiLSTM+Attention,val,77.427826_13.020495,2023-05-01,0.38036987,0.39470613
BiLSTM+Attention,val,77.427826_13.024987,2023-05-01,0.40505233,0.40779862
BiLSTM+Attention,val,77.427826_13.132785,2023-05-01,0.50209945,0.51249987
BiLSTM+Attention,val,77.441301_13.110327,2023-05-01,0.4225325,0.4245331
BiLSTM+Attention,val,77.450284_12.809391,2023-05-01,0.47695595,0.48622862
BiLSTM+Attention,val,77.450284_13.029478,2023-05-01,0.4402246,0.44362232
BiLSTM+Attention,val,77.450284_13.047445,2023-05-01,0.4174669,0.42861283
BiLSTM+Attention,val,77.450284_13.146259,2023-05-01,0.50019526,0.51483846
BiLSTM+Attention,val,77.454776_12.809391,2023-05-01,0.4627172,0.46899977
BiLSTM+Attention,val,77.454776_13.114818,2023-05-01,0.49662971,0.50306463
BiLSTM+Attention,val,77.454776_13.141768,2023-05-01,0.49516675,0.51239604
BiLSTM+Attention,val,77.459267_12.8049,2023-05-01,0.6119159,0.622126
BiLSTM+Attention,val,77.459267_12.822866,2023-05-01,0.4977599,0.5063774
BiLSTM+Attention,val,77.459267_13.020495,2023-05-01,0.36298335,0.37889266
BiLSTM+Attention,val,77.459267_13.11931,2023-05-01,0.45035297,0.45232344
BiLSTM+Attention,val,77.463759_12.813883,2023-05-01,0.47438273,0.47903788
BiLSTM+Attention,val,77.463759_12.836341,2023-05-01,0.50730884,0.5165904
BiLSTM+Attention,val,77.463759_12.885748,2023-05-01,0.5858338,0.5999743
BiLSTM+Attention,val,77.46825_12.827358,2023-05-01,0.41276512,0.42883
BiLSTM+Attention,val,77.46825_12.836341,2023-05-01,0.5241751,0.52680427
BiLSTM+Attention,val,77.46825_13.007021,2023-05-01,0.36633018,0.38830116
BiLSTM+Attention,val,77.46825_13.114818,2023-05-01,0.4944011,0.49251348
BiLSTM+Attention,val,77.46825_13.150751,2023-05-01,0.38289434,0.4081438
BiLSTM+Attention,val,77.46825_13.1777,2023-05-01,0.4468613,0.46873662
BiLSTM+Attention,val,77.472742_12.795916,2023-05-01,0.5145657,0.5198024
BiLSTM+Attention,val,77.472742_12.836341,2023-05-01,0.50116414,0.5068247
BiLSTM+Attention,val,77.477234_12.840832,2023-05-01,0.5212688,0.5348588
BiLSTM+Attention,val,77.477234_13.002529,2023-05-01,0.37271535,0.39053085
BiLSTM+Attention,val,77.481725_12.831849,2023-05-01,0.46236646,0.47310093
BiLSTM+Attention,val,77.481725_13.096852,2023-05-01,0.56627023,0.58782554
BiLSTM+Attention,val,77.486217_12.764475,2023-05-01,0.50744283,0.5314975
BiLSTM+Attention,val,77.486217_12.872273,2023-05-01,0.47932824,0.50712264
BiLSTM+Attention,val,77.490708_12.768967,2023-05-01,0.51332176,0.5286166
BiLSTM+Attention,val,77.490708_13.051936,2023-05-01,0.59230554,0.6153264
BiLSTM+Attention,val,77.4952_12.836341,2023-05-01,0.4882719,0.4991305
BiLSTM+Attention,val,77.499692_12.755492,2023-05-01,0.6139164,0.6266814
BiLSTM+Attention,val,77.499692_12.899223,2023-05-01,0.5239312,0.53352827
BiLSTM+Attention,val,77.504183_12.818374,2023-05-01,0.53386617,0.5467766
BiLSTM+Attention,val,77.504183_12.854307,2023-05-01,0.525164,0.5248348
BiLSTM+Attention,val,77.504183_12.858799,2023-05-01,0.62887585,0.63494176
BiLSTM+Attention,val,77.504183_13.083377,2023-05-01,0.5795461,0.60272217
BiLSTM+Attention,val,77.504183_13.141768,2023-05-01,0.49220297,0.49282724
BiLSTM+Attention,val,77.504183_13.159734,2023-05-01,0.5158254,0.5333674
BiLSTM+Attention,val,77.508675_12.795916,2023-05-01,0.57185036,0.58774686
BiLSTM+Attention,val,77.508675_12.831849,2023-05-01,0.5477539,0.54896986
BiLSTM+Attention,val,77.508675_12.836341,2023-05-01,0.5883211,0.5945488
BiLSTM+Attention,val,77.508675_12.845324,2023-05-01,0.55023086,0.56689084
BiLSTM+Attention,val,77.508675_13.137276,2023-05-01,0.43742603,0.4472938
BiLSTM+Attention,val,77.508675_13.159734,2023-05-01,0.5320317,0.5461073
BiLSTM+Attention,val,77.513166_13.087869,2023-05-01,0.58041203,0.5963859
BiLSTM+Attention,val,77.513166_13.137276,2023-05-01,0.39141893,0.40602446
BiLSTM+Attention,val,77.517658_12.827358,2023-05-01,0.5450337,0.56479293
BiLSTM+Attention,val,77.522149_13.056428,2023-05-01,0.6427091,0.6611462
BiLSTM+Attention,val,77.522149_13.078886,2023-05-01,0.59811515,0.6292673
BiLSTM+Attention,val,77.522149_13.146259,2023-05-01,0.35278553,0.3822387
BiLSTM+Attention,val,77.526641_13.078886,2023-05-01,0.5946184,0.6243075
BiLSTM+Attention,val,77.531133_12.822866,2023-05-01,0.5357808,0.5388702
BiLSTM+Attention,val,77.531133_13.083377,2023-05-01,0.56445587,0.5900069
BiLSTM+Attention,val,77.535624_13.083377,2023-05-01,0.5451283,0.57411414
BiLSTM+Attention,val,77.540116_13.101344,2023-05-01,0.41338006,0.4193581
BiLSTM+Attention,val,77.540116_13.105835,2023-05-01,0.43367368,0.44890073
BiLSTM+Attention,val,77.549099_12.894731,2023-05-01,0.6296225,0.64537376
BiLSTM+Attention,val,77.55359_13.110327,2023-05-01,0.48129687,0.5012885
BiLSTM+Attention,val,77.558082_13.042953,2023-05-01,0.64659655,0.66934425
BiLSTM+Attention,val,77.558082_13.051936,2023-05-01,0.70168453,0.716308
BiLSTM+Attention,val,77.558082_13.110327,2023-05-01,0.49976915,0.5197828
BiLSTM+Attention,val,77.558082_13.168717,2023-05-01,0.4889789,0.5067818
BiLSTM+Attention,val,77.562574_12.876765,2023-05-01,0.6227764,0.6318149
BiLSTM+Attention,val,77.562574_13.159734,2023-05-01,0.48913053,0.5017418
BiLSTM+Attention,val,77.562574_13.173209,2023-05-01,0.48160002,0.49427095
BiLSTM+Attention,val,77.567065_13.182192,2023-05-01,0.4843696,0.51042074
BiLSTM+Attention,val,77.576048_12.742018,2023-05-01,0.74481016,0.7314547
BiLSTM+Attention,val,77.58054_12.800408,2023-05-01,0.72484994,0.72617763
BiLSTM+Attention,val,77.585031_13.137276,2023-05-01,0.47065216,0.4750481
BiLSTM+Attention,val,77.589523_13.083377,2023-05-01,0.59755325,0.6111904
BiLSTM+Attention,val,77.594015_13.087869,2023-05-01,0.609048,0.6356871
BiLSTM+Attention,val,77.598506_13.128293,2023-05-01,0.5631393,0.5781801
BiLSTM+Attention,val,77.602998_13.114818,2023-05-01,0.5749218,0.59471273
BiLSTM+Attention,val,77.602998_13.11931,2023-05-01,0.5783299,0.5908088
BiLSTM+Attention,val,77.602998_13.128293,2023-05-01,0.52038366,0.5355769
BiLSTM+Attention,val,77.611981_13.168717,2023-05-01,0.41865402,0.4344392
BiLSTM+Attention,val,77.611981_13.182192,2023-05-01,0.3600799,0.3932648
BiLSTM+Attention,val,77.616473_13.141768,2023-05-01,0.44885522,0.4700412
BiLSTM+Attention,val,77.616473_13.1777,2023-05-01,0.3810814,0.39850906
BiLSTM+Attention,val,77.620964_13.132785,2023-05-01,0.5392911,0.5523675
BiLSTM+Attention,val,77.625456_13.065411,2023-05-01,0.40267044,0.4129178
BiLSTM+Attention,val,77.625456_13.128293,2023-05-01,0.5443456,0.55283
BiLSTM+Attention,val,77.625456_13.137276,2023-05-01,0.44441155,0.44259214
BiLSTM+Attention,val,77.625456_13.155243,2023-05-01,0.64819235,0.6567407
BiLSTM+Attention,val,77.625456_13.182192,2023-05-01,0.45632118,0.44891277
BiLSTM+Attention,val,77.629947_13.06092,2023-05-01,0.43219814,0.4404243
BiLSTM+Attention,val,77.634439_13.083377,2023-05-01,0.40634486,0.41857508
BiLSTM+Attention,val,77.634439_13.137276,2023-05-01,0.4161318,0.42305902
BiLSTM+Attention,val,77.63893_13.083377,2023-05-01,0.40373814,0.41606218
BiLSTM+Attention,val,77.63893_13.1777,2023-05-01,0.44259757,0.45690903
BiLSTM+Attention,val,77.643422_13.164226,2023-05-01,0.57754374,0.59035814
BiLSTM+Attention,val,77.647914_13.141768,2023-05-01,0.6752958,0.6945979
BiLSTM+Attention,val,77.647914_13.168717,2023-05-01,0.71799314,0.7278963
BiLSTM+Attention,val,77.656897_13.101344,2023-05-01,0.4709989,0.48621455
BiLSTM+Attention,val,77.656897_13.164226,2023-05-01,0.45705673,0.46090966
BiLSTM+Attention,val,77.656897_13.173209,2023-05-01,0.41969433,0.41626063
BiLSTM+Attention,val,77.661388_13.056428,2023-05-01,0.4589902,0.4734846
BiLSTM+Attention,val,77.661388_13.074394,2023-05-01,0.5444619,0.54214287
BiLSTM+Attention,val,77.661388_13.087869,2023-05-01,0.43766296,0.44454518
BiLSTM+Attention,val,77.661388_13.101344,2023-05-01,0.44479647,0.46735463
BiLSTM+Attention,val,77.661388_13.11931,2023-05-01,0.58583474,0.60288906
BiLSTM+Attention,val,77.66588_12.953122,2023-05-01,0.5540552,0.57743347
BiLSTM+Attention,val,77.66588_13.051936,2023-05-01,0.5121692,0.5090311
BiLSTM+Attention,val,77.66588_13.173209,2023-05-01,0.4056374,0.4138635
BiLSTM+Attention,val,77.670371_13.069903,2023-05-01,0.42775816,0.42984077
BiLSTM+Attention,val,77.670371_13.083377,2023-05-01,0.3932693,0.39946437
BiLSTM+Attention,val,77.670371_13.092361,2023-05-01,0.39302808,0.4028091
BiLSTM+Attention,val,77.670371_13.128293,2023-05-01,0.5068461,0.506223
BiLSTM+Attention,val,77.674863_13.069903,2023-05-01,0.39059052,0.4002351
BiLSTM+Attention,val,77.674863_13.092361,2023-05-01,0.43973094,0.44454706
BiLSTM+Attention,val,77.674863_13.105835,2023-05-01,0.4840735,0.500639
BiLSTM+Attention,val,77.679355_13.074394,2023-05-01,0.4347831,0.44893488
BiLSTM+Attention,val,77.679355_13.101344,2023-05-01,0.45950627,0.47078404
BiLSTM+Attention,val,77.679355_13.159734,2023-05-01,0.44284788,0.44724774
BiLSTM+Attention,val,77.683846_13.06092,2023-05-01,0.46034068,0.4608623
BiLSTM+Attention,val,77.683846_13.11931,2023-05-01,0.37791544,0.38866445
BiLSTM+Attention,val,77.683846_13.123802,2023-05-01,0.44046417,0.44421554
BiLSTM+Attention,val,77.688338_12.966596,2023-05-01,0.5676483,0.59432036
BiLSTM+Attention,val,77.692829_13.06092,2023-05-01,0.5833556,0.5873989
BiLSTM+Attention,val,77.692829_13.065411,2023-05-01,0.55912066,0.55693996
BiLSTM+Attention,val,77.692829_13.083377,2023-05-01,0.40389195,0.40728852
BiLSTM+Attention,val,77.692829_13.096852,2023-05-01,0.39892045,0.41022676
BiLSTM+Attention,val,77.692829_13.132785,2023-05-01,0.3953169,0.4099975
BiLSTM+Attention,val,77.697321_12.894731,2023-05-01,0.48876688,0.48857945
BiLSTM+Attention,val,77.697321_13.132785,2023-05-01,0.40437543,0.41015947
BiLSTM+Attention,val,77.701812_12.984563,2023-05-01,0.4701505,0.48800316
BiLSTM+Attention,val,77.701812_13.114818,2023-05-01,0.49909014,0.49925032
BiLSTM+Attention,val,77.706304_13.042953,2023-05-01,0.5063941,0.5174593
BiLSTM+Attention,val,77.710796_12.899223,2023-05-01,0.5096758,0.51104033
BiLSTM+Attention,val,77.710796_12.912697,2023-05-01,0.43756533,0.4448931
BiLSTM+Attention,val,77.710796_13.11931,2023-05-01,0.4356506,0.44149444
BiLSTM+Attention,val,77.710796_13.123802,2023-05-01,0.41065314,0.40957135
BiLSTM+Attention,val,77.710796_13.132785,2023-05-01,0.46936166,0.47032765
BiLSTM+Attention,val,77.710796_13.173209,2023-05-01,0.50117576,0.5077262
BiLSTM+Attention,val,77.715287_13.029478,2023-05-01,0.376659,0.39142704
BiLSTM+Attention,val,77.715287_13.051936,2023-05-01,0.50668967,0.5068739
BiLSTM+Attention,val,77.715287_13.056428,2023-05-01,0.41791874,0.4228866
BiLSTM+Attention,val,77.715287_13.096852,2023-05-01,0.34807274,0.36025348
BiLSTM+Attention,val,77.715287_13.128293,2023-05-01,0.47344014,0.46904406
BiLSTM+Attention,val,77.719779_13.069903,2023-05-01,0.40543875,0.41726813
BiLSTM+Attention,val,77.719779_13.123802,2023-05-01,0.4192274,0.4276291
BiLSTM+Attention,val,77.719779_13.155243,2023-05-01,0.41595683,0.42694744
BiLSTM+Attention,val,77.72427_13.06092,2023-05-01,0.41894257,0.4278325
BiLSTM+Attention,val,77.72427_13.074394,2023-05-01,0.4414245,0.4538889
BiLSTM+Attention,val,77.728762_13.047445,2023-05-01,0.48953477,0.49167785
BiLSTM+Attention,val,77.728762_13.092361,2023-05-01,0.46657142,0.46178943
BiLSTM+Attention,val,77.733253_13.056428,2023-05-01,0.37384918,0.3987544
BiLSTM+Attention,val,77.737745_13.051936,2023-05-01,0.3936152,0.4013829
BiLSTM+Attention,val,77.737745_13.06092,2023-05-01,0.42513138,0.43659583
BiLSTM+Attention,val,77.737745_13.078886,2023-05-01,0.4511591,0.45790866
BiLSTM+Attention,val,77.737745_13.101344,2023-05-01,0.3821947,0.3955277
BiLSTM+Attention,val,77.742237_12.980071,2023-05-01,0.5162769,0.5236998
BiLSTM+Attention,val,77.742237_13.016004,2023-05-01,0.53832126,0.5557811
BiLSTM+Attention,val,77.742237_13.038462,2023-05-01,0.40716362,0.40794823
BiLSTM+Attention,val,77.742237_13.074394,2023-05-01,0.37914953,0.38318565
BiLSTM+Attention,val,77.742237_13.101344,2023-05-01,0.4177207,0.42519495
BiLSTM+Attention,val,77.746728_12.97558,2023-05-01,0.54453474,0.5478462
BiLSTM+Attention,val,77.746728_12.984563,2023-05-01,0.52251995,0.5370907
BiLSTM+Attention,val,77.746728_13.016004,2023-05-01,0.5753844,0.57473576
BiLSTM+Attention,val,77.746728_13.020495,2023-05-01,0.6133055,0.61394495
BiLSTM+Attention,val,77.746728_13.024987,2023-05-01,0.48872563,0.5046879
BiLSTM+Attention,val,77.746728_13.038462,2023-05-01,0.4071959,0.4218727
BiLSTM+Attention,val,77.746728_13.06092,2023-05-01,0.34963003,0.3746043
BiLSTM+Attention,val,77.75122_12.993546,2023-05-01,0.46362332,0.4626318
BiLSTM+Attention,val,77.75122_13.020495,2023-05-01,0.5181334,0.5222587
BiLSTM+Attention,val,77.75122_13.03397,2023-05-01,0.4413725,0.4550989
BiLSTM+Attention,val,77.75122_13.038462,2023-05-01,0.3672494,0.38255355
BiLSTM+Attention,val,77.755711_12.926172,2023-05-01,0.49849468,0.5217875
BiLSTM+Attention,val,77.760203_12.984563,2023-05-01,0.5228403,0.5258747
BiLSTM+Attention,val,77.764695_13.03397,2023-05-01,0.36053503,0.38418522
BiLSTM+Attention,val,77.769186_13.016004,2023-05-01,0.43933204,0.4603283
BiLSTM+Attention,val,77.796136_12.885748,2023-05-01,0.49587694,0.5039761
BiLSTM+Attention,val,77.800627_12.885748,2023-05-01,0.46004623,0.46982294
BiLSTM+Attention,val,77.805119_12.89024,2023-05-01,0.47854975,0.4864434
BiLSTM+Attention,val,77.329012_12.944139,2023-06-01,0.4613028,0.5005405
BiLSTM+Attention,val,77.329012_12.962105,2023-06-01,0.738279,0.74311596
BiLSTM+Attention,val,77.342486_12.944139,2023-06-01,0.7042097,0.7288026
BiLSTM+Attention,val,77.351469_12.89024,2023-06-01,0.5544722,0.58927083
BiLSTM+Attention,val,77.355961_12.899223,2023-06-01,0.54823494,0.5786513
BiLSTM+Attention,val,77.355961_12.94863,2023-06-01,0.45177704,0.48210517
BiLSTM+Attention,val,77.360453_12.867782,2023-06-01,0.40100467,0.43870097
BiLSTM+Attention,val,77.364944_12.854307,2023-06-01,0.4232019,0.46516046
BiLSTM+Attention,val,77.364944_12.962105,2023-06-01,0.4310857,0.47494614
BiLSTM+Attention,val,77.369436_12.881256,2023-06-01,0.43613824,0.47509232
BiLSTM+Attention,val,77.369436_12.89024,2023-06-01,0.42128813,0.45133343
BiLSTM+Attention,val,77.369436_12.998037,2023-06-01,0.39838642,0.44719073
BiLSTM+Attention,val,77.369436_13.007021,2023-06-01,0.4764219,0.5112922
BiLSTM+Attention,val,77.373927_12.971088,2023-06-01,0.44049373,0.48304653
BiLSTM+Attention,val,77.378419_12.966596,2023-06-01,0.4297254,0.4687396
BiLSTM+Attention,val,77.382911_12.953122,2023-06-01,0.42693338,0.47138283
BiLSTM+Attention,val,77.382911_12.957613,2023-06-01,0.4272373,0.4733257
BiLSTM+Attention,val,77.387402_12.962105,2023-06-01,0.4028376,0.44967213
BiLSTM+Attention,val,77.387402_12.97558,2023-06-01,0.46853155,0.51005346
BiLSTM+Attention,val,77.387402_12.980071,2023-06-01,0.45869198,0.5008407
BiLSTM+Attention,val,77.391894_12.867782,2023-06-01,0.493474,0.5343062
BiLSTM+Attention,val,77.391894_12.881256,2023-06-01,0.45234063,0.49564856
BiLSTM+Attention,val,77.391894_12.885748,2023-06-01,0.49745402,0.53116345
BiLSTM+Attention,val,77.396385_12.894731,2023-06-01,0.4835348,0.5240789
BiLSTM+Attention,val,77.396385_12.908206,2023-06-01,0.4047294,0.45480463
BiLSTM+Attention,val,77.396385_12.971088,2023-06-01,0.41337305,0.45389694
BiLSTM+Attention,val,77.396385_13.029478,2023-06-01,0.36445606,0.41183102
BiLSTM+Attention,val,77.400877_13.029478,2023-06-01,0.34811884,0.38951847
BiLSTM+Attention,val,77.405368_12.881256,2023-06-01,0.38438803,0.43594804
BiLSTM+Attention,val,77.405368_12.89024,2023-06-01,0.38540456,0.44061527
BiLSTM+Attention,val,77.405368_12.903714,2023-06-01,0.3603602,0.41294602
BiLSTM+Attention,val,77.405368_12.930664,2023-06-01,0.531828,0.55108285
BiLSTM+Attention,val,77.405368_13.105835,2023-06-01,0.39575243,0.42663202
BiLSTM+Attention,val,77.405368_13.11931,2023-06-01,0.3736601,0.39689702
BiLSTM+Attention,val,77.40986_12.872273,2023-06-01,0.36278376,0.41310936
BiLSTM+Attention,val,77.40986_12.881256,2023-06-01,0.32903567,0.38832247
BiLSTM+Attention,val,77.414352_12.930664,2023-06-01,0.46582407,0.4916378
BiLSTM+Attention,val,77.414352_12.989054,2023-06-01,0.37258685,0.4144347
BiLSTM+Attention,val,77.414352_13.096852,2023-06-01,0.3702909,0.40472674
BiLSTM+Attention,val,77.414352_13.11931,2023-06-01,0.39937413,0.4217132
BiLSTM+Attention,val,77.418843_12.876765,2023-06-01,0.36221248,0.41330427
BiLSTM+Attention,val,77.418843_12.89024,2023-06-01,0.40709156,0.44925404
BiLSTM+Attention,val,77.418843_12.94863,2023-06-01,0.4382639,0.4742734
BiLSTM+Attention,val,77.418843_12.971088,2023-06-01,0.39737704,0.43344137
BiLSTM+Attention,val,77.418843_13.016004,2023-06-01,0.37815052,0.42564097
BiLSTM+Attention,val,77.418843_13.146259,2023-06-01,0.34732574,0.37224245
BiLSTM+Attention,val,77.423335_12.921681,2023-06-01,0.43939057,0.47012845
BiLSTM+Attention,val,77.423335_12.930664,2023-06-01,0.43111643,0.4691387
BiLSTM+Attention,val,77.423335_13.002529,2023-06-01,0.4934999,0.5285344
BiLSTM+Attention,val,77.423335_13.092361,2023-06-01,0.31478736,0.3573533
BiLSTM+Attention,val,77.423335_13.141768,2023-06-01,0.43086836,0.44232908
BiLSTM+Attention,val,77.423335_13.150751,2023-06-01,0.32127798,0.36507714
BiLSTM+Attention,val,77.427826_12.845324,2023-06-01,0.31918946,0.3866022
BiLSTM+Attention,val,77.427826_12.858799,2023-06-01,0.35772467,0.40692678
BiLSTM+Attention,val,77.427826_12.930664,2023-06-01,0.44788635,0.48112223
BiLSTM+Attention,val,77.427826_12.939647,2023-06-01,0.38945556,0.4251469
BiLSTM+Attention,val,77.427826_12.944139,2023-06-01,0.37223434,0.42169893
BiLSTM+Attention,val,77.427826_13.020495,2023-06-01,0.36477318,0.413951
BiLSTM+Attention,val,77.427826_13.024987,2023-06-01,0.39521396,0.43141854
BiLSTM+Attention,val,77.427826_13.110327,2023-06-01,0.40830737,0.43054375
BiLSTM+Attention,val,77.427826_13.132785,2023-06-01,0.49938804,0.5176111
BiLSTM+Attention,val,77.432318_12.858799,2023-06-01,0.3793297,0.42661715
BiLSTM+Attention,val,77.432318_12.86329,2023-06-01,0.3791716,0.42622408
BiLSTM+Attention,val,77.432318_12.867782,2023-06-01,0.37792253,0.43437204
BiLSTM+Attention,val,77.432318_12.881256,2023-06-01,0.42589015,0.4652842
BiLSTM+Attention,val,77.432318_12.957613,2023-06-01,0.40827096,0.44847825
BiLSTM+Attention,val,77.432318_12.998037,2023-06-01,0.36405435,0.40715072
BiLSTM+Attention,val,77.432318_13.087869,2023-06-01,0.4462968,0.46734244
BiLSTM+Attention,val,77.432318_13.092361,2023-06-01,0.382934,0.413403
BiLSTM+Attention,val,77.436809_12.818374,2023-06-01,0.50581443,0.550643
BiLSTM+Attention,val,77.436809_12.840832,2023-06-01,0.46208504,0.4976684
BiLSTM+Attention,val,77.436809_12.854307,2023-06-01,0.36708584,0.42742667
BiLSTM+Attention,val,77.436809_12.912697,2023-06-01,0.5327046,0.5753737
BiLSTM+Attention,val,77.436809_12.926172,2023-06-01,0.44336504,0.4875616
BiLSTM+Attention,val,77.436809_12.944139,2023-06-01,0.40082496,0.44571307
BiLSTM+Attention,val,77.441301_12.818374,2023-06-01,0.5082349,0.55362916
BiLSTM+Attention,val,77.441301_12.831849,2023-06-01,0.43518123,0.46613157
BiLSTM+Attention,val,77.441301_12.836341,2023-06-01,0.46934995,0.49146202
BiLSTM+Attention,val,77.441301_12.840832,2023-06-01,0.4598782,0.48898542
BiLSTM+Attention,val,77.441301_12.944139,2023-06-01,0.47046116,0.5118237
BiLSTM+Attention,val,77.441301_12.94863,2023-06-01,0.4408345,0.48210466
BiLSTM+Attention,val,77.441301_13.083377,2023-06-01,0.44569045,0.48018995
BiLSTM+Attention,val,77.441301_13.110327,2023-06-01,0.4174708,0.44593874
BiLSTM+Attention,val,77.445793_12.840832,2023-06-01,0.5059719,0.5466102
BiLSTM+Attention,val,77.445793_12.86329,2023-06-01,0.55794394,0.59389734
BiLSTM+Attention,val,77.445793_12.867782,2023-06-01,0.54196596,0.57841605
BiLSTM+Attention,val,77.445793_12.912697,2023-06-01,0.4205884,0.4633043
BiLSTM+Attention,val,77.445793_12.957613,2023-06-01,0.4744124,0.50119394
BiLSTM+Attention,val,77.450284_12.809391,2023-06-01,0.45160794,0.4921796
BiLSTM+Attention,val,77.450284_12.872273,2023-06-01,0.52398163,0.5534054
BiLSTM+Attention,val,77.450284_12.89024,2023-06-01,0.48559588,0.53824145
BiLSTM+Attention,val,77.450284_12.971088,2023-06-01,0.43095103,0.48452517
BiLSTM+Attention,val,77.450284_12.993546,2023-06-01,0.33656165,0.38135156
BiLSTM+Attention,val,77.450284_13.029478,2023-06-01,0.42886412,0.46561813
BiLSTM+Attention,val,77.450284_13.047445,2023-06-01,0.40114024,0.44076112
BiLSTM+Attention,val,77.450284_13.146259,2023-06-01,0.50099295,0.52275425
BiLSTM+Attention,val,77.454776_12.809391,2023-06-01,0.44230533,0.47946495
BiLSTM+Attention,val,77.454776_12.885748,2023-06-01,0.46670142,0.5078805
BiLSTM+Attention,val,77.454776_12.980071,2023-06-01,0.37416494,0.41777077
BiLSTM+Attention,val,77.454776_12.993546,2023-06-01,0.380846,0.42413184
BiLSTM+Attention,val,77.454776_13.114818,2023-06-01,0.49189806,0.51159745
BiLSTM+Attention,val,77.454776_13.141768,2023-06-01,0.5011175,0.5209918
BiLSTM+Attention,val,77.459267_12.8049,2023-06-01,0.5835391,0.6256878
BiLSTM+Attention,val,77.459267_12.822866,2023-06-01,0.47616783,0.5146903
BiLSTM+Attention,val,77.459267_12.845324,2023-06-01,0.48139662,0.53759503
BiLSTM+Attention,val,77.459267_12.872273,2023-06-01,0.46084958,0.5180505
BiLSTM+Attention,val,77.459267_12.903714,2023-06-01,0.4001518,0.4487184
BiLSTM+Attention,val,77.459267_12.926172,2023-06-01,0.45724636,0.49392715
BiLSTM+Attention,val,77.459267_12.97558,2023-06-01,0.38505054,0.43647575
BiLSTM+Attention,val,77.459267_13.016004,2023-06-01,0.37788957,0.41086635
BiLSTM+Attention,val,77.459267_13.020495,2023-06-01,0.35872373,0.39163384
BiLSTM+Attention,val,77.459267_13.11931,2023-06-01,0.4382458,0.4662949
BiLSTM+Attention,val,77.463759_12.813883,2023-06-01,0.4461584,0.49564987
BiLSTM+Attention,val,77.463759_12.836341,2023-06-01,0.47078457,0.5334705
BiLSTM+Attention,val,77.463759_12.86329,2023-06-01,0.5392727,0.578652
BiLSTM+Attention,val,77.463759_12.867782,2023-06-01,0.50422823,0.5540266
BiLSTM+Attention,val,77.463759_12.872273,2023-06-01,0.45893115,0.51331425
BiLSTM+Attention,val,77.463759_12.881256,2023-06-01,0.53760725,0.57876885
BiLSTM+Attention,val,77.463759_12.885748,2023-06-01,0.5715266,0.6095765
BiLSTM+Attention,val,77.463759_12.894731,2023-06-01,0.4454628,0.49734524
BiLSTM+Attention,val,77.463759_12.899223,2023-06-01,0.47612864,0.52473277
BiLSTM+Attention,val,77.463759_12.917189,2023-06-01,0.39528704,0.450882
BiLSTM+Attention,val,77.463759_12.953122,2023-06-01,0.7437959,0.75861084
BiLSTM+Attention,val,77.463759_13.03397,2023-06-01,0.3560707,0.38834733
BiLSTM+Attention,val,77.463759_13.078886,2023-06-01,0.50697684,0.54120785
BiLSTM+Attention,val,77.46825_12.827358,2023-06-01,0.39504153,0.44855592
BiLSTM+Attention,val,77.46825_12.836341,2023-06-01,0.49197796,0.5406699
BiLSTM+Attention,val,77.46825_12.894731,2023-06-01,0.4202654,0.46229503
BiLSTM+Attention,val,77.46825_12.94863,2023-06-01,0.50408137,0.55239284
BiLSTM+Attention,val,77.46825_12.953122,2023-06-01,0.43675455,0.47699594
BiLSTM+Attention,val,77.46825_12.966596,2023-06-01,0.44225276,0.49365208
BiLSTM+Attention,val,77.46825_13.007021,2023-06-01,0.36474925,0.41218662
BiLSTM+Attention,val,77.46825_13.114818,2023-06-01,0.4866332,0.51171625
BiLSTM+Attention,val,77.46825_13.150751,2023-06-01,0.39138556,0.41637912
BiLSTM+Attention,val,77.46825_13.1777,2023-06-01,0.45276648,0.4784498
BiLSTM+Attention,val,77.472742_12.746509,2023-06-01,0.541249,0.5993888
BiLSTM+Attention,val,77.472742_12.751001,2023-06-01,0.4984887,0.5458769
BiLSTM+Attention,val,77.472742_12.755492,2023-06-01,0.5116959,0.5569302
BiLSTM+Attention,val,77.472742_12.795916,2023-06-01,0.4996011,0.5288594
BiLSTM+Attention,val,77.472742_12.836341,2023-06-01,0.48174775,0.5240376
BiLSTM+Attention,val,77.472742_12.984563,2023-06-01,0.4224391,0.46987644
BiLSTM+Attention,val,77.472742_13.087869,2023-06-01,0.4332288,0.46878165
BiLSTM+Attention,val,77.477234_12.764475,2023-06-01,0.48100376,0.5350431
BiLSTM+Attention,val,77.477234_12.782442,2023-06-01,0.46681747,0.51408684
BiLSTM+Attention,val,77.477234_12.840832,2023-06-01,0.5053828,0.5465267
BiLSTM+Attention,val,77.477234_12.944139,2023-06-01,0.45981467,0.5148956
BiLSTM+Attention,val,77.477234_12.94863,2023-06-01,0.48211306,0.53526324
BiLSTM+Attention,val,77.477234_12.971088,2023-06-01,0.49029595,0.52999043
BiLSTM+Attention,val,77.477234_13.002529,2023-06-01,0.36772767,0.40655884
BiLSTM+Attention,val,77.477234_13.056428,2023-06-01,0.41775647,0.4591943
BiLSTM+Attention,val,77.481725_12.737526,2023-06-01,0.48032948,0.54065543
BiLSTM+Attention,val,77.481725_12.768967,2023-06-01,0.50382274,0.55558467
BiLSTM+Attention,val,77.481725_12.831849,2023-06-01,0.45158738,0.49131125
BiLSTM+Attention,val,77.481725_12.89024,2023-06-01,0.51359296,0.55312
BiLSTM+Attention,val,77.481725_12.894731,2023-06-01,0.44694042,0.50807804
BiLSTM+Attention,val,77.481725_12.944139,2023-06-01,0.47435388,0.5230918
BiLSTM+Attention,val,77.481725_12.971088,2023-06-01,0.3891218,0.44660372
BiLSTM+Attention,val,77.481725_12.980071,2023-06-01,0.47279754,0.50566906
BiLSTM+Attention,val,77.481725_13.03397,2023-06-01,0.42037427,0.4620826
BiLSTM+Attention,val,77.481725_13.096852,2023-06-01,0.5631303,0.5917306
BiLSTM+Attention,val,77.481725_13.137276,2023-06-01,0.7407719,0.74648714
BiLSTM+Attention,val,77.486217_12.764475,2023-06-01,0.46419188,0.53530115
BiLSTM+Attention,val,77.486217_12.872273,2023-06-01,0.4575702,0.5172962
BiLSTM+Attention,val,77.486217_12.939647,2023-06-01,0.4909893,0.53955084
BiLSTM+Attention,val,77.486217_13.042953,2023-06-01,0.50718987,0.54255843
BiLSTM+Attention,val,77.486217_13.114818,2023-06-01,0.48007515,0.5009882
BiLSTM+Attention,val,77.486217_13.11931,2023-06-01,0.49617922,0.51633734
BiLSTM+Attention,val,77.490708_12.768967,2023-06-01,0.47265166,0.53517675
BiLSTM+Attention,val,77.490708_12.8049,2023-06-01,0.50875354,0.55057704
BiLSTM+Attention,val,77.490708_12.849815,2023-06-01,0.48675647,0.5464591
BiLSTM+Attention,val,77.490708_12.89024,2023-06-01,0.4753378,0.50837535
BiLSTM+Attention,val,77.490708_13.051936,2023-06-01,0.5916637,0.61931556
BiLSTM+Attention,val,77.490708_13.092361,2023-06-01,0.5258701,0.53463733
BiLSTM+Attention,val,77.490708_13.096852,2023-06-01,0.5535625,0.57790023
BiLSTM+Attention,val,77.490708_13.182192,2023-06-01,0.44482863,0.46377406
BiLSTM+Attention,val,77.490708_13.209142,2023-06-01,0.40232876,0.4238105
BiLSTM+Attention,val,77.4952_12.786933,2023-06-01,0.45004052,0.49835166
BiLSTM+Attention,val,77.4952_12.836341,2023-06-01,0.4717685,0.5128546
BiLSTM+Attention,val,77.4952_12.899223,2023-06-01,0.5340393,0.56961405
BiLSTM+Attention,val,77.4952_12.962105,2023-06-01,0.5327997,0.58080214
BiLSTM+Attention,val,77.4952_13.092361,2023-06-01,0.5219168,0.5412476
BiLSTM+Attention,val,77.4952_13.182192,2023-06-01,0.45379713,0.4754935
BiLSTM+Attention,val,77.499692_12.755492,2023-06-01,0.5688677,0.6317829
BiLSTM+Attention,val,77.499692_12.858799,2023-06-01,0.59917897,0.6366504
BiLSTM+Attention,val,77.499692_12.899223,2023-06-01,0.50910026,0.5442973
BiLSTM+Attention,val,77.499692_13.114818,2023-06-01,0.50794154,0.5249273
BiLSTM+Attention,val,77.499692_13.168717,2023-06-01,0.45677334,0.48043433
BiLSTM+Attention,val,77.504183_12.764475,2023-06-01,0.5510001,0.58224654
BiLSTM+Attention,val,77.504183_12.786933,2023-06-01,0.52920055,0.56731373
BiLSTM+Attention,val,77.504183_12.818374,2023-06-01,0.4963267,0.55456066
BiLSTM+Attention,val,77.504183_12.854307,2023-06-01,0.49857202,0.53547174
BiLSTM+Attention,val,77.504183_12.858799,2023-06-01,0.6036333,0.63755286
BiLSTM+Attention,val,77.504183_12.953122,2023-06-01,0.5464617,0.57422173
BiLSTM+Attention,val,77.504183_13.083377,2023-06-01,0.58027124,0.60768294
BiLSTM+Attention,val,77.504183_13.141768,2023-06-01,0.49736646,0.50476193
BiLSTM+Attention,val,77.504183_13.159734,2023-06-01,0.5121931,0.54135174
BiLSTM+Attention,val,77.504183_13.195667,2023-06-01,0.39259574,0.4185047
BiLSTM+Attention,val,77.508675_12.751001,2023-06-01,0.6249781,0.6704766
BiLSTM+Attention,val,77.508675_12.795916,2023-06-01,0.56084406,0.59474134
BiLSTM+Attention,val,77.508675_12.831849,2023-06-01,0.5267847,0.56581897
BiLSTM+Attention,val,77.508675_12.836341,2023-06-01,0.5690674,0.60480887
BiLSTM+Attention,val,77.508675_12.845324,2023-06-01,0.5245399,0.57848686
BiLSTM+Attention,val,77.508675_12.903714,2023-06-01,0.42797822,0.47922528
BiLSTM+Attention,val,77.508675_12.917189,2023-06-01,0.49885824,0.54965377
BiLSTM+Attention,val,77.508675_13.114818,2023-06-01,0.43248808,0.46318808
BiLSTM+Attention,val,77.508675_13.137276,2023-06-01,0.43849656,0.46163166
BiLSTM+Attention,val,77.508675_13.159734,2023-06-01,0.5267712,0.5531486
BiLSTM+Attention,val,77.508675_13.191175,2023-06-01,0.38292262,0.4185591
BiLSTM+Attention,val,77.513166_12.746509,2023-06-01,0.7365374,0.77458525
BiLSTM+Attention,val,77.513166_12.764475,2023-06-01,0.5043643,0.55706817
BiLSTM+Attention,val,77.513166_12.77795,2023-06-01,0.6309144,0.65019166
BiLSTM+Attention,val,77.513166_12.822866,2023-06-01,0.6202124,0.654594
BiLSTM+Attention,val,77.513166_12.908206,2023-06-01,0.42447686,0.46421885
BiLSTM+Attention,val,77.513166_13.087869,2023-06-01,0.5757596,0.5998801
BiLSTM+Attention,val,77.513166_13.096852,2023-06-01,0.61918646,0.65421045
BiLSTM+Attention,val,77.513166_13.137276,2023-06-01,0.39268798,0.42072242
BiLSTM+Attention,val,77.513166_13.1777,2023-06-01,0.4134065,0.44408777
BiLSTM+Attention,val,77.517658_12.764475,2023-06-01,0.59426975,0.62376255
BiLSTM+Attention,val,77.517658_12.77795,2023-06-01,0.579027,0.61780924
BiLSTM+Attention,val,77.517658_12.782442,2023-06-01,0.58818,0.6217717
BiLSTM+Attention,val,77.517658_12.795916,2023-06-01,0.556519,0.5983603
BiLSTM+Attention,val,77.517658_12.827358,2023-06-01,0.5220407,0.56917495
BiLSTM+Attention,val,77.517658_12.849815,2023-06-01,0.5026878,0.5412024
BiLSTM+Attention,val,77.517658_12.885748,2023-06-01,0.52492285,0.55213726
BiLSTM+Attention,val,77.517658_12.89024,2023-06-01,0.5129729,0.53772545
BiLSTM+Attention,val,77.517658_12.899223,2023-06-01,0.5303809,0.5525675
BiLSTM+Attention,val,77.517658_12.998037,2023-06-01,0.5783854,0.6076892
BiLSTM+Attention,val,77.517658_13.11931,2023-06-01,0.38181326,0.42366406
BiLSTM+Attention,val,77.517658_13.182192,2023-06-01,0.42455307,0.4499506
BiLSTM+Attention,val,77.517658_13.186684,2023-06-01,0.4483314,0.47363898
BiLSTM+Attention,val,77.517658_13.191175,2023-06-01,0.39145216,0.42853022
BiLSTM+Attention,val,77.522149_12.751001,2023-06-01,0.6543304,0.70910954
BiLSTM+Attention,val,77.522149_12.755492,2023-06-01,0.6303641,0.66766846
BiLSTM+Attention,val,77.522149_12.759984,2023-06-01,0.66467774,0.6968247
BiLSTM+Attention,val,77.522149_12.782442,2023-06-01,0.61333704,0.6454936
BiLSTM+Attention,val,77.522149_12.809391,2023-06-01,0.77469146,0.7908268
BiLSTM+Attention,val,77.522149_12.813883,2023-06-01,0.48628035,0.5284339
BiLSTM+Attention,val,77.522149_12.818374,2023-06-01,0.46164438,0.5057413
BiLSTM+Attention,val,77.522149_12.836341,2023-06-01,0.5304221,0.56384873
BiLSTM+Attention,val,77.522149_12.845324,2023-06-01,0.54322815,0.5729327
BiLSTM+Attention,val,77.522149_13.078886,2023-06-01,0.6008061,0.63191485
BiLSTM+Attention,val,77.522149_13.146259,2023-06-01,0.35388848,0.3957988
BiLSTM+Attention,val,77.522149_13.200158,2023-06-01,0.45203426,0.48179716
BiLSTM+Attention,val,77.526641_12.751001,2023-06-01,0.6586708,0.68374294
BiLSTM+Attention,val,77.526641_12.840832,2023-06-01,0.60176414,0.6308806
BiLSTM+Attention,val,77.526641_12.89024,2023-06-01,0.6441479,0.65788656
BiLSTM+Attention,val,77.526641_12.899223,2023-06-01,0.5684502,0.6087976
BiLSTM+Attention,val,77.526641_13.078886,2023-06-01,0.58705616,0.6282006
BiLSTM+Attention,val,77.526641_13.105835,2023-06-01,0.4114049,0.44562167
BiLSTM+Attention,val,77.526641_13.110327,2023-06-01,0.390075,0.42501715
BiLSTM+Attention,val,77.531133_12.791425,2023-06-01,0.50841016,0.57722014
BiLSTM+Attention,val,77.531133_12.795916,2023-06-01,0.57038426,0.61266524
BiLSTM+Attention,val,77.531133_12.800408,2023-06-01,0.5649429,0.60119826
BiLSTM+Attention,val,77.531133_12.822866,2023-06-01,0.51349515,0.5522342
BiLSTM+Attention,val,77.531133_12.827358,2023-06-01,0.53373224,0.5762239
BiLSTM+Attention,val,77.531133_12.894731,2023-06-01,0.4997095,0.5451513
BiLSTM+Attention,val,77.531133_13.083377,2023-06-01,0.56139016,0.5952362
BiLSTM+Attention,val,77.531133_13.114818,2023-06-01,0.4007379,0.442111
BiLSTM+Attention,val,77.531133_13.195667,2023-06-01,0.48110947,0.51001626
BiLSTM+Attention,val,77.535624_12.77795,2023-06-01,0.73865193,0.7726758
BiLSTM+Attention,val,77.535624_12.822866,2023-06-01,0.6588288,0.6913388
BiLSTM+Attention,val,77.535624_12.872273,2023-06-01,0.41581663,0.46275496
BiLSTM+Attention,val,77.535624_12.899223,2023-06-01,0.4748937,0.51248974
BiLSTM+Attention,val,77.535624_13.069903,2023-06-01,0.6937734,0.7265456
BiLSTM+Attention,val,77.535624_13.083377,2023-06-01,0.54013586,0.5821006
BiLSTM+Attention,val,77.535624_13.096852,2023-06-01,0.45075092,0.480163
BiLSTM+Attention,val,77.535624_13.114818,2023-06-01,0.43973872,0.4768454
BiLSTM+Attention,val,77.535624_13.132785,2023-06-01,0.46450004,0.49241054
BiLSTM+Attention,val,77.535624_13.137276,2023-06-01,0.3855984,0.42362073
BiLSTM+Attention,val,77.535624_13.195667,2023-06-01,0.39176995,0.41668424
BiLSTM+Attention,val,77.540116_12.77795,2023-06-01,0.5684501,0.61271757
BiLSTM+Attention,val,77.540116_13.042953,2023-06-01,0.5632941,0.5984265
BiLSTM+Attention,val,77.540116_13.074394,2023-06-01,0.5912745,0.63041383
BiLSTM+Attention,val,77.540116_13.092361,2023-06-01,0.40724462,0.44359535
BiLSTM+Attention,val,77.540116_13.101344,2023-06-01,0.40456882,0.4431622
BiLSTM+Attention,val,77.540116_13.105835,2023-06-01,0.4255205,0.46407372
BiLSTM+Attention,val,77.540116_13.114818,2023-06-01,0.42493457,0.4498307
BiLSTM+Attention,val,77.540116_13.132785,2023-06-01,0.4346615,0.46918866
BiLSTM+Attention,val,77.540116_13.155243,2023-06-01,0.48541087,0.5185911
BiLSTM+Attention,val,77.540116_13.182192,2023-06-01,0.40354773,0.44131926
BiLSTM+Attention,val,77.544607_12.831849,2023-06-01,0.7294975,0.7449157
BiLSTM+Attention,val,77.544607_13.218125,2023-06-01,0.45864108,0.49285635
BiLSTM+Attention,val,77.549099_12.822866,2023-06-01,0.744651,0.75770664
BiLSTM+Attention,val,77.549099_12.831849,2023-06-01,0.63515973,0.65671265
BiLSTM+Attention,val,77.549099_12.836341,2023-06-01,0.6150141,0.6292194
BiLSTM+Attention,val,77.549099_12.845324,2023-06-01,0.61527973,0.6394031
BiLSTM+Attention,val,77.549099_12.867782,2023-06-01,0.5400478,0.5732748
BiLSTM+Attention,val,77.549099_12.876765,2023-06-01,0.49716347,0.5357772
BiLSTM+Attention,val,77.549099_12.894731,2023-06-01,0.6116253,0.6419143
BiLSTM+Attention,val,77.549099_13.132785,2023-06-01,0.6205322,0.65115917
BiLSTM+Attention,val,77.55359_12.71956,2023-06-01,0.7530827,0.7590532
BiLSTM+Attention,val,77.55359_12.849815,2023-06-01,0.58686936,0.6266094
BiLSTM+Attention,val,77.55359_12.872273,2023-06-01,0.47984126,0.5293419
BiLSTM+Attention,val,77.55359_13.110327,2023-06-01,0.4756961,0.5103336
BiLSTM+Attention,val,77.55359_13.128293,2023-06-01,0.59694684,0.62487143
BiLSTM+Attention,val,77.55359_13.168717,2023-06-01,0.4709921,0.5070532
BiLSTM+Attention,val,77.55359_13.173209,2023-06-01,0.39182022,0.43087244
BiLSTM+Attention,val,77.558082_12.710577,2023-06-01,0.76083916,0.7757618
BiLSTM+Attention,val,77.558082_12.827358,2023-06-01,0.68871903,0.71491224
BiLSTM+Attention,val,77.558082_12.845324,2023-06-01,0.6660869,0.70218325
BiLSTM+Attention,val,77.558082_13.042953,2023-06-01,0.64944583,0.6762274
BiLSTM+Attention,val,77.558082_13.110327,2023-06-01,0.4943005,0.52836376
BiLSTM+Attention,val,77.558082_13.168717,2023-06-01,0.48012573,0.51273924
BiLSTM+Attention,val,77.558082_13.1777,2023-06-01,0.44272786,0.47363082
BiLSTM+Attention,val,77.562574_12.71956,2023-06-01,0.7557383,0.7693442
BiLSTM+Attention,val,77.562574_12.827358,2023-06-01,0.69067967,0.71244144
BiLSTM+Attention,val,77.562574_12.858799,2023-06-01,0.4273139,0.47058266
BiLSTM+Attention,val,77.562574_12.872273,2023-06-01,0.57982564,0.6066898
BiLSTM+Attention,val,77.562574_12.876765,2023-06-01,0.59698397,0.63302857
BiLSTM+Attention,val,77.562574_13.141768,2023-06-01,0.42242503,0.44566455
BiLSTM+Attention,val,77.562574_13.159734,2023-06-01,0.4815435,0.50799084
BiLSTM+Attention,val,77.562574_13.173209,2023-06-01,0.4773765,0.50370026
BiLSTM+Attention,val,77.567065_12.724051,2023-06-01,0.71960557,0.731675
BiLSTM+Attention,val,77.567065_12.849815,2023-06-01,0.66015565,0.68245053
BiLSTM+Attention,val,77.567065_13.114818,2023-06-01,0.64353275,0.6766006
BiLSTM+Attention,val,77.567065_13.182192,2023-06-01,0.4814724,0.51666343
BiLSTM+Attention,val,77.571557_12.849815,2023-06-01,0.6591642,0.6834769
BiLSTM+Attention,val,77.571557_13.141768,2023-06-01,0.4405962,0.46377978
BiLSTM+Attention,val,77.571557_13.146259,2023-06-01,0.44993785,0.47723064
BiLSTM+Attention,val,77.576048_12.728543,2023-06-01,0.7381276,0.74932635
BiLSTM+Attention,val,77.576048_12.742018,2023-06-01,0.7093433,0.73892486
BiLSTM+Attention,val,77.576048_12.813883,2023-06-01,0.7576507,0.7693752
BiLSTM+Attention,val,77.576048_12.827358,2023-06-01,0.61242634,0.6414414
BiLSTM+Attention,val,77.58054_12.845324,2023-06-01,0.6798529,0.7010325
BiLSTM+Attention,val,77.58054_13.083377,2023-06-01,0.5072394,0.5322679
BiLSTM+Attention,val,77.58054_13.087869,2023-06-01,0.4675173,0.49923718
BiLSTM+Attention,val,77.585031_12.849815,2023-06-01,0.6794284,0.67968404
BiLSTM+Attention,val,77.585031_13.042953,2023-06-01,0.68359286,0.7203479
BiLSTM+Attention,val,77.585031_13.137276,2023-06-01,0.4574135,0.4858428
BiLSTM+Attention,val,77.589523_12.71956,2023-06-01,0.8005373,0.81369185
BiLSTM+Attention,val,77.589523_12.746509,2023-06-01,0.70028245,0.72045404
BiLSTM+Attention,val,77.589523_12.854307,2023-06-01,0.59381926,0.6306772
BiLSTM+Attention,val,77.589523_12.971088,2023-06-01,0.74385154,0.77144116
BiLSTM+Attention,val,77.589523_13.083377,2023-06-01,0.58669925,0.6138092
BiLSTM+Attention,val,77.589523_13.150751,2023-06-01,0.45292714,0.48719707
BiLSTM+Attention,val,77.594015_12.724051,2023-06-01,0.80238676,0.8164545
BiLSTM+Attention,val,77.594015_12.733034,2023-06-01,0.7782107,0.79659396
BiLSTM+Attention,val,77.594015_12.755492,2023-06-01,0.67192537,0.689997
BiLSTM+Attention,val,77.594015_12.831849,2023-06-01,0.57441795,0.599261
BiLSTM+Attention,val,77.594015_12.836341,2023-06-01,0.6133023,0.64968956
BiLSTM+Attention,val,77.594015_12.840832,2023-06-01,0.6247237,0.65530515
BiLSTM+Attention,val,77.594015_12.849815,2023-06-01,0.6165041,0.6472464
BiLSTM+Attention,val,77.594015_12.998037,2023-06-01,0.72852725,0.7615408
BiLSTM+Attention,val,77.594015_13.087869,2023-06-01,0.5998736,0.63848513
BiLSTM+Attention,val,77.598506_12.710577,2023-06-01,0.6740837,0.6946461
BiLSTM+Attention,val,77.598506_12.822866,2023-06-01,0.5968152,0.62760794
BiLSTM+Attention,val,77.598506_12.849815,2023-06-01,0.7038877,0.72541517
BiLSTM+Attention,val,77.598506_13.083377,2023-06-01,0.57675344,0.61578786
BiLSTM+Attention,val,77.598506_13.128293,2023-06-01,0.5553105,0.58240974
BiLSTM+Attention,val,77.598506_13.141768,2023-06-01,0.42355287,0.45382223
BiLSTM+Attention,val,77.598506_13.146259,2023-06-01,0.3925117,0.43217608
BiLSTM+Attention,val,77.602998_12.710577,2023-06-01,0.69758517,0.7174229
BiLSTM+Attention,val,77.602998_12.827358,2023-06-01,0.48812857,0.5116388
BiLSTM+Attention,val,77.602998_12.849815,2023-06-01,0.55297905,0.5789333
BiLSTM+Attention,val,77.602998_12.858799,2023-06-01,0.5552149,0.593948
BiLSTM+Attention,val,77.602998_13.114818,2023-06-01,0.56079745,0.599841
BiLSTM+Attention,val,77.602998_13.11931,2023-06-01,0.57118165,0.59589195
BiLSTM+Attention,val,77.602998_13.128293,2023-06-01,0.5146066,0.54200447
BiLSTM+Attention,val,77.602998_13.164226,2023-06-01,0.45641482,0.4871454
BiLSTM+Attention,val,77.607489_12.768967,2023-06-01,0.60917604,0.629771
BiLSTM+Attention,val,77.607489_12.773459,2023-06-01,0.5774548,0.6054621
BiLSTM+Attention,val,77.607489_12.809391,2023-06-01,0.6393998,0.67033976
BiLSTM+Attention,val,77.607489_12.818374,2023-06-01,0.68763113,0.71536124
BiLSTM+Attention,val,77.607489_13.087869,2023-06-01,0.71821123,0.7580851
BiLSTM+Attention,val,77.611981_12.674644,2023-06-01,0.78590196,0.7905217
BiLSTM+Attention,val,77.611981_12.768967,2023-06-01,0.5671852,0.5842767
BiLSTM+Attention,val,77.611981_12.831849,2023-06-01,0.5504048,0.5618775
BiLSTM+Attention,val,77.611981_12.867782,2023-06-01,0.5208874,0.54679877
BiLSTM+Attention,val,77.611981_12.953122,2023-06-01,0.7194834,0.75381106
BiLSTM+Attention,val,77.611981_13.168717,2023-06-01,0.40632534,0.4439175
BiLSTM+Attention,val,77.611981_13.182192,2023-06-01,0.35650516,0.4006969
BiLSTM+Attention,val,77.616473_12.831849,2023-06-01,0.62484616,0.6344987
BiLSTM+Attention,val,77.616473_12.858799,2023-06-01,0.5103126,0.5291651
BiLSTM+Attention,val,77.616473_13.114818,2023-06-01,0.56171715,0.5911052
BiLSTM+Attention,val,77.616473_13.141768,2023-06-01,0.4431529,0.47704303
BiLSTM+Attention,val,77.616473_13.1777,2023-06-01,0.37050903,0.40316173
BiLSTM+Attention,val,77.620964_12.674644,2023-06-01,0.80103844,0.79166806
BiLSTM+Attention,val,77.620964_12.795916,2023-06-01,0.43687952,0.45903692
BiLSTM+Attention,val,77.620964_12.813883,2023-06-01,0.43543056,0.4709934
BiLSTM+Attention,val,77.620964_12.845324,2023-06-01,0.65921247,0.6792601
BiLSTM+Attention,val,77.620964_12.858799,2023-06-01,0.49145713,0.5107685
BiLSTM+Attention,val,77.620964_13.132785,2023-06-01,0.5285425,0.55853504
BiLSTM+Attention,val,77.625456_12.858799,2023-06-01,0.43823785,0.45826152
BiLSTM+Attention,val,77.625456_13.065411,2023-06-01,0.38954645,0.42792925
BiLSTM+Attention,val,77.625456_13.128293,2023-06-01,0.5332548,0.5586353
BiLSTM+Attention,val,77.625456_13.137276,2023-06-01,0.4351935,0.4519736
BiLSTM+Attention,val,77.625456_13.155243,2023-06-01,0.639552,0.6626453
BiLSTM+Attention,val,77.625456_13.182192,2023-06-01,0.43511015,0.45519224
BiLSTM+Attention,val,77.629947_12.795916,2023-06-01,0.7709239,0.77992904
BiLSTM+Attention,val,77.629947_12.809391,2023-06-01,0.47888598,0.4923331
BiLSTM+Attention,val,77.629947_12.836341,2023-06-01,0.5750192,0.5896242
BiLSTM+Attention,val,77.629947_12.854307,2023-06-01,0.5044012,0.51443356
BiLSTM+Attention,val,77.629947_12.858799,2023-06-01,0.47217858,0.489471
BiLSTM+Attention,val,77.629947_13.06092,2023-06-01,0.41721955,0.4532236
BiLSTM+Attention,val,77.629947_13.087869,2023-06-01,0.43760154,0.45850343
BiLSTM+Attention,val,77.629947_13.1777,2023-06-01,0.45053744,0.47475788
BiLSTM+Attention,val,77.634439_12.679136,2023-06-01,0.7497848,0.76466894
BiLSTM+Attention,val,77.634439_12.701593,2023-06-01,0.7055295,0.72858894
BiLSTM+Attention,val,77.634439_12.733034,2023-06-01,0.48020768,0.50531226
BiLSTM+Attention,val,77.634439_12.746509,2023-06-01,0.50973266,0.53495765
BiLSTM+Attention,val,77.634439_12.751001,2023-06-01,0.5134289,0.53642285
BiLSTM+Attention,val,77.634439_12.849815,2023-06-01,0.54072297,0.5596806
BiLSTM+Attention,val,77.634439_13.047445,2023-06-01,0.472538,0.50583005
BiLSTM+Attention,val,77.634439_13.083377,2023-06-01,0.4008378,0.43638375
BiLSTM+Attention,val,77.634439_13.137276,2023-06-01,0.40542135,0.43655744
BiLSTM+Attention,val,77.63893_12.688119,2023-06-01,0.6753418,0.69513035
BiLSTM+Attention,val,77.63893_12.742018,2023-06-01,0.52710277,0.55191016
BiLSTM+Attention,val,77.63893_12.800408,2023-06-01,0.47771809,0.49303663
BiLSTM+Attention,val,77.63893_12.818374,2023-06-01,0.4767378,0.4905341
BiLSTM+Attention,val,77.63893_12.840832,2023-06-01,0.6233381,0.64265674
BiLSTM+Attention,val,77.63893_12.872273,2023-06-01,0.40649983,0.44365665
BiLSTM+Attention,val,77.63893_12.917189,2023-06-01,0.70657235,0.73794436
BiLSTM+Attention,val,77.63893_12.989054,2023-06-01,0.6469817,0.676852
BiLSTM+Attention,val,77.63893_13.056428,2023-06-01,0.5137743,0.5397365
BiLSTM+Attention,val,77.63893_13.078886,2023-06-01,0.42238083,0.45506755
BiLSTM+Attention,val,77.63893_13.083377,2023-06-01,0.39747527,0.43392104
BiLSTM+Attention,val,77.63893_13.1777,2023-06-01,0.43105373,0.46387497
BiLSTM+Attention,val,77.643422_12.795916,2023-06-01,0.46815452,0.49110526
BiLSTM+Attention,val,77.643422_12.800408,2023-06-01,0.48334396,0.5009468
BiLSTM+Attention,val,77.643422_12.809391,2023-06-01,0.5005857,0.5191232
BiLSTM+Attention,val,77.643422_12.867782,2023-06-01,0.4690506,0.48809907
BiLSTM+Attention,val,77.643422_13.002529,2023-06-01,0.5309324,0.54836255
BiLSTM+Attention,val,77.643422_13.038462,2023-06-01,0.51414883,0.5499455
BiLSTM+Attention,val,77.643422_13.164226,2023-06-01,0.57338965,0.5982889
BiLSTM+Attention,val,77.647914_12.688119,2023-06-01,0.7081378,0.7276302
BiLSTM+Attention,val,77.647914_12.733034,2023-06-01,0.5330583,0.5573543
BiLSTM+Attention,val,77.647914_12.881256,2023-06-01,0.48053122,0.52282405
BiLSTM+Attention,val,77.647914_12.935155,2023-06-01,0.6616008,0.67643875
BiLSTM+Attention,val,77.647914_13.141768,2023-06-01,0.66254455,0.69979364
BiLSTM+Attention,val,77.647914_13.168717,2023-06-01,0.7107673,0.7304734
BiLSTM+Attention,val,77.652405_12.697102,2023-06-01,0.6702069,0.6991924
BiLSTM+Attention,val,77.652405_12.773459,2023-06-01,0.46665412,0.47995448
BiLSTM+Attention,val,77.652405_12.795916,2023-06-01,0.42555934,0.44407678
BiLSTM+Attention,val,77.652405_12.8049,2023-06-01,0.53162026,0.53820574
BiLSTM+Attention,val,77.652405_12.858799,2023-06-01,0.6974371,0.72264004
BiLSTM+Attention,val,77.652405_12.926172,2023-06-01,0.6215953,0.6497368
BiLSTM+Attention,val,77.652405_13.002529,2023-06-01,0.52354175,0.53894997
BiLSTM+Attention,val,77.656897_12.742018,2023-06-01,0.5254125,0.56006247
BiLSTM+Attention,val,77.656897_12.746509,2023-06-01,0.5097355,0.5400085
BiLSTM+Attention,val,77.656897_12.768967,2023-06-01,0.5172966,0.5383652
BiLSTM+Attention,val,77.656897_12.791425,2023-06-01,0.4399248,0.46021992
BiLSTM+Attention,val,77.656897_12.800408,2023-06-01,0.54299104,0.5529022
BiLSTM+Attention,val,77.656897_12.831849,2023-06-01,0.56588614,0.5860839
BiLSTM+Attention,val,77.656897_12.849815,2023-06-01,0.42204574,0.4425688
BiLSTM+Attention,val,77.656897_13.101344,2023-06-01,0.46540025,0.49108762
BiLSTM+Attention,val,77.656897_13.164226,2023-06-01,0.44630596,0.4723824
BiLSTM+Attention,val,77.656897_13.173209,2023-06-01,0.39357653,0.42739388
BiLSTM+Attention,val,77.661388_12.737526,2023-06-01,0.55392313,0.5729292
BiLSTM+Attention,val,77.661388_12.759984,2023-06-01,0.54956496,0.5628059
BiLSTM+Attention,val,77.661388_13.056428,2023-06-01,0.4537199,0.487098
BiLSTM+Attention,val,77.661388_13.074394,2023-06-01,0.5164831,0.5504886
BiLSTM+Attention,val,77.661388_13.087869,2023-06-01,0.42855406,0.45667127
BiLSTM+Attention,val,77.661388_13.101344,2023-06-01,0.44008753,0.47281715
BiLSTM+Attention,val,77.661388_13.110327,2023-06-01,0.5111197,0.5422102
BiLSTM+Attention,val,77.661388_13.11931,2023-06-01,0.5833209,0.6068664
BiLSTM+Attention,val,77.66588_12.679136,2023-06-01,0.6375633,0.65297854
BiLSTM+Attention,val,77.66588_12.697102,2023-06-01,0.6134349,0.6347248
BiLSTM+Attention,val,77.66588_12.715068,2023-06-01,0.63179994,0.6444076
BiLSTM+Attention,val,77.66588_12.724051,2023-06-01,0.6047197,0.624612
BiLSTM+Attention,val,77.66588_12.751001,2023-06-01,0.5051897,0.51181084
BiLSTM+Attention,val,77.66588_12.755492,2023-06-01,0.5589659,0.5779346
BiLSTM+Attention,val,77.66588_12.764475,2023-06-01,0.54867285,0.56787175
BiLSTM+Attention,val,77.66588_12.768967,2023-06-01,0.7027177,0.7118061
BiLSTM+Attention,val,77.66588_12.791425,2023-06-01,0.5961628,0.6073376
BiLSTM+Attention,val,77.66588_12.953122,2023-06-01,0.5463655,0.584153
BiLSTM+Attention,val,77.66588_13.038462,2023-06-01,0.4500911,0.4887397
BiLSTM+Attention,val,77.66588_13.051936,2023-06-01,0.49752504,0.5204014
BiLSTM+Attention,val,77.66588_13.173209,2023-06-01,0.39650846,0.43130407
BiLSTM+Attention,val,77.670371_12.71956,2023-06-01,0.6399045,0.6528434
BiLSTM+Attention,val,77.670371_12.86329,2023-06-01,0.51166743,0.5388504
BiLSTM+Attention,val,77.670371_12.881256,2023-06-01,0.4662272,0.491093
BiLSTM+Attention,val,77.670371_12.894731,2023-06-01,0.41328576,0.45235428
BiLSTM+Attention,val,77.670371_13.069903,2023-06-01,0.40658504,0.4482845
BiLSTM+Attention,val,77.670371_13.083377,2023-06-01,0.3761908,0.42084768
BiLSTM+Attention,val,77.670371_13.092361,2023-06-01,0.38228923,0.41914323
BiLSTM+Attention,val,77.670371_13.128293,2023-06-01,0.49185905,0.5137531
BiLSTM+Attention,val,77.674863_12.674644,2023-06-01,0.7047475,0.71718013
BiLSTM+Attention,val,77.674863_12.71956,2023-06-01,0.644109,0.663842
BiLSTM+Attention,val,77.674863_12.755492,2023-06-01,0.4978939,0.5178505
BiLSTM+Attention,val,77.674863_12.764475,2023-06-01,0.5036959,0.52154183
BiLSTM+Attention,val,77.674863_12.786933,2023-06-01,0.51454186,0.5209267
BiLSTM+Attention,val,77.674863_12.836341,2023-06-01,0.52501184,0.5341906
BiLSTM+Attention,val,77.674863_12.867782,2023-06-01,0.7564176,0.77663696
BiLSTM+Attention,val,77.674863_13.051936,2023-06-01,0.5029624,0.5274233
BiLSTM+Attention,val,77.674863_13.069903,2023-06-01,0.37111175,0.4221505
BiLSTM+Attention,val,77.674863_13.092361,2023-06-01,0.4279317,0.45959005
BiLSTM+Attention,val,77.674863_13.105835,2023-06-01,0.4759022,0.5047481
BiLSTM+Attention,val,77.679355_12.697102,2023-06-01,0.5027302,0.5384637
BiLSTM+Attention,val,77.679355_12.746509,2023-06-01,0.6687449,0.6822559
BiLSTM+Attention,val,77.679355_12.881256,2023-06-01,0.4811671,0.51593846
BiLSTM+Attention,val,77.679355_12.89024,2023-06-01,0.50332665,0.532188
BiLSTM+Attention,val,77.679355_12.899223,2023-06-01,0.40367824,0.44692594
BiLSTM+Attention,val,77.679355_13.047445,2023-06-01,0.74953413,0.77965355
BiLSTM+Attention,val,77.679355_13.056428,2023-06-01,0.4542099,0.48755506
BiLSTM+Attention,val,77.679355_13.074394,2023-06-01,0.42342463,0.4657076
BiLSTM+Attention,val,77.679355_13.101344,2023-06-01,0.44385332,0.47089076
BiLSTM+Attention,val,77.679355_13.141768,2023-06-01,0.4918202,0.51296735
BiLSTM+Attention,val,77.679355_13.155243,2023-06-01,0.39178705,0.42564037
BiLSTM+Attention,val,77.679355_13.159734,2023-06-01,0.4300801,0.46078917
BiLSTM+Attention,val,77.683846_12.728543,2023-06-01,0.5463288,0.568958
BiLSTM+Attention,val,77.683846_12.742018,2023-06-01,0.50207555,0.51853096
BiLSTM+Attention,val,77.683846_12.755492,2023-06-01,0.70561635,0.71754557
BiLSTM+Attention,val,77.683846_12.795916,2023-06-01,0.5096597,0.5141051
BiLSTM+Attention,val,77.683846_12.8049,2023-06-01,0.48476997,0.49725008
BiLSTM+Attention,val,77.683846_12.836341,2023-06-01,0.5846455,0.59967947
BiLSTM+Attention,val,77.683846_12.840832,2023-06-01,0.5954896,0.61074823
BiLSTM+Attention,val,77.683846_12.894731,2023-06-01,0.50058824,0.5298244
BiLSTM+Attention,val,77.683846_12.917189,2023-06-01,0.41409248,0.46378103
BiLSTM+Attention,val,77.683846_12.939647,2023-06-01,0.69903994,0.737648
BiLSTM+Attention,val,77.683846_13.029478,2023-06-01,0.335673,0.39159402
BiLSTM+Attention,val,77.683846_13.06092,2023-06-01,0.4351906,0.47226447
BiLSTM+Attention,val,77.683846_13.074394,2023-06-01,0.3854149,0.4238988
BiLSTM+Attention,val,77.683846_13.11931,2023-06-01,0.3595711,0.40405264
BiLSTM+Attention,val,77.683846_13.123802,2023-06-01,0.4229592,0.45445272
BiLSTM+Attention,val,77.688338_12.656678,2023-06-01,0.7050016,0.69849634
BiLSTM+Attention,val,77.688338_12.69261,2023-06-01,0.7797133,0.78519195
BiLSTM+Attention,val,77.688338_12.697102,2023-06-01,0.7899563,0.7918484
BiLSTM+Attention,val,77.688338_12.710577,2023-06-01,0.79167885,0.80184746
BiLSTM+Attention,val,77.688338_12.751001,2023-06-01,0.58638495,0.5889709
BiLSTM+Attention,val,77.688338_12.755492,2023-06-01,0.5486052,0.5483014
BiLSTM+Attention,val,77.688338_12.876765,2023-06-01,0.7761264,0.772748
BiLSTM+Attention,val,77.688338_12.885748,2023-06-01,0.49801373,0.517999
BiLSTM+Attention,val,77.688338_12.966596,2023-06-01,0.557331,0.59951395
BiLSTM+Attention,val,77.692829_12.746509,2023-06-01,0.46561322,0.48499462
BiLSTM+Attention,val,77.692829_12.800408,2023-06-01,0.44896832,0.4684006
BiLSTM+Attention,val,77.692829_12.845324,2023-06-01,0.642455,0.64674604
BiLSTM+Attention,val,77.692829_12.885748,2023-06-01,0.5225452,0.55465037
BiLSTM+Attention,val,77.692829_12.899223,2023-06-01,0.45222086,0.48375142
BiLSTM+Attention,val,77.692829_13.047445,2023-06-01,0.7422722,0.751052
BiLSTM+Attention,val,77.692829_13.06092,2023-06-01,0.5650586,0.5934876
BiLSTM+Attention,val,77.692829_13.065411,2023-06-01,0.533685,0.5606713
BiLSTM+Attention,val,77.692829_13.083377,2023-06-01,0.3843211,0.42156187
BiLSTM+Attention,val,77.692829_13.096852,2023-06-01,0.3820224,0.4284403
BiLSTM+Attention,val,77.692829_13.132785,2023-06-01,0.38160503,0.41602835
BiLSTM+Attention,val,77.692829_13.155243,2023-06-01,0.38479653,0.4212263
BiLSTM+Attention,val,77.697321_12.697102,2023-06-01,0.7917,0.79030937
BiLSTM+Attention,val,77.697321_12.751001,2023-06-01,0.5152725,0.53095347
BiLSTM+Attention,val,77.697321_12.773459,2023-06-01,0.45641443,0.47957203
BiLSTM+Attention,val,77.697321_12.791425,2023-06-01,0.5636297,0.5746213
BiLSTM+Attention,val,77.697321_12.885748,2023-06-01,0.5264701,0.5566924
BiLSTM+Attention,val,77.697321_12.894731,2023-06-01,0.47594577,0.5003961
BiLSTM+Attention,val,77.697321_12.930664,2023-06-01,0.48477912,0.5276941
BiLSTM+Attention,val,77.697321_12.966596,2023-06-01,0.52891535,0.56211203
BiLSTM+Attention,val,77.697321_13.132785,2023-06-01,0.38160196,0.4177253
BiLSTM+Attention,val,77.697321_13.150751,2023-06-01,0.4326709,0.45663527
BiLSTM+Attention,val,77.697321_13.1777,2023-06-01,0.56340766,0.5851867
BiLSTM+Attention,val,77.701812_12.742018,2023-06-01,0.49152842,0.5074103
BiLSTM+Attention,val,77.701812_12.77795,2023-06-01,0.4610172,0.48218527
BiLSTM+Attention,val,77.701812_12.8049,2023-06-01,0.5570563,0.56757736
BiLSTM+Attention,val,77.701812_12.822866,2023-06-01,0.531433,0.5337572
BiLSTM+Attention,val,77.701812_12.872273,2023-06-01,0.44014794,0.47205082
BiLSTM+Attention,val,77.701812_12.984563,2023-06-01,0.46393657,0.50261277
BiLSTM+Attention,val,77.701812_13.03397,2023-06-01,0.4111915,0.44729826
BiLSTM+Attention,val,77.701812_13.114818,2023-06-01,0.47550523,0.50354844
BiLSTM+Attention,val,77.701812_13.164226,2023-06-01,0.4346418,0.4661819
BiLSTM+Attention,val,77.706304_12.746509,2023-06-01,0.4985278,0.51727545
BiLSTM+Attention,val,77.706304_12.751001,2023-06-01,0.5032411,0.53056574
BiLSTM+Attention,val,77.706304_12.759984,2023-06-01,0.41234475,0.43867368
BiLSTM+Attention,val,77.706304_12.764475,2023-06-01,0.49419588,0.49342188
BiLSTM+Attention,val,77.706304_12.86329,2023-06-01,0.3800166,0.41964367
BiLSTM+Attention,val,77.706304_12.984563,2023-06-01,0.46625113,0.50510794
BiLSTM+Attention,val,77.706304_13.038462,2023-06-01,0.4151659,0.45351416
BiLSTM+Attention,val,77.706304_13.042953,2023-06-01,0.48760843,0.5245686
BiLSTM+Attention,val,77.706304_13.137276,2023-06-01,0.74083805,0.7573669
BiLSTM+Attention,val,77.710796_12.715068,2023-06-01,0.6095071,0.6278126
BiLSTM+Attention,val,77.710796_12.894731,2023-06-01,0.5702226,0.59700155
BiLSTM+Attention,val,77.710796_12.899223,2023-06-01,0.4998617,0.5223119
BiLSTM+Attention,val,77.710796_12.912697,2023-06-01,0.42461032,0.45301503
BiLSTM+Attention,val,77.710796_13.03397,2023-06-01,0.428446,0.46430746
BiLSTM+Attention,val,77.710796_13.11931,2023-06-01,0.4207015,0.44670925
BiLSTM+Attention,val,77.710796_13.123802,2023-06-01,0.3873524,0.41544667
BiLSTM+Attention,val,77.710796_13.132785,2023-06-01,0.44932514,0.4743602
BiLSTM+Attention,val,77.710796_13.150751,2023-06-01,0.384001,0.41535005
BiLSTM+Attention,val,77.710796_13.168717,2023-06-01,0.48790333,0.5247642
BiLSTM+Attention,val,77.710796_13.173209,2023-06-01,0.48776293,0.5169613
BiLSTM+Attention,val,77.715287_12.679136,2023-06-01,0.6842734,0.6946923
BiLSTM+Attention,val,77.715287_12.742018,2023-06-01,0.4771306,0.50556844
BiLSTM+Attention,val,77.715287_12.773459,2023-06-01,0.46505955,0.47302967
BiLSTM+Attention,val,77.715287_12.822866,2023-06-01,0.49926698,0.5267993
BiLSTM+Attention,val,77.715287_12.827358,2023-06-01,0.45480964,0.48310974
BiLSTM+Attention,val,77.715287_12.845324,2023-06-01,0.39632007,0.43490514
BiLSTM+Attention,val,77.715287_12.885748,2023-06-01,0.5427054,0.56885105
BiLSTM+Attention,val,77.715287_12.899223,2023-06-01,0.39866883,0.44105572
BiLSTM+Attention,val,77.715287_12.939647,2023-06-01,0.68118465,0.71850187
BiLSTM+Attention,val,77.715287_12.944139,2023-06-01,0.7240876,0.75964856
BiLSTM+Attention,val,77.715287_12.94863,2023-06-01,0.582743,0.6262142
BiLSTM+Attention,val,77.715287_13.029478,2023-06-01,0.36738786,0.40908328
BiLSTM+Attention,val,77.715287_13.038462,2023-06-01,0.49658614,0.52397215
BiLSTM+Attention,val,77.715287_13.051936,2023-06-01,0.49033737,0.5144051
BiLSTM+Attention,val,77.715287_13.056428,2023-06-01,0.40374818,0.4314408
BiLSTM+Attention,val,77.715287_13.096852,2023-06-01,0.33077943,0.3743609
BiLSTM+Attention,val,77.715287_13.114818,2023-06-01,0.50008374,0.5253866
BiLSTM+Attention,val,77.715287_13.128293,2023-06-01,0.45419878,0.47500995
BiLSTM+Attention,val,77.719779_12.706085,2023-06-01,0.6345592,0.6399666
BiLSTM+Attention,val,77.719779_12.746509,2023-06-01,0.67786366,0.6992339
BiLSTM+Attention,val,77.719779_12.795916,2023-06-01,0.47368625,0.48817477
BiLSTM+Attention,val,77.719779_12.840832,2023-06-01,0.5190095,0.53092283
BiLSTM+Attention,val,77.719779_12.903714,2023-06-01,0.4195903,0.43942064
BiLSTM+Attention,val,77.719779_13.069903,2023-06-01,0.3912431,0.42386353
BiLSTM+Attention,val,77.719779_13.105835,2023-06-01,0.41962558,0.45444733
BiLSTM+Attention,val,77.719779_13.123802,2023-06-01,0.40690646,0.43360263
BiLSTM+Attention,val,77.719779_13.137276,2023-06-01,0.42043957,0.45068133
BiLSTM+Attention,val,77.719779_13.155243,2023-06-01,0.40119174,0.43599027
BiLSTM+Attention,val,77.72427_12.674644,2023-06-01,0.5321108,0.55257535
BiLSTM+Attention,val,77.72427_12.697102,2023-06-01,0.4843265,0.507338
BiLSTM+Attention,val,77.72427_12.701593,2023-06-01,0.5278092,0.5435162
BiLSTM+Attention,val,77.72427_12.724051,2023-06-01,0.5102919,0.53086835
BiLSTM+Attention,val,77.72427_12.786933,2023-06-01,0.48965546,0.49681947
BiLSTM+Attention,val,77.72427_12.791425,2023-06-01,0.49588743,0.50327563
BiLSTM+Attention,val,77.72427_12.840832,2023-06-01,0.48380062,0.5117414
BiLSTM+Attention,val,77.72427_12.867782,2023-06-01,0.4246157,0.45419496
BiLSTM+Attention,val,77.72427_12.885748,2023-06-01,0.468651,0.49441728
BiLSTM+Attention,val,77.72427_13.06092,2023-06-01,0.40322155,0.4345039
BiLSTM+Attention,val,77.72427_13.074394,2023-06-01,0.43347824,0.46160886
BiLSTM+Attention,val,77.728762_12.706085,2023-06-01,0.6194621,0.64302915
BiLSTM+Attention,val,77.728762_12.724051,2023-06-01,0.6300464,0.6449612
BiLSTM+Attention,val,77.728762_12.759984,2023-06-01,0.5009135,0.51801616
BiLSTM+Attention,val,77.728762_12.782442,2023-06-01,0.5478666,0.54956895
BiLSTM+Attention,val,77.728762_12.809391,2023-06-01,0.48770598,0.49589077
BiLSTM+Attention,val,77.728762_12.858799,2023-06-01,0.52903986,0.5510836
BiLSTM+Attention,val,77.728762_12.876765,2023-06-01,0.5358818,0.5588787
BiLSTM+Attention,val,77.728762_12.885748,2023-06-01,0.46366617,0.48503935
BiLSTM+Attention,val,77.728762_13.047445,2023-06-01,0.46705443,0.49887344
BiLSTM+Attention,val,77.728762_13.087869,2023-06-01,0.4697989,0.49788058
BiLSTM+Attention,val,77.728762_13.092361,2023-06-01,0.43079242,0.46783057
BiLSTM+Attention,val,77.733253_12.755492,2023-06-01,0.44333792,0.45947966
BiLSTM+Attention,val,77.733253_12.795916,2023-06-01,0.4726912,0.49312428
BiLSTM+Attention,val,77.733253_12.86329,2023-06-01,0.55013716,0.56964284
BiLSTM+Attention,val,77.733253_12.872273,2023-06-01,0.5460792,0.5664231
BiLSTM+Attention,val,77.733253_12.998037,2023-06-01,0.613964,0.64059293
BiLSTM+Attention,val,77.733253_13.056428,2023-06-01,0.37082794,0.40521377
BiLSTM+Attention,val,77.737745_12.764475,2023-06-01,0.43227708,0.45889565
BiLSTM+Attention,val,77.737745_12.791425,2023-06-01,0.47094518,0.4868996
BiLSTM+Attention,val,77.737745_12.809391,2023-06-01,0.4577375,0.46545348
BiLSTM+Attention,val,77.737745_12.858799,2023-06-01,0.4783958,0.49874228
BiLSTM+Attention,val,77.737745_12.872273,2023-06-01,0.53788525,0.5442165
BiLSTM+Attention,val,77.737745_12.881256,2023-06-01,0.5657288,0.59360766
BiLSTM+Attention,val,77.737745_13.051936,2023-06-01,0.37617454,0.40841016
BiLSTM+Attention,val,77.737745_13.06092,2023-06-01,0.414236,0.4446508
BiLSTM+Attention,val,77.737745_13.078886,2023-06-01,0.44288257,0.46501628
BiLSTM+Attention,val,77.737745_13.101344,2023-06-01,0.36556652,0.40397993
BiLSTM+Attention,val,77.742237_12.697102,2023-06-01,0.6555193,0.661856
BiLSTM+Attention,val,77.742237_12.764475,2023-06-01,0.45130664,0.4755255
BiLSTM+Attention,val,77.742237_12.795916,2023-06-01,0.4609468,0.47463408
BiLSTM+Attention,val,77.742237_12.8049,2023-06-01,0.48765662,0.501347
BiLSTM+Attention,val,77.742237_12.86329,2023-06-01,0.41409516,0.4370233
BiLSTM+Attention,val,77.742237_12.867782,2023-06-01,0.5461797,0.5526203
BiLSTM+Attention,val,77.742237_12.89024,2023-06-01,0.54448354,0.5667898
BiLSTM+Attention,val,77.742237_12.899223,2023-06-01,0.5427284,0.5582902
BiLSTM+Attention,val,77.742237_12.921681,2023-06-01,0.4601029,0.47952726
BiLSTM+Attention,val,77.742237_12.980071,2023-06-01,0.5165179,0.5346337
BiLSTM+Attention,val,77.742237_13.002529,2023-06-01,0.5463862,0.56927395
BiLSTM+Attention,val,77.742237_13.016004,2023-06-01,0.5245892,0.56537557
BiLSTM+Attention,val,77.742237_13.038462,2023-06-01,0.38095027,0.42413822
BiLSTM+Attention,val,77.742237_13.074394,2023-06-01,0.35537255,0.3913602
BiLSTM+Attention,val,77.742237_13.078886,2023-06-01,0.44052842,0.46065181
BiLSTM+Attention,val,77.742237_13.101344,2023-06-01,0.40135983,0.43247557
BiLSTM+Attention,val,77.746728_12.751001,2023-06-01,0.49075708,0.51043266
BiLSTM+Attention,val,77.746728_12.764475,2023-06-01,0.46989202,0.48856527
BiLSTM+Attention,val,77.746728_12.782442,2023-06-01,0.5327165,0.5632064
BiLSTM+Attention,val,77.746728_12.97558,2023-06-01,0.5331924,0.5587366
BiLSTM+Attention,val,77.746728_12.984563,2023-06-01,0.5199895,0.5466248
BiLSTM+Attention,val,77.746728_13.016004,2023-06-01,0.55721194,0.58457947
BiLSTM+Attention,val,77.746728_13.020495,2023-06-01,0.5928279,0.62347907
BiLSTM+Attention,val,77.746728_13.024987,2023-06-01,0.4795071,0.51382047
BiLSTM+Attention,val,77.746728_13.038462,2023-06-01,0.3968276,0.43243045
BiLSTM+Attention,val,77.746728_13.06092,2023-06-01,0.34131077,0.38264367
BiLSTM+Attention,val,77.746728_13.083377,2023-06-01,0.44877753,0.475822
BiLSTM+Attention,val,77.746728_13.092361,2023-06-01,0.42525673,0.45816293
BiLSTM+Attention,val,77.75122_12.751001,2023-06-01,0.48393586,0.49984702
BiLSTM+Attention,val,77.75122_12.755492,2023-06-01,0.5443735,0.56171775
BiLSTM+Attention,val,77.75122_12.768967,2023-06-01,0.43299332,0.46088472
BiLSTM+Attention,val,77.75122_12.77795,2023-06-01,0.48941296,0.51353943
BiLSTM+Attention,val,77.75122_12.894731,2023-06-01,0.46867427,0.48295456
BiLSTM+Attention,val,77.75122_12.993546,2023-06-01,0.45299345,0.4734783
BiLSTM+Attention,val,77.75122_13.020495,2023-06-01,0.50803,0.5326364
BiLSTM+Attention,val,77.75122_13.03397,2023-06-01,0.43154216,0.46373895
BiLSTM+Attention,val,77.75122_13.038462,2023-06-01,0.35618892,0.39537257
BiLSTM+Attention,val,77.755711_12.706085,2023-06-01,0.54727405,0.5784245
BiLSTM+Attention,val,77.755711_12.764475,2023-06-01,0.78492576,0.7900207
BiLSTM+Attention,val,77.755711_12.77795,2023-06-01,0.46695173,0.49005672
BiLSTM+Attention,val,77.755711_12.822866,2023-06-01,0.4621402,0.4783423
BiLSTM+Attention,val,77.755711_12.831849,2023-06-01,0.42224225,0.45305043
BiLSTM+Attention,val,77.755711_12.858799,2023-06-01,0.48943335,0.5182544
BiLSTM+Attention,val,77.755711_12.885748,2023-06-01,0.49348152,0.51821893
BiLSTM+Attention,val,77.755711_12.899223,2023-06-01,0.41910553,0.44548914
BiLSTM+Attention,val,77.755711_12.903714,2023-06-01,0.46463302,0.48605934
BiLSTM+Attention,val,77.755711_12.926172,2023-06-01,0.49441418,0.5282369
BiLSTM+Attention,val,77.760203_12.751001,2023-06-01,0.4734779,0.5033828
BiLSTM+Attention,val,77.760203_12.795916,2023-06-01,0.42952326,0.4547524
BiLSTM+Attention,val,77.760203_12.818374,2023-06-01,0.5703667,0.57897794
BiLSTM+Attention,val,77.760203_12.867782,2023-06-01,0.44201908,0.46313736
BiLSTM+Attention,val,77.760203_12.872273,2023-06-01,0.47061622,0.48884776
BiLSTM+Attention,val,77.760203_12.876765,2023-06-01,0.43408448,0.4581329
BiLSTM+Attention,val,77.760203_12.885748,2023-06-01,0.45901546,0.48095787
BiLSTM+Attention,val,77.760203_12.984563,2023-06-01,0.513909,0.536649
BiLSTM+Attention,val,77.764695_12.742018,2023-06-01,0.6578638,0.6684957
BiLSTM+Attention,val,77.764695_12.746509,2023-06-01,0.644945,0.66184616
BiLSTM+Attention,val,77.764695_12.813883,2023-06-01,0.51020575,0.52413684
BiLSTM+Attention,val,77.764695_12.849815,2023-06-01,0.46828088,0.4883728
BiLSTM+Attention,val,77.764695_12.885748,2023-06-01,0.48230457,0.50154144
BiLSTM+Attention,val,77.764695_12.912697,2023-06-01,0.49958527,0.5250765
BiLSTM+Attention,val,77.764695_13.03397,2023-06-01,0.35655457,0.39328432
BiLSTM+Attention,val,77.769186_12.751001,2023-06-01,0.6857693,0.7055974
BiLSTM+Attention,val,77.769186_12.791425,2023-06-01,0.44010016,0.45647785
BiLSTM+Attention,val,77.769186_12.800408,2023-06-01,0.50655955,0.52777505
BiLSTM+Attention,val,77.769186_12.8049,2023-06-01,0.5468874,0.57488054
BiLSTM+Attention,val,77.769186_12.809391,2023-06-01,0.45711398,0.48266748
BiLSTM+Attention,val,77.769186_12.876765,2023-06-01,0.49360895,0.5188591
BiLSTM+Attention,val,77.769186_12.894731,2023-06-01,0.46358848,0.4847394
BiLSTM+Attention,val,77.769186_13.016004,2023-06-01,0.43385112,0.4692149
BiLSTM+Attention,val,77.773678_12.746509,2023-06-01,0.6728458,0.6867184
BiLSTM+Attention,val,77.773678_12.858799,2023-06-01,0.45278773,0.45315823
BiLSTM+Attention,val,77.773678_12.885748,2023-06-01,0.47289357,0.48467875
BiLSTM+Attention,val,77.773678_12.899223,2023-06-01,0.41787416,0.44721562
BiLSTM+Attention,val,77.773678_12.908206,2023-06-01,0.4753762,0.506544
BiLSTM+Attention,val,77.778169_12.809391,2023-06-01,0.44027832,0.4611428
BiLSTM+Attention,val,77.778169_12.885748,2023-06-01,0.4894397,0.51248556
BiLSTM+Attention,val,77.782661_12.786933,2023-06-01,0.4261625,0.4504676
BiLSTM+Attention,val,77.782661_12.791425,2023-06-01,0.4716271,0.50493586
BiLSTM+Attention,val,77.782661_12.89024,2023-06-01,0.48096207,0.504015
BiLSTM+Attention,val,77.787152_12.786933,2023-06-01,0.44213274,0.47274616
BiLSTM+Attention,val,77.787152_12.849815,2023-06-01,0.4644742,0.4724806
BiLSTM+Attention,val,77.787152_12.867782,2023-06-01,0.4218604,0.44769102
BiLSTM+Attention,val,77.791644_12.8049,2023-06-01,0.47287184,0.49794424
BiLSTM+Attention,val,77.791644_12.899223,2023-06-01,0.43448555,0.4572919
BiLSTM+Attention,val,77.796136_12.854307,2023-06-01,0.4260362,0.4510371
BiLSTM+Attention,val,77.796136_12.885748,2023-06-01,0.49381232,0.51176304
BiLSTM+Attention,val,77.800627_12.876765,2023-06-01,0.5064286,0.52027273
BiLSTM+Attention,val,77.800627_12.885748,2023-06-01,0.45621422,0.47955492
BiLSTM+Attention,val,77.805119_12.876765,2023-06-01,0.5148652,0.5312913
BiLSTM+Attention,val,77.805119_12.89024,2023-06-01,0.469126,0.4929265
BiLSTM+Attention,val,77.80961_12.858799,2023-06-01,0.46961713,0.4976683
BiLSTM+Attention,val,77.80961_12.86329,2023-06-01,0.44537553,0.47383448
BiLSTM+Attention,val,77.329012_12.944139,2023-08-01,0.44387344,0.48670357
BiLSTM+Attention,val,77.329012_12.962105,2023-08-01,0.71747476,0.73813313
BiLSTM+Attention,val,77.342486_12.944139,2023-08-01,0.7056612,0.7104243
BiLSTM+Attention,val,77.346978_12.86329,2023-08-01,0.5819595,0.5931811
BiLSTM+Attention,val,77.346978_12.962105,2023-08-01,0.530086,0.5438259
BiLSTM+Attention,val,77.351469_12.89024,2023-08-01,0.5508725,0.5738371
BiLSTM+Attention,val,77.355961_12.899223,2023-08-01,0.54275304,0.569544
BiLSTM+Attention,val,77.355961_12.962105,2023-08-01,0.7434809,0.7466245
BiLSTM+Attention,val,77.360453_12.867782,2023-08-01,0.3924617,0.4266655
BiLSTM+Attention,val,77.364944_12.854307,2023-08-01,0.4271057,0.4530094
BiLSTM+Attention,val,77.364944_12.962105,2023-08-01,0.40523797,0.46241426
BiLSTM+Attention,val,77.369436_12.881256,2023-08-01,0.44592285,0.46633765
BiLSTM+Attention,val,77.369436_12.998037,2023-08-01,0.40196782,0.4398699
BiLSTM+Attention,val,77.369436_13.007021,2023-08-01,0.46548238,0.4988171
BiLSTM+Attention,val,77.373927_12.971088,2023-08-01,0.43738744,0.46584567
BiLSTM+Attention,val,77.373927_13.011512,2023-08-01,0.41809118,0.45296624
BiLSTM+Attention,val,77.373927_13.016004,2023-08-01,0.42186162,0.4574531
BiLSTM+Attention,val,77.378419_12.966596,2023-08-01,0.42665508,0.45186982
BiLSTM+Attention,val,77.382911_12.953122,2023-08-01,0.42575088,0.45226058
BiLSTM+Attention,val,77.382911_12.957613,2023-08-01,0.42383432,0.45478484
BiLSTM+Attention,val,77.387402_12.962105,2023-08-01,0.40066928,0.4329678
BiLSTM+Attention,val,77.387402_12.97558,2023-08-01,0.4761252,0.4892216
BiLSTM+Attention,val,77.387402_12.980071,2023-08-01,0.4630116,0.48469433
BiLSTM+Attention,val,77.391894_12.867782,2023-08-01,0.4933956,0.5203569
BiLSTM+Attention,val,77.391894_12.881256,2023-08-01,0.4475632,0.48236492
BiLSTM+Attention,val,77.391894_12.885748,2023-08-01,0.49112123,0.51824546
BiLSTM+Attention,val,77.396385_12.894731,2023-08-01,0.4957472,0.5084125
BiLSTM+Attention,val,77.396385_12.908206,2023-08-01,0.41133094,0.4362682
BiLSTM+Attention,val,77.396385_12.944139,2023-08-01,0.49099705,0.4965869
BiLSTM+Attention,val,77.396385_12.971088,2023-08-01,0.40674475,0.43638358
BiLSTM+Attention,val,77.396385_12.97558,2023-08-01,0.38187373,0.41452792
BiLSTM+Attention,val,77.396385_13.029478,2023-08-01,0.3605937,0.4047524
BiLSTM+Attention,val,77.400877_12.957613,2023-08-01,0.41696602,0.43617475
BiLSTM+Attention,val,77.400877_12.966596,2023-08-01,0.36404923,0.3960165
BiLSTM+Attention,val,77.400877_13.029478,2023-08-01,0.33455473,0.38261008
BiLSTM+Attention,val,77.405368_12.881256,2023-08-01,0.39103088,0.41857946
BiLSTM+Attention,val,77.405368_12.89024,2023-08-01,0.38595757,0.42118442
BiLSTM+Attention,val,77.405368_12.903714,2023-08-01,0.36015075,0.39690962
BiLSTM+Attention,val,77.405368_12.930664,2023-08-01,0.5328445,0.54182637
BiLSTM+Attention,val,77.405368_12.998037,2023-08-01,0.43345803,0.44417265
BiLSTM+Attention,val,77.405368_13.11931,2023-08-01,0.3731309,0.39886156
BiLSTM+Attention,val,77.40986_12.872273,2023-08-01,0.37594453,0.3977103
BiLSTM+Attention,val,77.40986_12.881256,2023-08-01,0.33908004,0.37489125
BiLSTM+Attention,val,77.40986_12.962105,2023-08-01,0.46812308,0.47838628
BiLSTM+Attention,val,77.414352_12.930664,2023-08-01,0.46117732,0.47799042
BiLSTM+Attention,val,77.414352_12.989054,2023-08-01,0.37194628,0.4060606
BiLSTM+Attention,val,77.414352_12.993546,2023-08-01,0.40900025,0.42523566
BiLSTM+Attention,val,77.414352_13.03397,2023-08-01,0.38095713,0.41796574
BiLSTM+Attention,val,77.414352_13.11931,2023-08-01,0.3904537,0.42305285
BiLSTM+Attention,val,77.418843_12.876765,2023-08-01,0.36303607,0.40089166
BiLSTM+Attention,val,77.418843_12.89024,2023-08-01,0.3968607,0.42928988
BiLSTM+Attention,val,77.418843_12.94863,2023-08-01,0.4238797,0.45743787
BiLSTM+Attention,val,77.418843_12.971088,2023-08-01,0.3847883,0.4191825
BiLSTM+Attention,val,77.418843_12.993546,2023-08-01,0.41540515,0.43506375
BiLSTM+Attention,val,77.418843_13.016004,2023-08-01,0.3716478,0.4141616
BiLSTM+Attention,val,77.418843_13.024987,2023-08-01,0.39172632,0.41893962
BiLSTM+Attention,val,77.418843_13.029478,2023-08-01,0.3908985,0.42775166
BiLSTM+Attention,val,77.418843_13.146259,2023-08-01,0.3419129,0.37615684
BiLSTM+Attention,val,77.423335_12.876765,2023-08-01,0.39854944,0.42828155
BiLSTM+Attention,val,77.423335_12.921681,2023-08-01,0.43461853,0.45350078
BiLSTM+Attention,val,77.423335_12.930664,2023-08-01,0.43060067,0.45205882
BiLSTM+Attention,val,77.423335_13.002529,2023-08-01,0.46669158,0.51340276
BiLSTM+Attention,val,77.423335_13.141768,2023-08-01,0.40472344,0.44735917
BiLSTM+Attention,val,77.423335_13.150751,2023-08-01,0.31940022,0.37194365
BiLSTM+Attention,val,77.427826_12.845324,2023-08-01,0.31246123,0.3730009
BiLSTM+Attention,val,77.427826_12.858799,2023-08-01,0.35358208,0.39163348
BiLSTM+Attention,val,77.427826_12.930664,2023-08-01,0.43382934,0.46285293
BiLSTM+Attention,val,77.427826_12.939647,2023-08-01,0.38180634,0.4113544
BiLSTM+Attention,val,77.427826_12.944139,2023-08-01,0.37049168,0.40547293
BiLSTM+Attention,val,77.427826_13.020495,2023-08-01,0.3678449,0.40542752
BiLSTM+Attention,val,77.427826_13.024987,2023-08-01,0.38138777,0.41977146
BiLSTM+Attention,val,77.427826_13.110327,2023-08-01,0.39422682,0.43393975
BiLSTM+Attention,val,77.427826_13.132785,2023-08-01,0.49109754,0.5216682
BiLSTM+Attention,val,77.432318_12.858799,2023-08-01,0.37436295,0.40999997
BiLSTM+Attention,val,77.432318_12.86329,2023-08-01,0.37215325,0.40960363
BiLSTM+Attention,val,77.432318_12.867782,2023-08-01,0.37127033,0.4161287
BiLSTM+Attention,val,77.432318_12.881256,2023-08-01,0.42244995,0.4493231
BiLSTM+Attention,val,77.432318_12.885748,2023-08-01,0.5375598,0.5643269
BiLSTM+Attention,val,77.432318_12.957613,2023-08-01,0.3937691,0.4288052
BiLSTM+Attention,val,77.432318_12.998037,2023-08-01,0.3496499,0.39673913
BiLSTM+Attention,val,77.432318_13.087869,2023-08-01,0.43694267,0.46555147
BiLSTM+Attention,val,77.432318_13.092361,2023-08-01,0.37381515,0.41327262
BiLSTM+Attention,val,77.436809_12.818374,2023-08-01,0.5000871,0.53368336
BiLSTM+Attention,val,77.436809_12.840832,2023-08-01,0.44573903,0.47887993
BiLSTM+Attention,val,77.436809_12.854307,2023-08-01,0.37851465,0.41296116
BiLSTM+Attention,val,77.436809_12.912697,2023-08-01,0.53070706,0.5557676
BiLSTM+Attention,val,77.436809_12.926172,2023-08-01,0.45481318,0.46577144
BiLSTM+Attention,val,77.436809_12.944139,2023-08-01,0.41008994,0.42675686
BiLSTM+Attention,val,77.436809_13.03397,2023-08-01,0.37972316,0.42071122
BiLSTM+Attention,val,77.441301_12.818374,2023-08-01,0.515608,0.54187524
BiLSTM+Attention,val,77.441301_12.831849,2023-08-01,0.41002765,0.45105052
BiLSTM+Attention,val,77.441301_12.836341,2023-08-01,0.4430261,0.4732953
BiLSTM+Attention,val,77.441301_12.840832,2023-08-01,0.43349287,0.4681655
BiLSTM+Attention,val,77.441301_12.944139,2023-08-01,0.474776,0.48840588
BiLSTM+Attention,val,77.441301_12.94863,2023-08-01,0.43644416,0.46082026
BiLSTM+Attention,val,77.441301_13.056428,2023-08-01,0.3741574,0.41451085
BiLSTM+Attention,val,77.441301_13.069903,2023-08-01,0.39186537,0.42661342
BiLSTM+Attention,val,77.441301_13.083377,2023-08-01,0.43878022,0.4780902
BiLSTM+Attention,val,77.441301_13.110327,2023-08-01,0.40306908,0.44109967
BiLSTM+Attention,val,77.445793_12.840832,2023-08-01,0.4947858,0.5273184
BiLSTM+Attention,val,77.445793_12.86329,2023-08-01,0.54553056,0.5765248
BiLSTM+Attention,val,77.445793_12.867782,2023-08-01,0.5323176,0.5601432
BiLSTM+Attention,val,77.445793_12.957613,2023-08-01,0.4442126,0.48096916
BiLSTM+Attention,val,77.445793_12.984563,2023-08-01,0.42286974,0.45522073
BiLSTM+Attention,val,77.450284_12.809391,2023-08-01,0.45563924,0.48116353
BiLSTM+Attention,val,77.450284_12.872273,2023-08-01,0.5125242,0.5268804
BiLSTM+Attention,val,77.450284_12.971088,2023-08-01,0.43458012,0.46513793
BiLSTM+Attention,val,77.450284_12.993546,2023-08-01,0.32259968,0.36594316
BiLSTM+Attention,val,77.450284_13.047445,2023-08-01,0.40015936,0.43814448
BiLSTM+Attention,val,77.450284_13.146259,2023-08-01,0.5080473,0.5254119
BiLSTM+Attention,val,77.454776_12.809391,2023-08-01,0.4419883,0.4655164
BiLSTM+Attention,val,77.454776_12.980071,2023-08-01,0.36604214,0.39840496
BiLSTM+Attention,val,77.454776_12.993546,2023-08-01,0.36306423,0.40434134
BiLSTM+Attention,val,77.454776_13.078886,2023-08-01,0.40095934,0.4435658
BiLSTM+Attention,val,77.454776_13.087869,2023-08-01,0.39473355,0.41849825
BiLSTM+Attention,val,77.454776_13.114818,2023-08-01,0.48771647,0.5129149
BiLSTM+Attention,val,77.454776_13.141768,2023-08-01,0.48909825,0.5222995
BiLSTM+Attention,val,77.459267_12.8049,2023-08-01,0.5880668,0.6072519
BiLSTM+Attention,val,77.459267_12.822866,2023-08-01,0.48085743,0.49958393
BiLSTM+Attention,val,77.459267_12.845324,2023-08-01,0.48055696,0.5195876
BiLSTM+Attention,val,77.459267_12.872273,2023-08-01,0.46867818,0.5041029
BiLSTM+Attention,val,77.459267_12.97558,2023-08-01,0.3805866,0.41622427
BiLSTM+Attention,val,77.459267_13.11931,2023-08-01,0.43320554,0.46700945
BiLSTM+Attention,val,77.463759_12.813883,2023-08-01,0.44735605,0.47705397
BiLSTM+Attention,val,77.463759_12.836341,2023-08-01,0.4700899,0.5115721
BiLSTM+Attention,val,77.463759_12.86329,2023-08-01,0.5273422,0.5556902
BiLSTM+Attention,val,77.463759_12.867782,2023-08-01,0.505609,0.53698343
BiLSTM+Attention,val,77.463759_12.872273,2023-08-01,0.4544057,0.49653822
BiLSTM+Attention,val,77.463759_12.953122,2023-08-01,0.7353683,0.74521327
BiLSTM+Attention,val,77.463759_13.03397,2023-08-01,0.3473668,0.38424116
BiLSTM+Attention,val,77.463759_13.078886,2023-08-01,0.5048931,0.53544074
BiLSTM+Attention,val,77.46825_12.827358,2023-08-01,0.3947717,0.4311354
BiLSTM+Attention,val,77.46825_12.836341,2023-08-01,0.50190693,0.51883644
BiLSTM+Attention,val,77.46825_12.94863,2023-08-01,0.51181227,0.527403
BiLSTM+Attention,val,77.46825_12.953122,2023-08-01,0.42476922,0.45456615
BiLSTM+Attention,val,77.46825_12.966596,2023-08-01,0.4333556,0.46748862
BiLSTM+Attention,val,77.46825_13.007021,2023-08-01,0.35851943,0.3948322
BiLSTM+Attention,val,77.46825_13.020495,2023-08-01,0.4462066,0.47249866
BiLSTM+Attention,val,77.46825_13.114818,2023-08-01,0.4763021,0.50603336
BiLSTM+Attention,val,77.46825_13.150751,2023-08-01,0.38672101,0.42180625
BiLSTM+Attention,val,77.472742_12.746509,2023-08-01,0.55231994,0.58247447
BiLSTM+Attention,val,77.472742_12.751001,2023-08-01,0.49471992,0.52936894
BiLSTM+Attention,val,77.472742_12.755492,2023-08-01,0.5115892,0.53817797
BiLSTM+Attention,val,77.472742_12.836341,2023-08-01,0.48151276,0.4996028
BiLSTM+Attention,val,77.472742_12.984563,2023-08-01,0.41737917,0.4519543
BiLSTM+Attention,val,77.472742_13.087869,2023-08-01,0.42525876,0.46682945
BiLSTM+Attention,val,77.477234_12.764475,2023-08-01,0.48996773,0.521328
BiLSTM+Attention,val,77.477234_12.782442,2023-08-01,0.45757613,0.49398735
BiLSTM+Attention,val,77.477234_12.840832,2023-08-01,0.4952924,0.52769583
BiLSTM+Attention,val,77.477234_12.935155,2023-08-01,0.5593407,0.5727409
BiLSTM+Attention,val,77.477234_12.944139,2023-08-01,0.46336412,0.49227816
BiLSTM+Attention,val,77.477234_12.94863,2023-08-01,0.4817002,0.51070565
BiLSTM+Attention,val,77.477234_12.971088,2023-08-01,0.487597,0.51200026
BiLSTM+Attention,val,77.477234_13.002529,2023-08-01,0.3621684,0.39474043
BiLSTM+Attention,val,77.477234_13.056428,2023-08-01,0.41138253,0.45324987
BiLSTM+Attention,val,77.481725_12.737526,2023-08-01,0.4977175,0.524502
BiLSTM+Attention,val,77.481725_12.768967,2023-08-01,0.52883065,0.5387301
BiLSTM+Attention,val,77.481725_12.831849,2023-08-01,0.44082537,0.4716523
BiLSTM+Attention,val,77.481725_12.944139,2023-08-01,0.47095418,0.50120324
BiLSTM+Attention,val,77.481725_12.971088,2023-08-01,0.3889189,0.4263099
BiLSTM+Attention,val,77.481725_12.980071,2023-08-01,0.47764185,0.49365819
BiLSTM+Attention,val,77.481725_13.024987,2023-08-01,0.4285964,0.47460613
BiLSTM+Attention,val,77.481725_13.03397,2023-08-01,0.4234001,0.44921562
BiLSTM+Attention,val,77.481725_13.096852,2023-08-01,0.5581529,0.5909259
BiLSTM+Attention,val,77.481725_13.137276,2023-08-01,0.72551554,0.7412848
BiLSTM+Attention,val,77.486217_12.764475,2023-08-01,0.49296454,0.5176386
BiLSTM+Attention,val,77.486217_12.872273,2023-08-01,0.45755243,0.4940327
BiLSTM+Attention,val,77.486217_12.939647,2023-08-01,0.49363363,0.5168633
BiLSTM+Attention,val,77.486217_12.998037,2023-08-01,0.41161194,0.44383034
BiLSTM+Attention,val,77.486217_13.042953,2023-08-01,0.5071546,0.5323435
BiLSTM+Attention,val,77.486217_13.06092,2023-08-01,0.5175626,0.54653996
BiLSTM+Attention,val,77.486217_13.114818,2023-08-01,0.47340614,0.50280774
BiLSTM+Attention,val,77.486217_13.11931,2023-08-01,0.49084246,0.5136265
BiLSTM+Attention,val,77.490708_12.768967,2023-08-01,0.48922205,0.5200348
BiLSTM+Attention,val,77.490708_12.8049,2023-08-01,0.4898701,0.5314075
BiLSTM+Attention,val,77.490708_12.849815,2023-08-01,0.48739633,0.5228222
BiLSTM+Attention,val,77.490708_13.051936,2023-08-01,0.5841278,0.6130437
BiLSTM+Attention,val,77.490708_13.087869,2023-08-01,0.5073028,0.54799026
BiLSTM+Attention,val,77.490708_13.092361,2023-08-01,0.4912575,0.5312902
BiLSTM+Attention,val,77.490708_13.096852,2023-08-01,0.53292584,0.57702297
BiLSTM+Attention,val,77.4952_12.786933,2023-08-01,0.4475412,0.4848742
BiLSTM+Attention,val,77.4952_12.836341,2023-08-01,0.4634754,0.4973085
BiLSTM+Attention,val,77.4952_13.020495,2023-08-01,0.48694053,0.51420105
BiLSTM+Attention,val,77.4952_13.024987,2023-08-01,0.50213027,0.520848
BiLSTM+Attention,val,77.4952_13.03397,2023-08-01,0.5707511,0.6007836
BiLSTM+Attention,val,77.4952_13.087869,2023-08-01,0.45576525,0.49783257
BiLSTM+Attention,val,77.4952_13.092361,2023-08-01,0.48921126,0.5321596
BiLSTM+Attention,val,77.499692_12.755492,2023-08-01,0.5812863,0.6117773
BiLSTM+Attention,val,77.499692_12.858799,2023-08-01,0.5883995,0.61757517
BiLSTM+Attention,val,77.499692_12.984563,2023-08-01,0.49781528,0.5200028
BiLSTM+Attention,val,77.499692_13.114818,2023-08-01,0.49531916,0.52611685
BiLSTM+Attention,val,77.499692_13.137276,2023-08-01,0.4391498,0.4697869
BiLSTM+Attention,val,77.504183_12.764475,2023-08-01,0.54119843,0.56500757
BiLSTM+Attention,val,77.504183_12.786933,2023-08-01,0.522355,0.5487214
BiLSTM+Attention,val,77.504183_12.818374,2023-08-01,0.5100398,0.5385508
BiLSTM+Attention,val,77.504183_12.854307,2023-08-01,0.48237133,0.51905406
BiLSTM+Attention,val,77.504183_12.858799,2023-08-01,0.6010126,0.62244296
BiLSTM+Attention,val,77.504183_13.083377,2023-08-01,0.57529837,0.60356236
BiLSTM+Attention,val,77.504183_13.141768,2023-08-01,0.4678611,0.50358915
BiLSTM+Attention,val,77.504183_13.159734,2023-08-01,0.5159048,0.54154503
BiLSTM+Attention,val,77.508675_12.751001,2023-08-01,0.6390444,0.64654493
BiLSTM+Attention,val,77.508675_12.795916,2023-08-01,0.54150575,0.57847244
BiLSTM+Attention,val,77.508675_12.831849,2023-08-01,0.5083419,0.54835755
BiLSTM+Attention,val,77.508675_12.836341,2023-08-01,0.5633642,0.5914875
BiLSTM+Attention,val,77.508675_12.845324,2023-08-01,0.5259032,0.5603529
BiLSTM+Attention,val,77.508675_13.114818,2023-08-01,0.4280081,0.46131375
BiLSTM+Attention,val,77.508675_13.137276,2023-08-01,0.41508892,0.46401864
BiLSTM+Attention,val,77.508675_13.159734,2023-08-01,0.5301677,0.5576022
BiLSTM+Attention,val,77.513166_12.746509,2023-08-01,0.7516549,0.75689137
BiLSTM+Attention,val,77.513166_12.764475,2023-08-01,0.5086137,0.5392714
BiLSTM+Attention,val,77.513166_12.77795,2023-08-01,0.63130146,0.63568085
BiLSTM+Attention,val,77.513166_12.822866,2023-08-01,0.60699487,0.6350954
BiLSTM+Attention,val,77.513166_13.087869,2023-08-01,0.56028646,0.59849185
BiLSTM+Attention,val,77.513166_13.096852,2023-08-01,0.6057085,0.6484803
BiLSTM+Attention,val,77.513166_13.137276,2023-08-01,0.3801739,0.42667663
BiLSTM+Attention,val,77.517658_12.764475,2023-08-01,0.6055458,0.60868925
BiLSTM+Attention,val,77.517658_12.77795,2023-08-01,0.5754461,0.60277283
BiLSTM+Attention,val,77.517658_12.782442,2023-08-01,0.5803882,0.60697985
BiLSTM+Attention,val,77.517658_12.795916,2023-08-01,0.5504695,0.5806501
BiLSTM+Attention,val,77.517658_12.827358,2023-08-01,0.52281106,0.5525004
BiLSTM+Attention,val,77.517658_12.849815,2023-08-01,0.4934579,0.5221109
BiLSTM+Attention,val,77.517658_13.11931,2023-08-01,0.3727002,0.4184247
BiLSTM+Attention,val,77.522149_12.751001,2023-08-01,0.6719515,0.6881493
BiLSTM+Attention,val,77.522149_12.755492,2023-08-01,0.6350501,0.6500812
BiLSTM+Attention,val,77.522149_12.759984,2023-08-01,0.66026366,0.68208355
BiLSTM+Attention,val,77.522149_12.782442,2023-08-01,0.6117539,0.6325658
BiLSTM+Attention,val,77.522149_12.809391,2023-08-01,0.7745795,0.7804716
BiLSTM+Attention,val,77.522149_12.813883,2023-08-01,0.4805011,0.51376736
BiLSTM+Attention,val,77.522149_12.818374,2023-08-01,0.45327255,0.49051735
BiLSTM+Attention,val,77.522149_12.836341,2023-08-01,0.52781206,0.54593414
BiLSTM+Attention,val,77.522149_12.845324,2023-08-01,0.54229635,0.55075693
BiLSTM+Attention,val,77.522149_13.056428,2023-08-01,0.65120584,0.65334237
BiLSTM+Attention,val,77.522149_13.078886,2023-08-01,0.59094596,0.62586653
BiLSTM+Attention,val,77.522149_13.146259,2023-08-01,0.34314892,0.4036194
BiLSTM+Attention,val,77.526641_12.751001,2023-08-01,0.650957,0.66665894
BiLSTM+Attention,val,77.526641_12.840832,2023-08-01,0.5909079,0.62070495
BiLSTM+Attention,val,77.526641_13.078886,2023-08-01,0.59135973,0.621349
BiLSTM+Attention,val,77.526641_13.105835,2023-08-01,0.41756323,0.44834432
BiLSTM+Attention,val,77.526641_13.110327,2023-08-01,0.38746446,0.42816737
BiLSTM+Attention,val,77.531133_12.791425,2023-08-01,0.5370453,0.56021285
BiLSTM+Attention,val,77.531133_12.795916,2023-08-01,0.5685643,0.5987639
BiLSTM+Attention,val,77.531133_12.800408,2023-08-01,0.5563185,0.5859879
BiLSTM+Attention,val,77.531133_12.822866,2023-08-01,0.5214089,0.53740776
BiLSTM+Attention,val,77.531133_12.827358,2023-08-01,0.5309928,0.5633325
BiLSTM+Attention,val,77.531133_13.083377,2023-08-01,0.56018484,0.5918823
BiLSTM+Attention,val,77.531133_13.114818,2023-08-01,0.40253058,0.43970346
BiLSTM+Attention,val,77.535624_12.77795,2023-08-01,0.74191105,0.7576663
BiLSTM+Attention,val,77.535624_12.822866,2023-08-01,0.65128255,0.6794076
BiLSTM+Attention,val,77.535624_12.872273,2023-08-01,0.4076403,0.44219753
BiLSTM+Attention,val,77.535624_13.069903,2023-08-01,0.6998652,0.7173407
BiLSTM+Attention,val,77.535624_13.083377,2023-08-01,0.541569,0.58156455
BiLSTM+Attention,val,77.535624_13.096852,2023-08-01,0.43977717,0.48051405
BiLSTM+Attention,val,77.535624_13.114818,2023-08-01,0.44315094,0.47540537
BiLSTM+Attention,val,77.535624_13.132785,2023-08-01,0.46296751,0.4946445
BiLSTM+Attention,val,77.535624_13.137276,2023-08-01,0.38490617,0.42473668
BiLSTM+Attention,val,77.540116_12.77795,2023-08-01,0.5713084,0.5939758
BiLSTM+Attention,val,77.540116_12.795916,2023-08-01,0.6074726,0.6229928
BiLSTM+Attention,val,77.540116_13.042953,2023-08-01,0.55454135,0.59063864
BiLSTM+Attention,val,77.540116_13.074394,2023-08-01,0.6013842,0.6243849
BiLSTM+Attention,val,77.540116_13.092361,2023-08-01,0.40895313,0.44154242
BiLSTM+Attention,val,77.540116_13.101344,2023-08-01,0.41126946,0.43889606
BiLSTM+Attention,val,77.540116_13.105835,2023-08-01,0.43337587,0.4649667
BiLSTM+Attention,val,77.540116_13.114818,2023-08-01,0.42621523,0.44848922
BiLSTM+Attention,val,77.540116_13.132785,2023-08-01,0.4342278,0.4753745
BiLSTM+Attention,val,77.540116_13.155243,2023-08-01,0.48591593,0.5193353
BiLSTM+Attention,val,77.544607_13.218125,2023-08-01,0.46042347,0.49762473
BiLSTM+Attention,val,77.549099_12.822866,2023-08-01,0.7343645,0.74795926
BiLSTM+Attention,val,77.549099_12.831849,2023-08-01,0.6201688,0.64938647
BiLSTM+Attention,val,77.549099_12.836341,2023-08-01,0.61081743,0.61500746
BiLSTM+Attention,val,77.549099_12.876765,2023-08-01,0.4897474,0.5124599
BiLSTM+Attention,val,77.549099_13.096852,2023-08-01,0.48996854,0.5208192
BiLSTM+Attention,val,77.549099_13.132785,2023-08-01,0.6342326,0.6447135
BiLSTM+Attention,val,77.55359_12.71956,2023-08-01,0.7490659,0.75200593
BiLSTM+Attention,val,77.55359_12.782442,2023-08-01,0.6845054,0.69231844
BiLSTM+Attention,val,77.55359_13.069903,2023-08-01,0.71457034,0.73622835
BiLSTM+Attention,val,77.55359_13.101344,2023-08-01,0.40835592,0.44710305
BiLSTM+Attention,val,77.55359_13.110327,2023-08-01,0.478023,0.50904
BiLSTM+Attention,val,77.55359_13.128293,2023-08-01,0.6060548,0.62075627
BiLSTM+Attention,val,77.55359_13.168717,2023-08-01,0.49005988,0.5086899
BiLSTM+Attention,val,77.55359_13.173209,2023-08-01,0.41387603,0.4342217
BiLSTM+Attention,val,77.558082_12.710577,2023-08-01,0.75923574,0.7688724
BiLSTM+Attention,val,77.558082_12.827358,2023-08-01,0.6786394,0.70481396
BiLSTM+Attention,val,77.558082_12.845324,2023-08-01,0.65815896,0.68918127
BiLSTM+Attention,val,77.558082_13.042953,2023-08-01,0.64640164,0.6676002
BiLSTM+Attention,val,77.558082_13.051936,2023-08-01,0.6963596,0.7144353
BiLSTM+Attention,val,77.558082_13.110327,2023-08-01,0.49026138,0.5310071
BiLSTM+Attention,val,77.558082_13.168717,2023-08-01,0.48712042,0.51509553
BiLSTM+Attention,val,77.558082_13.1777,2023-08-01,0.45782402,0.47921208
BiLSTM+Attention,val,77.562574_12.71956,2023-08-01,0.76307994,0.76572955
BiLSTM+Attention,val,77.562574_12.827358,2023-08-01,0.68511003,0.7057861
BiLSTM+Attention,val,77.562574_12.858799,2023-08-01,0.42185912,0.45084882
BiLSTM+Attention,val,77.562574_13.141768,2023-08-01,0.43195477,0.45016798
BiLSTM+Attention,val,77.562574_13.159734,2023-08-01,0.47706285,0.5093579
BiLSTM+Attention,val,77.562574_13.173209,2023-08-01,0.47855937,0.50667274
BiLSTM+Attention,val,77.567065_12.724051,2023-08-01,0.7402916,0.7268179
BiLSTM+Attention,val,77.567065_12.849815,2023-08-01,0.64797276,0.6706505
BiLSTM+Attention,val,77.567065_13.105835,2023-08-01,0.5650285,0.59830374
BiLSTM+Attention,val,77.567065_13.114818,2023-08-01,0.6461107,0.67605734
BiLSTM+Attention,val,77.567065_13.182192,2023-08-01,0.4892503,0.51856583
BiLSTM+Attention,val,77.571557_12.71956,2023-08-01,0.74161416,0.7478211
BiLSTM+Attention,val,77.571557_12.800408,2023-08-01,0.67110264,0.6715472
BiLSTM+Attention,val,77.571557_12.849815,2023-08-01,0.66098636,0.6747225
BiLSTM+Attention,val,77.571557_13.141768,2023-08-01,0.44068143,0.46695432
BiLSTM+Attention,val,77.571557_13.146259,2023-08-01,0.45598763,0.48027304
BiLSTM+Attention,val,77.576048_12.71956,2023-08-01,0.7243686,0.7255262
BiLSTM+Attention,val,77.576048_12.728543,2023-08-01,0.75061125,0.74715847
BiLSTM+Attention,val,77.576048_12.827358,2023-08-01,0.617833,0.6355076
BiLSTM+Attention,val,77.58054_12.800408,2023-08-01,0.7058064,0.7242747
BiLSTM+Attention,val,77.58054_12.845324,2023-08-01,0.6764125,0.6932457
BiLSTM+Attention,val,77.58054_13.083377,2023-08-01,0.5101775,0.5284507
BiLSTM+Attention,val,77.58054_13.087869,2023-08-01,0.4718644,0.4996176
BiLSTM+Attention,val,77.585031_12.849815,2023-08-01,0.6828836,0.6700012
BiLSTM+Attention,val,77.585031_13.042953,2023-08-01,0.69108284,0.7116811
BiLSTM+Attention,val,77.585031_13.137276,2023-08-01,0.46647674,0.487957
BiLSTM+Attention,val,77.589523_12.71956,2023-08-01,0.8123385,0.80553365
BiLSTM+Attention,val,77.589523_12.746509,2023-08-01,0.7146197,0.71415114
BiLSTM+Attention,val,77.589523_12.971088,2023-08-01,0.7602962,0.7485132
BiLSTM+Attention,val,77.589523_13.083377,2023-08-01,0.5852513,0.60847974
BiLSTM+Attention,val,77.589523_13.150751,2023-08-01,0.4571564,0.4885287
BiLSTM+Attention,val,77.594015_12.724051,2023-08-01,0.8258819,0.8102545
BiLSTM+Attention,val,77.594015_12.733034,2023-08-01,0.79428035,0.79328597
BiLSTM+Attention,val,77.594015_12.831849,2023-08-01,0.58536977,0.59311324
BiLSTM+Attention,val,77.594015_12.836341,2023-08-01,0.61615646,0.637122
BiLSTM+Attention,val,77.594015_12.840832,2023-08-01,0.6288712,0.64319307
BiLSTM+Attention,val,77.594015_12.849815,2023-08-01,0.6180476,0.6378418
BiLSTM+Attention,val,77.594015_12.998037,2023-08-01,0.7231742,0.73891777
BiLSTM+Attention,val,77.594015_13.087869,2023-08-01,0.59088844,0.6316353
BiLSTM+Attention,val,77.598506_12.665661,2023-08-01,0.7690168,0.76641774
BiLSTM+Attention,val,77.598506_12.710577,2023-08-01,0.679177,0.6881126
BiLSTM+Attention,val,77.598506_12.822866,2023-08-01,0.61319494,0.61678207
BiLSTM+Attention,val,77.598506_12.849815,2023-08-01,0.69845366,0.7141485
BiLSTM+Attention,val,77.598506_13.083377,2023-08-01,0.5790623,0.61044866
BiLSTM+Attention,val,77.602998_12.710577,2023-08-01,0.70206386,0.71057796
BiLSTM+Attention,val,77.602998_12.827358,2023-08-01,0.4901008,0.50438917
BiLSTM+Attention,val,77.602998_13.114818,2023-08-01,0.5675336,0.5963688
BiLSTM+Attention,val,77.602998_13.11931,2023-08-01,0.56950057,0.5965017
BiLSTM+Attention,val,77.602998_13.164226,2023-08-01,0.46304986,0.4887897
BiLSTM+Attention,val,77.607489_12.768967,2023-08-01,0.61163306,0.626085
BiLSTM+Attention,val,77.607489_12.773459,2023-08-01,0.5888619,0.6022954
BiLSTM+Attention,val,77.607489_12.791425,2023-08-01,0.5298744,0.55731213
BiLSTM+Attention,val,77.607489_12.809391,2023-08-01,0.64562213,0.6620582
BiLSTM+Attention,val,77.607489_12.818374,2023-08-01,0.6827088,0.7113315
BiLSTM+Attention,val,77.607489_13.087869,2023-08-01,0.72689724,0.7479508
BiLSTM+Attention,val,77.611981_12.674644,2023-08-01,0.78616846,0.7995931
BiLSTM+Attention,val,77.611981_12.768967,2023-08-01,0.5620232,0.5783864
BiLSTM+Attention,val,77.611981_12.831849,2023-08-01,0.55700177,0.5569675
BiLSTM+Attention,val,77.611981_12.953122,2023-08-01,0.717679,0.74630415
BiLSTM+Attention,val,77.611981_13.105835,2023-08-01,0.53160167,0.55370003
BiLSTM+Attention,val,77.611981_13.168717,2023-08-01,0.40604243,0.44593343
BiLSTM+Attention,val,77.611981_13.182192,2023-08-01,0.3568625,0.40405408
BiLSTM+Attention,val,77.616473_12.831849,2023-08-01,0.61907035,0.6300976
BiLSTM+Attention,val,77.616473_13.114818,2023-08-01,0.5538068,0.5879269
BiLSTM+Attention,val,77.616473_13.1777,2023-08-01,0.37093782,0.40644315
BiLSTM+Attention,val,77.620964_12.674644,2023-08-01,0.79658306,0.7959931
BiLSTM+Attention,val,77.620964_12.795916,2023-08-01,0.43163955,0.46107846
BiLSTM+Attention,val,77.620964_12.813883,2023-08-01,0.44020832,0.46493742
BiLSTM+Attention,val,77.625456_12.782442,2023-08-01,0.51458937,0.53639114
BiLSTM+Attention,val,77.625456_13.065411,2023-08-01,0.39609605,0.4316377
BiLSTM+Attention,val,77.625456_13.155243,2023-08-01,0.6358319,0.65501255
BiLSTM+Attention,val,77.625456_13.182192,2023-08-01,0.43448028,0.45835623
BiLSTM+Attention,val,77.629947_12.795916,2023-08-01,0.75844693,0.76129544
BiLSTM+Attention,val,77.629947_12.809391,2023-08-01,0.45789856,0.49128732
BiLSTM+Attention,val,77.629947_13.06092,2023-08-01,0.4146871,0.45421028
BiLSTM+Attention,val,77.629947_13.087869,2023-08-01,0.42783892,0.46114534
BiLSTM+Attention,val,77.629947_13.1777,2023-08-01,0.447205,0.47498712
BiLSTM+Attention,val,77.634439_12.679136,2023-08-01,0.7692249,0.7677392
BiLSTM+Attention,val,77.634439_12.701593,2023-08-01,0.7188831,0.7245481
BiLSTM+Attention,val,77.634439_12.733034,2023-08-01,0.47826785,0.50227004
BiLSTM+Attention,val,77.634439_12.746509,2023-08-01,0.51708853,0.5351904
BiLSTM+Attention,val,77.634439_12.751001,2023-08-01,0.5190347,0.53318095
BiLSTM+Attention,val,77.634439_13.083377,2023-08-01,0.3981177,0.44032666
BiLSTM+Attention,val,77.63893_12.688119,2023-08-01,0.67867947,0.69510484
BiLSTM+Attention,val,77.63893_12.742018,2023-08-01,0.53608376,0.55065626
BiLSTM+Attention,val,77.63893_12.791425,2023-08-01,0.5224119,0.5447251
BiLSTM+Attention,val,77.63893_12.800408,2023-08-01,0.46935973,0.492936
BiLSTM+Attention,val,77.63893_12.818374,2023-08-01,0.4636925,0.4856711
BiLSTM+Attention,val,77.63893_12.840832,2023-08-01,0.61388654,0.6358795
BiLSTM+Attention,val,77.63893_12.989054,2023-08-01,0.63874644,0.66480285
BiLSTM+Attention,val,77.63893_13.078886,2023-08-01,0.4324116,0.45573887
BiLSTM+Attention,val,77.63893_13.083377,2023-08-01,0.39769801,0.4381626
BiLSTM+Attention,val,77.63893_13.1777,2023-08-01,0.43475613,0.4669585
BiLSTM+Attention,val,77.643422_12.795916,2023-08-01,0.47794515,0.49456576
BiLSTM+Attention,val,77.643422_12.800408,2023-08-01,0.48116693,0.4987914
BiLSTM+Attention,val,77.643422_12.809391,2023-08-01,0.49470145,0.5165268
BiLSTM+Attention,val,77.643422_13.164226,2023-08-01,0.56955314,0.59486663
BiLSTM+Attention,val,77.647914_12.688119,2023-08-01,0.7035855,0.7279506
BiLSTM+Attention,val,77.647914_12.733034,2023-08-01,0.53696936,0.5581714
BiLSTM+Attention,val,77.647914_13.168717,2023-08-01,0.7122859,0.722973
BiLSTM+Attention,val,77.652405_12.697102,2023-08-01,0.66960543,0.6987504
BiLSTM+Attention,val,77.652405_12.773459,2023-08-01,0.4618316,0.47792011
BiLSTM+Attention,val,77.652405_12.795916,2023-08-01,0.42050055,0.44641402
BiLSTM+Attention,val,77.652405_12.8049,2023-08-01,0.51410306,0.5340591
BiLSTM+Attention,val,77.656897_12.742018,2023-08-01,0.52640384,0.5580444
BiLSTM+Attention,val,77.656897_12.746509,2023-08-01,0.5171795,0.5395888
BiLSTM+Attention,val,77.656897_12.768967,2023-08-01,0.51437426,0.5368452
BiLSTM+Attention,val,77.656897_12.791425,2023-08-01,0.43474907,0.46188083
BiLSTM+Attention,val,77.656897_12.800408,2023-08-01,0.54091763,0.55313456
BiLSTM+Attention,val,77.656897_12.849815,2023-08-01,0.41949007,0.4390268
BiLSTM+Attention,val,77.656897_13.101344,2023-08-01,0.4626897,0.4939451
BiLSTM+Attention,val,77.656897_13.164226,2023-08-01,0.4492219,0.47520116
BiLSTM+Attention,val,77.656897_13.173209,2023-08-01,0.4115852,0.43366238
BiLSTM+Attention,val,77.661388_12.737526,2023-08-01,0.55204296,0.5732204
BiLSTM+Attention,val,77.661388_12.759984,2023-08-01,0.5457179,0.5632117
BiLSTM+Attention,val,77.661388_13.074394,2023-08-01,0.51425475,0.5476324
BiLSTM+Attention,val,77.661388_13.087869,2023-08-01,0.42893893,0.46169326
BiLSTM+Attention,val,77.661388_13.101344,2023-08-01,0.43461233,0.47721103
BiLSTM+Attention,val,77.661388_13.110327,2023-08-01,0.507308,0.5421365
BiLSTM+Attention,val,77.661388_13.11931,2023-08-01,0.5814491,0.60493326
BiLSTM+Attention,val,77.66588_12.679136,2023-08-01,0.64225864,0.6545562
BiLSTM+Attention,val,77.66588_12.697102,2023-08-01,0.6130993,0.6343289
BiLSTM+Attention,val,77.66588_12.715068,2023-08-01,0.6349993,0.63671273
BiLSTM+Attention,val,77.66588_12.724051,2023-08-01,0.6052492,0.61731946
BiLSTM+Attention,val,77.66588_12.751001,2023-08-01,0.5001024,0.5137718
BiLSTM+Attention,val,77.66588_12.755492,2023-08-01,0.5571065,0.57609284
BiLSTM+Attention,val,77.66588_12.764475,2023-08-01,0.5368113,0.56387997
BiLSTM+Attention,val,77.66588_12.768967,2023-08-01,0.6866462,0.7062784
BiLSTM+Attention,val,77.66588_12.791425,2023-08-01,0.5950076,0.6041519
BiLSTM+Attention,val,77.66588_12.953122,2023-08-01,0.54521084,0.57659024
BiLSTM+Attention,val,77.670371_12.71956,2023-08-01,0.6378896,0.64842284
BiLSTM+Attention,val,77.670371_12.894731,2023-08-01,0.40443426,0.44938126
BiLSTM+Attention,val,77.670371_13.069903,2023-08-01,0.39494735,0.44611213
BiLSTM+Attention,val,77.670371_13.083377,2023-08-01,0.37080818,0.4232928
BiLSTM+Attention,val,77.670371_13.092361,2023-08-01,0.37958458,0.4245523
BiLSTM+Attention,val,77.670371_13.128293,2023-08-01,0.49521825,0.51602983
BiLSTM+Attention,val,77.674863_12.674644,2023-08-01,0.69941235,0.7250884
BiLSTM+Attention,val,77.674863_12.71956,2023-08-01,0.6413477,0.6627355
BiLSTM+Attention,val,77.674863_12.755492,2023-08-01,0.49593586,0.5156371
BiLSTM+Attention,val,77.674863_12.764475,2023-08-01,0.49503878,0.5174365
BiLSTM+Attention,val,77.674863_12.786933,2023-08-01,0.49508318,0.52180946
BiLSTM+Attention,val,77.674863_12.836341,2023-08-01,0.5185679,0.5303233
BiLSTM+Attention,val,77.674863_13.069903,2023-08-01,0.36069226,0.42287496
BiLSTM+Attention,val,77.674863_13.092361,2023-08-01,0.42586392,0.46295524
BiLSTM+Attention,val,77.674863_13.105835,2023-08-01,0.47525492,0.5072503
BiLSTM+Attention,val,77.679355_12.697102,2023-08-01,0.49940115,0.5389448
BiLSTM+Attention,val,77.679355_12.746509,2023-08-01,0.67689586,0.6817533
BiLSTM+Attention,val,77.679355_12.89024,2023-08-01,0.4926934,0.52196634
BiLSTM+Attention,val,77.679355_12.899223,2023-08-01,0.39402556,0.44708517
BiLSTM+Attention,val,77.679355_13.074394,2023-08-01,0.4159791,0.46540204
BiLSTM+Attention,val,77.679355_13.101344,2023-08-01,0.4549844,0.47248116
BiLSTM+Attention,val,77.679355_13.141768,2023-08-01,0.49960634,0.51721036
BiLSTM+Attention,val,77.679355_13.155243,2023-08-01,0.39950696,0.4350598
BiLSTM+Attention,val,77.683846_12.728543,2023-08-01,0.5406936,0.5708056
BiLSTM+Attention,val,77.683846_12.742018,2023-08-01,0.49239817,0.5174211
BiLSTM+Attention,val,77.683846_12.755492,2023-08-01,0.6985604,0.71323335
BiLSTM+Attention,val,77.683846_12.795916,2023-08-01,0.5008647,0.5158664
BiLSTM+Attention,val,77.683846_12.8049,2023-08-01,0.47797328,0.49613857
BiLSTM+Attention,val,77.683846_12.836341,2023-08-01,0.5905467,0.5926689
BiLSTM+Attention,val,77.683846_12.840832,2023-08-01,0.58794004,0.60286236
BiLSTM+Attention,val,77.683846_12.894731,2023-08-01,0.49187815,0.5260339
BiLSTM+Attention,val,77.683846_12.917189,2023-08-01,0.3914518,0.46002153
BiLSTM+Attention,val,77.683846_12.939647,2023-08-01,0.6872398,0.7220628
BiLSTM+Attention,val,77.683846_13.06092,2023-08-01,0.44561166,0.47417036
BiLSTM+Attention,val,77.683846_13.074394,2023-08-01,0.37746602,0.42960873
BiLSTM+Attention,val,77.683846_13.11931,2023-08-01,0.3644419,0.40993205
BiLSTM+Attention,val,77.683846_13.123802,2023-08-01,0.4272226,0.4592408
BiLSTM+Attention,val,77.688338_12.656678,2023-08-01,0.69910216,0.6991929
BiLSTM+Attention,val,77.688338_12.69261,2023-08-01,0.77841675,0.7899181
BiLSTM+Attention,val,77.688338_12.697102,2023-08-01,0.7907621,0.796889
BiLSTM+Attention,val,77.688338_12.710577,2023-08-01,0.7953129,0.79896873
BiLSTM+Attention,val,77.688338_12.751001,2023-08-01,0.570144,0.58977103
BiLSTM+Attention,val,77.688338_12.755492,2023-08-01,0.5262857,0.5487642
BiLSTM+Attention,val,77.688338_12.885748,2023-08-01,0.4885907,0.5107026
BiLSTM+Attention,val,77.688338_12.966596,2023-08-01,0.55062354,0.5885761
BiLSTM+Attention,val,77.692829_12.746509,2023-08-01,0.44846594,0.48017773
BiLSTM+Attention,val,77.692829_12.800408,2023-08-01,0.4431097,0.47085744
BiLSTM+Attention,val,77.692829_12.845324,2023-08-01,0.6288411,0.64273083
BiLSTM+Attention,val,77.692829_12.885748,2023-08-01,0.52679896,0.5499149
BiLSTM+Attention,val,77.692829_12.899223,2023-08-01,0.438474,0.4808828
BiLSTM+Attention,val,77.692829_13.06092,2023-08-01,0.57611674,0.59260416
BiLSTM+Attention,val,77.692829_13.065411,2023-08-01,0.54890186,0.55729026
BiLSTM+Attention,val,77.692829_13.083377,2023-08-01,0.3816027,0.4242563
BiLSTM+Attention,val,77.692829_13.096852,2023-08-01,0.39555138,0.4296379
BiLSTM+Attention,val,77.692829_13.132785,2023-08-01,0.38203606,0.42235288
BiLSTM+Attention,val,77.692829_13.155243,2023-08-01,0.38353413,0.43143913
BiLSTM+Attention,val,77.697321_12.697102,2023-08-01,0.788589,0.7956852
BiLSTM+Attention,val,77.697321_12.751001,2023-08-01,0.51718533,0.53208244
BiLSTM+Attention,val,77.697321_12.773459,2023-08-01,0.45893997,0.47998983
BiLSTM+Attention,val,77.697321_12.791425,2023-08-01,0.5578145,0.57484233
BiLSTM+Attention,val,77.697321_12.885748,2023-08-01,0.5279455,0.55129296
BiLSTM+Attention,val,77.697321_12.894731,2023-08-01,0.47676596,0.4953944
BiLSTM+Attention,val,77.697321_12.966596,2023-08-01,0.52293974,0.5599932
BiLSTM+Attention,val,77.697321_13.132785,2023-08-01,0.3901277,0.4258168
BiLSTM+Attention,val,77.697321_13.150751,2023-08-01,0.43819666,0.45748106
BiLSTM+Attention,val,77.701812_12.742018,2023-08-01,0.48089656,0.50643456
BiLSTM+Attention,val,77.701812_12.77795,2023-08-01,0.45853427,0.48560345
BiLSTM+Attention,val,77.701812_12.8049,2023-08-01,0.5388269,0.5681686
BiLSTM+Attention,val,77.701812_12.822866,2023-08-01,0.5146659,0.5380121
BiLSTM+Attention,val,77.701812_12.984563,2023-08-01,0.45870805,0.4987897
BiLSTM+Attention,val,77.701812_13.114818,2023-08-01,0.49014252,0.5063683
BiLSTM+Attention,val,77.706304_12.746509,2023-08-01,0.48478255,0.5163379
BiLSTM+Attention,val,77.706304_12.751001,2023-08-01,0.50259274,0.5315107
BiLSTM+Attention,val,77.706304_12.759984,2023-08-01,0.4083198,0.44634524
BiLSTM+Attention,val,77.706304_12.764475,2023-08-01,0.48189387,0.50104004
BiLSTM+Attention,val,77.706304_12.86329,2023-08-01,0.37862056,0.4171438
BiLSTM+Attention,val,77.706304_12.984563,2023-08-01,0.46171018,0.50205517
BiLSTM+Attention,val,77.706304_13.137276,2023-08-01,0.74220556,0.74773467
BiLSTM+Attention,val,77.710796_12.715068,2023-08-01,0.5991292,0.63108104
BiLSTM+Attention,val,77.710796_12.894731,2023-08-01,0.5615754,0.5959971
BiLSTM+Attention,val,77.710796_12.899223,2023-08-01,0.49234998,0.5220128
BiLSTM+Attention,val,77.710796_13.03397,2023-08-01,0.42153302,0.46808854
BiLSTM+Attention,val,77.710796_13.11931,2023-08-01,0.42329353,0.45596525
BiLSTM+Attention,val,77.710796_13.123802,2023-08-01,0.39430317,0.42429885
BiLSTM+Attention,val,77.710796_13.132785,2023-08-01,0.45077598,0.48220095
BiLSTM+Attention,val,77.710796_13.150751,2023-08-01,0.38030776,0.42451513
BiLSTM+Attention,val,77.715287_12.679136,2023-08-01,0.67767084,0.69463414
BiLSTM+Attention,val,77.715287_12.742018,2023-08-01,0.4761301,0.5052062
BiLSTM+Attention,val,77.715287_12.773459,2023-08-01,0.45089817,0.48079756
BiLSTM+Attention,val,77.715287_12.822866,2023-08-01,0.5043258,0.53048617
BiLSTM+Attention,val,77.715287_12.827358,2023-08-01,0.4460318,0.4861214
BiLSTM+Attention,val,77.715287_12.845324,2023-08-01,0.37967005,0.43342727
BiLSTM+Attention,val,77.715287_12.885748,2023-08-01,0.5376387,0.56936705
BiLSTM+Attention,val,77.715287_12.899223,2023-08-01,0.3944068,0.43447754
BiLSTM+Attention,val,77.715287_12.944139,2023-08-01,0.7224811,0.75604916
BiLSTM+Attention,val,77.715287_12.94863,2023-08-01,0.5797549,0.6202
BiLSTM+Attention,val,77.715287_13.016004,2023-08-01,0.5048118,0.5478991
BiLSTM+Attention,val,77.715287_13.029478,2023-08-01,0.35715646,0.4144874
BiLSTM+Attention,val,77.715287_13.038462,2023-08-01,0.49837297,0.5274174
BiLSTM+Attention,val,77.715287_13.096852,2023-08-01,0.3368558,0.38643545
BiLSTM+Attention,val,77.715287_13.114818,2023-08-01,0.5007597,0.53211796
BiLSTM+Attention,val,77.715287_13.128293,2023-08-01,0.45805082,0.482809
BiLSTM+Attention,val,77.719779_12.706085,2023-08-01,0.6177047,0.6437682
BiLSTM+Attention,val,77.719779_12.746509,2023-08-01,0.6795866,0.6989669
BiLSTM+Attention,val,77.719779_12.795916,2023-08-01,0.47149187,0.49251544
BiLSTM+Attention,val,77.719779_12.840832,2023-08-01,0.5020191,0.5365938
BiLSTM+Attention,val,77.719779_12.903714,2023-08-01,0.40818876,0.4438269
BiLSTM+Attention,val,77.719779_13.069903,2023-08-01,0.3885271,0.43163273
BiLSTM+Attention,val,77.719779_13.105835,2023-08-01,0.42100015,0.46396387
BiLSTM+Attention,val,77.719779_13.123802,2023-08-01,0.4111272,0.44321367
BiLSTM+Attention,val,77.719779_13.137276,2023-08-01,0.42599875,0.45952624
BiLSTM+Attention,val,77.72427_12.674644,2023-08-01,0.5293505,0.5554206
BiLSTM+Attention,val,77.72427_12.697102,2023-08-01,0.4729913,0.5098128
BiLSTM+Attention,val,77.72427_12.701593,2023-08-01,0.50883615,0.54360664
BiLSTM+Attention,val,77.72427_12.724051,2023-08-01,0.51710254,0.5341411
BiLSTM+Attention,val,77.72427_12.786933,2023-08-01,0.4737075,0.5018409
BiLSTM+Attention,val,77.72427_12.791425,2023-08-01,0.4799503,0.5079814
BiLSTM+Attention,val,77.72427_12.840832,2023-08-01,0.47279617,0.51681966
BiLSTM+Attention,val,77.72427_12.867782,2023-08-01,0.41622508,0.45498776
BiLSTM+Attention,val,77.72427_12.885748,2023-08-01,0.46357366,0.4927287
BiLSTM+Attention,val,77.72427_13.024987,2023-08-01,0.772555,0.7851834
BiLSTM+Attention,val,77.72427_13.06092,2023-08-01,0.40333012,0.44161582
BiLSTM+Attention,val,77.72427_13.074394,2023-08-01,0.4251623,0.4677476
BiLSTM+Attention,val,77.728762_12.706085,2023-08-01,0.6168256,0.64188576
BiLSTM+Attention,val,77.728762_12.724051,2023-08-01,0.62807274,0.64689803
BiLSTM+Attention,val,77.728762_12.759984,2023-08-01,0.48613733,0.5185638
BiLSTM+Attention,val,77.728762_12.782442,2023-08-01,0.52932155,0.54859203
BiLSTM+Attention,val,77.728762_12.809391,2023-08-01,0.49173445,0.50405055
BiLSTM+Attention,val,77.728762_12.858799,2023-08-01,0.5223573,0.5567146
BiLSTM+Attention,val,77.728762_12.876765,2023-08-01,0.53536564,0.5615322
BiLSTM+Attention,val,77.728762_12.885748,2023-08-01,0.45666403,0.4871023
BiLSTM+Attention,val,77.728762_13.016004,2023-08-01,0.76446456,0.78160864
BiLSTM+Attention,val,77.728762_13.047445,2023-08-01,0.46415797,0.5034944
BiLSTM+Attention,val,77.728762_13.087869,2023-08-01,0.4692497,0.50208575
BiLSTM+Attention,val,77.728762_13.092361,2023-08-01,0.44104373,0.47509608
BiLSTM+Attention,val,77.733253_12.755492,2023-08-01,0.43147922,0.465907
BiLSTM+Attention,val,77.733253_12.795916,2023-08-01,0.46571305,0.49975482
BiLSTM+Attention,val,77.733253_12.86329,2023-08-01,0.54084414,0.57662606
BiLSTM+Attention,val,77.733253_12.872273,2023-08-01,0.54237866,0.5689054
BiLSTM+Attention,val,77.733253_13.056428,2023-08-01,0.36278006,0.4129215
BiLSTM+Attention,val,77.737745_12.764475,2023-08-01,0.42546463,0.4624929
BiLSTM+Attention,val,77.737745_12.791425,2023-08-01,0.4618526,0.492822
BiLSTM+Attention,val,77.737745_12.809391,2023-08-01,0.45038328,0.4733104
BiLSTM+Attention,val,77.737745_12.858799,2023-08-01,0.47111416,0.5016372
BiLSTM+Attention,val,77.737745_12.872273,2023-08-01,0.52344507,0.5500094
BiLSTM+Attention,val,77.737745_12.881256,2023-08-01,0.54998916,0.5953888
BiLSTM+Attention,val,77.737745_13.051936,2023-08-01,0.36929655,0.41544718
BiLSTM+Attention,val,77.737745_13.06092,2023-08-01,0.41230252,0.45231277
BiLSTM+Attention,val,77.737745_13.101344,2023-08-01,0.37451208,0.41295487
BiLSTM+Attention,val,77.742237_12.697102,2023-08-01,0.6412635,0.66285396
BiLSTM+Attention,val,77.742237_12.764475,2023-08-01,0.44515565,0.48071107
BiLSTM+Attention,val,77.742237_12.795916,2023-08-01,0.45640427,0.4806324
BiLSTM+Attention,val,77.742237_12.8049,2023-08-01,0.47815755,0.5068204
BiLSTM+Attention,val,77.742237_12.86329,2023-08-01,0.40092766,0.43988243
BiLSTM+Attention,val,77.742237_12.867782,2023-08-01,0.53613055,0.5593072
BiLSTM+Attention,val,77.742237_12.89024,2023-08-01,0.5490832,0.57256395
BiLSTM+Attention,val,77.742237_12.899223,2023-08-01,0.52814543,0.56441355
BiLSTM+Attention,val,77.742237_12.921681,2023-08-01,0.4650572,0.4822317
BiLSTM+Attention,val,77.742237_12.980071,2023-08-01,0.5075064,0.53806233
BiLSTM+Attention,val,77.742237_13.002529,2023-08-01,0.5364121,0.57112956
BiLSTM+Attention,val,77.742237_13.016004,2023-08-01,0.51961774,0.56879306
BiLSTM+Attention,val,77.742237_13.038462,2023-08-01,0.3882667,0.43166575
BiLSTM+Attention,val,77.742237_13.074394,2023-08-01,0.35918987,0.40126702
BiLSTM+Attention,val,77.742237_13.101344,2023-08-01,0.405604,0.43665737
BiLSTM+Attention,val,77.746728_12.751001,2023-08-01,0.48155314,0.5137236
BiLSTM+Attention,val,77.746728_12.764475,2023-08-01,0.47263774,0.49638426
BiLSTM+Attention,val,77.746728_12.782442,2023-08-01,0.52828836,0.5627141
BiLSTM+Attention,val,77.746728_12.97558,2023-08-01,0.53923136,0.5601419
BiLSTM+Attention,val,77.746728_12.984563,2023-08-01,0.5137183,0.54743695
BiLSTM+Attention,val,77.746728_13.016004,2023-08-01,0.5527669,0.58441675
BiLSTM+Attention,val,77.746728_13.020495,2023-08-01,0.58364755,0.62577343
BiLSTM+Attention,val,77.746728_13.024987,2023-08-01,0.4766448,0.5161964
BiLSTM+Attention,val,77.746728_13.038462,2023-08-01,0.39948013,0.4389397
BiLSTM+Attention,val,77.746728_13.06092,2023-08-01,0.33913505,0.38947657
BiLSTM+Attention,val,77.75122_12.751001,2023-08-01,0.47795424,0.5055045
BiLSTM+Attention,val,77.75122_12.755492,2023-08-01,0.5310668,0.5655186
BiLSTM+Attention,val,77.75122_12.768967,2023-08-01,0.43538693,0.47002086
BiLSTM+Attention,val,77.75122_12.77795,2023-08-01,0.4885158,0.52062094
BiLSTM+Attention,val,77.75122_12.894731,2023-08-01,0.45509204,0.48787114
BiLSTM+Attention,val,77.75122_12.993546,2023-08-01,0.43752638,0.48090002
BiLSTM+Attention,val,77.75122_13.020495,2023-08-01,0.5014799,0.537139
BiLSTM+Attention,val,77.75122_13.03397,2023-08-01,0.43581465,0.47176197
BiLSTM+Attention,val,77.75122_13.038462,2023-08-01,0.36011586,0.4004549
BiLSTM+Attention,val,77.755711_12.706085,2023-08-01,0.5556159,0.5780815
BiLSTM+Attention,val,77.755711_12.764475,2023-08-01,0.7811249,0.7869225
BiLSTM+Attention,val,77.755711_12.77795,2023-08-01,0.46752393,0.4957218
BiLSTM+Attention,val,77.755711_12.822866,2023-08-01,0.44645044,0.4848547
BiLSTM+Attention,val,77.755711_12.831849,2023-08-01,0.4146356,0.46230087
BiLSTM+Attention,val,77.755711_12.858799,2023-08-01,0.48974985,0.52274394
BiLSTM+Attention,val,77.755711_12.885748,2023-08-01,0.49003673,0.5261068
BiLSTM+Attention,val,77.755711_12.899223,2023-08-01,0.40815702,0.44649693
BiLSTM+Attention,val,77.755711_12.903714,2023-08-01,0.46025357,0.49204227
BiLSTM+Attention,val,77.755711_12.926172,2023-08-01,0.4820225,0.5324501
BiLSTM+Attention,val,77.760203_12.751001,2023-08-01,0.4763336,0.51030093
BiLSTM+Attention,val,77.760203_12.795916,2023-08-01,0.41638547,0.4630097
BiLSTM+Attention,val,77.760203_12.818374,2023-08-01,0.555293,0.57759756
BiLSTM+Attention,val,77.760203_12.867782,2023-08-01,0.43646687,0.47059426
BiLSTM+Attention,val,77.760203_12.872273,2023-08-01,0.46036226,0.4953681
BiLSTM+Attention,val,77.760203_12.876765,2023-08-01,0.4316087,0.46277216
BiLSTM+Attention,val,77.760203_12.885748,2023-08-01,0.47271088,0.49011734
BiLSTM+Attention,val,77.760203_12.984563,2023-08-01,0.5101907,0.54167116
BiLSTM+Attention,val,77.764695_12.742018,2023-08-01,0.65832627,0.66596085
BiLSTM+Attention,val,77.764695_12.746509,2023-08-01,0.6444362,0.66195154
BiLSTM+Attention,val,77.764695_12.813883,2023-08-01,0.49372616,0.52785605
BiLSTM+Attention,val,77.764695_12.849815,2023-08-01,0.46568012,0.4947575
BiLSTM+Attention,val,77.764695_12.885748,2023-08-01,0.4883825,0.5079103
BiLSTM+Attention,val,77.764695_12.912697,2023-08-01,0.48457056,0.5278145
BiLSTM+Attention,val,77.764695_13.03397,2023-08-01,0.3554344,0.40405977
BiLSTM+Attention,val,77.769186_12.791425,2023-08-01,0.42402723,0.46375766
BiLSTM+Attention,val,77.769186_12.800408,2023-08-01,0.48850775,0.53099734
BiLSTM+Attention,val,77.769186_12.8049,2023-08-01,0.5391684,0.5772393
BiLSTM+Attention,val,77.769186_12.809391,2023-08-01,0.4478647,0.4909414
BiLSTM+Attention,val,77.769186_12.876765,2023-08-01,0.48465222,0.5216081
BiLSTM+Attention,val,77.769186_12.894731,2023-08-01,0.46259502,0.49490905
BiLSTM+Attention,val,77.769186_13.016004,2023-08-01,0.435043,0.47113407
BiLSTM+Attention,val,77.773678_12.746509,2023-08-01,0.67008424,0.6820324
BiLSTM+Attention,val,77.773678_12.858799,2023-08-01,0.43730584,0.46305674
BiLSTM+Attention,val,77.773678_12.885748,2023-08-01,0.47121304,0.49140096
BiLSTM+Attention,val,77.773678_12.899223,2023-08-01,0.4187382,0.4477184
BiLSTM+Attention,val,77.773678_12.908206,2023-08-01,0.48207337,0.5123263
BiLSTM+Attention,val,77.778169_12.809391,2023-08-01,0.42550835,0.46376243
BiLSTM+Attention,val,77.778169_12.885748,2023-08-01,0.4775437,0.51790005
BiLSTM+Attention,val,77.782661_12.89024,2023-08-01,0.47564283,0.51059407
BiLSTM+Attention,val,77.787152_12.849815,2023-08-01,0.455009,0.47991794
BiLSTM+Attention,val,77.787152_12.867782,2023-08-01,0.41347784,0.45306233
BiLSTM+Attention,val,77.791644_12.899223,2023-08-01,0.4218833,0.46298504
BiLSTM+Attention,val,77.796136_12.854307,2023-08-01,0.41902575,0.45964128
BiLSTM+Attention,val,77.796136_12.885748,2023-08-01,0.48643276,0.51850927
BiLSTM+Attention,val,77.800627_12.876765,2023-08-01,0.4906588,0.52586854
BiLSTM+Attention,val,77.800627_12.885748,2023-08-01,0.44503015,0.4840758
BiLSTM+Attention,val,77.805119_12.876765,2023-08-01,0.49711832,0.5354054
BiLSTM+Attention,val,77.805119_12.89024,2023-08-01,0.45435807,0.49710387
BiLSTM+Attention,val,77.80961_12.858799,2023-08-01,0.4576131,0.5019326
BiLSTM+Attention,val,77.80961_12.86329,2023-08-01,0.43367538,0.47931498
BiLSTM+Attention,val,77.342486_12.944139,2023-09-01,0.71908015,0.7284184
BiLSTM+Attention,val,77.346978_12.86329,2023-09-01,0.58064514,0.6084145
BiLSTM+Attention,val,77.346978_12.962105,2023-09-01,0.5289523,0.55719703
BiLSTM+Attention,val,77.355961_12.962105,2023-09-01,0.7696992,0.7641748
BiLSTM+Attention,val,77.360453_12.867782,2023-09-01,0.4000676,0.43607458
BiLSTM+Attention,val,77.364944_12.854307,2023-09-01,0.42098,0.46484908
BiLSTM+Attention,val,77.364944_12.962105,2023-09-01,0.44829285,0.4726903
BiLSTM+Attention,val,77.369436_12.881256,2023-09-01,0.4561167,0.4760033
BiLSTM+Attention,val,77.369436_12.89024,2023-09-01,0.44714966,0.45488882
BiLSTM+Attention,val,77.373927_12.971088,2023-09-01,0.46449193,0.479673
BiLSTM+Attention,val,77.391894_12.881256,2023-09-01,0.47381654,0.49591556
BiLSTM+Attention,val,77.396385_12.894731,2023-09-01,0.5140453,0.5219693
BiLSTM+Attention,val,77.396385_12.944139,2023-09-01,0.48661548,0.5090219
BiLSTM+Attention,val,77.396385_12.97558,2023-09-01,0.36693957,0.424714
BiLSTM+Attention,val,77.396385_13.029478,2023-09-01,0.3735628,0.41562054
BiLSTM+Attention,val,77.400877_12.966596,2023-09-01,0.3676367,0.4089339
BiLSTM+Attention,val,77.400877_13.029478,2023-09-01,0.35009122,0.3935374
BiLSTM+Attention,val,77.405368_12.998037,2023-09-01,0.4232857,0.45730498
BiLSTM+Attention,val,77.40986_12.872273,2023-09-01,0.3758391,0.40592575
BiLSTM+Attention,val,77.40986_12.881256,2023-09-01,0.35654077,0.3843867
BiLSTM+Attention,val,77.40986_12.962105,2023-09-01,0.45645168,0.49059758
BiLSTM+Attention,val,77.414352_12.989054,2023-09-01,0.36702916,0.41668808
BiLSTM+Attention,val,77.414352_12.993546,2023-09-01,0.38230115,0.43677965
BiLSTM+Attention,val,77.414352_13.03397,2023-09-01,0.3990462,0.42783663
BiLSTM+Attention,val,77.414352_13.096852,2023-09-01,0.36097178,0.41268837
BiLSTM+Attention,val,77.418843_12.971088,2023-09-01,0.39548105,0.42962164
BiLSTM+Attention,val,77.418843_12.993546,2023-09-01,0.39160794,0.44752085
BiLSTM+Attention,val,77.418843_13.016004,2023-09-01,0.38931593,0.42222455
BiLSTM+Attention,val,77.423335_13.002529,2023-09-01,0.482228,0.5283345
BiLSTM+Attention,val,77.423335_13.092361,2023-09-01,0.31157243,0.3657888
BiLSTM+Attention,val,77.427826_13.110327,2023-09-01,0.40944624,0.44504467
BiLSTM+Attention,val,77.432318_12.998037,2023-09-01,0.35883498,0.40511563
BiLSTM+Attention,val,77.432318_13.092361,2023-09-01,0.38726032,0.42590383
BiLSTM+Attention,val,77.436809_12.854307,2023-09-01,0.38607123,0.42151606
BiLSTM+Attention,val,77.441301_12.818374,2023-09-01,0.53292835,0.5555569
BiLSTM+Attention,val,77.441301_12.831849,2023-09-01,0.42093906,0.46394792
BiLSTM+Attention,val,77.441301_13.083377,2023-09-01,0.44540998,0.4906213
BiLSTM+Attention,val,77.441301_13.110327,2023-09-01,0.42556772,0.4541974
BiLSTM+Attention,val,77.445793_12.840832,2023-09-01,0.5103957,0.541256
BiLSTM+Attention,val,77.445793_12.86329,2023-09-01,0.57210326,0.5870489
BiLSTM+Attention,val,77.445793_12.867782,2023-09-01,0.5513162,0.5734117
BiLSTM+Attention,val,77.450284_12.872273,2023-09-01,0.52154917,0.5427188
BiLSTM+Attention,val,77.450284_12.971088,2023-09-01,0.43805438,0.47610375
BiLSTM+Attention,val,77.450284_12.993546,2023-09-01,0.3336866,0.37467465
BiLSTM+Attention,val,77.450284_13.029478,2023-09-01,0.42489666,0.46271852
BiLSTM+Attention,val,77.454776_12.993546,2023-09-01,0.3811179,0.4114915
BiLSTM+Attention,val,77.454776_13.087869,2023-09-01,0.38350424,0.43320403
BiLSTM+Attention,val,77.459267_12.822866,2023-09-01,0.481383,0.5118669
BiLSTM+Attention,val,77.459267_12.872273,2023-09-01,0.48749173,0.51675016
BiLSTM+Attention,val,77.459267_12.903714,2023-09-01,0.40603405,0.4407005
BiLSTM+Attention,val,77.459267_13.016004,2023-09-01,0.36637315,0.41506287
BiLSTM+Attention,val,77.459267_13.020495,2023-09-01,0.35136455,0.39696437
BiLSTM+Attention,val,77.463759_12.813883,2023-09-01,0.4606959,0.4879171
BiLSTM+Attention,val,77.463759_12.86329,2023-09-01,0.54808784,0.5691011
BiLSTM+Attention,val,77.463759_12.885748,2023-09-01,0.57999754,0.60284144
BiLSTM+Attention,val,77.463759_12.894731,2023-09-01,0.46619996,0.4924515
BiLSTM+Attention,val,77.463759_12.899223,2023-09-01,0.49296486,0.51602066
BiLSTM+Attention,val,77.463759_12.953122,2023-09-01,0.7433912,0.7620286
BiLSTM+Attention,val,77.46825_12.827358,2023-09-01,0.4123571,0.44116455
BiLSTM+Attention,val,77.46825_12.894731,2023-09-01,0.4332853,0.45584545
BiLSTM+Attention,val,77.46825_12.953122,2023-09-01,0.42841184,0.46652797
BiLSTM+Attention,val,77.46825_12.966596,2023-09-01,0.44256052,0.47646242
BiLSTM+Attention,val,77.46825_13.007021,2023-09-01,0.36379257,0.40614396
BiLSTM+Attention,val,77.46825_13.150751,2023-09-01,0.3892605,0.43512556
BiLSTM+Attention,val,77.477234_12.899223,2023-09-01,0.40811688,0.44230714
BiLSTM+Attention,val,77.481725_12.831849,2023-09-01,0.4545631,0.48128256
BiLSTM+Attention,val,77.481725_12.89024,2023-09-01,0.51199126,0.54091895
BiLSTM+Attention,val,77.481725_12.894731,2023-09-01,0.46523637,0.49318066
BiLSTM+Attention,val,77.481725_13.096852,2023-09-01,0.5736133,0.6043931
BiLSTM+Attention,val,77.481725_13.137276,2023-09-01,0.7454429,0.75498366
BiLSTM+Attention,val,77.486217_13.042953,2023-09-01,0.5036606,0.5448877
BiLSTM+Attention,val,77.490708_12.89024,2023-09-01,0.47029766,0.49376872
BiLSTM+Attention,val,77.499692_12.755492,2023-09-01,0.5765712,0.626217
BiLSTM+Attention,val,77.499692_13.137276,2023-09-01,0.44353113,0.48251936
BiLSTM+Attention,val,77.504183_12.818374,2023-09-01,0.51043415,0.55101717
BiLSTM+Attention,val,77.504183_12.854307,2023-09-01,0.48923215,0.52861613
BiLSTM+Attention,val,77.504183_12.953122,2023-09-01,0.5348598,0.5707058
BiLSTM+Attention,val,77.508675_12.751001,2023-09-01,0.6243603,0.6647921
BiLSTM+Attention,val,77.508675_12.795916,2023-09-01,0.550379,0.5905544
BiLSTM+Attention,val,77.508675_12.831849,2023-09-01,0.5290986,0.56306684
BiLSTM+Attention,val,77.508675_12.845324,2023-09-01,0.5328842,0.57330936
BiLSTM+Attention,val,77.508675_12.903714,2023-09-01,0.44298944,0.47232035
BiLSTM+Attention,val,77.508675_12.912697,2023-09-01,0.48114115,0.5145479
BiLSTM+Attention,val,77.508675_12.917189,2023-09-01,0.51268876,0.5414196
BiLSTM+Attention,val,77.508675_13.114818,2023-09-01,0.43249375,0.47377214
BiLSTM+Attention,val,77.513166_12.77795,2023-09-01,0.62231684,0.65412813
BiLSTM+Attention,val,77.513166_12.822866,2023-09-01,0.6256329,0.6583661
BiLSTM+Attention,val,77.513166_12.908206,2023-09-01,0.42795664,0.45627716
BiLSTM+Attention,val,77.517658_12.77795,2023-09-01,0.5810359,0.6170999
BiLSTM+Attention,val,77.517658_12.782442,2023-09-01,0.5818496,0.6223859
BiLSTM+Attention,val,77.517658_12.827358,2023-09-01,0.53367734,0.56989497
BiLSTM+Attention,val,77.517658_12.849815,2023-09-01,0.50441647,0.5324285
BiLSTM+Attention,val,77.517658_12.899223,2023-09-01,0.52588964,0.5498887
BiLSTM+Attention,val,77.517658_13.11931,2023-09-01,0.39152947,0.4268014
BiLSTM+Attention,val,77.522149_12.813883,2023-09-01,0.49417776,0.5282134
BiLSTM+Attention,val,77.522149_12.818374,2023-09-01,0.46873116,0.50303084
BiLSTM+Attention,val,77.522149_12.845324,2023-09-01,0.5392607,0.56674993
BiLSTM+Attention,val,77.522149_13.056428,2023-09-01,0.6292098,0.67165303
BiLSTM+Attention,val,77.522149_13.200158,2023-09-01,0.46432683,0.49818873
BiLSTM+Attention,val,77.526641_12.89024,2023-09-01,0.64078397,0.6664642
BiLSTM+Attention,val,77.526641_12.899223,2023-09-01,0.58566475,0.6104285
BiLSTM+Attention,val,77.526641_13.105835,2023-09-01,0.4207622,0.45825398
BiLSTM+Attention,val,77.526641_13.110327,2023-09-01,0.40419254,0.43998855
BiLSTM+Attention,val,77.531133_12.795916,2023-09-01,0.57229036,0.61099017
BiLSTM+Attention,val,77.531133_12.822866,2023-09-01,0.50750744,0.55440557
BiLSTM+Attention,val,77.531133_12.894731,2023-09-01,0.505818,0.5401121
BiLSTM+Attention,val,77.531133_13.083377,2023-09-01,0.5726786,0.60553473
BiLSTM+Attention,val,77.535624_12.872273,2023-09-01,0.42767712,0.45375067
BiLSTM+Attention,val,77.535624_12.899223,2023-09-01,0.47073323,0.502594
BiLSTM+Attention,val,77.535624_13.069903,2023-09-01,0.7075544,0.73009753
BiLSTM+Attention,val,77.535624_13.083377,2023-09-01,0.5523871,0.59662324
BiLSTM+Attention,val,77.535624_13.096852,2023-09-01,0.45342168,0.49382463
BiLSTM+Attention,val,77.535624_13.137276,2023-09-01,0.39181265,0.43449062
BiLSTM+Attention,val,77.540116_12.795916,2023-09-01,0.59755546,0.6403727
BiLSTM+Attention,val,77.540116_13.042953,2023-09-01,0.55821204,0.60613066
BiLSTM+Attention,val,77.540116_13.074394,2023-09-01,0.6095248,0.6359731
BiLSTM+Attention,val,77.540116_13.092361,2023-09-01,0.41655418,0.45383424
BiLSTM+Attention,val,77.540116_13.101344,2023-09-01,0.41280147,0.44872612
BiLSTM+Attention,val,77.540116_13.105835,2023-09-01,0.4407175,0.473623
BiLSTM+Attention,val,77.540116_13.114818,2023-09-01,0.4195986,0.4601709
BiLSTM+Attention,val,77.540116_13.155243,2023-09-01,0.4973158,0.52979535
BiLSTM+Attention,val,77.540116_13.182192,2023-09-01,0.40144083,0.44972
BiLSTM+Attention,val,77.549099_12.831849,2023-09-01,0.6232839,0.66802025
BiLSTM+Attention,val,77.549099_12.836341,2023-09-01,0.5931117,0.63499504
BiLSTM+Attention,val,77.549099_12.894731,2023-09-01,0.61666334,0.6434671
BiLSTM+Attention,val,77.549099_13.132785,2023-09-01,0.6242682,0.6611481
BiLSTM+Attention,val,77.55359_12.71956,2023-09-01,0.73398346,0.77975816
BiLSTM+Attention,val,77.55359_13.101344,2023-09-01,0.4167959,0.45964512
BiLSTM+Attention,val,77.55359_13.110327,2023-09-01,0.49493098,0.52103466
BiLSTM+Attention,val,77.55359_13.128293,2023-09-01,0.5965275,0.6359279
BiLSTM+Attention,val,77.558082_12.710577,2023-09-01,0.75209606,0.7930394
BiLSTM+Attention,val,77.558082_13.042953,2023-09-01,0.63997495,0.6841836
BiLSTM+Attention,val,77.558082_13.051936,2023-09-01,0.69284153,0.7255376
BiLSTM+Attention,val,77.558082_13.110327,2023-09-01,0.5124207,0.5445033
BiLSTM+Attention,val,77.562574_12.827358,2023-09-01,0.69625634,0.72437066
BiLSTM+Attention,val,77.562574_12.858799,2023-09-01,0.4385501,0.4647232
BiLSTM+Attention,val,77.562574_12.872273,2023-09-01,0.5809841,0.6082812
BiLSTM+Attention,val,77.562574_13.141768,2023-09-01,0.44574383,0.46160486
BiLSTM+Attention,val,77.567065_13.114818,2023-09-01,0.66036546,0.6864098
BiLSTM+Attention,val,77.576048_12.728543,2023-09-01,0.750082,0.77115077
BiLSTM+Attention,val,77.576048_12.827358,2023-09-01,0.6233299,0.6574793
BiLSTM+Attention,val,77.58054_12.845324,2023-09-01,0.70022243,0.7140908
BiLSTM+Attention,val,77.58054_13.083377,2023-09-01,0.4991482,0.54214525
BiLSTM+Attention,val,77.58054_13.087869,2023-09-01,0.47836542,0.51248956
BiLSTM+Attention,val,77.585031_12.849815,2023-09-01,0.6852661,0.6920106
BiLSTM+Attention,val,77.585031_13.042953,2023-09-01,0.68576837,0.7210915
BiLSTM+Attention,val,77.589523_12.71956,2023-09-01,0.81064713,0.82610226
BiLSTM+Attention,val,77.589523_12.746509,2023-09-01,0.7009541,0.73611885
BiLSTM+Attention,val,77.589523_12.854307,2023-09-01,0.60487616,0.6388677
BiLSTM+Attention,val,77.589523_13.083377,2023-09-01,0.5903867,0.62083316
BiLSTM+Attention,val,77.594015_12.724051,2023-09-01,0.81905484,0.83315796
BiLSTM+Attention,val,77.594015_12.831849,2023-09-01,0.5855835,0.6170152
BiLSTM+Attention,val,77.594015_12.998037,2023-09-01,0.728833,0.7537759
BiLSTM+Attention,val,77.594015_13.087869,2023-09-01,0.60578626,0.64149123
BiLSTM+Attention,val,77.598506_12.665661,2023-09-01,0.7631126,0.79230607
BiLSTM+Attention,val,77.598506_12.710577,2023-09-01,0.6647497,0.7102584
BiLSTM+Attention,val,77.598506_13.083377,2023-09-01,0.5860706,0.6201979
BiLSTM+Attention,val,77.602998_12.710577,2023-09-01,0.68946975,0.7359191
BiLSTM+Attention,val,77.602998_12.827358,2023-09-01,0.49562234,0.5251679
BiLSTM+Attention,val,77.602998_13.114818,2023-09-01,0.56410414,0.60752237
BiLSTM+Attention,val,77.607489_12.768967,2023-09-01,0.6104943,0.64813554
BiLSTM+Attention,val,77.607489_12.773459,2023-09-01,0.58339596,0.6237858
BiLSTM+Attention,val,77.607489_12.791425,2023-09-01,0.5376291,0.5776179
BiLSTM+Attention,val,77.607489_13.087869,2023-09-01,0.7236999,0.7576883
BiLSTM+Attention,val,77.611981_12.674644,2023-09-01,0.7910489,0.81706446
BiLSTM+Attention,val,77.611981_12.831849,2023-09-01,0.540091,0.5804552
BiLSTM+Attention,val,77.611981_12.953122,2023-09-01,0.7347893,0.7553662
BiLSTM+Attention,val,77.611981_13.168717,2023-09-01,0.4247942,0.45740512
BiLSTM+Attention,val,77.620964_12.674644,2023-09-01,0.78737676,0.816341
BiLSTM+Attention,val,77.629947_12.795916,2023-09-01,0.7761451,0.79123616
BiLSTM+Attention,val,77.629947_12.809391,2023-09-01,0.48002076,0.5093749
BiLSTM+Attention,val,77.629947_12.854307,2023-09-01,0.50096995,0.52376664
BiLSTM+Attention,val,77.629947_13.087869,2023-09-01,0.4417917,0.47226632
BiLSTM+Attention,val,77.634439_12.679136,2023-09-01,0.7559315,0.78829145
BiLSTM+Attention,val,77.634439_12.701593,2023-09-01,0.7227732,0.746518
BiLSTM+Attention,val,77.634439_12.733034,2023-09-01,0.4854079,0.5225469
BiLSTM+Attention,val,77.634439_12.746509,2023-09-01,0.5265244,0.55425286
BiLSTM+Attention,val,77.634439_12.751001,2023-09-01,0.52436465,0.5547329
BiLSTM+Attention,val,77.634439_12.849815,2023-09-01,0.5478299,0.56898725
BiLSTM+Attention,val,77.634439_13.083377,2023-09-01,0.4035907,0.4478536
BiLSTM+Attention,val,77.63893_12.688119,2023-09-01,0.6849185,0.7139671
BiLSTM+Attention,val,77.63893_12.742018,2023-09-01,0.5385209,0.570498
BiLSTM+Attention,val,77.63893_12.791425,2023-09-01,0.5359839,0.5644999
BiLSTM+Attention,val,77.63893_12.800408,2023-09-01,0.48327747,0.5113668
BiLSTM+Attention,val,77.63893_12.818374,2023-09-01,0.47755903,0.5013683
BiLSTM+Attention,val,77.63893_12.989054,2023-09-01,0.64315444,0.6794547
BiLSTM+Attention,val,77.63893_13.078886,2023-09-01,0.43279514,0.46766505
BiLSTM+Attention,val,77.63893_13.083377,2023-09-01,0.4047037,0.44454983
BiLSTM+Attention,val,77.643422_12.800408,2023-09-01,0.49223125,0.5192787
BiLSTM+Attention,val,77.643422_12.809391,2023-09-01,0.5092433,0.5344919
BiLSTM+Attention,val,77.643422_13.164226,2023-09-01,0.58110774,0.6045357
BiLSTM+Attention,val,77.647914_12.688119,2023-09-01,0.72580093,0.74308544
BiLSTM+Attention,val,77.647914_12.935155,2023-09-01,0.6642475,0.6861417
BiLSTM+Attention,val,77.652405_12.697102,2023-09-01,0.68773454,0.71674705
BiLSTM+Attention,val,77.652405_12.795916,2023-09-01,0.43237796,0.46234766
BiLSTM+Attention,val,77.656897_12.742018,2023-09-01,0.5428966,0.56912464
BiLSTM+Attention,val,77.656897_12.746509,2023-09-01,0.523511,0.5576084
BiLSTM+Attention,val,77.656897_12.831849,2023-09-01,0.57128567,0.5964043
BiLSTM+Attention,val,77.656897_12.849815,2023-09-01,0.44140005,0.45801592
BiLSTM+Attention,val,77.656897_13.101344,2023-09-01,0.48073116,0.5054833
BiLSTM+Attention,val,77.656897_13.164226,2023-09-01,0.4435821,0.4840627
BiLSTM+Attention,val,77.661388_12.759984,2023-09-01,0.5638616,0.582311
BiLSTM+Attention,val,77.661388_13.056428,2023-09-01,0.45614925,0.49513635
BiLSTM+Attention,val,77.661388_13.074394,2023-09-01,0.52597517,0.56018245
BiLSTM+Attention,val,77.661388_13.087869,2023-09-01,0.4341877,0.47170633
BiLSTM+Attention,val,77.661388_13.101344,2023-09-01,0.4518755,0.4841508
BiLSTM+Attention,val,77.661388_13.110327,2023-09-01,0.5292998,0.554431
BiLSTM+Attention,val,77.661388_13.11931,2023-09-01,0.6036933,0.61720407
BiLSTM+Attention,val,77.66588_12.679136,2023-09-01,0.6406834,0.6767558
BiLSTM+Attention,val,77.66588_12.697102,2023-09-01,0.6175159,0.65342855
BiLSTM+Attention,val,77.66588_12.715068,2023-09-01,0.64661294,0.6623712
BiLSTM+Attention,val,77.66588_12.751001,2023-09-01,0.5007007,0.5335824
BiLSTM+Attention,val,77.66588_12.755492,2023-09-01,0.5669499,0.59427726
BiLSTM+Attention,val,77.66588_12.764475,2023-09-01,0.55495065,0.58797455
BiLSTM+Attention,val,77.66588_12.953122,2023-09-01,0.55974054,0.58763593
BiLSTM+Attention,val,77.66588_13.038462,2023-09-01,0.4615599,0.49511442
BiLSTM+Attention,val,77.66588_13.051936,2023-09-01,0.4954711,0.53418887
BiLSTM+Attention,val,77.670371_13.069903,2023-09-01,0.41335893,0.45415583
BiLSTM+Attention,val,77.670371_13.083377,2023-09-01,0.3729231,0.42866132
BiLSTM+Attention,val,77.670371_13.092361,2023-09-01,0.3866056,0.4332254
BiLSTM+Attention,val,77.670371_13.128293,2023-09-01,0.5063379,0.52994883
BiLSTM+Attention,val,77.674863_12.71956,2023-09-01,0.66591656,0.68746376
BiLSTM+Attention,val,77.674863_12.755492,2023-09-01,0.5144048,0.5375632
BiLSTM+Attention,val,77.674863_12.764475,2023-09-01,0.512635,0.53422654
BiLSTM+Attention,val,77.674863_12.786933,2023-09-01,0.51575977,0.54117477
BiLSTM+Attention,val,77.674863_12.836341,2023-09-01,0.5319623,0.54880166
BiLSTM+Attention,val,77.674863_13.051936,2023-09-01,0.50286406,0.5409351
BiLSTM+Attention,val,77.674863_13.069903,2023-09-01,0.37895417,0.42304295
BiLSTM+Attention,val,77.674863_13.092361,2023-09-01,0.43078324,0.47401503
BiLSTM+Attention,val,77.674863_13.105835,2023-09-01,0.49267328,0.5188405
BiLSTM+Attention,val,77.679355_12.697102,2023-09-01,0.51463026,0.55255264
BiLSTM+Attention,val,77.679355_12.746509,2023-09-01,0.682638,0.7071542
BiLSTM+Attention,val,77.679355_13.056428,2023-09-01,0.4612039,0.49779874
BiLSTM+Attention,val,77.679355_13.074394,2023-09-01,0.42758462,0.4745171
BiLSTM+Attention,val,77.679355_13.101344,2023-09-01,0.45393613,0.48635957
BiLSTM+Attention,val,77.679355_13.141768,2023-09-01,0.5038088,0.5293216
BiLSTM+Attention,val,77.679355_13.155243,2023-09-01,0.39835244,0.44534084
BiLSTM+Attention,val,77.679355_13.159734,2023-09-01,0.43618727,0.47579435
BiLSTM+Attention,val,77.683846_12.728543,2023-09-01,0.554969,0.5892195
BiLSTM+Attention,val,77.683846_12.742018,2023-09-01,0.5052792,0.5354309
BiLSTM+Attention,val,77.683846_12.795916,2023-09-01,0.5205618,0.534221
BiLSTM+Attention,val,77.683846_12.8049,2023-09-01,0.4958179,0.51711184
BiLSTM+Attention,val,77.683846_12.836341,2023-09-01,0.59726024,0.61286837
BiLSTM+Attention,val,77.683846_12.840832,2023-09-01,0.60731685,0.62331265
BiLSTM+Attention,val,77.683846_12.917189,2023-09-01,0.4263936,0.45756093
BiLSTM+Attention,val,77.683846_13.06092,2023-09-01,0.43980187,0.48687786
BiLSTM+Attention,val,77.683846_13.074394,2023-09-01,0.38503262,0.43481085
BiLSTM+Attention,val,77.683846_13.11931,2023-09-01,0.38238093,0.41810894
BiLSTM+Attention,val,77.683846_13.123802,2023-09-01,0.44554105,0.47273716
BiLSTM+Attention,val,77.688338_12.69261,2023-09-01,0.789642,0.8119621
BiLSTM+Attention,val,77.688338_12.697102,2023-09-01,0.8039906,0.8175109
BiLSTM+Attention,val,77.688338_12.966596,2023-09-01,0.5688245,0.5990569
BiLSTM+Attention,val,77.692829_12.800408,2023-09-01,0.46033913,0.48579228
BiLSTM+Attention,val,77.692829_12.845324,2023-09-01,0.6379518,0.66160053
BiLSTM+Attention,val,77.692829_12.899223,2023-09-01,0.4723301,0.49220082
BiLSTM+Attention,val,77.692829_13.06092,2023-09-01,0.57410455,0.6070551
BiLSTM+Attention,val,77.692829_13.065411,2023-09-01,0.53958887,0.5763466
BiLSTM+Attention,val,77.692829_13.083377,2023-09-01,0.39173728,0.43361554
BiLSTM+Attention,val,77.692829_13.096852,2023-09-01,0.38984412,0.43734547
BiLSTM+Attention,val,77.692829_13.132785,2023-09-01,0.3952081,0.43047595
BiLSTM+Attention,val,77.692829_13.155243,2023-09-01,0.39687887,0.43846923
BiLSTM+Attention,val,77.697321_12.697102,2023-09-01,0.7987222,0.81588817
BiLSTM+Attention,val,77.697321_12.894731,2023-09-01,0.49882725,0.5108416
BiLSTM+Attention,val,77.697321_13.132785,2023-09-01,0.39723742,0.43430418
BiLSTM+Attention,val,77.697321_13.150751,2023-09-01,0.44563305,0.46874955
BiLSTM+Attention,val,77.697321_13.1777,2023-09-01,0.5583977,0.6013624
BiLSTM+Attention,val,77.701812_12.822866,2023-09-01,0.5315119,0.5538457
BiLSTM+Attention,val,77.701812_12.984563,2023-09-01,0.47637448,0.50901383
BiLSTM+Attention,val,77.701812_13.114818,2023-09-01,0.484622,0.52100366
BiLSTM+Attention,val,77.701812_13.164226,2023-09-01,0.4525424,0.47999683
BiLSTM+Attention,val,77.706304_12.984563,2023-09-01,0.4751046,0.51330453
BiLSTM+Attention,val,77.706304_13.038462,2023-09-01,0.424596,0.46033162
BiLSTM+Attention,val,77.706304_13.042953,2023-09-01,0.49655092,0.534794
BiLSTM+Attention,val,77.706304_13.137276,2023-09-01,0.7519395,0.75773984
BiLSTM+Attention,val,77.710796_12.715068,2023-09-01,0.6164061,0.65100104
BiLSTM+Attention,val,77.710796_13.03397,2023-09-01,0.4405052,0.481406
BiLSTM+Attention,val,77.710796_13.11931,2023-09-01,0.43455008,0.4639804
BiLSTM+Attention,val,77.710796_13.123802,2023-09-01,0.40080026,0.4314976
BiLSTM+Attention,val,77.710796_13.132785,2023-09-01,0.46617204,0.49179223
BiLSTM+Attention,val,77.710796_13.150751,2023-09-01,0.3995993,0.43356916
BiLSTM+Attention,val,77.710796_13.168717,2023-09-01,0.5070374,0.5367535
BiLSTM+Attention,val,77.710796_13.173209,2023-09-01,0.5008757,0.5322169
BiLSTM+Attention,val,77.715287_12.679136,2023-09-01,0.6907454,0.71154374
BiLSTM+Attention,val,77.715287_12.742018,2023-09-01,0.48905024,0.5197664
BiLSTM+Attention,val,77.715287_12.822866,2023-09-01,0.5124833,0.5464476
BiLSTM+Attention,val,77.715287_12.827358,2023-09-01,0.46613774,0.49805668
BiLSTM+Attention,val,77.715287_12.845324,2023-09-01,0.404893,0.4433376
BiLSTM+Attention,val,77.715287_12.885748,2023-09-01,0.559465,0.5851892
BiLSTM+Attention,val,77.715287_13.029478,2023-09-01,0.36908165,0.41895872
BiLSTM+Attention,val,77.715287_13.038462,2023-09-01,0.5089624,0.54104435
BiLSTM+Attention,val,77.715287_13.051936,2023-09-01,0.49680772,0.5328764
BiLSTM+Attention,val,77.715287_13.056428,2023-09-01,0.40547958,0.44983795
BiLSTM+Attention,val,77.715287_13.096852,2023-09-01,0.3495015,0.3886062
BiLSTM+Attention,val,77.715287_13.114818,2023-09-01,0.5094948,0.54133517
BiLSTM+Attention,val,77.715287_13.128293,2023-09-01,0.46768153,0.49292424
BiLSTM+Attention,val,77.719779_12.746509,2023-09-01,0.69554704,0.72092927
BiLSTM+Attention,val,77.719779_12.795916,2023-09-01,0.48138717,0.50799745
BiLSTM+Attention,val,77.719779_12.840832,2023-09-01,0.5133897,0.55291766
BiLSTM+Attention,val,77.719779_13.069903,2023-09-01,0.40390489,0.44203135
BiLSTM+Attention,val,77.719779_13.105835,2023-09-01,0.43530437,0.47098917
BiLSTM+Attention,val,77.719779_13.123802,2023-09-01,0.4184505,0.45306194
BiLSTM+Attention,val,77.719779_13.137276,2023-09-01,0.43321395,0.46820152
BiLSTM+Attention,val,77.719779_13.155243,2023-09-01,0.41348743,0.45576778
BiLSTM+Attention,val,77.72427_12.674644,2023-09-01,0.53156483,0.57358295
BiLSTM+Attention,val,77.72427_12.840832,2023-09-01,0.4885904,0.5302073
BiLSTM+Attention,val,77.72427_13.06092,2023-09-01,0.40947598,0.45231277
BiLSTM+Attention,val,77.72427_13.074394,2023-09-01,0.44111526,0.48000002
BiLSTM+Attention,val,77.728762_12.759984,2023-09-01,0.49694574,0.53420556
BiLSTM+Attention,val,77.728762_12.782442,2023-09-01,0.5448478,0.56353545
BiLSTM+Attention,val,77.728762_12.809391,2023-09-01,0.48482963,0.52265686
BiLSTM+Attention,val,77.728762_13.047445,2023-09-01,0.48270282,0.51608175
BiLSTM+Attention,val,77.728762_13.087869,2023-09-01,0.47827297,0.51029944
BiLSTM+Attention,val,77.728762_13.092361,2023-09-01,0.44170266,0.48066005
BiLSTM+Attention,val,77.733253_13.056428,2023-09-01,0.375571,0.42103407
BiLSTM+Attention,val,77.737745_12.764475,2023-09-01,0.44718805,0.47634345
BiLSTM+Attention,val,77.737745_12.791425,2023-09-01,0.48368174,0.50790596
BiLSTM+Attention,val,77.737745_12.809391,2023-09-01,0.4580345,0.4896793
BiLSTM+Attention,val,77.737745_12.858799,2023-09-01,0.4968354,0.518808
BiLSTM+Attention,val,77.737745_12.881256,2023-09-01,0.5736178,0.611343
BiLSTM+Attention,val,77.737745_13.051936,2023-09-01,0.3840005,0.42472568
BiLSTM+Attention,val,77.737745_13.06092,2023-09-01,0.4226049,0.46277505
BiLSTM+Attention,val,77.737745_13.078886,2023-09-01,0.44909865,0.47848937
BiLSTM+Attention,val,77.737745_13.101344,2023-09-01,0.37087816,0.42108494
BiLSTM+Attention,val,77.742237_12.697102,2023-09-01,0.661718,0.68297404
BiLSTM+Attention,val,77.742237_12.86329,2023-09-01,0.41792747,0.45433423
BiLSTM+Attention,val,77.742237_12.89024,2023-09-01,0.55483717,0.5886829
BiLSTM+Attention,val,77.742237_12.980071,2023-09-01,0.50839555,0.5510431
BiLSTM+Attention,val,77.742237_13.016004,2023-09-01,0.5325118,0.5815192
BiLSTM+Attention,val,77.742237_13.038462,2023-09-01,0.39123467,0.44052818
BiLSTM+Attention,val,77.742237_13.074394,2023-09-01,0.35460722,0.41097227
BiLSTM+Attention,val,77.742237_13.078886,2023-09-01,0.43744346,0.47903755
BiLSTM+Attention,val,77.742237_13.101344,2023-09-01,0.41060483,0.4453294
BiLSTM+Attention,val,77.746728_12.782442,2023-09-01,0.5510178,0.57909495
BiLSTM+Attention,val,77.746728_12.97558,2023-09-01,0.53667265,0.5768556
BiLSTM+Attention,val,77.746728_12.984563,2023-09-01,0.52000207,0.55864555
BiLSTM+Attention,val,77.746728_13.016004,2023-09-01,0.56515,0.5994658
BiLSTM+Attention,val,77.746728_13.020495,2023-09-01,0.60099065,0.63780314
BiLSTM+Attention,val,77.746728_13.024987,2023-09-01,0.48916796,0.524951
BiLSTM+Attention,val,77.746728_13.038462,2023-09-01,0.4082474,0.44880852
BiLSTM+Attention,val,77.746728_13.06092,2023-09-01,0.35225093,0.39644718
BiLSTM+Attention,val,77.746728_13.083377,2023-09-01,0.45579547,0.4929458
BiLSTM+Attention,val,77.746728_13.092361,2023-09-01,0.43747136,0.4739882
BiLSTM+Attention,val,77.75122_12.751001,2023-09-01,0.4947572,0.52010274
BiLSTM+Attention,val,77.75122_12.77795,2023-09-01,0.5049694,0.534942
BiLSTM+Attention,val,77.75122_12.993546,2023-09-01,0.45501807,0.49233195
BiLSTM+Attention,val,77.75122_13.020495,2023-09-01,0.51426333,0.5474355
BiLSTM+Attention,val,77.75122_13.03397,2023-09-01,0.43850717,0.48313358
BiLSTM+Attention,val,77.75122_13.038462,2023-09-01,0.36734945,0.4113811
BiLSTM+Attention,val,77.755711_12.77795,2023-09-01,0.48289093,0.5079938
BiLSTM+Attention,val,77.755711_12.831849,2023-09-01,0.43243802,0.47594157
BiLSTM+Attention,val,77.755711_12.858799,2023-09-01,0.509747,0.53561854
BiLSTM+Attention,val,77.755711_12.885748,2023-09-01,0.5067201,0.53850037
BiLSTM+Attention,val,77.760203_12.751001,2023-09-01,0.490535,0.52376044
BiLSTM+Attention,val,77.760203_12.795916,2023-09-01,0.42935085,0.47296038
BiLSTM+Attention,val,77.760203_12.867782,2023-09-01,0.45314282,0.4822073
BiLSTM+Attention,val,77.760203_12.872273,2023-09-01,0.4729391,0.5060721
BiLSTM+Attention,val,77.760203_12.876765,2023-09-01,0.44078583,0.4703086
BiLSTM+Attention,val,77.760203_12.984563,2023-09-01,0.5098758,0.5542073
BiLSTM+Attention,val,77.764695_12.813883,2023-09-01,0.516611,0.5456923
BiLSTM+Attention,val,77.764695_12.849815,2023-09-01,0.48433295,0.51108944
BiLSTM+Attention,val,77.764695_12.912697,2023-09-01,0.49385402,0.5363888
BiLSTM+Attention,val,77.764695_13.03397,2023-09-01,0.3660798,0.4116508
BiLSTM+Attention,val,77.769186_12.751001,2023-09-01,0.7081102,0.7141159
BiLSTM+Attention,val,77.769186_12.791425,2023-09-01,0.44402424,0.47637755
BiLSTM+Attention,val,77.769186_12.800408,2023-09-01,0.5174088,0.54734874
BiLSTM+Attention,val,77.769186_12.8049,2023-09-01,0.565654,0.5951679
BiLSTM+Attention,val,77.769186_12.809391,2023-09-01,0.470556,0.50526804
BiLSTM+Attention,val,77.769186_12.876765,2023-09-01,0.5057363,0.5329506
BiLSTM+Attention,val,77.769186_13.016004,2023-09-01,0.44333375,0.48121986
BiLSTM+Attention,val,77.787152_12.867782,2023-09-01,0.44025227,0.46532878
BiLSTM+Attention,val,77.791644_12.8049,2023-09-01,0.48003894,0.51434314
BiLSTM+Attention,val,77.80961_12.858799,2023-09-01,0.4776062,0.51619935
BiLSTM+Attention,val,77.80961_12.86329,2023-09-01,0.4604829,0.49115798
BiLSTM+Attention,val,77.329012_12.944139,2023-10-01,0.4841025,0.49867138
BiLSTM+Attention,val,77.329012_12.962105,2023-10-01,0.75376517,0.7647023
BiLSTM+Attention,val,77.342486_12.935155,2023-10-01,0.78559023,0.788215
BiLSTM+Attention,val,77.342486_12.944139,2023-10-01,0.72860384,0.73964417
BiLSTM+Attention,val,77.351469_12.89024,2023-10-01,0.5636628,0.5886453
BiLSTM+Attention,val,77.351469_12.930664,2023-10-01,0.7495563,0.76666635
BiLSTM+Attention,val,77.351469_12.939647,2023-10-01,0.7619149,0.76777273
BiLSTM+Attention,val,77.355961_12.899223,2023-10-01,0.5736489,0.5903269
BiLSTM+Attention,val,77.355961_12.94863,2023-10-01,0.47994307,0.4847508
BiLSTM+Attention,val,77.360453_12.867782,2023-10-01,0.41888794,0.43825248
BiLSTM+Attention,val,77.360453_12.908206,2023-10-01,0.5849801,0.6086826
BiLSTM+Attention,val,77.360453_12.926172,2023-10-01,0.7673314,0.7809492
BiLSTM+Attention,val,77.364944_12.854307,2023-10-01,0.45432878,0.4686739
BiLSTM+Attention,val,77.364944_12.962105,2023-10-01,0.46695837,0.47539636
BiLSTM+Attention,val,77.369436_12.881256,2023-10-01,0.46135402,0.4801369
BiLSTM+Attention,val,77.369436_12.89024,2023-10-01,0.43560192,0.4597592
BiLSTM+Attention,val,77.369436_12.935155,2023-10-01,0.4131129,0.41885206
BiLSTM+Attention,val,77.369436_12.998037,2023-10-01,0.4543855,0.45350865
BiLSTM+Attention,val,77.369436_13.007021,2023-10-01,0.52006096,0.51731455
BiLSTM+Attention,val,77.373927_12.971088,2023-10-01,0.46459526,0.48404837
BiLSTM+Attention,val,77.373927_13.011512,2023-10-01,0.4547788,0.46889725
BiLSTM+Attention,val,77.373927_13.016004,2023-10-01,0.45752028,0.4711675
BiLSTM+Attention,val,77.378419_12.966596,2023-10-01,0.44894782,0.46755114
BiLSTM+Attention,val,77.382911_12.953122,2023-10-01,0.45149338,0.4645451
BiLSTM+Attention,val,77.382911_12.957613,2023-10-01,0.4557746,0.4696881
BiLSTM+Attention,val,77.387402_12.962105,2023-10-01,0.4319292,0.44512773
BiLSTM+Attention,val,77.387402_12.97558,2023-10-01,0.51115054,0.5055421
BiLSTM+Attention,val,77.387402_12.980071,2023-10-01,0.5068283,0.49898902
BiLSTM+Attention,val,77.391894_12.867782,2023-10-01,0.5249948,0.5361356
BiLSTM+Attention,val,77.391894_12.881256,2023-10-01,0.46053067,0.50065404
BiLSTM+Attention,val,77.391894_12.885748,2023-10-01,0.5072375,0.5363999
BiLSTM+Attention,val,77.396385_12.894731,2023-10-01,0.5039936,0.52860504
BiLSTM+Attention,val,77.396385_12.908206,2023-10-01,0.42991194,0.45822963
BiLSTM+Attention,val,77.396385_12.944139,2023-10-01,0.5131128,0.51437825
BiLSTM+Attention,val,77.396385_12.971088,2023-10-01,0.42684454,0.45262295
BiLSTM+Attention,val,77.396385_12.97558,2023-10-01,0.41959208,0.4293662
BiLSTM+Attention,val,77.396385_13.029478,2023-10-01,0.4122088,0.42124966
BiLSTM+Attention,val,77.400877_12.957613,2023-10-01,0.44087592,0.45671198
BiLSTM+Attention,val,77.400877_12.966596,2023-10-01,0.3748228,0.41321525
BiLSTM+Attention,val,77.400877_13.029478,2023-10-01,0.38896477,0.39958125
BiLSTM+Attention,val,77.405368_12.881256,2023-10-01,0.41604838,0.4384099
BiLSTM+Attention,val,77.405368_12.89024,2023-10-01,0.40614936,0.43854195
BiLSTM+Attention,val,77.405368_12.903714,2023-10-01,0.3727689,0.4091104
BiLSTM+Attention,val,77.405368_12.930664,2023-10-01,0.54603696,0.5635604
BiLSTM+Attention,val,77.405368_12.998037,2023-10-01,0.46333665,0.4646739
BiLSTM+Attention,val,77.405368_13.105835,2023-10-01,0.4441456,0.44301182
BiLSTM+Attention,val,77.405368_13.11931,2023-10-01,0.4091745,0.41736472
BiLSTM+Attention,val,77.40986_12.872273,2023-10-01,0.3874704,0.41336405
BiLSTM+Attention,val,77.40986_12.881256,2023-10-01,0.35396257,0.3894309
BiLSTM+Attention,val,77.40986_12.962105,2023-10-01,0.49060145,0.49659267
BiLSTM+Attention,val,77.414352_12.930664,2023-10-01,0.47978503,0.49862882
BiLSTM+Attention,val,77.414352_12.989054,2023-10-01,0.389883,0.4179651
BiLSTM+Attention,val,77.414352_12.993546,2023-10-01,0.4353819,0.44202104
BiLSTM+Attention,val,77.414352_13.03397,2023-10-01,0.43376273,0.43231675
BiLSTM+Attention,val,77.414352_13.096852,2023-10-01,0.40529314,0.41671878
BiLSTM+Attention,val,77.414352_13.11931,2023-10-01,0.4256159,0.43871307
BiLSTM+Attention,val,77.418843_12.876765,2023-10-01,0.38589633,0.41358024
BiLSTM+Attention,val,77.418843_12.89024,2023-10-01,0.41231382,0.44155484
BiLSTM+Attention,val,77.418843_12.94863,2023-10-01,0.47338107,0.4771962
BiLSTM+Attention,val,77.418843_12.971088,2023-10-01,0.4120198,0.4313367
BiLSTM+Attention,val,77.418843_12.993546,2023-10-01,0.43665937,0.4529864
BiLSTM+Attention,val,77.418843_13.016004,2023-10-01,0.41893122,0.42779967
BiLSTM+Attention,val,77.418843_13.024987,2023-10-01,0.43547916,0.43520197
BiLSTM+Attention,val,77.418843_13.146259,2023-10-01,0.36524162,0.39043424
BiLSTM+Attention,val,77.423335_12.876765,2023-10-01,0.42118362,0.44465837
BiLSTM+Attention,val,77.423335_12.921681,2023-10-01,0.45183447,0.47097376
BiLSTM+Attention,val,77.423335_12.930664,2023-10-01,0.45397148,0.4670308
BiLSTM+Attention,val,77.423335_13.002529,2023-10-01,0.5309849,0.53582114
BiLSTM+Attention,val,77.423335_13.092361,2023-10-01,0.35980624,0.3695371
BiLSTM+Attention,val,77.423335_13.141768,2023-10-01,0.44896877,0.46375474
BiLSTM+Attention,val,77.423335_13.150751,2023-10-01,0.3724099,0.387467
BiLSTM+Attention,val,77.427826_12.845324,2023-10-01,0.3385492,0.37499467
BiLSTM+Attention,val,77.427826_12.858799,2023-10-01,0.37354788,0.40536144
BiLSTM+Attention,val,77.427826_12.930664,2023-10-01,0.46584508,0.47689638
BiLSTM+Attention,val,77.427826_12.939647,2023-10-01,0.40467846,0.4188455
BiLSTM+Attention,val,77.427826_12.944139,2023-10-01,0.3975787,0.4158713
BiLSTM+Attention,val,77.427826_13.020495,2023-10-01,0.41110772,0.4236395
BiLSTM+Attention,val,77.427826_13.024987,2023-10-01,0.43322015,0.44219622
BiLSTM+Attention,val,77.427826_13.110327,2023-10-01,0.44321728,0.45126173
BiLSTM+Attention,val,77.427826_13.132785,2023-10-01,0.5326227,0.5399056
BiLSTM+Attention,val,77.432318_12.858799,2023-10-01,0.39874122,0.42289352
BiLSTM+Attention,val,77.432318_12.86329,2023-10-01,0.39074463,0.4241373
BiLSTM+Attention,val,77.432318_12.867782,2023-10-01,0.4104624,0.43193537
BiLSTM+Attention,val,77.432318_12.881256,2023-10-01,0.44287753,0.46478787
BiLSTM+Attention,val,77.432318_12.885748,2023-10-01,0.54931456,0.5767398
BiLSTM+Attention,val,77.432318_12.957613,2023-10-01,0.4234412,0.44261986
BiLSTM+Attention,val,77.432318_12.998037,2023-10-01,0.3757747,0.4083931
BiLSTM+Attention,val,77.432318_13.087869,2023-10-01,0.48189157,0.4836959
BiLSTM+Attention,val,77.432318_13.092361,2023-10-01,0.41777018,0.43115523
BiLSTM+Attention,val,77.436809_12.818374,2023-10-01,0.53999,0.5586296
BiLSTM+Attention,val,77.436809_12.840832,2023-10-01,0.47631964,0.49511158
BiLSTM+Attention,val,77.436809_12.854307,2023-10-01,0.40638176,0.42782885
BiLSTM+Attention,val,77.436809_12.912697,2023-10-01,0.5521103,0.57695293
BiLSTM+Attention,val,77.436809_12.926172,2023-10-01,0.48048845,0.4839789
BiLSTM+Attention,val,77.436809_12.944139,2023-10-01,0.4240765,0.440931
BiLSTM+Attention,val,77.436809_13.03397,2023-10-01,0.42478928,0.43519953
BiLSTM+Attention,val,77.441301_12.818374,2023-10-01,0.5236061,0.56323713
BiLSTM+Attention,val,77.441301_12.831849,2023-10-01,0.44083396,0.4684938
BiLSTM+Attention,val,77.441301_12.836341,2023-10-01,0.46666035,0.49169132
BiLSTM+Attention,val,77.441301_12.840832,2023-10-01,0.46180102,0.48583636
BiLSTM+Attention,val,77.441301_12.944139,2023-10-01,0.49181083,0.5095211
BiLSTM+Attention,val,77.441301_12.94863,2023-10-01,0.45397764,0.4779502
BiLSTM+Attention,val,77.441301_13.056428,2023-10-01,0.40891224,0.42585286
BiLSTM+Attention,val,77.441301_13.069903,2023-10-01,0.4208662,0.4400771
BiLSTM+Attention,val,77.441301_13.083377,2023-10-01,0.48347434,0.49260494
BiLSTM+Attention,val,77.441301_13.110327,2023-10-01,0.45524964,0.45899048
BiLSTM+Attention,val,77.445793_12.840832,2023-10-01,0.5231417,0.5479085
BiLSTM+Attention,val,77.445793_12.86329,2023-10-01,0.570239,0.59162277
BiLSTM+Attention,val,77.445793_12.867782,2023-10-01,0.55396813,0.5765623
BiLSTM+Attention,val,77.445793_12.912697,2023-10-01,0.43903494,0.46268016
BiLSTM+Attention,val,77.445793_12.957613,2023-10-01,0.49267185,0.50048125
BiLSTM+Attention,val,77.445793_12.984563,2023-10-01,0.4404552,0.47235844
BiLSTM+Attention,val,77.450284_12.809391,2023-10-01,0.47205552,0.49861804
BiLSTM+Attention,val,77.450284_12.872273,2023-10-01,0.5343625,0.54638714
BiLSTM+Attention,val,77.450284_12.89024,2023-10-01,0.511518,0.5376499
BiLSTM+Attention,val,77.450284_12.971088,2023-10-01,0.46263123,0.48138896
BiLSTM+Attention,val,77.450284_12.993546,2023-10-01,0.34572107,0.3772013
BiLSTM+Attention,val,77.450284_13.029478,2023-10-01,0.46318302,0.46906942
BiLSTM+Attention,val,77.450284_13.047445,2023-10-01,0.45312136,0.45272514
BiLSTM+Attention,val,77.450284_13.146259,2023-10-01,0.5302925,0.54628396
BiLSTM+Attention,val,77.454776_12.809391,2023-10-01,0.4569802,0.4807849
BiLSTM+Attention,val,77.454776_12.885748,2023-10-01,0.4856601,0.5094083
BiLSTM+Attention,val,77.454776_12.980071,2023-10-01,0.40129244,0.4151593
BiLSTM+Attention,val,77.454776_12.993546,2023-10-01,0.4018839,0.41534385
BiLSTM+Attention,val,77.454776_13.078886,2023-10-01,0.433135,0.45911416
BiLSTM+Attention,val,77.454776_13.087869,2023-10-01,0.4119424,0.4349983
BiLSTM+Attention,val,77.454776_13.114818,2023-10-01,0.53906095,0.53379285
BiLSTM+Attention,val,77.454776_13.141768,2023-10-01,0.5319933,0.5402288
BiLSTM+Attention,val,77.459267_12.8049,2023-10-01,0.60830534,0.62599534
BiLSTM+Attention,val,77.459267_12.822866,2023-10-01,0.48954383,0.5175043
BiLSTM+Attention,val,77.459267_12.845324,2023-10-01,0.5026,0.5325535
BiLSTM+Attention,val,77.459267_12.872273,2023-10-01,0.48168647,0.5227622
BiLSTM+Attention,val,77.459267_12.903714,2023-10-01,0.4209424,0.4453375
BiLSTM+Attention,val,77.459267_12.926172,2023-10-01,0.47709373,0.4908171
BiLSTM+Attention,val,77.459267_12.97558,2023-10-01,0.41554314,0.43401456
BiLSTM+Attention,val,77.459267_13.016004,2023-10-01,0.40274385,0.4217033
BiLSTM+Attention,val,77.459267_13.020495,2023-10-01,0.38220158,0.40359637
BiLSTM+Attention,val,77.459267_13.11931,2023-10-01,0.4701668,0.4866121
BiLSTM+Attention,val,77.463759_12.813883,2023-10-01,0.47054315,0.49373004
BiLSTM+Attention,val,77.463759_12.836341,2023-10-01,0.50834686,0.53073215
BiLSTM+Attention,val,77.463759_12.86329,2023-10-01,0.5519119,0.57524866
BiLSTM+Attention,val,77.463759_12.867782,2023-10-01,0.52287126,0.5579205
BiLSTM+Attention,val,77.463759_12.872273,2023-10-01,0.47490272,0.5187094
BiLSTM+Attention,val,77.463759_12.881256,2023-10-01,0.54295087,0.5770246
BiLSTM+Attention,val,77.463759_12.885748,2023-10-01,0.58805436,0.6075635
BiLSTM+Attention,val,77.463759_12.894731,2023-10-01,0.4717527,0.49637276
BiLSTM+Attention,val,77.463759_12.899223,2023-10-01,0.49970454,0.5199757
BiLSTM+Attention,val,77.463759_12.917189,2023-10-01,0.41605076,0.45444992
BiLSTM+Attention,val,77.463759_12.953122,2023-10-01,0.76523936,0.7685683
BiLSTM+Attention,val,77.463759_13.03397,2023-10-01,0.38718912,0.40126386
BiLSTM+Attention,val,77.463759_13.078886,2023-10-01,0.55155474,0.55721587
BiLSTM+Attention,val,77.46825_12.827358,2023-10-01,0.41497782,0.4454672
BiLSTM+Attention,val,77.46825_12.836341,2023-10-01,0.51343095,0.54431355
BiLSTM+Attention,val,77.46825_12.894731,2023-10-01,0.4339978,0.45814282
BiLSTM+Attention,val,77.46825_12.94863,2023-10-01,0.5252026,0.5464082
BiLSTM+Attention,val,77.46825_12.953122,2023-10-01,0.44833785,0.4715567
BiLSTM+Attention,val,77.46825_12.966596,2023-10-01,0.47273713,0.48082247
BiLSTM+Attention,val,77.46825_13.007021,2023-10-01,0.3793614,0.40991497
BiLSTM+Attention,val,77.46825_13.020495,2023-10-01,0.47182542,0.48855326
BiLSTM+Attention,val,77.46825_13.114818,2023-10-01,0.52651495,0.52312016
BiLSTM+Attention,val,77.46825_13.150751,2023-10-01,0.43457547,0.4379479
BiLSTM+Attention,val,77.46825_13.1777,2023-10-01,0.4733799,0.50045407
BiLSTM+Attention,val,77.472742_12.746509,2023-10-01,0.5740847,0.6069299
BiLSTM+Attention,val,77.472742_12.751001,2023-10-01,0.52051383,0.5498529
BiLSTM+Attention,val,77.472742_12.755492,2023-10-01,0.5380154,0.56205976
BiLSTM+Attention,val,77.472742_12.795916,2023-10-01,0.50911015,0.5315392
BiLSTM+Attention,val,77.472742_12.836341,2023-10-01,0.49691465,0.51961756
BiLSTM+Attention,val,77.472742_12.984563,2023-10-01,0.43289083,0.46691987
BiLSTM+Attention,val,77.472742_13.087869,2023-10-01,0.47551104,0.47783282
BiLSTM+Attention,val,77.477234_12.764475,2023-10-01,0.5159798,0.54533905
BiLSTM+Attention,val,77.477234_12.782442,2023-10-01,0.48465568,0.5142696
BiLSTM+Attention,val,77.477234_12.840832,2023-10-01,0.5174452,0.54093516
BiLSTM+Attention,val,77.477234_12.899223,2023-10-01,0.41915843,0.4483951
BiLSTM+Attention,val,77.477234_12.935155,2023-10-01,0.57975554,0.59250337
BiLSTM+Attention,val,77.477234_12.944139,2023-10-01,0.48922104,0.5100761
BiLSTM+Attention,val,77.477234_12.94863,2023-10-01,0.5085629,0.52985716
BiLSTM+Attention,val,77.477234_12.971088,2023-10-01,0.5057337,0.5283528
BiLSTM+Attention,val,77.477234_13.002529,2023-10-01,0.398909,0.41078624
BiLSTM+Attention,val,77.477234_13.056428,2023-10-01,0.43716317,0.4646006
BiLSTM+Attention,val,77.481725_12.737526,2023-10-01,0.5124839,0.54601264
BiLSTM+Attention,val,77.481725_12.768967,2023-10-01,0.5303067,0.565106
BiLSTM+Attention,val,77.481725_12.831849,2023-10-01,0.46041098,0.48398918
BiLSTM+Attention,val,77.481725_12.89024,2023-10-01,0.52421033,0.54252386
BiLSTM+Attention,val,77.481725_12.894731,2023-10-01,0.47672677,0.5010796
BiLSTM+Attention,val,77.481725_12.944139,2023-10-01,0.4961937,0.517309
BiLSTM+Attention,val,77.481725_12.971088,2023-10-01,0.41405553,0.44144148
BiLSTM+Attention,val,77.481725_12.980071,2023-10-01,0.49579722,0.5125509
BiLSTM+Attention,val,77.481725_13.024987,2023-10-01,0.47042364,0.49237567
BiLSTM+Attention,val,77.481725_13.03397,2023-10-01,0.45180973,0.466337
BiLSTM+Attention,val,77.481725_13.096852,2023-10-01,0.5872269,0.610169
BiLSTM+Attention,val,77.481725_13.137276,2023-10-01,0.7736832,0.75920993
BiLSTM+Attention,val,77.486217_12.764475,2023-10-01,0.5058616,0.53782237
BiLSTM+Attention,val,77.486217_12.872273,2023-10-01,0.48308206,0.51283914
BiLSTM+Attention,val,77.486217_12.939647,2023-10-01,0.50795454,0.53198653
BiLSTM+Attention,val,77.486217_12.998037,2023-10-01,0.44124046,0.46171746
BiLSTM+Attention,val,77.486217_13.042953,2023-10-01,0.5351548,0.5482515
BiLSTM+Attention,val,77.486217_13.06092,2023-10-01,0.55431694,0.56492054
BiLSTM+Attention,val,77.486217_13.114818,2023-10-01,0.51818365,0.5214364
BiLSTM+Attention,val,77.486217_13.11931,2023-10-01,0.5375184,0.535629
BiLSTM+Attention,val,77.490708_12.768967,2023-10-01,0.4983473,0.5404227
BiLSTM+Attention,val,77.490708_12.8049,2023-10-01,0.5294981,0.5507522
BiLSTM+Attention,val,77.490708_12.849815,2023-10-01,0.50531715,0.5337119
BiLSTM+Attention,val,77.490708_12.89024,2023-10-01,0.48222274,0.49495044
BiLSTM+Attention,val,77.490708_13.051936,2023-10-01,0.6119613,0.6310343
BiLSTM+Attention,val,77.490708_13.092361,2023-10-01,0.5285848,0.55129
BiLSTM+Attention,val,77.490708_13.096852,2023-10-01,0.566224,0.59466124
BiLSTM+Attention,val,77.490708_13.182192,2023-10-01,0.45956653,0.48486212
BiLSTM+Attention,val,77.490708_13.209142,2023-10-01,0.41990706,0.45748767
BiLSTM+Attention,val,77.4952_12.786933,2023-10-01,0.46983707,0.5024322
BiLSTM+Attention,val,77.4952_12.836341,2023-10-01,0.488204,0.5093347
BiLSTM+Attention,val,77.4952_12.899223,2023-10-01,0.53992677,0.5661833
BiLSTM+Attention,val,77.4952_12.962105,2023-10-01,0.54919267,0.5793191
BiLSTM+Attention,val,77.4952_13.020495,2023-10-01,0.5046518,0.5336517
BiLSTM+Attention,val,77.4952_13.024987,2023-10-01,0.5179424,0.53875947
BiLSTM+Attention,val,77.4952_13.03397,2023-10-01,0.5831867,0.6151749
BiLSTM+Attention,val,77.4952_13.092361,2023-10-01,0.54125243,0.55167687
BiLSTM+Attention,val,77.4952_13.182192,2023-10-01,0.4770454,0.49563852
BiLSTM+Attention,val,77.499692_12.755492,2023-10-01,0.6093676,0.635603
BiLSTM+Attention,val,77.499692_12.858799,2023-10-01,0.62810415,0.64370716
BiLSTM+Attention,val,77.499692_12.899223,2023-10-01,0.51682377,0.54093194
BiLSTM+Attention,val,77.499692_12.984563,2023-10-01,0.54320544,0.54020715
BiLSTM+Attention,val,77.499692_13.114818,2023-10-01,0.5279044,0.54682237
BiLSTM+Attention,val,77.499692_13.137276,2023-10-01,0.49102733,0.48627678
BiLSTM+Attention,val,77.499692_13.168717,2023-10-01,0.47355947,0.4929547
BiLSTM+Attention,val,77.504183_12.764475,2023-10-01,0.56853676,0.5882944
BiLSTM+Attention,val,77.504183_12.786933,2023-10-01,0.54544544,0.569832
BiLSTM+Attention,val,77.504183_12.818374,2023-10-01,0.5287173,0.5582385
BiLSTM+Attention,val,77.504183_12.854307,2023-10-01,0.52216065,0.5342998
BiLSTM+Attention,val,77.504183_12.858799,2023-10-01,0.6301459,0.6444352
BiLSTM+Attention,val,77.504183_12.953122,2023-10-01,0.5705146,0.57798064
BiLSTM+Attention,val,77.504183_13.083377,2023-10-01,0.5994598,0.6259601
BiLSTM+Attention,val,77.504183_13.141768,2023-10-01,0.5212359,0.5225054
BiLSTM+Attention,val,77.504183_13.159734,2023-10-01,0.5507664,0.56311584
BiLSTM+Attention,val,77.504183_13.195667,2023-10-01,0.40576422,0.4400748
BiLSTM+Attention,val,77.508675_12.751001,2023-10-01,0.66149175,0.674526
BiLSTM+Attention,val,77.508675_12.795916,2023-10-01,0.57203376,0.5916783
BiLSTM+Attention,val,77.508675_12.831849,2023-10-01,0.5532785,0.56965375
BiLSTM+Attention,val,77.508675_12.836341,2023-10-01,0.5890907,0.61041623
BiLSTM+Attention,val,77.508675_12.845324,2023-10-01,0.55011606,0.5799358
BiLSTM+Attention,val,77.508675_12.903714,2023-10-01,0.43760064,0.47537413
BiLSTM+Attention,val,77.508675_12.912697,2023-10-01,0.48771504,0.5160987
BiLSTM+Attention,val,77.508675_12.917189,2023-10-01,0.51116204,0.544212
BiLSTM+Attention,val,77.508675_13.114818,2023-10-01,0.45650762,0.47893932
BiLSTM+Attention,val,77.508675_13.137276,2023-10-01,0.46819362,0.47453448
BiLSTM+Attention,val,77.508675_13.159734,2023-10-01,0.5585688,0.574079
BiLSTM+Attention,val,77.508675_13.191175,2023-10-01,0.3883442,0.43703017
BiLSTM+Attention,val,77.513166_12.746509,2023-10-01,0.76965356,0.7852424
BiLSTM+Attention,val,77.513166_12.764475,2023-10-01,0.5310125,0.5596092
BiLSTM+Attention,val,77.513166_12.77795,2023-10-01,0.65376765,0.6577624
BiLSTM+Attention,val,77.513166_12.822866,2023-10-01,0.64479756,0.6670715
BiLSTM+Attention,val,77.513166_12.908206,2023-10-01,0.4246644,0.45866105
BiLSTM+Attention,val,77.513166_13.087869,2023-10-01,0.59804505,0.6239186
BiLSTM+Attention,val,77.513166_13.096852,2023-10-01,0.6129778,0.66548204
BiLSTM+Attention,val,77.513166_13.137276,2023-10-01,0.4243092,0.43799886
BiLSTM+Attention,val,77.513166_13.1777,2023-10-01,0.44158837,0.46300074
BiLSTM+Attention,val,77.517658_12.764475,2023-10-01,0.6189835,0.6344299
BiLSTM+Attention,val,77.517658_12.77795,2023-10-01,0.61715055,0.62204736
BiLSTM+Attention,val,77.517658_12.782442,2023-10-01,0.6162618,0.6260992
BiLSTM+Attention,val,77.517658_12.795916,2023-10-01,0.5880811,0.6025582
BiLSTM+Attention,val,77.517658_12.827358,2023-10-01,0.54106015,0.57674545
BiLSTM+Attention,val,77.517658_12.849815,2023-10-01,0.5197436,0.5367855
BiLSTM+Attention,val,77.517658_12.885748,2023-10-01,0.5399199,0.55690056
BiLSTM+Attention,val,77.517658_12.89024,2023-10-01,0.52057284,0.5373349
BiLSTM+Attention,val,77.517658_12.899223,2023-10-01,0.5349907,0.554054
BiLSTM+Attention,val,77.517658_12.998037,2023-10-01,0.5955737,0.61917037
BiLSTM+Attention,val,77.517658_13.11931,2023-10-01,0.41378605,0.42974195
BiLSTM+Attention,val,77.517658_13.182192,2023-10-01,0.4581004,0.47398004
BiLSTM+Attention,val,77.517658_13.186684,2023-10-01,0.4799977,0.49647877
BiLSTM+Attention,val,77.517658_13.191175,2023-10-01,0.42660198,0.4489431
BiLSTM+Attention,val,77.522149_12.751001,2023-10-01,0.7029783,0.71930575
BiLSTM+Attention,val,77.522149_12.755492,2023-10-01,0.66555303,0.67836463
BiLSTM+Attention,val,77.522149_12.759984,2023-10-01,0.68896556,0.70417947
BiLSTM+Attention,val,77.522149_12.782442,2023-10-01,0.64372516,0.65486705
BiLSTM+Attention,val,77.522149_12.809391,2023-10-01,0.8080542,0.8036738
BiLSTM+Attention,val,77.522149_12.813883,2023-10-01,0.5177243,0.5332985
BiLSTM+Attention,val,77.522149_12.818374,2023-10-01,0.48796937,0.5073324
BiLSTM+Attention,val,77.522149_12.836341,2023-10-01,0.5571795,0.5635122
BiLSTM+Attention,val,77.522149_12.845324,2023-10-01,0.56776005,0.57661325
BiLSTM+Attention,val,77.522149_13.078886,2023-10-01,0.6283363,0.6460278
BiLSTM+Attention,val,77.522149_13.146259,2023-10-01,0.3981698,0.41535467
BiLSTM+Attention,val,77.522149_13.200158,2023-10-01,0.47340998,0.5058836
BiLSTM+Attention,val,77.526641_12.751001,2023-10-01,0.67935777,0.6971043
BiLSTM+Attention,val,77.526641_12.840832,2023-10-01,0.62249357,0.63755846
BiLSTM+Attention,val,77.526641_12.89024,2023-10-01,0.6703935,0.6741193
BiLSTM+Attention,val,77.526641_12.899223,2023-10-01,0.5916288,0.61371374
BiLSTM+Attention,val,77.526641_13.078886,2023-10-01,0.6246875,0.6403538
BiLSTM+Attention,val,77.526641_13.105835,2023-10-01,0.44128612,0.46391633
BiLSTM+Attention,val,77.526641_13.110327,2023-10-01,0.41864923,0.44601277
BiLSTM+Attention,val,77.531133_12.791425,2023-10-01,0.56314623,0.57610106
BiLSTM+Attention,val,77.531133_12.795916,2023-10-01,0.5988275,0.6145607
BiLSTM+Attention,val,77.531133_12.800408,2023-10-01,0.5790587,0.60222304
BiLSTM+Attention,val,77.531133_12.822866,2023-10-01,0.5564982,0.5626813
BiLSTM+Attention,val,77.531133_12.827358,2023-10-01,0.56815505,0.5881213
BiLSTM+Attention,val,77.531133_12.894731,2023-10-01,0.5229766,0.5434729
BiLSTM+Attention,val,77.531133_13.083377,2023-10-01,0.5929664,0.6114711
BiLSTM+Attention,val,77.531133_13.114818,2023-10-01,0.44505355,0.45470005
BiLSTM+Attention,val,77.531133_13.195667,2023-10-01,0.5037014,0.5289744
BiLSTM+Attention,val,77.535624_12.77795,2023-10-01,0.7717815,0.789347
BiLSTM+Attention,val,77.535624_12.822866,2023-10-01,0.7028889,0.70806503
BiLSTM+Attention,val,77.535624_12.872273,2023-10-01,0.43904042,0.45787105
BiLSTM+Attention,val,77.535624_12.899223,2023-10-01,0.49820217,0.5067081
BiLSTM+Attention,val,77.535624_13.069903,2023-10-01,0.73159754,0.7326133
BiLSTM+Attention,val,77.535624_13.083377,2023-10-01,0.56668085,0.6020771
BiLSTM+Attention,val,77.535624_13.096852,2023-10-01,0.47860178,0.50126857
BiLSTM+Attention,val,77.535624_13.114818,2023-10-01,0.48104125,0.49157164
BiLSTM+Attention,val,77.535624_13.132785,2023-10-01,0.50142586,0.5097252
BiLSTM+Attention,val,77.535624_13.137276,2023-10-01,0.41836506,0.43857917
BiLSTM+Attention,val,77.535624_13.195667,2023-10-01,0.40511703,0.43235037
BiLSTM+Attention,val,77.540116_12.77795,2023-10-01,0.60628784,0.6269809
BiLSTM+Attention,val,77.540116_13.042953,2023-10-01,0.5981842,0.6114709
BiLSTM+Attention,val,77.540116_13.074394,2023-10-01,0.6150696,0.63760775
BiLSTM+Attention,val,77.540116_13.092361,2023-10-01,0.43979618,0.45986858
BiLSTM+Attention,val,77.540116_13.101344,2023-10-01,0.44398475,0.45443287
BiLSTM+Attention,val,77.540116_13.105835,2023-10-01,0.47441033,0.47856107
BiLSTM+Attention,val,77.540116_13.114818,2023-10-01,0.47425276,0.46492743
BiLSTM+Attention,val,77.540116_13.132785,2023-10-01,0.4749544,0.48473856
BiLSTM+Attention,val,77.540116_13.155243,2023-10-01,0.512538,0.53817606
BiLSTM+Attention,val,77.540116_13.182192,2023-10-01,0.43692726,0.45670027
BiLSTM+Attention,val,77.544607_12.831849,2023-10-01,0.7567044,0.7659361
BiLSTM+Attention,val,77.544607_13.218125,2023-10-01,0.49994326,0.5139536
BiLSTM+Attention,val,77.549099_12.822866,2023-10-01,0.7762127,0.7796706
BiLSTM+Attention,val,77.549099_12.831849,2023-10-01,0.67251325,0.6778076
BiLSTM+Attention,val,77.549099_12.836341,2023-10-01,0.62266475,0.64145195
BiLSTM+Attention,val,77.549099_12.845324,2023-10-01,0.6456807,0.6550137
BiLSTM+Attention,val,77.549099_12.867782,2023-10-01,0.57224095,0.5793499
BiLSTM+Attention,val,77.549099_12.876765,2023-10-01,0.51325333,0.5328997
BiLSTM+Attention,val,77.549099_12.894731,2023-10-01,0.63265634,0.64942336
BiLSTM+Attention,val,77.549099_13.096852,2023-10-01,0.51956356,0.54319435
BiLSTM+Attention,val,77.549099_13.132785,2023-10-01,0.6684494,0.6736213
BiLSTM+Attention,val,77.55359_12.71956,2023-10-01,0.7975792,0.78963107
BiLSTM+Attention,val,77.55359_12.849815,2023-10-01,0.6194281,0.6397734
BiLSTM+Attention,val,77.55359_12.872273,2023-10-01,0.500014,0.5258645
BiLSTM+Attention,val,77.55359_13.101344,2023-10-01,0.444485,0.46606597
BiLSTM+Attention,val,77.55359_13.110327,2023-10-01,0.5086107,0.52502275
BiLSTM+Attention,val,77.55359_13.128293,2023-10-01,0.6433389,0.6460599
BiLSTM+Attention,val,77.55359_13.168717,2023-10-01,0.50267196,0.52943027
BiLSTM+Attention,val,77.55359_13.173209,2023-10-01,0.43111286,0.45071894
BiLSTM+Attention,val,77.558082_12.710577,2023-10-01,0.8004512,0.802871
BiLSTM+Attention,val,77.558082_12.827358,2023-10-01,0.7175252,0.7272619
BiLSTM+Attention,val,77.558082_12.845324,2023-10-01,0.6901282,0.7100202
BiLSTM+Attention,val,77.558082_13.042953,2023-10-01,0.6916904,0.691061
BiLSTM+Attention,val,77.558082_13.110327,2023-10-01,0.5263403,0.54896927
BiLSTM+Attention,val,77.558082_13.168717,2023-10-01,0.50621814,0.53721094
BiLSTM+Attention,val,77.558082_13.1777,2023-10-01,0.47313747,0.4986602
BiLSTM+Attention,val,77.562574_12.71956,2023-10-01,0.7879602,0.8000983
BiLSTM+Attention,val,77.562574_12.827358,2023-10-01,0.71336865,0.73001397
BiLSTM+Attention,val,77.562574_12.858799,2023-10-01,0.43116307,0.46464008
BiLSTM+Attention,val,77.562574_12.872273,2023-10-01,0.5974399,0.61249155
BiLSTM+Attention,val,77.562574_12.876765,2023-10-01,0.62867635,0.64267254
BiLSTM+Attention,val,77.562574_13.141768,2023-10-01,0.4562004,0.46626082
BiLSTM+Attention,val,77.562574_13.159734,2023-10-01,0.502856,0.527228
BiLSTM+Attention,val,77.562574_13.173209,2023-10-01,0.49399367,0.52604896
BiLSTM+Attention,val,77.567065_12.724051,2023-10-01,0.7650899,0.76719064
BiLSTM+Attention,val,77.567065_12.849815,2023-10-01,0.6849346,0.6953011
BiLSTM+Attention,val,77.567065_13.105835,2023-10-01,0.58966553,0.61344665
BiLSTM+Attention,val,77.567065_13.114818,2023-10-01,0.6713507,0.69125843
BiLSTM+Attention,val,77.567065_13.182192,2023-10-01,0.51395375,0.53464985
BiLSTM+Attention,val,77.571557_12.71956,2023-10-01,0.7729216,0.78287184
BiLSTM+Attention,val,77.571557_12.849815,2023-10-01,0.6931007,0.6999489
BiLSTM+Attention,val,77.571557_13.141768,2023-10-01,0.47270584,0.4858863
BiLSTM+Attention,val,77.571557_13.146259,2023-10-01,0.48222074,0.5006091
BiLSTM+Attention,val,77.576048_12.71956,2023-10-01,0.7449216,0.7593982
BiLSTM+Attention,val,77.576048_12.728543,2023-10-01,0.7769651,0.78111994
BiLSTM+Attention,val,77.576048_12.742018,2023-10-01,0.75742465,0.7655875
BiLSTM+Attention,val,77.576048_12.813883,2023-10-01,0.76577204,0.7796596
BiLSTM+Attention,val,77.576048_12.827358,2023-10-01,0.63819075,0.66030234
BiLSTM+Attention,val,77.58054_12.845324,2023-10-01,0.69595736,0.7167176
BiLSTM+Attention,val,77.58054_13.083377,2023-10-01,0.5478704,0.5494183
BiLSTM+Attention,val,77.58054_13.087869,2023-10-01,0.50614417,0.51728266
BiLSTM+Attention,val,77.585031_12.849815,2023-10-01,0.6967593,0.69787943
BiLSTM+Attention,val,77.585031_13.042953,2023-10-01,0.7193285,0.72786176
BiLSTM+Attention,val,77.585031_13.137276,2023-10-01,0.4895097,0.50398004
BiLSTM+Attention,val,77.589523_12.71956,2023-10-01,0.8422202,0.8349296
BiLSTM+Attention,val,77.589523_12.746509,2023-10-01,0.7302994,0.7443245
BiLSTM+Attention,val,77.589523_12.854307,2023-10-01,0.61866885,0.6437565
BiLSTM+Attention,val,77.589523_12.971088,2023-10-01,0.80373716,0.7803044
BiLSTM+Attention,val,77.589523_13.083377,2023-10-01,0.62175465,0.6269914
BiLSTM+Attention,val,77.589523_13.150751,2023-10-01,0.48948422,0.51044923
BiLSTM+Attention,val,77.594015_12.724051,2023-10-01,0.84607273,0.8431201
BiLSTM+Attention,val,77.594015_12.733034,2023-10-01,0.82311636,0.8276181
BiLSTM+Attention,val,77.594015_12.755492,2023-10-01,0.70077443,0.71774685
BiLSTM+Attention,val,77.594015_12.831849,2023-10-01,0.6033758,0.62447715
BiLSTM+Attention,val,77.594015_12.836341,2023-10-01,0.6473163,0.66281044
BiLSTM+Attention,val,77.594015_12.840832,2023-10-01,0.6497834,0.66720474
BiLSTM+Attention,val,77.594015_12.849815,2023-10-01,0.6363262,0.65883666
BiLSTM+Attention,val,77.594015_12.998037,2023-10-01,0.7849742,0.76726705
BiLSTM+Attention,val,77.594015_13.087869,2023-10-01,0.62540674,0.6466614
BiLSTM+Attention,val,77.598506_12.710577,2023-10-01,0.6997795,0.7159506
BiLSTM+Attention,val,77.598506_12.822866,2023-10-01,0.6398628,0.6501576
BiLSTM+Attention,val,77.598506_12.849815,2023-10-01,0.7341686,0.7403041
BiLSTM+Attention,val,77.598506_13.083377,2023-10-01,0.62189376,0.62589025
BiLSTM+Attention,val,77.598506_13.128293,2023-10-01,0.58494776,0.6012271
BiLSTM+Attention,val,77.598506_13.141768,2023-10-01,0.46128473,0.47404608
BiLSTM+Attention,val,77.598506_13.146259,2023-10-01,0.4357945,0.44816867
BiLSTM+Attention,val,77.602998_12.710577,2023-10-01,0.7174099,0.7415426
BiLSTM+Attention,val,77.602998_12.827358,2023-10-01,0.5120543,0.5299499
BiLSTM+Attention,val,77.602998_12.849815,2023-10-01,0.57644725,0.5903064
BiLSTM+Attention,val,77.602998_12.858799,2023-10-01,0.56865114,0.59492975
BiLSTM+Attention,val,77.602998_13.114818,2023-10-01,0.6056149,0.6135599
BiLSTM+Attention,val,77.602998_13.11931,2023-10-01,0.5963998,0.61300313
BiLSTM+Attention,val,77.602998_13.128293,2023-10-01,0.54121053,0.5656823
BiLSTM+Attention,val,77.602998_13.164226,2023-10-01,0.50148726,0.5115892
BiLSTM+Attention,val,77.607489_12.768967,2023-10-01,0.63212574,0.6572569
BiLSTM+Attention,val,77.607489_12.773459,2023-10-01,0.6048258,0.6297285
BiLSTM+Attention,val,77.607489_12.809391,2023-10-01,0.67043966,0.6825722
BiLSTM+Attention,val,77.607489_12.818374,2023-10-01,0.7170572,0.7364938
BiLSTM+Attention,val,77.607489_13.087869,2023-10-01,0.75719875,0.7640332
BiLSTM+Attention,val,77.611981_12.674644,2023-10-01,0.818107,0.8267819
BiLSTM+Attention,val,77.611981_12.768967,2023-10-01,0.5845421,0.6089097
BiLSTM+Attention,val,77.611981_12.831849,2023-10-01,0.5685754,0.58690184
BiLSTM+Attention,val,77.611981_12.867782,2023-10-01,0.5354548,0.55507445
BiLSTM+Attention,val,77.611981_12.953122,2023-10-01,0.73754925,0.75446707
BiLSTM+Attention,val,77.611981_13.105835,2023-10-01,0.55750966,0.5719148
BiLSTM+Attention,val,77.611981_13.168717,2023-10-01,0.45489755,0.4630809
BiLSTM+Attention,val,77.611981_13.182192,2023-10-01,0.38401586,0.4217485
BiLSTM+Attention,val,77.616473_12.831849,2023-10-01,0.6335274,0.6561482
BiLSTM+Attention,val,77.616473_12.858799,2023-10-01,0.52968574,0.5429296
BiLSTM+Attention,val,77.616473_13.114818,2023-10-01,0.58777136,0.60573745
BiLSTM+Attention,val,77.616473_13.141768,2023-10-01,0.46140277,0.49341923
BiLSTM+Attention,val,77.616473_13.1777,2023-10-01,0.39976585,0.42731145
BiLSTM+Attention,val,77.620964_12.674644,2023-10-01,0.8262293,0.8255848
BiLSTM+Attention,val,77.620964_12.795916,2023-10-01,0.4466131,0.47642478
BiLSTM+Attention,val,77.620964_12.813883,2023-10-01,0.46137002,0.48072842
BiLSTM+Attention,val,77.620964_12.845324,2023-10-01,0.6759104,0.6960636
BiLSTM+Attention,val,77.620964_12.858799,2023-10-01,0.5116649,0.51872444
BiLSTM+Attention,val,77.620964_13.132785,2023-10-01,0.55396825,0.57575274
BiLSTM+Attention,val,77.625456_12.782442,2023-10-01,0.53158784,0.55779165
BiLSTM+Attention,val,77.625456_12.858799,2023-10-01,0.4629754,0.46547595
BiLSTM+Attention,val,77.625456_13.065411,2023-10-01,0.4276789,0.4369968
BiLSTM+Attention,val,77.625456_13.128293,2023-10-01,0.54695696,0.58636385
BiLSTM+Attention,val,77.625456_13.137276,2023-10-01,0.46171212,0.4816263
BiLSTM+Attention,val,77.625456_13.155243,2023-10-01,0.67247605,0.6712019
BiLSTM+Attention,val,77.625456_13.182192,2023-10-01,0.4694135,0.48137015
BiLSTM+Attention,val,77.629947_12.795916,2023-10-01,0.7835975,0.79824936
BiLSTM+Attention,val,77.629947_12.809391,2023-10-01,0.49832982,0.51162404
BiLSTM+Attention,val,77.629947_12.836341,2023-10-01,0.60359013,0.61613476
BiLSTM+Attention,val,77.629947_12.854307,2023-10-01,0.5200248,0.52456665
BiLSTM+Attention,val,77.629947_12.858799,2023-10-01,0.49085566,0.50003326
BiLSTM+Attention,val,77.629947_13.06092,2023-10-01,0.44854861,0.4634621
BiLSTM+Attention,val,77.629947_13.087869,2023-10-01,0.472045,0.47283947
BiLSTM+Attention,val,77.629947_13.1777,2023-10-01,0.48589978,0.4903786
BiLSTM+Attention,val,77.634439_12.679136,2023-10-01,0.7933057,0.79738855
BiLSTM+Attention,val,77.634439_12.701593,2023-10-01,0.74671894,0.755835
BiLSTM+Attention,val,77.634439_12.733034,2023-10-01,0.49284458,0.5255902
BiLSTM+Attention,val,77.634439_12.746509,2023-10-01,0.5368851,0.55574876
BiLSTM+Attention,val,77.634439_12.751001,2023-10-01,0.54266196,0.55975944
BiLSTM+Attention,val,77.634439_12.849815,2023-10-01,0.56078357,0.572931
BiLSTM+Attention,val,77.634439_13.047445,2023-10-01,0.49104065,0.5153014
BiLSTM+Attention,val,77.634439_13.083377,2023-10-01,0.42652237,0.4511568
BiLSTM+Attention,val,77.634439_13.137276,2023-10-01,0.4367147,0.45696962
BiLSTM+Attention,val,77.63893_12.688119,2023-10-01,0.71250784,0.72193533
BiLSTM+Attention,val,77.63893_12.742018,2023-10-01,0.55962205,0.57474804
BiLSTM+Attention,val,77.63893_12.791425,2023-10-01,0.56562227,0.57055813
BiLSTM+Attention,val,77.63893_12.800408,2023-10-01,0.49391264,0.5133182
BiLSTM+Attention,val,77.63893_12.818374,2023-10-01,0.4862368,0.5022316
BiLSTM+Attention,val,77.63893_12.840832,2023-10-01,0.65101707,0.6614611
BiLSTM+Attention,val,77.63893_12.872273,2023-10-01,0.41601646,0.44437668
BiLSTM+Attention,val,77.63893_12.917189,2023-10-01,0.72299355,0.7298229
BiLSTM+Attention,val,77.63893_12.989054,2023-10-01,0.68477374,0.6902964
BiLSTM+Attention,val,77.63893_13.056428,2023-10-01,0.545771,0.5546312
BiLSTM+Attention,val,77.63893_13.078886,2023-10-01,0.4719545,0.47393385
BiLSTM+Attention,val,77.63893_13.083377,2023-10-01,0.42178446,0.44777
BiLSTM+Attention,val,77.63893_13.1777,2023-10-01,0.448551,0.4847916
BiLSTM+Attention,val,77.643422_12.795916,2023-10-01,0.50050515,0.5177097
BiLSTM+Attention,val,77.643422_12.800408,2023-10-01,0.49897012,0.5226631
BiLSTM+Attention,val,77.643422_12.809391,2023-10-01,0.52688414,0.5354369
BiLSTM+Attention,val,77.643422_12.867782,2023-10-01,0.48581567,0.49500424
BiLSTM+Attention,val,77.643422_13.002529,2023-10-01,0.5798934,0.56957704
BiLSTM+Attention,val,77.643422_13.038462,2023-10-01,0.5429914,0.56206954
BiLSTM+Attention,val,77.643422_13.164226,2023-10-01,0.59076756,0.6089083
BiLSTM+Attention,val,77.647914_12.688119,2023-10-01,0.719081,0.74643016
BiLSTM+Attention,val,77.647914_12.733034,2023-10-01,0.5491119,0.58427215
BiLSTM+Attention,val,77.647914_12.881256,2023-10-01,0.49656853,0.5241141
BiLSTM+Attention,val,77.647914_12.935155,2023-10-01,0.6994894,0.69163847
BiLSTM+Attention,val,77.647914_13.141768,2023-10-01,0.70056194,0.71120065
BiLSTM+Attention,val,77.647914_13.168717,2023-10-01,0.747564,0.7423655
BiLSTM+Attention,val,77.652405_12.697102,2023-10-01,0.70236623,0.72196394
BiLSTM+Attention,val,77.652405_12.773459,2023-10-01,0.49912915,0.5114589
BiLSTM+Attention,val,77.652405_12.795916,2023-10-01,0.4454423,0.4656771
BiLSTM+Attention,val,77.652405_12.8049,2023-10-01,0.5502202,0.5605794
BiLSTM+Attention,val,77.652405_12.858799,2023-10-01,0.7232945,0.7347585
BiLSTM+Attention,val,77.652405_12.926172,2023-10-01,0.6565424,0.66118765
BiLSTM+Attention,val,77.652405_13.002529,2023-10-01,0.55983406,0.55772084
BiLSTM+Attention,val,77.656897_12.742018,2023-10-01,0.5428024,0.5690078
BiLSTM+Attention,val,77.656897_12.746509,2023-10-01,0.5501943,0.5625206
BiLSTM+Attention,val,77.656897_12.768967,2023-10-01,0.5443568,0.5590131
BiLSTM+Attention,val,77.656897_12.791425,2023-10-01,0.44562113,0.47937617
BiLSTM+Attention,val,77.656897_12.800408,2023-10-01,0.56063974,0.58038175
BiLSTM+Attention,val,77.656897_12.831849,2023-10-01,0.5722142,0.5984788
BiLSTM+Attention,val,77.656897_12.849815,2023-10-01,0.4388449,0.4623792
BiLSTM+Attention,val,77.656897_13.101344,2023-10-01,0.5070338,0.5091212
BiLSTM+Attention,val,77.656897_13.164226,2023-10-01,0.48277304,0.48968717
BiLSTM+Attention,val,77.656897_13.173209,2023-10-01,0.4364381,0.45183578
BiLSTM+Attention,val,77.661388_12.737526,2023-10-01,0.57931346,0.6009317
BiLSTM+Attention,val,77.661388_12.759984,2023-10-01,0.57806915,0.5882277
BiLSTM+Attention,val,77.661388_13.056428,2023-10-01,0.47855854,0.49526885
BiLSTM+Attention,val,77.661388_13.074394,2023-10-01,0.5662537,0.56794363
BiLSTM+Attention,val,77.661388_13.087869,2023-10-01,0.45980415,0.47512975
BiLSTM+Attention,val,77.661388_13.101344,2023-10-01,0.48217922,0.4871418
BiLSTM+Attention,val,77.661388_13.110327,2023-10-01,0.5283009,0.5578816
BiLSTM+Attention,val,77.661388_13.11931,2023-10-01,0.6015877,0.62217176
BiLSTM+Attention,val,77.66588_12.679136,2023-10-01,0.65891796,0.6841176
BiLSTM+Attention,val,77.66588_12.697102,2023-10-01,0.6376383,0.6605807
BiLSTM+Attention,val,77.66588_12.715068,2023-10-01,0.65075886,0.67181516
BiLSTM+Attention,val,77.66588_12.724051,2023-10-01,0.62265325,0.6509965
BiLSTM+Attention,val,77.66588_12.751001,2023-10-01,0.52913165,0.5376301
BiLSTM+Attention,val,77.66588_12.755492,2023-10-01,0.5756218,0.6003592
BiLSTM+Attention,val,77.66588_12.764475,2023-10-01,0.5723133,0.59487903
BiLSTM+Attention,val,77.66588_12.768967,2023-10-01,0.7117666,0.7358359
BiLSTM+Attention,val,77.66588_12.791425,2023-10-01,0.6055803,0.6322514
BiLSTM+Attention,val,77.66588_12.953122,2023-10-01,0.56023943,0.590206
BiLSTM+Attention,val,77.66588_13.038462,2023-10-01,0.47209406,0.49642602
BiLSTM+Attention,val,77.66588_13.051936,2023-10-01,0.5355434,0.538284
BiLSTM+Attention,val,77.66588_13.173209,2023-10-01,0.42208838,0.44686443
BiLSTM+Attention,val,77.670371_12.71956,2023-10-01,0.6575563,0.6869116
BiLSTM+Attention,val,77.670371_12.86329,2023-10-01,0.53063387,0.5486588
BiLSTM+Attention,val,77.670371_12.881256,2023-10-01,0.48632842,0.50032157
BiLSTM+Attention,val,77.670371_12.894731,2023-10-01,0.4348742,0.45493853
BiLSTM+Attention,val,77.670371_13.069903,2023-10-01,0.4430442,0.45760491
BiLSTM+Attention,val,77.670371_13.083377,2023-10-01,0.41658753,0.43158838
BiLSTM+Attention,val,77.670371_13.092361,2023-10-01,0.41712657,0.4373069
BiLSTM+Attention,val,77.670371_13.128293,2023-10-01,0.5392684,0.5377601
BiLSTM+Attention,val,77.674863_12.674644,2023-10-01,0.73979366,0.75909
BiLSTM+Attention,val,77.674863_12.71956,2023-10-01,0.665562,0.6956488
BiLSTM+Attention,val,77.674863_12.755492,2023-10-01,0.5164859,0.54491657
BiLSTM+Attention,val,77.674863_12.764475,2023-10-01,0.5166781,0.53926677
BiLSTM+Attention,val,77.674863_12.786933,2023-10-01,0.5257429,0.54501015
BiLSTM+Attention,val,77.674863_12.836341,2023-10-01,0.53502184,0.55379415
BiLSTM+Attention,val,77.674863_12.867782,2023-10-01,0.79113775,0.7977239
BiLSTM+Attention,val,77.674863_13.051936,2023-10-01,0.5303149,0.54475206
BiLSTM+Attention,val,77.674863_13.069903,2023-10-01,0.3999669,0.42568812
BiLSTM+Attention,val,77.674863_13.092361,2023-10-01,0.45285052,0.4799637
BiLSTM+Attention,val,77.674863_13.105835,2023-10-01,0.52363914,0.5258736
BiLSTM+Attention,val,77.679355_12.697102,2023-10-01,0.5363697,0.5566384
BiLSTM+Attention,val,77.679355_12.746509,2023-10-01,0.68804383,0.71459836
BiLSTM+Attention,val,77.679355_12.881256,2023-10-01,0.48930746,0.52147055
BiLSTM+Attention,val,77.679355_12.89024,2023-10-01,0.5241386,0.5370116
BiLSTM+Attention,val,77.679355_12.899223,2023-10-01,0.42630166,0.44168216
BiLSTM+Attention,val,77.679355_13.047445,2023-10-01,0.7787445,0.7891165
BiLSTM+Attention,val,77.679355_13.056428,2023-10-01,0.4968013,0.5024192
BiLSTM+Attention,val,77.679355_13.074394,2023-10-01,0.4610749,0.47748017
BiLSTM+Attention,val,77.679355_13.101344,2023-10-01,0.48261768,0.4943638
BiLSTM+Attention,val,77.679355_13.141768,2023-10-01,0.51621497,0.53796947
BiLSTM+Attention,val,77.679355_13.155243,2023-10-01,0.43485996,0.44893378
BiLSTM+Attention,val,77.679355_13.159734,2023-10-01,0.45735887,0.48173812
BiLSTM+Attention,val,77.683846_12.728543,2023-10-01,0.5562422,0.5945937
BiLSTM+Attention,val,77.683846_12.742018,2023-10-01,0.51275235,0.5379619
BiLSTM+Attention,val,77.683846_12.755492,2023-10-01,0.71924865,0.7432413
BiLSTM+Attention,val,77.683846_12.795916,2023-10-01,0.52185804,0.53734636
BiLSTM+Attention,val,77.683846_12.8049,2023-10-01,0.49853566,0.5210337
BiLSTM+Attention,val,77.683846_12.836341,2023-10-01,0.6038854,0.6200303
BiLSTM+Attention,val,77.683846_12.840832,2023-10-01,0.6140677,0.6305581
BiLSTM+Attention,val,77.683846_12.894731,2023-10-01,0.5176294,0.54194593
BiLSTM+Attention,val,77.683846_12.917189,2023-10-01,0.44858694,0.45701346
BiLSTM+Attention,val,77.683846_12.939647,2023-10-01,0.71895283,0.7333639
BiLSTM+Attention,val,77.683846_13.029478,2023-10-01,0.35557276,0.3981222
BiLSTM+Attention,val,77.683846_13.06092,2023-10-01,0.48010677,0.4924657
BiLSTM+Attention,val,77.683846_13.074394,2023-10-01,0.4332583,0.43843302
BiLSTM+Attention,val,77.683846_13.11931,2023-10-01,0.408977,0.4242254
BiLSTM+Attention,val,77.683846_13.123802,2023-10-01,0.47000128,0.4822314
BiLSTM+Attention,val,77.688338_12.656678,2023-10-01,0.72201395,0.7296916
BiLSTM+Attention,val,77.688338_12.69261,2023-10-01,0.8156894,0.82294357
BiLSTM+Attention,val,77.688338_12.697102,2023-10-01,0.8269173,0.8298807
BiLSTM+Attention,val,77.688338_12.710577,2023-10-01,0.8178296,0.8207451
BiLSTM+Attention,val,77.688338_12.751001,2023-10-01,0.59955704,0.6122016
BiLSTM+Attention,val,77.688338_12.755492,2023-10-01,0.5578024,0.57265663
BiLSTM+Attention,val,77.688338_12.876765,2023-10-01,0.80324847,0.78944814
BiLSTM+Attention,val,77.688338_12.885748,2023-10-01,0.5321067,0.5299984
BiLSTM+Attention,val,77.688338_12.966596,2023-10-01,0.58250815,0.59885067
BiLSTM+Attention,val,77.692829_12.746509,2023-10-01,0.4738722,0.50152403
BiLSTM+Attention,val,77.692829_12.800408,2023-10-01,0.4553444,0.48584512
BiLSTM+Attention,val,77.692829_12.845324,2023-10-01,0.66443706,0.66791326
BiLSTM+Attention,val,77.692829_12.885748,2023-10-01,0.5447715,0.56846106
BiLSTM+Attention,val,77.692829_12.899223,2023-10-01,0.47684425,0.49207863
BiLSTM+Attention,val,77.692829_13.047445,2023-10-01,0.7846005,0.7739758
BiLSTM+Attention,val,77.692829_13.06092,2023-10-01,0.6034798,0.6146338
BiLSTM+Attention,val,77.692829_13.065411,2023-10-01,0.5903956,0.58723146
BiLSTM+Attention,val,77.692829_13.083377,2023-10-01,0.43120664,0.44001198
BiLSTM+Attention,val,77.692829_13.096852,2023-10-01,0.4247496,0.4428447
BiLSTM+Attention,val,77.692829_13.132785,2023-10-01,0.4209368,0.4356
BiLSTM+Attention,val,77.692829_13.155243,2023-10-01,0.421234,0.44381192
BiLSTM+Attention,val,77.697321_12.697102,2023-10-01,0.8164615,0.82785255
BiLSTM+Attention,val,77.697321_12.751001,2023-10-01,0.5415596,0.55020744
BiLSTM+Attention,val,77.697321_12.773459,2023-10-01,0.47934967,0.4991388
BiLSTM+Attention,val,77.697321_12.791425,2023-10-01,0.575772,0.59684
BiLSTM+Attention,val,77.697321_12.885748,2023-10-01,0.5515888,0.5697881
BiLSTM+Attention,val,77.697321_12.894731,2023-10-01,0.505832,0.5115508
BiLSTM+Attention,val,77.697321_12.930664,2023-10-01,0.50519776,0.523531
BiLSTM+Attention,val,77.697321_12.966596,2023-10-01,0.5450973,0.5688428
BiLSTM+Attention,val,77.697321_13.132785,2023-10-01,0.42156488,0.44160095
BiLSTM+Attention,val,77.697321_13.150751,2023-10-01,0.46116728,0.4780892
BiLSTM+Attention,val,77.697321_13.1777,2023-10-01,0.601696,0.6125171
BiLSTM+Attention,val,77.701812_12.742018,2023-10-01,0.4988473,0.52723897
BiLSTM+Attention,val,77.701812_12.77795,2023-10-01,0.46905953,0.4999286
BiLSTM+Attention,val,77.701812_12.8049,2023-10-01,0.56116706,0.5845579
BiLSTM+Attention,val,77.701812_12.822866,2023-10-01,0.5509996,0.556141
BiLSTM+Attention,val,77.701812_12.872273,2023-10-01,0.45182988,0.47594568
BiLSTM+Attention,val,77.701812_12.984563,2023-10-01,0.47207054,0.5083838
BiLSTM+Attention,val,77.701812_13.03397,2023-10-01,0.44005173,0.4645565
BiLSTM+Attention,val,77.701812_13.114818,2023-10-01,0.5224545,0.5311921
BiLSTM+Attention,val,77.701812_13.164226,2023-10-01,0.44216788,0.4855521
BiLSTM+Attention,val,77.706304_12.746509,2023-10-01,0.5098293,0.5309829
BiLSTM+Attention,val,77.706304_12.751001,2023-10-01,0.52091044,0.54927367
BiLSTM+Attention,val,77.706304_12.759984,2023-10-01,0.42794028,0.45973942
BiLSTM+Attention,val,77.706304_12.764475,2023-10-01,0.5112099,0.5197704
BiLSTM+Attention,val,77.706304_12.86329,2023-10-01,0.40643743,0.42500117
BiLSTM+Attention,val,77.706304_12.984563,2023-10-01,0.47901946,0.513799
BiLSTM+Attention,val,77.706304_13.038462,2023-10-01,0.44841227,0.46240172
BiLSTM+Attention,val,77.706304_13.042953,2023-10-01,0.52552307,0.54061264
BiLSTM+Attention,val,77.706304_13.137276,2023-10-01,0.7745323,0.77250725
BiLSTM+Attention,val,77.710796_12.715068,2023-10-01,0.62101376,0.65578777
BiLSTM+Attention,val,77.710796_12.894731,2023-10-01,0.58926874,0.6118319
BiLSTM+Attention,val,77.710796_12.899223,2023-10-01,0.51308787,0.53640723
BiLSTM+Attention,val,77.710796_12.912697,2023-10-01,0.45567873,0.46597865
BiLSTM+Attention,val,77.710796_13.03397,2023-10-01,0.4902058,0.4892831
BiLSTM+Attention,val,77.710796_13.11931,2023-10-01,0.4624282,0.47133026
BiLSTM+Attention,val,77.710796_13.123802,2023-10-01,0.42510974,0.4401093
BiLSTM+Attention,val,77.710796_13.132785,2023-10-01,0.4764537,0.5016041
BiLSTM+Attention,val,77.710796_13.150751,2023-10-01,0.39984414,0.43901744
BiLSTM+Attention,val,77.710796_13.168717,2023-10-01,0.50419325,0.54364514
BiLSTM+Attention,val,77.710796_13.173209,2023-10-01,0.52770823,0.5421558
BiLSTM+Attention,val,77.715287_12.679136,2023-10-01,0.70500433,0.72020286
BiLSTM+Attention,val,77.715287_12.742018,2023-10-01,0.49142045,0.5217385
BiLSTM+Attention,val,77.715287_12.773459,2023-10-01,0.4740791,0.4988246
BiLSTM+Attention,val,77.715287_12.822866,2023-10-01,0.5273348,0.5482192
BiLSTM+Attention,val,77.715287_12.827358,2023-10-01,0.4676398,0.49807295
BiLSTM+Attention,val,77.715287_12.845324,2023-10-01,0.412286,0.44251904
BiLSTM+Attention,val,77.715287_12.885748,2023-10-01,0.5799751,0.5897658
BiLSTM+Attention,val,77.715287_12.899223,2023-10-01,0.41394326,0.44266528
BiLSTM+Attention,val,77.715287_12.939647,2023-10-01,0.7023686,0.72627366
BiLSTM+Attention,val,77.715287_12.944139,2023-10-01,0.74043477,0.7678723
BiLSTM+Attention,val,77.715287_12.94863,2023-10-01,0.59311175,0.6291781
BiLSTM+Attention,val,77.715287_13.016004,2023-10-01,0.5327646,0.5614888
BiLSTM+Attention,val,77.715287_13.029478,2023-10-01,0.39902663,0.42080975
BiLSTM+Attention,val,77.715287_13.038462,2023-10-01,0.5539759,0.5478045
BiLSTM+Attention,val,77.715287_13.051936,2023-10-01,0.53477806,0.53960747
BiLSTM+Attention,val,77.715287_13.056428,2023-10-01,0.43966454,0.45457014
BiLSTM+Attention,val,77.715287_13.096852,2023-10-01,0.38273868,0.39264816
BiLSTM+Attention,val,77.715287_13.114818,2023-10-01,0.5389976,0.5479397
BiLSTM+Attention,val,77.715287_13.128293,2023-10-01,0.47380364,0.50288516
BiLSTM+Attention,val,77.719779_12.706085,2023-10-01,0.65198666,0.6715829
BiLSTM+Attention,val,77.719779_12.746509,2023-10-01,0.71824205,0.7294874
BiLSTM+Attention,val,77.719779_12.795916,2023-10-01,0.48697755,0.51031554
BiLSTM+Attention,val,77.719779_12.840832,2023-10-01,0.53555936,0.5528718
BiLSTM+Attention,val,77.719779_12.903714,2023-10-01,0.44518942,0.4533055
BiLSTM+Attention,val,77.719779_13.069903,2023-10-01,0.42398292,0.44891763
BiLSTM+Attention,val,77.719779_13.105835,2023-10-01,0.45649442,0.4754834
BiLSTM+Attention,val,77.719779_13.123802,2023-10-01,0.43535155,0.46090722
BiLSTM+Attention,val,77.719779_13.137276,2023-10-01,0.45540932,0.4745511
BiLSTM+Attention,val,77.719779_13.155243,2023-10-01,0.427691,0.46433923
BiLSTM+Attention,val,77.72427_12.674644,2023-10-01,0.549761,0.57868135
BiLSTM+Attention,val,77.72427_12.697102,2023-10-01,0.50686884,0.53237766
BiLSTM+Attention,val,77.72427_12.701593,2023-10-01,0.55047697,0.5647496
BiLSTM+Attention,val,77.72427_12.724051,2023-10-01,0.5379868,0.55793846
BiLSTM+Attention,val,77.72427_12.786933,2023-10-01,0.5102435,0.5184558
BiLSTM+Attention,val,77.72427_12.791425,2023-10-01,0.51493603,0.5282691
BiLSTM+Attention,val,77.72427_12.840832,2023-10-01,0.50621885,0.5310438
BiLSTM+Attention,val,77.72427_12.867782,2023-10-01,0.46633333,0.4732875
BiLSTM+Attention,val,77.72427_12.885748,2023-10-01,0.4901596,0.5123796
BiLSTM+Attention,val,77.72427_13.024987,2023-10-01,0.82799566,0.81517863
BiLSTM+Attention,val,77.72427_13.06092,2023-10-01,0.44915497,0.4600531
BiLSTM+Attention,val,77.72427_13.074394,2023-10-01,0.46832985,0.48553154
BiLSTM+Attention,val,77.728762_12.706085,2023-10-01,0.64826876,0.6723244
BiLSTM+Attention,val,77.728762_12.724051,2023-10-01,0.6493442,0.67646205
BiLSTM+Attention,val,77.728762_12.759984,2023-10-01,0.5257354,0.5378657
BiLSTM+Attention,val,77.728762_12.782442,2023-10-01,0.56399757,0.5669962
BiLSTM+Attention,val,77.728762_12.809391,2023-10-01,0.52051383,0.5263424
BiLSTM+Attention,val,77.728762_12.858799,2023-10-01,0.5565401,0.5778461
BiLSTM+Attention,val,77.728762_12.876765,2023-10-01,0.5696403,0.5847031
BiLSTM+Attention,val,77.728762_12.885748,2023-10-01,0.49080825,0.50272566
BiLSTM+Attention,val,77.728762_13.016004,2023-10-01,0.80147994,0.80522525
BiLSTM+Attention,val,77.728762_13.047445,2023-10-01,0.5041707,0.5238236
BiLSTM+Attention,val,77.728762_13.087869,2023-10-01,0.5159647,0.51804686
BiLSTM+Attention,val,77.728762_13.092361,2023-10-01,0.48286736,0.4895142
BiLSTM+Attention,val,77.733253_12.755492,2023-10-01,0.46723124,0.48078576
BiLSTM+Attention,val,77.733253_12.795916,2023-10-01,0.49425146,0.5164713
BiLSTM+Attention,val,77.733253_12.86329,2023-10-01,0.5778658,0.5998812
BiLSTM+Attention,val,77.733253_12.872273,2023-10-01,0.5661114,0.595113
BiLSTM+Attention,val,77.733253_12.998037,2023-10-01,0.64340377,0.65744436
BiLSTM+Attention,val,77.733253_13.056428,2023-10-01,0.4131907,0.42483944
BiLSTM+Attention,val,77.737745_12.764475,2023-10-01,0.45134693,0.47982284
BiLSTM+Attention,val,77.737745_12.791425,2023-10-01,0.479519,0.511215
BiLSTM+Attention,val,77.737745_12.809391,2023-10-01,0.4855116,0.49173793
BiLSTM+Attention,val,77.737745_12.858799,2023-10-01,0.50920695,0.51972926
BiLSTM+Attention,val,77.737745_12.872273,2023-10-01,0.56014276,0.57511723
BiLSTM+Attention,val,77.737745_12.881256,2023-10-01,0.5807376,0.6134025
BiLSTM+Attention,val,77.737745_13.051936,2023-10-01,0.41792822,0.43074262
BiLSTM+Attention,val,77.737745_13.06092,2023-10-01,0.45583725,0.4693351
BiLSTM+Attention,val,77.737745_13.078886,2023-10-01,0.47138926,0.48464248
BiLSTM+Attention,val,77.737745_13.101344,2023-10-01,0.41186982,0.42461094
BiLSTM+Attention,val,77.742237_12.697102,2023-10-01,0.6691823,0.69011164
BiLSTM+Attention,val,77.742237_12.764475,2023-10-01,0.478095,0.49833283
BiLSTM+Attention,val,77.742237_12.795916,2023-10-01,0.4801362,0.49869564
BiLSTM+Attention,val,77.742237_12.8049,2023-10-01,0.51063764,0.5267394
BiLSTM+Attention,val,77.742237_12.86329,2023-10-01,0.44587237,0.4536316
BiLSTM+Attention,val,77.742237_12.867782,2023-10-01,0.5767594,0.58525974
BiLSTM+Attention,val,77.742237_12.89024,2023-10-01,0.5841905,0.59405375
BiLSTM+Attention,val,77.742237_12.899223,2023-10-01,0.54669535,0.5884592
BiLSTM+Attention,val,77.742237_12.921681,2023-10-01,0.49148294,0.49538985
BiLSTM+Attention,val,77.742237_12.980071,2023-10-01,0.53947526,0.55297667
BiLSTM+Attention,val,77.742237_13.002529,2023-10-01,0.5660095,0.58519274
BiLSTM+Attention,val,77.742237_13.016004,2023-10-01,0.5362753,0.58781767
BiLSTM+Attention,val,77.742237_13.038462,2023-10-01,0.43915007,0.4467996
BiLSTM+Attention,val,77.742237_13.074394,2023-10-01,0.41526774,0.41837278
BiLSTM+Attention,val,77.742237_13.078886,2023-10-01,0.49316564,0.48878658
BiLSTM+Attention,val,77.742237_13.101344,2023-10-01,0.44319013,0.44953114
BiLSTM+Attention,val,77.746728_12.751001,2023-10-01,0.50288224,0.5283662
BiLSTM+Attention,val,77.746728_12.764475,2023-10-01,0.5055639,0.5169786
BiLSTM+Attention,val,77.746728_12.782442,2023-10-01,0.5507083,0.5848811
BiLSTM+Attention,val,77.746728_12.97558,2023-10-01,0.5753383,0.5818325
BiLSTM+Attention,val,77.746728_12.984563,2023-10-01,0.5348448,0.5601025
BiLSTM+Attention,val,77.746728_13.016004,2023-10-01,0.5936945,0.60881436
BiLSTM+Attention,val,77.746728_13.020495,2023-10-01,0.62197906,0.6457768
BiLSTM+Attention,val,77.746728_13.024987,2023-10-01,0.50761247,0.5282857
BiLSTM+Attention,val,77.746728_13.038462,2023-10-01,0.43319014,0.4524565
BiLSTM+Attention,val,77.746728_13.06092,2023-10-01,0.38063127,0.40096048
BiLSTM+Attention,val,77.746728_13.083377,2023-10-01,0.49811855,0.5025176
BiLSTM+Attention,val,77.746728_13.092361,2023-10-01,0.46870387,0.4815255
BiLSTM+Attention,val,77.75122_12.751001,2023-10-01,0.50302327,0.52317446
BiLSTM+Attention,val,77.75122_12.755492,2023-10-01,0.57672733,0.5824712
BiLSTM+Attention,val,77.75122_12.768967,2023-10-01,0.46597216,0.4846848
BiLSTM+Attention,val,77.75122_12.77795,2023-10-01,0.5170432,0.53953147
BiLSTM+Attention,val,77.75122_12.894731,2023-10-01,0.4812812,0.50216556
BiLSTM+Attention,val,77.75122_12.993546,2023-10-01,0.48554385,0.49476314
BiLSTM+Attention,val,77.75122_13.020495,2023-10-01,0.53229725,0.55208135
BiLSTM+Attention,val,77.75122_13.03397,2023-10-01,0.47665545,0.48668966
BiLSTM+Attention,val,77.75122_13.038462,2023-10-01,0.39617643,0.4149958
BiLSTM+Attention,val,77.755711_12.706085,2023-10-01,0.5744081,0.6021733
BiLSTM+Attention,val,77.755711_12.764475,2023-10-01,0.7990257,0.8107405
BiLSTM+Attention,val,77.755711_12.77795,2023-10-01,0.5009764,0.51267827
BiLSTM+Attention,val,77.755711_12.822866,2023-10-01,0.47838753,0.5014231
BiLSTM+Attention,val,77.755711_12.831849,2023-10-01,0.46103638,0.47797668
BiLSTM+Attention,val,77.755711_12.858799,2023-10-01,0.518132,0.5381474
BiLSTM+Attention,val,77.755711_12.885748,2023-10-01,0.53709674,0.5424955
BiLSTM+Attention,val,77.755711_12.899223,2023-10-01,0.4419692,0.4561331
BiLSTM+Attention,val,77.755711_12.903714,2023-10-01,0.49538293,0.5055833
BiLSTM+Attention,val,77.755711_12.926172,2023-10-01,0.50697446,0.54481196
BiLSTM+Attention,val,77.760203_12.751001,2023-10-01,0.5071637,0.5280994
BiLSTM+Attention,val,77.760203_12.795916,2023-10-01,0.43956903,0.47407773
BiLSTM+Attention,val,77.760203_12.818374,2023-10-01,0.57499754,0.60485226
BiLSTM+Attention,val,77.760203_12.867782,2023-10-01,0.47377756,0.48284075
BiLSTM+Attention,val,77.760203_12.872273,2023-10-01,0.4883094,0.5073948
BiLSTM+Attention,val,77.760203_12.876765,2023-10-01,0.4541471,0.47166514
BiLSTM+Attention,val,77.760203_12.885748,2023-10-01,0.5020668,0.50752884
BiLSTM+Attention,val,77.760203_12.984563,2023-10-01,0.5333404,0.55751
BiLSTM+Attention,val,77.764695_12.742018,2023-10-01,0.668392,0.69763285
BiLSTM+Attention,val,77.764695_12.746509,2023-10-01,0.6646615,0.6946123
BiLSTM+Attention,val,77.764695_12.813883,2023-10-01,0.52484244,0.5499081
BiLSTM+Attention,val,77.764695_12.849815,2023-10-01,0.4956324,0.51511043
BiLSTM+Attention,val,77.764695_12.885748,2023-10-01,0.5091786,0.52312195
BiLSTM+Attention,val,77.764695_12.912697,2023-10-01,0.5246806,0.5393517
BiLSTM+Attention,val,77.764695_13.03397,2023-10-01,0.39207995,0.41361776
BiLSTM+Attention,val,77.769186_12.751001,2023-10-01,0.7056449,0.7221513
BiLSTM+Attention,val,77.769186_12.791425,2023-10-01,0.45982444,0.47840676
BiLSTM+Attention,val,77.769186_12.800408,2023-10-01,0.51904976,0.5490508
BiLSTM+Attention,val,77.769186_12.8049,2023-10-01,0.5639331,0.5980193
BiLSTM+Attention,val,77.769186_12.809391,2023-10-01,0.47476876,0.5070549
BiLSTM+Attention,val,77.769186_12.876765,2023-10-01,0.5141021,0.5344561
BiLSTM+Attention,val,77.769186_12.894731,2023-10-01,0.48797816,0.5087427
BiLSTM+Attention,val,77.769186_13.016004,2023-10-01,0.4612166,0.48331615
BiLSTM+Attention,val,77.773678_12.746509,2023-10-01,0.6999712,0.709873
BiLSTM+Attention,val,77.773678_12.858799,2023-10-01,0.4686288,0.47714373
BiLSTM+Attention,val,77.773678_12.885748,2023-10-01,0.5079876,0.50880235
BiLSTM+Attention,val,77.773678_12.899223,2023-10-01,0.45106548,0.4610209
BiLSTM+Attention,val,77.773678_12.908206,2023-10-01,0.530974,0.5288552
BiLSTM+Attention,val,77.778169_12.809391,2023-10-01,0.46266243,0.4789571
BiLSTM+Attention,val,77.778169_12.885748,2023-10-01,0.51302093,0.5332775
BiLSTM+Attention,val,77.782661_12.786933,2023-10-01,0.44680807,0.47125134
BiLSTM+Attention,val,77.782661_12.791425,2023-10-01,0.49128097,0.5257998
BiLSTM+Attention,val,77.782661_12.89024,2023-10-01,0.5104621,0.5285845
BiLSTM+Attention,val,77.787152_12.786933,2023-10-01,0.4534774,0.49312302
BiLSTM+Attention,val,77.787152_12.849815,2023-10-01,0.4871062,0.49383858
BiLSTM+Attention,val,77.787152_12.867782,2023-10-01,0.45269322,0.46698797
BiLSTM+Attention,val,77.791644_12.8049,2023-10-01,0.4901733,0.5185178
BiLSTM+Attention,val,77.791644_12.899223,2023-10-01,0.47068474,0.48021868
BiLSTM+Attention,val,77.796136_12.854307,2023-10-01,0.45478132,0.47089413
BiLSTM+Attention,val,77.796136_12.885748,2023-10-01,0.52914953,0.5331539
BiLSTM+Attention,val,77.800627_12.876765,2023-10-01,0.5346662,0.5384271
BiLSTM+Attention,val,77.800627_12.885748,2023-10-01,0.48970026,0.49900928
BiLSTM+Attention,val,77.805119_12.876765,2023-10-01,0.5400862,0.5493621
BiLSTM+Attention,val,77.805119_12.89024,2023-10-01,0.50461733,0.5147956
BiLSTM+Attention,val,77.80961_12.858799,2023-10-01,0.5017618,0.5208915
BiLSTM+Attention,val,77.80961_12.86329,2023-10-01,0.47643852,0.49263415
BiLSTM+Attention,test,77.342486_12.944139,2024-05-01,0.69430125,0.71661794
BiLSTM+Attention,test,77.346978_12.86329,2024-05-01,0.5657974,0.5681996
BiLSTM+Attention,test,77.346978_12.962105,2024-05-01,0.5048407,0.51665086
BiLSTM+Attention,test,77.355961_12.962105,2024-05-01,0.7396089,0.7564118
BiLSTM+Attention,test,77.360453_12.867782,2024-05-01,0.3942692,0.3843664
BiLSTM+Attention,test,77.364944_12.854307,2024-05-01,0.4313207,0.41133672
BiLSTM+Attention,test,77.364944_12.962105,2024-05-01,0.4258362,0.41645873
BiLSTM+Attention,test,77.369436_12.881256,2024-05-01,0.4362051,0.43629125
BiLSTM+Attention,test,77.373927_12.971088,2024-05-01,0.4342627,0.43240157
BiLSTM+Attention,test,77.391894_12.881256,2024-05-01,0.45056635,0.4631991
BiLSTM+Attention,test,77.396385_12.894731,2024-05-01,0.48152968,0.48228064
BiLSTM+Attention,test,77.396385_12.944139,2024-05-01,0.4652046,0.46974322
BiLSTM+Attention,test,77.396385_12.97558,2024-05-01,0.36928484,0.35582843
BiLSTM+Attention,test,77.396385_13.029478,2024-05-01,0.3694776,0.35098004
BiLSTM+Attention,test,77.400877_12.966596,2024-05-01,0.36297223,0.35372993
BiLSTM+Attention,test,77.400877_13.029478,2024-05-01,0.3418436,0.32192257
BiLSTM+Attention,test,77.405368_12.998037,2024-05-01,0.41854718,0.41060153
BiLSTM+Attention,test,77.40986_12.872273,2024-05-01,0.3577181,0.3441505
BiLSTM+Attention,test,77.40986_12.881256,2024-05-01,0.3312337,0.32265013
BiLSTM+Attention,test,77.40986_12.962105,2024-05-01,0.44746375,0.44780397
BiLSTM+Attention,test,77.414352_12.989054,2024-05-01,0.3630946,0.360104
BiLSTM+Attention,test,77.414352_12.993546,2024-05-01,0.40634865,0.39173946
BiLSTM+Attention,test,77.414352_13.03397,2024-05-01,0.37132132,0.37501374
BiLSTM+Attention,test,77.418843_12.971088,2024-05-01,0.38286778,0.3728585
BiLSTM+Attention,test,77.418843_12.993546,2024-05-01,0.4224037,0.3933309
BiLSTM+Attention,test,77.418843_13.016004,2024-05-01,0.3739458,0.36518064
BiLSTM+Attention,test,77.423335_13.002529,2024-05-01,0.48701823,0.48914477
BiLSTM+Attention,test,77.427826_13.110327,2024-05-01,0.40407267,0.39126906
BiLSTM+Attention,test,77.432318_12.998037,2024-05-01,0.3548194,0.34446517
BiLSTM+Attention,test,77.432318_13.092361,2024-05-01,0.3934669,0.36898506
BiLSTM+Attention,test,77.436809_12.854307,2024-05-01,0.37332395,0.3713127
BiLSTM+Attention,test,77.441301_12.818374,2024-05-01,0.514901,0.5072453
BiLSTM+Attention,test,77.441301_12.831849,2024-05-01,0.41820914,0.4175154
BiLSTM+Attention,test,77.441301_13.083377,2024-05-01,0.43225312,0.4335958
BiLSTM+Attention,test,77.441301_13.110327,2024-05-01,0.41167054,0.40606397
BiLSTM+Attention,test,77.445793_12.840832,2024-05-01,0.5065948,0.49791995
BiLSTM+Attention,test,77.445793_12.86329,2024-05-01,0.5490945,0.5572992
BiLSTM+Attention,test,77.445793_12.867782,2024-05-01,0.5328781,0.54187083
BiLSTM+Attention,test,77.450284_12.872273,2024-05-01,0.5099877,0.51530373
BiLSTM+Attention,test,77.450284_12.993546,2024-05-01,0.3183525,0.3213597
BiLSTM+Attention,test,77.454776_12.993546,2024-05-01,0.3682351,0.35388723
BiLSTM+Attention,test,77.454776_13.087869,2024-05-01,0.3920284,0.36689928
BiLSTM+Attention,test,77.459267_12.822866,2024-05-01,0.47110492,0.4623252
BiLSTM+Attention,test,77.459267_12.872273,2024-05-01,0.4694471,0.47999293
BiLSTM+Attention,test,77.463759_12.813883,2024-05-01,0.4459194,0.45148757
BiLSTM+Attention,test,77.463759_12.86329,2024-05-01,0.5160642,0.5354122
BiLSTM+Attention,test,77.463759_12.953122,2024-05-01,0.74295145,0.7481332
BiLSTM+Attention,test,77.46825_12.827358,2024-05-01,0.39481613,0.3953074
BiLSTM+Attention,test,77.46825_12.953122,2024-05-01,0.4328667,0.42362437
BiLSTM+Attention,test,77.46825_12.966596,2024-05-01,0.43599975,0.43761912
BiLSTM+Attention,test,77.46825_13.007021,2024-05-01,0.35039625,0.34577224
BiLSTM+Attention,test,77.46825_13.150751,2024-05-01,0.37591395,0.38064918
BiLSTM+Attention,test,77.481725_12.831849,2024-05-01,0.42429784,0.4421079
BiLSTM+Attention,test,77.481725_13.096852,2024-05-01,0.54903495,0.5641925
BiLSTM+Attention,test,77.481725_13.137276,2024-05-01,0.7293715,0.7303381
BiLSTM+Attention,test,77.486217_13.042953,2024-05-01,0.5013803,0.501155
BiLSTM+Attention,test,77.499692_12.755492,2024-05-01,0.5749273,0.58951163
BiLSTM+Attention,test,77.499692_13.137276,2024-05-01,0.43582305,0.43393084
BiLSTM+Attention,test,77.504183_12.818374,2024-05-01,0.51145804,0.5130247
BiLSTM+Attention,test,77.504183_12.854307,2024-05-01,0.4887062,0.4782588
BiLSTM+Attention,test,77.508675_12.751001,2024-05-01,0.6289003,0.64172506
BiLSTM+Attention,test,77.508675_12.795916,2024-05-01,0.55481774,0.5435466
BiLSTM+Attention,test,77.508675_12.831849,2024-05-01,0.5170099,0.52314585
BiLSTM+Attention,test,77.508675_12.845324,2024-05-01,0.52450037,0.53481513
BiLSTM+Attention,test,77.508675_13.114818,2024-05-01,0.41456327,0.4203626
BiLSTM+Attention,test,77.513166_12.77795,2024-05-01,0.63765955,0.6159166
BiLSTM+Attention,test,77.513166_12.822866,2024-05-01,0.6168447,0.6250403
BiLSTM+Attention,test,77.517658_12.77795,2024-05-01,0.57812303,0.5776012
BiLSTM+Attention,test,77.517658_12.782442,2024-05-01,0.5905563,0.5788618
BiLSTM+Attention,test,77.517658_12.827358,2024-05-01,0.5239288,0.5327768
BiLSTM+Attention,test,77.517658_12.849815,2024-05-01,0.4959912,0.49574944
BiLSTM+Attention,test,77.517658_13.11931,2024-05-01,0.36663127,0.36094424
BiLSTM+Attention,test,77.522149_12.813883,2024-05-01,0.49572572,0.4835283
BiLSTM+Attention,test,77.522149_12.818374,2024-05-01,0.46658581,0.45839357
BiLSTM+Attention,test,77.522149_12.845324,2024-05-01,0.5381129,0.52822506
BiLSTM+Attention,test,77.522149_13.056428,2024-05-01,0.63550305,0.63935566
BiLSTM+Attention,test,77.526641_13.105835,2024-05-01,0.3937225,0.40588948
BiLSTM+Attention,test,77.526641_13.110327,2024-05-01,0.38093266,0.38818985
BiLSTM+Attention,test,77.531133_12.795916,2024-05-01,0.5791106,0.57272637
BiLSTM+Attention,test,77.531133_12.822866,2024-05-01,0.5273428,0.510567
BiLSTM+Attention,test,77.535624_12.872273,2024-05-01,0.4185432,0.40822896
BiLSTM+Attention,test,77.535624_13.069903,2024-05-01,0.6885126,0.70306146
BiLSTM+Attention,test,77.535624_13.096852,2024-05-01,0.44019312,0.44208273
BiLSTM+Attention,test,77.535624_13.137276,2024-05-01,0.37506196,0.3894161
BiLSTM+Attention,test,77.540116_12.795916,2024-05-01,0.5967371,0.60188055
BiLSTM+Attention,test,77.540116_13.042953,2024-05-01,0.5610191,0.5660539
BiLSTM+Attention,test,77.540116_13.074394,2024-05-01,0.58819026,0.60083705
BiLSTM+Attention,test,77.540116_13.092361,2024-05-01,0.4065136,0.41240683
BiLSTM+Attention,test,77.540116_13.101344,2024-05-01,0.3996505,0.39542708
BiLSTM+Attention,test,77.540116_13.105835,2024-05-01,0.41839117,0.42371428
BiLSTM+Attention,test,77.540116_13.114818,2024-05-01,0.4102614,0.41791347
BiLSTM+Attention,test,77.540116_13.155243,2024-05-01,0.47323105,0.4857507
BiLSTM+Attention,test,77.549099_12.831849,2024-05-01,0.6384704,0.63167906
BiLSTM+Attention,test,77.549099_12.836341,2024-05-01,0.6089187,0.5982354
BiLSTM+Attention,test,77.549099_13.132785,2024-05-01,0.62102824,0.629396
BiLSTM+Attention,test,77.55359_12.71956,2024-05-01,0.7269572,0.73592913
BiLSTM+Attention,test,77.55359_13.101344,2024-05-01,0.40086916,0.40884897
BiLSTM+Attention,test,77.55359_13.110327,2024-05-01,0.47172624,0.4807053
BiLSTM+Attention,test,77.55359_13.128293,2024-05-01,0.59635663,0.6002759
BiLSTM+Attention,test,77.558082_12.710577,2024-05-01,0.7434936,0.74516374
BiLSTM+Attention,test,77.558082_13.042953,2024-05-01,0.6622042,0.65068734
BiLSTM+Attention,test,77.558082_13.051936,2024-05-01,0.70290864,0.69821423
BiLSTM+Attention,test,77.558082_13.110327,2024-05-01,0.4914271,0.49594465
BiLSTM+Attention,test,77.562574_12.827358,2024-05-01,0.68873626,0.683953
BiLSTM+Attention,test,77.562574_12.858799,2024-05-01,0.42105904,0.41769496
BiLSTM+Attention,test,77.562574_13.141768,2024-05-01,0.4179854,0.40745744
BiLSTM+Attention,test,77.567065_13.114818,2024-05-01,0.64383924,0.6518599
BiLSTM+Attention,test,77.576048_12.728543,2024-05-01,0.72699434,0.7353076
BiLSTM+Attention,test,77.576048_12.827358,2024-05-01,0.6044312,0.61344
BiLSTM+Attention,test,77.58054_12.845324,2024-05-01,0.6781179,0.6782362
BiLSTM+Attention,test,77.58054_13.083377,2024-05-01,0.5135216,0.49248207
BiLSTM+Attention,test,77.58054_13.087869,2024-05-01,0.47372505,0.46220547
BiLSTM+Attention,test,77.585031_12.849815,2024-05-01,0.6783921,0.65697783
BiLSTM+Attention,test,77.585031_13.042953,2024-05-01,0.6820679,0.69331694
BiLSTM+Attention,test,77.589523_12.71956,2024-05-01,0.79567784,0.80314773
BiLSTM+Attention,test,77.589523_12.746509,2024-05-01,0.6904744,0.6968658
BiLSTM+Attention,test,77.589523_13.083377,2024-05-01,0.5902668,0.5822529
BiLSTM+Attention,test,77.594015_12.724051,2024-05-01,0.8022373,0.8138062
BiLSTM+Attention,test,77.594015_12.831849,2024-05-01,0.584058,0.568871
BiLSTM+Attention,test,77.594015_12.998037,2024-05-01,0.75426,0.735973
BiLSTM+Attention,test,77.594015_13.087869,2024-05-01,0.5908649,0.6038102
BiLSTM+Attention,test,77.598506_12.665661,2024-05-01,0.7536956,0.7499921
BiLSTM+Attention,test,77.598506_12.710577,2024-05-01,0.6568016,0.6814082
BiLSTM+Attention,test,77.598506_13.083377,2024-05-01,0.5809312,0.581787
BiLSTM+Attention,test,77.602998_12.710577,2024-05-01,0.67750317,0.6999467
BiLSTM+Attention,test,77.602998_12.827358,2024-05-01,0.4776307,0.47570238
BiLSTM+Attention,test,77.602998_13.114818,2024-05-01,0.555235,0.5597529
BiLSTM+Attention,test,77.607489_12.768967,2024-05-01,0.6035167,0.5975144
BiLSTM+Attention,test,77.607489_12.773459,2024-05-01,0.57010883,0.57262814
BiLSTM+Attention,test,77.607489_12.791425,2024-05-01,0.5252184,0.522179
BiLSTM+Attention,test,77.607489_13.087869,2024-05-01,0.7204129,0.7400017
BiLSTM+Attention,test,77.611981_12.831849,2024-05-01,0.5375151,0.5314427
BiLSTM+Attention,test,77.611981_12.953122,2024-05-01,0.7209774,0.73861337
BiLSTM+Attention,test,77.611981_13.168717,2024-05-01,0.40398163,0.41163006
BiLSTM+Attention,test,77.629947_12.795916,2024-05-01,0.7772246,0.7446134
BiLSTM+Attention,test,77.629947_12.809391,2024-05-01,0.45523277,0.44513866
BiLSTM+Attention,test,77.629947_13.087869,2024-05-01,0.44247475,0.4220541
BiLSTM+Attention,test,77.634439_12.679136,2024-05-01,0.7447908,0.7481428
BiLSTM+Attention,test,77.634439_12.701593,2024-05-01,0.7001217,0.70681065
BiLSTM+Attention,test,77.634439_12.733034,2024-05-01,0.4740666,0.463868
BiLSTM+Attention,test,77.634439_12.746509,2024-05-01,0.5146054,0.49387634
BiLSTM+Attention,test,77.634439_12.751001,2024-05-01,0.5003082,0.49391773
BiLSTM+Attention,test,77.634439_13.083377,2024-05-01,0.39883798,0.40868333
BiLSTM+Attention,test,77.63893_12.688119,2024-05-01,0.66795546,0.6739704
BiLSTM+Attention,test,77.63893_12.742018,2024-05-01,0.521731,0.5108901
BiLSTM+Attention,test,77.63893_12.791425,2024-05-01,0.52800655,0.5023666
BiLSTM+Attention,test,77.63893_12.800408,2024-05-01,0.46015158,0.44768226
BiLSTM+Attention,test,77.63893_12.818374,2024-05-01,0.45906815,0.44020155
BiLSTM+Attention,test,77.63893_12.989054,2024-05-01,0.652758,0.662647
BiLSTM+Attention,test,77.63893_13.078886,2024-05-01,0.42989036,0.42108402
BiLSTM+Attention,test,77.63893_13.083377,2024-05-01,0.39191592,0.40517917
BiLSTM+Attention,test,77.643422_12.800408,2024-05-01,0.46691594,0.4534214
BiLSTM+Attention,test,77.643422_12.809391,2024-05-01,0.4916308,0.4744737
BiLSTM+Attention,test,77.643422_13.164226,2024-05-01,0.5684824,0.57020897
BiLSTM+Attention,test,77.647914_12.688119,2024-05-01,0.7023183,0.70122975
BiLSTM+Attention,test,77.652405_12.697102,2024-05-01,0.65806645,0.67645353
BiLSTM+Attention,test,77.652405_12.795916,2024-05-01,0.4222453,0.39255503
BiLSTM+Attention,test,77.656897_12.742018,2024-05-01,0.5289014,0.5227365
BiLSTM+Attention,test,77.656897_12.746509,2024-05-01,0.50450003,0.50341594
BiLSTM+Attention,test,77.656897_12.849815,2024-05-01,0.4203709,0.41243544
BiLSTM+Attention,test,77.656897_13.101344,2024-05-01,0.4656875,0.46184805
BiLSTM+Attention,test,77.656897_13.164226,2024-05-01,0.4383159,0.43742535
BiLSTM+Attention,test,77.661388_12.759984,2024-05-01,0.53702414,0.53040534
BiLSTM+Attention,test,77.661388_13.074394,2024-05-01,0.5219679,0.51694596
BiLSTM+Attention,test,77.661388_13.087869,2024-05-01,0.42468488,0.41856882
BiLSTM+Attention,test,77.661388_13.101344,2024-05-01,0.43647084,0.43951485
BiLSTM+Attention,test,77.661388_13.110327,2024-05-01,0.50409424,0.51473993
BiLSTM+Attention,test,77.661388_13.11931,2024-05-01,0.58138657,0.58596635
BiLSTM+Attention,test,77.66588_12.679136,2024-05-01,0.63452715,0.62910444
BiLSTM+Attention,test,77.66588_12.697102,2024-05-01,0.60800564,0.608159
BiLSTM+Attention,test,77.66588_12.715068,2024-05-01,0.6152173,0.619974
BiLSTM+Attention,test,77.66588_12.751001,2024-05-01,0.48853365,0.47787812
BiLSTM+Attention,test,77.66588_12.755492,2024-05-01,0.5495606,0.54790455
BiLSTM+Attention,test,77.66588_12.764475,2024-05-01,0.53070664,0.5382335
BiLSTM+Attention,test,77.66588_12.953122,2024-05-01,0.5436336,0.5380659
BiLSTM+Attention,test,77.670371_13.069903,2024-05-01,0.416733,0.39636135
BiLSTM+Attention,test,77.670371_13.083377,2024-05-01,0.37033388,0.35914603
BiLSTM+Attention,test,77.670371_13.092361,2024-05-01,0.3860312,0.37326446
BiLSTM+Attention,test,77.670371_13.128293,2024-05-01,0.4833439,0.48574898
BiLSTM+Attention,test,77.674863_12.71956,2024-05-01,0.63684106,0.6438914
BiLSTM+Attention,test,77.674863_12.755492,2024-05-01,0.49678597,0.48365307
BiLSTM+Attention,test,77.674863_12.764475,2024-05-01,0.49085417,0.47491238
BiLSTM+Attention,test,77.674863_12.786933,2024-05-01,0.51128197,0.47417593
BiLSTM+Attention,test,77.674863_12.836341,2024-05-01,0.50362796,0.4977441
BiLSTM+Attention,test,77.674863_13.069903,2024-05-01,0.38213703,0.35747638
BiLSTM+Attention,test,77.674863_13.092361,2024-05-01,0.42581764,0.41834036
BiLSTM+Attention,test,77.674863_13.105835,2024-05-01,0.4758884,0.47498104
BiLSTM+Attention,test,77.679355_12.697102,2024-05-01,0.50343174,0.50043
BiLSTM+Attention,test,77.679355_12.746509,2024-05-01,0.65999234,0.6618641
BiLSTM+Attention,test,77.679355_13.074394,2024-05-01,0.42596394,0.4281365
BiLSTM+Attention,test,77.679355_13.101344,2024-05-01,0.44500518,0.44898376
BiLSTM+Attention,test,77.679355_13.141768,2024-05-01,0.5001569,0.48443323
BiLSTM+Attention,test,77.679355_13.155243,2024-05-01,0.39455935,0.37990126
BiLSTM+Attention,test,77.683846_12.728543,2024-05-01,0.5379503,0.5342935
BiLSTM+Attention,test,77.683846_12.742018,2024-05-01,0.4820482,0.47947884
BiLSTM+Attention,test,77.683846_12.795916,2024-05-01,0.5059065,0.4746476
BiLSTM+Attention,test,77.683846_12.8049,2024-05-01,0.48358363,0.46729589
BiLSTM+Attention,test,77.683846_12.836341,2024-05-01,0.5774884,0.5680531
BiLSTM+Attention,test,77.683846_12.840832,2024-05-01,0.5866139,0.5782601
BiLSTM+Attention,test,77.683846_12.917189,2024-05-01,0.4010715,0.43562493
BiLSTM+Attention,test,77.683846_13.06092,2024-05-01,0.45747098,0.4322972
BiLSTM+Attention,test,77.683846_13.074394,2024-05-01,0.39722154,0.36764827
BiLSTM+Attention,test,77.683846_13.11931,2024-05-01,0.35756487,0.35358706
BiLSTM+Attention,test,77.683846_13.123802,2024-05-01,0.42699805,0.42483416
BiLSTM+Attention,test,77.688338_12.69261,2024-05-01,0.77878207,0.77536654
BiLSTM+Attention,test,77.688338_12.697102,2024-05-01,0.7921215,0.78432095
BiLSTM+Attention,test,77.688338_12.966596,2024-05-01,0.5486527,0.5534179
BiLSTM+Attention,test,77.692829_12.800408,2024-05-01,0.44574285,0.4282134
BiLSTM+Attention,test,77.692829_12.845324,2024-05-01,0.6200508,0.61752033
BiLSTM+Attention,test,77.692829_12.899223,2024-05-01,0.45874405,0.43281502
BiLSTM+Attention,test,77.692829_13.06092,2024-05-01,0.5749445,0.5638836
BiLSTM+Attention,test,77.692829_13.065411,2024-05-01,0.546371,0.5294583
BiLSTM+Attention,test,77.692829_13.083377,2024-05-01,0.39268917,0.38431957
BiLSTM+Attention,test,77.692829_13.096852,2024-05-01,0.38624918,0.3807787
BiLSTM+Attention,test,77.692829_13.132785,2024-05-01,0.38459778,0.37426743
BiLSTM+Attention,test,77.692829_13.155243,2024-05-01,0.37622687,0.36907247
BiLSTM+Attention,test,77.697321_12.697102,2024-05-01,0.77324873,0.78302026
BiLSTM+Attention,test,77.697321_12.894731,2024-05-01,0.46926084,0.45652947
BiLSTM+Attention,test,77.697321_13.132785,2024-05-01,0.39775878,0.37203452
BiLSTM+Attention,test,77.697321_13.150751,2024-05-01,0.43119925,0.42425078
BiLSTM+Attention,test,77.701812_12.822866,2024-05-01,0.5123822,0.49270925
BiLSTM+Attention,test,77.701812_12.984563,2024-05-01,0.4582104,0.4608201
BiLSTM+Attention,test,77.701812_13.114818,2024-05-01,0.49810106,0.47932476
BiLSTM+Attention,test,77.706304_12.984563,2024-05-01,0.46187654,0.45971993
BiLSTM+Attention,test,77.706304_13.137276,2024-05-01,0.7426618,0.73638076
BiLSTM+Attention,test,77.710796_12.715068,2024-05-01,0.59320396,0.5984408
BiLSTM+Attention,test,77.710796_13.03397,2024-05-01,0.4607548,0.435698
BiLSTM+Attention,test,77.710796_13.11931,2024-05-01,0.42337638,0.41881028
BiLSTM+Attention,test,77.710796_13.123802,2024-05-01,0.38685414,0.38485983
BiLSTM+Attention,test,77.710796_13.132785,2024-05-01,0.4530146,0.45069346
BiLSTM+Attention,test,77.710796_13.150751,2024-05-01,0.37514925,0.38453704
BiLSTM+Attention,test,77.715287_12.679136,2024-05-01,0.6775897,0.6605171
BiLSTM+Attention,test,77.715287_12.742018,2024-05-01,0.46619228,0.4519707
BiLSTM+Attention,test,77.715287_12.822866,2024-05-01,0.5059477,0.4795231
BiLSTM+Attention,test,77.715287_12.827358,2024-05-01,0.44856074,0.43123162
BiLSTM+Attention,test,77.715287_12.845324,2024-05-01,0.38528663,0.3819384
BiLSTM+Attention,test,77.715287_12.885748,2024-05-01,0.5287314,0.5226842
BiLSTM+Attention,test,77.715287_13.029478,2024-05-01,0.36463776,0.36157864
BiLSTM+Attention,test,77.715287_13.038462,2024-05-01,0.4910398,0.48806858
BiLSTM+Attention,test,77.715287_13.096852,2024-05-01,0.34250882,0.3410155
BiLSTM+Attention,test,77.715287_13.114818,2024-05-01,0.49920306,0.49437985
BiLSTM+Attention,test,77.715287_13.128293,2024-05-01,0.4474011,0.44667804
BiLSTM+Attention,test,77.719779_12.746509,2024-05-01,0.6723256,0.6822185
BiLSTM+Attention,test,77.719779_12.795916,2024-05-01,0.4690838,0.44528076
BiLSTM+Attention,test,77.719779_12.840832,2024-05-01,0.52319825,0.48798028
BiLSTM+Attention,test,77.719779_13.069903,2024-05-01,0.3931212,0.38510922
BiLSTM+Attention,test,77.719779_13.105835,2024-05-01,0.42423132,0.41852465
BiLSTM+Attention,test,77.719779_13.123802,2024-05-01,0.40068954,0.40693823
BiLSTM+Attention,test,77.719779_13.137276,2024-05-01,0.4314211,0.41357738
BiLSTM+Attention,test,77.72427_12.674644,2024-05-01,0.519558,0.51400995
BiLSTM+Attention,test,77.72427_12.840832,2024-05-01,0.49004835,0.46029675
BiLSTM+Attention,test,77.72427_13.06092,2024-05-01,0.41374323,0.40431473
BiLSTM+Attention,test,77.72427_13.074394,2024-05-01,0.43545395,0.43262053
BiLSTM+Attention,test,77.728762_12.759984,2024-05-01,0.48332974,0.4792702
BiLSTM+Attention,test,77.728762_12.782442,2024-05-01,0.5139742,0.51373446
BiLSTM+Attention,test,77.728762_12.809391,2024-05-01,0.4738484,0.4547118
BiLSTM+Attention,test,77.728762_13.047445,2024-05-01,0.47083122,0.46319133
BiLSTM+Attention,test,77.728762_13.087869,2024-05-01,0.4768572,0.46144933
BiLSTM+Attention,test,77.728762_13.092361,2024-05-01,0.45257822,0.43310794
BiLSTM+Attention,test,77.733253_13.056428,2024-05-01,0.37175664,0.36177742
BiLSTM+Attention,test,77.737745_12.764475,2024-05-01,0.42292964,0.41027674
BiLSTM+Attention,test,77.737745_12.791425,2024-05-01,0.45995584,0.44422975
BiLSTM+Attention,test,77.737745_12.809391,2024-05-01,0.4566364,0.42173824
BiLSTM+Attention,test,77.737745_12.858799,2024-05-01,0.474353,0.46123174
BiLSTM+Attention,test,77.737745_12.881256,2024-05-01,0.55145514,0.5582101
BiLSTM+Attention,test,77.737745_13.051936,2024-05-01,0.375767,0.3711016
BiLSTM+Attention,test,77.737745_13.06092,2024-05-01,0.4274435,0.40886232
BiLSTM+Attention,test,77.737745_13.101344,2024-05-01,0.36413553,0.34713733
BiLSTM+Attention,test,77.742237_12.697102,2024-05-01,0.6366429,0.6357098
BiLSTM+Attention,test,77.742237_12.86329,2024-05-01,0.39767662,0.38737282
BiLSTM+Attention,test,77.742237_12.89024,2024-05-01,0.5390613,0.5351015
BiLSTM+Attention,test,77.742237_12.980071,2024-05-01,0.49657357,0.48784158
BiLSTM+Attention,test,77.742237_13.016004,2024-05-01,0.52329993,0.51874465
BiLSTM+Attention,test,77.742237_13.038462,2024-05-01,0.39016327,0.38825735
BiLSTM+Attention,test,77.742237_13.074394,2024-05-01,0.35783723,0.3567589
BiLSTM+Attention,test,77.742237_13.101344,2024-05-01,0.40472353,0.37994003
BiLSTM+Attention,test,77.746728_12.782442,2024-05-01,0.53690875,0.51822364
BiLSTM+Attention,test,77.746728_12.97558,2024-05-01,0.5246623,0.51652884
BiLSTM+Attention,test,77.746728_12.984563,2024-05-01,0.5096895,0.50240165
BiLSTM+Attention,test,77.746728_13.016004,2024-05-01,0.55628985,0.54782206
BiLSTM+Attention,test,77.746728_13.020495,2024-05-01,0.5955646,0.5889774
BiLSTM+Attention,test,77.746728_13.024987,2024-05-01,0.48212114,0.46428677
BiLSTM+Attention,test,77.746728_13.038462,2024-05-01,0.38861284,0.39818385
BiLSTM+Attention,test,77.746728_13.06092,2024-05-01,0.34469303,0.34022477
BiLSTM+Attention,test,77.75122_12.751001,2024-05-01,0.46669745,0.46043792
BiLSTM+Attention,test,77.75122_12.77795,2024-05-01,0.48937127,0.4745763
BiLSTM+Attention,test,77.75122_12.993546,2024-05-01,0.44269386,0.42903408
BiLSTM+Attention,test,77.75122_13.020495,2024-05-01,0.5057113,0.49207565
BiLSTM+Attention,test,77.75122_13.03397,2024-05-01,0.41820788,0.43107423
BiLSTM+Attention,test,77.75122_13.038462,2024-05-01,0.34991392,0.35952732
BiLSTM+Attention,test,77.755711_12.77795,2024-05-01,0.4600517,0.448249
BiLSTM+Attention,test,77.755711_12.831849,2024-05-01,0.41958246,0.4062016
BiLSTM+Attention,test,77.755711_12.858799,2024-05-01,0.48049673,0.48097685
BiLSTM+Attention,test,77.755711_12.885748,2024-05-01,0.48999006,0.4792936
BiLSTM+Attention,test,77.760203_12.751001,2024-05-01,0.46361035,0.4619653
BiLSTM+Attention,test,77.760203_12.795916,2024-05-01,0.4205363,0.39985186
BiLSTM+Attention,test,77.760203_12.867782,2024-05-01,0.42582485,0.42173547
BiLSTM+Attention,test,77.760203_12.872273,2024-05-01,0.45046315,0.44619784
BiLSTM+Attention,test,77.760203_12.876765,2024-05-01,0.42158878,0.40285334
BiLSTM+Attention,test,77.760203_12.984563,2024-05-01,0.50148,0.49334726
BiLSTM+Attention,test,77.764695_12.813883,2024-05-01,0.5093087,0.4846513
BiLSTM+Attention,test,77.764695_12.849815,2024-05-01,0.4671664,0.45251876
BiLSTM+Attention,test,77.764695_12.912697,2024-05-01,0.4762846,0.47723728
BiLSTM+Attention,test,77.764695_13.03397,2024-05-01,0.35957342,0.35468045
BiLSTM+Attention,test,77.769186_12.791425,2024-05-01,0.42428353,0.4047648
BiLSTM+Attention,test,77.769186_12.800408,2024-05-01,0.4975923,0.48427773
BiLSTM+Attention,test,77.769186_12.8049,2024-05-01,0.5468492,0.53642565
BiLSTM+Attention,test,77.769186_12.809391,2024-05-01,0.4562422,0.43832964
BiLSTM+Attention,test,77.769186_12.876765,2024-05-01,0.48945874,0.47983232
BiLSTM+Attention,test,77.769186_13.016004,2024-05-01,0.4323985,0.42097902
BiLSTM+Attention,test,77.787152_12.867782,2024-05-01,0.42314819,0.40039653
BiLSTM+Attention,test,77.80961_12.858799,2024-05-01,0.47032028,0.45883325
BiLSTM+Attention,test,77.80961_12.86329,2024-05-01,0.44635564,0.43805447
BiLSTM+Attention,test,77.342486_12.944139,2024-06-01,0.7126106,0.70584106
BiLSTM+Attention,test,77.346978_12.962105,2024-06-01,0.5354051,0.531714
BiLSTM+Attention,test,77.355961_12.962105,2024-06-01,0.77406,0.74736565
BiLSTM+Attention,test,77.360453_12.867782,2024-06-01,0.41586515,0.40225422
BiLSTM+Attention,test,77.364944_12.962105,2024-06-01,0.45309243,0.44480166
BiLSTM+Attention,test,77.369436_12.881256,2024-06-01,0.45807126,0.45798108
BiLSTM+Attention,test,77.373927_12.971088,2024-06-01,0.4593065,0.45472047
BiLSTM+Attention,test,77.391894_12.881256,2024-06-01,0.47404382,0.47645313
BiLSTM+Attention,test,77.396385_13.029478,2024-06-01,0.37789297,0.3787184
BiLSTM+Attention,test,77.400877_12.966596,2024-06-01,0.38557813,0.37906072
BiLSTM+Attention,test,77.400877_13.029478,2024-06-01,0.35640264,0.3497635
BiLSTM+Attention,test,77.40986_12.962105,2024-06-01,0.48337305,0.4698971
BiLSTM+Attention,test,77.414352_12.989054,2024-06-01,0.37960854,0.38429818
BiLSTM+Attention,test,77.414352_12.993546,2024-06-01,0.41492152,0.41491517
BiLSTM+Attention,test,77.414352_13.03397,2024-06-01,0.40148768,0.40089333
BiLSTM+Attention,test,77.414352_13.096852,2024-06-01,0.37785923,0.37775967
BiLSTM+Attention,test,77.418843_12.971088,2024-06-01,0.40299165,0.40232337
BiLSTM+Attention,test,77.418843_12.993546,2024-06-01,0.42418203,0.41849926
BiLSTM+Attention,test,77.418843_13.016004,2024-06-01,0.39384165,0.39237297
BiLSTM+Attention,test,77.423335_13.002529,2024-06-01,0.50726557,0.5173505
BiLSTM+Attention,test,77.423335_13.092361,2024-06-01,0.32589486,0.32468313
BiLSTM+Attention,test,77.427826_13.110327,2024-06-01,0.4155323,0.4155497
BiLSTM+Attention,test,77.432318_12.998037,2024-06-01,0.3729031,0.3745019
BiLSTM+Attention,test,77.441301_13.110327,2024-06-01,0.42190087,0.43844166
BiLSTM+Attention,test,77.450284_12.971088,2024-06-01,0.45884204,0.45874643
BiLSTM+Attention,test,77.450284_12.993546,2024-06-01,0.34021285,0.3407522
BiLSTM+Attention,test,77.450284_13.029478,2024-06-01,0.42792472,0.43446752
BiLSTM+Attention,test,77.454776_12.993546,2024-06-01,0.38633353,0.38439694
BiLSTM+Attention,test,77.459267_12.872273,2024-06-01,0.49048993,0.48922345
BiLSTM+Attention,test,77.459267_12.903714,2024-06-01,0.41674826,0.4235814
BiLSTM+Attention,test,77.459267_13.016004,2024-06-01,0.37765494,0.38180333
BiLSTM+Attention,test,77.459267_13.020495,2024-06-01,0.3552436,0.35871676
BiLSTM+Attention,test,77.463759_12.885748,2024-06-01,0.5717195,0.59149003
BiLSTM+Attention,test,77.463759_12.894731,2024-06-01,0.46636036,0.47197697
BiLSTM+Attention,test,77.463759_12.899223,2024-06-01,0.4936804,0.5020535
BiLSTM+Attention,test,77.463759_12.953122,2024-06-01,0.74972624,0.7467615
BiLSTM+Attention,test,77.46825_12.894731,2024-06-01,0.43387383,0.43972215
BiLSTM+Attention,test,77.46825_12.953122,2024-06-01,0.4467302,0.45199698
BiLSTM+Attention,test,77.46825_12.966596,2024-06-01,0.45588034,0.46502194
BiLSTM+Attention,test,77.46825_13.007021,2024-06-01,0.37163943,0.37809563
BiLSTM+Attention,test,77.46825_13.150751,2024-06-01,0.39297226,0.3939215
BiLSTM+Attention,test,77.477234_12.899223,2024-06-01,0.4034493,0.42626154
BiLSTM+Attention,test,77.481725_12.89024,2024-06-01,0.50928384,0.5185131
BiLSTM+Attention,test,77.481725_12.894731,2024-06-01,0.46219125,0.4760431
BiLSTM+Attention,test,77.481725_13.137276,2024-06-01,0.74222696,0.7324818
BiLSTM+Attention,test,77.486217_13.042953,2024-06-01,0.51860917,0.52287644
BiLSTM+Attention,test,77.490708_12.89024,2024-06-01,0.4653312,0.477518
BiLSTM+Attention,test,77.499692_13.137276,2024-06-01,0.45628217,0.4660034
BiLSTM+Attention,test,77.504183_12.818374,2024-06-01,0.53060704,0.5164083
BiLSTM+Attention,test,77.504183_12.854307,2024-06-01,0.5000908,0.49559712
BiLSTM+Attention,test,77.504183_12.953122,2024-06-01,0.5439975,0.5476235
BiLSTM+Attention,test,77.508675_12.795916,2024-06-01,0.5649714,0.5443764
BiLSTM+Attention,test,77.508675_12.831849,2024-06-01,0.5361826,0.53411204
BiLSTM+Attention,test,77.508675_12.845324,2024-06-01,0.53761214,0.5444015
BiLSTM+Attention,test,77.508675_12.912697,2024-06-01,0.49386597,0.49787292
BiLSTM+Attention,test,77.508675_12.917189,2024-06-01,0.516459,0.5237008
BiLSTM+Attention,test,77.508675_13.114818,2024-06-01,0.4336297,0.43974897
BiLSTM+Attention,test,77.513166_12.77795,2024-06-01,0.6511277,0.60801244
BiLSTM+Attention,test,77.513166_12.822866,2024-06-01,0.647875,0.6275936
BiLSTM+Attention,test,77.517658_12.77795,2024-06-01,0.600272,0.5725961
BiLSTM+Attention,test,77.517658_12.782442,2024-06-01,0.6046911,0.5763662
BiLSTM+Attention,test,77.517658_12.827358,2024-06-01,0.5362224,0.5371811
BiLSTM+Attention,test,77.517658_12.849815,2024-06-01,0.5052979,0.5060261
BiLSTM+Attention,test,77.517658_13.11931,2024-06-01,0.3817114,0.39351422
BiLSTM+Attention,test,77.522149_12.813883,2024-06-01,0.50503504,0.48637077
BiLSTM+Attention,test,77.522149_12.818374,2024-06-01,0.47782665,0.46384647
BiLSTM+Attention,test,77.522149_12.845324,2024-06-01,0.5394446,0.53740126
BiLSTM+Attention,test,77.522149_13.056428,2024-06-01,0.64692307,0.6471981
BiLSTM+Attention,test,77.522149_13.200158,2024-06-01,0.4597954,0.46005136
BiLSTM+Attention,test,77.526641_12.89024,2024-06-01,0.6563545,0.6320911
BiLSTM+Attention,test,77.526641_12.899223,2024-06-01,0.5925205,0.58566755
BiLSTM+Attention,test,77.526641_13.105835,2024-06-01,0.41828078,0.4285551
BiLSTM+Attention,test,77.526641_13.110327,2024-06-01,0.3988311,0.40846807
BiLSTM+Attention,test,77.531133_12.795916,2024-06-01,0.5935035,0.56817496
BiLSTM+Attention,test,77.531133_12.822866,2024-06-01,0.5250369,0.5104402
BiLSTM+Attention,test,77.531133_12.894731,2024-06-01,0.52576375,0.5156799
BiLSTM+Attention,test,77.531133_13.083377,2024-06-01,0.561417,0.5859417
BiLSTM+Attention,test,77.535624_12.872273,2024-06-01,0.43654603,0.42700225
BiLSTM+Attention,test,77.535624_12.899223,2024-06-01,0.49110255,0.4899716
BiLSTM+Attention,test,77.535624_13.069903,2024-06-01,0.6962882,0.70855504
BiLSTM+Attention,test,77.535624_13.083377,2024-06-01,0.54601777,0.56426746
BiLSTM+Attention,test,77.535624_13.096852,2024-06-01,0.4577058,0.47339225
BiLSTM+Attention,test,77.535624_13.137276,2024-06-01,0.3924465,0.3931992
BiLSTM+Attention,test,77.540116_12.795916,2024-06-01,0.62896913,0.5979102
BiLSTM+Attention,test,77.540116_13.042953,2024-06-01,0.5703564,0.5828971
BiLSTM+Attention,test,77.540116_13.074394,2024-06-01,0.6066263,0.61038935
BiLSTM+Attention,test,77.540116_13.092361,2024-06-01,0.41351807,0.42165485
BiLSTM+Attention,test,77.540116_13.101344,2024-06-01,0.40607473,0.4286604
BiLSTM+Attention,test,77.540116_13.105835,2024-06-01,0.42772934,0.44639802
BiLSTM+Attention,test,77.540116_13.114818,2024-06-01,0.41079488,0.42444396
BiLSTM+Attention,test,77.540116_13.155243,2024-06-01,0.48236886,0.500216
BiLSTM+Attention,test,77.540116_13.182192,2024-06-01,0.41200015,0.40684018
BiLSTM+Attention,test,77.549099_12.831849,2024-06-01,0.63716054,0.6271791
BiLSTM+Attention,test,77.549099_12.836341,2024-06-01,0.61516356,0.602442
BiLSTM+Attention,test,77.549099_12.894731,2024-06-01,0.6261447,0.61890566
BiLSTM+Attention,test,77.549099_13.132785,2024-06-01,0.6410184,0.6299602
BiLSTM+Attention,test,77.55359_12.71956,2024-06-01,0.75913185,0.73492455
BiLSTM+Attention,test,77.55359_13.101344,2024-06-01,0.42167193,0.4341719
BiLSTM+Attention,test,77.55359_13.110327,2024-06-01,0.479479,0.4892115
BiLSTM+Attention,test,77.55359_13.128293,2024-06-01,0.61357915,0.6021831
BiLSTM+Attention,test,77.558082_12.710577,2024-06-01,0.77768,0.7393169
BiLSTM+Attention,test,77.558082_13.042953,2024-06-01,0.6459527,0.6571976
BiLSTM+Attention,test,77.558082_13.051936,2024-06-01,0.69943845,0.7058646
BiLSTM+Attention,test,77.558082_13.110327,2024-06-01,0.5005751,0.5179707
BiLSTM+Attention,test,77.562574_12.827358,2024-06-01,0.7063763,0.6855045
BiLSTM+Attention,test,77.562574_12.858799,2024-06-01,0.44268298,0.4373896
BiLSTM+Attention,test,77.562574_12.872273,2024-06-01,0.5882358,0.58121914
BiLSTM+Attention,test,77.562574_13.141768,2024-06-01,0.43379545,0.43706164
BiLSTM+Attention,test,77.567065_13.114818,2024-06-01,0.6514862,0.65921324
BiLSTM+Attention,test,77.576048_12.728543,2024-06-01,0.7616793,0.73345757
BiLSTM+Attention,test,77.576048_12.827358,2024-06-01,0.6414105,0.61290944
BiLSTM+Attention,test,77.58054_12.845324,2024-06-01,0.70335764,0.6834573
BiLSTM+Attention,test,77.58054_13.083377,2024-06-01,0.5130673,0.51056004
BiLSTM+Attention,test,77.58054_13.087869,2024-06-01,0.479055,0.48302028
BiLSTM+Attention,test,77.585031_12.849815,2024-06-01,0.68870664,0.65608084
BiLSTM+Attention,test,77.585031_13.042953,2024-06-01,0.6998849,0.7043321
BiLSTM+Attention,test,77.589523_12.71956,2024-06-01,0.82710904,0.7934133
BiLSTM+Attention,test,77.589523_12.746509,2024-06-01,0.72824776,0.6935562
BiLSTM+Attention,test,77.589523_12.854307,2024-06-01,0.6138267,0.60776573
BiLSTM+Attention,test,77.589523_13.083377,2024-06-01,0.5960827,0.60004604
BiLSTM+Attention,test,77.594015_12.724051,2024-06-01,0.85047483,0.8083694
BiLSTM+Attention,test,77.594015_12.831849,2024-06-01,0.59485,0.5776885
BiLSTM+Attention,test,77.594015_12.998037,2024-06-01,0.7432793,0.73804235
BiLSTM+Attention,test,77.594015_13.087869,2024-06-01,0.61437345,0.62074786
BiLSTM+Attention,test,77.598506_12.665661,2024-06-01,0.7938287,0.7469611
BiLSTM+Attention,test,77.598506_12.710577,2024-06-01,0.6942983,0.6745608
BiLSTM+Attention,test,77.598506_13.083377,2024-06-01,0.59726405,0.59896415
BiLSTM+Attention,test,77.602998_12.710577,2024-06-01,0.7163201,0.69543135
BiLSTM+Attention,test,77.602998_12.827358,2024-06-01,0.5064967,0.4729686
BiLSTM+Attention,test,77.602998_13.114818,2024-06-01,0.5872549,0.57230824
BiLSTM+Attention,test,77.607489_12.768967,2024-06-01,0.6290858,0.59736675
BiLSTM+Attention,test,77.607489_12.773459,2024-06-01,0.591097,0.5726454
BiLSTM+Attention,test,77.607489_12.791425,2024-06-01,0.5573091,0.531199
BiLSTM+Attention,test,77.607489_13.087869,2024-06-01,0.7323653,0.73939484
BiLSTM+Attention,test,77.611981_12.674644,2024-06-01,0.8019117,0.7803236
BiLSTM+Attention,test,77.611981_12.831849,2024-06-01,0.5723088,0.53595775
BiLSTM+Attention,test,77.611981_12.953122,2024-06-01,0.7295769,0.74185276
BiLSTM+Attention,test,77.611981_13.168717,2024-06-01,0.4168409,0.42524877
BiLSTM+Attention,test,77.620964_12.674644,2024-06-01,0.80383044,0.7811864
BiLSTM+Attention,test,77.629947_12.795916,2024-06-01,0.78951997,0.7377858
BiLSTM+Attention,test,77.629947_12.809391,2024-06-01,0.48696625,0.4535307
BiLSTM+Attention,test,77.629947_12.854307,2024-06-01,0.5098515,0.483601
BiLSTM+Attention,test,77.629947_13.087869,2024-06-01,0.44286674,0.45004186
BiLSTM+Attention,test,77.634439_12.679136,2024-06-01,0.7858605,0.748834
BiLSTM+Attention,test,77.634439_12.701593,2024-06-01,0.74379957,0.70029986
BiLSTM+Attention,test,77.634439_12.733034,2024-06-01,0.4897638,0.45978627
BiLSTM+Attention,test,77.634439_12.746509,2024-06-01,0.53553164,0.5015572
BiLSTM+Attention,test,77.634439_12.751001,2024-06-01,0.5392511,0.49968615
BiLSTM+Attention,test,77.634439_12.849815,2024-06-01,0.5577028,0.5232734
BiLSTM+Attention,test,77.634439_13.083377,2024-06-01,0.41160628,0.4375086
BiLSTM+Attention,test,77.63893_12.688119,2024-06-01,0.70089746,0.6727276
BiLSTM+Attention,test,77.63893_12.742018,2024-06-01,0.5450406,0.5154736
BiLSTM+Attention,test,77.63893_12.791425,2024-06-01,0.5636005,0.5126071
BiLSTM+Attention,test,77.63893_12.800408,2024-06-01,0.485208,0.4556618
BiLSTM+Attention,test,77.63893_12.818374,2024-06-01,0.4990018,0.45670244
BiLSTM+Attention,test,77.63893_12.989054,2024-06-01,0.6718054,0.6702919
BiLSTM+Attention,test,77.63893_13.078886,2024-06-01,0.4421182,0.44641843
BiLSTM+Attention,test,77.63893_13.083377,2024-06-01,0.4095436,0.433979
BiLSTM+Attention,test,77.643422_12.800408,2024-06-01,0.49958375,0.46658617
BiLSTM+Attention,test,77.643422_12.809391,2024-06-01,0.5335021,0.49014097
BiLSTM+Attention,test,77.643422_13.164226,2024-06-01,0.5810511,0.57808554
BiLSTM+Attention,test,77.647914_12.688119,2024-06-01,0.73122215,0.7019625
BiLSTM+Attention,test,77.647914_12.935155,2024-06-01,0.690093,0.66405046
BiLSTM+Attention,test,77.652405_12.697102,2024-06-01,0.6948792,0.67596555
BiLSTM+Attention,test,77.652405_12.795916,2024-06-01,0.45890862,0.41614845
BiLSTM+Attention,test,77.656897_12.742018,2024-06-01,0.55529267,0.52095973
BiLSTM+Attention,test,77.656897_12.746509,2024-06-01,0.5454338,0.5006509
BiLSTM+Attention,test,77.656897_12.831849,2024-06-01,0.5811082,0.5619984
BiLSTM+Attention,test,77.656897_12.849815,2024-06-01,0.44755945,0.41062355
BiLSTM+Attention,test,77.656897_13.164226,2024-06-01,0.45280114,0.4561731
BiLSTM+Attention,test,77.661388_12.759984,2024-06-01,0.5838355,0.5344016
BiLSTM+Attention,test,77.661388_13.056428,2024-06-01,0.46257216,0.47197118
BiLSTM+Attention,test,77.661388_13.074394,2024-06-01,0.53773683,0.5340946
BiLSTM+Attention,test,77.661388_13.110327,2024-06-01,0.5202825,0.5375078
BiLSTM+Attention,test,77.661388_13.11931,2024-06-01,0.6002077,0.59398127
BiLSTM+Attention,test,77.66588_12.679136,2024-06-01,0.66367507,0.6227163
BiLSTM+Attention,test,77.66588_12.697102,2024-06-01,0.64439416,0.6044641
BiLSTM+Attention,test,77.66588_12.715068,2024-06-01,0.65675974,0.61374867
BiLSTM+Attention,test,77.66588_12.751001,2024-06-01,0.52137893,0.47127548
BiLSTM+Attention,test,77.66588_12.755492,2024-06-01,0.5826032,0.5464292
BiLSTM+Attention,test,77.66588_12.764475,2024-06-01,0.5677794,0.53879905
BiLSTM+Attention,test,77.66588_12.953122,2024-06-01,0.5608876,0.56016415
BiLSTM+Attention,test,77.66588_13.038462,2024-06-01,0.4592281,0.4720512
BiLSTM+Attention,test,77.66588_13.051936,2024-06-01,0.5087257,0.5088146
BiLSTM+Attention,test,77.670371_13.083377,2024-06-01,0.38222626,0.39976552
BiLSTM+Attention,test,77.670371_13.128293,2024-06-01,0.49427587,0.506978
BiLSTM+Attention,test,77.674863_12.71956,2024-06-01,0.6803884,0.6388709
BiLSTM+Attention,test,77.674863_12.755492,2024-06-01,0.5270001,0.4830514
BiLSTM+Attention,test,77.674863_12.764475,2024-06-01,0.53318113,0.48709598
BiLSTM+Attention,test,77.674863_12.786933,2024-06-01,0.5402719,0.48790255
BiLSTM+Attention,test,77.674863_12.836341,2024-06-01,0.5339811,0.5090003
BiLSTM+Attention,test,77.674863_13.051936,2024-06-01,0.50628406,0.51741564
BiLSTM+Attention,test,77.679355_12.697102,2024-06-01,0.5368674,0.50051355
BiLSTM+Attention,test,77.679355_12.746509,2024-06-01,0.69299376,0.65847117
BiLSTM+Attention,test,77.679355_13.056428,2024-06-01,0.45292768,0.47901896
BiLSTM+Attention,test,77.679355_13.141768,2024-06-01,0.49737695,0.5033258
BiLSTM+Attention,test,77.679355_13.155243,2024-06-01,0.39139304,0.41581336
BiLSTM+Attention,test,77.679355_13.159734,2024-06-01,0.4351387,0.45267984
BiLSTM+Attention,test,77.683846_12.728543,2024-06-01,0.5653396,0.5328206
BiLSTM+Attention,test,77.683846_12.742018,2024-06-01,0.52013886,0.4780101
BiLSTM+Attention,test,77.683846_12.795916,2024-06-01,0.52335685,0.4872552
BiLSTM+Attention,test,77.683846_12.8049,2024-06-01,0.5085331,0.47730672
BiLSTM+Attention,test,77.683846_12.836341,2024-06-01,0.6069918,0.5702671
BiLSTM+Attention,test,77.683846_12.840832,2024-06-01,0.61598045,0.58312374
BiLSTM+Attention,test,77.683846_12.917189,2024-06-01,0.438151,0.45347124
BiLSTM+Attention,test,77.683846_13.06092,2024-06-01,0.46459126,0.45896113
BiLSTM+Attention,test,77.683846_13.074394,2024-06-01,0.38367584,0.4089609
BiLSTM+Attention,test,77.683846_13.11931,2024-06-01,0.37723455,0.3938041
BiLSTM+Attention,test,77.683846_13.123802,2024-06-01,0.44268474,0.45458898
BiLSTM+Attention,test,77.688338_12.69261,2024-06-01,0.8069923,0.77433324
BiLSTM+Attention,test,77.688338_12.697102,2024-06-01,0.82445914,0.7812532
BiLSTM+Attention,test,77.688338_12.966596,2024-06-01,0.5793743,0.57433844
BiLSTM+Attention,test,77.692829_12.800408,2024-06-01,0.4682178,0.4487545
BiLSTM+Attention,test,77.692829_12.845324,2024-06-01,0.64786077,0.6177184
BiLSTM+Attention,test,77.692829_12.899223,2024-06-01,0.47383416,0.46287298
BiLSTM+Attention,test,77.692829_13.06092,2024-06-01,0.58281535,0.577517
BiLSTM+Attention,test,77.692829_13.065411,2024-06-01,0.5484072,0.5446155
BiLSTM+Attention,test,77.692829_13.083377,2024-06-01,0.4086335,0.40956852
BiLSTM+Attention,test,77.692829_13.096852,2024-06-01,0.39005512,0.41284654
BiLSTM+Attention,test,77.692829_13.132785,2024-06-01,0.39177743,0.41092142
BiLSTM+Attention,test,77.692829_13.155243,2024-06-01,0.3995225,0.40775716
BiLSTM+Attention,test,77.697321_12.697102,2024-06-01,0.8082083,0.77811474
BiLSTM+Attention,test,77.697321_12.894731,2024-06-01,0.49758342,0.48097306
BiLSTM+Attention,test,77.697321_13.132785,2024-06-01,0.3965301,0.40826735
BiLSTM+Attention,test,77.697321_13.150751,2024-06-01,0.44564277,0.45402217
BiLSTM+Attention,test,77.697321_13.1777,2024-06-01,0.57694775,0.57234365
BiLSTM+Attention,test,77.701812_12.822866,2024-06-01,0.53154063,0.5024817
BiLSTM+Attention,test,77.701812_12.984563,2024-06-01,0.4738212,0.48751068
BiLSTM+Attention,test,77.701812_13.164226,2024-06-01,0.44435143,0.45476028
BiLSTM+Attention,test,77.706304_12.984563,2024-06-01,0.4765291,0.48694783
BiLSTM+Attention,test,77.706304_13.038462,2024-06-01,0.42832878,0.44340396
BiLSTM+Attention,test,77.706304_13.042953,2024-06-01,0.5019162,0.50705004
BiLSTM+Attention,test,77.706304_13.137276,2024-06-01,0.7461196,0.73501426
BiLSTM+Attention,test,77.710796_12.715068,2024-06-01,0.62431425,0.5960097
BiLSTM+Attention,test,77.710796_13.03397,2024-06-01,0.4421225,0.45589548
BiLSTM+Attention,test,77.710796_13.150751,2024-06-01,0.39092946,0.39634368
BiLSTM+Attention,test,77.710796_13.168717,2024-06-01,0.49847192,0.5065031
BiLSTM+Attention,test,77.710796_13.173209,2024-06-01,0.5041603,0.49408796
BiLSTM+Attention,test,77.715287_12.679136,2024-06-01,0.7059156,0.65487146
BiLSTM+Attention,test,77.715287_12.742018,2024-06-01,0.508213,0.46995348
BiLSTM+Attention,test,77.715287_12.822866,2024-06-01,0.5120771,0.49700335
BiLSTM+Attention,test,77.715287_12.827358,2024-06-01,0.46756712,0.45183662
BiLSTM+Attention,test,77.715287_12.845324,2024-06-01,0.4049117,0.40574655
BiLSTM+Attention,test,77.715287_12.885748,2024-06-01,0.56340396,0.5407266
BiLSTM+Attention,test,77.715287_13.029478,2024-06-01,0.38453588,0.39265645
BiLSTM+Attention,test,77.715287_13.038462,2024-06-01,0.5073515,0.50826645
BiLSTM+Attention,test,77.715287_13.051936,2024-06-01,0.5082701,0.5082669
BiLSTM+Attention,test,77.715287_13.056428,2024-06-01,0.418044,0.4209442
BiLSTM+Attention,test,77.719779_12.746509,2024-06-01,0.7132772,0.68008786
BiLSTM+Attention,test,77.719779_12.795916,2024-06-01,0.49727643,0.44772923
BiLSTM+Attention,test,77.719779_12.840832,2024-06-01,0.53140974,0.5025767
BiLSTM+Attention,test,77.719779_13.123802,2024-06-01,0.4122229,0.4295639
BiLSTM+Attention,test,77.719779_13.155243,2024-06-01,0.40613708,0.4254848
BiLSTM+Attention,test,77.72427_12.674644,2024-06-01,0.5437469,0.50750005
BiLSTM+Attention,test,77.72427_12.840832,2024-06-01,0.50447387,0.48340765
BiLSTM+Attention,test,77.728762_12.759984,2024-06-01,0.5214676,0.47983173
BiLSTM+Attention,test,77.728762_12.782442,2024-06-01,0.55415756,0.51473916
BiLSTM+Attention,test,77.728762_12.809391,2024-06-01,0.51316226,0.4601622
BiLSTM+Attention,test,77.728762_13.047445,2024-06-01,0.47840628,0.48797253
BiLSTM+Attention,test,77.737745_12.764475,2024-06-01,0.45262983,0.42010647
BiLSTM+Attention,test,77.737745_12.791425,2024-06-01,0.49000645,0.4471639
BiLSTM+Attention,test,77.737745_12.809391,2024-06-01,0.48110646,0.43087372
BiLSTM+Attention,test,77.737745_12.858799,2024-06-01,0.50109273,0.47820818
BiLSTM+Attention,test,77.737745_12.881256,2024-06-01,0.58134675,0.56786853
BiLSTM+Attention,test,77.742237_12.697102,2024-06-01,0.66367656,0.6336337
BiLSTM+Attention,test,77.742237_12.86329,2024-06-01,0.43147576,0.4189266
BiLSTM+Attention,test,77.742237_12.89024,2024-06-01,0.55893254,0.5395428
BiLSTM+Attention,test,77.742237_12.980071,2024-06-01,0.52149403,0.5064956
BiLSTM+Attention,test,77.742237_13.016004,2024-06-01,0.5323132,0.53691214
BiLSTM+Attention,test,77.742237_13.038462,2024-06-01,0.4012411,0.40684396
BiLSTM+Attention,test,77.746728_12.782442,2024-06-01,0.55605227,0.52612513
BiLSTM+Attention,test,77.746728_12.97558,2024-06-01,0.5582777,0.53036
BiLSTM+Attention,test,77.746728_12.984563,2024-06-01,0.5251264,0.5227592
BiLSTM+Attention,test,77.746728_13.016004,2024-06-01,0.56983477,0.56285703
BiLSTM+Attention,test,77.746728_13.020495,2024-06-01,0.60369444,0.6060616
BiLSTM+Attention,test,77.746728_13.024987,2024-06-01,0.49853027,0.49012434
BiLSTM+Attention,test,77.746728_13.038462,2024-06-01,0.4088324,0.41616645
BiLSTM+Attention,test,77.75122_12.751001,2024-06-01,0.4952337,0.4606202
BiLSTM+Attention,test,77.75122_12.77795,2024-06-01,0.5132757,0.47673234
BiLSTM+Attention,test,77.75122_12.993546,2024-06-01,0.4609672,0.44549492
BiLSTM+Attention,test,77.75122_13.020495,2024-06-01,0.5165817,0.51146585
BiLSTM+Attention,test,77.75122_13.03397,2024-06-01,0.4413899,0.44530135
BiLSTM+Attention,test,77.75122_13.038462,2024-06-01,0.36718327,0.38459548
BiLSTM+Attention,test,77.755711_12.77795,2024-06-01,0.49348453,0.45081383
BiLSTM+Attention,test,77.755711_12.831849,2024-06-01,0.4453274,0.42987427
BiLSTM+Attention,test,77.755711_12.858799,2024-06-01,0.5089352,0.49754724
BiLSTM+Attention,test,77.755711_12.885748,2024-06-01,0.5039401,0.4934399
BiLSTM+Attention,test,77.760203_12.751001,2024-06-01,0.4958004,0.46281433
BiLSTM+Attention,test,77.760203_12.795916,2024-06-01,0.44826746,0.41235015
BiLSTM+Attention,test,77.760203_12.867782,2024-06-01,0.46404883,0.44038603
BiLSTM+Attention,test,77.760203_12.872273,2024-06-01,0.48423713,0.4655085
BiLSTM+Attention,test,77.760203_12.876765,2024-06-01,0.45090196,0.43455663
BiLSTM+Attention,test,77.760203_12.984563,2024-06-01,0.52051765,0.50503427
BiLSTM+Attention,test,77.764695_12.813883,2024-06-01,0.5220076,0.49899474
BiLSTM+Attention,test,77.764695_12.849815,2024-06-01,0.48689744,0.4682242
BiLSTM+Attention,test,77.764695_12.912697,2024-06-01,0.4986011,0.49173504
BiLSTM+Attention,test,77.764695_13.03397,2024-06-01,0.37600765,0.3732359
BiLSTM+Attention,test,77.769186_12.751001,2024-06-01,0.697415,0.6794293
BiLSTM+Attention,test,77.769186_12.791425,2024-06-01,0.45618555,0.41355774
BiLSTM+Attention,test,77.769186_12.800408,2024-06-01,0.51835674,0.49984688
BiLSTM+Attention,test,77.769186_12.8049,2024-06-01,0.56532496,0.5500299
BiLSTM+Attention,test,77.769186_12.809391,2024-06-01,0.47262585,0.45296037
BiLSTM+Attention,test,77.769186_12.876765,2024-06-01,0.50259006,0.4934951
BiLSTM+Attention,test,77.769186_13.016004,2024-06-01,0.44776547,0.44100887
BiLSTM+Attention,test,77.787152_12.867782,2024-06-01,0.4450353,0.42159414
BiLSTM+Attention,test,77.791644_12.8049,2024-06-01,0.4885897,0.46351576
BiLSTM+Attention,test,77.80961_12.858799,2024-06-01,0.4868103,0.46556103
BiLSTM+Attention,test,77.80961_12.86329,2024-06-01,0.46204555,0.4413672
BiLSTM+Attention,test,77.342486_12.926172,2024-07-01,0.730952,0.7201733
BiLSTM+Attention,test,77.346978_12.86329,2024-07-01,0.58358437,0.56932855
BiLSTM+Attention,test,77.369436_12.881256,2024-07-01,0.4489219,0.45774713
BiLSTM+Attention,test,77.369436_12.89024,2024-07-01,0.4284828,0.42608455
BiLSTM+Attention,test,77.382911_12.894731,2024-07-01,0.48428866,0.49978098
BiLSTM+Attention,test,77.391894_12.881256,2024-07-01,0.47475746,0.47988066
BiLSTM+Attention,test,77.391894_12.885748,2024-07-01,0.51417726,0.51454407
BiLSTM+Attention,test,77.396385_12.894731,2024-07-01,0.49417323,0.50317496
BiLSTM+Attention,test,77.396385_12.908206,2024-07-01,0.41772458,0.42215666
BiLSTM+Attention,test,77.396385_12.944139,2024-07-01,0.47627583,0.49774924
BiLSTM+Attention,test,77.405368_12.903714,2024-07-01,0.36219776,0.36716118
BiLSTM+Attention,test,77.405368_13.105835,2024-07-01,0.39922574,0.4071602
BiLSTM+Attention,test,77.405368_13.11931,2024-07-01,0.36458072,0.37746516
BiLSTM+Attention,test,77.414352_12.930664,2024-07-01,0.44873303,0.4753892
BiLSTM+Attention,test,77.414352_12.989054,2024-07-01,0.36687583,0.38338754
BiLSTM+Attention,test,77.414352_12.993546,2024-07-01,0.38813597,0.41281345
BiLSTM+Attention,test,77.414352_13.11931,2024-07-01,0.3945662,0.40674332
BiLSTM+Attention,test,77.418843_12.993546,2024-07-01,0.39700705,0.4205036
BiLSTM+Attention,test,77.423335_12.921681,2024-07-01,0.43009126,0.45275792
BiLSTM+Attention,test,77.432318_12.957613,2024-07-01,0.39602983,0.4231938
BiLSTM+Attention,test,77.432318_12.998037,2024-07-01,0.35799837,0.37834722
BiLSTM+Attention,test,77.436809_12.944139,2024-07-01,0.3968319,0.4137918
BiLSTM+Attention,test,77.441301_12.944139,2024-07-01,0.46495593,0.4907761
BiLSTM+Attention,test,77.441301_12.94863,2024-07-01,0.43332425,0.45968023
BiLSTM+Attention,test,77.441301_13.110327,2024-07-01,0.41618788,0.44646066
BiLSTM+Attention,test,77.445793_12.957613,2024-07-01,0.4508821,0.4821947
BiLSTM+Attention,test,77.445793_12.984563,2024-07-01,0.43633503,0.45692512
BiLSTM+Attention,test,77.450284_12.809391,2024-07-01,0.4587418,0.46194932
BiLSTM+Attention,test,77.450284_12.971088,2024-07-01,0.43381017,0.4602659
BiLSTM+Attention,test,77.450284_12.993546,2024-07-01,0.33191475,0.34524217
BiLSTM+Attention,test,77.450284_13.146259,2024-07-01,0.49621615,0.5183868
BiLSTM+Attention,test,77.454776_12.993546,2024-07-01,0.3724607,0.38828316
BiLSTM+Attention,test,77.454776_13.141768,2024-07-01,0.48693928,0.51262933
BiLSTM+Attention,test,77.459267_12.822866,2024-07-01,0.47458887,0.4800577
BiLSTM+Attention,test,77.459267_13.11931,2024-07-01,0.42846945,0.4572632
BiLSTM+Attention,test,77.46825_12.94863,2024-07-01,0.50744677,0.52931446
BiLSTM+Attention,test,77.46825_12.966596,2024-07-01,0.44229868,0.46499124
BiLSTM+Attention,test,77.46825_13.1777,2024-07-01,0.44959682,0.47924355
BiLSTM+Attention,test,77.472742_12.746509,2024-07-01,0.5571577,0.54747915
BiLSTM+Attention,test,77.472742_12.751001,2024-07-01,0.50561357,0.49679875
BiLSTM+Attention,test,77.472742_12.755492,2024-07-01,0.5151509,0.5057917
BiLSTM+Attention,test,77.472742_12.984563,2024-07-01,0.43086955,0.44717517
BiLSTM+Attention,test,77.477234_12.764475,2024-07-01,0.50069785,0.49454126
BiLSTM+Attention,test,77.477234_12.782442,2024-07-01,0.47257254,0.47620243
BiLSTM+Attention,test,77.477234_12.944139,2024-07-01,0.46150675,0.49429432
BiLSTM+Attention,test,77.477234_12.94863,2024-07-01,0.48864442,0.5126592
BiLSTM+Attention,test,77.477234_12.971088,2024-07-01,0.49145493,0.5023928
BiLSTM+Attention,test,77.481725_12.768967,2024-07-01,0.52219486,0.51472104
BiLSTM+Attention,test,77.481725_12.944139,2024-07-01,0.47007054,0.501781
BiLSTM+Attention,test,77.481725_12.971088,2024-07-01,0.39658263,0.41556033
BiLSTM+Attention,test,77.486217_12.764475,2024-07-01,0.48978156,0.4835307
BiLSTM+Attention,test,77.490708_12.768967,2024-07-01,0.48836064,0.4836773
BiLSTM+Attention,test,77.490708_13.182192,2024-07-01,0.43712455,0.46210763
BiLSTM+Attention,test,77.490708_13.209142,2024-07-01,0.39707264,0.4236546
BiLSTM+Attention,test,77.4952_12.786933,2024-07-01,0.46217507,0.44943857
BiLSTM+Attention,test,77.4952_13.182192,2024-07-01,0.45016348,0.47463042
BiLSTM+Attention,test,77.499692_12.755492,2024-07-01,0.5869441,0.5785234
BiLSTM+Attention,test,77.499692_13.168717,2024-07-01,0.4623303,0.47427925
BiLSTM+Attention,test,77.504183_12.764475,2024-07-01,0.54911727,0.53086036
BiLSTM+Attention,test,77.504183_12.786933,2024-07-01,0.5373829,0.5215125
BiLSTM+Attention,test,77.504183_13.159734,2024-07-01,0.50131387,0.52846885
BiLSTM+Attention,test,77.504183_13.195667,2024-07-01,0.3828206,0.4136837
BiLSTM+Attention,test,77.508675_12.751001,2024-07-01,0.62890774,0.6238853
BiLSTM+Attention,test,77.508675_12.795916,2024-07-01,0.5562023,0.5427085
BiLSTM+Attention,test,77.508675_13.159734,2024-07-01,0.5212343,0.54871905
BiLSTM+Attention,test,77.508675_13.191175,2024-07-01,0.3798701,0.40169853
BiLSTM+Attention,test,77.513166_12.746509,2024-07-01,0.7514606,0.7446968
BiLSTM+Attention,test,77.513166_12.764475,2024-07-01,0.5177627,0.5019122
BiLSTM+Attention,test,77.513166_12.77795,2024-07-01,0.6324057,0.60444456
BiLSTM+Attention,test,77.513166_13.1777,2024-07-01,0.41230348,0.4379997
BiLSTM+Attention,test,77.517658_12.77795,2024-07-01,0.58524704,0.5710014
BiLSTM+Attention,test,77.517658_13.186684,2024-07-01,0.4425457,0.46976572
BiLSTM+Attention,test,77.517658_13.191175,2024-07-01,0.3877817,0.41635573
BiLSTM+Attention,test,77.522149_12.782442,2024-07-01,0.6163713,0.5986225
BiLSTM+Attention,test,77.522149_13.146259,2024-07-01,0.34782082,0.387032
BiLSTM+Attention,test,77.522149_13.200158,2024-07-01,0.448981,0.4773169
BiLSTM+Attention,test,77.531133_13.083377,2024-07-01,0.56321204,0.5835741
BiLSTM+Attention,test,77.531133_13.195667,2024-07-01,0.4788182,0.5056077
BiLSTM+Attention,test,77.535624_13.083377,2024-07-01,0.5503372,0.5646615
BiLSTM+Attention,test,77.535624_13.195667,2024-07-01,0.39370975,0.41965982
BiLSTM+Attention,test,77.540116_13.042953,2024-07-01,0.56127167,0.580602
BiLSTM+Attention,test,77.540116_13.114818,2024-07-01,0.4067633,0.43503165
BiLSTM+Attention,test,77.544607_13.218125,2024-07-01,0.45689893,0.48578104
BiLSTM+Attention,test,77.549099_12.845324,2024-07-01,0.60417336,0.6153784
BiLSTM+Attention,test,77.55359_12.71956,2024-07-01,0.74308455,0.7307017
BiLSTM+Attention,test,77.55359_12.849815,2024-07-01,0.5888095,0.5959534
BiLSTM+Attention,test,77.55359_13.069903,2024-07-01,0.72536504,0.7237587
BiLSTM+Attention,test,77.55359_13.110327,2024-07-01,0.4828934,0.49409002
BiLSTM+Attention,test,77.55359_13.168717,2024-07-01,0.47446388,0.49939373
BiLSTM+Attention,test,77.55359_13.173209,2024-07-01,0.3934341,0.41410765
BiLSTM+Attention,test,77.558082_13.042953,2024-07-01,0.64197934,0.653131
BiLSTM+Attention,test,77.558082_13.051936,2024-07-01,0.6966235,0.69984937
BiLSTM+Attention,test,77.558082_13.110327,2024-07-01,0.4998074,0.5205802
BiLSTM+Attention,test,77.558082_13.1777,2024-07-01,0.44638345,0.47491685
BiLSTM+Attention,test,77.562574_12.71956,2024-07-01,0.7488489,0.7381765
BiLSTM+Attention,test,77.567065_12.724051,2024-07-01,0.7263767,0.7060031
BiLSTM+Attention,test,77.567065_13.105835,2024-07-01,0.574749,0.5870951
BiLSTM+Attention,test,77.567065_13.114818,2024-07-01,0.65104544,0.65784895
BiLSTM+Attention,test,77.567065_13.182192,2024-07-01,0.48175955,0.50910825
BiLSTM+Attention,test,77.571557_12.71956,2024-07-01,0.74869406,0.7241658
BiLSTM+Attention,test,77.576048_12.71956,2024-07-01,0.72571075,0.699516
BiLSTM+Attention,test,77.576048_12.728543,2024-07-01,0.7513061,0.7290176
BiLSTM+Attention,test,77.585031_13.042953,2024-07-01,0.6863884,0.69300556
BiLSTM+Attention,test,77.585031_13.137276,2024-07-01,0.45587543,0.4842979
BiLSTM+Attention,test,77.589523_12.71956,2024-07-01,0.81205827,0.7868147
BiLSTM+Attention,test,77.589523_12.746509,2024-07-01,0.7073031,0.6922691
BiLSTM+Attention,test,77.589523_12.971088,2024-07-01,0.7386757,0.7365016
BiLSTM+Attention,test,77.594015_12.724051,2024-07-01,0.8136198,0.80005467
BiLSTM+Attention,test,77.594015_12.733034,2024-07-01,0.78645825,0.779893
BiLSTM+Attention,test,77.594015_12.831849,2024-07-01,0.5795222,0.57504773
BiLSTM+Attention,test,77.594015_12.998037,2024-07-01,0.72978497,0.72477597
BiLSTM+Attention,test,77.598506_12.665661,2024-07-01,0.76877564,0.7449086
BiLSTM+Attention,test,77.598506_12.710577,2024-07-01,0.66955507,0.6697315
BiLSTM+Attention,test,77.598506_12.822866,2024-07-01,0.60708296,0.5969858
BiLSTM+Attention,test,77.598506_13.083377,2024-07-01,0.58545136,0.59747267
BiLSTM+Attention,test,77.598506_13.128293,2024-07-01,0.5558738,0.56921715
BiLSTM+Attention,test,77.602998_12.710577,2024-07-01,0.6936119,0.6916412
BiLSTM+Attention,test,77.602998_12.827358,2024-07-01,0.4904875,0.47606912
BiLSTM+Attention,test,77.602998_13.114818,2024-07-01,0.5654588,0.5759935
BiLSTM+Attention,test,77.602998_13.11931,2024-07-01,0.57140183,0.5856458
BiLSTM+Attention,test,77.602998_13.128293,2024-07-01,0.50863874,0.5285697
BiLSTM+Attention,test,77.602998_13.164226,2024-07-01,0.4550533,0.47276515
BiLSTM+Attention,test,77.607489_12.768967,2024-07-01,0.6134332,0.5994421
BiLSTM+Attention,test,77.607489_12.773459,2024-07-01,0.584421,0.5752934
BiLSTM+Attention,test,77.607489_12.791425,2024-07-01,0.53781885,0.53437006
BiLSTM+Attention,test,77.607489_12.809391,2024-07-01,0.6366474,0.6380013
BiLSTM+Attention,test,77.607489_12.818374,2024-07-01,0.6874362,0.6886999
BiLSTM+Attention,test,77.607489_13.087869,2024-07-01,0.72685796,0.73400325
BiLSTM+Attention,test,77.611981_12.674644,2024-07-01,0.7881149,0.77855724
BiLSTM+Attention,test,77.611981_12.768967,2024-07-01,0.56890404,0.55069286
BiLSTM+Attention,test,77.611981_12.953122,2024-07-01,0.72732276,0.73054194
BiLSTM+Attention,test,77.611981_13.168717,2024-07-01,0.40497407,0.44082582
BiLSTM+Attention,test,77.611981_13.182192,2024-07-01,0.356623,0.38193104
BiLSTM+Attention,test,77.616473_13.114818,2024-07-01,0.55666894,0.5742601
BiLSTM+Attention,test,77.616473_13.141768,2024-07-01,0.44874784,0.46811843
BiLSTM+Attention,test,77.616473_13.1777,2024-07-01,0.36060798,0.38711438
BiLSTM+Attention,test,77.620964_12.674644,2024-07-01,0.79117715,0.7798371
BiLSTM+Attention,test,77.620964_12.795916,2024-07-01,0.44594735,0.43075585
BiLSTM+Attention,test,77.620964_12.813883,2024-07-01,0.44882232,0.44203666
BiLSTM+Attention,test,77.625456_12.782442,2024-07-01,0.5180788,0.50572497
BiLSTM+Attention,test,77.625456_13.065411,2024-07-01,0.39120847,0.42695293
BiLSTM+Attention,test,77.625456_13.155243,2024-07-01,0.6334212,0.63560265
BiLSTM+Attention,test,77.625456_13.182192,2024-07-01,0.41782036,0.44567552
BiLSTM+Attention,test,77.629947_12.795916,2024-07-01,0.77346206,0.73146015
BiLSTM+Attention,test,77.629947_12.809391,2024-07-01,0.47165278,0.46435475
BiLSTM+Attention,test,77.629947_12.854307,2024-07-01,0.4919485,0.49018374
BiLSTM+Attention,test,77.629947_13.06092,2024-07-01,0.41925728,0.44999897
BiLSTM+Attention,test,77.629947_13.087869,2024-07-01,0.4384478,0.45918384
BiLSTM+Attention,test,77.629947_13.1777,2024-07-01,0.4428985,0.47002685
BiLSTM+Attention,test,77.634439_12.679136,2024-07-01,0.7601884,0.7523623
BiLSTM+Attention,test,77.634439_12.701593,2024-07-01,0.7231029,0.69880855
BiLSTM+Attention,test,77.634439_12.733034,2024-07-01,0.4878605,0.46635038
BiLSTM+Attention,test,77.634439_12.746509,2024-07-01,0.5224989,0.5071327
BiLSTM+Attention,test,77.634439_12.751001,2024-07-01,0.5185341,0.5073094
BiLSTM+Attention,test,77.634439_13.047445,2024-07-01,0.481405,0.5027554
BiLSTM+Attention,test,77.634439_13.083377,2024-07-01,0.40969208,0.44672567
BiLSTM+Attention,test,77.634439_13.137276,2024-07-01,0.39996043,0.439237
BiLSTM+Attention,test,77.63893_12.688119,2024-07-01,0.6849667,0.67275757
BiLSTM+Attention,test,77.63893_12.742018,2024-07-01,0.5335707,0.5213898
BiLSTM+Attention,test,77.63893_12.791425,2024-07-01,0.5329046,0.5177073
BiLSTM+Attention,test,77.63893_12.800408,2024-07-01,0.4749073,0.46672615
BiLSTM+Attention,test,77.63893_12.840832,2024-07-01,0.6250522,0.6179948
BiLSTM+Attention,test,77.63893_13.056428,2024-07-01,0.5153401,0.5385682
BiLSTM+Attention,test,77.63893_13.078886,2024-07-01,0.43096128,0.45979023
BiLSTM+Attention,test,77.63893_13.083377,2024-07-01,0.404384,0.44271085
BiLSTM+Attention,test,77.643422_12.795916,2024-07-01,0.4824938,0.4692892
BiLSTM+Attention,test,77.643422_12.800408,2024-07-01,0.48590446,0.4770786
BiLSTM+Attention,test,77.643422_12.809391,2024-07-01,0.50810593,0.49789873
BiLSTM+Attention,test,77.643422_13.002529,2024-07-01,0.5249159,0.53951484
BiLSTM+Attention,test,77.643422_13.164226,2024-07-01,0.57790923,0.5842269
BiLSTM+Attention,test,77.647914_12.688119,2024-07-01,0.7239974,0.7028142
BiLSTM+Attention,test,77.647914_12.733034,2024-07-01,0.5415316,0.52446043
BiLSTM+Attention,test,77.647914_13.141768,2024-07-01,0.66328096,0.6751077
BiLSTM+Attention,test,77.647914_13.168717,2024-07-01,0.7092961,0.7100876
BiLSTM+Attention,test,77.652405_12.697102,2024-07-01,0.68577033,0.6757595
BiLSTM+Attention,test,77.652405_12.773459,2024-07-01,0.4639747,0.4553332
BiLSTM+Attention,test,77.652405_12.795916,2024-07-01,0.43665278,0.42597
BiLSTM+Attention,test,77.652405_12.8049,2024-07-01,0.52822554,0.52045643
BiLSTM+Attention,test,77.652405_13.002529,2024-07-01,0.52101725,0.51472646
BiLSTM+Attention,test,77.656897_12.742018,2024-07-01,0.5437534,0.52552974
BiLSTM+Attention,test,77.656897_12.746509,2024-07-01,0.5156818,0.50484425
BiLSTM+Attention,test,77.656897_12.768967,2024-07-01,0.5184289,0.5180958
BiLSTM+Attention,test,77.656897_12.791425,2024-07-01,0.45748526,0.4442646
BiLSTM+Attention,test,77.656897_12.800408,2024-07-01,0.5491965,0.53782153
BiLSTM+Attention,test,77.656897_12.831849,2024-07-01,0.5733138,0.56212443
BiLSTM+Attention,test,77.656897_13.101344,2024-07-01,0.46931705,0.48938668
BiLSTM+Attention,test,77.656897_13.164226,2024-07-01,0.44489762,0.46955714
BiLSTM+Attention,test,77.656897_13.173209,2024-07-01,0.3886852,0.43001118
BiLSTM+Attention,test,77.661388_12.737526,2024-07-01,0.56117374,0.54337656
BiLSTM+Attention,test,77.661388_12.759984,2024-07-01,0.5510249,0.5380984
BiLSTM+Attention,test,77.661388_13.056428,2024-07-01,0.45636684,0.4837004
BiLSTM+Attention,test,77.661388_13.074394,2024-07-01,0.52130926,0.5408242
BiLSTM+Attention,test,77.661388_13.087869,2024-07-01,0.43462244,0.4513253
BiLSTM+Attention,test,77.661388_13.101344,2024-07-01,0.4433662,0.46709368
BiLSTM+Attention,test,77.661388_13.110327,2024-07-01,0.519806,0.5392725
BiLSTM+Attention,test,77.661388_13.11931,2024-07-01,0.5914859,0.5961187
BiLSTM+Attention,test,77.66588_12.679136,2024-07-01,0.65164024,0.62484044
BiLSTM+Attention,test,77.66588_12.697102,2024-07-01,0.6244716,0.6061073
BiLSTM+Attention,test,77.66588_12.715068,2024-07-01,0.6312543,0.6085366
BiLSTM+Attention,test,77.66588_12.724051,2024-07-01,0.6178569,0.58926594
BiLSTM+Attention,test,77.66588_12.751001,2024-07-01,0.495129,0.48105162
BiLSTM+Attention,test,77.66588_12.755492,2024-07-01,0.5606359,0.54852396
BiLSTM+Attention,test,77.66588_12.764475,2024-07-01,0.54762477,0.540928
BiLSTM+Attention,test,77.66588_12.768967,2024-07-01,0.69752115,0.68557674
BiLSTM+Attention,test,77.66588_12.791425,2024-07-01,0.5966804,0.5830965
BiLSTM+Attention,test,77.66588_13.038462,2024-07-01,0.45423055,0.48354718
BiLSTM+Attention,test,77.66588_13.051936,2024-07-01,0.49279705,0.5193006
BiLSTM+Attention,test,77.66588_13.173209,2024-07-01,0.39708456,0.4315369
BiLSTM+Attention,test,77.670371_12.71956,2024-07-01,0.6486139,0.6226501
BiLSTM+Attention,test,77.670371_12.881256,2024-07-01,0.47406235,0.47768214
BiLSTM+Attention,test,77.670371_13.069903,2024-07-01,0.411465,0.44208524
BiLSTM+Attention,test,77.670371_13.083377,2024-07-01,0.37745613,0.41545522
BiLSTM+Attention,test,77.670371_13.092361,2024-07-01,0.38714164,0.4152914
BiLSTM+Attention,test,77.670371_13.128293,2024-07-01,0.4949032,0.5150945
BiLSTM+Attention,test,77.674863_12.674644,2024-07-01,0.71545917,0.69803894
BiLSTM+Attention,test,77.674863_12.71956,2024-07-01,0.6563633,0.6365552
BiLSTM+Attention,test,77.674863_12.755492,2024-07-01,0.5007429,0.48894784
BiLSTM+Attention,test,77.674863_12.764475,2024-07-01,0.50456226,0.49483976
BiLSTM+Attention,test,77.674863_12.786933,2024-07-01,0.5138907,0.50031763
BiLSTM+Attention,test,77.674863_12.836341,2024-07-01,0.5173492,0.51255375
BiLSTM+Attention,test,77.674863_13.051936,2024-07-01,0.4995529,0.5258367
BiLSTM+Attention,test,77.674863_13.069903,2024-07-01,0.3777329,0.41023606
BiLSTM+Attention,test,77.674863_13.092361,2024-07-01,0.43015078,0.4559714
BiLSTM+Attention,test,77.674863_13.105835,2024-07-01,0.48186612,0.50244075
BiLSTM+Attention,test,77.679355_12.697102,2024-07-01,0.5181608,0.503388
BiLSTM+Attention,test,77.679355_12.746509,2024-07-01,0.6806701,0.6559297
BiLSTM+Attention,test,77.679355_12.89024,2024-07-01,0.5112747,0.5138251
BiLSTM+Attention,test,77.679355_13.056428,2024-07-01,0.45435816,0.48818198
BiLSTM+Attention,test,77.679355_13.074394,2024-07-01,0.42692754,0.4651127
BiLSTM+Attention,test,77.679355_13.101344,2024-07-01,0.44395083,0.46745485
BiLSTM+Attention,test,77.679355_13.141768,2024-07-01,0.49446306,0.5102687
BiLSTM+Attention,test,77.679355_13.155243,2024-07-01,0.3935868,0.4289782
BiLSTM+Attention,test,77.679355_13.159734,2024-07-01,0.4296708,0.46381482
BiLSTM+Attention,test,77.683846_12.728543,2024-07-01,0.5519702,0.53740555
BiLSTM+Attention,test,77.683846_12.742018,2024-07-01,0.50605863,0.48109344
BiLSTM+Attention,test,77.683846_12.755492,2024-07-01,0.7104129,0.6887403
BiLSTM+Attention,test,77.683846_12.795916,2024-07-01,0.5042044,0.4949922
BiLSTM+Attention,test,77.683846_12.8049,2024-07-01,0.48986486,0.47959372
BiLSTM+Attention,test,77.683846_12.836341,2024-07-01,0.5855433,0.5719003
BiLSTM+Attention,test,77.683846_12.840832,2024-07-01,0.59509474,0.5823338
BiLSTM+Attention,test,77.683846_13.029478,2024-07-01,0.3459188,0.37525356
BiLSTM+Attention,test,77.683846_13.06092,2024-07-01,0.4418206,0.46959323
BiLSTM+Attention,test,77.683846_13.074394,2024-07-01,0.38378453,0.42332664
BiLSTM+Attention,test,77.683846_13.11931,2024-07-01,0.36675,0.40646476
BiLSTM+Attention,test,77.683846_13.123802,2024-07-01,0.43175668,0.46181175
BiLSTM+Attention,test,77.688338_12.656678,2024-07-01,0.7057599,0.66940796
BiLSTM+Attention,test,77.688338_12.69261,2024-07-01,0.79425186,0.774984
BiLSTM+Attention,test,77.688338_12.697102,2024-07-01,0.80209595,0.780767
BiLSTM+Attention,test,77.688338_12.710577,2024-07-01,0.80113035,0.7754821
BiLSTM+Attention,test,77.688338_12.751001,2024-07-01,0.5838901,0.5624465
BiLSTM+Attention,test,77.688338_12.755492,2024-07-01,0.54488266,0.52315164
BiLSTM+Attention,test,77.688338_12.876765,2024-07-01,0.7698141,0.7367482
BiLSTM+Attention,test,77.688338_12.885748,2024-07-01,0.49520388,0.4975474
BiLSTM+Attention,test,77.688338_12.966596,2024-07-01,0.56180793,0.5763919
BiLSTM+Attention,test,77.692829_12.746509,2024-07-01,0.46062046,0.44384742
BiLSTM+Attention,test,77.692829_12.800408,2024-07-01,0.4558244,0.4568276
BiLSTM+Attention,test,77.692829_12.845324,2024-07-01,0.6305879,0.6201161
BiLSTM+Attention,test,77.692829_12.885748,2024-07-01,0.53766525,0.5335036
BiLSTM+Attention,test,77.692829_12.899223,2024-07-01,0.45835066,0.4701249
BiLSTM+Attention,test,77.692829_13.047445,2024-07-01,0.7337707,0.72174376
BiLSTM+Attention,test,77.692829_13.06092,2024-07-01,0.56909686,0.5796989
BiLSTM+Attention,test,77.692829_13.065411,2024-07-01,0.5351815,0.54693973
BiLSTM+Attention,test,77.692829_13.083377,2024-07-01,0.3899366,0.4218124
BiLSTM+Attention,test,77.692829_13.096852,2024-07-01,0.38885924,0.42578605
BiLSTM+Attention,test,77.692829_13.132785,2024-07-01,0.3871965,0.42230976
BiLSTM+Attention,test,77.692829_13.155243,2024-07-01,0.39003298,0.42274097
BiLSTM+Attention,test,77.697321_12.697102,2024-07-01,0.79978085,0.7790424
BiLSTM+Attention,test,77.697321_12.751001,2024-07-01,0.52148557,0.5090491
BiLSTM+Attention,test,77.697321_12.773459,2024-07-01,0.46232608,0.46330902
BiLSTM+Attention,test,77.697321_12.791425,2024-07-01,0.5588512,0.5483285
BiLSTM+Attention,test,77.697321_12.885748,2024-07-01,0.5393055,0.5340981
BiLSTM+Attention,test,77.697321_12.894731,2024-07-01,0.4774827,0.4880735
BiLSTM+Attention,test,77.697321_12.930664,2024-07-01,0.4930411,0.49866924
BiLSTM+Attention,test,77.697321_13.132785,2024-07-01,0.3886996,0.4236602
BiLSTM+Attention,test,77.697321_13.150751,2024-07-01,0.43497837,0.46255356
BiLSTM+Attention,test,77.701812_12.742018,2024-07-01,0.48577768,0.47721004
BiLSTM+Attention,test,77.701812_12.77795,2024-07-01,0.46711758,0.4557471
BiLSTM+Attention,test,77.701812_12.8049,2024-07-01,0.5479547,0.54346216
BiLSTM+Attention,test,77.701812_12.822866,2024-07-01,0.5142441,0.50752187
BiLSTM+Attention,test,77.701812_12.872273,2024-07-01,0.4402613,0.4524505
BiLSTM+Attention,test,77.701812_12.984563,2024-07-01,0.4701079,0.49090305
BiLSTM+Attention,test,77.701812_13.03397,2024-07-01,0.41543338,0.4411474
BiLSTM+Attention,test,77.701812_13.114818,2024-07-01,0.47502983,0.49453267
BiLSTM+Attention,test,77.701812_13.164226,2024-07-01,0.4458077,0.46304262
BiLSTM+Attention,test,77.706304_12.746509,2024-07-01,0.4908645,0.4895105
BiLSTM+Attention,test,77.706304_12.751001,2024-07-01,0.51120263,0.5058227
BiLSTM+Attention,test,77.706304_12.759984,2024-07-01,0.41383165,0.40335807
BiLSTM+Attention,test,77.706304_12.764475,2024-07-01,0.48262912,0.463569
BiLSTM+Attention,test,77.706304_12.86329,2024-07-01,0.3831257,0.39328548
BiLSTM+Attention,test,77.706304_12.984563,2024-07-01,0.47110587,0.4904748
BiLSTM+Attention,test,77.706304_13.038462,2024-07-01,0.41777086,0.4461308
BiLSTM+Attention,test,77.706304_13.042953,2024-07-01,0.48896992,0.5094939
BiLSTM+Attention,test,77.706304_13.137276,2024-07-01,0.739066,0.7312902
BiLSTM+Attention,test,77.710796_12.715068,2024-07-01,0.60528517,0.5950396
BiLSTM+Attention,test,77.710796_12.894731,2024-07-01,0.5741591,0.5699407
BiLSTM+Attention,test,77.710796_12.899223,2024-07-01,0.50109273,0.4999992
BiLSTM+Attention,test,77.710796_12.912697,2024-07-01,0.4245745,0.44288328
BiLSTM+Attention,test,77.710796_13.03397,2024-07-01,0.4279783,0.4645938
BiLSTM+Attention,test,77.710796_13.11931,2024-07-01,0.42438152,0.4483216
BiLSTM+Attention,test,77.710796_13.123802,2024-07-01,0.38917947,0.41754904
BiLSTM+Attention,test,77.710796_13.132785,2024-07-01,0.45491177,0.47838402
BiLSTM+Attention,test,77.710796_13.150751,2024-07-01,0.38809258,0.4104697
BiLSTM+Attention,test,77.710796_13.168717,2024-07-01,0.49542728,0.50842875
BiLSTM+Attention,test,77.710796_13.173209,2024-07-01,0.4851137,0.50499403
BiLSTM+Attention,test,77.715287_12.679136,2024-07-01,0.6872907,0.65175563
BiLSTM+Attention,test,77.715287_12.742018,2024-07-01,0.47867727,0.4772586
BiLSTM+Attention,test,77.715287_12.773459,2024-07-01,0.45432836,0.45736223
BiLSTM+Attention,test,77.715287_12.822866,2024-07-01,0.4965551,0.50322515
BiLSTM+Attention,test,77.715287_12.827358,2024-07-01,0.45355433,0.45882836
BiLSTM+Attention,test,77.715287_12.845324,2024-07-01,0.39987358,0.41029704
BiLSTM+Attention,test,77.715287_12.885748,2024-07-01,0.545665,0.5449493
BiLSTM+Attention,test,77.715287_12.899223,2024-07-01,0.40443137,0.41692415
BiLSTM+Attention,test,77.715287_12.939647,2024-07-01,0.68562937,0.69483024
BiLSTM+Attention,test,77.715287_12.944139,2024-07-01,0.7236151,0.73760384
BiLSTM+Attention,test,77.715287_12.94863,2024-07-01,0.58893883,0.6004815
BiLSTM+Attention,test,77.715287_13.016004,2024-07-01,0.51415753,0.535251
BiLSTM+Attention,test,77.715287_13.029478,2024-07-01,0.3675331,0.40327004
BiLSTM+Attention,test,77.715287_13.038462,2024-07-01,0.4929032,0.51402354
BiLSTM+Attention,test,77.715287_13.051936,2024-07-01,0.49211824,0.51277465
BiLSTM+Attention,test,77.715287_13.056428,2024-07-01,0.4011941,0.4305567
BiLSTM+Attention,test,77.715287_13.096852,2024-07-01,0.33052787,0.3668734
BiLSTM+Attention,test,77.715287_13.114818,2024-07-01,0.502352,0.51569396
BiLSTM+Attention,test,77.715287_13.128293,2024-07-01,0.45813286,0.4735182
BiLSTM+Attention,test,77.719779_12.706085,2024-07-01,0.6279674,0.6161391
BiLSTM+Attention,test,77.719779_12.746509,2024-07-01,0.6885707,0.67704964
BiLSTM+Attention,test,77.719779_12.795916,2024-07-01,0.47269893,0.4583955
BiLSTM+Attention,test,77.719779_12.840832,2024-07-01,0.5156505,0.5099732
BiLSTM+Attention,test,77.719779_12.903714,2024-07-01,0.41384512,0.43484077
BiLSTM+Attention,test,77.719779_13.069903,2024-07-01,0.3951693,0.42262828
BiLSTM+Attention,test,77.719779_13.105835,2024-07-01,0.42086062,0.4520949
BiLSTM+Attention,test,77.719779_13.123802,2024-07-01,0.4092238,0.4388147
BiLSTM+Attention,test,77.719779_13.137276,2024-07-01,0.4221678,0.45435414
BiLSTM+Attention,test,77.719779_13.155243,2024-07-01,0.40396523,0.43704206
BiLSTM+Attention,test,77.72427_12.674644,2024-07-01,0.5360341,0.5082666
BiLSTM+Attention,test,77.72427_12.697102,2024-07-01,0.48808077,0.47013775
BiLSTM+Attention,test,77.72427_12.701593,2024-07-01,0.527248,0.50630367
BiLSTM+Attention,test,77.72427_12.724051,2024-07-01,0.5213174,0.49946252
BiLSTM+Attention,test,77.72427_12.786933,2024-07-01,0.48051754,0.4717693
BiLSTM+Attention,test,77.72427_12.791425,2024-07-01,0.4909815,0.47766796
BiLSTM+Attention,test,77.72427_12.840832,2024-07-01,0.49097648,0.49182191
BiLSTM+Attention,test,77.72427_12.867782,2024-07-01,0.42495212,0.43777123
BiLSTM+Attention,test,77.72427_12.885748,2024-07-01,0.47142735,0.47667158
BiLSTM+Attention,test,77.72427_13.024987,2024-07-01,0.77258956,0.78017986
BiLSTM+Attention,test,77.72427_13.06092,2024-07-01,0.4040892,0.43848786
BiLSTM+Attention,test,77.72427_13.074394,2024-07-01,0.43481514,0.4657405
BiLSTM+Attention,test,77.728762_12.706085,2024-07-01,0.62615067,0.6132673
BiLSTM+Attention,test,77.728762_12.724051,2024-07-01,0.63657796,0.61790097
BiLSTM+Attention,test,77.728762_12.759984,2024-07-01,0.49500525,0.48414502
BiLSTM+Attention,test,77.728762_12.782442,2024-07-01,0.53221995,0.51967627
BiLSTM+Attention,test,77.728762_12.809391,2024-07-01,0.48335338,0.4747034
BiLSTM+Attention,test,77.728762_12.858799,2024-07-01,0.5334001,0.5344181
BiLSTM+Attention,test,77.728762_12.876765,2024-07-01,0.54129714,0.5400246
BiLSTM+Attention,test,77.728762_12.885748,2024-07-01,0.46424207,0.4689649
BiLSTM+Attention,test,77.728762_13.047445,2024-07-01,0.4672297,0.49475643
BiLSTM+Attention,test,77.728762_13.087869,2024-07-01,0.4718362,0.49206236
BiLSTM+Attention,test,77.728762_13.092361,2024-07-01,0.43585014,0.46715876
BiLSTM+Attention,test,77.733253_12.755492,2024-07-01,0.43881303,0.42787185
BiLSTM+Attention,test,77.733253_12.795916,2024-07-01,0.47505653,0.4723472
BiLSTM+Attention,test,77.733253_12.86329,2024-07-01,0.5544792,0.55130774
BiLSTM+Attention,test,77.733253_12.872273,2024-07-01,0.5469476,0.5452356
BiLSTM+Attention,test,77.733253_12.998037,2024-07-01,0.6084364,0.61951125
BiLSTM+Attention,test,77.733253_13.056428,2024-07-01,0.3710241,0.4042156
BiLSTM+Attention,test,77.737745_12.764475,2024-07-01,0.43733075,0.43529025
BiLSTM+Attention,test,77.737745_12.791425,2024-07-01,0.4759661,0.46084538
BiLSTM+Attention,test,77.737745_12.809391,2024-07-01,0.45020074,0.4442676
BiLSTM+Attention,test,77.737745_12.858799,2024-07-01,0.47935387,0.4823992
BiLSTM+Attention,test,77.737745_12.872273,2024-07-01,0.53434134,0.5271382
BiLSTM+Attention,test,77.737745_12.881256,2024-07-01,0.5727118,0.5705846
BiLSTM+Attention,test,77.737745_13.051936,2024-07-01,0.37653977,0.40560952
BiLSTM+Attention,test,77.737745_13.06092,2024-07-01,0.4133086,0.4450787
BiLSTM+Attention,test,77.737745_13.078886,2024-07-01,0.44401065,0.45882672
BiLSTM+Attention,test,77.737745_13.101344,2024-07-01,0.3660852,0.39236054
BiLSTM+Attention,test,77.742237_12.697102,2024-07-01,0.6533088,0.631172
BiLSTM+Attention,test,77.742237_12.764475,2024-07-01,0.45721206,0.44925597
BiLSTM+Attention,test,77.742237_12.795916,2024-07-01,0.4549574,0.4547476
BiLSTM+Attention,test,77.742237_12.8049,2024-07-01,0.4850512,0.47853142
BiLSTM+Attention,test,77.742237_12.86329,2024-07-01,0.40437043,0.4244718
BiLSTM+Attention,test,77.742237_12.867782,2024-07-01,0.5392845,0.5358562
BiLSTM+Attention,test,77.742237_12.89024,2024-07-01,0.54804873,0.54506886
BiLSTM+Attention,test,77.742237_12.899223,2024-07-01,0.53892726,0.53712696
BiLSTM+Attention,test,77.742237_12.921681,2024-07-01,0.45490298,0.46386033
BiLSTM+Attention,test,77.742237_12.980071,2024-07-01,0.5078972,0.5176478
BiLSTM+Attention,test,77.742237_13.002529,2024-07-01,0.5415411,0.55271673
BiLSTM+Attention,test,77.742237_13.016004,2024-07-01,0.52385783,0.5415029
BiLSTM+Attention,test,77.742237_13.038462,2024-07-01,0.38035756,0.41978398
BiLSTM+Attention,test,77.742237_13.074394,2024-07-01,0.3538655,0.38216946
BiLSTM+Attention,test,77.742237_13.078886,2024-07-01,0.43712848,0.45870876
BiLSTM+Attention,test,77.742237_13.101344,2024-07-01,0.40369508,0.4310409
BiLSTM+Attention,test,77.746728_12.751001,2024-07-01,0.4901284,0.47821036
BiLSTM+Attention,test,77.746728_12.764475,2024-07-01,0.4747327,0.46165577
BiLSTM+Attention,test,77.746728_12.782442,2024-07-01,0.5436681,0.53227246
BiLSTM+Attention,test,77.746728_12.97558,2024-07-01,0.5307591,0.5406657
BiLSTM+Attention,test,77.746728_12.984563,2024-07-01,0.5195742,0.53029495
BiLSTM+Attention,test,77.746728_13.016004,2024-07-01,0.5477466,0.5670262
BiLSTM+Attention,test,77.746728_13.020495,2024-07-01,0.58903885,0.6069482
BiLSTM+Attention,test,77.746728_13.024987,2024-07-01,0.4796922,0.49750924
BiLSTM+Attention,test,77.746728_13.038462,2024-07-01,0.39727312,0.42724416
BiLSTM+Attention,test,77.746728_13.06092,2024-07-01,0.344522,0.3787082
BiLSTM+Attention,test,77.746728_13.083377,2024-07-01,0.45202696,0.4690931
BiLSTM+Attention,test,77.746728_13.092361,2024-07-01,0.42656213,0.4583049
BiLSTM+Attention,test,77.75122_12.751001,2024-07-01,0.48016596,0.46975404
BiLSTM+Attention,test,77.75122_12.755492,2024-07-01,0.543731,0.5282194
BiLSTM+Attention,test,77.75122_12.768967,2024-07-01,0.44254458,0.4295509
BiLSTM+Attention,test,77.75122_12.894731,2024-07-01,0.4569431,0.46642646
BiLSTM+Attention,test,77.75122_12.993546,2024-07-01,0.4473167,0.45878872
BiLSTM+Attention,test,77.75122_13.020495,2024-07-01,0.50560653,0.51890117
BiLSTM+Attention,test,77.75122_13.03397,2024-07-01,0.43113232,0.45636475
BiLSTM+Attention,test,77.75122_13.038462,2024-07-01,0.3547818,0.3903831
BiLSTM+Attention,test,77.755711_12.706085,2024-07-01,0.5581739,0.54224735
BiLSTM+Attention,test,77.755711_12.764475,2024-07-01,0.7943023,0.76869285
BiLSTM+Attention,test,77.755711_12.822866,2024-07-01,0.45216647,0.46147764
BiLSTM+Attention,test,77.755711_12.831849,2024-07-01,0.42625594,0.44016048
BiLSTM+Attention,test,77.755711_12.858799,2024-07-01,0.4966119,0.5027642
BiLSTM+Attention,test,77.755711_12.885748,2024-07-01,0.4956932,0.498
BiLSTM+Attention,test,77.755711_12.899223,2024-07-01,0.41762364,0.427628
BiLSTM+Attention,test,77.755711_12.903714,2024-07-01,0.45569777,0.46332598
BiLSTM+Attention,test,77.755711_12.926172,2024-07-01,0.49740747,0.5001583
BiLSTM+Attention,test,77.760203_12.751001,2024-07-01,0.4850767,0.47723228
BiLSTM+Attention,test,77.760203_12.795916,2024-07-01,0.42593727,0.42486587
BiLSTM+Attention,test,77.760203_12.818374,2024-07-01,0.55797195,0.5547045
BiLSTM+Attention,test,77.760203_12.867782,2024-07-01,0.43889055,0.44861582
BiLSTM+Attention,test,77.760203_12.872273,2024-07-01,0.4633394,0.4709561
BiLSTM+Attention,test,77.760203_12.876765,2024-07-01,0.43530115,0.44139472
BiLSTM+Attention,test,77.760203_12.885748,2024-07-01,0.45945343,0.46843085
BiLSTM+Attention,test,77.760203_12.984563,2024-07-01,0.5094159,0.516055
BiLSTM+Attention,test,77.764695_12.742018,2024-07-01,0.65691406,0.63773006
BiLSTM+Attention,test,77.764695_12.746509,2024-07-01,0.64904016,0.63215595
BiLSTM+Attention,test,77.764695_12.813883,2024-07-01,0.50064003,0.5039815
BiLSTM+Attention,test,77.764695_12.849815,2024-07-01,0.4647766,0.47377604
BiLSTM+Attention,test,77.764695_12.885748,2024-07-01,0.47972894,0.4807845
BiLSTM+Attention,test,77.764695_12.912697,2024-07-01,0.48923627,0.5007943
BiLSTM+Attention,test,77.764695_13.03397,2024-07-01,0.35296914,0.38705632
BiLSTM+Attention,test,77.769186_12.751001,2024-07-01,0.6863622,0.67030495
BiLSTM+Attention,test,77.769186_12.791425,2024-07-01,0.42855495,0.427404
BiLSTM+Attention,test,77.769186_12.800408,2024-07-01,0.49982056,0.5046377
BiLSTM+Attention,test,77.769186_12.8049,2024-07-01,0.5471527,0.55207944
BiLSTM+Attention,test,77.769186_12.809391,2024-07-01,0.45515707,0.46176776
BiLSTM+Attention,test,77.769186_12.876765,2024-07-01,0.49488732,0.4970446
BiLSTM+Attention,test,77.769186_12.894731,2024-07-01,0.46352708,0.4734464
BiLSTM+Attention,test,77.769186_13.016004,2024-07-01,0.43321556,0.45350954
BiLSTM+Attention,test,77.773678_12.746509,2024-07-01,0.6677371,0.6562864
BiLSTM+Attention,test,77.773678_12.858799,2024-07-01,0.43488413,0.44668034
BiLSTM+Attention,test,77.773678_12.885748,2024-07-01,0.47073248,0.4719138
BiLSTM+Attention,test,77.773678_12.899223,2024-07-01,0.42037427,0.4296586
BiLSTM+Attention,test,77.773678_12.908206,2024-07-01,0.47472638,0.48501918
BiLSTM+Attention,test,77.778169_12.809391,2024-07-01,0.43322277,0.43531132
BiLSTM+Attention,test,77.778169_12.885748,2024-07-01,0.48916015,0.4932809
BiLSTM+Attention,test,77.782661_12.786933,2024-07-01,0.4253432,0.421045
BiLSTM+Attention,test,77.782661_12.791425,2024-07-01,0.47836456,0.47330964
BiLSTM+Attention,test,77.782661_12.89024,2024-07-01,0.4797148,0.48342365
BiLSTM+Attention,test,77.787152_12.786933,2024-07-01,0.44555837,0.44157037
BiLSTM+Attention,test,77.787152_12.849815,2024-07-01,0.44366026,0.45835328
BiLSTM+Attention,test,77.787152_12.867782,2024-07-01,0.41963792,0.42567185
BiLSTM+Attention,test,77.791644_12.8049,2024-07-01,0.47023097,0.47082618
BiLSTM+Attention,test,77.791644_12.899223,2024-07-01,0.4302263,0.44277495
BiLSTM+Attention,test,77.796136_12.854307,2024-07-01,0.41654736,0.4344157
BiLSTM+Attention,test,77.796136_12.885748,2024-07-01,0.4841303,0.49118468
BiLSTM+Attention,test,77.800627_12.876765,2024-07-01,0.48597568,0.49436572
BiLSTM+Attention,test,77.800627_12.885748,2024-07-01,0.44418848,0.45406756
BiLSTM+Attention,test,77.805119_12.876765,2024-07-01,0.4976048,0.50636965
BiLSTM+Attention,test,77.805119_12.89024,2024-07-01,0.46287656,0.47332326
BiLSTM+Attention,test,77.80961_12.858799,2024-07-01,0.46385056,0.47563457
BiLSTM+Attention,test,77.80961_12.86329,2024-07-01,0.43857926,0.4512188
BiLSTM+Attention,test,77.329012_12.944139,2024-08-01,0.45868742,0.4594254
BiLSTM+Attention,test,77.342486_12.935155,2024-08-01,0.7520024,0.73245436
BiLSTM+Attention,test,77.342486_12.944139,2024-08-01,0.7032296,0.6815872
BiLSTM+Attention,test,77.346978_12.86329,2024-08-01,0.59881467,0.5577677
BiLSTM+Attention,test,77.360453_12.867782,2024-08-01,0.4130161,0.39792666
BiLSTM+Attention,test,77.364944_12.854307,2024-08-01,0.44756585,0.432399
BiLSTM+Attention,test,77.364944_12.962105,2024-08-01,0.442921,0.4413953
BiLSTM+Attention,test,77.369436_12.998037,2024-08-01,0.40058804,0.418571
BiLSTM+Attention,test,77.369436_13.007021,2024-08-01,0.46164685,0.48014805
BiLSTM+Attention,test,77.373927_12.971088,2024-08-01,0.44247952,0.44249913
BiLSTM+Attention,test,77.373927_13.011512,2024-08-01,0.42439553,0.43009105
BiLSTM+Attention,test,77.373927_13.016004,2024-08-01,0.43556428,0.43482223
BiLSTM+Attention,test,77.387402_12.97558,2024-08-01,0.47377732,0.4668896
BiLSTM+Attention,test,77.387402_12.980071,2024-08-01,0.46437323,0.46154192
BiLSTM+Attention,test,77.396385_12.97558,2024-08-01,0.40029722,0.37877193
BiLSTM+Attention,test,77.396385_13.029478,2024-08-01,0.3778795,0.37525335
BiLSTM+Attention,test,77.400877_13.029478,2024-08-01,0.35579285,0.35087857
BiLSTM+Attention,test,77.405368_12.998037,2024-08-01,0.43118346,0.43420395
BiLSTM+Attention,test,77.405368_13.105835,2024-08-01,0.43005902,0.40876523
BiLSTM+Attention,test,77.405368_13.11931,2024-08-01,0.38556013,0.3812285
BiLSTM+Attention,test,77.414352_12.989054,2024-08-01,0.37528375,0.37585467
BiLSTM+Attention,test,77.414352_12.993546,2024-08-01,0.40598962,0.40413415
BiLSTM+Attention,test,77.414352_13.03397,2024-08-01,0.38485953,0.40118164
BiLSTM+Attention,test,77.414352_13.096852,2024-08-01,0.3914796,0.38296068
BiLSTM+Attention,test,77.414352_13.11931,2024-08-01,0.41392943,0.4056069
BiLSTM+Attention,test,77.418843_12.993546,2024-08-01,0.42504185,0.41527987
BiLSTM+Attention,test,77.418843_13.016004,2024-08-01,0.38135633,0.3924298
BiLSTM+Attention,test,77.418843_13.024987,2024-08-01,0.40048575,0.4048967
BiLSTM+Attention,test,77.418843_13.029478,2024-08-01,0.40418556,0.4166215
BiLSTM+Attention,test,77.418843_13.146259,2024-08-01,0.3430283,0.36028257
BiLSTM+Attention,test,77.423335_13.002529,2024-08-01,0.49965826,0.4979335
BiLSTM+Attention,test,77.423335_13.092361,2024-08-01,0.32311732,0.32824418
BiLSTM+Attention,test,77.423335_13.150751,2024-08-01,0.32376808,0.35323843
BiLSTM+Attention,test,77.427826_13.020495,2024-08-01,0.38454902,0.37828505
BiLSTM+Attention,test,77.427826_13.024987,2024-08-01,0.40327355,0.40672195
BiLSTM+Attention,test,77.427826_13.110327,2024-08-01,0.41520116,0.4232737
BiLSTM+Attention,test,77.427826_13.132785,2024-08-01,0.49387777,0.4981312
BiLSTM+Attention,test,77.432318_12.998037,2024-08-01,0.3706223,0.37434116
BiLSTM+Attention,test,77.432318_13.087869,2024-08-01,0.46538767,0.44213498
BiLSTM+Attention,test,77.432318_13.092361,2024-08-01,0.40214133,0.3929946
BiLSTM+Attention,test,77.436809_12.818374,2024-08-01,0.5238083,0.49541613
BiLSTM+Attention,test,77.436809_13.03397,2024-08-01,0.39414135,0.40007573
BiLSTM+Attention,test,77.441301_13.083377,2024-08-01,0.45782194,0.45700288
BiLSTM+Attention,test,77.441301_13.110327,2024-08-01,0.42973927,0.437406
BiLSTM+Attention,test,77.450284_13.029478,2024-08-01,0.43850467,0.42966452
BiLSTM+Attention,test,77.450284_13.047445,2024-08-01,0.42113578,0.41336596
BiLSTM+Attention,test,77.450284_13.146259,2024-08-01,0.51698506,0.5100961
BiLSTM+Attention,test,77.454776_13.078886,2024-08-01,0.43259603,0.42652252
BiLSTM+Attention,test,77.454776_13.087869,2024-08-01,0.41189453,0.4054319
BiLSTM+Attention,test,77.454776_13.114818,2024-08-01,0.5041404,0.49088448
BiLSTM+Attention,test,77.454776_13.141768,2024-08-01,0.50607866,0.50238
BiLSTM+Attention,test,77.459267_13.020495,2024-08-01,0.36883134,0.35699317
BiLSTM+Attention,test,77.459267_13.11931,2024-08-01,0.4432281,0.44661218
BiLSTM+Attention,test,77.463759_13.03397,2024-08-01,0.3613501,0.35889181
BiLSTM+Attention,test,77.463759_13.078886,2024-08-01,0.52377737,0.5130214
BiLSTM+Attention,test,77.46825_13.020495,2024-08-01,0.45994118,0.45787027
BiLSTM+Attention,test,77.46825_13.114818,2024-08-01,0.49393037,0.4926529
BiLSTM+Attention,test,77.46825_13.150751,2024-08-01,0.37952328,0.41160563
BiLSTM+Attention,test,77.46825_13.1777,2024-08-01,0.46914527,0.47651246
BiLSTM+Attention,test,77.472742_13.087869,2024-08-01,0.44811344,0.4461335
BiLSTM+Attention,test,77.481725_13.03397,2024-08-01,0.4365329,0.43431115
BiLSTM+Attention,test,77.481725_13.096852,2024-08-01,0.57223135,0.5714004
BiLSTM+Attention,test,77.481725_13.137276,2024-08-01,0.75417054,0.72021925
BiLSTM+Attention,test,77.486217_13.042953,2024-08-01,0.52052784,0.5021535
BiLSTM+Attention,test,77.486217_13.114818,2024-08-01,0.48691562,0.4855193
BiLSTM+Attention,test,77.486217_13.11931,2024-08-01,0.49818018,0.4986312
BiLSTM+Attention,test,77.490708_13.051936,2024-08-01,0.5941694,0.58071333
BiLSTM+Attention,test,77.490708_13.087869,2024-08-01,0.5442606,0.5263561
BiLSTM+Attention,test,77.490708_13.092361,2024-08-01,0.5223509,0.5144997
BiLSTM+Attention,test,77.490708_13.096852,2024-08-01,0.5616871,0.5617447
BiLSTM+Attention,test,77.490708_13.182192,2024-08-01,0.4551118,0.46054325
BiLSTM+Attention,test,77.490708_13.209142,2024-08-01,0.41771075,0.4245077
BiLSTM+Attention,test,77.4952_13.020495,2024-08-01,0.5029066,0.49736872
BiLSTM+Attention,test,77.4952_13.024987,2024-08-01,0.5140541,0.49771398
BiLSTM+Attention,test,77.4952_13.03397,2024-08-01,0.58332485,0.5738017
BiLSTM+Attention,test,77.4952_13.087869,2024-08-01,0.48712513,0.48184732
BiLSTM+Attention,test,77.4952_13.092361,2024-08-01,0.5127402,0.5222826
BiLSTM+Attention,test,77.4952_13.182192,2024-08-01,0.46954226,0.47232175
BiLSTM+Attention,test,77.499692_13.114818,2024-08-01,0.51086104,0.5098004
BiLSTM+Attention,test,77.499692_13.137276,2024-08-01,0.4543945,0.4765121
BiLSTM+Attention,test,77.499692_13.168717,2024-08-01,0.47897753,0.4726715
BiLSTM+Attention,test,77.504183_13.083377,2024-08-01,0.58508027,0.5805467
BiLSTM+Attention,test,77.504183_13.141768,2024-08-01,0.4960441,0.5046824
BiLSTM+Attention,test,77.504183_13.159734,2024-08-01,0.52151626,0.52382386
BiLSTM+Attention,test,77.504183_13.195667,2024-08-01,0.3926525,0.4147439
BiLSTM+Attention,test,77.508675_13.114818,2024-08-01,0.43903038,0.44651076
BiLSTM+Attention,test,77.508675_13.137276,2024-08-01,0.44450065,0.45723203
BiLSTM+Attention,test,77.508675_13.159734,2024-08-01,0.5408219,0.5413524
BiLSTM+Attention,test,77.513166_13.087869,2024-08-01,0.5827398,0.5738458
BiLSTM+Attention,test,77.513166_13.096852,2024-08-01,0.6223487,0.61514133
BiLSTM+Attention,test,77.513166_13.137276,2024-08-01,0.39456838,0.42540005
BiLSTM+Attention,test,77.513166_13.1777,2024-08-01,0.41508895,0.4400911
BiLSTM+Attention,test,77.517658_12.795916,2024-08-01,0.58062404,0.5424202
BiLSTM+Attention,test,77.517658_12.998037,2024-08-01,0.5851645,0.5758571
BiLSTM+Attention,test,77.517658_13.11931,2024-08-01,0.38682553,0.40843803
BiLSTM+Attention,test,77.517658_13.182192,2024-08-01,0.43363017,0.4457927
BiLSTM+Attention,test,77.517658_13.186684,2024-08-01,0.46249425,0.46841112
BiLSTM+Attention,test,77.517658_13.191175,2024-08-01,0.41248897,0.42050466
BiLSTM+Attention,test,77.522149_13.056428,2024-08-01,0.64229083,0.62354153
BiLSTM+Attention,test,77.522149_13.078886,2024-08-01,0.6080862,0.59383726
BiLSTM+Attention,test,77.522149_13.146259,2024-08-01,0.36746678,0.39030838
BiLSTM+Attention,test,77.522149_13.200158,2024-08-01,0.45348233,0.47410846
BiLSTM+Attention,test,77.526641_13.078886,2024-08-01,0.5978498,0.593832
BiLSTM+Attention,test,77.526641_13.105835,2024-08-01,0.42494705,0.43500707
BiLSTM+Attention,test,77.526641_13.110327,2024-08-01,0.39992964,0.41676995
BiLSTM+Attention,test,77.531133_13.083377,2024-08-01,0.5619757,0.56532776
BiLSTM+Attention,test,77.531133_13.114818,2024-08-01,0.40739882,0.42785564
BiLSTM+Attention,test,77.531133_13.195667,2024-08-01,0.5021534,0.5017592
BiLSTM+Attention,test,77.535624_13.069903,2024-08-01,0.70455676,0.688075
BiLSTM+Attention,test,77.535624_13.083377,2024-08-01,0.5565858,0.55230105
BiLSTM+Attention,test,77.535624_13.096852,2024-08-01,0.4661661,0.47125828
BiLSTM+Attention,test,77.535624_13.114818,2024-08-01,0.45693406,0.46002492
BiLSTM+Attention,test,77.535624_13.132785,2024-08-01,0.4738618,0.48057818
BiLSTM+Attention,test,77.535624_13.137276,2024-08-01,0.39949912,0.40713218
BiLSTM+Attention,test,77.535624_13.195667,2024-08-01,0.4070503,0.42439505
BiLSTM+Attention,test,77.540116_12.77795,2024-08-01,0.58289796,0.56400365
BiLSTM+Attention,test,77.540116_13.042953,2024-08-01,0.5723421,0.56475586
BiLSTM+Attention,test,77.540116_13.074394,2024-08-01,0.60989666,0.5988442
BiLSTM+Attention,test,77.540116_13.092361,2024-08-01,0.4272661,0.42221594
BiLSTM+Attention,test,77.540116_13.101344,2024-08-01,0.41667247,0.43132576
BiLSTM+Attention,test,77.540116_13.105835,2024-08-01,0.43035898,0.44616157
BiLSTM+Attention,test,77.540116_13.114818,2024-08-01,0.42757356,0.4302455
BiLSTM+Attention,test,77.540116_13.132785,2024-08-01,0.45160553,0.4527545
BiLSTM+Attention,test,77.540116_13.155243,2024-08-01,0.48710817,0.50025576
BiLSTM+Attention,test,77.540116_13.182192,2024-08-01,0.4176922,0.4257246
BiLSTM+Attention,test,77.544607_13.218125,2024-08-01,0.48205045,0.47912523
BiLSTM+Attention,test,77.549099_13.096852,2024-08-01,0.5041008,0.5070218
BiLSTM+Attention,test,77.549099_13.132785,2024-08-01,0.6408927,0.62778324
BiLSTM+Attention,test,77.55359_12.71956,2024-08-01,0.77234167,0.72078013
BiLSTM+Attention,test,77.55359_13.069903,2024-08-01,0.72454345,0.71354854
BiLSTM+Attention,test,77.55359_13.101344,2024-08-01,0.42340216,0.43385914
BiLSTM+Attention,test,77.55359_13.110327,2024-08-01,0.48646253,0.48825622
BiLSTM+Attention,test,77.55359_13.128293,2024-08-01,0.596323,0.5992221
BiLSTM+Attention,test,77.55359_13.168717,2024-08-01,0.48690012,0.49113813
BiLSTM+Attention,test,77.55359_13.173209,2024-08-01,0.40371823,0.4170658
BiLSTM+Attention,test,77.558082_12.710577,2024-08-01,0.7825556,0.7347207
BiLSTM+Attention,test,77.558082_13.042953,2024-08-01,0.6418993,0.6394005
BiLSTM+Attention,test,77.558082_13.051936,2024-08-01,0.70277786,0.684379
BiLSTM+Attention,test,77.558082_13.110327,2024-08-01,0.5065839,0.50811183
BiLSTM+Attention,test,77.558082_13.168717,2024-08-01,0.494575,0.49978855
BiLSTM+Attention,test,77.558082_13.1777,2024-08-01,0.46259958,0.4705893
BiLSTM+Attention,test,77.562574_12.71956,2024-08-01,0.7716548,0.7256929
BiLSTM+Attention,test,77.562574_13.141768,2024-08-01,0.4409836,0.44337752
BiLSTM+Attention,test,77.562574_13.159734,2024-08-01,0.4895959,0.4936804
BiLSTM+Attention,test,77.562574_13.173209,2024-08-01,0.49211422,0.49778196
BiLSTM+Attention,test,77.567065_12.724051,2024-08-01,0.73750395,0.6965977
BiLSTM+Attention,test,77.567065_13.105835,2024-08-01,0.5770164,0.575298
BiLSTM+Attention,test,77.567065_13.114818,2024-08-01,0.66048986,0.65268904
BiLSTM+Attention,test,77.567065_13.182192,2024-08-01,0.4925906,0.50051737
BiLSTM+Attention,test,77.571557_12.71956,2024-08-01,0.7763724,0.7152347
BiLSTM+Attention,test,77.571557_13.141768,2024-08-01,0.4421618,0.4603752
BiLSTM+Attention,test,77.571557_13.146259,2024-08-01,0.45247322,0.4689706
BiLSTM+Attention,test,77.576048_12.71956,2024-08-01,0.7367026,0.69108754
BiLSTM+Attention,test,77.576048_12.728543,2024-08-01,0.7577753,0.7193325
BiLSTM+Attention,test,77.576048_12.742018,2024-08-01,0.74253094,0.7012111
BiLSTM+Attention,test,77.58054_12.845324,2024-08-01,0.69887716,0.6647483
BiLSTM+Attention,test,77.58054_13.083377,2024-08-01,0.512046,0.5097338
BiLSTM+Attention,test,77.58054_13.087869,2024-08-01,0.47330597,0.48734164
BiLSTM+Attention,test,77.585031_13.042953,2024-08-01,0.69834864,0.67926633
BiLSTM+Attention,test,77.585031_13.137276,2024-08-01,0.47171575,0.4762076
BiLSTM+Attention,test,77.589523_12.71956,2024-08-01,0.831557,0.7701523
BiLSTM+Attention,test,77.589523_12.746509,2024-08-01,0.7171926,0.6817192
BiLSTM+Attention,test,77.589523_13.083377,2024-08-01,0.5974092,0.59093946
BiLSTM+Attention,test,77.589523_13.150751,2024-08-01,0.46091262,0.4771624
BiLSTM+Attention,test,77.594015_12.724051,2024-08-01,0.82986176,0.78245044
BiLSTM+Attention,test,77.594015_12.733034,2024-08-01,0.7969613,0.7655586
BiLSTM+Attention,test,77.594015_12.755492,2024-08-01,0.6699354,0.64956224
BiLSTM+Attention,test,77.594015_13.087869,2024-08-01,0.60482717,0.60766166
BiLSTM+Attention,test,77.598506_12.665661,2024-08-01,0.7931297,0.7343193
BiLSTM+Attention,test,77.598506_13.083377,2024-08-01,0.5973662,0.587543
BiLSTM+Attention,test,77.598506_13.128293,2024-08-01,0.5565566,0.56324995
BiLSTM+Attention,test,77.598506_13.141768,2024-08-01,0.41573438,0.4424289
BiLSTM+Attention,test,77.598506_13.146259,2024-08-01,0.39509392,0.42047206
BiLSTM+Attention,test,77.602998_12.710577,2024-08-01,0.7061608,0.68141717
BiLSTM+Attention,test,77.602998_13.11931,2024-08-01,0.57837546,0.5728572
BiLSTM+Attention,test,77.602998_13.128293,2024-08-01,0.5123613,0.5205775
BiLSTM+Attention,test,77.602998_13.164226,2024-08-01,0.47544625,0.47201738
BiLSTM+Attention,test,77.607489_12.768967,2024-08-01,0.62260467,0.5943115
BiLSTM+Attention,test,77.607489_12.773459,2024-08-01,0.59407115,0.5690105
BiLSTM+Attention,test,77.607489_12.791425,2024-08-01,0.55090624,0.526548
BiLSTM+Attention,test,77.607489_13.087869,2024-08-01,0.73089164,0.7217288
BiLSTM+Attention,test,77.611981_12.674644,2024-08-01,0.80387443,0.767907
BiLSTM+Attention,test,77.611981_12.953122,2024-08-01,0.724975,0.71394473
BiLSTM+Attention,test,77.611981_13.105835,2024-08-01,0.5214669,0.53427434
BiLSTM+Attention,test,77.611981_13.168717,2024-08-01,0.4308193,0.43753973
BiLSTM+Attention,test,77.611981_13.182192,2024-08-01,0.36562774,0.39500344
BiLSTM+Attention,test,77.616473_13.114818,2024-08-01,0.5670684,0.56579256
BiLSTM+Attention,test,77.616473_13.141768,2024-08-01,0.46128702,0.4649277
BiLSTM+Attention,test,77.616473_13.1777,2024-08-01,0.3749833,0.3971819
BiLSTM+Attention,test,77.620964_12.674644,2024-08-01,0.80906147,0.76785636
BiLSTM+Attention,test,77.620964_12.845324,2024-08-01,0.6609352,0.6456888
BiLSTM+Attention,test,77.620964_13.132785,2024-08-01,0.55066043,0.5392907
BiLSTM+Attention,test,77.625456_13.065411,2024-08-01,0.40943965,0.4211431
BiLSTM+Attention,test,77.625456_13.128293,2024-08-01,0.529539,0.543098
BiLSTM+Attention,test,77.625456_13.137276,2024-08-01,0.44989634,0.4535044
BiLSTM+Attention,test,77.625456_13.155243,2024-08-01,0.65116453,0.6319797
BiLSTM+Attention,test,77.625456_13.182192,2024-08-01,0.45734864,0.4441226
BiLSTM+Attention,test,77.629947_12.836341,2024-08-01,0.5714467,0.5593165
BiLSTM+Attention,test,77.629947_12.854307,2024-08-01,0.49287447,0.4842329
BiLSTM+Attention,test,77.629947_13.06092,2024-08-01,0.42902887,0.4485205
BiLSTM+Attention,test,77.629947_13.087869,2024-08-01,0.44533288,0.45467827
BiLSTM+Attention,test,77.629947_13.1777,2024-08-01,0.46940318,0.46726683
BiLSTM+Attention,test,77.634439_12.679136,2024-08-01,0.7737979,0.7428935
BiLSTM+Attention,test,77.634439_12.701593,2024-08-01,0.72822547,0.69048494
BiLSTM+Attention,test,77.634439_12.746509,2024-08-01,0.52287716,0.50300497
BiLSTM+Attention,test,77.634439_12.751001,2024-08-01,0.5141723,0.5042709
BiLSTM+Attention,test,77.634439_12.849815,2024-08-01,0.5415011,0.5163579
BiLSTM+Attention,test,77.634439_13.047445,2024-08-01,0.4901734,0.49563727
BiLSTM+Attention,test,77.634439_13.083377,2024-08-01,0.41134092,0.4429808
BiLSTM+Attention,test,77.634439_13.137276,2024-08-01,0.41386202,0.43980148
BiLSTM+Attention,test,77.63893_12.688119,2024-08-01,0.70680267,0.66334987
BiLSTM+Attention,test,77.63893_12.742018,2024-08-01,0.53587043,0.5161806
BiLSTM+Attention,test,77.63893_12.791425,2024-08-01,0.5339344,0.51180434
BiLSTM+Attention,test,77.63893_12.800408,2024-08-01,0.47651017,0.4653909
BiLSTM+Attention,test,77.63893_12.818374,2024-08-01,0.47273254,0.46312833
BiLSTM+Attention,test,77.63893_12.840832,2024-08-01,0.6235705,0.60736036
BiLSTM+Attention,test,77.63893_12.872273,2024-08-01,0.41314304,0.4245729
BiLSTM+Attention,test,77.63893_12.917189,2024-08-01,0.71089697,0.6927049
BiLSTM+Attention,test,77.63893_12.989054,2024-08-01,0.6452103,0.6449007
BiLSTM+Attention,test,77.63893_13.056428,2024-08-01,0.5281736,0.532862
BiLSTM+Attention,test,77.63893_13.078886,2024-08-01,0.4311598,0.4572035
BiLSTM+Attention,test,77.63893_13.083377,2024-08-01,0.40230793,0.43885607
BiLSTM+Attention,test,77.63893_13.1777,2024-08-01,0.45356762,0.46108785
BiLSTM+Attention,test,77.643422_12.795916,2024-08-01,0.48125857,0.46815202
BiLSTM+Attention,test,77.643422_12.800408,2024-08-01,0.48322982,0.47462815
BiLSTM+Attention,test,77.643422_12.809391,2024-08-01,0.50610816,0.49275213
BiLSTM+Attention,test,77.643422_12.867782,2024-08-01,0.4652069,0.47283006
BiLSTM+Attention,test,77.643422_13.002529,2024-08-01,0.5237413,0.5278617
BiLSTM+Attention,test,77.643422_13.038462,2024-08-01,0.5208824,0.54084545
BiLSTM+Attention,test,77.643422_13.164226,2024-08-01,0.5900838,0.5769929
BiLSTM+Attention,test,77.647914_12.688119,2024-08-01,0.73056895,0.69678175
BiLSTM+Attention,test,77.647914_12.881256,2024-08-01,0.49011377,0.4897389
BiLSTM+Attention,test,77.647914_12.935155,2024-08-01,0.65479624,0.64093
BiLSTM+Attention,test,77.647914_13.141768,2024-08-01,0.6700238,0.66933125
BiLSTM+Attention,test,77.647914_13.168717,2024-08-01,0.72331804,0.69674975
BiLSTM+Attention,test,77.652405_12.697102,2024-08-01,0.68921876,0.6683259
BiLSTM+Attention,test,77.652405_12.773459,2024-08-01,0.46272266,0.456841
BiLSTM+Attention,test,77.652405_12.795916,2024-08-01,0.4348443,0.43027362
BiLSTM+Attention,test,77.652405_12.8049,2024-08-01,0.52223444,0.5153439
BiLSTM+Attention,test,77.652405_12.858799,2024-08-01,0.70105255,0.68049496
BiLSTM+Attention,test,77.652405_12.926172,2024-08-01,0.62445015,0.61488646
BiLSTM+Attention,test,77.652405_13.002529,2024-08-01,0.52583295,0.513571
BiLSTM+Attention,test,77.656897_12.742018,2024-08-01,0.5431038,0.5248115
BiLSTM+Attention,test,77.656897_12.746509,2024-08-01,0.5175509,0.50431836
BiLSTM+Attention,test,77.656897_12.791425,2024-08-01,0.4544434,0.44567147
BiLSTM+Attention,test,77.656897_12.800408,2024-08-01,0.5474613,0.531876
BiLSTM+Attention,test,77.656897_12.831849,2024-08-01,0.5719109,0.55537295
BiLSTM+Attention,test,77.656897_12.849815,2024-08-01,0.43089142,0.42121658
BiLSTM+Attention,test,77.656897_12.939647,2024-08-01,0.53120023,0.5486353
BiLSTM+Attention,test,77.656897_13.101344,2024-08-01,0.4729932,0.4793955
BiLSTM+Attention,test,77.656897_13.164226,2024-08-01,0.45030987,0.46473438
BiLSTM+Attention,test,77.656897_13.173209,2024-08-01,0.3873019,0.4284333
BiLSTM+Attention,test,77.661388_12.737526,2024-08-01,0.55435455,0.5398583
BiLSTM+Attention,test,77.661388_12.759984,2024-08-01,0.55619895,0.53347313
BiLSTM+Attention,test,77.661388_13.056428,2024-08-01,0.4576473,0.47907525
BiLSTM+Attention,test,77.661388_13.074394,2024-08-01,0.52722067,0.52914906
BiLSTM+Attention,test,77.661388_13.087869,2024-08-01,0.43890908,0.44461375
BiLSTM+Attention,test,77.661388_13.101344,2024-08-01,0.44911543,0.45915383
BiLSTM+Attention,test,77.661388_13.110327,2024-08-01,0.52296424,0.53046274
BiLSTM+Attention,test,77.661388_13.11931,2024-08-01,0.5939135,0.5934914
BiLSTM+Attention,test,77.66588_12.679136,2024-08-01,0.65914524,0.62072635
BiLSTM+Attention,test,77.66588_12.697102,2024-08-01,0.61970925,0.6033234
BiLSTM+Attention,test,77.66588_12.715068,2024-08-01,0.6406982,0.6054363
BiLSTM+Attention,test,77.66588_12.724051,2024-08-01,0.61606747,0.5837313
BiLSTM+Attention,test,77.66588_12.751001,2024-08-01,0.5018129,0.48163855
BiLSTM+Attention,test,77.66588_12.755492,2024-08-01,0.5620506,0.5434937
BiLSTM+Attention,test,77.66588_12.764475,2024-08-01,0.5487734,0.53601944
BiLSTM+Attention,test,77.66588_12.768967,2024-08-01,0.7038608,0.6794706
BiLSTM+Attention,test,77.66588_12.791425,2024-08-01,0.5957302,0.5751937
BiLSTM+Attention,test,77.66588_12.953122,2024-08-01,0.55643284,0.5630183
BiLSTM+Attention,test,77.66588_13.038462,2024-08-01,0.45760086,0.4848017
BiLSTM+Attention,test,77.66588_13.051936,2024-08-01,0.49408025,0.51204115
BiLSTM+Attention,test,77.66588_13.173209,2024-08-01,0.398914,0.42872253
BiLSTM+Attention,test,77.670371_12.71956,2024-08-01,0.64438146,0.61794174
BiLSTM+Attention,test,77.670371_12.86329,2024-08-01,0.5170545,0.5114684
BiLSTM+Attention,test,77.670371_12.881256,2024-08-01,0.4711756,0.47352418
BiLSTM+Attention,test,77.670371_12.894731,2024-08-01,0.42064264,0.44282588
BiLSTM+Attention,test,77.670371_13.069903,2024-08-01,0.40765682,0.43924752
BiLSTM+Attention,test,77.670371_13.083377,2024-08-01,0.3837739,0.4126709
BiLSTM+Attention,test,77.670371_13.092361,2024-08-01,0.40081182,0.41205063
BiLSTM+Attention,test,77.670371_13.128293,2024-08-01,0.5016795,0.50503784
BiLSTM+Attention,test,77.674863_12.674644,2024-08-01,0.72579515,0.6905648
BiLSTM+Attention,test,77.674863_12.755492,2024-08-01,0.49663347,0.48599425
BiLSTM+Attention,test,77.674863_12.764475,2024-08-01,0.5005566,0.49265912
BiLSTM+Attention,test,77.674863_12.786933,2024-08-01,0.5101448,0.4960494
BiLSTM+Attention,test,77.674863_12.836341,2024-08-01,0.5172102,0.50809056
BiLSTM+Attention,test,77.674863_12.867782,2024-08-01,0.7681983,0.74470687
BiLSTM+Attention,test,77.674863_13.051936,2024-08-01,0.5135139,0.51871765
BiLSTM+Attention,test,77.674863_13.069903,2024-08-01,0.37703294,0.41476405
BiLSTM+Attention,test,77.674863_13.092361,2024-08-01,0.447451,0.45089218
BiLSTM+Attention,test,77.674863_13.105835,2024-08-01,0.49927732,0.49674794
BiLSTM+Attention,test,77.679355_12.697102,2024-08-01,0.521007,0.5074522
BiLSTM+Attention,test,77.679355_12.746509,2024-08-01,0.66970325,0.6521523
BiLSTM+Attention,test,77.679355_12.881256,2024-08-01,0.49022257,0.4894066
BiLSTM+Attention,test,77.679355_12.89024,2024-08-01,0.5075174,0.50811744
BiLSTM+Attention,test,77.679355_12.899223,2024-08-01,0.40731505,0.42990342
BiLSTM+Attention,test,77.679355_13.047445,2024-08-01,0.7546685,0.7415449
BiLSTM+Attention,test,77.679355_13.056428,2024-08-01,0.4708157,0.48294172
BiLSTM+Attention,test,77.679355_13.074394,2024-08-01,0.4377275,0.4625756
BiLSTM+Attention,test,77.679355_13.101344,2024-08-01,0.45324126,0.46391234
BiLSTM+Attention,test,77.679355_13.141768,2024-08-01,0.4963412,0.5043151
BiLSTM+Attention,test,77.679355_13.155243,2024-08-01,0.40645626,0.4263866
BiLSTM+Attention,test,77.679355_13.159734,2024-08-01,0.44371888,0.45891806
BiLSTM+Attention,test,77.683846_12.742018,2024-08-01,0.4986225,0.479421
BiLSTM+Attention,test,77.683846_12.8049,2024-08-01,0.49025264,0.47603035
BiLSTM+Attention,test,77.683846_12.840832,2024-08-01,0.5920419,0.58071464
BiLSTM+Attention,test,77.683846_12.894731,2024-08-01,0.50999105,0.5054759
BiLSTM+Attention,test,77.683846_12.917189,2024-08-01,0.4067524,0.45557693
BiLSTM+Attention,test,77.683846_12.939647,2024-08-01,0.6967396,0.69089913
BiLSTM+Attention,test,77.683846_13.029478,2024-08-01,0.34627485,0.38565934
BiLSTM+Attention,test,77.683846_13.06092,2024-08-01,0.45169437,0.4677417
BiLSTM+Attention,test,77.683846_13.074394,2024-08-01,0.39255574,0.42421675
BiLSTM+Attention,test,77.683846_13.11931,2024-08-01,0.36836508,0.41223505
BiLSTM+Attention,test,77.683846_13.123802,2024-08-01,0.43642423,0.4545558
BiLSTM+Attention,test,77.688338_12.656678,2024-08-01,0.71702003,0.6637267
BiLSTM+Attention,test,77.688338_12.69261,2024-08-01,0.79907787,0.76194775
BiLSTM+Attention,test,77.688338_12.697102,2024-08-01,0.8085953,0.7682797
BiLSTM+Attention,test,77.688338_12.710577,2024-08-01,0.8026755,0.7629613
BiLSTM+Attention,test,77.688338_12.876765,2024-08-01,0.76401275,0.72572327
BiLSTM+Attention,test,77.688338_12.885748,2024-08-01,0.49199572,0.4934469
BiLSTM+Attention,test,77.688338_12.966596,2024-08-01,0.56536573,0.56982344
BiLSTM+Attention,test,77.692829_12.800408,2024-08-01,0.45600703,0.4586754
BiLSTM+Attention,test,77.692829_12.845324,2024-08-01,0.62282914,0.6142352
BiLSTM+Attention,test,77.692829_12.885748,2024-08-01,0.5380292,0.5291277
BiLSTM+Attention,test,77.692829_12.899223,2024-08-01,0.4549432,0.4684419
BiLSTM+Attention,test,77.692829_13.047445,2024-08-01,0.748884,0.71377915
BiLSTM+Attention,test,77.692829_13.06092,2024-08-01,0.5844861,0.57408535
BiLSTM+Attention,test,77.692829_13.065411,2024-08-01,0.55316883,0.5435494
BiLSTM+Attention,test,77.692829_13.083377,2024-08-01,0.39439484,0.42043385
BiLSTM+Attention,test,77.692829_13.096852,2024-08-01,0.40754732,0.42227978
BiLSTM+Attention,test,77.692829_13.132785,2024-08-01,0.3910621,0.41960102
BiLSTM+Attention,test,77.692829_13.155243,2024-08-01,0.3968322,0.41590294
BiLSTM+Attention,test,77.697321_12.697102,2024-08-01,0.8164707,0.76609075
BiLSTM+Attention,test,77.697321_12.773459,2024-08-01,0.4660214,0.46332133
BiLSTM+Attention,test,77.697321_12.791425,2024-08-01,0.556708,0.5424199
BiLSTM+Attention,test,77.697321_12.885748,2024-08-01,0.5385962,0.5299725
BiLSTM+Attention,test,77.697321_12.894731,2024-08-01,0.47101757,0.48542213
BiLSTM+Attention,test,77.697321_12.930664,2024-08-01,0.48858193,0.49716827
BiLSTM+Attention,test,77.697321_12.966596,2024-08-01,0.53302133,0.5406486
BiLSTM+Attention,test,77.697321_13.132785,2024-08-01,0.39837253,0.42263615
BiLSTM+Attention,test,77.697321_13.150751,2024-08-01,0.44474787,0.45452234
BiLSTM+Attention,test,77.697321_13.1777,2024-08-01,0.5660335,0.5718831
BiLSTM+Attention,test,77.701812_12.77795,2024-08-01,0.46845275,0.45686063
BiLSTM+Attention,test,77.701812_12.8049,2024-08-01,0.5499163,0.54057586
BiLSTM+Attention,test,77.701812_12.822866,2024-08-01,0.5104624,0.50861573
BiLSTM+Attention,test,77.701812_12.872273,2024-08-01,0.43953586,0.44835153
BiLSTM+Attention,test,77.701812_12.984563,2024-08-01,0.47262764,0.48896003
BiLSTM+Attention,test,77.701812_13.03397,2024-08-01,0.4217175,0.44265512
BiLSTM+Attention,test,77.701812_13.114818,2024-08-01,0.48808858,0.4978163
BiLSTM+Attention,test,77.706304_12.984563,2024-08-01,0.47375432,0.48993877
BiLSTM+Attention,test,77.706304_13.038462,2024-08-01,0.42371097,0.44732675
BiLSTM+Attention,test,77.706304_13.042953,2024-08-01,0.4882946,0.5097451
BiLSTM+Attention,test,77.706304_13.137276,2024-08-01,0.7456065,0.7247329
BiLSTM+Attention,test,77.710796_12.715068,2024-08-01,0.6150689,0.5901123
BiLSTM+Attention,test,77.710796_12.894731,2024-08-01,0.575972,0.5702646
BiLSTM+Attention,test,77.710796_12.899223,2024-08-01,0.506206,0.4969084
BiLSTM+Attention,test,77.710796_12.912697,2024-08-01,0.42603615,0.44160652
BiLSTM+Attention,test,77.710796_13.03397,2024-08-01,0.43945387,0.46233618
BiLSTM+Attention,test,77.710796_13.11931,2024-08-01,0.429272,0.44720343
BiLSTM+Attention,test,77.710796_13.123802,2024-08-01,0.39593145,0.41584465
BiLSTM+Attention,test,77.710796_13.132785,2024-08-01,0.46324712,0.46941993
BiLSTM+Attention,test,77.710796_13.150751,2024-08-01,0.38941804,0.4115211
BiLSTM+Attention,test,77.710796_13.168717,2024-08-01,0.50456053,0.5063895
BiLSTM+Attention,test,77.710796_13.173209,2024-08-01,0.4939998,0.50000185
BiLSTM+Attention,test,77.715287_12.822866,2024-08-01,0.49602026,0.5049384
BiLSTM+Attention,test,77.715287_12.827358,2024-08-01,0.4520458,0.4621249
BiLSTM+Attention,test,77.715287_12.845324,2024-08-01,0.4011548,0.41418335
BiLSTM+Attention,test,77.715287_12.885748,2024-08-01,0.54851997,0.5423143
BiLSTM+Attention,test,77.715287_12.899223,2024-08-01,0.4082605,0.427686
BiLSTM+Attention,test,77.715287_12.939647,2024-08-01,0.68183386,0.6888105
BiLSTM+Attention,test,77.715287_12.944139,2024-08-01,0.72587895,0.72925025
BiLSTM+Attention,test,77.715287_12.94863,2024-08-01,0.59024334,0.5944085
BiLSTM+Attention,test,77.715287_13.016004,2024-08-01,0.5191037,0.5311739
BiLSTM+Attention,test,77.715287_13.029478,2024-08-01,0.37906706,0.41101384
BiLSTM+Attention,test,77.715287_13.038462,2024-08-01,0.504235,0.5079523
BiLSTM+Attention,test,77.715287_13.051936,2024-08-01,0.5101142,0.5080457
BiLSTM+Attention,test,77.715287_13.056428,2024-08-01,0.41830865,0.43221945
BiLSTM+Attention,test,77.715287_13.096852,2024-08-01,0.3368161,0.3777258
BiLSTM+Attention,test,77.715287_13.114818,2024-08-01,0.5125501,0.51897836
BiLSTM+Attention,test,77.715287_13.128293,2024-08-01,0.46398568,0.4719229
BiLSTM+Attention,test,77.719779_12.706085,2024-08-01,0.6279566,0.60947174
BiLSTM+Attention,test,77.719779_12.795916,2024-08-01,0.47137707,0.46239403
BiLSTM+Attention,test,77.719779_12.840832,2024-08-01,0.5163635,0.506474
BiLSTM+Attention,test,77.719779_12.903714,2024-08-01,0.41065726,0.43273047
BiLSTM+Attention,test,77.719779_13.069903,2024-08-01,0.40319082,0.42260075
BiLSTM+Attention,test,77.719779_13.105835,2024-08-01,0.43340755,0.45252895
BiLSTM+Attention,test,77.719779_13.123802,2024-08-01,0.4160183,0.43594304
BiLSTM+Attention,test,77.719779_13.137276,2024-08-01,0.43885672,0.44845167
BiLSTM+Attention,test,77.719779_13.155243,2024-08-01,0.41311747,0.43148655
BiLSTM+Attention,test,77.72427_12.674644,2024-08-01,0.5364425,0.51456124
BiLSTM+Attention,test,77.72427_12.697102,2024-08-01,0.4887397,0.4747832
BiLSTM+Attention,test,77.72427_12.701593,2024-08-01,0.5226074,0.5073111
BiLSTM+Attention,test,77.72427_12.786933,2024-08-01,0.48152626,0.47633746
BiLSTM+Attention,test,77.72427_12.791425,2024-08-01,0.48914373,0.48102307
BiLSTM+Attention,test,77.72427_12.840832,2024-08-01,0.49309954,0.48864326
BiLSTM+Attention,test,77.72427_12.867782,2024-08-01,0.43146324,0.43731835
BiLSTM+Attention,test,77.72427_12.885748,2024-08-01,0.47295925,0.47137505
BiLSTM+Attention,test,77.72427_13.024987,2024-08-01,0.78529,0.76760375
BiLSTM+Attention,test,77.72427_13.06092,2024-08-01,0.4161416,0.4339495
BiLSTM+Attention,test,77.72427_13.074394,2024-08-01,0.4417011,0.4624497
BiLSTM+Attention,test,77.728762_12.706085,2024-08-01,0.6353113,0.6068379
BiLSTM+Attention,test,77.728762_12.724051,2024-08-01,0.63821286,0.61354613
BiLSTM+Attention,test,77.728762_12.858799,2024-08-01,0.53289896,0.53300315
BiLSTM+Attention,test,77.728762_12.876765,2024-08-01,0.5374888,0.53705233
BiLSTM+Attention,test,77.728762_12.885748,2024-08-01,0.46555635,0.46453115
BiLSTM+Attention,test,77.728762_13.016004,2024-08-01,0.77192706,0.7617525
BiLSTM+Attention,test,77.728762_13.047445,2024-08-01,0.4645076,0.4952974
BiLSTM+Attention,test,77.728762_13.087869,2024-08-01,0.49786025,0.49022856
BiLSTM+Attention,test,77.728762_13.092361,2024-08-01,0.44332615,0.46752128
BiLSTM+Attention,test,77.733253_12.795916,2024-08-01,0.47198027,0.47388375
BiLSTM+Attention,test,77.733253_12.86329,2024-08-01,0.557144,0.5523155
BiLSTM+Attention,test,77.733253_12.872273,2024-08-01,0.55129546,0.54603136
BiLSTM+Attention,test,77.733253_12.998037,2024-08-01,0.609042,0.615809
BiLSTM+Attention,test,77.733253_13.056428,2024-08-01,0.37646836,0.40607968
BiLSTM+Attention,test,77.737745_12.791425,2024-08-01,0.47352347,0.4647502
BiLSTM+Attention,test,77.737745_12.858799,2024-08-01,0.4857489,0.4792321
BiLSTM+Attention,test,77.737745_12.872273,2024-08-01,0.54009134,0.5266227
BiLSTM+Attention,test,77.737745_12.881256,2024-08-01,0.57040393,0.5692821
BiLSTM+Attention,test,77.737745_13.051936,2024-08-01,0.38658366,0.4087309
BiLSTM+Attention,test,77.737745_13.06092,2024-08-01,0.41938487,0.4429902
BiLSTM+Attention,test,77.737745_13.078886,2024-08-01,0.45363048,0.46021935
BiLSTM+Attention,test,77.737745_13.101344,2024-08-01,0.37047824,0.4064149
BiLSTM+Attention,test,77.742237_12.697102,2024-08-01,0.6500951,0.62622356
BiLSTM+Attention,test,77.742237_12.795916,2024-08-01,0.45273438,0.45569775
BiLSTM+Attention,test,77.742237_12.8049,2024-08-01,0.48959303,0.47978774
BiLSTM+Attention,test,77.742237_12.86329,2024-08-01,0.40740734,0.42915732
BiLSTM+Attention,test,77.742237_12.867782,2024-08-01,0.5430793,0.5371634
BiLSTM+Attention,test,77.742237_12.89024,2024-08-01,0.5511888,0.5476589
BiLSTM+Attention,test,77.742237_12.899223,2024-08-01,0.5410833,0.5357915
BiLSTM+Attention,test,77.742237_12.921681,2024-08-01,0.44918928,0.46701238
BiLSTM+Attention,test,77.742237_12.980071,2024-08-01,0.51826787,0.51651335
BiLSTM+Attention,test,77.742237_13.038462,2024-08-01,0.39657944,0.4199424
BiLSTM+Attention,test,77.742237_13.074394,2024-08-01,0.37138215,0.39290136
BiLSTM+Attention,test,77.742237_13.078886,2024-08-01,0.44784412,0.45580903
BiLSTM+Attention,test,77.742237_13.101344,2024-08-01,0.4046766,0.4315544
BiLSTM+Attention,test,77.746728_12.97558,2024-08-01,0.53729093,0.53982514
BiLSTM+Attention,test,77.746728_12.984563,2024-08-01,0.5207706,0.5279624
BiLSTM+Attention,test,77.746728_13.020495,2024-08-01,0.5916665,0.602371
BiLSTM+Attention,test,77.746728_13.024987,2024-08-01,0.49132937,0.49698105
BiLSTM+Attention,test,77.746728_13.038462,2024-08-01,0.4003842,0.43008623
BiLSTM+Attention,test,77.746728_13.06092,2024-08-01,0.34767792,0.38732556
BiLSTM+Attention,test,77.746728_13.083377,2024-08-01,0.4720579,0.46869236
BiLSTM+Attention,test,77.746728_13.092361,2024-08-01,0.4252723,0.45747915
BiLSTM+Attention,test,77.75122_12.768967,2024-08-01,0.43697608,0.4389616
BiLSTM+Attention,test,77.75122_12.894731,2024-08-01,0.46220607,0.4675397
BiLSTM+Attention,test,77.75122_12.993546,2024-08-01,0.45011127,0.46383348
BiLSTM+Attention,test,77.75122_13.020495,2024-08-01,0.516002,0.5187483
BiLSTM+Attention,test,77.75122_13.03397,2024-08-01,0.43391764,0.45920014
BiLSTM+Attention,test,77.75122_13.038462,2024-08-01,0.36182237,0.4013833
BiLSTM+Attention,test,77.755711_12.706085,2024-08-01,0.55916876,0.54285413
BiLSTM+Attention,test,77.755711_12.764475,2024-08-01,0.7899001,0.7535816
BiLSTM+Attention,test,77.755711_12.831849,2024-08-01,0.42391175,0.44217262
BiLSTM+Attention,test,77.755711_12.858799,2024-08-01,0.49833125,0.5015428
BiLSTM+Attention,test,77.755711_12.903714,2024-08-01,0.45474756,0.466814
BiLSTM+Attention,test,77.755711_12.926172,2024-08-01,0.4975487,0.50484204
BiLSTM+Attention,test,77.760203_12.795916,2024-08-01,0.4322995,0.43501213
BiLSTM+Attention,test,77.760203_12.818374,2024-08-01,0.561102,0.5519657
BiLSTM+Attention,test,77.760203_12.867782,2024-08-01,0.434176,0.45228988
BiLSTM+Attention,test,77.760203_12.872273,2024-08-01,0.45904183,0.47202134
BiLSTM+Attention,test,77.760203_12.876765,2024-08-01,0.43296817,0.44393823
BiLSTM+Attention,test,77.760203_12.885748,2024-08-01,0.45535573,0.4723332
BiLSTM+Attention,test,77.760203_12.984563,2024-08-01,0.50972277,0.5200155
BiLSTM+Attention,test,77.764695_12.813883,2024-08-01,0.4984925,0.49892923
BiLSTM+Attention,test,77.764695_12.849815,2024-08-01,0.4700494,0.47452047
BiLSTM+Attention,test,77.764695_12.885748,2024-08-01,0.47521833,0.48351398
BiLSTM+Attention,test,77.764695_12.912697,2024-08-01,0.4917708,0.50474644
BiLSTM+Attention,test,77.764695_13.03397,2024-08-01,0.36777392,0.39610377
BiLSTM+Attention,test,77.769186_12.876765,2024-08-01,0.4951641,0.5015816
BiLSTM+Attention,test,77.769186_12.894731,2024-08-01,0.4617474,0.4759754
BiLSTM+Attention,test,77.769186_13.016004,2024-08-01,0.43345585,0.4563174
BiLSTM+Attention,test,77.773678_12.858799,2024-08-01,0.44335508,0.44576123
BiLSTM+Attention,test,77.773678_12.885748,2024-08-01,0.46420065,0.4757285
BiLSTM+Attention,test,77.773678_12.899223,2024-08-01,0.42291644,0.43523318
BiLSTM+Attention,test,77.773678_12.908206,2024-08-01,0.47260505,0.48593137
BiLSTM+Attention,test,77.778169_12.809391,2024-08-01,0.43081757,0.4413263
BiLSTM+Attention,test,77.778169_12.885748,2024-08-01,0.48488128,0.4952902
BiLSTM+Attention,test,77.782661_12.89024,2024-08-01,0.47446358,0.48706535
BiLSTM+Attention,test,77.787152_12.849815,2024-08-01,0.45212802,0.4609431
BiLSTM+Attention,test,77.791644_12.8049,2024-08-01,0.46879372,0.4754049
BiLSTM+Attention,test,77.791644_12.899223,2024-08-01,0.43232557,0.45162717
BiLSTM+Attention,test,77.796136_12.854307,2024-08-01,0.43466645,0.4411757
BiLSTM+Attention,test,77.796136_12.885748,2024-08-01,0.48234826,0.49846986
BiLSTM+Attention,test,77.800627_12.876765,2024-08-01,0.49397987,0.5000073
BiLSTM+Attention,test,77.800627_12.885748,2024-08-01,0.44162992,0.46392044
BiLSTM+Attention,test,77.805119_12.876765,2024-08-01,0.5051932,0.5110207
BiLSTM+Attention,test,77.805119_12.89024,2024-08-01,0.47045273,0.48161927
BiLSTM+Attention,test,77.329012_12.944139,2024-09-01,0.4765203,0.46461204
BiLSTM+Attention,test,77.329012_12.962105,2024-09-01,0.7374009,0.7329552
BiLSTM+Attention,test,77.337995_12.921681,2024-09-01,0.6905771,0.6717627
BiLSTM+Attention,test,77.342486_12.926172,2024-09-01,0.7531625,0.72487533
BiLSTM+Attention,test,77.342486_12.935155,2024-09-01,0.7826244,0.7480159
BiLSTM+Attention,test,77.342486_12.944139,2024-09-01,0.72418416,0.69699144
BiLSTM+Attention,test,77.346978_12.86329,2024-09-01,0.5725343,0.57711494
BiLSTM+Attention,test,77.346978_12.962105,2024-09-01,0.52666265,0.5282046
BiLSTM+Attention,test,77.351469_12.89024,2024-09-01,0.5710889,0.56655407
BiLSTM+Attention,test,77.351469_12.930664,2024-09-01,0.7565117,0.7413726
BiLSTM+Attention,test,77.351469_12.939647,2024-09-01,0.75979984,0.7388326
BiLSTM+Attention,test,77.355961_12.899223,2024-09-01,0.5700682,0.55567783
BiLSTM+Attention,test,77.355961_12.94863,2024-09-01,0.47935423,0.45402986
BiLSTM+Attention,test,77.355961_12.962105,2024-09-01,0.7737729,0.7382217
BiLSTM+Attention,test,77.360453_12.867782,2024-09-01,0.41112778,0.41181138
BiLSTM+Attention,test,77.360453_12.908206,2024-09-01,0.5773057,0.57418925
BiLSTM+Attention,test,77.360453_12.926172,2024-09-01,0.75704753,0.75458074
BiLSTM+Attention,test,77.364944_12.854307,2024-09-01,0.44603306,0.4380557
BiLSTM+Attention,test,77.364944_12.962105,2024-09-01,0.4531214,0.4421043
BiLSTM+Attention,test,77.369436_12.881256,2024-09-01,0.4579891,0.45413774
BiLSTM+Attention,test,77.369436_12.89024,2024-09-01,0.43829754,0.43504462
BiLSTM+Attention,test,77.369436_12.935155,2024-09-01,0.41094851,0.39973494
BiLSTM+Attention,test,77.369436_12.998037,2024-09-01,0.4076375,0.42699483
BiLSTM+Attention,test,77.369436_13.007021,2024-09-01,0.50052464,0.48526332
BiLSTM+Attention,test,77.373927_12.912697,2024-09-01,0.5779058,0.5785804
BiLSTM+Attention,test,77.373927_12.971088,2024-09-01,0.44851196,0.4512217
BiLSTM+Attention,test,77.373927_13.011512,2024-09-01,0.4566683,0.44005474
BiLSTM+Attention,test,77.373927_13.016004,2024-09-01,0.4575822,0.444478
BiLSTM+Attention,test,77.378419_12.966596,2024-09-01,0.45408323,0.43953606
BiLSTM+Attention,test,77.382911_12.894731,2024-09-01,0.49989954,0.49220172
BiLSTM+Attention,test,77.382911_12.953122,2024-09-01,0.43300956,0.43604255
BiLSTM+Attention,test,77.382911_12.957613,2024-09-01,0.44545025,0.44114536
BiLSTM+Attention,test,77.387402_12.962105,2024-09-01,0.40623537,0.42072675
BiLSTM+Attention,test,77.387402_12.97558,2024-09-01,0.4880073,0.4752961
BiLSTM+Attention,test,77.387402_12.980071,2024-09-01,0.48276544,0.4700315
BiLSTM+Attention,test,77.391894_12.867782,2024-09-01,0.5137524,0.5038648
BiLSTM+Attention,test,77.391894_12.881256,2024-09-01,0.46831286,0.47520152
BiLSTM+Attention,test,77.391894_12.885748,2024-09-01,0.51092017,0.5101398
BiLSTM+Attention,test,77.396385_12.894731,2024-09-01,0.5035293,0.49626142
BiLSTM+Attention,test,77.396385_12.908206,2024-09-01,0.4401798,0.43028903
BiLSTM+Attention,test,77.396385_12.944139,2024-09-01,0.49514836,0.4889402
BiLSTM+Attention,test,77.396385_12.971088,2024-09-01,0.42113727,0.42242798
BiLSTM+Attention,test,77.396385_12.97558,2024-09-01,0.4017461,0.39575347
BiLSTM+Attention,test,77.396385_13.029478,2024-09-01,0.38639784,0.38775364
BiLSTM+Attention,test,77.400877_12.957613,2024-09-01,0.43468165,0.4295058
BiLSTM+Attention,test,77.400877_12.966596,2024-09-01,0.37088698,0.38611898
BiLSTM+Attention,test,77.400877_13.029478,2024-09-01,0.36353818,0.36055878
BiLSTM+Attention,test,77.405368_12.881256,2024-09-01,0.412394,0.40638557
BiLSTM+Attention,test,77.405368_12.89024,2024-09-01,0.41245738,0.4112477
BiLSTM+Attention,test,77.405368_12.930664,2024-09-01,0.53592974,0.53382874
BiLSTM+Attention,test,77.405368_12.998037,2024-09-01,0.43969142,0.43919572
BiLSTM+Attention,test,77.405368_13.105835,2024-09-01,0.42141494,0.4248615
BiLSTM+Attention,test,77.405368_13.11931,2024-09-01,0.3943532,0.3993111
BiLSTM+Attention,test,77.40986_12.872273,2024-09-01,0.39172837,0.38404223
BiLSTM+Attention,test,77.40986_12.881256,2024-09-01,0.35110196,0.34766063
BiLSTM+Attention,test,77.40986_12.962105,2024-09-01,0.467694,0.46770516
BiLSTM+Attention,test,77.414352_12.930664,2024-09-01,0.4747503,0.466522
BiLSTM+Attention,test,77.414352_12.989054,2024-09-01,0.3738378,0.38994238
BiLSTM+Attention,test,77.414352_12.993546,2024-09-01,0.40460086,0.4163552
BiLSTM+Attention,test,77.414352_13.03397,2024-09-01,0.39360034,0.40952143
BiLSTM+Attention,test,77.414352_13.11931,2024-09-01,0.3945066,0.42306945
BiLSTM+Attention,test,77.418843_12.876765,2024-09-01,0.3814352,0.38783073
BiLSTM+Attention,test,77.418843_12.89024,2024-09-01,0.41700253,0.41835073
BiLSTM+Attention,test,77.418843_12.94863,2024-09-01,0.45644817,0.4488016
BiLSTM+Attention,test,77.418843_12.971088,2024-09-01,0.39491197,0.4106919
BiLSTM+Attention,test,77.418843_12.993546,2024-09-01,0.42453262,0.4252502
BiLSTM+Attention,test,77.418843_13.016004,2024-09-01,0.39380127,0.39625028
BiLSTM+Attention,test,77.418843_13.024987,2024-09-01,0.4076209,0.41155824
BiLSTM+Attention,test,77.418843_13.029478,2024-09-01,0.41905963,0.42081967
BiLSTM+Attention,test,77.418843_13.146259,2024-09-01,0.3489685,0.37793368
BiLSTM+Attention,test,77.423335_12.876765,2024-09-01,0.41568118,0.41317856
BiLSTM+Attention,test,77.423335_12.921681,2024-09-01,0.45359528,0.44661614
BiLSTM+Attention,test,77.423335_12.930664,2024-09-01,0.45086092,0.4417601
BiLSTM+Attention,test,77.423335_13.002529,2024-09-01,0.5114132,0.5045737
BiLSTM+Attention,test,77.423335_13.092361,2024-09-01,0.3428014,0.34172782
BiLSTM+Attention,test,77.423335_13.141768,2024-09-01,0.4358001,0.44490817
BiLSTM+Attention,test,77.423335_13.150751,2024-09-01,0.34716126,0.37348422
BiLSTM+Attention,test,77.427826_12.845324,2024-09-01,0.3351206,0.3216618
BiLSTM+Attention,test,77.427826_12.858799,2024-09-01,0.38062674,0.37113175
BiLSTM+Attention,test,77.427826_12.930664,2024-09-01,0.4533433,0.4566278
BiLSTM+Attention,test,77.427826_12.939647,2024-09-01,0.38215804,0.38503444
BiLSTM+Attention,test,77.427826_12.944139,2024-09-01,0.37630117,0.38047734
BiLSTM+Attention,test,77.427826_13.020495,2024-09-01,0.38290817,0.3854386
BiLSTM+Attention,test,77.427826_13.024987,2024-09-01,0.40319532,0.41633034
BiLSTM+Attention,test,77.427826_13.132785,2024-09-01,0.50539684,0.5127965
BiLSTM+Attention,test,77.432318_12.858799,2024-09-01,0.4002212,0.39995864
BiLSTM+Attention,test,77.432318_12.86329,2024-09-01,0.39923328,0.4008952
BiLSTM+Attention,test,77.432318_12.867782,2024-09-01,0.41555893,0.40714893
BiLSTM+Attention,test,77.432318_12.881256,2024-09-01,0.44326746,0.43635103
BiLSTM+Attention,test,77.432318_12.885748,2024-09-01,0.5609973,0.5517295
BiLSTM+Attention,test,77.432318_12.957613,2024-09-01,0.40048447,0.41778493
BiLSTM+Attention,test,77.432318_12.998037,2024-09-01,0.36931458,0.38286132
BiLSTM+Attention,test,77.432318_13.087869,2024-09-01,0.4583564,0.46014255
BiLSTM+Attention,test,77.436809_12.818374,2024-09-01,0.5497023,0.52048457
BiLSTM+Attention,test,77.436809_12.840832,2024-09-01,0.45607424,0.46362358
BiLSTM+Attention,test,77.436809_12.854307,2024-09-01,0.41053146,0.40261734
BiLSTM+Attention,test,77.436809_12.912697,2024-09-01,0.5500233,0.54901564
BiLSTM+Attention,test,77.436809_12.926172,2024-09-01,0.46123293,0.4546033
BiLSTM+Attention,test,77.436809_12.944139,2024-09-01,0.40146127,0.41783845
BiLSTM+Attention,test,77.436809_13.03397,2024-09-01,0.40035102,0.4089578
BiLSTM+Attention,test,77.441301_12.818374,2024-09-01,0.5407908,0.525931
BiLSTM+Attention,test,77.441301_12.831849,2024-09-01,0.45184848,0.442705
BiLSTM+Attention,test,77.441301_12.836341,2024-09-01,0.47676396,0.46109018
BiLSTM+Attention,test,77.441301_12.840832,2024-09-01,0.4603361,0.45612752
BiLSTM+Attention,test,77.441301_12.944139,2024-09-01,0.47393125,0.48097125
BiLSTM+Attention,test,77.441301_12.94863,2024-09-01,0.43929175,0.45219672
BiLSTM+Attention,test,77.441301_13.056428,2024-09-01,0.38072103,0.40251908
BiLSTM+Attention,test,77.441301_13.069903,2024-09-01,0.41135895,0.42137346
BiLSTM+Attention,test,77.441301_13.083377,2024-09-01,0.46098876,0.4689703
BiLSTM+Attention,test,77.441301_13.110327,2024-09-01,0.41201952,0.44208458
BiLSTM+Attention,test,77.445793_12.840832,2024-09-01,0.5356093,0.5120074
BiLSTM+Attention,test,77.445793_12.86329,2024-09-01,0.57517755,0.5579128
BiLSTM+Attention,test,77.445793_12.867782,2024-09-01,0.55707294,0.543006
BiLSTM+Attention,test,77.445793_12.912697,2024-09-01,0.4286245,0.4346797
BiLSTM+Attention,test,77.445793_12.957613,2024-09-01,0.4689435,0.46903774
BiLSTM+Attention,test,77.445793_12.984563,2024-09-01,0.43848917,0.45229366
BiLSTM+Attention,test,77.450284_12.809391,2024-09-01,0.480788,0.46834043
BiLSTM+Attention,test,77.450284_12.872273,2024-09-01,0.52219313,0.516857
BiLSTM+Attention,test,77.450284_12.993546,2024-09-01,0.336807,0.3460123
BiLSTM+Attention,test,77.450284_13.029478,2024-09-01,0.42906678,0.43944225
BiLSTM+Attention,test,77.450284_13.047445,2024-09-01,0.40762264,0.42482647
BiLSTM+Attention,test,77.450284_13.146259,2024-09-01,0.5316035,0.52347356
BiLSTM+Attention,test,77.454776_12.809391,2024-09-01,0.47132188,0.45353886
BiLSTM+Attention,test,77.454776_12.885748,2024-09-01,0.48492903,0.47808293
BiLSTM+Attention,test,77.454776_12.980071,2024-09-01,0.38107777,0.38595083
BiLSTM+Attention,test,77.454776_12.993546,2024-09-01,0.38179085,0.39430135
BiLSTM+Attention,test,77.454776_13.078886,2024-09-01,0.41824228,0.43678808
BiLSTM+Attention,test,77.454776_13.087869,2024-09-01,0.3991539,0.41454977
BiLSTM+Attention,test,77.454776_13.114818,2024-09-01,0.5082952,0.50611544
BiLSTM+Attention,test,77.454776_13.141768,2024-09-01,0.514756,0.5166156
BiLSTM+Attention,test,77.459267_12.8049,2024-09-01,0.61465585,0.595792
BiLSTM+Attention,test,77.459267_12.822866,2024-09-01,0.49052313,0.48567972
BiLSTM+Attention,test,77.459267_12.845324,2024-09-01,0.5073009,0.5012056
BiLSTM+Attention,test,77.459267_12.926172,2024-09-01,0.4641015,0.46123007
BiLSTM+Attention,test,77.459267_12.97558,2024-09-01,0.38564694,0.401537
BiLSTM+Attention,test,77.459267_13.016004,2024-09-01,0.3905031,0.394573
BiLSTM+Attention,test,77.459267_13.020495,2024-09-01,0.365322,0.36743888
BiLSTM+Attention,test,77.459267_13.11931,2024-09-01,0.46322122,0.45956722
BiLSTM+Attention,test,77.463759_12.813883,2024-09-01,0.4586885,0.46505502
BiLSTM+Attention,test,77.463759_12.836341,2024-09-01,0.5161388,0.49841043
BiLSTM+Attention,test,77.463759_12.86329,2024-09-01,0.54496276,0.53938955
BiLSTM+Attention,test,77.463759_12.867782,2024-09-01,0.518475,0.5191834
BiLSTM+Attention,test,77.463759_12.872273,2024-09-01,0.47539055,0.47872293
BiLSTM+Attention,test,77.463759_12.885748,2024-09-01,0.58039576,0.5748191
BiLSTM+Attention,test,77.463759_12.894731,2024-09-01,0.46757656,0.4626318
BiLSTM+Attention,test,77.463759_12.899223,2024-09-01,0.4907972,0.48958337
BiLSTM+Attention,test,77.463759_12.917189,2024-09-01,0.4168845,0.42474434
BiLSTM+Attention,test,77.463759_12.953122,2024-09-01,0.74409425,0.74378425
BiLSTM+Attention,test,77.463759_13.078886,2024-09-01,0.5275798,0.52524126
BiLSTM+Attention,test,77.46825_12.827358,2024-09-01,0.41803935,0.41979477
BiLSTM+Attention,test,77.46825_12.836341,2024-09-01,0.54112726,0.5077146
BiLSTM+Attention,test,77.46825_12.894731,2024-09-01,0.4325522,0.43230298
BiLSTM+Attention,test,77.46825_12.94863,2024-09-01,0.50635767,0.518664
BiLSTM+Attention,test,77.46825_12.953122,2024-09-01,0.4281338,0.44373748
BiLSTM+Attention,test,77.46825_12.966596,2024-09-01,0.44332698,0.4570714
BiLSTM+Attention,test,77.46825_13.007021,2024-09-01,0.36766738,0.38270107
BiLSTM+Attention,test,77.46825_13.020495,2024-09-01,0.45273694,0.4610458
BiLSTM+Attention,test,77.46825_13.114818,2024-09-01,0.48717108,0.50157505
BiLSTM+Attention,test,77.46825_13.150751,2024-09-01,0.41012865,0.4212565
BiLSTM+Attention,test,77.46825_13.1777,2024-09-01,0.4667883,0.48082086
BiLSTM+Attention,test,77.472742_12.746509,2024-09-01,0.5684295,0.5673635
BiLSTM+Attention,test,77.472742_12.751001,2024-09-01,0.5217083,0.5149307
BiLSTM+Attention,test,77.472742_12.755492,2024-09-01,0.5405493,0.52489746
BiLSTM+Attention,test,77.472742_12.795916,2024-09-01,0.5129055,0.4977913
BiLSTM+Attention,test,77.472742_12.836341,2024-09-01,0.5116571,0.4909165
BiLSTM+Attention,test,77.472742_12.984563,2024-09-01,0.42480755,0.44729057
BiLSTM+Attention,test,77.472742_13.087869,2024-09-01,0.45029882,0.4552113
BiLSTM+Attention,test,77.477234_12.764475,2024-09-01,0.52373403,0.5095351
BiLSTM+Attention,test,77.477234_12.782442,2024-09-01,0.48947266,0.48178837
BiLSTM+Attention,test,77.477234_12.840832,2024-09-01,0.51577073,0.5065321
BiLSTM+Attention,test,77.477234_12.899223,2024-09-01,0.4129665,0.42231777
BiLSTM+Attention,test,77.477234_12.935155,2024-09-01,0.56847477,0.56309974
BiLSTM+Attention,test,77.477234_12.94863,2024-09-01,0.4923961,0.50296265
BiLSTM+Attention,test,77.477234_12.971088,2024-09-01,0.49201864,0.5016331
BiLSTM+Attention,test,77.477234_13.002529,2024-09-01,0.36951524,0.3793548
BiLSTM+Attention,test,77.477234_13.056428,2024-09-01,0.42592362,0.4409171
BiLSTM+Attention,test,77.481725_12.737526,2024-09-01,0.51332617,0.507156
BiLSTM+Attention,test,77.481725_12.768967,2024-09-01,0.53761494,0.5259578
BiLSTM+Attention,test,77.481725_12.831849,2024-09-01,0.45045158,0.4559782
BiLSTM+Attention,test,77.481725_12.89024,2024-09-01,0.5199587,0.511362
BiLSTM+Attention,test,77.481725_12.894731,2024-09-01,0.46796736,0.4683682
BiLSTM+Attention,test,77.481725_12.971088,2024-09-01,0.39747283,0.41819355
BiLSTM+Attention,test,77.481725_13.024987,2024-09-01,0.44712213,0.4662313
BiLSTM+Attention,test,77.481725_13.137276,2024-09-01,0.7398145,0.73528355
BiLSTM+Attention,test,77.486217_12.764475,2024-09-01,0.51174307,0.49766225
BiLSTM+Attention,test,77.486217_12.872273,2024-09-01,0.4826468,0.47929183
BiLSTM+Attention,test,77.486217_12.939647,2024-09-01,0.49595687,0.5054579
BiLSTM+Attention,test,77.486217_12.998037,2024-09-01,0.41525105,0.44445142
BiLSTM+Attention,test,77.486217_13.042953,2024-09-01,0.5058629,0.5166736
BiLSTM+Attention,test,77.486217_13.06092,2024-09-01,0.5290195,0.53142625
BiLSTM+Attention,test,77.486217_13.114818,2024-09-01,0.486333,0.49650744
BiLSTM+Attention,test,77.486217_13.11931,2024-09-01,0.5012091,0.5097504
BiLSTM+Attention,test,77.490708_12.768967,2024-09-01,0.50327784,0.5023703
BiLSTM+Attention,test,77.490708_12.8049,2024-09-01,0.51759636,0.51983184
BiLSTM+Attention,test,77.490708_12.849815,2024-09-01,0.50843805,0.50626767
BiLSTM+Attention,test,77.490708_12.89024,2024-09-01,0.47738296,0.46560934
BiLSTM+Attention,test,77.490708_13.051936,2024-09-01,0.5982775,0.5976585
BiLSTM+Attention,test,77.490708_13.087869,2024-09-01,0.53391767,0.5372258
BiLSTM+Attention,test,77.490708_13.182192,2024-09-01,0.46846378,0.46621627
BiLSTM+Attention,test,77.490708_13.209142,2024-09-01,0.40885937,0.43841758
BiLSTM+Attention,test,77.4952_12.786933,2024-09-01,0.46417132,0.4664783
BiLSTM+Attention,test,77.4952_12.836341,2024-09-01,0.4731647,0.47703966
BiLSTM+Attention,test,77.4952_12.899223,2024-09-01,0.5420581,0.53907967
BiLSTM+Attention,test,77.4952_12.962105,2024-09-01,0.53981227,0.5505705
BiLSTM+Attention,test,77.4952_13.020495,2024-09-01,0.48523632,0.5046647
BiLSTM+Attention,test,77.4952_13.024987,2024-09-01,0.5018964,0.509306
BiLSTM+Attention,test,77.4952_13.03397,2024-09-01,0.5734056,0.58704597
BiLSTM+Attention,test,77.4952_13.087869,2024-09-01,0.47328645,0.4898167
BiLSTM+Attention,test,77.4952_13.182192,2024-09-01,0.4665857,0.47954598
BiLSTM+Attention,test,77.499692_12.755492,2024-09-01,0.59252363,0.5959587
BiLSTM+Attention,test,77.499692_12.858799,2024-09-01,0.6336018,0.606091
BiLSTM+Attention,test,77.499692_12.899223,2024-09-01,0.5204621,0.5059597
BiLSTM+Attention,test,77.499692_12.984563,2024-09-01,0.5083228,0.50503075
BiLSTM+Attention,test,77.499692_13.114818,2024-09-01,0.50763065,0.52249074
BiLSTM+Attention,test,77.499692_13.137276,2024-09-01,0.45447764,0.47569
BiLSTM+Attention,test,77.499692_13.168717,2024-09-01,0.46641356,0.48229757
BiLSTM+Attention,test,77.504183_12.764475,2024-09-01,0.56061107,0.5567009
BiLSTM+Attention,test,77.504183_12.786933,2024-09-01,0.5448378,0.53132224
BiLSTM+Attention,test,77.504183_12.818374,2024-09-01,0.53039724,0.52243984
BiLSTM+Attention,test,77.504183_12.854307,2024-09-01,0.5310915,0.49527046
BiLSTM+Attention,test,77.504183_12.858799,2024-09-01,0.6388226,0.6074585
BiLSTM+Attention,test,77.504183_13.083377,2024-09-01,0.58400977,0.5976363
BiLSTM+Attention,test,77.504183_13.141768,2024-09-01,0.4915938,0.5088962
BiLSTM+Attention,test,77.504183_13.159734,2024-09-01,0.52602214,0.5338297
BiLSTM+Attention,test,77.504183_13.195667,2024-09-01,0.39357635,0.42897016
BiLSTM+Attention,test,77.508675_12.751001,2024-09-01,0.64717764,0.63573134
BiLSTM+Attention,test,77.508675_12.795916,2024-09-01,0.5617808,0.5548125
BiLSTM+Attention,test,77.508675_12.831849,2024-09-01,0.5400956,0.5342832
BiLSTM+Attention,test,77.508675_12.836341,2024-09-01,0.58062667,0.57812715
BiLSTM+Attention,test,77.508675_12.845324,2024-09-01,0.5418398,0.54199606
BiLSTM+Attention,test,77.508675_12.912697,2024-09-01,0.4798547,0.49230275
BiLSTM+Attention,test,77.508675_13.114818,2024-09-01,0.44086242,0.4569752
BiLSTM+Attention,test,77.508675_13.137276,2024-09-01,0.44327644,0.45970437
BiLSTM+Attention,test,77.508675_13.159734,2024-09-01,0.53571546,0.5491147
BiLSTM+Attention,test,77.508675_13.191175,2024-09-01,0.39432347,0.42262462
BiLSTM+Attention,test,77.513166_12.746509,2024-09-01,0.76601535,0.750857
BiLSTM+Attention,test,77.513166_12.764475,2024-09-01,0.5238957,0.524757
BiLSTM+Attention,test,77.513166_12.77795,2024-09-01,0.6249439,0.62006384
BiLSTM+Attention,test,77.513166_12.822866,2024-09-01,0.6219499,0.6317373
BiLSTM+Attention,test,77.513166_13.087869,2024-09-01,0.57316244,0.58854896
BiLSTM+Attention,test,77.513166_13.137276,2024-09-01,0.4078477,0.42697468
BiLSTM+Attention,test,77.513166_13.1777,2024-09-01,0.43805665,0.44803596
BiLSTM+Attention,test,77.517658_12.764475,2024-09-01,0.60012734,0.5975012
BiLSTM+Attention,test,77.517658_12.77795,2024-09-01,0.5835332,0.58520275
BiLSTM+Attention,test,77.517658_12.782442,2024-09-01,0.58640456,0.58713484
BiLSTM+Attention,test,77.517658_12.795916,2024-09-01,0.57036334,0.5637817
BiLSTM+Attention,test,77.517658_12.827358,2024-09-01,0.5298831,0.5418626
BiLSTM+Attention,test,77.517658_12.849815,2024-09-01,0.5022383,0.5039682
BiLSTM+Attention,test,77.517658_12.885748,2024-09-01,0.53566635,0.5233045
BiLSTM+Attention,test,77.517658_12.89024,2024-09-01,0.51965714,0.5013173
BiLSTM+Attention,test,77.517658_12.899223,2024-09-01,0.5375605,0.5185541
BiLSTM+Attention,test,77.517658_12.998037,2024-09-01,0.5716302,0.5903825
BiLSTM+Attention,test,77.517658_13.11931,2024-09-01,0.3711862,0.41095576
BiLSTM+Attention,test,77.517658_13.182192,2024-09-01,0.43264014,0.45450696
BiLSTM+Attention,test,77.517658_13.186684,2024-09-01,0.45210046,0.47593138
BiLSTM+Attention,test,77.517658_13.191175,2024-09-01,0.40372786,0.43421844
BiLSTM+Attention,test,77.522149_12.751001,2024-09-01,0.6813953,0.6738992
BiLSTM+Attention,test,77.522149_12.755492,2024-09-01,0.63182914,0.6371691
BiLSTM+Attention,test,77.522149_12.759984,2024-09-01,0.6669319,0.6683106
BiLSTM+Attention,test,77.522149_12.782442,2024-09-01,0.61484885,0.611945
BiLSTM+Attention,test,77.522149_12.809391,2024-09-01,0.7709156,0.7661047
BiLSTM+Attention,test,77.522149_12.813883,2024-09-01,0.49752757,0.4982763
BiLSTM+Attention,test,77.522149_12.818374,2024-09-01,0.46532565,0.47692248
BiLSTM+Attention,test,77.522149_12.836341,2024-09-01,0.5382614,0.5303084
BiLSTM+Attention,test,77.522149_12.845324,2024-09-01,0.5370486,0.536697
BiLSTM+Attention,test,77.522149_13.056428,2024-09-01,0.6547849,0.64409226
BiLSTM+Attention,test,77.522149_13.146259,2024-09-01,0.37067977,0.4016839
BiLSTM+Attention,test,77.522149_13.200158,2024-09-01,0.47594348,0.48868224
BiLSTM+Attention,test,77.526641_12.751001,2024-09-01,0.6531001,0.6566987
BiLSTM+Attention,test,77.526641_12.840832,2024-09-01,0.61321217,0.6047231
BiLSTM+Attention,test,77.526641_12.89024,2024-09-01,0.65252393,0.63721704
BiLSTM+Attention,test,77.526641_12.899223,2024-09-01,0.59044516,0.58211887
BiLSTM+Attention,test,77.526641_13.105835,2024-09-01,0.42065525,0.44356373
BiLSTM+Attention,test,77.526641_13.110327,2024-09-01,0.40205202,0.42687908
BiLSTM+Attention,test,77.531133_12.791425,2024-09-01,0.550818,0.5387035
BiLSTM+Attention,test,77.531133_12.795916,2024-09-01,0.5816596,0.58145964
BiLSTM+Attention,test,77.531133_12.800408,2024-09-01,0.56291825,0.56839967
BiLSTM+Attention,test,77.531133_12.822866,2024-09-01,0.5199797,0.5229539
BiLSTM+Attention,test,77.531133_12.827358,2024-09-01,0.5429555,0.5498794
BiLSTM+Attention,test,77.531133_12.894731,2024-09-01,0.5133446,0.5112442
BiLSTM+Attention,test,77.531133_13.114818,2024-09-01,0.42190278,0.43726662
BiLSTM+Attention,test,77.531133_13.195667,2024-09-01,0.50371,0.5105874
BiLSTM+Attention,test,77.535624_12.77795,2024-09-01,0.7507337,0.74474746
BiLSTM+Attention,test,77.535624_12.822866,2024-09-01,0.6580734,0.6712561
BiLSTM+Attention,test,77.535624_12.872273,2024-09-01,0.42757085,0.43212113
BiLSTM+Attention,test,77.535624_12.899223,2024-09-01,0.47448534,0.4791351
BiLSTM+Attention,test,77.535624_13.069903,2024-09-01,0.70497847,0.7051395
BiLSTM+Attention,test,77.535624_13.096852,2024-09-01,0.47047633,0.47613677
BiLSTM+Attention,test,77.535624_13.114818,2024-09-01,0.46113086,0.4700835
BiLSTM+Attention,test,77.535624_13.132785,2024-09-01,0.48706004,0.48922506
BiLSTM+Attention,test,77.535624_13.137276,2024-09-01,0.40023714,0.42198372
BiLSTM+Attention,test,77.535624_13.195667,2024-09-01,0.4068231,0.43461284
BiLSTM+Attention,test,77.540116_12.77795,2024-09-01,0.58439165,0.5850533
BiLSTM+Attention,test,77.540116_12.795916,2024-09-01,0.6120467,0.6084885
BiLSTM+Attention,test,77.540116_13.042953,2024-09-01,0.59410065,0.57689804
BiLSTM+Attention,test,77.540116_13.074394,2024-09-01,0.6068447,0.61462265
BiLSTM+Attention,test,77.540116_13.092361,2024-09-01,0.42713317,0.43933728
BiLSTM+Attention,test,77.540116_13.101344,2024-09-01,0.41834378,0.4337062
BiLSTM+Attention,test,77.540116_13.105835,2024-09-01,0.43943426,0.45809257
BiLSTM+Attention,test,77.540116_13.132785,2024-09-01,0.44590414,0.46669242
BiLSTM+Attention,test,77.540116_13.155243,2024-09-01,0.50003225,0.5144472
BiLSTM+Attention,test,77.540116_13.182192,2024-09-01,0.4156516,0.43805674
BiLSTM+Attention,test,77.544607_12.831849,2024-09-01,0.7227911,0.7280666
BiLSTM+Attention,test,77.549099_12.822866,2024-09-01,0.7473947,0.74819505
BiLSTM+Attention,test,77.549099_12.831849,2024-09-01,0.6257141,0.6382057
BiLSTM+Attention,test,77.549099_12.836341,2024-09-01,0.6001387,0.60554546
BiLSTM+Attention,test,77.549099_12.845324,2024-09-01,0.606571,0.61952853
BiLSTM+Attention,test,77.549099_12.894731,2024-09-01,0.6224396,0.62123984
BiLSTM+Attention,test,77.549099_13.096852,2024-09-01,0.49747917,0.52002954
BiLSTM+Attention,test,77.549099_13.132785,2024-09-01,0.63324386,0.6434103
BiLSTM+Attention,test,77.55359_12.71956,2024-09-01,0.74583757,0.7556428
BiLSTM+Attention,test,77.55359_12.782442,2024-09-01,0.691269,0.6835149
BiLSTM+Attention,test,77.55359_12.849815,2024-09-01,0.5974404,0.6028161
BiLSTM+Attention,test,77.55359_13.069903,2024-09-01,0.73064494,0.7281349
BiLSTM+Attention,test,77.55359_13.101344,2024-09-01,0.41775662,0.44638327
BiLSTM+Attention,test,77.55359_13.110327,2024-09-01,0.50454074,0.50338924
BiLSTM+Attention,test,77.55359_13.128293,2024-09-01,0.59726334,0.61766964
BiLSTM+Attention,test,77.558082_12.710577,2024-09-01,0.7878442,0.7743092
BiLSTM+Attention,test,77.558082_12.827358,2024-09-01,0.69764745,0.6931048
BiLSTM+Attention,test,77.558082_12.845324,2024-09-01,0.67045915,0.67597234
BiLSTM+Attention,test,77.558082_13.042953,2024-09-01,0.66160905,0.65930855
BiLSTM+Attention,test,77.558082_13.051936,2024-09-01,0.70925295,0.7008792
BiLSTM+Attention,test,77.558082_13.110327,2024-09-01,0.5220807,0.5236616
BiLSTM+Attention,test,77.558082_13.168717,2024-09-01,0.4962849,0.5156841
BiLSTM+Attention,test,77.562574_12.71956,2024-09-01,0.7627747,0.76689106
BiLSTM+Attention,test,77.562574_12.827358,2024-09-01,0.6999104,0.699659
BiLSTM+Attention,test,77.562574_12.858799,2024-09-01,0.42990527,0.4488096
BiLSTM+Attention,test,77.562574_12.872273,2024-09-01,0.5867213,0.5832807
BiLSTM+Attention,test,77.562574_13.141768,2024-09-01,0.43999276,0.451225
BiLSTM+Attention,test,77.562574_13.159734,2024-09-01,0.4869493,0.5107207
BiLSTM+Attention,test,77.562574_13.173209,2024-09-01,0.48590258,0.5075311
BiLSTM+Attention,test,77.567065_12.724051,2024-09-01,0.74225754,0.7383263
BiLSTM+Attention,test,77.567065_12.813883,2024-09-01,0.6736348,0.6838679
BiLSTM+Attention,test,77.567065_12.849815,2024-09-01,0.6624568,0.66197944
BiLSTM+Attention,test,77.567065_13.105835,2024-09-01,0.5755027,0.58876437
BiLSTM+Attention,test,77.567065_13.114818,2024-09-01,0.655835,0.6665728
BiLSTM+Attention,test,77.567065_13.182192,2024-09-01,0.5018883,0.5155799
BiLSTM+Attention,test,77.571557_12.71956,2024-09-01,0.7646148,0.75285006
BiLSTM+Attention,test,77.571557_12.800408,2024-09-01,0.6735641,0.6745761
BiLSTM+Attention,test,77.571557_12.813883,2024-09-01,0.7555518,0.74415594
BiLSTM+Attention,test,77.571557_12.849815,2024-09-01,0.6642963,0.6689144
BiLSTM+Attention,test,77.571557_13.141768,2024-09-01,0.45617056,0.47068277
BiLSTM+Attention,test,77.571557_13.146259,2024-09-01,0.4590895,0.48183435
BiLSTM+Attention,test,77.576048_12.71956,2024-09-01,0.7347517,0.72931296
BiLSTM+Attention,test,77.576048_12.728543,2024-09-01,0.7649996,0.75188553
BiLSTM+Attention,test,77.576048_12.742018,2024-09-01,0.7369621,0.7383763
BiLSTM+Attention,test,77.576048_12.813883,2024-09-01,0.7604607,0.7532494
BiLSTM+Attention,test,77.576048_12.827358,2024-09-01,0.6223578,0.6302286
BiLSTM+Attention,test,77.58054_12.800408,2024-09-01,0.7205403,0.71747524
BiLSTM+Attention,test,77.58054_12.845324,2024-09-01,0.6892062,0.68809116
BiLSTM+Attention,test,77.58054_13.083377,2024-09-01,0.51994365,0.525112
BiLSTM+Attention,test,77.58054_13.087869,2024-09-01,0.49488643,0.49918756
BiLSTM+Attention,test,77.585031_12.849815,2024-09-01,0.6800154,0.666459
BiLSTM+Attention,test,77.585031_13.042953,2024-09-01,0.7031246,0.6911467
BiLSTM+Attention,test,77.585031_13.137276,2024-09-01,0.4759956,0.4865769
BiLSTM+Attention,test,77.589523_12.71956,2024-09-01,0.836947,0.8046429
BiLSTM+Attention,test,77.589523_12.746509,2024-09-01,0.7264728,0.7113669
BiLSTM+Attention,test,77.589523_12.854307,2024-09-01,0.5945823,0.6113409
BiLSTM+Attention,test,77.589523_12.971088,2024-09-01,0.7511806,0.73696953
BiLSTM+Attention,test,77.589523_13.083377,2024-09-01,0.6039037,0.60436475
BiLSTM+Attention,test,77.589523_13.150751,2024-09-01,0.4728418,0.49340323
BiLSTM+Attention,test,77.594015_12.724051,2024-09-01,0.83499587,0.8160803
BiLSTM+Attention,test,77.594015_12.733034,2024-09-01,0.80169207,0.79968417
BiLSTM+Attention,test,77.594015_12.755492,2024-09-01,0.6717796,0.68066084
BiLSTM+Attention,test,77.594015_12.831849,2024-09-01,0.58508015,0.59061325
BiLSTM+Attention,test,77.594015_12.836341,2024-09-01,0.6188653,0.63406795
BiLSTM+Attention,test,77.594015_12.840832,2024-09-01,0.62847733,0.63748676
BiLSTM+Attention,test,77.594015_12.849815,2024-09-01,0.6178161,0.62712485
BiLSTM+Attention,test,77.594015_13.087869,2024-09-01,0.6060754,0.620382
BiLSTM+Attention,test,77.598506_12.665661,2024-09-01,0.77708554,0.76903147
BiLSTM+Attention,test,77.598506_12.710577,2024-09-01,0.6962752,0.69053704
BiLSTM+Attention,test,77.598506_12.822866,2024-09-01,0.61135906,0.6165816
BiLSTM+Attention,test,77.598506_12.849815,2024-09-01,0.7063225,0.7034589
BiLSTM+Attention,test,77.598506_13.083377,2024-09-01,0.5747739,0.5993987
BiLSTM+Attention,test,77.598506_13.128293,2024-09-01,0.56609863,0.57952535
BiLSTM+Attention,test,77.598506_13.141768,2024-09-01,0.43641332,0.4559758
BiLSTM+Attention,test,77.598506_13.146259,2024-09-01,0.420108,0.43348038
BiLSTM+Attention,test,77.602998_12.710577,2024-09-01,0.7125113,0.7140212
BiLSTM+Attention,test,77.602998_12.827358,2024-09-01,0.48991606,0.49388197
BiLSTM+Attention,test,77.602998_12.849815,2024-09-01,0.5508102,0.55488193
BiLSTM+Attention,test,77.602998_12.858799,2024-09-01,0.56076974,0.5693896
BiLSTM+Attention,test,77.602998_13.114818,2024-09-01,0.5816119,0.5825643
BiLSTM+Attention,test,77.602998_13.11931,2024-09-01,0.5746151,0.5861501
BiLSTM+Attention,test,77.602998_13.128293,2024-09-01,0.5183933,0.540718
BiLSTM+Attention,test,77.602998_13.164226,2024-09-01,0.46857136,0.4885278
BiLSTM+Attention,test,77.607489_12.768967,2024-09-01,0.61996806,0.6201717
BiLSTM+Attention,test,77.607489_12.773459,2024-09-01,0.58815426,0.5954598
BiLSTM+Attention,test,77.607489_12.791425,2024-09-01,0.5441043,0.5478376
BiLSTM+Attention,test,77.607489_12.809391,2024-09-01,0.6400981,0.6518278
BiLSTM+Attention,test,77.607489_12.818374,2024-09-01,0.6906372,0.7056758
BiLSTM+Attention,test,77.607489_13.087869,2024-09-01,0.72802514,0.7332363
BiLSTM+Attention,test,77.611981_12.768967,2024-09-01,0.5644852,0.56889546
BiLSTM+Attention,test,77.611981_12.831849,2024-09-01,0.53941476,0.5516459
BiLSTM+Attention,test,77.611981_12.867782,2024-09-01,0.51856947,0.5292966
BiLSTM+Attention,test,77.611981_12.953122,2024-09-01,0.7215079,0.7283122
BiLSTM+Attention,test,77.611981_13.105835,2024-09-01,0.53962314,0.5440873
BiLSTM+Attention,test,77.611981_13.168717,2024-09-01,0.42549166,0.4476368
BiLSTM+Attention,test,77.611981_13.182192,2024-09-01,0.37227076,0.40589783
BiLSTM+Attention,test,77.616473_12.831849,2024-09-01,0.6164922,0.62671906
BiLSTM+Attention,test,77.616473_12.858799,2024-09-01,0.50683844,0.5200398
BiLSTM+Attention,test,77.616473_13.114818,2024-09-01,0.57065344,0.58047533
BiLSTM+Attention,test,77.616473_13.141768,2024-09-01,0.45580116,0.4781723
BiLSTM+Attention,test,77.616473_13.1777,2024-09-01,0.38683027,0.41052476
BiLSTM+Attention,test,77.620964_12.795916,2024-09-01,0.43758506,0.45371574
BiLSTM+Attention,test,77.620964_12.813883,2024-09-01,0.44414684,0.45782718
BiLSTM+Attention,test,77.620964_12.845324,2024-09-01,0.6420261,0.66587687
BiLSTM+Attention,test,77.620964_12.858799,2024-09-01,0.4829801,0.49209777
BiLSTM+Attention,test,77.620964_13.132785,2024-09-01,0.52169144,0.55293757
BiLSTM+Attention,test,77.625456_12.782442,2024-09-01,0.523752,0.52402055
BiLSTM+Attention,test,77.625456_12.858799,2024-09-01,0.42577907,0.44017187
BiLSTM+Attention,test,77.625456_13.065411,2024-09-01,0.39119592,0.42818794
BiLSTM+Attention,test,77.625456_13.128293,2024-09-01,0.5256227,0.5584599
BiLSTM+Attention,test,77.625456_13.137276,2024-09-01,0.4279713,0.4625238
BiLSTM+Attention,test,77.625456_13.155243,2024-09-01,0.6337867,0.6460663
BiLSTM+Attention,test,77.625456_13.182192,2024-09-01,0.4332093,0.46258396
BiLSTM+Attention,test,77.629947_12.795916,2024-09-01,0.7722281,0.7561424
BiLSTM+Attention,test,77.629947_12.809391,2024-09-01,0.47214922,0.48394716
BiLSTM+Attention,test,77.629947_12.836341,2024-09-01,0.57018346,0.5820167
BiLSTM+Attention,test,77.629947_12.854307,2024-09-01,0.4927167,0.49580738
BiLSTM+Attention,test,77.629947_12.858799,2024-09-01,0.46263194,0.4710206
BiLSTM+Attention,test,77.629947_13.06092,2024-09-01,0.41400382,0.45222825
BiLSTM+Attention,test,77.629947_13.087869,2024-09-01,0.43559998,0.46289632
BiLSTM+Attention,test,77.629947_13.1777,2024-09-01,0.45919564,0.47172162
BiLSTM+Attention,test,77.634439_12.679136,2024-09-01,0.7820927,0.77465844
BiLSTM+Attention,test,77.634439_12.701593,2024-09-01,0.73201704,0.7273064
BiLSTM+Attention,test,77.634439_12.733034,2024-09-01,0.48607686,0.49372938
BiLSTM+Attention,test,77.634439_12.746509,2024-09-01,0.5350511,0.5256027
BiLSTM+Attention,test,77.634439_12.751001,2024-09-01,0.523544,0.5264366
BiLSTM+Attention,test,77.634439_12.849815,2024-09-01,0.53249264,0.5407397
BiLSTM+Attention,test,77.634439_13.047445,2024-09-01,0.4715871,0.50241387
BiLSTM+Attention,test,77.634439_13.083377,2024-09-01,0.4008575,0.44542214
BiLSTM+Attention,test,77.634439_13.137276,2024-09-01,0.40227675,0.4439994
BiLSTM+Attention,test,77.63893_12.688119,2024-09-01,0.6928973,0.6956243
BiLSTM+Attention,test,77.63893_12.742018,2024-09-01,0.54385245,0.5398793
BiLSTM+Attention,test,77.63893_12.791425,2024-09-01,0.53828,0.5340172
BiLSTM+Attention,test,77.63893_12.800408,2024-09-01,0.47549713,0.4860024
BiLSTM+Attention,test,77.63893_12.818374,2024-09-01,0.47474077,0.4779471
BiLSTM+Attention,test,77.63893_12.840832,2024-09-01,0.62043405,0.6303037
BiLSTM+Attention,test,77.63893_12.872273,2024-09-01,0.40646112,0.43271413
BiLSTM+Attention,test,77.63893_12.917189,2024-09-01,0.7074091,0.70331275
BiLSTM+Attention,test,77.63893_13.056428,2024-09-01,0.53432745,0.5423897
BiLSTM+Attention,test,77.63893_13.078886,2024-09-01,0.4247465,0.4618548
BiLSTM+Attention,test,77.63893_13.083377,2024-09-01,0.39619043,0.44180873
BiLSTM+Attention,test,77.63893_13.1777,2024-09-01,0.45149356,0.47356606
BiLSTM+Attention,test,77.643422_12.795916,2024-09-01,0.4800319,0.4854094
BiLSTM+Attention,test,77.643422_12.800408,2024-09-01,0.48666665,0.49399936
BiLSTM+Attention,test,77.643422_12.809391,2024-09-01,0.5061194,0.50934273
BiLSTM+Attention,test,77.643422_12.867782,2024-09-01,0.46273825,0.4761512
BiLSTM+Attention,test,77.643422_13.002529,2024-09-01,0.5221461,0.5460112
BiLSTM+Attention,test,77.643422_13.038462,2024-09-01,0.5196169,0.5471796
BiLSTM+Attention,test,77.643422_13.164226,2024-09-01,0.58008283,0.58855075
BiLSTM+Attention,test,77.647914_12.688119,2024-09-01,0.71944785,0.7225232
BiLSTM+Attention,test,77.647914_12.733034,2024-09-01,0.54734486,0.55180377
BiLSTM+Attention,test,77.647914_12.881256,2024-09-01,0.48689005,0.50372714
BiLSTM+Attention,test,77.647914_12.935155,2024-09-01,0.6535387,0.66170305
BiLSTM+Attention,test,77.647914_13.141768,2024-09-01,0.681564,0.68167645
BiLSTM+Attention,test,77.647914_13.168717,2024-09-01,0.7254324,0.71267337
BiLSTM+Attention,test,77.652405_12.697102,2024-09-01,0.6948991,0.69688404
BiLSTM+Attention,test,77.652405_12.773459,2024-09-01,0.47847813,0.47795606
BiLSTM+Attention,test,77.652405_12.795916,2024-09-01,0.43012843,0.4382527
BiLSTM+Attention,test,77.652405_12.8049,2024-09-01,0.52855664,0.53552306
BiLSTM+Attention,test,77.652405_12.858799,2024-09-01,0.69357204,0.7011445
BiLSTM+Attention,test,77.652405_12.926172,2024-09-01,0.61419666,0.6324469
BiLSTM+Attention,test,77.652405_13.002529,2024-09-01,0.5197715,0.5323975
BiLSTM+Attention,test,77.656897_12.742018,2024-09-01,0.5518302,0.5433921
BiLSTM+Attention,test,77.656897_12.746509,2024-09-01,0.5383912,0.530116
BiLSTM+Attention,test,77.656897_12.768967,2024-09-01,0.52857834,0.5306023
BiLSTM+Attention,test,77.656897_12.791425,2024-09-01,0.4490848,0.45686838
BiLSTM+Attention,test,77.656897_12.800408,2024-09-01,0.5508499,0.55107105
BiLSTM+Attention,test,77.656897_12.831849,2024-09-01,0.5629018,0.57737446
BiLSTM+Attention,test,77.656897_12.849815,2024-09-01,0.4248857,0.44901472
BiLSTM+Attention,test,77.656897_12.939647,2024-09-01,0.5274551,0.5542556
BiLSTM+Attention,test,77.656897_13.101344,2024-09-01,0.47261703,0.49221578
BiLSTM+Attention,test,77.656897_13.164226,2024-09-01,0.45767912,0.47116286
BiLSTM+Attention,test,77.656897_13.173209,2024-09-01,0.40316993,0.43839687
BiLSTM+Attention,test,77.661388_12.737526,2024-09-01,0.5718227,0.5686507
BiLSTM+Attention,test,77.661388_12.759984,2024-09-01,0.57098055,0.5575247
BiLSTM+Attention,test,77.661388_13.056428,2024-09-01,0.46360555,0.4817293
BiLSTM+Attention,test,77.661388_13.074394,2024-09-01,0.52829325,0.5426751
BiLSTM+Attention,test,77.661388_13.087869,2024-09-01,0.4262454,0.45587572
BiLSTM+Attention,test,77.661388_13.101344,2024-09-01,0.44119722,0.46914762
BiLSTM+Attention,test,77.661388_13.110327,2024-09-01,0.51447237,0.54419285
BiLSTM+Attention,test,77.661388_13.11931,2024-09-01,0.5869751,0.6080939
BiLSTM+Attention,test,77.66588_12.679136,2024-09-01,0.6727874,0.6500538
BiLSTM+Attention,test,77.66588_12.697102,2024-09-01,0.6333018,0.6320685
BiLSTM+Attention,test,77.66588_12.715068,2024-09-01,0.63695693,0.6407335
BiLSTM+Attention,test,77.66588_12.724051,2024-09-01,0.6192877,0.61842483
BiLSTM+Attention,test,77.66588_12.751001,2024-09-01,0.502037,0.5102332
BiLSTM+Attention,test,77.66588_12.755492,2024-09-01,0.5655632,0.5721444
BiLSTM+Attention,test,77.66588_12.764475,2024-09-01,0.56180084,0.56161094
BiLSTM+Attention,test,77.66588_12.768967,2024-09-01,0.7083749,0.70282394
BiLSTM+Attention,test,77.66588_12.791425,2024-09-01,0.6130693,0.60004133
BiLSTM+Attention,test,77.66588_12.953122,2024-09-01,0.5451971,0.56539464
BiLSTM+Attention,test,77.66588_13.038462,2024-09-01,0.45276988,0.48186883
BiLSTM+Attention,test,77.66588_13.051936,2024-09-01,0.5113659,0.5184362
BiLSTM+Attention,test,77.66588_13.173209,2024-09-01,0.40269682,0.43245295
BiLSTM+Attention,test,77.670371_12.71956,2024-09-01,0.66204506,0.6539014
BiLSTM+Attention,test,77.670371_12.86329,2024-09-01,0.510775,0.5294785
BiLSTM+Attention,test,77.670371_12.881256,2024-09-01,0.46815956,0.48169935
BiLSTM+Attention,test,77.670371_12.894731,2024-09-01,0.41666195,0.4390855
BiLSTM+Attention,test,77.670371_13.069903,2024-09-01,0.41516563,0.44177258
BiLSTM+Attention,test,77.670371_13.083377,2024-09-01,0.38006634,0.4174086
BiLSTM+Attention,test,77.670371_13.092361,2024-09-01,0.3828383,0.41980925
BiLSTM+Attention,test,77.670371_13.128293,2024-09-01,0.49742374,0.5180332
BiLSTM+Attention,test,77.674863_12.674644,2024-09-01,0.7340603,0.7223326
BiLSTM+Attention,test,77.674863_12.71956,2024-09-01,0.6689644,0.66575336
BiLSTM+Attention,test,77.674863_12.755492,2024-09-01,0.5080582,0.5139577
BiLSTM+Attention,test,77.674863_12.764475,2024-09-01,0.51332355,0.5116617
BiLSTM+Attention,test,77.674863_12.786933,2024-09-01,0.5213704,0.51623607
BiLSTM+Attention,test,77.674863_12.836341,2024-09-01,0.5163718,0.52844524
BiLSTM+Attention,test,77.674863_12.867782,2024-09-01,0.7741528,0.7663481
BiLSTM+Attention,test,77.674863_13.051936,2024-09-01,0.5048142,0.52500194
BiLSTM+Attention,test,77.674863_13.069903,2024-09-01,0.38476738,0.41221127
BiLSTM+Attention,test,77.674863_13.092361,2024-09-01,0.43218246,0.46048447
BiLSTM+Attention,test,77.674863_13.105835,2024-09-01,0.499111,0.5139203
BiLSTM+Attention,test,77.679355_12.697102,2024-09-01,0.5259461,0.5313695
BiLSTM+Attention,test,77.679355_12.746509,2024-09-01,0.68946844,0.6831546
BiLSTM+Attention,test,77.679355_12.881256,2024-09-01,0.48813146,0.50258154
BiLSTM+Attention,test,77.679355_12.89024,2024-09-01,0.5190029,0.5204271
BiLSTM+Attention,test,77.679355_12.899223,2024-09-01,0.40984648,0.42946097
BiLSTM+Attention,test,77.679355_13.047445,2024-09-01,0.7655249,0.75518167
BiLSTM+Attention,test,77.679355_13.056428,2024-09-01,0.45640302,0.4819454
BiLSTM+Attention,test,77.679355_13.074394,2024-09-01,0.44060516,0.46588877
BiLSTM+Attention,test,77.679355_13.101344,2024-09-01,0.46920663,0.4786489
BiLSTM+Attention,test,77.679355_13.141768,2024-09-01,0.4890411,0.5164193
BiLSTM+Attention,test,77.679355_13.155243,2024-09-01,0.40231767,0.4330782
BiLSTM+Attention,test,77.679355_13.159734,2024-09-01,0.43881342,0.4639124
BiLSTM+Attention,test,77.683846_12.728543,2024-09-01,0.55207705,0.56308424
BiLSTM+Attention,test,77.683846_12.742018,2024-09-01,0.5128317,0.5084479
BiLSTM+Attention,test,77.683846_12.755492,2024-09-01,0.7099152,0.71425015
BiLSTM+Attention,test,77.683846_12.795916,2024-09-01,0.51043344,0.5081884
BiLSTM+Attention,test,77.683846_12.8049,2024-09-01,0.49539655,0.49751952
BiLSTM+Attention,test,77.683846_12.836341,2024-09-01,0.5865712,0.5977355
BiLSTM+Attention,test,77.683846_12.840832,2024-09-01,0.5988589,0.60610455
BiLSTM+Attention,test,77.683846_12.894731,2024-09-01,0.50670975,0.51609546
BiLSTM+Attention,test,77.683846_12.917189,2024-09-01,0.41151562,0.45337814
BiLSTM+Attention,test,77.683846_12.939647,2024-09-01,0.70290405,0.7030311
BiLSTM+Attention,test,77.683846_13.06092,2024-09-01,0.4401477,0.47596836
BiLSTM+Attention,test,77.683846_13.074394,2024-09-01,0.40757918,0.4253395
BiLSTM+Attention,test,77.683846_13.11931,2024-09-01,0.374553,0.41135132
BiLSTM+Attention,test,77.683846_13.123802,2024-09-01,0.44296506,0.46240082
BiLSTM+Attention,test,77.688338_12.656678,2024-09-01,0.7160085,0.6998161
BiLSTM+Attention,test,77.688338_12.69261,2024-09-01,0.80842364,0.7948743
BiLSTM+Attention,test,77.688338_12.697102,2024-09-01,0.8167097,0.8027489
BiLSTM+Attention,test,77.688338_12.710577,2024-09-01,0.8000717,0.79108745
BiLSTM+Attention,test,77.688338_12.751001,2024-09-01,0.58184475,0.5859499
BiLSTM+Attention,test,77.688338_12.755492,2024-09-01,0.54757214,0.54316986
BiLSTM+Attention,test,77.688338_12.876765,2024-09-01,0.76703966,0.75675005
BiLSTM+Attention,test,77.688338_12.885748,2024-09-01,0.48968208,0.5061138
BiLSTM+Attention,test,77.688338_12.966596,2024-09-01,0.5632017,0.5764381
BiLSTM+Attention,test,77.692829_12.746509,2024-09-01,0.47102845,0.47108626
BiLSTM+Attention,test,77.692829_12.800408,2024-09-01,0.45722237,0.46614486
BiLSTM+Attention,test,77.692829_12.845324,2024-09-01,0.64300853,0.6403109
BiLSTM+Attention,test,77.692829_12.885748,2024-09-01,0.5302709,0.54413855
BiLSTM+Attention,test,77.692829_12.899223,2024-09-01,0.45163512,0.47465977
BiLSTM+Attention,test,77.692829_13.047445,2024-09-01,0.75698936,0.73822004
BiLSTM+Attention,test,77.692829_13.06092,2024-09-01,0.5692368,0.59126556
BiLSTM+Attention,test,77.692829_13.065411,2024-09-01,0.5376576,0.56253034
BiLSTM+Attention,test,77.692829_13.083377,2024-09-01,0.3957044,0.42342785
BiLSTM+Attention,test,77.692829_13.096852,2024-09-01,0.3945456,0.4310867
BiLSTM+Attention,test,77.692829_13.132785,2024-09-01,0.38349164,0.42155558
BiLSTM+Attention,test,77.692829_13.155243,2024-09-01,0.39355192,0.42505315
BiLSTM+Attention,test,77.697321_12.697102,2024-09-01,0.7930394,0.7992423
BiLSTM+Attention,test,77.697321_12.751001,2024-09-01,0.527487,0.5269355
BiLSTM+Attention,test,77.697321_12.773459,2024-09-01,0.46310976,0.47249204
BiLSTM+Attention,test,77.697321_12.791425,2024-09-01,0.56350374,0.5625621
BiLSTM+Attention,test,77.697321_12.885748,2024-09-01,0.527945,0.544511
BiLSTM+Attention,test,77.697321_12.894731,2024-09-01,0.4717083,0.49131596
BiLSTM+Attention,test,77.697321_12.930664,2024-09-01,0.48295143,0.5108572
BiLSTM+Attention,test,77.697321_12.966596,2024-09-01,0.53344196,0.5471826
BiLSTM+Attention,test,77.697321_13.132785,2024-09-01,0.39512366,0.42613992
BiLSTM+Attention,test,77.697321_13.150751,2024-09-01,0.44638857,0.46329084
BiLSTM+Attention,test,77.697321_13.1777,2024-09-01,0.5590882,0.58208
BiLSTM+Attention,test,77.701812_12.742018,2024-09-01,0.4903023,0.49785355
BiLSTM+Attention,test,77.701812_12.77795,2024-09-01,0.46538487,0.47096264
BiLSTM+Attention,test,77.701812_12.8049,2024-09-01,0.54785,0.5571454
BiLSTM+Attention,test,77.701812_12.822866,2024-09-01,0.50969225,0.52642983
BiLSTM+Attention,test,77.701812_12.872273,2024-09-01,0.4293443,0.45662275
BiLSTM+Attention,test,77.701812_12.984563,2024-09-01,0.46421298,0.49268234
BiLSTM+Attention,test,77.701812_13.03397,2024-09-01,0.41984138,0.45246574
BiLSTM+Attention,test,77.701812_13.114818,2024-09-01,0.47743183,0.5129909
BiLSTM+Attention,test,77.701812_13.164226,2024-09-01,0.4355542,0.47048
BiLSTM+Attention,test,77.706304_12.746509,2024-09-01,0.49622494,0.5033405
BiLSTM+Attention,test,77.706304_12.751001,2024-09-01,0.51502186,0.51757616
BiLSTM+Attention,test,77.706304_12.759984,2024-09-01,0.41573635,0.4334758
BiLSTM+Attention,test,77.706304_12.764475,2024-09-01,0.49556157,0.48823133
BiLSTM+Attention,test,77.706304_12.86329,2024-09-01,0.3773624,0.40283048
BiLSTM+Attention,test,77.706304_12.984563,2024-09-01,0.46758214,0.49455687
BiLSTM+Attention,test,77.706304_13.038462,2024-09-01,0.41630527,0.44959745
BiLSTM+Attention,test,77.706304_13.042953,2024-09-01,0.49524873,0.51896936
BiLSTM+Attention,test,77.706304_13.137276,2024-09-01,0.7403088,0.7421024
BiLSTM+Attention,test,77.710796_12.715068,2024-09-01,0.6077296,0.62175196
BiLSTM+Attention,test,77.710796_12.894731,2024-09-01,0.57436955,0.5875644
BiLSTM+Attention,test,77.710796_12.899223,2024-09-01,0.49871564,0.51268154
BiLSTM+Attention,test,77.710796_12.912697,2024-09-01,0.42653555,0.45624912
BiLSTM+Attention,test,77.710796_13.03397,2024-09-01,0.4355596,0.47055823
BiLSTM+Attention,test,77.710796_13.11931,2024-09-01,0.42935836,0.4565005
BiLSTM+Attention,test,77.710796_13.123802,2024-09-01,0.38811332,0.42607173
BiLSTM+Attention,test,77.710796_13.132785,2024-09-01,0.4631149,0.48233053
BiLSTM+Attention,test,77.710796_13.150751,2024-09-01,0.38099808,0.4229699
BiLSTM+Attention,test,77.710796_13.168717,2024-09-01,0.49104157,0.5189376
BiLSTM+Attention,test,77.710796_13.173209,2024-09-01,0.48839208,0.5147454
BiLSTM+Attention,test,77.715287_12.679136,2024-09-01,0.69085807,0.6795599
BiLSTM+Attention,test,77.715287_12.742018,2024-09-01,0.49559584,0.4917799
BiLSTM+Attention,test,77.715287_12.773459,2024-09-01,0.45315132,0.47127312
BiLSTM+Attention,test,77.715287_12.822866,2024-09-01,0.50674397,0.51987803
BiLSTM+Attention,test,77.715287_12.827358,2024-09-01,0.45181015,0.47489217
BiLSTM+Attention,test,77.715287_12.845324,2024-09-01,0.39434737,0.42326596
BiLSTM+Attention,test,77.715287_12.885748,2024-09-01,0.5446036,0.5616692
BiLSTM+Attention,test,77.715287_12.899223,2024-09-01,0.4013396,0.42756426
BiLSTM+Attention,test,77.715287_12.939647,2024-09-01,0.68149066,0.6959901
BiLSTM+Attention,test,77.715287_12.944139,2024-09-01,0.71516937,0.7339282
BiLSTM+Attention,test,77.715287_12.94863,2024-09-01,0.5781745,0.6036153
BiLSTM+Attention,test,77.715287_13.016004,2024-09-01,0.51666695,0.53955835
BiLSTM+Attention,test,77.715287_13.029478,2024-09-01,0.37895,0.4104875
BiLSTM+Attention,test,77.715287_13.038462,2024-09-01,0.49662897,0.520738
BiLSTM+Attention,test,77.715287_13.051936,2024-09-01,0.49249116,0.51817805
BiLSTM+Attention,test,77.715287_13.056428,2024-09-01,0.3987209,0.43663368
BiLSTM+Attention,test,77.715287_13.096852,2024-09-01,0.33181238,0.38312855
BiLSTM+Attention,test,77.715287_13.114818,2024-09-01,0.52138186,0.5310953
BiLSTM+Attention,test,77.715287_13.128293,2024-09-01,0.47091997,0.48568207
BiLSTM+Attention,test,77.719779_12.706085,2024-09-01,0.6250802,0.6388436
BiLSTM+Attention,test,77.719779_12.746509,2024-09-01,0.69974434,0.6966306
BiLSTM+Attention,test,77.719779_12.795916,2024-09-01,0.4642734,0.48228836
BiLSTM+Attention,test,77.719779_12.840832,2024-09-01,0.5157086,0.52487254
BiLSTM+Attention,test,77.719779_12.903714,2024-09-01,0.4077352,0.43764487
BiLSTM+Attention,test,77.719779_13.069903,2024-09-01,0.40284362,0.43455765
BiLSTM+Attention,test,77.719779_13.105835,2024-09-01,0.44385785,0.46219665
BiLSTM+Attention,test,77.719779_13.123802,2024-09-01,0.42196026,0.4486654
BiLSTM+Attention,test,77.719779_13.137276,2024-09-01,0.43537614,0.4586552
BiLSTM+Attention,test,77.719779_13.155243,2024-09-01,0.40657327,0.44156167
BiLSTM+Attention,test,77.72427_12.674644,2024-09-01,0.5329511,0.5428419
BiLSTM+Attention,test,77.72427_12.697102,2024-09-01,0.47503754,0.50467986
BiLSTM+Attention,test,77.72427_12.701593,2024-09-01,0.5143376,0.53688294
BiLSTM+Attention,test,77.72427_12.724051,2024-09-01,0.52358603,0.5257219
BiLSTM+Attention,test,77.72427_12.786933,2024-09-01,0.4831843,0.49240857
BiLSTM+Attention,test,77.72427_12.791425,2024-09-01,0.48551062,0.49861467
BiLSTM+Attention,test,77.72427_12.840832,2024-09-01,0.48840734,0.5020866
BiLSTM+Attention,test,77.72427_12.867782,2024-09-01,0.42403567,0.4508173
BiLSTM+Attention,test,77.72427_12.885748,2024-09-01,0.47152334,0.48905173
BiLSTM+Attention,test,77.72427_13.024987,2024-09-01,0.78745335,0.78217757
BiLSTM+Attention,test,77.72427_13.06092,2024-09-01,0.40328023,0.43894476
BiLSTM+Attention,test,77.72427_13.074394,2024-09-01,0.43957824,0.47363952
BiLSTM+Attention,test,77.728762_12.706085,2024-09-01,0.62791455,0.635271
BiLSTM+Attention,test,77.728762_12.724051,2024-09-01,0.63235486,0.6438091
BiLSTM+Attention,test,77.728762_12.759984,2024-09-01,0.5139261,0.50825113
BiLSTM+Attention,test,77.728762_12.782442,2024-09-01,0.53140247,0.53907627
BiLSTM+Attention,test,77.728762_12.809391,2024-09-01,0.49557975,0.4947572
BiLSTM+Attention,test,77.728762_12.858799,2024-09-01,0.52994114,0.5508927
BiLSTM+Attention,test,77.728762_12.876765,2024-09-01,0.53392833,0.5569929
BiLSTM+Attention,test,77.728762_12.885748,2024-09-01,0.46918496,0.4822184
BiLSTM+Attention,test,77.728762_13.016004,2024-09-01,0.7775319,0.7739298
BiLSTM+Attention,test,77.728762_13.047445,2024-09-01,0.47369504,0.5068106
BiLSTM+Attention,test,77.728762_13.087869,2024-09-01,0.47254097,0.5018476
BiLSTM+Attention,test,77.728762_13.092361,2024-09-01,0.43866563,0.47482377
BiLSTM+Attention,test,77.733253_12.755492,2024-09-01,0.4475016,0.45217538
BiLSTM+Attention,test,77.733253_12.795916,2024-09-01,0.4796786,0.48744723
BiLSTM+Attention,test,77.733253_12.86329,2024-09-01,0.5551914,0.5713787
BiLSTM+Attention,test,77.733253_12.872273,2024-09-01,0.5447843,0.56780225
BiLSTM+Attention,test,77.733253_12.998037,2024-09-01,0.60436845,0.629225
BiLSTM+Attention,test,77.733253_13.056428,2024-09-01,0.37144768,0.41253087
BiLSTM+Attention,test,77.737745_12.764475,2024-09-01,0.43995944,0.4493581
BiLSTM+Attention,test,77.737745_12.791425,2024-09-01,0.47368345,0.48198903
BiLSTM+Attention,test,77.737745_12.809391,2024-09-01,0.46033415,0.46424708
BiLSTM+Attention,test,77.737745_12.858799,2024-09-01,0.4731735,0.49853227
BiLSTM+Attention,test,77.737745_12.872273,2024-09-01,0.54318374,0.5462002
BiLSTM+Attention,test,77.737745_12.881256,2024-09-01,0.5658534,0.58741796
BiLSTM+Attention,test,77.737745_13.051936,2024-09-01,0.3712322,0.41683897
BiLSTM+Attention,test,77.737745_13.06092,2024-09-01,0.41376182,0.45454243
BiLSTM+Attention,test,77.737745_13.078886,2024-09-01,0.44154182,0.47357407
BiLSTM+Attention,test,77.737745_13.101344,2024-09-01,0.3783145,0.41212812
BiLSTM+Attention,test,77.742237_12.697102,2024-09-01,0.6654232,0.6529143
BiLSTM+Attention,test,77.742237_12.764475,2024-09-01,0.46057907,0.46629843
BiLSTM+Attention,test,77.742237_12.795916,2024-09-01,0.4631485,0.4686866
BiLSTM+Attention,test,77.742237_12.8049,2024-09-01,0.4907028,0.49670425
BiLSTM+Attention,test,77.742237_12.86329,2024-09-01,0.40602824,0.43801603
BiLSTM+Attention,test,77.742237_12.867782,2024-09-01,0.54071754,0.55911094
BiLSTM+Attention,test,77.742237_12.89024,2024-09-01,0.55255115,0.5683595
BiLSTM+Attention,test,77.742237_12.899223,2024-09-01,0.530134,0.5557817
BiLSTM+Attention,test,77.742237_12.921681,2024-09-01,0.45286962,0.47829434
BiLSTM+Attention,test,77.742237_12.980071,2024-09-01,0.5160812,0.5314361
BiLSTM+Attention,test,77.742237_13.002529,2024-09-01,0.5422494,0.5636466
BiLSTM+Attention,test,77.742237_13.016004,2024-09-01,0.5402425,0.55145353
BiLSTM+Attention,test,77.742237_13.038462,2024-09-01,0.3903258,0.42899865
BiLSTM+Attention,test,77.742237_13.074394,2024-09-01,0.3715678,0.40063152
BiLSTM+Attention,test,77.742237_13.078886,2024-09-01,0.45515305,0.4679333
BiLSTM+Attention,test,77.742237_13.101344,2024-09-01,0.40516463,0.43930474
BiLSTM+Attention,test,77.746728_12.751001,2024-09-01,0.4805039,0.5002507
BiLSTM+Attention,test,77.746728_12.764475,2024-09-01,0.47957885,0.4834797
BiLSTM+Attention,test,77.746728_12.782442,2024-09-01,0.5321402,0.5506885
BiLSTM+Attention,test,77.746728_12.97558,2024-09-01,0.538399,0.55659974
BiLSTM+Attention,test,77.746728_12.984563,2024-09-01,0.5176953,0.53970796
BiLSTM+Attention,test,77.746728_13.016004,2024-09-01,0.57130116,0.58438647
BiLSTM+Attention,test,77.746728_13.020495,2024-09-01,0.6029848,0.6188855
BiLSTM+Attention,test,77.746728_13.024987,2024-09-01,0.47975412,0.51041263
BiLSTM+Attention,test,77.746728_13.038462,2024-09-01,0.39583397,0.4413901
BiLSTM+Attention,test,77.746728_13.06092,2024-09-01,0.34672916,0.3934454
BiLSTM+Attention,test,77.746728_13.083377,2024-09-01,0.44689083,0.4823372
BiLSTM+Attention,test,77.746728_13.092361,2024-09-01,0.4270338,0.4644654
BiLSTM+Attention,test,77.75122_12.751001,2024-09-01,0.4767833,0.4917412
BiLSTM+Attention,test,77.75122_12.755492,2024-09-01,0.55779517,0.5482017
BiLSTM+Attention,test,77.75122_12.768967,2024-09-01,0.44287077,0.45782956
BiLSTM+Attention,test,77.75122_12.77795,2024-09-01,0.4933231,0.5083967
BiLSTM+Attention,test,77.75122_12.894731,2024-09-01,0.4575964,0.4820873
BiLSTM+Attention,test,77.75122_12.993546,2024-09-01,0.46043417,0.4764694
BiLSTM+Attention,test,77.75122_13.020495,2024-09-01,0.5111349,0.5323882
BiLSTM+Attention,test,77.75122_13.03397,2024-09-01,0.427272,0.47180253
BiLSTM+Attention,test,77.75122_13.038462,2024-09-01,0.3537412,0.41003522
BiLSTM+Attention,test,77.755711_12.706085,2024-09-01,0.54867685,0.5666031
BiLSTM+Attention,test,77.755711_12.764475,2024-09-01,0.79560405,0.77666575
BiLSTM+Attention,test,77.755711_12.77795,2024-09-01,0.46577492,0.48495403
BiLSTM+Attention,test,77.755711_12.822866,2024-09-01,0.45963717,0.47784513
BiLSTM+Attention,test,77.755711_12.831849,2024-09-01,0.42058888,0.4547111
BiLSTM+Attention,test,77.755711_12.858799,2024-09-01,0.4954363,0.5173716
BiLSTM+Attention,test,77.755711_12.885748,2024-09-01,0.49043715,0.5162839
BiLSTM+Attention,test,77.755711_12.899223,2024-09-01,0.4101412,0.44258296
BiLSTM+Attention,test,77.755711_12.903714,2024-09-01,0.44939512,0.48555106
BiLSTM+Attention,test,77.755711_12.926172,2024-09-01,0.49314392,0.52123463
BiLSTM+Attention,test,77.760203_12.751001,2024-09-01,0.49202284,0.4937859
BiLSTM+Attention,test,77.760203_12.795916,2024-09-01,0.4227131,0.4465817
BiLSTM+Attention,test,77.760203_12.818374,2024-09-01,0.57049006,0.57764506
BiLSTM+Attention,test,77.760203_12.867782,2024-09-01,0.44873402,0.4675254
BiLSTM+Attention,test,77.760203_12.872273,2024-09-01,0.4702129,0.48864874
BiLSTM+Attention,test,77.760203_12.876765,2024-09-01,0.43465078,0.45580986
BiLSTM+Attention,test,77.760203_12.885748,2024-09-01,0.45640075,0.4861072
BiLSTM+Attention,test,77.760203_12.984563,2024-09-01,0.50200117,0.5362579
BiLSTM+Attention,test,77.764695_12.742018,2024-09-01,0.6553807,0.6607749
BiLSTM+Attention,test,77.764695_12.746509,2024-09-01,0.6493056,0.6532683
BiLSTM+Attention,test,77.764695_12.813883,2024-09-01,0.50720197,0.5203873
BiLSTM+Attention,test,77.764695_12.849815,2024-09-01,0.46066418,0.49084052
BiLSTM+Attention,test,77.764695_12.885748,2024-09-01,0.47603855,0.49900478
BiLSTM+Attention,test,77.764695_12.912697,2024-09-01,0.49472195,0.5193323
BiLSTM+Attention,test,77.764695_13.03397,2024-09-01,0.3589688,0.40406728
BiLSTM+Attention,test,77.769186_12.751001,2024-09-01,0.6837282,0.6810186
BiLSTM+Attention,test,77.769186_12.791425,2024-09-01,0.44133386,0.44921353
BiLSTM+Attention,test,77.769186_12.800408,2024-09-01,0.5013759,0.51962346
BiLSTM+Attention,test,77.769186_12.8049,2024-09-01,0.558481,0.5665884
BiLSTM+Attention,test,77.769186_12.809391,2024-09-01,0.46208236,0.48008165
BiLSTM+Attention,test,77.769186_12.876765,2024-09-01,0.4953847,0.5158688
BiLSTM+Attention,test,77.769186_12.894731,2024-09-01,0.45166367,0.49181148
BiLSTM+Attention,test,77.769186_13.016004,2024-09-01,0.43926227,0.4692301
BiLSTM+Attention,test,77.773678_12.746509,2024-09-01,0.66961735,0.672508
BiLSTM+Attention,test,77.773678_12.858799,2024-09-01,0.43844402,0.459766
BiLSTM+Attention,test,77.773678_12.885748,2024-09-01,0.476916,0.48923475
BiLSTM+Attention,test,77.773678_12.899223,2024-09-01,0.4197505,0.44541383
BiLSTM+Attention,test,77.773678_12.908206,2024-09-01,0.49326327,0.50447905
BiLSTM+Attention,test,77.778169_12.809391,2024-09-01,0.45626307,0.45177248
BiLSTM+Attention,test,77.778169_12.885748,2024-09-01,0.48631626,0.5109777
BiLSTM+Attention,test,77.782661_12.786933,2024-09-01,0.4333404,0.44362637
BiLSTM+Attention,test,77.782661_12.791425,2024-09-01,0.4775112,0.49435803
BiLSTM+Attention,test,77.782661_12.89024,2024-09-01,0.47833776,0.5054328
BiLSTM+Attention,test,77.787152_12.786933,2024-09-01,0.45388168,0.46337894
BiLSTM+Attention,test,77.787152_12.849815,2024-09-01,0.44667825,0.47567615
BiLSTM+Attention,test,77.787152_12.867782,2024-09-01,0.42800787,0.44986832
BiLSTM+Attention,test,77.791644_12.8049,2024-09-01,0.49404162,0.4928116
BiLSTM+Attention,test,77.791644_12.899223,2024-09-01,0.4252762,0.46873924
BiLSTM+Attention,test,77.796136_12.854307,2024-09-01,0.41904214,0.45648155
BiLSTM+Attention,test,77.796136_12.885748,2024-09-01,0.48174992,0.51402867
BiLSTM+Attention,test,77.800627_12.876765,2024-09-01,0.4795136,0.5171569
BiLSTM+Attention,test,77.800627_12.885748,2024-09-01,0.44495618,0.47930127
BiLSTM+Attention,test,77.805119_12.876765,2024-09-01,0.49299416,0.5286396
BiLSTM+Attention,test,77.805119_12.89024,2024-09-01,0.458723,0.49717483
BiLSTM+Attention,test,77.80961_12.858799,2024-09-01,0.46954447,0.4988104
BiLSTM+Attention,test,77.80961_12.86329,2024-09-01,0.43928424,0.47413254
BiLSTM+Attention,test,77.329012_12.944139,2024-10-01,0.48454958,0.48864844
BiLSTM+Attention,test,77.329012_12.962105,2024-10-01,0.74791867,0.7514254
BiLSTM+Attention,test,77.337995_12.921681,2024-10-01,0.6728813,0.7045418
BiLSTM+Attention,test,77.342486_12.926172,2024-10-01,0.747555,0.75378734
BiLSTM+Attention,test,77.342486_12.935155,2024-10-01,0.778321,0.7741376
BiLSTM+Attention,test,77.342486_12.944139,2024-10-01,0.7184898,0.72471154
BiLSTM+Attention,test,77.346978_12.962105,2024-10-01,0.54422265,0.54870075
BiLSTM+Attention,test,77.351469_12.939647,2024-10-01,0.76587284,0.7627101
BiLSTM+Attention,test,77.355961_12.962105,2024-10-01,0.77719116,0.7600459
BiLSTM+Attention,test,77.360453_12.867782,2024-10-01,0.4110873,0.43888924
BiLSTM+Attention,test,77.364944_12.962105,2024-10-01,0.46597636,0.46472037
BiLSTM+Attention,test,77.369436_12.881256,2024-10-01,0.46353963,0.47806585
BiLSTM+Attention,test,77.369436_12.935155,2024-10-01,0.39658466,0.41932365
BiLSTM+Attention,test,77.369436_12.998037,2024-10-01,0.42945668,0.443971
BiLSTM+Attention,test,77.369436_13.007021,2024-10-01,0.49466196,0.5086851
BiLSTM+Attention,test,77.373927_12.971088,2024-10-01,0.4803542,0.47486752
BiLSTM+Attention,test,77.373927_13.011512,2024-10-01,0.43550318,0.46002766
BiLSTM+Attention,test,77.373927_13.016004,2024-10-01,0.43419436,0.46439913
BiLSTM+Attention,test,77.378419_12.966596,2024-10-01,0.45390514,0.46226475
BiLSTM+Attention,test,77.382911_12.953122,2024-10-01,0.45308042,0.4553444
BiLSTM+Attention,test,77.382911_12.957613,2024-10-01,0.4546507,0.4622207
BiLSTM+Attention,test,77.387402_12.962105,2024-10-01,0.43113896,0.4385179
BiLSTM+Attention,test,77.391894_12.881256,2024-10-01,0.4816217,0.500192
BiLSTM+Attention,test,77.391894_12.885748,2024-10-01,0.52349347,0.5330967
BiLSTM+Attention,test,77.396385_12.971088,2024-10-01,0.41737133,0.4465591
BiLSTM+Attention,test,77.396385_13.029478,2024-10-01,0.37924063,0.41327354
BiLSTM+Attention,test,77.400877_12.957613,2024-10-01,0.4403526,0.45446
BiLSTM+Attention,test,77.400877_12.966596,2024-10-01,0.38471854,0.41227213
BiLSTM+Attention,test,77.400877_13.029478,2024-10-01,0.3551822,0.39380372
BiLSTM+Attention,test,77.405368_13.105835,2024-10-01,0.41860113,0.44463158
BiLSTM+Attention,test,77.405368_13.11931,2024-10-01,0.38889492,0.41960606
BiLSTM+Attention,test,77.40986_12.962105,2024-10-01,0.4723506,0.49023315
BiLSTM+Attention,test,77.414352_12.989054,2024-10-01,0.39609087,0.4160997
BiLSTM+Attention,test,77.414352_12.993546,2024-10-01,0.4186175,0.44024268
BiLSTM+Attention,test,77.414352_13.03397,2024-10-01,0.40137804,0.42627296
BiLSTM+Attention,test,77.414352_13.096852,2024-10-01,0.385155,0.41422424
BiLSTM+Attention,test,77.414352_13.11931,2024-10-01,0.41290718,0.44196513
BiLSTM+Attention,test,77.418843_12.94863,2024-10-01,0.45995057,0.4738433
BiLSTM+Attention,test,77.418843_12.971088,2024-10-01,0.41080898,0.43166494
BiLSTM+Attention,test,77.418843_12.993546,2024-10-01,0.42848256,0.4504641
BiLSTM+Attention,test,77.418843_13.016004,2024-10-01,0.40223736,0.42230788
BiLSTM+Attention,test,77.418843_13.024987,2024-10-01,0.4086787,0.42897847
BiLSTM+Attention,test,77.418843_13.029478,2024-10-01,0.4242613,0.43782666
BiLSTM+Attention,test,77.418843_13.146259,2024-10-01,0.35224167,0.39185002
BiLSTM+Attention,test,77.423335_13.002529,2024-10-01,0.49862814,0.52776563
BiLSTM+Attention,test,77.423335_13.092361,2024-10-01,0.33981845,0.36408153
BiLSTM+Attention,test,77.423335_13.141768,2024-10-01,0.43196595,0.46125183
BiLSTM+Attention,test,77.423335_13.150751,2024-10-01,0.3355961,0.38526192
BiLSTM+Attention,test,77.427826_12.939647,2024-10-01,0.40345752,0.41465297
BiLSTM+Attention,test,77.427826_12.944139,2024-10-01,0.3967879,0.40886673
BiLSTM+Attention,test,77.427826_13.020495,2024-10-01,0.37532675,0.41208342
BiLSTM+Attention,test,77.427826_13.024987,2024-10-01,0.4113439,0.4353282
BiLSTM+Attention,test,77.427826_13.110327,2024-10-01,0.41378045,0.4495463
BiLSTM+Attention,test,77.427826_13.132785,2024-10-01,0.5182505,0.5287629
BiLSTM+Attention,test,77.432318_12.957613,2024-10-01,0.42400646,0.4398552
BiLSTM+Attention,test,77.432318_12.998037,2024-10-01,0.38104522,0.4088619
BiLSTM+Attention,test,77.436809_12.912697,2024-10-01,0.55742157,0.5727401
BiLSTM+Attention,test,77.436809_12.926172,2024-10-01,0.4654634,0.47693685
BiLSTM+Attention,test,77.436809_12.944139,2024-10-01,0.41320953,0.43747798
BiLSTM+Attention,test,77.436809_13.03397,2024-10-01,0.40244782,0.42957044
BiLSTM+Attention,test,77.441301_12.944139,2024-10-01,0.49519768,0.5047491
BiLSTM+Attention,test,77.441301_12.94863,2024-10-01,0.45468307,0.4749516
BiLSTM+Attention,test,77.441301_13.056428,2024-10-01,0.39988157,0.41998872
BiLSTM+Attention,test,77.441301_13.069903,2024-10-01,0.41133684,0.43735817
BiLSTM+Attention,test,77.441301_13.110327,2024-10-01,0.4363315,0.45710316
BiLSTM+Attention,test,77.445793_12.912697,2024-10-01,0.4335854,0.45778996
BiLSTM+Attention,test,77.445793_12.957613,2024-10-01,0.47491536,0.4953903
BiLSTM+Attention,test,77.445793_12.984563,2024-10-01,0.44461155,0.47371992
BiLSTM+Attention,test,77.450284_12.993546,2024-10-01,0.34548205,0.36897197
BiLSTM+Attention,test,77.450284_13.029478,2024-10-01,0.44525716,0.46304464
BiLSTM+Attention,test,77.450284_13.047445,2024-10-01,0.4082905,0.44417986
BiLSTM+Attention,test,77.450284_13.146259,2024-10-01,0.50682396,0.53885233
BiLSTM+Attention,test,77.454776_12.980071,2024-10-01,0.3812596,0.41414216
BiLSTM+Attention,test,77.454776_12.993546,2024-10-01,0.386945,0.41689202
BiLSTM+Attention,test,77.454776_13.078886,2024-10-01,0.42432368,0.4515532
BiLSTM+Attention,test,77.454776_13.114818,2024-10-01,0.4989201,0.52750176
BiLSTM+Attention,test,77.454776_13.141768,2024-10-01,0.502808,0.53097117
BiLSTM+Attention,test,77.459267_12.872273,2024-10-01,0.4953414,0.512026
BiLSTM+Attention,test,77.459267_12.903714,2024-10-01,0.42545828,0.44252157
BiLSTM+Attention,test,77.459267_12.926172,2024-10-01,0.46853796,0.48710313
BiLSTM+Attention,test,77.459267_12.97558,2024-10-01,0.4016331,0.42984053
BiLSTM+Attention,test,77.459267_13.016004,2024-10-01,0.38446447,0.41965535
BiLSTM+Attention,test,77.459267_13.020495,2024-10-01,0.36205232,0.39747792
BiLSTM+Attention,test,77.459267_13.11931,2024-10-01,0.44114268,0.48078528
BiLSTM+Attention,test,77.463759_12.867782,2024-10-01,0.5278946,0.546953
BiLSTM+Attention,test,77.463759_12.872273,2024-10-01,0.48869058,0.507612
BiLSTM+Attention,test,77.463759_12.881256,2024-10-01,0.55581415,0.5709695
BiLSTM+Attention,test,77.463759_12.885748,2024-10-01,0.58996975,0.60786784
BiLSTM+Attention,test,77.463759_12.894731,2024-10-01,0.46995482,0.48952684
BiLSTM+Attention,test,77.463759_12.899223,2024-10-01,0.4979908,0.5163786
BiLSTM+Attention,test,77.463759_12.917189,2024-10-01,0.42319658,0.4482759
BiLSTM+Attention,test,77.463759_12.953122,2024-10-01,0.760204,0.7667051
BiLSTM+Attention,test,77.463759_13.03397,2024-10-01,0.36931902,0.3977122
BiLSTM+Attention,test,77.463759_13.078886,2024-10-01,0.51162046,0.54498726
BiLSTM+Attention,test,77.46825_12.894731,2024-10-01,0.4353605,0.45707962
BiLSTM+Attention,test,77.46825_12.94863,2024-10-01,0.5223234,0.5435315
BiLSTM+Attention,test,77.46825_12.953122,2024-10-01,0.44200525,0.46667978
BiLSTM+Attention,test,77.46825_12.966596,2024-10-01,0.46749365,0.47807607
BiLSTM+Attention,test,77.46825_13.007021,2024-10-01,0.3743434,0.40509933
BiLSTM+Attention,test,77.46825_13.020495,2024-10-01,0.45452192,0.48218814
BiLSTM+Attention,test,77.46825_13.114818,2024-10-01,0.4909454,0.5225746
BiLSTM+Attention,test,77.46825_13.150751,2024-10-01,0.3995842,0.43599322
BiLSTM+Attention,test,77.46825_13.1777,2024-10-01,0.46147993,0.49584264
BiLSTM+Attention,test,77.472742_12.984563,2024-10-01,0.43754634,0.4674316
BiLSTM+Attention,test,77.477234_12.899223,2024-10-01,0.42421436,0.4502648
BiLSTM+Attention,test,77.477234_12.935155,2024-10-01,0.56449115,0.5867525
BiLSTM+Attention,test,77.477234_12.944139,2024-10-01,0.4755805,0.50740063
BiLSTM+Attention,test,77.477234_12.94863,2024-10-01,0.504214,0.525018
BiLSTM+Attention,test,77.477234_12.971088,2024-10-01,0.49965817,0.52589417
BiLSTM+Attention,test,77.477234_13.002529,2024-10-01,0.3779345,0.40347692
BiLSTM+Attention,test,77.477234_13.056428,2024-10-01,0.42516714,0.45951495
BiLSTM+Attention,test,77.481725_12.737526,2024-10-01,0.51972866,0.53731376
BiLSTM+Attention,test,77.481725_12.89024,2024-10-01,0.5221925,0.5393669
BiLSTM+Attention,test,77.481725_12.894731,2024-10-01,0.4764519,0.5010546
BiLSTM+Attention,test,77.481725_12.944139,2024-10-01,0.4880447,0.5159062
BiLSTM+Attention,test,77.481725_12.971088,2024-10-01,0.40174672,0.43779886
BiLSTM+Attention,test,77.481725_12.980071,2024-10-01,0.48644978,0.5114115
BiLSTM+Attention,test,77.481725_13.024987,2024-10-01,0.4527475,0.4874059
BiLSTM+Attention,test,77.481725_13.03397,2024-10-01,0.42542663,0.46064493
BiLSTM+Attention,test,77.481725_13.137276,2024-10-01,0.7517572,0.7543443
BiLSTM+Attention,test,77.486217_12.764475,2024-10-01,0.5120787,0.5260647
BiLSTM+Attention,test,77.486217_12.872273,2024-10-01,0.48375064,0.50438803
BiLSTM+Attention,test,77.486217_12.939647,2024-10-01,0.50024295,0.52923906
BiLSTM+Attention,test,77.486217_12.998037,2024-10-01,0.42787588,0.4646432
BiLSTM+Attention,test,77.486217_13.042953,2024-10-01,0.5157817,0.5384766
BiLSTM+Attention,test,77.486217_13.06092,2024-10-01,0.5288581,0.5532979
BiLSTM+Attention,test,77.486217_13.114818,2024-10-01,0.4822901,0.51382726
BiLSTM+Attention,test,77.486217_13.11931,2024-10-01,0.49347848,0.5298514
BiLSTM+Attention,test,77.490708_12.849815,2024-10-01,0.51993406,0.5253456
BiLSTM+Attention,test,77.490708_12.89024,2024-10-01,0.47896186,0.49497077
BiLSTM+Attention,test,77.490708_13.051936,2024-10-01,0.6038487,0.6191561
BiLSTM+Attention,test,77.490708_13.087869,2024-10-01,0.52535594,0.55385303
BiLSTM+Attention,test,77.490708_13.092361,2024-10-01,0.5099824,0.5439405
BiLSTM+Attention,test,77.490708_13.096852,2024-10-01,0.5570113,0.58360505
BiLSTM+Attention,test,77.490708_13.182192,2024-10-01,0.43930805,0.48371002
BiLSTM+Attention,test,77.490708_13.209142,2024-10-01,0.4129879,0.4617093
BiLSTM+Attention,test,77.4952_12.786933,2024-10-01,0.4724444,0.49707875
BiLSTM+Attention,test,77.4952_12.836341,2024-10-01,0.48593736,0.5005646
BiLSTM+Attention,test,77.4952_12.899223,2024-10-01,0.54992807,0.5652335
BiLSTM+Attention,test,77.4952_12.962105,2024-10-01,0.5511323,0.57445014
BiLSTM+Attention,test,77.4952_13.020495,2024-10-01,0.49498814,0.52838165
BiLSTM+Attention,test,77.4952_13.024987,2024-10-01,0.5155209,0.53231883
BiLSTM+Attention,test,77.4952_13.03397,2024-10-01,0.583033,0.6089885
BiLSTM+Attention,test,77.4952_13.087869,2024-10-01,0.47777846,0.50676024
BiLSTM+Attention,test,77.4952_13.092361,2024-10-01,0.50700784,0.5425637
BiLSTM+Attention,test,77.4952_13.182192,2024-10-01,0.45664927,0.49837598
BiLSTM+Attention,test,77.499692_12.858799,2024-10-01,0.6295545,0.6328607
BiLSTM+Attention,test,77.499692_12.984563,2024-10-01,0.5197426,0.5282189
BiLSTM+Attention,test,77.499692_13.114818,2024-10-01,0.5116971,0.54042053
BiLSTM+Attention,test,77.499692_13.137276,2024-10-01,0.4513465,0.48820853
BiLSTM+Attention,test,77.499692_13.168717,2024-10-01,0.47296715,0.49921307
BiLSTM+Attention,test,77.504183_12.786933,2024-10-01,0.5488117,0.5668607
BiLSTM+Attention,test,77.504183_12.818374,2024-10-01,0.5277078,0.5481962
BiLSTM+Attention,test,77.504183_12.854307,2024-10-01,0.5184313,0.5255563
BiLSTM+Attention,test,77.504183_12.858799,2024-10-01,0.633477,0.6363919
BiLSTM+Attention,test,77.504183_12.953122,2024-10-01,0.5449126,0.5617921
BiLSTM+Attention,test,77.504183_13.083377,2024-10-01,0.59304863,0.6197961
BiLSTM+Attention,test,77.504183_13.141768,2024-10-01,0.4885752,0.52328676
BiLSTM+Attention,test,77.504183_13.159734,2024-10-01,0.51893246,0.5534749
BiLSTM+Attention,test,77.504183_13.195667,2024-10-01,0.3879095,0.44956633
BiLSTM+Attention,test,77.508675_12.795916,2024-10-01,0.5740653,0.5889218
BiLSTM+Attention,test,77.508675_12.831849,2024-10-01,0.5476568,0.5601383
BiLSTM+Attention,test,77.508675_12.836341,2024-10-01,0.5907186,0.6039417
BiLSTM+Attention,test,77.508675_12.845324,2024-10-01,0.5461062,0.57062984
BiLSTM+Attention,test,77.508675_12.912697,2024-10-01,0.491009,0.51645464
BiLSTM+Attention,test,77.508675_12.917189,2024-10-01,0.5202096,0.541976
BiLSTM+Attention,test,77.508675_13.114818,2024-10-01,0.44216916,0.47451612
BiLSTM+Attention,test,77.508675_13.137276,2024-10-01,0.43961996,0.47544262
BiLSTM+Attention,test,77.508675_13.159734,2024-10-01,0.5403622,0.5664059
BiLSTM+Attention,test,77.508675_13.191175,2024-10-01,0.3909618,0.4416985
BiLSTM+Attention,test,77.513166_12.746509,2024-10-01,0.77275074,0.78233504
BiLSTM+Attention,test,77.513166_12.77795,2024-10-01,0.64763814,0.6519068
BiLSTM+Attention,test,77.513166_12.822866,2024-10-01,0.6300944,0.65712327
BiLSTM+Attention,test,77.513166_13.087869,2024-10-01,0.58205235,0.6070936
BiLSTM+Attention,test,77.513166_13.096852,2024-10-01,0.6253112,0.643932
BiLSTM+Attention,test,77.513166_13.137276,2024-10-01,0.40179121,0.44145426
BiLSTM+Attention,test,77.513166_13.1777,2024-10-01,0.42684573,0.4634195
BiLSTM+Attention,test,77.517658_12.77795,2024-10-01,0.60091716,0.6142582
BiLSTM+Attention,test,77.517658_12.782442,2024-10-01,0.60647815,0.6151145
BiLSTM+Attention,test,77.517658_12.795916,2024-10-01,0.5813923,0.5989959
BiLSTM+Attention,test,77.517658_12.827358,2024-10-01,0.54819506,0.5701456
BiLSTM+Attention,test,77.517658_12.849815,2024-10-01,0.51633626,0.53083336
BiLSTM+Attention,test,77.517658_12.998037,2024-10-01,0.5774971,0.610148
BiLSTM+Attention,test,77.517658_13.11931,2024-10-01,0.38905054,0.42539546
BiLSTM+Attention,test,77.517658_13.182192,2024-10-01,0.4321292,0.47070944
BiLSTM+Attention,test,77.517658_13.186684,2024-10-01,0.46782532,0.49230585
BiLSTM+Attention,test,77.517658_13.191175,2024-10-01,0.41747886,0.45043626
BiLSTM+Attention,test,77.522149_12.809391,2024-10-01,0.79422456,0.8018096
BiLSTM+Attention,test,77.522149_12.813883,2024-10-01,0.511808,0.5298288
BiLSTM+Attention,test,77.522149_12.818374,2024-10-01,0.48075166,0.5030052
BiLSTM+Attention,test,77.522149_12.836341,2024-10-01,0.547713,0.5572628
BiLSTM+Attention,test,77.522149_12.845324,2024-10-01,0.5495256,0.569235
BiLSTM+Attention,test,77.522149_13.056428,2024-10-01,0.64107144,0.6663273
BiLSTM+Attention,test,77.522149_13.078886,2024-10-01,0.60244614,0.62559867
BiLSTM+Attention,test,77.522149_13.146259,2024-10-01,0.3552202,0.4151373
BiLSTM+Attention,test,77.522149_13.200158,2024-10-01,0.45351034,0.51140475
BiLSTM+Attention,test,77.526641_12.840832,2024-10-01,0.61390394,0.63155127
BiLSTM+Attention,test,77.526641_12.89024,2024-10-01,0.65329653,0.66474754
BiLSTM+Attention,test,77.526641_12.899223,2024-10-01,0.5913438,0.6068385
BiLSTM+Attention,test,77.526641_13.078886,2024-10-01,0.5944725,0.62702215
BiLSTM+Attention,test,77.526641_13.105835,2024-10-01,0.4256654,0.45961705
BiLSTM+Attention,test,77.526641_13.110327,2024-10-01,0.40199202,0.4432337
BiLSTM+Attention,test,77.531133_12.791425,2024-10-01,0.5577906,0.5691585
BiLSTM+Attention,test,77.531133_12.795916,2024-10-01,0.6011601,0.61244273
BiLSTM+Attention,test,77.531133_12.800408,2024-10-01,0.5809924,0.60112906
BiLSTM+Attention,test,77.531133_12.822866,2024-10-01,0.52952164,0.55584407
BiLSTM+Attention,test,77.531133_12.827358,2024-10-01,0.5564971,0.58399045
BiLSTM+Attention,test,77.531133_12.894731,2024-10-01,0.5200607,0.5391003
BiLSTM+Attention,test,77.531133_13.114818,2024-10-01,0.40749046,0.45501176
BiLSTM+Attention,test,77.531133_13.195667,2024-10-01,0.49863413,0.5294383
BiLSTM+Attention,test,77.535624_12.822866,2024-10-01,0.68079,0.69641155
BiLSTM+Attention,test,77.535624_12.872273,2024-10-01,0.44181043,0.45605263
BiLSTM+Attention,test,77.535624_12.899223,2024-10-01,0.4929276,0.5013076
BiLSTM+Attention,test,77.535624_13.069903,2024-10-01,0.70290303,0.72049487
BiLSTM+Attention,test,77.535624_13.096852,2024-10-01,0.45702526,0.49055535
BiLSTM+Attention,test,77.535624_13.114818,2024-10-01,0.46024805,0.4861891
BiLSTM+Attention,test,77.535624_13.132785,2024-10-01,0.4716381,0.5081667
BiLSTM+Attention,test,77.535624_13.137276,2024-10-01,0.40484947,0.43893978
BiLSTM+Attention,test,77.535624_13.195667,2024-10-01,0.4109009,0.45097512
BiLSTM+Attention,test,77.540116_12.795916,2024-10-01,0.62830174,0.63730586
BiLSTM+Attention,test,77.540116_13.042953,2024-10-01,0.58193016,0.5967947
BiLSTM+Attention,test,77.540116_13.074394,2024-10-01,0.60807645,0.62918025
BiLSTM+Attention,test,77.540116_13.092361,2024-10-01,0.42559433,0.45694128
BiLSTM+Attention,test,77.540116_13.101344,2024-10-01,0.41344467,0.45043758
BiLSTM+Attention,test,77.540116_13.105835,2024-10-01,0.4318744,0.4743727
BiLSTM+Attention,test,77.540116_13.114818,2024-10-01,0.41964978,0.46413052
BiLSTM+Attention,test,77.540116_13.132785,2024-10-01,0.4390127,0.4832688
BiLSTM+Attention,test,77.540116_13.155243,2024-10-01,0.5017617,0.5310011
BiLSTM+Attention,test,77.540116_13.182192,2024-10-01,0.41461426,0.45502463
BiLSTM+Attention,test,77.544607_12.831849,2024-10-01,0.73986685,0.76111
BiLSTM+Attention,test,77.544607_13.218125,2024-10-01,0.4792043,0.5132947
BiLSTM+Attention,test,77.549099_12.822866,2024-10-01,0.76400167,0.7746298
BiLSTM+Attention,test,77.549099_12.831849,2024-10-01,0.6512662,0.6709538
BiLSTM+Attention,test,77.549099_12.836341,2024-10-01,0.6206265,0.6375506
BiLSTM+Attention,test,77.549099_12.845324,2024-10-01,0.6332431,0.6462176
BiLSTM+Attention,test,77.549099_12.867782,2024-10-01,0.55463666,0.5674012
BiLSTM+Attention,test,77.549099_12.876765,2024-10-01,0.5177369,0.5319771
BiLSTM+Attention,test,77.549099_12.894731,2024-10-01,0.63682616,0.6465993
BiLSTM+Attention,test,77.549099_13.096852,2024-10-01,0.505448,0.53519064
BiLSTM+Attention,test,77.549099_13.132785,2024-10-01,0.6299365,0.66339844
BiLSTM+Attention,test,77.55359_12.71956,2024-10-01,0.77435994,0.78021073
BiLSTM+Attention,test,77.55359_12.782442,2024-10-01,0.6930751,0.70931715
BiLSTM+Attention,test,77.55359_12.849815,2024-10-01,0.6141639,0.6305062
BiLSTM+Attention,test,77.55359_12.872273,2024-10-01,0.50797784,0.5220396
BiLSTM+Attention,test,77.55359_13.069903,2024-10-01,0.7335343,0.74605113
BiLSTM+Attention,test,77.55359_13.101344,2024-10-01,0.42624742,0.46185836
BiLSTM+Attention,test,77.55359_13.110327,2024-10-01,0.49257547,0.5217965
BiLSTM+Attention,test,77.55359_13.128293,2024-10-01,0.61599517,0.6385829
BiLSTM+Attention,test,77.55359_13.168717,2024-10-01,0.4937628,0.5232239
BiLSTM+Attention,test,77.55359_13.173209,2024-10-01,0.4107676,0.4443826
BiLSTM+Attention,test,77.558082_12.710577,2024-10-01,0.7910363,0.79802704
BiLSTM+Attention,test,77.558082_12.827358,2024-10-01,0.7008445,0.718317
BiLSTM+Attention,test,77.558082_12.845324,2024-10-01,0.6934883,0.70036894
BiLSTM+Attention,test,77.558082_13.042953,2024-10-01,0.6562917,0.68091017
BiLSTM+Attention,test,77.558082_13.051936,2024-10-01,0.7114675,0.723006
BiLSTM+Attention,test,77.558082_13.110327,2024-10-01,0.50779074,0.5415877
BiLSTM+Attention,test,77.558082_13.168717,2024-10-01,0.49787265,0.53045595
BiLSTM+Attention,test,77.558082_13.1777,2024-10-01,0.46401092,0.4946132
BiLSTM+Attention,test,77.562574_12.71956,2024-10-01,0.781675,0.7910702
BiLSTM+Attention,test,77.562574_12.827358,2024-10-01,0.71369654,0.7225052
BiLSTM+Attention,test,77.562574_12.858799,2024-10-01,0.4456572,0.46753833
BiLSTM+Attention,test,77.562574_12.872273,2024-10-01,0.60063493,0.6111829
BiLSTM+Attention,test,77.562574_12.876765,2024-10-01,0.6196882,0.6370431
BiLSTM+Attention,test,77.562574_13.141768,2024-10-01,0.42301342,0.46813396
BiLSTM+Attention,test,77.562574_13.159734,2024-10-01,0.49218893,0.5271583
BiLSTM+Attention,test,77.562574_13.173209,2024-10-01,0.4974264,0.52133274
BiLSTM+Attention,test,77.567065_12.724051,2024-10-01,0.7548337,0.7629652
BiLSTM+Attention,test,77.567065_12.813883,2024-10-01,0.6891146,0.7092289
BiLSTM+Attention,test,77.567065_12.849815,2024-10-01,0.67621064,0.6885084
BiLSTM+Attention,test,77.567065_13.105835,2024-10-01,0.58505195,0.6044804
BiLSTM+Attention,test,77.567065_13.114818,2024-10-01,0.6661732,0.68388194
BiLSTM+Attention,test,77.567065_13.182192,2024-10-01,0.4991782,0.5310173
BiLSTM+Attention,test,77.571557_12.71956,2024-10-01,0.77516115,0.7777386
BiLSTM+Attention,test,77.571557_12.800408,2024-10-01,0.6836274,0.7011167
BiLSTM+Attention,test,77.571557_12.813883,2024-10-01,0.76737475,0.766791
BiLSTM+Attention,test,77.571557_12.849815,2024-10-01,0.68345135,0.69637966
BiLSTM+Attention,test,77.571557_13.141768,2024-10-01,0.44692785,0.48797897
BiLSTM+Attention,test,77.571557_13.146259,2024-10-01,0.46177855,0.4996617
BiLSTM+Attention,test,77.576048_12.71956,2024-10-01,0.7492897,0.75504386
BiLSTM+Attention,test,77.576048_12.728543,2024-10-01,0.770464,0.7756267
BiLSTM+Attention,test,77.576048_12.742018,2024-10-01,0.7497797,0.76085424
BiLSTM+Attention,test,77.576048_12.813883,2024-10-01,0.77988297,0.77791524
BiLSTM+Attention,test,77.576048_12.827358,2024-10-01,0.6364662,0.6532576
BiLSTM+Attention,test,77.58054_12.800408,2024-10-01,0.7330707,0.7430065
BiLSTM+Attention,test,77.58054_12.845324,2024-10-01,0.70823824,0.7151249
BiLSTM+Attention,test,77.58054_13.083377,2024-10-01,0.51519006,0.5436517
BiLSTM+Attention,test,77.58054_13.087869,2024-10-01,0.48639116,0.51471287
BiLSTM+Attention,test,77.585031_12.849815,2024-10-01,0.69435716,0.6961591
BiLSTM+Attention,test,77.585031_13.042953,2024-10-01,0.68768203,0.70275354
BiLSTM+Attention,test,77.585031_13.137276,2024-10-01,0.47300363,0.50093657
BiLSTM+Attention,test,77.589523_12.71956,2024-10-01,0.8388069,0.8321368
BiLSTM+Attention,test,77.589523_12.746509,2024-10-01,0.7316669,0.73434836
BiLSTM+Attention,test,77.589523_12.854307,2024-10-01,0.61311007,0.63878715
BiLSTM+Attention,test,77.589523_12.971088,2024-10-01,0.76088613,0.7667789
BiLSTM+Attention,test,77.589523_13.083377,2024-10-01,0.5908652,0.62298405
BiLSTM+Attention,test,77.589523_13.150751,2024-10-01,0.45724797,0.5105624
BiLSTM+Attention,test,77.594015_12.724051,2024-10-01,0.8416166,0.8397161
BiLSTM+Attention,test,77.594015_12.733034,2024-10-01,0.80942625,0.8249954
BiLSTM+Attention,test,77.594015_12.755492,2024-10-01,0.6844993,0.7069037
BiLSTM+Attention,test,77.594015_12.831849,2024-10-01,0.6024604,0.6161521
BiLSTM+Attention,test,77.594015_12.836341,2024-10-01,0.64964426,0.65942967
BiLSTM+Attention,test,77.594015_12.840832,2024-10-01,0.6534144,0.6625553
BiLSTM+Attention,test,77.594015_12.849815,2024-10-01,0.63775,0.6494867
BiLSTM+Attention,test,77.594015_12.998037,2024-10-01,0.73968774,0.7567933
BiLSTM+Attention,test,77.594015_13.087869,2024-10-01,0.6179705,0.635625
BiLSTM+Attention,test,77.598506_12.665661,2024-10-01,0.7925373,0.796374
BiLSTM+Attention,test,77.598506_12.710577,2024-10-01,0.7013792,0.7151298
BiLSTM+Attention,test,77.598506_12.822866,2024-10-01,0.6311487,0.6444276
BiLSTM+Attention,test,77.598506_12.849815,2024-10-01,0.72638655,0.72803974
BiLSTM+Attention,test,77.598506_13.083377,2024-10-01,0.6039226,0.6182053
BiLSTM+Attention,test,77.598506_13.128293,2024-10-01,0.5664689,0.5966865
BiLSTM+Attention,test,77.598506_13.141768,2024-10-01,0.4302431,0.47443637
BiLSTM+Attention,test,77.598506_13.146259,2024-10-01,0.40678263,0.44982484
BiLSTM+Attention,test,77.602998_12.710577,2024-10-01,0.7149974,0.7384618
BiLSTM+Attention,test,77.602998_12.827358,2024-10-01,0.5070173,0.5155274
BiLSTM+Attention,test,77.602998_12.849815,2024-10-01,0.57218784,0.5794828
BiLSTM+Attention,test,77.602998_12.858799,2024-10-01,0.57899755,0.5921616
BiLSTM+Attention,test,77.602998_13.114818,2024-10-01,0.574797,0.59721684
BiLSTM+Attention,test,77.602998_13.11931,2024-10-01,0.5798161,0.6023994
BiLSTM+Attention,test,77.602998_13.128293,2024-10-01,0.53290457,0.5622786
BiLSTM+Attention,test,77.602998_13.164226,2024-10-01,0.46976215,0.5077275
BiLSTM+Attention,test,77.607489_12.768967,2024-10-01,0.63738686,0.645878
BiLSTM+Attention,test,77.607489_12.773459,2024-10-01,0.607553,0.6225065
BiLSTM+Attention,test,77.607489_12.791425,2024-10-01,0.5602118,0.5729029
BiLSTM+Attention,test,77.607489_12.809391,2024-10-01,0.6572768,0.6740406
BiLSTM+Attention,test,77.607489_12.818374,2024-10-01,0.7068934,0.7286029
BiLSTM+Attention,test,77.607489_13.087869,2024-10-01,0.7335657,0.7530418
BiLSTM+Attention,test,77.611981_12.768967,2024-10-01,0.57715595,0.59990466
BiLSTM+Attention,test,77.611981_12.831849,2024-10-01,0.5621769,0.57599694
BiLSTM+Attention,test,77.611981_12.867782,2024-10-01,0.5343545,0.5501814
BiLSTM+Attention,test,77.611981_12.953122,2024-10-01,0.74044186,0.749681
BiLSTM+Attention,test,77.611981_13.105835,2024-10-01,0.5365555,0.55994606
BiLSTM+Attention,test,77.611981_13.168717,2024-10-01,0.43415117,0.46201274
BiLSTM+Attention,test,77.611981_13.182192,2024-10-01,0.37534845,0.4208289
BiLSTM+Attention,test,77.616473_12.831849,2024-10-01,0.6403908,0.6509807
BiLSTM+Attention,test,77.616473_12.858799,2024-10-01,0.5304245,0.5417039
BiLSTM+Attention,test,77.616473_13.114818,2024-10-01,0.5735209,0.5994923
BiLSTM+Attention,test,77.616473_13.141768,2024-10-01,0.4665265,0.49269322
BiLSTM+Attention,test,77.616473_13.1777,2024-10-01,0.38476172,0.4276816
BiLSTM+Attention,test,77.620964_12.795916,2024-10-01,0.45408648,0.47492784
BiLSTM+Attention,test,77.620964_12.813883,2024-10-01,0.4613139,0.4790223
BiLSTM+Attention,test,77.620964_12.845324,2024-10-01,0.67856467,0.6897146
BiLSTM+Attention,test,77.620964_12.858799,2024-10-01,0.5012456,0.5145316
BiLSTM+Attention,test,77.620964_13.132785,2024-10-01,0.5428728,0.5724597
BiLSTM+Attention,test,77.625456_12.782442,2024-10-01,0.531815,0.5461997
BiLSTM+Attention,test,77.625456_12.858799,2024-10-01,0.44882745,0.4594808
BiLSTM+Attention,test,77.625456_13.065411,2024-10-01,0.39473116,0.43934476
BiLSTM+Attention,test,77.625456_13.128293,2024-10-01,0.5330254,0.5786806
BiLSTM+Attention,test,77.625456_13.137276,2024-10-01,0.44421488,0.48048446
BiLSTM+Attention,test,77.625456_13.155243,2024-10-01,0.655197,0.66238433
BiLSTM+Attention,test,77.625456_13.182192,2024-10-01,0.44474924,0.4812933
BiLSTM+Attention,test,77.629947_12.795916,2024-10-01,0.7862606,0.7900769
BiLSTM+Attention,test,77.629947_12.809391,2024-10-01,0.49453095,0.5058535
BiLSTM+Attention,test,77.629947_12.836341,2024-10-01,0.5926185,0.60889167
BiLSTM+Attention,test,77.629947_12.854307,2024-10-01,0.516448,0.5161985
BiLSTM+Attention,test,77.629947_12.858799,2024-10-01,0.4840551,0.49076906
BiLSTM+Attention,test,77.629947_13.06092,2024-10-01,0.43764502,0.46441337
BiLSTM+Attention,test,77.629947_13.087869,2024-10-01,0.4613164,0.47958717
BiLSTM+Attention,test,77.629947_13.1777,2024-10-01,0.4573873,0.48540038
BiLSTM+Attention,test,77.634439_12.679136,2024-10-01,0.7893312,0.7967894
BiLSTM+Attention,test,77.634439_12.701593,2024-10-01,0.74356145,0.7543171
BiLSTM+Attention,test,77.634439_12.733034,2024-10-01,0.5021511,0.5192427
BiLSTM+Attention,test,77.634439_12.746509,2024-10-01,0.5460352,0.5503992
BiLSTM+Attention,test,77.634439_12.751001,2024-10-01,0.5449909,0.54780465
BiLSTM+Attention,test,77.634439_12.849815,2024-10-01,0.5538272,0.56462485
BiLSTM+Attention,test,77.634439_13.047445,2024-10-01,0.49255642,0.51387304
BiLSTM+Attention,test,77.634439_13.083377,2024-10-01,0.42409635,0.45755014
BiLSTM+Attention,test,77.634439_13.137276,2024-10-01,0.4178861,0.46048483
BiLSTM+Attention,test,77.63893_12.688119,2024-10-01,0.7090827,0.7208879
BiLSTM+Attention,test,77.63893_12.742018,2024-10-01,0.5548341,0.5638123
BiLSTM+Attention,test,77.63893_12.791425,2024-10-01,0.5558942,0.55735415
BiLSTM+Attention,test,77.63893_12.800408,2024-10-01,0.49393323,0.50726014
BiLSTM+Attention,test,77.63893_12.818374,2024-10-01,0.4903516,0.49625745
BiLSTM+Attention,test,77.63893_12.840832,2024-10-01,0.64363426,0.65287215
BiLSTM+Attention,test,77.63893_12.872273,2024-10-01,0.42695996,0.44342682
BiLSTM+Attention,test,77.63893_12.917189,2024-10-01,0.7265992,0.72137946
BiLSTM+Attention,test,77.63893_12.989054,2024-10-01,0.6613327,0.6761264
BiLSTM+Attention,test,77.63893_13.056428,2024-10-01,0.530438,0.55895734
BiLSTM+Attention,test,77.63893_13.078886,2024-10-01,0.44923675,0.47741768
BiLSTM+Attention,test,77.63893_13.083377,2024-10-01,0.42053863,0.45366836
BiLSTM+Attention,test,77.63893_13.1777,2024-10-01,0.44537058,0.48785454
BiLSTM+Attention,test,77.643422_12.795916,2024-10-01,0.5021481,0.5039678
BiLSTM+Attention,test,77.643422_12.800408,2024-10-01,0.504382,0.514467
BiLSTM+Attention,test,77.643422_12.809391,2024-10-01,0.5284473,0.5292995
BiLSTM+Attention,test,77.643422_12.867782,2024-10-01,0.4841524,0.49390203
BiLSTM+Attention,test,77.643422_13.002529,2024-10-01,0.5417809,0.5667992
BiLSTM+Attention,test,77.643422_13.038462,2024-10-01,0.52686316,0.5598236
BiLSTM+Attention,test,77.643422_13.164226,2024-10-01,0.58910584,0.6043232
BiLSTM+Attention,test,77.647914_12.688119,2024-10-01,0.7388496,0.7447567
BiLSTM+Attention,test,77.647914_12.733034,2024-10-01,0.5554889,0.57717896
BiLSTM+Attention,test,77.647914_12.881256,2024-10-01,0.504435,0.5232944
BiLSTM+Attention,test,77.647914_12.935155,2024-10-01,0.67333937,0.6800543
BiLSTM+Attention,test,77.647914_13.141768,2024-10-01,0.6809878,0.702358
BiLSTM+Attention,test,77.647914_13.168717,2024-10-01,0.7312437,0.73303795
BiLSTM+Attention,test,77.652405_12.697102,2024-10-01,0.706487,0.7186561
BiLSTM+Attention,test,77.652405_12.773459,2024-10-01,0.49291578,0.5009233
BiLSTM+Attention,test,77.652405_12.795916,2024-10-01,0.45200944,0.456593
BiLSTM+Attention,test,77.652405_12.8049,2024-10-01,0.54825556,0.55753416
BiLSTM+Attention,test,77.652405_12.858799,2024-10-01,0.72266346,0.72301686
BiLSTM+Attention,test,77.652405_12.926172,2024-10-01,0.6320249,0.6498928
BiLSTM+Attention,test,77.652405_13.002529,2024-10-01,0.5384619,0.55245453
BiLSTM+Attention,test,77.656897_12.742018,2024-10-01,0.5577819,0.5655981
BiLSTM+Attention,test,77.656897_12.746509,2024-10-01,0.5456343,0.55172247
BiLSTM+Attention,test,77.656897_12.768967,2024-10-01,0.53812325,0.54680634
BiLSTM+Attention,test,77.656897_12.791425,2024-10-01,0.46538284,0.47408578
BiLSTM+Attention,test,77.656897_12.800408,2024-10-01,0.56807584,0.5765636
BiLSTM+Attention,test,77.656897_12.831849,2024-10-01,0.5847424,0.5994563
BiLSTM+Attention,test,77.656897_12.849815,2024-10-01,0.4467235,0.46320784
BiLSTM+Attention,test,77.656897_12.939647,2024-10-01,0.5551167,0.5675509
BiLSTM+Attention,test,77.656897_13.164226,2024-10-01,0.45220459,0.48718417
BiLSTM+Attention,test,77.656897_13.173209,2024-10-01,0.42228428,0.45151165
BiLSTM+Attention,test,77.661388_12.737526,2024-10-01,0.57477796,0.5920804
BiLSTM+Attention,test,77.661388_12.759984,2024-10-01,0.57954323,0.5764972
BiLSTM+Attention,test,77.661388_13.056428,2024-10-01,0.46682253,0.49189243
BiLSTM+Attention,test,77.661388_13.074394,2024-10-01,0.54516256,0.5582661
BiLSTM+Attention,test,77.661388_13.110327,2024-10-01,0.528647,0.555134
BiLSTM+Attention,test,77.661388_13.11931,2024-10-01,0.6117728,0.6241773
BiLSTM+Attention,test,77.66588_12.679136,2024-10-01,0.6681413,0.679787
BiLSTM+Attention,test,77.66588_12.697102,2024-10-01,0.6359056,0.6574242
BiLSTM+Attention,test,77.66588_12.715068,2024-10-01,0.65814185,0.6694499
BiLSTM+Attention,test,77.66588_12.724051,2024-10-01,0.6299981,0.6449832
BiLSTM+Attention,test,77.66588_12.751001,2024-10-01,0.52088195,0.53234553
BiLSTM+Attention,test,77.66588_12.755492,2024-10-01,0.5803115,0.5949333
BiLSTM+Attention,test,77.66588_12.764475,2024-10-01,0.5759142,0.5840392
BiLSTM+Attention,test,77.66588_12.768967,2024-10-01,0.7227179,0.7242091
BiLSTM+Attention,test,77.66588_12.791425,2024-10-01,0.6183697,0.6243088
BiLSTM+Attention,test,77.66588_12.953122,2024-10-01,0.5684466,0.5831293
BiLSTM+Attention,test,77.66588_13.038462,2024-10-01,0.46593145,0.49203888
BiLSTM+Attention,test,77.66588_13.051936,2024-10-01,0.5005721,0.53023374
BiLSTM+Attention,test,77.66588_13.173209,2024-10-01,0.41399074,0.44412553
BiLSTM+Attention,test,77.670371_12.71956,2024-10-01,0.6599897,0.68363905
BiLSTM+Attention,test,77.670371_12.86329,2024-10-01,0.5310069,0.54620546
BiLSTM+Attention,test,77.670371_12.881256,2024-10-01,0.48343018,0.49987242
BiLSTM+Attention,test,77.670371_12.894731,2024-10-01,0.4305201,0.45317176
BiLSTM+Attention,test,77.670371_13.083377,2024-10-01,0.38709903,0.43096602
BiLSTM+Attention,test,77.670371_13.128293,2024-10-01,0.5219493,0.5321438
BiLSTM+Attention,test,77.674863_12.674644,2024-10-01,0.73538446,0.7536237
BiLSTM+Attention,test,77.674863_12.71956,2024-10-01,0.6684644,0.692857
BiLSTM+Attention,test,77.674863_12.755492,2024-10-01,0.5199681,0.53833455
BiLSTM+Attention,test,77.674863_12.764475,2024-10-01,0.52380806,0.53012955
BiLSTM+Attention,test,77.674863_12.786933,2024-10-01,0.5300246,0.5384757
BiLSTM+Attention,test,77.674863_12.836341,2024-10-01,0.5355948,0.54931873
BiLSTM+Attention,test,77.674863_12.867782,2024-10-01,0.78413194,0.7900375
BiLSTM+Attention,test,77.674863_13.051936,2024-10-01,0.51198447,0.53638124
BiLSTM+Attention,test,77.679355_12.697102,2024-10-01,0.53899646,0.55275625
BiLSTM+Attention,test,77.679355_12.746509,2024-10-01,0.69629616,0.7062156
BiLSTM+Attention,test,77.679355_12.881256,2024-10-01,0.501432,0.51886666
BiLSTM+Attention,test,77.679355_12.89024,2024-10-01,0.5262099,0.5342735
BiLSTM+Attention,test,77.679355_12.899223,2024-10-01,0.41610518,0.44010076
BiLSTM+Attention,test,77.679355_13.047445,2024-10-01,0.76547897,0.77268815
BiLSTM+Attention,test,77.679355_13.056428,2024-10-01,0.4581396,0.48989356
BiLSTM+Attention,test,77.679355_13.141768,2024-10-01,0.50781184,0.53633267
BiLSTM+Attention,test,77.679355_13.155243,2024-10-01,0.4094318,0.44909605
BiLSTM+Attention,test,77.679355_13.159734,2024-10-01,0.44605973,0.48195672
BiLSTM+Attention,test,77.683846_12.728543,2024-10-01,0.56534123,0.5887613
BiLSTM+Attention,test,77.683846_12.742018,2024-10-01,0.52113247,0.5311192
BiLSTM+Attention,test,77.683846_12.755492,2024-10-01,0.7285051,0.73777723
BiLSTM+Attention,test,77.683846_12.795916,2024-10-01,0.52488697,0.5289404
BiLSTM+Attention,test,77.683846_12.8049,2024-10-01,0.50743884,0.521082
BiLSTM+Attention,test,77.683846_12.836341,2024-10-01,0.60001934,0.6218208
BiLSTM+Attention,test,77.683846_12.840832,2024-10-01,0.6088722,0.63105524
BiLSTM+Attention,test,77.683846_12.894731,2024-10-01,0.51989603,0.5317032
BiLSTM+Attention,test,77.683846_12.917189,2024-10-01,0.43298823,0.45299122
BiLSTM+Attention,test,77.683846_12.939647,2024-10-01,0.716581,0.7231656
BiLSTM+Attention,test,77.683846_13.06092,2024-10-01,0.45348904,0.49008176
BiLSTM+Attention,test,77.683846_13.074394,2024-10-01,0.40061378,0.43842033
BiLSTM+Attention,test,77.683846_13.11931,2024-10-01,0.3859374,0.42046145
BiLSTM+Attention,test,77.683846_13.123802,2024-10-01,0.45092887,0.4762313
BiLSTM+Attention,test,77.688338_12.656678,2024-10-01,0.7254554,0.7301922
BiLSTM+Attention,test,77.688338_12.69261,2024-10-01,0.8137677,0.8201314
BiLSTM+Attention,test,77.688338_12.697102,2024-10-01,0.816667,0.8279898
BiLSTM+Attention,test,77.688338_12.710577,2024-10-01,0.81652343,0.81935513
BiLSTM+Attention,test,77.688338_12.751001,2024-10-01,0.5985375,0.6092743
BiLSTM+Attention,test,77.688338_12.755492,2024-10-01,0.55437416,0.56556433
BiLSTM+Attention,test,77.688338_12.876765,2024-10-01,0.7868649,0.78606296
BiLSTM+Attention,test,77.688338_12.885748,2024-10-01,0.50425774,0.519248
BiLSTM+Attention,test,77.688338_12.966596,2024-10-01,0.5720633,0.59249455
BiLSTM+Attention,test,77.692829_12.746509,2024-10-01,0.47429982,0.49064052
BiLSTM+Attention,test,77.692829_12.800408,2024-10-01,0.47170478,0.48578918
BiLSTM+Attention,test,77.692829_12.845324,2024-10-01,0.6451535,0.6631439
BiLSTM+Attention,test,77.692829_12.885748,2024-10-01,0.5523399,0.5597984
BiLSTM+Attention,test,77.692829_12.899223,2024-10-01,0.4733558,0.49129975
BiLSTM+Attention,test,77.692829_13.047445,2024-10-01,0.7504079,0.76570535
BiLSTM+Attention,test,77.692829_13.06092,2024-10-01,0.5885662,0.6080197
BiLSTM+Attention,test,77.692829_13.065411,2024-10-01,0.5571324,0.5820423
BiLSTM+Attention,test,77.692829_13.083377,2024-10-01,0.41516382,0.4345853
BiLSTM+Attention,test,77.692829_13.096852,2024-10-01,0.41049832,0.44158527
BiLSTM+Attention,test,77.692829_13.132785,2024-10-01,0.40570918,0.4350294
BiLSTM+Attention,test,77.692829_13.155243,2024-10-01,0.40748847,0.4383822
BiLSTM+Attention,test,77.697321_12.697102,2024-10-01,0.8179161,0.82688826
BiLSTM+Attention,test,77.697321_12.751001,2024-10-01,0.53683543,0.5462212
BiLSTM+Attention,test,77.697321_12.773459,2024-10-01,0.4806636,0.48941362
BiLSTM+Attention,test,77.697321_12.791425,2024-10-01,0.5797749,0.5880524
BiLSTM+Attention,test,77.697321_12.885748,2024-10-01,0.54870206,0.5589609
BiLSTM+Attention,test,77.697321_12.894731,2024-10-01,0.49356103,0.5069899
BiLSTM+Attention,test,77.697321_12.930664,2024-10-01,0.5054375,0.5252806
BiLSTM+Attention,test,77.697321_12.966596,2024-10-01,0.5442291,0.56053805
BiLSTM+Attention,test,77.697321_13.132785,2024-10-01,0.41380757,0.44277295
BiLSTM+Attention,test,77.697321_13.150751,2024-10-01,0.445365,0.48133713
BiLSTM+Attention,test,77.697321_13.1777,2024-10-01,0.584413,0.5987445
BiLSTM+Attention,test,77.701812_12.742018,2024-10-01,0.50813335,0.51204276
BiLSTM+Attention,test,77.701812_12.77795,2024-10-01,0.4832132,0.48868635
BiLSTM+Attention,test,77.701812_12.8049,2024-10-01,0.5622249,0.57888764
BiLSTM+Attention,test,77.701812_12.822866,2024-10-01,0.5301314,0.54956967
BiLSTM+Attention,test,77.701812_12.872273,2024-10-01,0.4516538,0.47071248
BiLSTM+Attention,test,77.701812_12.984563,2024-10-01,0.48387414,0.50491476
BiLSTM+Attention,test,77.701812_13.03397,2024-10-01,0.43072668,0.46134278
BiLSTM+Attention,test,77.701812_13.164226,2024-10-01,0.45735213,0.48282197
BiLSTM+Attention,test,77.706304_12.746509,2024-10-01,0.5158152,0.5168081
BiLSTM+Attention,test,77.706304_12.751001,2024-10-01,0.5284622,0.5358833
BiLSTM+Attention,test,77.706304_12.759984,2024-10-01,0.42986575,0.44948122
BiLSTM+Attention,test,77.706304_12.764475,2024-10-01,0.50730014,0.50691307
BiLSTM+Attention,test,77.706304_12.86329,2024-10-01,0.39598742,0.42474756
BiLSTM+Attention,test,77.706304_12.984563,2024-10-01,0.48697,0.5070111
BiLSTM+Attention,test,77.706304_13.038462,2024-10-01,0.43825445,0.45954937
BiLSTM+Attention,test,77.706304_13.042953,2024-10-01,0.5151874,0.53399146
BiLSTM+Attention,test,77.706304_13.137276,2024-10-01,0.7672491,0.7642227
BiLSTM+Attention,test,77.710796_12.715068,2024-10-01,0.63018924,0.6490448
BiLSTM+Attention,test,77.710796_12.894731,2024-10-01,0.59377277,0.60527027
BiLSTM+Attention,test,77.710796_12.899223,2024-10-01,0.5146437,0.52959687
BiLSTM+Attention,test,77.710796_12.912697,2024-10-01,0.44928014,0.4697567
BiLSTM+Attention,test,77.710796_13.03397,2024-10-01,0.4531619,0.4871321
BiLSTM+Attention,test,77.710796_13.150751,2024-10-01,0.40058142,0.4345603
BiLSTM+Attention,test,77.710796_13.168717,2024-10-01,0.50671464,0.53346175
BiLSTM+Attention,test,77.710796_13.173209,2024-10-01,0.5105777,0.5327711
BiLSTM+Attention,test,77.715287_12.679136,2024-10-01,0.7092333,0.71330166
BiLSTM+Attention,test,77.715287_12.742018,2024-10-01,0.5046527,0.50695026
BiLSTM+Attention,test,77.715287_12.773459,2024-10-01,0.48025528,0.4906939
BiLSTM+Attention,test,77.715287_12.822866,2024-10-01,0.5267262,0.54367197
BiLSTM+Attention,test,77.715287_12.827358,2024-10-01,0.47674087,0.4924306
BiLSTM+Attention,test,77.715287_12.845324,2024-10-01,0.41587502,0.43975654
BiLSTM+Attention,test,77.715287_12.885748,2024-10-01,0.5604804,0.5769042
BiLSTM+Attention,test,77.715287_12.899223,2024-10-01,0.4165748,0.44211218
BiLSTM+Attention,test,77.715287_12.939647,2024-10-01,0.7031835,0.7151877
BiLSTM+Attention,test,77.715287_12.944139,2024-10-01,0.7406348,0.74560773
BiLSTM+Attention,test,77.715287_12.94863,2024-10-01,0.60313964,0.6170802
BiLSTM+Attention,test,77.715287_13.016004,2024-10-01,0.52641875,0.5516841
BiLSTM+Attention,test,77.715287_13.029478,2024-10-01,0.38321823,0.41890782
BiLSTM+Attention,test,77.715287_13.038462,2024-10-01,0.51430523,0.5358133
BiLSTM+Attention,test,77.715287_13.051936,2024-10-01,0.5163601,0.53318465
BiLSTM+Attention,test,77.715287_13.056428,2024-10-01,0.41882488,0.4486921
BiLSTM+Attention,test,77.719779_12.706085,2024-10-01,0.64505863,0.6660155
BiLSTM+Attention,test,77.719779_12.746509,2024-10-01,0.7115295,0.71154904
BiLSTM+Attention,test,77.719779_12.795916,2024-10-01,0.48860902,0.5033832
BiLSTM+Attention,test,77.719779_12.840832,2024-10-01,0.5338382,0.54837424
BiLSTM+Attention,test,77.719779_12.903714,2024-10-01,0.43477848,0.45075968
BiLSTM+Attention,test,77.719779_13.123802,2024-10-01,0.4309334,0.46365646
BiLSTM+Attention,test,77.719779_13.155243,2024-10-01,0.4125407,0.45707914
BiLSTM+Attention,test,77.72427_12.674644,2024-10-01,0.5548697,0.5705291
BiLSTM+Attention,test,77.72427_12.697102,2024-10-01,0.5056781,0.52690923
BiLSTM+Attention,test,77.72427_12.701593,2024-10-01,0.5382376,0.5636221
BiLSTM+Attention,test,77.72427_12.724051,2024-10-01,0.5404825,0.54880774
BiLSTM+Attention,test,77.72427_12.786933,2024-10-01,0.5027672,0.50358653
BiLSTM+Attention,test,77.72427_12.791425,2024-10-01,0.5077758,0.5173351
BiLSTM+Attention,test,77.72427_12.840832,2024-10-01,0.50710064,0.5238679
BiLSTM+Attention,test,77.72427_12.867782,2024-10-01,0.44342858,0.46637422
BiLSTM+Attention,test,77.72427_12.885748,2024-10-01,0.4837952,0.5092895
BiLSTM+Attention,test,77.72427_13.024987,2024-10-01,0.78563815,0.8049885
BiLSTM+Attention,test,77.728762_12.706085,2024-10-01,0.6522808,0.66512084
BiLSTM+Attention,test,77.728762_12.724051,2024-10-01,0.65215933,0.666158
BiLSTM+Attention,test,77.728762_12.759984,2024-10-01,0.52393496,0.5285946
BiLSTM+Attention,test,77.728762_12.782442,2024-10-01,0.5580951,0.5525001
BiLSTM+Attention,test,77.728762_12.809391,2024-10-01,0.50098276,0.51098084
BiLSTM+Attention,test,77.728762_12.858799,2024-10-01,0.5520775,0.56694245
BiLSTM+Attention,test,77.728762_12.876765,2024-10-01,0.560972,0.5752605
BiLSTM+Attention,test,77.728762_12.885748,2024-10-01,0.48018646,0.4997909
BiLSTM+Attention,test,77.728762_13.016004,2024-10-01,0.7870056,0.795052
BiLSTM+Attention,test,77.728762_13.047445,2024-10-01,0.48683417,0.5195766
BiLSTM+Attention,test,77.733253_12.755492,2024-10-01,0.46267286,0.47276288
BiLSTM+Attention,test,77.733253_12.795916,2024-10-01,0.49585438,0.50844926
BiLSTM+Attention,test,77.733253_12.86329,2024-10-01,0.57149,0.5888075
BiLSTM+Attention,test,77.733253_12.872273,2024-10-01,0.5654621,0.58920807
BiLSTM+Attention,test,77.733253_12.998037,2024-10-01,0.6290834,0.64707357
BiLSTM+Attention,test,77.737745_12.764475,2024-10-01,0.45574525,0.470587
BiLSTM+Attention,test,77.737745_12.791425,2024-10-01,0.48847106,0.501999
BiLSTM+Attention,test,77.737745_12.809391,2024-10-01,0.46741086,0.4860401
BiLSTM+Attention,test,77.737745_12.858799,2024-10-01,0.49442288,0.5156942
BiLSTM+Attention,test,77.737745_12.872273,2024-10-01,0.55462205,0.56529665
BiLSTM+Attention,test,77.737745_12.881256,2024-10-01,0.58564043,0.605976
BiLSTM+Attention,test,77.742237_12.697102,2024-10-01,0.66827154,0.6837454
BiLSTM+Attention,test,77.742237_12.764475,2024-10-01,0.47702125,0.48897642
BiLSTM+Attention,test,77.742237_12.795916,2024-10-01,0.47145346,0.49073282
BiLSTM+Attention,test,77.742237_12.8049,2024-10-01,0.5098838,0.5184451
BiLSTM+Attention,test,77.742237_12.86329,2024-10-01,0.42301735,0.45149446
BiLSTM+Attention,test,77.742237_12.867782,2024-10-01,0.5580377,0.5767059
BiLSTM+Attention,test,77.742237_12.89024,2024-10-01,0.5657492,0.5909958
BiLSTM+Attention,test,77.742237_12.899223,2024-10-01,0.55809563,0.57822037
BiLSTM+Attention,test,77.742237_12.921681,2024-10-01,0.48032406,0.49389318
BiLSTM+Attention,test,77.742237_12.980071,2024-10-01,0.53307825,0.54818946
BiLSTM+Attention,test,77.742237_13.002529,2024-10-01,0.5584352,0.58007026
BiLSTM+Attention,test,77.742237_13.016004,2024-10-01,0.5526444,0.5671225
BiLSTM+Attention,test,77.742237_13.038462,2024-10-01,0.404862,0.44073018
BiLSTM+Attention,test,77.746728_12.751001,2024-10-01,0.5104405,0.52016073
BiLSTM+Attention,test,77.746728_12.764475,2024-10-01,0.4991511,0.5053771
BiLSTM+Attention,test,77.746728_12.782442,2024-10-01,0.5567578,0.5761275
BiLSTM+Attention,test,77.746728_12.97558,2024-10-01,0.5537647,0.5727597
BiLSTM+Attention,test,77.746728_12.984563,2024-10-01,0.53120464,0.555438
BiLSTM+Attention,test,77.746728_13.016004,2024-10-01,0.57017374,0.60498637
BiLSTM+Attention,test,77.746728_13.020495,2024-10-01,0.6100088,0.63737494
BiLSTM+Attention,test,77.746728_13.024987,2024-10-01,0.50252587,0.52441984
BiLSTM+Attention,test,77.746728_13.038462,2024-10-01,0.41547087,0.45071164
BiLSTM+Attention,test,77.75122_12.751001,2024-10-01,0.49952462,0.5147276
BiLSTM+Attention,test,77.75122_12.755492,2024-10-01,0.5673344,0.5712616
BiLSTM+Attention,test,77.75122_12.768967,2024-10-01,0.46423206,0.47522625
BiLSTM+Attention,test,77.75122_12.77795,2024-10-01,0.51281214,0.5306779
BiLSTM+Attention,test,77.75122_12.894731,2024-10-01,0.48171547,0.5017762
BiLSTM+Attention,test,77.75122_12.993546,2024-10-01,0.4704757,0.4904922
BiLSTM+Attention,test,77.75122_13.020495,2024-10-01,0.5276034,0.54857105
BiLSTM+Attention,test,77.75122_13.03397,2024-10-01,0.45376152,0.4810938
BiLSTM+Attention,test,77.75122_13.038462,2024-10-01,0.37482798,0.4198703
BiLSTM+Attention,test,77.755711_12.706085,2024-10-01,0.57806015,0.59330124
BiLSTM+Attention,test,77.755711_12.764475,2024-10-01,0.81189656,0.7985446
BiLSTM+Attention,test,77.755711_12.77795,2024-10-01,0.49327683,0.5059263
BiLSTM+Attention,test,77.755711_12.822866,2024-10-01,0.47098026,0.4983597
BiLSTM+Attention,test,77.755711_12.831849,2024-10-01,0.4505232,0.47147933
BiLSTM+Attention,test,77.755711_12.858799,2024-10-01,0.5131321,0.53563285
BiLSTM+Attention,test,77.755711_12.885748,2024-10-01,0.5106776,0.5402553
BiLSTM+Attention,test,77.755711_12.899223,2024-10-01,0.44225696,0.4586073
BiLSTM+Attention,test,77.755711_12.903714,2024-10-01,0.4798232,0.50288266
BiLSTM+Attention,test,77.755711_12.926172,2024-10-01,0.5172033,0.53562737
BiLSTM+Attention,test,77.760203_12.751001,2024-10-01,0.5099259,0.515969
BiLSTM+Attention,test,77.760203_12.795916,2024-10-01,0.45019677,0.46602356
BiLSTM+Attention,test,77.760203_12.818374,2024-10-01,0.5777064,0.60147774
BiLSTM+Attention,test,77.760203_12.867782,2024-10-01,0.46804738,0.48159832
BiLSTM+Attention,test,77.760203_12.872273,2024-10-01,0.4825928,0.5040027
BiLSTM+Attention,test,77.760203_12.876765,2024-10-01,0.45341676,0.47159126
BiLSTM+Attention,test,77.760203_12.885748,2024-10-01,0.4766032,0.5080313
BiLSTM+Attention,test,77.760203_12.984563,2024-10-01,0.52420694,0.55229396
BiLSTM+Attention,test,77.764695_12.742018,2024-10-01,0.67904973,0.6917861
BiLSTM+Attention,test,77.764695_12.746509,2024-10-01,0.675337,0.6841957
BiLSTM+Attention,test,77.764695_12.813883,2024-10-01,0.5234559,0.5450782
BiLSTM+Attention,test,77.764695_12.849815,2024-10-01,0.48914772,0.5112916
BiLSTM+Attention,test,77.764695_12.885748,2024-10-01,0.50307643,0.5206187
BiLSTM+Attention,test,77.764695_12.912697,2024-10-01,0.5134743,0.53688896
BiLSTM+Attention,test,77.764695_13.03397,2024-10-01,0.37363017,0.415821
BiLSTM+Attention,test,77.769186_12.751001,2024-10-01,0.70948684,0.7094624
BiLSTM+Attention,test,77.769186_12.791425,2024-10-01,0.452721,0.46967566
BiLSTM+Attention,test,77.769186_12.800408,2024-10-01,0.51470804,0.54220474
BiLSTM+Attention,test,77.769186_12.8049,2024-10-01,0.5684792,0.5908776
BiLSTM+Attention,test,77.769186_12.809391,2024-10-01,0.47485417,0.502703
BiLSTM+Attention,test,77.769186_12.876765,2024-10-01,0.5178404,0.53607845
BiLSTM+Attention,test,77.769186_12.894731,2024-10-01,0.48106983,0.5097999
BiLSTM+Attention,test,77.769186_13.016004,2024-10-01,0.45822284,0.4825294
BiLSTM+Attention,test,77.773678_12.746509,2024-10-01,0.6905796,0.7033026
BiLSTM+Attention,test,77.773678_12.858799,2024-10-01,0.46030098,0.4790453
BiLSTM+Attention,test,77.773678_12.885748,2024-10-01,0.48582402,0.50888747
BiLSTM+Attention,test,77.773678_12.899223,2024-10-01,0.4439601,0.46309787
BiLSTM+Attention,test,77.773678_12.908206,2024-10-01,0.500414,0.52591085
BiLSTM+Attention,test,77.778169_12.809391,2024-10-01,0.45868725,0.4730293
BiLSTM+Attention,test,77.778169_12.885748,2024-10-01,0.5123311,0.53068966
BiLSTM+Attention,test,77.782661_12.786933,2024-10-01,0.4414761,0.46037897
BiLSTM+Attention,test,77.782661_12.791425,2024-10-01,0.49373454,0.51232594
BiLSTM+Attention,test,77.782661_12.89024,2024-10-01,0.50389427,0.52534604
BiLSTM+Attention,test,77.787152_12.786933,2024-10-01,0.46587253,0.4797835
BiLSTM+Attention,test,77.787152_12.849815,2024-10-01,0.47000092,0.49083653
BiLSTM+Attention,test,77.787152_12.867782,2024-10-01,0.44901046,0.4670536
BiLSTM+Attention,test,77.791644_12.8049,2024-10-01,0.48891792,0.5108679
BiLSTM+Attention,test,77.791644_12.899223,2024-10-01,0.46027634,0.48406366
BiLSTM+Attention,test,77.796136_12.854307,2024-10-01,0.44675073,0.47228432
BiLSTM+Attention,test,77.796136_12.885748,2024-10-01,0.5236128,0.5306555
BiLSTM+Attention,test,77.800627_12.876765,2024-10-01,0.51576823,0.534695
BiLSTM+Attention,test,77.800627_12.885748,2024-10-01,0.47686538,0.4964636
BiLSTM+Attention,test,77.805119_12.876765,2024-10-01,0.5288068,0.54674315
BiLSTM+Attention,test,77.805119_12.89024,2024-10-01,0.49891824,0.51417655
BiLSTM+Attention,test,77.80961_12.858799,2024-10-01,0.49718702,0.52010024
BiLSTM+Attention,test,77.80961_12.86329,2024-10-01,0.46756658,0.49442443
BiLSTM+Attention,test,77.342486_12.926172,2024-11-01,0.7632813,0.7574421
BiLSTM+Attention,test,77.369436_12.881256,2024-11-01,0.45741054,0.4901276
BiLSTM+Attention,test,77.391894_12.881256,2024-11-01,0.47286192,0.5073272
BiLSTM+Attention,test,77.391894_12.885748,2024-11-01,0.5179057,0.5388074
BiLSTM+Attention,test,77.405368_13.105835,2024-11-01,0.42957568,0.44812647
BiLSTM+Attention,test,77.405368_13.11931,2024-11-01,0.4047144,0.42547438
BiLSTM+Attention,test,77.414352_12.989054,2024-11-01,0.40721357,0.42003042
BiLSTM+Attention,test,77.414352_12.993546,2024-11-01,0.42477256,0.44752112
BiLSTM+Attention,test,77.414352_13.11931,2024-11-01,0.42029455,0.4467865
BiLSTM+Attention,test,77.418843_12.993546,2024-11-01,0.44274625,0.45984486
BiLSTM+Attention,test,77.432318_12.957613,2024-11-01,0.42986244,0.44574764
BiLSTM+Attention,test,77.432318_12.998037,2024-11-01,0.3897278,0.41571704
BiLSTM+Attention,test,77.436809_12.944139,2024-11-01,0.41709706,0.44337955
BiLSTM+Attention,test,77.441301_12.944139,2024-11-01,0.4967908,0.5127602
BiLSTM+Attention,test,77.441301_12.94863,2024-11-01,0.4588516,0.4819535
BiLSTM+Attention,test,77.441301_13.110327,2024-11-01,0.44406956,0.45500836
BiLSTM+Attention,test,77.445793_12.957613,2024-11-01,0.4848856,0.50693625
BiLSTM+Attention,test,77.445793_12.984563,2024-11-01,0.4478249,0.47784147
BiLSTM+Attention,test,77.450284_12.993546,2024-11-01,0.3480504,0.3882424
BiLSTM+Attention,test,77.450284_13.146259,2024-11-01,0.54384035,0.54326844
BiLSTM+Attention,test,77.454776_12.993546,2024-11-01,0.394244,0.42210785
BiLSTM+Attention,test,77.454776_13.141768,2024-11-01,0.5255121,0.5333039
BiLSTM+Attention,test,77.459267_13.11931,2024-11-01,0.47756276,0.48068365
BiLSTM+Attention,test,77.46825_12.94863,2024-11-01,0.5247546,0.5506837
BiLSTM+Attention,test,77.46825_12.966596,2024-11-01,0.46736753,0.48413518
BiLSTM+Attention,test,77.46825_13.1777,2024-11-01,0.48191044,0.4991827
BiLSTM+Attention,test,77.472742_12.984563,2024-11-01,0.43379655,0.4723585
BiLSTM+Attention,test,77.477234_12.944139,2024-11-01,0.4795702,0.51135164
BiLSTM+Attention,test,77.477234_12.94863,2024-11-01,0.50239486,0.5292787
BiLSTM+Attention,test,77.477234_12.971088,2024-11-01,0.51187986,0.5317355
BiLSTM+Attention,test,77.481725_12.944139,2024-11-01,0.48739448,0.52016085
BiLSTM+Attention,test,77.481725_12.971088,2024-11-01,0.41517192,0.44104233
BiLSTM+Attention,test,77.486217_12.764475,2024-11-01,0.510813,0.5509207
BiLSTM+Attention,test,77.490708_13.182192,2024-11-01,0.4595536,0.48170522
BiLSTM+Attention,test,77.490708_13.209142,2024-11-01,0.42860374,0.46846345
BiLSTM+Attention,test,77.4952_12.786933,2024-11-01,0.4684805,0.5184906
BiLSTM+Attention,test,77.4952_13.182192,2024-11-01,0.48316303,0.49792197
BiLSTM+Attention,test,77.499692_13.168717,2024-11-01,0.50347865,0.50081104
BiLSTM+Attention,test,77.504183_12.786933,2024-11-01,0.54495937,0.58836335
BiLSTM+Attention,test,77.504183_13.159734,2024-11-01,0.5580061,0.5556456
BiLSTM+Attention,test,77.504183_13.195667,2024-11-01,0.41602418,0.45542413
BiLSTM+Attention,test,77.508675_12.795916,2024-11-01,0.5764559,0.6086699
BiLSTM+Attention,test,77.508675_13.159734,2024-11-01,0.56595606,0.5681525
BiLSTM+Attention,test,77.508675_13.191175,2024-11-01,0.40284318,0.44758826
BiLSTM+Attention,test,77.513166_12.746509,2024-11-01,0.7716024,0.8018073
BiLSTM+Attention,test,77.513166_12.77795,2024-11-01,0.646156,0.67185235
BiLSTM+Attention,test,77.513166_13.1777,2024-11-01,0.46738032,0.46400246
BiLSTM+Attention,test,77.517658_12.77795,2024-11-01,0.6118076,0.63527167
BiLSTM+Attention,test,77.517658_13.186684,2024-11-01,0.48491302,0.49318597
BiLSTM+Attention,test,77.517658_13.191175,2024-11-01,0.4293765,0.4535745
BiLSTM+Attention,test,77.522149_13.146259,2024-11-01,0.39770755,0.42202902
BiLSTM+Attention,test,77.522149_13.200158,2024-11-01,0.48548722,0.51588756
BiLSTM+Attention,test,77.531133_13.195667,2024-11-01,0.5078817,0.53628564
BiLSTM+Attention,test,77.535624_13.195667,2024-11-01,0.41479215,0.45677635
BiLSTM+Attention,test,77.540116_13.042953,2024-11-01,0.6065753,0.5994442
BiLSTM+Attention,test,77.540116_13.114818,2024-11-01,0.47001296,0.4662865
BiLSTM+Attention,test,77.544607_13.218125,2024-11-01,0.52082974,0.51890135
BiLSTM+Attention,test,77.549099_12.845324,2024-11-01,0.65547127,0.6543748
BiLSTM+Attention,test,77.55359_12.71956,2024-11-01,0.7604232,0.7960445
BiLSTM+Attention,test,77.55359_12.849815,2024-11-01,0.6262806,0.6429979
BiLSTM+Attention,test,77.55359_13.069903,2024-11-01,0.7428908,0.75319755
BiLSTM+Attention,test,77.55359_13.110327,2024-11-01,0.509425,0.5231442
BiLSTM+Attention,test,77.55359_13.168717,2024-11-01,0.5051654,0.5297192
BiLSTM+Attention,test,77.55359_13.173209,2024-11-01,0.42827582,0.4535378
BiLSTM+Attention,test,77.558082_13.042953,2024-11-01,0.67858535,0.68721026
BiLSTM+Attention,test,77.558082_13.051936,2024-11-01,0.70814806,0.72798854
BiLSTM+Attention,test,77.558082_13.110327,2024-11-01,0.5254784,0.543972
BiLSTM+Attention,test,77.558082_13.1777,2024-11-01,0.47749966,0.50064206
BiLSTM+Attention,test,77.562574_12.71956,2024-11-01,0.7680658,0.80723184
BiLSTM+Attention,test,77.567065_12.724051,2024-11-01,0.7352932,0.7818976
BiLSTM+Attention,test,77.567065_13.105835,2024-11-01,0.5922704,0.606716
BiLSTM+Attention,test,77.567065_13.114818,2024-11-01,0.67070043,0.6879485
BiLSTM+Attention,test,77.567065_13.182192,2024-11-01,0.5243762,0.53708655
BiLSTM+Attention,test,77.571557_12.71956,2024-11-01,0.771338,0.79005516
BiLSTM+Attention,test,77.576048_12.71956,2024-11-01,0.74999017,0.7682475
BiLSTM+Attention,test,77.576048_12.728543,2024-11-01,0.7696467,0.7845809
BiLSTM+Attention,test,77.585031_13.042953,2024-11-01,0.7238471,0.7096714
BiLSTM+Attention,test,77.585031_13.137276,2024-11-01,0.5019368,0.5032789
BiLSTM+Attention,test,77.589523_12.71956,2024-11-01,0.8355901,0.85105056
BiLSTM+Attention,test,77.589523_12.746509,2024-11-01,0.7398836,0.752001
BiLSTM+Attention,test,77.589523_12.971088,2024-11-01,0.7850397,0.78765076
BiLSTM+Attention,test,77.594015_12.724051,2024-11-01,0.8342254,0.8620971
BiLSTM+Attention,test,77.594015_12.733034,2024-11-01,0.80791986,0.841119
BiLSTM+Attention,test,77.594015_12.831849,2024-11-01,0.61114234,0.63259953
BiLSTM+Attention,test,77.594015_12.998037,2024-11-01,0.7737882,0.76802367
BiLSTM+Attention,test,77.598506_12.665661,2024-11-01,0.7970948,0.8161383
BiLSTM+Attention,test,77.598506_12.710577,2024-11-01,0.6898863,0.73413444
BiLSTM+Attention,test,77.598506_12.822866,2024-11-01,0.63660747,0.6606594
BiLSTM+Attention,test,77.598506_13.083377,2024-11-01,0.6231235,0.6242563
BiLSTM+Attention,test,77.598506_13.128293,2024-11-01,0.5890149,0.60279065
BiLSTM+Attention,test,77.602998_12.710577,2024-11-01,0.7222606,0.75256205
BiLSTM+Attention,test,77.602998_12.827358,2024-11-01,0.5142034,0.52647644
BiLSTM+Attention,test,77.602998_13.114818,2024-11-01,0.6156023,0.603919
BiLSTM+Attention,test,77.602998_13.11931,2024-11-01,0.60051244,0.6064069
BiLSTM+Attention,test,77.602998_13.128293,2024-11-01,0.5448289,0.56835735
BiLSTM+Attention,test,77.602998_13.164226,2024-11-01,0.49648196,0.51645505
BiLSTM+Attention,test,77.607489_12.768967,2024-11-01,0.6356362,0.6570495
BiLSTM+Attention,test,77.607489_12.773459,2024-11-01,0.61184937,0.63395053
BiLSTM+Attention,test,77.607489_12.791425,2024-11-01,0.5608954,0.5879662
BiLSTM+Attention,test,77.607489_12.809391,2024-11-01,0.6750495,0.6895859
BiLSTM+Attention,test,77.607489_12.818374,2024-11-01,0.719409,0.7427343
BiLSTM+Attention,test,77.607489_13.087869,2024-11-01,0.75938267,0.76466846
BiLSTM+Attention,test,77.611981_12.768967,2024-11-01,0.5878373,0.61658376
BiLSTM+Attention,test,77.611981_12.953122,2024-11-01,0.7459075,0.76089597
BiLSTM+Attention,test,77.611981_13.168717,2024-11-01,0.455794,0.46856984
BiLSTM+Attention,test,77.611981_13.182192,2024-11-01,0.40144762,0.42694
BiLSTM+Attention,test,77.616473_13.114818,2024-11-01,0.5900251,0.6028727
BiLSTM+Attention,test,77.616473_13.141768,2024-11-01,0.47507036,0.4940246
BiLSTM+Attention,test,77.616473_13.1777,2024-11-01,0.4158293,0.43764746
BiLSTM+Attention,test,77.620964_12.795916,2024-11-01,0.45306566,0.48471758
BiLSTM+Attention,test,77.620964_12.813883,2024-11-01,0.46252775,0.49296853
BiLSTM+Attention,test,77.625456_12.782442,2024-11-01,0.53284925,0.56478983
BiLSTM+Attention,test,77.625456_13.065411,2024-11-01,0.41093034,0.43973055
BiLSTM+Attention,test,77.625456_13.155243,2024-11-01,0.66965145,0.6719266
BiLSTM+Attention,test,77.625456_13.182192,2024-11-01,0.47691363,0.49008808
BiLSTM+Attention,test,77.629947_12.795916,2024-11-01,0.7994481,0.8128553
BiLSTM+Attention,test,77.629947_12.809391,2024-11-01,0.5025118,0.5189883
BiLSTM+Attention,test,77.629947_12.854307,2024-11-01,0.51614183,0.527052
BiLSTM+Attention,test,77.629947_13.06092,2024-11-01,0.43701312,0.46323773
BiLSTM+Attention,test,77.629947_13.087869,2024-11-01,0.4730787,0.48308182
BiLSTM+Attention,test,77.629947_13.1777,2024-11-01,0.49089244,0.4881496
BiLSTM+Attention,test,77.634439_12.679136,2024-11-01,0.79247195,0.8146887
BiLSTM+Attention,test,77.634439_12.701593,2024-11-01,0.7552579,0.765509
BiLSTM+Attention,test,77.634439_12.733034,2024-11-01,0.5007944,0.5308316
BiLSTM+Attention,test,77.634439_12.746509,2024-11-01,0.5414724,0.5645988
BiLSTM+Attention,test,77.634439_12.751001,2024-11-01,0.53596324,0.56279266
BiLSTM+Attention,test,77.634439_13.047445,2024-11-01,0.49635345,0.5134304
BiLSTM+Attention,test,77.634439_13.083377,2024-11-01,0.42900664,0.4603437
BiLSTM+Attention,test,77.634439_13.137276,2024-11-01,0.44582316,0.461477
BiLSTM+Attention,test,77.63893_12.688119,2024-11-01,0.71155214,0.7360957
BiLSTM+Attention,test,77.63893_12.742018,2024-11-01,0.5429613,0.57588726
BiLSTM+Attention,test,77.63893_12.791425,2024-11-01,0.55287087,0.57929486
BiLSTM+Attention,test,77.63893_12.800408,2024-11-01,0.4932808,0.51954204
BiLSTM+Attention,test,77.63893_12.840832,2024-11-01,0.63833004,0.67244714
BiLSTM+Attention,test,77.63893_13.056428,2024-11-01,0.5466285,0.5608556
BiLSTM+Attention,test,77.63893_13.078886,2024-11-01,0.45188174,0.4802281
BiLSTM+Attention,test,77.63893_13.083377,2024-11-01,0.43105367,0.45710522
BiLSTM+Attention,test,77.643422_12.795916,2024-11-01,0.50487715,0.5215452
BiLSTM+Attention,test,77.643422_12.800408,2024-11-01,0.5036784,0.5279753
BiLSTM+Attention,test,77.643422_12.809391,2024-11-01,0.52812636,0.54627705
BiLSTM+Attention,test,77.643422_13.002529,2024-11-01,0.5585703,0.57030165
BiLSTM+Attention,test,77.643422_13.164226,2024-11-01,0.5938317,0.60846317
BiLSTM+Attention,test,77.647914_12.688119,2024-11-01,0.7340462,0.7475262
BiLSTM+Attention,test,77.647914_12.733034,2024-11-01,0.55567455,0.5869549
BiLSTM+Attention,test,77.647914_13.141768,2024-11-01,0.7022757,0.71234566
BiLSTM+Attention,test,77.647914_13.168717,2024-11-01,0.74439996,0.74141926
BiLSTM+Attention,test,77.652405_12.697102,2024-11-01,0.714149,0.72505665
BiLSTM+Attention,test,77.652405_12.773459,2024-11-01,0.49669492,0.5229131
BiLSTM+Attention,test,77.652405_12.795916,2024-11-01,0.4485187,0.47169295
BiLSTM+Attention,test,77.652405_12.8049,2024-11-01,0.5475122,0.57463884
BiLSTM+Attention,test,77.652405_13.002529,2024-11-01,0.55414855,0.5540026
BiLSTM+Attention,test,77.656897_12.742018,2024-11-01,0.55776715,0.5813635
BiLSTM+Attention,test,77.656897_12.746509,2024-11-01,0.5486053,0.5714642
BiLSTM+Attention,test,77.656897_12.768967,2024-11-01,0.5398651,0.5660117
BiLSTM+Attention,test,77.656897_12.791425,2024-11-01,0.45500112,0.48562196
BiLSTM+Attention,test,77.656897_12.800408,2024-11-01,0.56365895,0.59462166
BiLSTM+Attention,test,77.656897_12.831849,2024-11-01,0.5816595,0.6120044
BiLSTM+Attention,test,77.656897_13.164226,2024-11-01,0.48644733,0.48934838
BiLSTM+Attention,test,77.656897_13.173209,2024-11-01,0.4320922,0.45521262
BiLSTM+Attention,test,77.661388_12.737526,2024-11-01,0.5786986,0.6133306
BiLSTM+Attention,test,77.661388_12.759984,2024-11-01,0.5848953,0.5957811
BiLSTM+Attention,test,77.661388_13.056428,2024-11-01,0.47631317,0.492821
BiLSTM+Attention,test,77.661388_13.074394,2024-11-01,0.5608006,0.5656802
BiLSTM+Attention,test,77.661388_13.110327,2024-11-01,0.5359808,0.55808693
BiLSTM+Attention,test,77.661388_13.11931,2024-11-01,0.6145886,0.6313544
BiLSTM+Attention,test,77.66588_12.679136,2024-11-01,0.6766311,0.69698715
BiLSTM+Attention,test,77.66588_12.697102,2024-11-01,0.65261716,0.6729408
BiLSTM+Attention,test,77.66588_12.715068,2024-11-01,0.66025645,0.68536425
BiLSTM+Attention,test,77.66588_12.724051,2024-11-01,0.6292343,0.6624772
BiLSTM+Attention,test,77.66588_12.751001,2024-11-01,0.5277801,0.5510694
BiLSTM+Attention,test,77.66588_12.755492,2024-11-01,0.58188236,0.61305535
BiLSTM+Attention,test,77.66588_12.764475,2024-11-01,0.57366025,0.6020464
BiLSTM+Attention,test,77.66588_12.768967,2024-11-01,0.7201108,0.7415022
BiLSTM+Attention,test,77.66588_12.791425,2024-11-01,0.6176407,0.64830995
BiLSTM+Attention,test,77.66588_13.038462,2024-11-01,0.4748714,0.4919253
BiLSTM+Attention,test,77.66588_13.051936,2024-11-01,0.52999014,0.5325624
BiLSTM+Attention,test,77.66588_13.173209,2024-11-01,0.42310485,0.44363543
BiLSTM+Attention,test,77.670371_12.71956,2024-11-01,0.66295016,0.69923055
BiLSTM+Attention,test,77.670371_12.881256,2024-11-01,0.47923404,0.5077707
BiLSTM+Attention,test,77.670371_13.083377,2024-11-01,0.411287,0.43446505
BiLSTM+Attention,test,77.670371_13.128293,2024-11-01,0.5336076,0.53475195
BiLSTM+Attention,test,77.674863_12.674644,2024-11-01,0.7302005,0.76982576
BiLSTM+Attention,test,77.674863_12.71956,2024-11-01,0.6721378,0.708103
BiLSTM+Attention,test,77.674863_12.755492,2024-11-01,0.5289079,0.55841434
BiLSTM+Attention,test,77.674863_12.764475,2024-11-01,0.5218844,0.5499665
BiLSTM+Attention,test,77.674863_12.786933,2024-11-01,0.5178961,0.55291045
BiLSTM+Attention,test,77.674863_12.836341,2024-11-01,0.52958935,0.5634665
BiLSTM+Attention,test,77.674863_13.051936,2024-11-01,0.53547513,0.538578
BiLSTM+Attention,test,77.679355_12.697102,2024-11-01,0.54489976,0.5671141
BiLSTM+Attention,test,77.679355_12.746509,2024-11-01,0.6995814,0.7232817
BiLSTM+Attention,test,77.679355_12.89024,2024-11-01,0.53201985,0.54321855
BiLSTM+Attention,test,77.679355_13.056428,2024-11-01,0.49174532,0.48936924
BiLSTM+Attention,test,77.679355_13.141768,2024-11-01,0.51536703,0.54168665
BiLSTM+Attention,test,77.679355_13.155243,2024-11-01,0.43377236,0.45104256
BiLSTM+Attention,test,77.679355_13.159734,2024-11-01,0.4627152,0.4857418
BiLSTM+Attention,test,77.683846_12.728543,2024-11-01,0.56319296,0.6046643
BiLSTM+Attention,test,77.683846_12.742018,2024-11-01,0.5345584,0.54928726
BiLSTM+Attention,test,77.683846_12.755492,2024-11-01,0.73342735,0.7554419
BiLSTM+Attention,test,77.683846_12.795916,2024-11-01,0.5224298,0.5434599
BiLSTM+Attention,test,77.683846_12.8049,2024-11-01,0.5050227,0.53497255
BiLSTM+Attention,test,77.683846_12.836341,2024-11-01,0.59680516,0.6344569
BiLSTM+Attention,test,77.683846_12.840832,2024-11-01,0.61015564,0.64422697
BiLSTM+Attention,test,77.683846_13.06092,2024-11-01,0.48447087,0.49509183
BiLSTM+Attention,test,77.683846_13.074394,2024-11-01,0.42506757,0.43957397
BiLSTM+Attention,test,77.683846_13.11931,2024-11-01,0.40773574,0.42261663
BiLSTM+Attention,test,77.683846_13.123802,2024-11-01,0.47032797,0.48106876
BiLSTM+Attention,test,77.688338_12.656678,2024-11-01,0.7417195,0.7476322
BiLSTM+Attention,test,77.688338_12.69261,2024-11-01,0.82035524,0.8371589
BiLSTM+Attention,test,77.688338_12.697102,2024-11-01,0.83142287,0.8484467
BiLSTM+Attention,test,77.688338_12.710577,2024-11-01,0.8203603,0.83832616
BiLSTM+Attention,test,77.688338_12.751001,2024-11-01,0.59866285,0.62961733
BiLSTM+Attention,test,77.688338_12.755492,2024-11-01,0.5658831,0.5836009
BiLSTM+Attention,test,77.688338_12.876765,2024-11-01,0.79572666,0.8055012
BiLSTM+Attention,test,77.688338_12.885748,2024-11-01,0.50206065,0.527924
BiLSTM+Attention,test,77.688338_12.966596,2024-11-01,0.5807492,0.5934952
BiLSTM+Attention,test,77.692829_12.746509,2024-11-01,0.47781375,0.5092628
BiLSTM+Attention,test,77.692829_12.800408,2024-11-01,0.4644025,0.4990584
BiLSTM+Attention,test,77.692829_12.845324,2024-11-01,0.65801203,0.66913617
BiLSTM+Attention,test,77.692829_12.885748,2024-11-01,0.5548106,0.56940323
BiLSTM+Attention,test,77.692829_12.899223,2024-11-01,0.48738363,0.50129956
BiLSTM+Attention,test,77.692829_13.047445,2024-11-01,0.80146986,0.7829415
BiLSTM+Attention,test,77.692829_13.06092,2024-11-01,0.59688413,0.6151148
BiLSTM+Attention,test,77.692829_13.065411,2024-11-01,0.5758993,0.5890043
BiLSTM+Attention,test,77.692829_13.083377,2024-11-01,0.4262384,0.4397909
BiLSTM+Attention,test,77.692829_13.096852,2024-11-01,0.42388085,0.44263402
BiLSTM+Attention,test,77.692829_13.132785,2024-11-01,0.4209108,0.4384521
BiLSTM+Attention,test,77.692829_13.155243,2024-11-01,0.41604188,0.44292918
BiLSTM+Attention,test,77.697321_12.697102,2024-11-01,0.83556336,0.84279686
BiLSTM+Attention,test,77.697321_12.751001,2024-11-01,0.5352675,0.56471103
BiLSTM+Attention,test,77.697321_12.773459,2024-11-01,0.4722314,0.50309163
BiLSTM+Attention,test,77.697321_12.791425,2024-11-01,0.5794685,0.6061925
BiLSTM+Attention,test,77.697321_12.885748,2024-11-01,0.5494374,0.56750464
BiLSTM+Attention,test,77.697321_12.894731,2024-11-01,0.5087093,0.51822376
BiLSTM+Attention,test,77.697321_12.930664,2024-11-01,0.5003923,0.5227357
BiLSTM+Attention,test,77.697321_13.132785,2024-11-01,0.41758856,0.44707742
BiLSTM+Attention,test,77.697321_13.150751,2024-11-01,0.46551812,0.48704174
BiLSTM+Attention,test,77.701812_12.742018,2024-11-01,0.50374645,0.53390765
BiLSTM+Attention,test,77.701812_12.77795,2024-11-01,0.47858095,0.5016639
BiLSTM+Attention,test,77.701812_12.8049,2024-11-01,0.55915076,0.59346026
BiLSTM+Attention,test,77.701812_12.822866,2024-11-01,0.54325634,0.5642494
BiLSTM+Attention,test,77.701812_12.872273,2024-11-01,0.4561019,0.47929558
BiLSTM+Attention,test,77.701812_12.984563,2024-11-01,0.48644972,0.5063726
BiLSTM+Attention,test,77.701812_13.03397,2024-11-01,0.44430298,0.4567012
BiLSTM+Attention,test,77.701812_13.164226,2024-11-01,0.45311508,0.48753706
BiLSTM+Attention,test,77.706304_12.746509,2024-11-01,0.5147805,0.54084873
BiLSTM+Attention,test,77.706304_12.751001,2024-11-01,0.5305838,0.55530596
BiLSTM+Attention,test,77.706304_12.759984,2024-11-01,0.42067227,0.46675053
BiLSTM+Attention,test,77.706304_12.764475,2024-11-01,0.4910533,0.52346164
BiLSTM+Attention,test,77.706304_12.86329,2024-11-01,0.39766878,0.43144378
BiLSTM+Attention,test,77.706304_12.984563,2024-11-01,0.48910677,0.50981486
BiLSTM+Attention,test,77.706304_13.038462,2024-11-01,0.44243753,0.4559088
BiLSTM+Attention,test,77.706304_13.042953,2024-11-01,0.520511,0.5342488
BiLSTM+Attention,test,77.706304_13.137276,2024-11-01,0.7757012,0.77711165
BiLSTM+Attention,test,77.710796_12.715068,2024-11-01,0.62335724,0.6686446
BiLSTM+Attention,test,77.710796_12.894731,2024-11-01,0.5944267,0.611138
BiLSTM+Attention,test,77.710796_12.899223,2024-11-01,0.51698685,0.53701055
BiLSTM+Attention,test,77.710796_12.912697,2024-11-01,0.45417795,0.47552672
BiLSTM+Attention,test,77.710796_13.03397,2024-11-01,0.45924503,0.48555174
BiLSTM+Attention,test,77.710796_13.150751,2024-11-01,0.40833846,0.43820962
BiLSTM+Attention,test,77.710796_13.168717,2024-11-01,0.51095915,0.54054666
BiLSTM+Attention,test,77.710796_13.173209,2024-11-01,0.5176168,0.5416975
BiLSTM+Attention,test,77.715287_12.679136,2024-11-01,0.71182543,0.732173
BiLSTM+Attention,test,77.715287_12.742018,2024-11-01,0.49674812,0.531587
BiLSTM+Attention,test,77.715287_12.773459,2024-11-01,0.4820237,0.5058887
BiLSTM+Attention,test,77.715287_12.822866,2024-11-01,0.51526767,0.55666274
BiLSTM+Attention,test,77.715287_12.827358,2024-11-01,0.46467555,0.50435257
BiLSTM+Attention,test,77.715287_12.845324,2024-11-01,0.41794184,0.45210868
BiLSTM+Attention,test,77.715287_12.885748,2024-11-01,0.56902224,0.58217144
BiLSTM+Attention,test,77.715287_12.899223,2024-11-01,0.4169954,0.44746122
BiLSTM+Attention,test,77.715287_12.939647,2024-11-01,0.7121486,0.7254814
BiLSTM+Attention,test,77.715287_12.944139,2024-11-01,0.7470546,0.74996865
BiLSTM+Attention,test,77.715287_12.94863,2024-11-01,0.60145086,0.6202893
BiLSTM+Attention,test,77.715287_13.016004,2024-11-01,0.53970474,0.5531849
BiLSTM+Attention,test,77.715287_13.029478,2024-11-01,0.39674637,0.41704267
BiLSTM+Attention,test,77.715287_13.038462,2024-11-01,0.52296555,0.533778
BiLSTM+Attention,test,77.715287_13.051936,2024-11-01,0.5413638,0.5357415
BiLSTM+Attention,test,77.715287_13.056428,2024-11-01,0.43787876,0.44987866
BiLSTM+Attention,test,77.719779_12.706085,2024-11-01,0.6447338,0.68848723
BiLSTM+Attention,test,77.719779_12.746509,2024-11-01,0.7124427,0.73583835
BiLSTM+Attention,test,77.719779_12.795916,2024-11-01,0.48961604,0.51904947
BiLSTM+Attention,test,77.719779_12.840832,2024-11-01,0.5342929,0.56519175
BiLSTM+Attention,test,77.719779_12.903714,2024-11-01,0.4339651,0.45911878
BiLSTM+Attention,test,77.719779_13.123802,2024-11-01,0.43590075,0.4656243
BiLSTM+Attention,test,77.719779_13.155243,2024-11-01,0.43618277,0.4610972
BiLSTM+Attention,test,77.72427_12.674644,2024-11-01,0.56759053,0.5860792
BiLSTM+Attention,test,77.72427_12.697102,2024-11-01,0.5108112,0.54116213
BiLSTM+Attention,test,77.72427_12.701593,2024-11-01,0.54767925,0.5795877
BiLSTM+Attention,test,77.72427_12.724051,2024-11-01,0.538399,0.5694293
BiLSTM+Attention,test,77.72427_12.786933,2024-11-01,0.4995859,0.5179987
BiLSTM+Attention,test,77.72427_12.791425,2024-11-01,0.4988699,0.5325909
BiLSTM+Attention,test,77.72427_12.840832,2024-11-01,0.50492716,0.54106206
BiLSTM+Attention,test,77.72427_12.867782,2024-11-01,0.45356885,0.47585312
BiLSTM+Attention,test,77.72427_12.885748,2024-11-01,0.49413627,0.5154271
BiLSTM+Attention,test,77.72427_13.024987,2024-11-01,0.8097614,0.81613165
BiLSTM+Attention,test,77.728762_12.706085,2024-11-01,0.66192687,0.68322045
BiLSTM+Attention,test,77.728762_12.724051,2024-11-01,0.6485745,0.68548065
BiLSTM+Attention,test,77.728762_12.759984,2024-11-01,0.5292431,0.5487607
BiLSTM+Attention,test,77.728762_12.782442,2024-11-01,0.55500865,0.5649159
BiLSTM+Attention,test,77.728762_12.809391,2024-11-01,0.52249783,0.525022
BiLSTM+Attention,test,77.728762_12.858799,2024-11-01,0.5497581,0.57568395
BiLSTM+Attention,test,77.728762_12.876765,2024-11-01,0.56293845,0.58313715
BiLSTM+Attention,test,77.728762_12.885748,2024-11-01,0.4919955,0.50586605
BiLSTM+Attention,test,77.728762_13.047445,2024-11-01,0.509112,0.51479596
BiLSTM+Attention,test,77.733253_12.755492,2024-11-01,0.4672803,0.4899138
BiLSTM+Attention,test,77.733253_12.795916,2024-11-01,0.4977003,0.52161103
BiLSTM+Attention,test,77.733253_12.86329,2024-11-01,0.57875943,0.59475815
BiLSTM+Attention,test,77.733253_12.872273,2024-11-01,0.5620788,0.59772253
BiLSTM+Attention,test,77.733253_12.998037,2024-11-01,0.63220197,0.6491827
BiLSTM+Attention,test,77.737745_12.764475,2024-11-01,0.4510896,0.4861065
BiLSTM+Attention,test,77.737745_12.791425,2024-11-01,0.48667294,0.51414883
BiLSTM+Attention,test,77.737745_12.809391,2024-11-01,0.4706669,0.4996009
BiLSTM+Attention,test,77.737745_12.858799,2024-11-01,0.50340414,0.5277029
BiLSTM+Attention,test,77.737745_12.872273,2024-11-01,0.5601566,0.57944053
BiLSTM+Attention,test,77.737745_12.881256,2024-11-01,0.58671695,0.61250854
BiLSTM+Attention,test,77.742237_12.697102,2024-11-01,0.67511755,0.6988949
BiLSTM+Attention,test,77.742237_12.764475,2024-11-01,0.48260552,0.50760263
BiLSTM+Attention,test,77.742237_12.795916,2024-11-01,0.47771332,0.50811756
BiLSTM+Attention,test,77.742237_12.8049,2024-11-01,0.51325995,0.5323233
BiLSTM+Attention,test,77.742237_12.86329,2024-11-01,0.43453482,0.46562222
BiLSTM+Attention,test,77.742237_12.867782,2024-11-01,0.5770792,0.5910131
BiLSTM+Attention,test,77.742237_12.89024,2024-11-01,0.57364583,0.58783865
BiLSTM+Attention,test,77.742237_12.899223,2024-11-01,0.5569029,0.58018047
BiLSTM+Attention,test,77.742237_12.921681,2024-11-01,0.4860578,0.5006985
BiLSTM+Attention,test,77.742237_12.980071,2024-11-01,0.5332822,0.5521458
BiLSTM+Attention,test,77.742237_13.002529,2024-11-01,0.5619521,0.583548
BiLSTM+Attention,test,77.742237_13.016004,2024-11-01,0.56106275,0.57006854
BiLSTM+Attention,test,77.742237_13.038462,2024-11-01,0.42842633,0.4425153
BiLSTM+Attention,test,77.746728_12.751001,2024-11-01,0.50724816,0.5383167
BiLSTM+Attention,test,77.746728_12.764475,2024-11-01,0.5018512,0.52431524
BiLSTM+Attention,test,77.746728_12.782442,2024-11-01,0.54905915,0.5897584
BiLSTM+Attention,test,77.746728_12.97558,2024-11-01,0.5561316,0.5805588
BiLSTM+Attention,test,77.746728_12.984563,2024-11-01,0.541909,0.5595559
BiLSTM+Attention,test,77.746728_13.016004,2024-11-01,0.5897732,0.6103457
BiLSTM+Attention,test,77.746728_13.020495,2024-11-01,0.62608653,0.64206874
BiLSTM+Attention,test,77.746728_13.024987,2024-11-01,0.52096415,0.5254106
BiLSTM+Attention,test,77.746728_13.038462,2024-11-01,0.43214333,0.45034382
BiLSTM+Attention,test,77.75122_12.751001,2024-11-01,0.5005856,0.53412163
BiLSTM+Attention,test,77.75122_12.755492,2024-11-01,0.5825438,0.5906133
BiLSTM+Attention,test,77.75122_12.768967,2024-11-01,0.46825606,0.4908835
BiLSTM+Attention,test,77.75122_12.894731,2024-11-01,0.47710848,0.5126947
BiLSTM+Attention,test,77.75122_12.993546,2024-11-01,0.5019732,0.4931557
BiLSTM+Attention,test,77.75122_13.020495,2024-11-01,0.5438279,0.55105835
BiLSTM+Attention,test,77.75122_13.03397,2024-11-01,0.47451717,0.48074958
BiLSTM+Attention,test,77.75122_13.038462,2024-11-01,0.388633,0.41761154
BiLSTM+Attention,test,77.755711_12.706085,2024-11-01,0.5734636,0.6133985
BiLSTM+Attention,test,77.755711_12.764475,2024-11-01,0.80436516,0.82162035
BiLSTM+Attention,test,77.755711_12.822866,2024-11-01,0.47538987,0.5100992
BiLSTM+Attention,test,77.755711_12.831849,2024-11-01,0.44924158,0.48162302
BiLSTM+Attention,test,77.755711_12.858799,2024-11-01,0.5067963,0.5463352
BiLSTM+Attention,test,77.755711_12.885748,2024-11-01,0.52144784,0.5409567
BiLSTM+Attention,test,77.755711_12.899223,2024-11-01,0.44353944,0.47094586
BiLSTM+Attention,test,77.755711_12.903714,2024-11-01,0.49554867,0.5110336
BiLSTM+Attention,test,77.755711_12.926172,2024-11-01,0.5219762,0.5435154
BiLSTM+Attention,test,77.760203_12.751001,2024-11-01,0.51788735,0.532451
BiLSTM+Attention,test,77.760203_12.795916,2024-11-01,0.45475617,0.48209468
BiLSTM+Attention,test,77.760203_12.818374,2024-11-01,0.5754231,0.61721724
BiLSTM+Attention,test,77.760203_12.867782,2024-11-01,0.46800527,0.48947233
BiLSTM+Attention,test,77.760203_12.872273,2024-11-01,0.49468035,0.5136464
BiLSTM+Attention,test,77.760203_12.876765,2024-11-01,0.45489785,0.47800913
BiLSTM+Attention,test,77.760203_12.885748,2024-11-01,0.49561244,0.51617163
BiLSTM+Attention,test,77.760203_12.984563,2024-11-01,0.53933,0.5523525
BiLSTM+Attention,test,77.764695_12.742018,2024-11-01,0.67418927,0.71645874
BiLSTM+Attention,test,77.764695_12.746509,2024-11-01,0.66820514,0.7084704
BiLSTM+Attention,test,77.764695_12.813883,2024-11-01,0.5281007,0.5594187
BiLSTM+Attention,test,77.764695_12.849815,2024-11-01,0.4816842,0.5238491
BiLSTM+Attention,test,77.764695_12.885748,2024-11-01,0.508009,0.52710676
BiLSTM+Attention,test,77.764695_12.912697,2024-11-01,0.5249883,0.5440118
BiLSTM+Attention,test,77.764695_13.03397,2024-11-01,0.40790495,0.41681197
BiLSTM+Attention,test,77.769186_12.751001,2024-11-01,0.71304095,0.73611915
BiLSTM+Attention,test,77.769186_12.791425,2024-11-01,0.4544473,0.48707828
BiLSTM+Attention,test,77.769186_12.800408,2024-11-01,0.5323019,0.55345774
BiLSTM+Attention,test,77.769186_12.8049,2024-11-01,0.57921773,0.60288525
BiLSTM+Attention,test,77.769186_12.809391,2024-11-01,0.48825887,0.5145999
BiLSTM+Attention,test,77.769186_12.876765,2024-11-01,0.5102668,0.54481846
BiLSTM+Attention,test,77.769186_12.894731,2024-11-01,0.4836322,0.5198858
BiLSTM+Attention,test,77.769186_13.016004,2024-11-01,0.46386513,0.48387304
BiLSTM+Attention,test,77.773678_12.746509,2024-11-01,0.6910793,0.72923094
BiLSTM+Attention,test,77.773678_12.858799,2024-11-01,0.4593287,0.4896374
BiLSTM+Attention,test,77.773678_12.885748,2024-11-01,0.49380854,0.5208527
BiLSTM+Attention,test,77.773678_12.899223,2024-11-01,0.45196214,0.47806612
BiLSTM+Attention,test,77.773678_12.908206,2024-11-01,0.5184208,0.5359948
BiLSTM+Attention,test,77.778169_12.809391,2024-11-01,0.4731305,0.48230648
BiLSTM+Attention,test,77.778169_12.885748,2024-11-01,0.50905216,0.5417443
BiLSTM+Attention,test,77.782661_12.786933,2024-11-01,0.46529278,0.47319826
BiLSTM+Attention,test,77.782661_12.791425,2024-11-01,0.51047766,0.52746546
BiLSTM+Attention,test,77.782661_12.89024,2024-11-01,0.50369936,0.5378011
BiLSTM+Attention,test,77.787152_12.786933,2024-11-01,0.4693288,0.49283847
BiLSTM+Attention,test,77.787152_12.849815,2024-11-01,0.47203702,0.50415504
BiLSTM+Attention,test,77.787152_12.867782,2024-11-01,0.44804546,0.4768297
BiLSTM+Attention,test,77.791644_12.8049,2024-11-01,0.50703275,0.52289873
BiLSTM+Attention,test,77.791644_12.899223,2024-11-01,0.46327183,0.49698633
BiLSTM+Attention,test,77.796136_12.854307,2024-11-01,0.4455416,0.48254782
BiLSTM+Attention,test,77.796136_12.885748,2024-11-01,0.52451205,0.5403002
BiLSTM+Attention,test,77.800627_12.876765,2024-11-01,0.5218404,0.5462452
BiLSTM+Attention,test,77.800627_12.885748,2024-11-01,0.47747114,0.50613105
BiLSTM+Attention,test,77.805119_12.876765,2024-11-01,0.5351398,0.56095034
BiLSTM+Attention,test,77.805119_12.89024,2024-11-01,0.4990622,0.5242575
BiLSTM+Attention,test,77.80961_12.858799,2024-11-01,0.49599043,0.532949
BiLSTM+Attention,test,77.80961_12.86329,2024-11-01,0.4665721,0.50645834
BiLSTM+Attention,test,77.405368_13.105835,2024-12-01,0.4026398,0.43463182
BiLSTM+Attention,test,77.405368_13.11931,2024-12-01,0.3752482,0.4146984
BiLSTM+Attention,test,77.414352_12.989054,2024-12-01,0.37945995,0.4068449
BiLSTM+Attention,test,77.414352_12.993546,2024-12-01,0.4064357,0.43043646
BiLSTM+Attention,test,77.414352_13.11931,2024-12-01,0.39678216,0.43641892
BiLSTM+Attention,test,77.418843_12.993546,2024-12-01,0.41260195,0.44223708
BiLSTM+Attention,test,77.432318_12.998037,2024-12-01,0.35659322,0.40005997
BiLSTM+Attention,test,77.441301_13.110327,2024-12-01,0.4107613,0.44391027
BiLSTM+Attention,test,77.450284_13.146259,2024-12-01,0.49269027,0.52987844
BiLSTM+Attention,test,77.454776_13.141768,2024-12-01,0.48425484,0.52068824
BiLSTM+Attention,test,77.459267_13.11931,2024-12-01,0.4347061,0.47054216
BiLSTM+Attention,test,77.46825_13.1777,2024-12-01,0.4494153,0.48627535
BiLSTM+Attention,test,77.490708_13.182192,2024-12-01,0.4344709,0.4623021
BiLSTM+Attention,test,77.490708_13.209142,2024-12-01,0.39617062,0.45436546
BiLSTM+Attention,test,77.4952_13.182192,2024-12-01,0.45402923,0.4786152
BiLSTM+Attention,test,77.499692_13.168717,2024-12-01,0.45459688,0.4860613
BiLSTM+Attention,test,77.504183_13.159734,2024-12-01,0.50916463,0.54046017
BiLSTM+Attention,test,77.504183_13.195667,2024-12-01,0.37697294,0.44116327
BiLSTM+Attention,test,77.508675_13.159734,2024-12-01,0.5283575,0.5542724
BiLSTM+Attention,test,77.513166_13.1777,2024-12-01,0.41231966,0.4478278
BiLSTM+Attention,test,77.517658_13.186684,2024-12-01,0.45344034,0.47710162
BiLSTM+Attention,test,77.517658_13.191175,2024-12-01,0.40423584,0.4392888
BiLSTM+Attention,test,77.522149_13.146259,2024-12-01,0.35698652,0.40707836
BiLSTM+Attention,test,77.522149_13.200158,2024-12-01,0.45953655,0.5049301
BiLSTM+Attention,test,77.531133_13.195667,2024-12-01,0.48990837,0.5242408
BiLSTM+Attention,test,77.535624_13.195667,2024-12-01,0.40089622,0.44576994
BiLSTM+Attention,test,77.540116_13.042953,2024-12-01,0.55843115,0.5846833
BiLSTM+Attention,test,77.540116_13.114818,2024-12-01,0.42953777,0.45346996
BiLSTM+Attention,test,77.544607_13.218125,2024-12-01,0.47542247,0.50646937
BiLSTM+Attention,test,77.55359_12.71956,2024-12-01,0.7666159,0.78389996
BiLSTM+Attention,test,77.55359_13.069903,2024-12-01,0.7231412,0.74412376
BiLSTM+Attention,test,77.55359_13.110327,2024-12-01,0.4865921,0.5142178
BiLSTM+Attention,test,77.55359_13.168717,2024-12-01,0.48504966,0.5190692
BiLSTM+Attention,test,77.55359_13.173209,2024-12-01,0.4040793,0.44396946
BiLSTM+Attention,test,77.558082_13.042953,2024-12-01,0.6397694,0.67412245
BiLSTM+Attention,test,77.558082_13.051936,2024-12-01,0.69871193,0.7170199
BiLSTM+Attention,test,77.558082_13.110327,2024-12-01,0.5010256,0.5341843
BiLSTM+Attention,test,77.558082_13.1777,2024-12-01,0.4607098,0.485537
BiLSTM+Attention,test,77.562574_12.71956,2024-12-01,0.759409,0.79481375
BiLSTM+Attention,test,77.567065_12.724051,2024-12-01,0.73085976,0.7709515
BiLSTM+Attention,test,77.567065_13.105835,2024-12-01,0.5724958,0.59797394
BiLSTM+Attention,test,77.567065_13.114818,2024-12-01,0.654456,0.68111
BiLSTM+Attention,test,77.567065_13.182192,2024-12-01,0.49285707,0.5250315
BiLSTM+Attention,test,77.571557_12.71956,2024-12-01,0.75489336,0.7777217
BiLSTM+Attention,test,77.576048_12.71956,2024-12-01,0.7300076,0.7581352
BiLSTM+Attention,test,77.576048_12.728543,2024-12-01,0.75288796,0.7747618
BiLSTM+Attention,test,77.585031_13.042953,2024-12-01,0.6969535,0.7017787
BiLSTM+Attention,test,77.585031_13.137276,2024-12-01,0.4771084,0.48881063
BiLSTM+Attention,test,77.589523_12.71956,2024-12-01,0.8324883,0.8420667
BiLSTM+Attention,test,77.589523_12.746509,2024-12-01,0.7144875,0.7406797
BiLSTM+Attention,test,77.594015_12.724051,2024-12-01,0.8249349,0.85303897
BiLSTM+Attention,test,77.594015_12.733034,2024-12-01,0.7919212,0.83165073
BiLSTM+Attention,test,77.598506_12.665661,2024-12-01,0.7712763,0.80401224
BiLSTM+Attention,test,77.598506_13.083377,2024-12-01,0.58735293,0.61341184
BiLSTM+Attention,test,77.598506_13.128293,2024-12-01,0.561536,0.5909601
BiLSTM+Attention,test,77.602998_12.710577,2024-12-01,0.7040614,0.7393577
BiLSTM+Attention,test,77.602998_13.11931,2024-12-01,0.57150155,0.59258544
BiLSTM+Attention,test,77.602998_13.128293,2024-12-01,0.5186202,0.55654794
BiLSTM+Attention,test,77.602998_13.164226,2024-12-01,0.46571308,0.505337
BiLSTM+Attention,test,77.607489_12.768967,2024-12-01,0.6253954,0.6497879
BiLSTM+Attention,test,77.607489_12.773459,2024-12-01,0.6030172,0.6231109
BiLSTM+Attention,test,77.607489_12.791425,2024-12-01,0.54731476,0.57599044
BiLSTM+Attention,test,77.607489_13.087869,2024-12-01,0.73225856,0.7526311
BiLSTM+Attention,test,77.611981_12.953122,2024-12-01,0.72456336,0.75236493
BiLSTM+Attention,test,77.611981_13.168717,2024-12-01,0.43446606,0.45566627
BiLSTM+Attention,test,77.611981_13.182192,2024-12-01,0.37214395,0.4172643
BiLSTM+Attention,test,77.616473_13.114818,2024-12-01,0.5650577,0.58785397
BiLSTM+Attention,test,77.616473_13.141768,2024-12-01,0.4519274,0.4838542
BiLSTM+Attention,test,77.616473_13.1777,2024-12-01,0.38450232,0.42809385
BiLSTM+Attention,test,77.625456_13.065411,2024-12-01,0.39345726,0.42499274
BiLSTM+Attention,test,77.625456_13.155243,2024-12-01,0.6480061,0.660854
BiLSTM+Attention,test,77.625456_13.182192,2024-12-01,0.44482052,0.47479624
BiLSTM+Attention,test,77.629947_12.854307,2024-12-01,0.4854545,0.5146479
BiLSTM+Attention,test,77.629947_13.06092,2024-12-01,0.4233785,0.44858238
BiLSTM+Attention,test,77.629947_13.087869,2024-12-01,0.4450165,0.47364765
BiLSTM+Attention,test,77.629947_13.1777,2024-12-01,0.4564476,0.4745365
BiLSTM+Attention,test,77.634439_12.679136,2024-12-01,0.7710902,0.79981697
BiLSTM+Attention,test,77.634439_12.701593,2024-12-01,0.7283838,0.7514073
BiLSTM+Attention,test,77.634439_12.746509,2024-12-01,0.5298264,0.5604048
BiLSTM+Attention,test,77.634439_12.751001,2024-12-01,0.5199097,0.55880916
BiLSTM+Attention,test,77.634439_13.047445,2024-12-01,0.4789836,0.50201005
BiLSTM+Attention,test,77.634439_13.083377,2024-12-01,0.40642616,0.45155296
BiLSTM+Attention,test,77.634439_13.137276,2024-12-01,0.40605894,0.44700328
BiLSTM+Attention,test,77.63893_12.688119,2024-12-01,0.6958861,0.722443
BiLSTM+Attention,test,77.63893_12.742018,2024-12-01,0.5279211,0.5689319
BiLSTM+Attention,test,77.63893_12.791425,2024-12-01,0.53090477,0.56585276
BiLSTM+Attention,test,77.63893_12.800408,2024-12-01,0.46969655,0.5075728
BiLSTM+Attention,test,77.63893_12.840832,2024-12-01,0.62113696,0.6581915
BiLSTM+Attention,test,77.63893_13.056428,2024-12-01,0.5245197,0.5445374
BiLSTM+Attention,test,77.63893_13.078886,2024-12-01,0.441256,0.46531054
BiLSTM+Attention,test,77.63893_13.083377,2024-12-01,0.40514404,0.44904366
BiLSTM+Attention,test,77.643422_12.795916,2024-12-01,0.4818113,0.5072224
BiLSTM+Attention,test,77.643422_12.800408,2024-12-01,0.48199597,0.5159674
BiLSTM+Attention,test,77.643422_12.809391,2024-12-01,0.50589716,0.5341261
BiLSTM+Attention,test,77.643422_13.002529,2024-12-01,0.53292155,0.56056494
BiLSTM+Attention,test,77.643422_13.164226,2024-12-01,0.57243586,0.59876716
BiLSTM+Attention,test,77.647914_12.688119,2024-12-01,0.71795785,0.73465925
BiLSTM+Attention,test,77.647914_13.141768,2024-12-01,0.6730733,0.70450914
BiLSTM+Attention,test,77.647914_13.168717,2024-12-01,0.7116246,0.73300904
BiLSTM+Attention,test,77.652405_12.697102,2024-12-01,0.68416464,0.7114332
BiLSTM+Attention,test,77.652405_12.773459,2024-12-01,0.47542652,0.5166875
BiLSTM+Attention,test,77.652405_12.795916,2024-12-01,0.43101016,0.46217355
BiLSTM+Attention,test,77.652405_12.8049,2024-12-01,0.53262854,0.5634855
BiLSTM+Attention,test,77.652405_13.002529,2024-12-01,0.5263109,0.5436
BiLSTM+Attention,test,77.656897_12.742018,2024-12-01,0.5424392,0.5789339
BiLSTM+Attention,test,77.656897_12.746509,2024-12-01,0.52141964,0.566674
BiLSTM+Attention,test,77.656897_12.791425,2024-12-01,0.44540316,0.47635671
BiLSTM+Attention,test,77.656897_12.800408,2024-12-01,0.54154825,0.5828371
BiLSTM+Attention,test,77.656897_12.831849,2024-12-01,0.56502795,0.6029408
BiLSTM+Attention,test,77.656897_13.164226,2024-12-01,0.45461565,0.4801938
BiLSTM+Attention,test,77.656897_13.173209,2024-12-01,0.40484142,0.44562325
BiLSTM+Attention,test,77.661388_12.737526,2024-12-01,0.57405233,0.6040993
BiLSTM+Attention,test,77.661388_12.759984,2024-12-01,0.55487776,0.5865701
BiLSTM+Attention,test,77.661388_13.056428,2024-12-01,0.45849323,0.4798343
BiLSTM+Attention,test,77.661388_13.074394,2024-12-01,0.5316389,0.5515882
BiLSTM+Attention,test,77.661388_13.110327,2024-12-01,0.51896834,0.54682535
BiLSTM+Attention,test,77.661388_13.11931,2024-12-01,0.5869468,0.62068325
BiLSTM+Attention,test,77.66588_12.679136,2024-12-01,0.65700835,0.6866392
BiLSTM+Attention,test,77.66588_12.697102,2024-12-01,0.62583095,0.66194195
BiLSTM+Attention,test,77.66588_12.715068,2024-12-01,0.6383668,0.6708983
BiLSTM+Attention,test,77.66588_12.724051,2024-12-01,0.61340445,0.6524237
BiLSTM+Attention,test,77.66588_12.751001,2024-12-01,0.4933237,0.5420499
BiLSTM+Attention,test,77.66588_12.755492,2024-12-01,0.5557365,0.6055729
BiLSTM+Attention,test,77.66588_12.764475,2024-12-01,0.55207074,0.59291947
BiLSTM+Attention,test,77.66588_12.768967,2024-12-01,0.6983312,0.7353475
BiLSTM+Attention,test,77.66588_12.791425,2024-12-01,0.59723264,0.6387326
BiLSTM+Attention,test,77.66588_13.038462,2024-12-01,0.45693132,0.48073095
BiLSTM+Attention,test,77.66588_13.051936,2024-12-01,0.5020516,0.5186033
BiLSTM+Attention,test,77.66588_13.173209,2024-12-01,0.39533705,0.43568903
BiLSTM+Attention,test,77.670371_12.71956,2024-12-01,0.64471686,0.68779767
BiLSTM+Attention,test,77.670371_12.881256,2024-12-01,0.46887827,0.49695304
BiLSTM+Attention,test,77.670371_13.083377,2024-12-01,0.38862693,0.4208042
BiLSTM+Attention,test,77.670371_13.128293,2024-12-01,0.50046134,0.52350175
BiLSTM+Attention,test,77.674863_12.674644,2024-12-01,0.71398824,0.761611
BiLSTM+Attention,test,77.674863_12.755492,2024-12-01,0.50397915,0.551125
BiLSTM+Attention,test,77.674863_12.764475,2024-12-01,0.50412804,0.5411793
BiLSTM+Attention,test,77.674863_12.786933,2024-12-01,0.5069503,0.5433627
BiLSTM+Attention,test,77.674863_12.836341,2024-12-01,0.512399,0.55519706
BiLSTM+Attention,test,77.674863_13.051936,2024-12-01,0.5078689,0.524654
BiLSTM+Attention,test,77.679355_12.697102,2024-12-01,0.5249433,0.5571829
BiLSTM+Attention,test,77.679355_12.746509,2024-12-01,0.68391436,0.7139687
BiLSTM+Attention,test,77.679355_12.89024,2024-12-01,0.50364673,0.5303375
BiLSTM+Attention,test,77.679355_13.056428,2024-12-01,0.46063268,0.47584602
BiLSTM+Attention,test,77.679355_13.141768,2024-12-01,0.48882902,0.53223294
BiLSTM+Attention,test,77.679355_13.155243,2024-12-01,0.3975843,0.43906388
BiLSTM+Attention,test,77.679355_13.159734,2024-12-01,0.42952293,0.4737168
BiLSTM+Attention,test,77.683846_12.742018,2024-12-01,0.5091643,0.5415821
BiLSTM+Attention,test,77.683846_12.8049,2024-12-01,0.48094708,0.5235529
BiLSTM+Attention,test,77.683846_12.840832,2024-12-01,0.5872594,0.6317097
BiLSTM+Attention,test,77.683846_13.06092,2024-12-01,0.4453168,0.48135918
BiLSTM+Attention,test,77.683846_13.074394,2024-12-01,0.38885015,0.42642486
BiLSTM+Attention,test,77.683846_13.11931,2024-12-01,0.37187874,0.41214183
BiLSTM+Attention,test,77.683846_13.123802,2024-12-01,0.43565306,0.47039685
BiLSTM+Attention,test,77.688338_12.656678,2024-12-01,0.7095217,0.7344734
BiLSTM+Attention,test,77.688338_12.69261,2024-12-01,0.79305243,0.82668823
BiLSTM+Attention,test,77.688338_12.697102,2024-12-01,0.80391014,0.8384159
BiLSTM+Attention,test,77.688338_12.710577,2024-12-01,0.8018277,0.82948714
BiLSTM+Attention,test,77.688338_12.876765,2024-12-01,0.78636223,0.7983051
BiLSTM+Attention,test,77.688338_12.885748,2024-12-01,0.48467782,0.51495963
BiLSTM+Attention,test,77.688338_12.966596,2024-12-01,0.56433207,0.58170843
BiLSTM+Attention,test,77.692829_12.800408,2024-12-01,0.4506077,0.48646647
BiLSTM+Attention,test,77.692829_12.845324,2024-12-01,0.6462899,0.6556554
BiLSTM+Attention,test,77.692829_12.885748,2024-12-01,0.5273003,0.5561019
BiLSTM+Attention,test,77.692829_12.899223,2024-12-01,0.4511799,0.48832405
BiLSTM+Attention,test,77.692829_13.047445,2024-12-01,0.7478972,0.77429587
BiLSTM+Attention,test,77.692829_13.06092,2024-12-01,0.57149756,0.6032774
BiLSTM+Attention,test,77.692829_13.065411,2024-12-01,0.5434113,0.5757883
BiLSTM+Attention,test,77.692829_13.083377,2024-12-01,0.38971037,0.43069968
BiLSTM+Attention,test,77.692829_13.096852,2024-12-01,0.39411208,0.4288354
BiLSTM+Attention,test,77.692829_13.132785,2024-12-01,0.39377066,0.4294886
BiLSTM+Attention,test,77.692829_13.155243,2024-12-01,0.39241517,0.43323356
BiLSTM+Attention,test,77.697321_12.697102,2024-12-01,0.79939747,0.83274406
BiLSTM+Attention,test,77.697321_12.773459,2024-12-01,0.45328045,0.4939749
BiLSTM+Attention,test,77.697321_12.791425,2024-12-01,0.5485421,0.59930634
BiLSTM+Attention,test,77.697321_12.885748,2024-12-01,0.5305588,0.5543437
BiLSTM+Attention,test,77.697321_12.894731,2024-12-01,0.47049963,0.5070919
BiLSTM+Attention,test,77.697321_12.930664,2024-12-01,0.48822927,0.5160968
BiLSTM+Attention,test,77.697321_13.132785,2024-12-01,0.39299673,0.43434343
BiLSTM+Attention,test,77.697321_13.150751,2024-12-01,0.4431745,0.47496167
BiLSTM+Attention,test,77.701812_12.77795,2024-12-01,0.45845476,0.4970217
BiLSTM+Attention,test,77.701812_12.8049,2024-12-01,0.555044,0.5868161
BiLSTM+Attention,test,77.701812_12.822866,2024-12-01,0.5275622,0.5563536
BiLSTM+Attention,test,77.701812_12.872273,2024-12-01,0.4430972,0.4726896
BiLSTM+Attention,test,77.701812_12.984563,2024-12-01,0.4704044,0.4961125
BiLSTM+Attention,test,77.701812_13.03397,2024-12-01,0.4202481,0.44717658
BiLSTM+Attention,test,77.706304_12.984563,2024-12-01,0.4716399,0.49976563
BiLSTM+Attention,test,77.706304_13.038462,2024-12-01,0.4220925,0.44638667
BiLSTM+Attention,test,77.706304_13.042953,2024-12-01,0.49995294,0.5233421
BiLSTM+Attention,test,77.706304_13.137276,2024-12-01,0.74955857,0.76755095
BiLSTM+Attention,test,77.710796_12.715068,2024-12-01,0.6106936,0.6581086
BiLSTM+Attention,test,77.710796_12.894731,2024-12-01,0.57788914,0.5915295
BiLSTM+Attention,test,77.710796_12.899223,2024-12-01,0.4996465,0.52216744
BiLSTM+Attention,test,77.710796_12.912697,2024-12-01,0.42174974,0.4637673
BiLSTM+Attention,test,77.710796_13.03397,2024-12-01,0.43446085,0.47452635
BiLSTM+Attention,test,77.710796_13.150751,2024-12-01,0.38875702,0.42958727
BiLSTM+Attention,test,77.710796_13.168717,2024-12-01,0.49604326,0.5322677
BiLSTM+Attention,test,77.710796_13.173209,2024-12-01,0.5011664,0.5320677
BiLSTM+Attention,test,77.715287_12.822866,2024-12-01,0.5120109,0.5487197
BiLSTM+Attention,test,77.715287_12.827358,2024-12-01,0.45934135,0.49932376
BiLSTM+Attention,test,77.715287_12.845324,2024-12-01,0.40104827,0.44431958
BiLSTM+Attention,test,77.715287_12.885748,2024-12-01,0.5555119,0.56513083
BiLSTM+Attention,test,77.715287_12.899223,2024-12-01,0.40308133,0.44411126
BiLSTM+Attention,test,77.715287_12.939647,2024-12-01,0.6971083,0.71483046
BiLSTM+Attention,test,77.715287_12.944139,2024-12-01,0.73384094,0.73016244
BiLSTM+Attention,test,77.715287_12.94863,2024-12-01,0.58828825,0.60711825
BiLSTM+Attention,test,77.715287_13.016004,2024-12-01,0.5201429,0.5407468
BiLSTM+Attention,test,77.715287_13.029478,2024-12-01,0.37317288,0.4064524
BiLSTM+Attention,test,77.715287_13.038462,2024-12-01,0.5050709,0.5224223
BiLSTM+Attention,test,77.715287_13.051936,2024-12-01,0.503745,0.51961505
BiLSTM+Attention,test,77.715287_13.056428,2024-12-01,0.41188562,0.4331302
BiLSTM+Attention,test,77.719779_12.706085,2024-12-01,0.62212837,0.68235683
BiLSTM+Attention,test,77.719779_12.795916,2024-12-01,0.48220086,0.5175308
BiLSTM+Attention,test,77.719779_12.840832,2024-12-01,0.5171673,0.5538144
BiLSTM+Attention,test,77.719779_12.903714,2024-12-01,0.42949793,0.44938964
BiLSTM+Attention,test,77.719779_13.123802,2024-12-01,0.41664818,0.45563558
BiLSTM+Attention,test,77.719779_13.155243,2024-12-01,0.41186738,0.44936743
BiLSTM+Attention,test,77.72427_12.674644,2024-12-01,0.5345452,0.5796912
BiLSTM+Attention,test,77.72427_12.697102,2024-12-01,0.4859202,0.5350955
BiLSTM+Attention,test,77.72427_12.701593,2024-12-01,0.5174008,0.5745365
BiLSTM+Attention,test,77.72427_12.786933,2024-12-01,0.48296168,0.51583624
BiLSTM+Attention,test,77.72427_12.791425,2024-12-01,0.48907,0.5284418
BiLSTM+Attention,test,77.72427_12.840832,2024-12-01,0.49325815,0.5308434
BiLSTM+Attention,test,77.72427_12.867782,2024-12-01,0.43761972,0.46630085
BiLSTM+Attention,test,77.72427_12.885748,2024-12-01,0.4789389,0.5020101
BiLSTM+Attention,test,77.72427_13.024987,2024-12-01,0.786102,0.8050389
BiLSTM+Attention,test,77.728762_12.706085,2024-12-01,0.6195572,0.67644095
BiLSTM+Attention,test,77.728762_12.724051,2024-12-01,0.6275738,0.67705464
BiLSTM+Attention,test,77.728762_12.858799,2024-12-01,0.5388683,0.5632036
BiLSTM+Attention,test,77.728762_12.876765,2024-12-01,0.5431706,0.5704093
BiLSTM+Attention,test,77.728762_12.885748,2024-12-01,0.47059944,0.4928186
BiLSTM+Attention,test,77.728762_13.047445,2024-12-01,0.4775358,0.5017702
BiLSTM+Attention,test,77.733253_12.795916,2024-12-01,0.48156238,0.5159837
BiLSTM+Attention,test,77.733253_12.86329,2024-12-01,0.5632363,0.5792893
BiLSTM+Attention,test,77.733253_12.872273,2024-12-01,0.5489259,0.5839513
BiLSTM+Attention,test,77.733253_12.998037,2024-12-01,0.6078799,0.63912296
BiLSTM+Attention,test,77.737745_12.791425,2024-12-01,0.47337654,0.5098558
BiLSTM+Attention,test,77.737745_12.858799,2024-12-01,0.4934156,0.5174655
BiLSTM+Attention,test,77.737745_12.872273,2024-12-01,0.53622746,0.5676099
BiLSTM+Attention,test,77.737745_12.881256,2024-12-01,0.5726353,0.59849226
BiLSTM+Attention,test,77.742237_12.697102,2024-12-01,0.6542768,0.69242024
BiLSTM+Attention,test,77.742237_12.795916,2024-12-01,0.46600527,0.50218815
BiLSTM+Attention,test,77.742237_12.8049,2024-12-01,0.49138895,0.5255089
BiLSTM+Attention,test,77.742237_12.86329,2024-12-01,0.41660443,0.45568666
BiLSTM+Attention,test,77.742237_12.867782,2024-12-01,0.5533854,0.5782382
BiLSTM+Attention,test,77.742237_12.89024,2024-12-01,0.55547446,0.5734557
BiLSTM+Attention,test,77.742237_12.899223,2024-12-01,0.53707933,0.5678309
BiLSTM+Attention,test,77.742237_12.921681,2024-12-01,0.4628441,0.49233186
BiLSTM+Attention,test,77.742237_12.980071,2024-12-01,0.50988436,0.5403293
BiLSTM+Attention,test,77.742237_13.038462,2024-12-01,0.3923183,0.42960787
BiLSTM+Attention,test,77.746728_12.97558,2024-12-01,0.5318301,0.5681885
BiLSTM+Attention,test,77.746728_12.984563,2024-12-01,0.5197995,0.55053574
BiLSTM+Attention,test,77.746728_13.020495,2024-12-01,0.60841286,0.6311909
BiLSTM+Attention,test,77.746728_13.024987,2024-12-01,0.4888189,0.5146957
BiLSTM+Attention,test,77.746728_13.038462,2024-12-01,0.4029163,0.4413196
BiLSTM+Attention,test,77.75122_12.768967,2024-12-01,0.4479067,0.4850116
BiLSTM+Attention,test,77.75122_12.894731,2024-12-01,0.45372078,0.50606656
BiLSTM+Attention,test,77.75122_12.993546,2024-12-01,0.46170422,0.4838777
BiLSTM+Attention,test,77.75122_13.020495,2024-12-01,0.5215776,0.54186755
BiLSTM+Attention,test,77.75122_13.03397,2024-12-01,0.440858,0.4707183
BiLSTM+Attention,test,77.75122_13.038462,2024-12-01,0.36383367,0.40493327
BiLSTM+Attention,test,77.755711_12.706085,2024-12-01,0.5568955,0.6057339
BiLSTM+Attention,test,77.755711_12.764475,2024-12-01,0.79671705,0.816843
BiLSTM+Attention,test,77.755711_12.831849,2024-12-01,0.44248152,0.48202738
BiLSTM+Attention,test,77.755711_12.858799,2024-12-01,0.4961882,0.537381
BiLSTM+Attention,test,77.755711_12.903714,2024-12-01,0.45727032,0.50195277
BiLSTM+Attention,test,77.755711_12.926172,2024-12-01,0.5010651,0.5343017
BiLSTM+Attention,test,77.760203_12.795916,2024-12-01,0.44053593,0.4767349
BiLSTM+Attention,test,77.760203_12.818374,2024-12-01,0.57035065,0.6095487
BiLSTM+Attention,test,77.760203_12.867782,2024-12-01,0.4466998,0.4847639
BiLSTM+Attention,test,77.760203_12.872273,2024-12-01,0.474569,0.50497615
BiLSTM+Attention,test,77.760203_12.876765,2024-12-01,0.43785274,0.47171727
BiLSTM+Attention,test,77.760203_12.885748,2024-12-01,0.46615574,0.5105812
BiLSTM+Attention,test,77.760203_12.984563,2024-12-01,0.5086384,0.5416271
BiLSTM+Attention,test,77.764695_12.813883,2024-12-01,0.5053552,0.5546053
BiLSTM+Attention,test,77.764695_12.849815,2024-12-01,0.46830553,0.51625204
BiLSTM+Attention,test,77.764695_12.885748,2024-12-01,0.4803156,0.519606
BiLSTM+Attention,test,77.764695_12.912697,2024-12-01,0.49201393,0.5339454
BiLSTM+Attention,test,77.764695_13.03397,2024-12-01,0.3702746,0.40460348
BiLSTM+Attention,test,77.769186_12.876765,2024-12-01,0.4962616,0.537086
BiLSTM+Attention,test,77.769186_12.894731,2024-12-01,0.4603388,0.51248276
BiLSTM+Attention,test,77.769186_13.016004,2024-12-01,0.43672097,0.47601655
BiLSTM+Attention,test,77.773678_12.858799,2024-12-01,0.44220927,0.48296282
BiLSTM+Attention,test,77.773678_12.885748,2024-12-01,0.47128466,0.5142462
BiLSTM+Attention,test,77.773678_12.899223,2024-12-01,0.424029,0.47224608
BiLSTM+Attention,test,77.773678_12.908206,2024-12-01,0.49185154,0.5268149
BiLSTM+Attention,test,77.778169_12.809391,2024-12-01,0.43412098,0.47759512
BiLSTM+Attention,test,77.778169_12.885748,2024-12-01,0.4875875,0.53299975
BiLSTM+Attention,test,77.782661_12.89024,2024-12-01,0.48541707,0.52931786
BiLSTM+Attention,test,77.787152_12.849815,2024-12-01,0.45660907,0.4981216
BiLSTM+Attention,test,77.791644_12.8049,2024-12-01,0.4842443,0.5161384
BiLSTM+Attention,test,77.791644_12.899223,2024-12-01,0.4351496,0.48954612
BiLSTM+Attention,test,77.796136_12.854307,2024-12-01,0.42709592,0.4760943
BiLSTM+Attention,test,77.796136_12.885748,2024-12-01,0.4953479,0.531944
BiLSTM+Attention,test,77.800627_12.876765,2024-12-01,0.5075808,0.53999615
BiLSTM+Attention,test,77.800627_12.885748,2024-12-01,0.46163157,0.50193614
BiLSTM+Attention,test,77.805119_12.876765,2024-12-01,0.5168317,0.5552663
BiLSTM+Attention,test,77.805119_12.89024,2024-12-01,0.48223662,0.51590407
