model,split,site_id,target_date,actual,predicted
XGBoost,val,77.369436_12.998037,2023-04-01,0.3971626,0.40783978
XGBoost,val,77.46825_13.150751,2023-04-01,0.3809729,0.41048184
XGBoost,val,77.625456_13.182192,2023-04-01,0.46751574,0.44918075
XGBoost,val,77.647914_13.141768,2023-04-01,0.66141087,0.6892738
XGBoost,val,77.674863_13.105835,2023-04-01,0.47174457,0.52810466
XGBoost,val,77.679355_13.101344,2023-04-01,0.44058007,0.45471945
XGBoost,val,77.683846_13.11931,2023-04-01,0.36169684,0.3884512
XGBoost,val,77.683846_13.123802,2023-04-01,0.42820096,0.45929852
XGBoost,val,77.742237_13.101344,2023-04-01,0.39876026,0.41603494
XGBoost,val,77.342486_12.944139,2023-05-01,0.7159839,0.74225307
XGBoost,val,77.355961_12.94863,2023-05-01,0.45845488,0.46145388
XGBoost,val,77.355961_12.962105,2023-05-01,0.761305,0.77791804
XGBoost,val,77.364944_12.962105,2023-05-01,0.44124246,0.45088282
XGBoost,val,77.369436_12.998037,2023-05-01,0.42011303,0.4277812
XGBoost,val,77.391894_12.881256,2023-05-01,0.46400428,0.48748425
XGBoost,val,77.396385_12.971088,2023-05-01,0.4251031,0.42853263
XGBoost,val,77.418843_12.971088,2023-05-01,0.40402868,0.43253615
XGBoost,val,77.427826_13.020495,2023-05-01,0.38036987,0.41490853
XGBoost,val,77.427826_13.024987,2023-05-01,0.40505233,0.42357096
XGBoost,val,77.427826_13.132785,2023-05-01,0.50209945,0.5249185
XGBoost,val,77.441301_13.110327,2023-05-01,0.4225325,0.4518403
XGBoost,val,77.450284_12.809391,2023-05-01,0.47695595,0.46782085
XGBoost,val,77.450284_13.029478,2023-05-01,0.4402246,0.45603105
XGBoost,val,77.450284_13.047445,2023-05-01,0.4174669,0.4430667
XGBoost,val,77.450284_13.146259,2023-05-01,0.50019526,0.5263018
XGBoost,val,77.454776_12.809391,2023-05-01,0.4627172,0.45251638
XGBoost,val,77.454776_13.114818,2023-05-01,0.49662971,0.5295367
XGBoost,val,77.454776_13.141768,2023-05-01,0.49516675,0.5270573
XGBoost,val,77.459267_12.8049,2023-05-01,0.6119159,0.6378475
XGBoost,val,77.459267_12.822866,2023-05-01,0.4977599,0.51538354
XGBoost,val,77.459267_13.020495,2023-05-01,0.36298335,0.40401524
XGBoost,val,77.459267_13.11931,2023-05-01,0.45035297,0.4622094
XGBoost,val,77.463759_12.813883,2023-05-01,0.47438273,0.46376538
XGBoost,val,77.463759_12.836341,2023-05-01,0.50730884,0.5271079
XGBoost,val,77.463759_12.885748,2023-05-01,0.5858338,0.6078747
XGBoost,val,77.46825_12.827358,2023-05-01,0.41276512,0.43918362
XGBoost,val,77.46825_12.836341,2023-05-01,0.5241751,0.52191246
XGBoost,val,77.46825_13.007021,2023-05-01,0.36633018,0.41098374
XGBoost,val,77.46825_13.114818,2023-05-01,0.4944011,0.5294875
XGBoost,val,77.46825_13.150751,2023-05-01,0.38289434,0.42667815
XGBoost,val,77.46825_13.1777,2023-05-01,0.4468613,0.4689341
XGBoost,val,77.472742_12.795916,2023-05-01,0.5145657,0.5327674
XGBoost,val,77.472742_12.836341,2023-05-01,0.50116414,0.5280387
XGBoost,val,77.477234_12.840832,2023-05-01,0.5212688,0.53048515
XGBoost,val,77.477234_13.002529,2023-05-01,0.37271535,0.4235894
XGBoost,val,77.481725_12.831849,2023-05-01,0.46236646,0.46350917
XGBoost,val,77.481725_13.096852,2023-05-01,0.56627023,0.6160658
XGBoost,val,77.486217_12.764475,2023-05-01,0.50744283,0.53513235
XGBoost,val,77.486217_12.872273,2023-05-01,0.47932824,0.51250744
XGBoost,val,77.490708_12.768967,2023-05-01,0.51332176,0.5204045
XGBoost,val,77.490708_13.051936,2023-05-01,0.59230554,0.64397246
XGBoost,val,77.4952_12.836341,2023-05-01,0.4882719,0.48059368
XGBoost,val,77.499692_12.755492,2023-05-01,0.6139164,0.6365693
XGBoost,val,77.499692_12.899223,2023-05-01,0.5239312,0.5259657
XGBoost,val,77.504183_12.818374,2023-05-01,0.53386617,0.54298127
XGBoost,val,77.504183_12.854307,2023-05-01,0.525164,0.52505714
XGBoost,val,77.504183_12.858799,2023-05-01,0.62887585,0.6468694
XGBoost,val,77.504183_13.083377,2023-05-01,0.5795461,0.6236584
XGBoost,val,77.504183_13.141768,2023-05-01,0.49220297,0.5331982
XGBoost,val,77.504183_13.159734,2023-05-01,0.5158254,0.55915636
XGBoost,val,77.508675_12.795916,2023-05-01,0.57185036,0.60685897
XGBoost,val,77.508675_12.831849,2023-05-01,0.5477539,0.5617258
XGBoost,val,77.508675_12.836341,2023-05-01,0.5883211,0.6188241
XGBoost,val,77.508675_12.845324,2023-05-01,0.55023086,0.567367
XGBoost,val,77.508675_13.137276,2023-05-01,0.43742603,0.45834377
XGBoost,val,77.508675_13.159734,2023-05-01,0.5320317,0.5742966
XGBoost,val,77.513166_13.087869,2023-05-01,0.58041203,0.63110554
XGBoost,val,77.513166_13.137276,2023-05-01,0.39141893,0.4277382
XGBoost,val,77.517658_12.827358,2023-05-01,0.5450337,0.56677204
XGBoost,val,77.522149_13.056428,2023-05-01,0.6427091,0.6854203
XGBoost,val,77.522149_13.078886,2023-05-01,0.59811515,0.64772344
XGBoost,val,77.522149_13.146259,2023-05-01,0.35278553,0.40444875
XGBoost,val,77.526641_13.078886,2023-05-01,0.5946184,0.6383512
XGBoost,val,77.531133_12.822866,2023-05-01,0.5357808,0.55824506
XGBoost,val,77.531133_13.083377,2023-05-01,0.56445587,0.6180099
XGBoost,val,77.535624_13.083377,2023-05-01,0.5451283,0.6055444
XGBoost,val,77.540116_13.101344,2023-05-01,0.41338006,0.43821248
XGBoost,val,77.540116_13.105835,2023-05-01,0.43367368,0.45777202
XGBoost,val,77.549099_12.894731,2023-05-01,0.6296225,0.6516638
XGBoost,val,77.55359_13.110327,2023-05-01,0.48129687,0.532985
XGBoost,val,77.558082_13.042953,2023-05-01,0.64659655,0.6912617
XGBoost,val,77.558082_13.051936,2023-05-01,0.70168453,0.74772656
XGBoost,val,77.558082_13.110327,2023-05-01,0.49976915,0.5482619
XGBoost,val,77.558082_13.168717,2023-05-01,0.4889789,0.5079078
XGBoost,val,77.562574_12.876765,2023-05-01,0.6227764,0.6561898
XGBoost,val,77.562574_13.159734,2023-05-01,0.48913053,0.5373624
XGBoost,val,77.562574_13.173209,2023-05-01,0.48160002,0.53762347
XGBoost,val,77.567065_13.182192,2023-05-01,0.4843696,0.52585
XGBoost,val,77.576048_12.742018,2023-05-01,0.74481016,0.76214534
XGBoost,val,77.58054_12.800408,2023-05-01,0.72484994,0.7463455
XGBoost,val,77.585031_13.137276,2023-05-01,0.47065216,0.5082397
XGBoost,val,77.589523_13.083377,2023-05-01,0.59755325,0.6426475
XGBoost,val,77.594015_13.087869,2023-05-01,0.609048,0.6428555
XGBoost,val,77.598506_13.128293,2023-05-01,0.5631393,0.614239
XGBoost,val,77.602998_13.114818,2023-05-01,0.5749218,0.62728274
XGBoost,val,77.602998_13.11931,2023-05-01,0.5783299,0.6264693
XGBoost,val,77.602998_13.128293,2023-05-01,0.52038366,0.5568325
XGBoost,val,77.611981_13.168717,2023-05-01,0.41865402,0.44320455
XGBoost,val,77.611981_13.182192,2023-05-01,0.3600799,0.41292766
XGBoost,val,77.616473_13.141768,2023-05-01,0.44885522,0.48360887
XGBoost,val,77.616473_13.1777,2023-05-01,0.3810814,0.42117742
XGBoost,val,77.620964_13.132785,2023-05-01,0.5392911,0.5741409
XGBoost,val,77.625456_13.065411,2023-05-01,0.40267044,0.4337609
XGBoost,val,77.625456_13.128293,2023-05-01,0.5443456,0.58382154
XGBoost,val,77.625456_13.137276,2023-05-01,0.44441155,0.4504816
XGBoost,val,77.625456_13.155243,2023-05-01,0.64819235,0.6758898
XGBoost,val,77.625456_13.182192,2023-05-01,0.45632118,0.45323336
XGBoost,val,77.629947_13.06092,2023-05-01,0.43219814,0.45058733
XGBoost,val,77.634439_13.083377,2023-05-01,0.40634486,0.43103904
XGBoost,val,77.634439_13.137276,2023-05-01,0.4161318,0.43768463
XGBoost,val,77.63893_13.083377,2023-05-01,0.40373814,0.43348655
XGBoost,val,77.63893_13.1777,2023-05-01,0.44259757,0.46570936
XGBoost,val,77.643422_13.164226,2023-05-01,0.57754374,0.6278413
XGBoost,val,77.647914_13.141768,2023-05-01,0.6752958,0.7058696
XGBoost,val,77.647914_13.168717,2023-05-01,0.71799314,0.75418526
XGBoost,val,77.656897_13.101344,2023-05-01,0.4709989,0.51786304
XGBoost,val,77.656897_13.164226,2023-05-01,0.45705673,0.47222313
XGBoost,val,77.656897_13.173209,2023-05-01,0.41969433,0.42351425
XGBoost,val,77.661388_13.056428,2023-05-01,0.4589902,0.48920068
XGBoost,val,77.661388_13.074394,2023-05-01,0.5444619,0.5657147
XGBoost,val,77.661388_13.087869,2023-05-01,0.43766296,0.45760033
XGBoost,val,77.661388_13.101344,2023-05-01,0.44479647,0.48341978
XGBoost,val,77.661388_13.11931,2023-05-01,0.58583474,0.63647294
XGBoost,val,77.66588_12.953122,2023-05-01,0.5540552,0.6013411
XGBoost,val,77.66588_13.051936,2023-05-01,0.5121692,0.52768975
XGBoost,val,77.66588_13.173209,2023-05-01,0.4056374,0.42413896
XGBoost,val,77.670371_13.069903,2023-05-01,0.42775816,0.4410964
XGBoost,val,77.670371_13.083377,2023-05-01,0.3932693,0.42630458
XGBoost,val,77.670371_13.092361,2023-05-01,0.39302808,0.42705584
XGBoost,val,77.670371_13.128293,2023-05-01,0.5068461,0.536839
XGBoost,val,77.674863_13.069903,2023-05-01,0.39059052,0.43155444
XGBoost,val,77.674863_13.092361,2023-05-01,0.43973094,0.45422095
XGBoost,val,77.674863_13.105835,2023-05-01,0.4840735,0.5346598
XGBoost,val,77.679355_13.074394,2023-05-01,0.4347831,0.45851657
XGBoost,val,77.679355_13.101344,2023-05-01,0.45950627,0.4629956
XGBoost,val,77.679355_13.159734,2023-05-01,0.44284788,0.46434563
XGBoost,val,77.683846_13.06092,2023-05-01,0.46034068,0.46346766
XGBoost,val,77.683846_13.11931,2023-05-01,0.37791544,0.41320762
XGBoost,val,77.683846_13.123802,2023-05-01,0.44046417,0.45024198
XGBoost,val,77.688338_12.966596,2023-05-01,0.5676483,0.6065712
XGBoost,val,77.692829_13.06092,2023-05-01,0.5833556,0.6158385
XGBoost,val,77.692829_13.065411,2023-05-01,0.55912066,0.57222754
XGBoost,val,77.692829_13.083377,2023-05-01,0.40389195,0.43728977
XGBoost,val,77.692829_13.096852,2023-05-01,0.39892045,0.43986768
XGBoost,val,77.692829_13.132785,2023-05-01,0.3953169,0.43756077
XGBoost,val,77.697321_12.894731,2023-05-01,0.48876688,0.52595454
XGBoost,val,77.697321_13.132785,2023-05-01,0.40437543,0.4333809
XGBoost,val,77.701812_12.984563,2023-05-01,0.4701505,0.49918717
XGBoost,val,77.701812_13.114818,2023-05-01,0.49909014,0.5308674
XGBoost,val,77.706304_13.042953,2023-05-01,0.5063941,0.5430128
XGBoost,val,77.710796_12.899223,2023-05-01,0.5096758,0.54444516
XGBoost,val,77.710796_12.912697,2023-05-01,0.43756533,0.45386478
XGBoost,val,77.710796_13.11931,2023-05-01,0.4356506,0.45773196
XGBoost,val,77.710796_13.123802,2023-05-01,0.41065314,0.4384709
XGBoost,val,77.710796_13.132785,2023-05-01,0.46936166,0.4858812
XGBoost,val,77.710796_13.173209,2023-05-01,0.50117576,0.5271783
XGBoost,val,77.715287_13.029478,2023-05-01,0.376659,0.424524
XGBoost,val,77.715287_13.051936,2023-05-01,0.50668967,0.5401118
XGBoost,val,77.715287_13.056428,2023-05-01,0.41791874,0.43034428
XGBoost,val,77.715287_13.096852,2023-05-01,0.34807274,0.40132898
XGBoost,val,77.715287_13.128293,2023-05-01,0.47344014,0.485881
XGBoost,val,77.719779_13.069903,2023-05-01,0.40543875,0.4298558
XGBoost,val,77.719779_13.123802,2023-05-01,0.4192274,0.44617128
XGBoost,val,77.719779_13.155243,2023-05-01,0.41595683,0.44200754
XGBoost,val,77.72427_13.06092,2023-05-01,0.41894257,0.44009268
XGBoost,val,77.72427_13.074394,2023-05-01,0.4414245,0.45949167
XGBoost,val,77.728762_13.047445,2023-05-01,0.48953477,0.5318221
XGBoost,val,77.728762_13.092361,2023-05-01,0.46657142,0.4609748
XGBoost,val,77.733253_13.056428,2023-05-01,0.37384918,0.42298636
XGBoost,val,77.737745_13.051936,2023-05-01,0.3936152,0.42450792
XGBoost,val,77.737745_13.06092,2023-05-01,0.42513138,0.448957
XGBoost,val,77.737745_13.078886,2023-05-01,0.4511591,0.47782367
XGBoost,val,77.737745_13.101344,2023-05-01,0.3821947,0.417348
XGBoost,val,77.742237_12.980071,2023-05-01,0.5162769,0.5516297
XGBoost,val,77.742237_13.016004,2023-05-01,0.53832126,0.57403165
XGBoost,val,77.742237_13.038462,2023-05-01,0.40716362,0.4207548
XGBoost,val,77.742237_13.074394,2023-05-01,0.37914953,0.41115
XGBoost,val,77.742237_13.101344,2023-05-01,0.4177207,0.43198794
XGBoost,val,77.746728_12.97558,2023-05-01,0.54453474,0.57813877
XGBoost,val,77.746728_12.984563,2023-05-01,0.52251995,0.55746293
XGBoost,val,77.746728_13.016004,2023-05-01,0.5753844,0.59879285
XGBoost,val,77.746728_13.020495,2023-05-01,0.6133055,0.64009374
XGBoost,val,77.746728_13.024987,2023-05-01,0.48872563,0.5381124
XGBoost,val,77.746728_13.038462,2023-05-01,0.4071959,0.42901924
XGBoost,val,77.746728_13.06092,2023-05-01,0.34963003,0.40260804
XGBoost,val,77.75122_12.993546,2023-05-01,0.46362332,0.47622833
XGBoost,val,77.75122_13.020495,2023-05-01,0.5181334,0.5529008
XGBoost,val,77.75122_13.03397,2023-05-01,0.4413725,0.46487665
XGBoost,val,77.75122_13.038462,2023-05-01,0.3672494,0.41580194
XGBoost,val,77.755711_12.926172,2023-05-01,0.49849468,0.538189
XGBoost,val,77.760203_12.984563,2023-05-01,0.5228403,0.55462396
XGBoost,val,77.764695_13.03397,2023-05-01,0.36053503,0.41281274
XGBoost,val,77.769186_13.016004,2023-05-01,0.43933204,0.46409735
XGBoost,val,77.796136_12.885748,2023-05-01,0.49587694,0.5320144
XGBoost,val,77.800627_12.885748,2023-05-01,0.46004623,0.47041947
XGBoost,val,77.805119_12.89024,2023-05-01,0.47854975,0.5161824
XGBoost,val,77.329012_12.944139,2023-06-01,0.4613028,0.485009
XGBoost,val,77.329012_12.962105,2023-06-01,0.738279,0.76100814
XGBoost,val,77.342486_12.944139,2023-06-01,0.7042097,0.75000834
XGBoost,val,77.351469_12.89024,2023-06-01,0.5544722,0.5820143
XGBoost,val,77.355961_12.899223,2023-06-01,0.54823494,0.5730036
XGBoost,val,77.355961_12.94863,2023-06-01,0.45177704,0.47606814
XGBoost,val,77.360453_12.867782,2023-06-01,0.40100467,0.43455622
XGBoost,val,77.364944_12.854307,2023-06-01,0.4232019,0.45158052
XGBoost,val,77.364944_12.962105,2023-06-01,0.4310857,0.45030165
XGBoost,val,77.369436_12.881256,2023-06-01,0.43613824,0.47176498
XGBoost,val,77.369436_12.89024,2023-06-01,0.42128813,0.44985136
XGBoost,val,77.369436_12.998037,2023-06-01,0.39838642,0.44173348
XGBoost,val,77.369436_13.007021,2023-06-01,0.4764219,0.51355845
XGBoost,val,77.373927_12.971088,2023-06-01,0.44049373,0.46512395
XGBoost,val,77.378419_12.966596,2023-06-01,0.4297254,0.46293283
XGBoost,val,77.382911_12.953122,2023-06-01,0.42693338,0.45378396
XGBoost,val,77.382911_12.957613,2023-06-01,0.4272373,0.45326814
XGBoost,val,77.387402_12.962105,2023-06-01,0.4028376,0.43958628
XGBoost,val,77.387402_12.97558,2023-06-01,0.46853155,0.48357734
XGBoost,val,77.387402_12.980071,2023-06-01,0.45869198,0.48115683
XGBoost,val,77.391894_12.867782,2023-06-01,0.493474,0.5482678
XGBoost,val,77.391894_12.881256,2023-06-01,0.45234063,0.48599744
XGBoost,val,77.391894_12.885748,2023-06-01,0.49745402,0.53528637
XGBoost,val,77.396385_12.894731,2023-06-01,0.4835348,0.5288504
XGBoost,val,77.396385_12.908206,2023-06-01,0.4047294,0.4432931
XGBoost,val,77.396385_12.971088,2023-06-01,0.41337305,0.4380866
XGBoost,val,77.396385_13.029478,2023-06-01,0.36445606,0.40467766
XGBoost,val,77.400877_13.029478,2023-06-01,0.34811884,0.3935936
XGBoost,val,77.405368_12.881256,2023-06-01,0.38438803,0.42933506
XGBoost,val,77.405368_12.89024,2023-06-01,0.38540456,0.43463847
XGBoost,val,77.405368_12.903714,2023-06-01,0.3603602,0.39594343
XGBoost,val,77.405368_12.930664,2023-06-01,0.531828,0.5522997
XGBoost,val,77.405368_13.105835,2023-06-01,0.39575243,0.44256783
XGBoost,val,77.405368_13.11931,2023-06-01,0.3736601,0.41969672
XGBoost,val,77.40986_12.872273,2023-06-01,0.36278376,0.39969024
XGBoost,val,77.40986_12.881256,2023-06-01,0.32903567,0.381799
XGBoost,val,77.414352_12.930664,2023-06-01,0.46582407,0.48265594
XGBoost,val,77.414352_12.989054,2023-06-01,0.37258685,0.39991975
XGBoost,val,77.414352_13.096852,2023-06-01,0.3702909,0.40760952
XGBoost,val,77.414352_13.11931,2023-06-01,0.39937413,0.4379486
XGBoost,val,77.418843_12.876765,2023-06-01,0.36221248,0.39856586
XGBoost,val,77.418843_12.89024,2023-06-01,0.40709156,0.43904278
XGBoost,val,77.418843_12.94863,2023-06-01,0.4382639,0.46758556
XGBoost,val,77.418843_12.971088,2023-06-01,0.39737704,0.42964754
XGBoost,val,77.418843_13.016004,2023-06-01,0.37815052,0.41559008
XGBoost,val,77.418843_13.146259,2023-06-01,0.34732574,0.3882218
XGBoost,val,77.423335_12.921681,2023-06-01,0.43939057,0.46005514
XGBoost,val,77.423335_12.930664,2023-06-01,0.43111643,0.45305932
XGBoost,val,77.423335_13.002529,2023-06-01,0.4934999,0.5392919
XGBoost,val,77.423335_13.092361,2023-06-01,0.31478736,0.36484948
XGBoost,val,77.423335_13.141768,2023-06-01,0.43086836,0.45044222
XGBoost,val,77.423335_13.150751,2023-06-01,0.32127798,0.36733916
XGBoost,val,77.427826_12.845324,2023-06-01,0.31918946,0.36653033
XGBoost,val,77.427826_12.858799,2023-06-01,0.35772467,0.39247122
XGBoost,val,77.427826_12.930664,2023-06-01,0.44788635,0.4624271
XGBoost,val,77.427826_12.939647,2023-06-01,0.38945556,0.41434336
XGBoost,val,77.427826_12.944139,2023-06-01,0.37223434,0.40657377
XGBoost,val,77.427826_13.020495,2023-06-01,0.36477318,0.40750793
XGBoost,val,77.427826_13.024987,2023-06-01,0.39521396,0.43170094
XGBoost,val,77.427826_13.110327,2023-06-01,0.40830737,0.4399886
XGBoost,val,77.427826_13.132785,2023-06-01,0.49938804,0.5163793
XGBoost,val,77.432318_12.858799,2023-06-01,0.3793297,0.41423973
XGBoost,val,77.432318_12.86329,2023-06-01,0.3791716,0.4185928
XGBoost,val,77.432318_12.867782,2023-06-01,0.37792253,0.42271793
XGBoost,val,77.432318_12.881256,2023-06-01,0.42589015,0.451477
XGBoost,val,77.432318_12.957613,2023-06-01,0.40827096,0.4368993
XGBoost,val,77.432318_12.998037,2023-06-01,0.36405435,0.40130967
XGBoost,val,77.432318_13.087869,2023-06-01,0.4462968,0.47667214
XGBoost,val,77.432318_13.092361,2023-06-01,0.382934,0.42466384
XGBoost,val,77.436809_12.818374,2023-06-01,0.50581443,0.5293274
XGBoost,val,77.436809_12.840832,2023-06-01,0.46208504,0.48554176
XGBoost,val,77.436809_12.854307,2023-06-01,0.36708584,0.4174904
XGBoost,val,77.436809_12.912697,2023-06-01,0.5327046,0.5687747
XGBoost,val,77.436809_12.926172,2023-06-01,0.44336504,0.47664097
XGBoost,val,77.436809_12.944139,2023-06-01,0.40082496,0.43873295
XGBoost,val,77.441301_12.818374,2023-06-01,0.5082349,0.5463966
XGBoost,val,77.441301_12.831849,2023-06-01,0.43518123,0.44569743
XGBoost,val,77.441301_12.836341,2023-06-01,0.46934995,0.47832528
XGBoost,val,77.441301_12.840832,2023-06-01,0.4598782,0.47508645
XGBoost,val,77.441301_12.944139,2023-06-01,0.47046116,0.49598187
XGBoost,val,77.441301_12.94863,2023-06-01,0.4408345,0.46286166
XGBoost,val,77.441301_13.083377,2023-06-01,0.44569045,0.48698178
XGBoost,val,77.441301_13.110327,2023-06-01,0.4174708,0.44608644
XGBoost,val,77.445793_12.840832,2023-06-01,0.5059719,0.55000293
XGBoost,val,77.445793_12.86329,2023-06-01,0.55794394,0.58287024
XGBoost,val,77.445793_12.867782,2023-06-01,0.54196596,0.55979216
XGBoost,val,77.445793_12.912697,2023-06-01,0.4205884,0.44776627
XGBoost,val,77.445793_12.957613,2023-06-01,0.4744124,0.48378438
XGBoost,val,77.450284_12.809391,2023-06-01,0.45160794,0.4858848
XGBoost,val,77.450284_12.872273,2023-06-01,0.52398163,0.5368849
XGBoost,val,77.450284_12.89024,2023-06-01,0.48559588,0.5428423
XGBoost,val,77.450284_12.971088,2023-06-01,0.43095103,0.46966526
XGBoost,val,77.450284_12.993546,2023-06-01,0.33656165,0.3653961
XGBoost,val,77.450284_13.029478,2023-06-01,0.42886412,0.45432493
XGBoost,val,77.450284_13.047445,2023-06-01,0.40114024,0.44308677
XGBoost,val,77.450284_13.146259,2023-06-01,0.50099295,0.55209136
XGBoost,val,77.454776_12.809391,2023-06-01,0.44230533,0.464395
XGBoost,val,77.454776_12.885748,2023-06-01,0.46670142,0.49504825
XGBoost,val,77.454776_12.980071,2023-06-01,0.37416494,0.40563825
XGBoost,val,77.454776_12.993546,2023-06-01,0.380846,0.41138148
XGBoost,val,77.454776_13.114818,2023-06-01,0.49189806,0.53952587
XGBoost,val,77.454776_13.141768,2023-06-01,0.5011175,0.5488501
XGBoost,val,77.459267_12.8049,2023-06-01,0.5835391,0.6444669
XGBoost,val,77.459267_12.822866,2023-06-01,0.47616783,0.5024155
XGBoost,val,77.459267_12.845324,2023-06-01,0.48139662,0.5256526
XGBoost,val,77.459267_12.872273,2023-06-01,0.46084958,0.5087955
XGBoost,val,77.459267_12.903714,2023-06-01,0.4001518,0.43948513
XGBoost,val,77.459267_12.926172,2023-06-01,0.45724636,0.4800873
XGBoost,val,77.459267_12.97558,2023-06-01,0.38505054,0.4315023
XGBoost,val,77.459267_13.016004,2023-06-01,0.37788957,0.41814387
XGBoost,val,77.459267_13.020495,2023-06-01,0.35872373,0.40110463
XGBoost,val,77.459267_13.11931,2023-06-01,0.4382458,0.47787803
XGBoost,val,77.463759_12.813883,2023-06-01,0.4461584,0.4840749
XGBoost,val,77.463759_12.836341,2023-06-01,0.47078457,0.5369264
XGBoost,val,77.463759_12.86329,2023-06-01,0.5392727,0.56290823
XGBoost,val,77.463759_12.867782,2023-06-01,0.50422823,0.5395845
XGBoost,val,77.463759_12.872273,2023-06-01,0.45893115,0.5066386
XGBoost,val,77.463759_12.881256,2023-06-01,0.53760725,0.5682175
XGBoost,val,77.463759_12.885748,2023-06-01,0.5715266,0.61495334
XGBoost,val,77.463759_12.894731,2023-06-01,0.4454628,0.48457158
XGBoost,val,77.463759_12.899223,2023-06-01,0.47612864,0.51337737
XGBoost,val,77.463759_12.917189,2023-06-01,0.39528704,0.4498671
XGBoost,val,77.463759_12.953122,2023-06-01,0.7437959,0.7761332
XGBoost,val,77.463759_13.03397,2023-06-01,0.3560707,0.40113646
XGBoost,val,77.463759_13.078886,2023-06-01,0.50697684,0.55705714
XGBoost,val,77.46825_12.827358,2023-06-01,0.39504153,0.43667144
XGBoost,val,77.46825_12.836341,2023-06-01,0.49197796,0.51935667
XGBoost,val,77.46825_12.894731,2023-06-01,0.4202654,0.44999903
XGBoost,val,77.46825_12.94863,2023-06-01,0.50408137,0.5513029
XGBoost,val,77.46825_12.953122,2023-06-01,0.43675455,0.4628247
XGBoost,val,77.46825_12.966596,2023-06-01,0.44225276,0.48672506
XGBoost,val,77.46825_13.007021,2023-06-01,0.36474925,0.40595335
XGBoost,val,77.46825_13.114818,2023-06-01,0.4866332,0.50647
XGBoost,val,77.46825_13.150751,2023-06-01,0.39138556,0.43331268
XGBoost,val,77.46825_13.1777,2023-06-01,0.45276648,0.48409045
XGBoost,val,77.472742_12.746509,2023-06-01,0.541249,0.5859964
XGBoost,val,77.472742_12.751001,2023-06-01,0.4984887,0.5518842
XGBoost,val,77.472742_12.755492,2023-06-01,0.5116959,0.54797655
XGBoost,val,77.472742_12.795916,2023-06-01,0.4996011,0.5458054
XGBoost,val,77.472742_12.836341,2023-06-01,0.48174775,0.5027216
XGBoost,val,77.472742_12.984563,2023-06-01,0.4224391,0.4509504
XGBoost,val,77.472742_13.087869,2023-06-01,0.4332288,0.46168813
XGBoost,val,77.477234_12.764475,2023-06-01,0.48100376,0.5440088
XGBoost,val,77.477234_12.782442,2023-06-01,0.46681747,0.50094813
XGBoost,val,77.477234_12.840832,2023-06-01,0.5053828,0.5450518
XGBoost,val,77.477234_12.944139,2023-06-01,0.45981467,0.49590313
XGBoost,val,77.477234_12.94863,2023-06-01,0.48211306,0.5322042
XGBoost,val,77.477234_12.971088,2023-06-01,0.49029595,0.5384177
XGBoost,val,77.477234_13.002529,2023-06-01,0.36772767,0.41295797
XGBoost,val,77.477234_13.056428,2023-06-01,0.41775647,0.45090994
XGBoost,val,77.481725_12.737526,2023-06-01,0.48032948,0.544933
XGBoost,val,77.481725_12.768967,2023-06-01,0.50382274,0.54767895
XGBoost,val,77.481725_12.831849,2023-06-01,0.45158738,0.48757997
XGBoost,val,77.481725_12.89024,2023-06-01,0.51359296,0.5542696
XGBoost,val,77.481725_12.894731,2023-06-01,0.44694042,0.4878869
XGBoost,val,77.481725_12.944139,2023-06-01,0.47435388,0.5073872
XGBoost,val,77.481725_12.971088,2023-06-01,0.3891218,0.4412379
XGBoost,val,77.481725_12.980071,2023-06-01,0.47279754,0.5138457
XGBoost,val,77.481725_13.03397,2023-06-01,0.42037427,0.45908475
XGBoost,val,77.481725_13.096852,2023-06-01,0.5631303,0.5977664
XGBoost,val,77.481725_13.137276,2023-06-01,0.7407719,0.76456386
XGBoost,val,77.486217_12.764475,2023-06-01,0.46419188,0.53015953
XGBoost,val,77.486217_12.872273,2023-06-01,0.4575702,0.5009426
XGBoost,val,77.486217_12.939647,2023-06-01,0.4909893,0.5355281
XGBoost,val,77.486217_13.042953,2023-06-01,0.50718987,0.5542287
XGBoost,val,77.486217_13.114818,2023-06-01,0.48007515,0.5082769
XGBoost,val,77.486217_13.11931,2023-06-01,0.49617922,0.5365748
XGBoost,val,77.490708_12.768967,2023-06-01,0.47265166,0.53093314
XGBoost,val,77.490708_12.8049,2023-06-01,0.50875354,0.55598736
XGBoost,val,77.490708_12.849815,2023-06-01,0.48675647,0.5367267
XGBoost,val,77.490708_12.89024,2023-06-01,0.4753378,0.49106637
XGBoost,val,77.490708_13.051936,2023-06-01,0.5916637,0.6240437
XGBoost,val,77.490708_13.092361,2023-06-01,0.5258701,0.53919005
XGBoost,val,77.490708_13.096852,2023-06-01,0.5535625,0.5872084
XGBoost,val,77.490708_13.182192,2023-06-01,0.44482863,0.48121765
XGBoost,val,77.490708_13.209142,2023-06-01,0.40232876,0.43565091
XGBoost,val,77.4952_12.786933,2023-06-01,0.45004052,0.49553832
XGBoost,val,77.4952_12.836341,2023-06-01,0.4717685,0.49993944
XGBoost,val,77.4952_12.899223,2023-06-01,0.5340393,0.55841297
XGBoost,val,77.4952_12.962105,2023-06-01,0.5327997,0.5744752
XGBoost,val,77.4952_13.092361,2023-06-01,0.5219168,0.5456017
XGBoost,val,77.4952_13.182192,2023-06-01,0.45379713,0.4885024
XGBoost,val,77.499692_12.755492,2023-06-01,0.5688677,0.63109595
XGBoost,val,77.499692_12.858799,2023-06-01,0.59917897,0.6588507
XGBoost,val,77.499692_12.899223,2023-06-01,0.50910026,0.5430983
XGBoost,val,77.499692_13.114818,2023-06-01,0.50794154,0.55233973
XGBoost,val,77.499692_13.168717,2023-06-01,0.45677334,0.482949
XGBoost,val,77.504183_12.764475,2023-06-01,0.5510001,0.5777943
XGBoost,val,77.504183_12.786933,2023-06-01,0.52920055,0.5581473
XGBoost,val,77.504183_12.818374,2023-06-01,0.4963267,0.5494321
XGBoost,val,77.504183_12.854307,2023-06-01,0.49857202,0.5431943
XGBoost,val,77.504183_12.858799,2023-06-01,0.6036333,0.67056435
XGBoost,val,77.504183_12.953122,2023-06-01,0.5464617,0.55386806
XGBoost,val,77.504183_13.083377,2023-06-01,0.58027124,0.62142867
XGBoost,val,77.504183_13.141768,2023-06-01,0.49736646,0.50668776
XGBoost,val,77.504183_13.159734,2023-06-01,0.5121931,0.5361415
XGBoost,val,77.504183_13.195667,2023-06-01,0.39259574,0.43018118
XGBoost,val,77.508675_12.751001,2023-06-01,0.6249781,0.67364943
XGBoost,val,77.508675_12.795916,2023-06-01,0.56084406,0.5849354
XGBoost,val,77.508675_12.831849,2023-06-01,0.5267847,0.552939
XGBoost,val,77.508675_12.836341,2023-06-01,0.5690674,0.5912745
XGBoost,val,77.508675_12.845324,2023-06-01,0.5245399,0.5643923
XGBoost,val,77.508675_12.903714,2023-06-01,0.42797822,0.4594515
XGBoost,val,77.508675_12.917189,2023-06-01,0.49885824,0.5482178
XGBoost,val,77.508675_13.114818,2023-06-01,0.43248808,0.4665927
XGBoost,val,77.508675_13.137276,2023-06-01,0.43849656,0.46760297
XGBoost,val,77.508675_13.159734,2023-06-01,0.5267712,0.5622086
XGBoost,val,77.508675_13.191175,2023-06-01,0.38292262,0.43011296
XGBoost,val,77.513166_12.746509,2023-06-01,0.7365374,0.7870332
XGBoost,val,77.513166_12.764475,2023-06-01,0.5043643,0.5353087
XGBoost,val,77.513166_12.77795,2023-06-01,0.6309144,0.6590107
XGBoost,val,77.513166_12.822866,2023-06-01,0.6202124,0.6693041
XGBoost,val,77.513166_12.908206,2023-06-01,0.42447686,0.45468837
XGBoost,val,77.513166_13.087869,2023-06-01,0.5757596,0.6264284
XGBoost,val,77.513166_13.096852,2023-06-01,0.61918646,0.67330164
XGBoost,val,77.513166_13.137276,2023-06-01,0.39268798,0.4328068
XGBoost,val,77.513166_13.1777,2023-06-01,0.4134065,0.44838616
XGBoost,val,77.517658_12.764475,2023-06-01,0.59426975,0.6470349
XGBoost,val,77.517658_12.77795,2023-06-01,0.579027,0.6212366
XGBoost,val,77.517658_12.782442,2023-06-01,0.58818,0.63235193
XGBoost,val,77.517658_12.795916,2023-06-01,0.556519,0.5983284
XGBoost,val,77.517658_12.827358,2023-06-01,0.5220407,0.5633629
XGBoost,val,77.517658_12.849815,2023-06-01,0.5026878,0.546224
XGBoost,val,77.517658_12.885748,2023-06-01,0.52492285,0.5477142
XGBoost,val,77.517658_12.89024,2023-06-01,0.5129729,0.5465708
XGBoost,val,77.517658_12.899223,2023-06-01,0.5303809,0.547427
XGBoost,val,77.517658_12.998037,2023-06-01,0.5783854,0.616432
XGBoost,val,77.517658_13.11931,2023-06-01,0.38181326,0.42507422
XGBoost,val,77.517658_13.182192,2023-06-01,0.42455307,0.45905444
XGBoost,val,77.517658_13.186684,2023-06-01,0.4483314,0.4841169
XGBoost,val,77.517658_13.191175,2023-06-01,0.39145216,0.43742967
XGBoost,val,77.522149_12.751001,2023-06-01,0.6543304,0.7117318
XGBoost,val,77.522149_12.755492,2023-06-01,0.6303641,0.66886723
XGBoost,val,77.522149_12.759984,2023-06-01,0.66467774,0.703476
XGBoost,val,77.522149_12.782442,2023-06-01,0.61333704,0.6586649
XGBoost,val,77.522149_12.809391,2023-06-01,0.77469146,0.80193126
XGBoost,val,77.522149_12.813883,2023-06-01,0.48628035,0.53708017
XGBoost,val,77.522149_12.818374,2023-06-01,0.46164438,0.4935143
XGBoost,val,77.522149_12.836341,2023-06-01,0.5304221,0.5622503
XGBoost,val,77.522149_12.845324,2023-06-01,0.54322815,0.5684495
XGBoost,val,77.522149_13.078886,2023-06-01,0.6008061,0.65470004
XGBoost,val,77.522149_13.146259,2023-06-01,0.35388848,0.40905428
XGBoost,val,77.522149_13.200158,2023-06-01,0.45203426,0.48752388
XGBoost,val,77.526641_12.751001,2023-06-01,0.6586708,0.688387
XGBoost,val,77.526641_12.840832,2023-06-01,0.60176414,0.6495119
XGBoost,val,77.526641_12.89024,2023-06-01,0.6441479,0.679893
XGBoost,val,77.526641_12.899223,2023-06-01,0.5684502,0.62297803
XGBoost,val,77.526641_13.078886,2023-06-01,0.58705616,0.64751387
XGBoost,val,77.526641_13.105835,2023-06-01,0.4114049,0.44831383
XGBoost,val,77.526641_13.110327,2023-06-01,0.390075,0.4405179
XGBoost,val,77.531133_12.791425,2023-06-01,0.50841016,0.5628037
XGBoost,val,77.531133_12.795916,2023-06-01,0.57038426,0.61937636
XGBoost,val,77.531133_12.800408,2023-06-01,0.5649429,0.58452886
XGBoost,val,77.531133_12.822866,2023-06-01,0.51349515,0.53955245
XGBoost,val,77.531133_12.827358,2023-06-01,0.53373224,0.56738436
XGBoost,val,77.531133_12.894731,2023-06-01,0.4997095,0.54456675
XGBoost,val,77.531133_13.083377,2023-06-01,0.56139016,0.6066033
XGBoost,val,77.531133_13.114818,2023-06-01,0.4007379,0.43900624
XGBoost,val,77.531133_13.195667,2023-06-01,0.48110947,0.53276277
XGBoost,val,77.535624_12.77795,2023-06-01,0.73865193,0.77824175
XGBoost,val,77.535624_12.822866,2023-06-01,0.6588288,0.7005769
XGBoost,val,77.535624_12.872273,2023-06-01,0.41581663,0.4560643
XGBoost,val,77.535624_12.899223,2023-06-01,0.4748937,0.5102047
XGBoost,val,77.535624_13.069903,2023-06-01,0.6937734,0.7338704
XGBoost,val,77.535624_13.083377,2023-06-01,0.54013586,0.59752667
XGBoost,val,77.535624_13.096852,2023-06-01,0.45075092,0.48227635
XGBoost,val,77.535624_13.114818,2023-06-01,0.43973872,0.47740284
XGBoost,val,77.535624_13.132785,2023-06-01,0.46450004,0.49610686
XGBoost,val,77.535624_13.137276,2023-06-01,0.3855984,0.436687
XGBoost,val,77.535624_13.195667,2023-06-01,0.39176995,0.4228659
XGBoost,val,77.540116_12.77795,2023-06-01,0.5684501,0.6093519
XGBoost,val,77.540116_13.042953,2023-06-01,0.5632941,0.61478823
XGBoost,val,77.540116_13.074394,2023-06-01,0.5912745,0.64321244
XGBoost,val,77.540116_13.092361,2023-06-01,0.40724462,0.44819406
XGBoost,val,77.540116_13.101344,2023-06-01,0.40456882,0.44398364
XGBoost,val,77.540116_13.105835,2023-06-01,0.4255205,0.46546638
XGBoost,val,77.540116_13.114818,2023-06-01,0.42493457,0.45486432
XGBoost,val,77.540116_13.132785,2023-06-01,0.4346615,0.4766424
XGBoost,val,77.540116_13.155243,2023-06-01,0.48541087,0.5447053
XGBoost,val,77.540116_13.182192,2023-06-01,0.40354773,0.44144934
XGBoost,val,77.544607_12.831849,2023-06-01,0.7294975,0.7555228
XGBoost,val,77.544607_13.218125,2023-06-01,0.45864108,0.4983297
XGBoost,val,77.549099_12.822866,2023-06-01,0.744651,0.7814404
XGBoost,val,77.549099_12.831849,2023-06-01,0.63515973,0.6764059
XGBoost,val,77.549099_12.836341,2023-06-01,0.6150141,0.6539414
XGBoost,val,77.549099_12.845324,2023-06-01,0.61527973,0.6695006
XGBoost,val,77.549099_12.867782,2023-06-01,0.5400478,0.57282305
XGBoost,val,77.549099_12.876765,2023-06-01,0.49716347,0.5412973
XGBoost,val,77.549099_12.894731,2023-06-01,0.6116253,0.6672858
XGBoost,val,77.549099_13.132785,2023-06-01,0.6205322,0.67362964
XGBoost,val,77.55359_12.71956,2023-06-01,0.7530827,0.77960026
XGBoost,val,77.55359_12.849815,2023-06-01,0.58686936,0.6453314
XGBoost,val,77.55359_12.872273,2023-06-01,0.47984126,0.530988
XGBoost,val,77.55359_13.110327,2023-06-01,0.4756961,0.5390094
XGBoost,val,77.55359_13.128293,2023-06-01,0.59694684,0.6598538
XGBoost,val,77.55359_13.168717,2023-06-01,0.4709921,0.52995235
XGBoost,val,77.55359_13.173209,2023-06-01,0.39182022,0.43925613
XGBoost,val,77.558082_12.710577,2023-06-01,0.76083916,0.7970638
XGBoost,val,77.558082_12.827358,2023-06-01,0.68871903,0.7254172
XGBoost,val,77.558082_12.845324,2023-06-01,0.6660869,0.70729667
XGBoost,val,77.558082_13.042953,2023-06-01,0.64944583,0.6896943
XGBoost,val,77.558082_13.110327,2023-06-01,0.4943005,0.55284405
XGBoost,val,77.558082_13.168717,2023-06-01,0.48012573,0.53967714
XGBoost,val,77.558082_13.1777,2023-06-01,0.44272786,0.47833708
XGBoost,val,77.562574_12.71956,2023-06-01,0.7557383,0.7921948
XGBoost,val,77.562574_12.827358,2023-06-01,0.69067967,0.72447616
XGBoost,val,77.562574_12.858799,2023-06-01,0.4273139,0.4623259
XGBoost,val,77.562574_12.872273,2023-06-01,0.57982564,0.6161021
XGBoost,val,77.562574_12.876765,2023-06-01,0.59698397,0.659999
XGBoost,val,77.562574_13.141768,2023-06-01,0.42242503,0.45321307
XGBoost,val,77.562574_13.159734,2023-06-01,0.4815435,0.5257048
XGBoost,val,77.562574_13.173209,2023-06-01,0.4773765,0.5154721
XGBoost,val,77.567065_12.724051,2023-06-01,0.71960557,0.7608723
XGBoost,val,77.567065_12.849815,2023-06-01,0.66015565,0.70061827
XGBoost,val,77.567065_13.114818,2023-06-01,0.64353275,0.6958023
XGBoost,val,77.567065_13.182192,2023-06-01,0.4814724,0.5383723
XGBoost,val,77.571557_12.849815,2023-06-01,0.6591642,0.712682
XGBoost,val,77.571557_13.141768,2023-06-01,0.4405962,0.477197
XGBoost,val,77.571557_13.146259,2023-06-01,0.44993785,0.48117396
XGBoost,val,77.576048_12.728543,2023-06-01,0.7381276,0.78020823
XGBoost,val,77.576048_12.742018,2023-06-01,0.7093433,0.7638067
XGBoost,val,77.576048_12.813883,2023-06-01,0.7576507,0.77713835
XGBoost,val,77.576048_12.827358,2023-06-01,0.61242634,0.6694882
XGBoost,val,77.58054_12.845324,2023-06-01,0.6798529,0.71933097
XGBoost,val,77.58054_13.083377,2023-06-01,0.5072394,0.55553156
XGBoost,val,77.58054_13.087869,2023-06-01,0.4675173,0.51680267
XGBoost,val,77.585031_12.849815,2023-06-01,0.6794284,0.7145624
XGBoost,val,77.585031_13.042953,2023-06-01,0.68359286,0.722241
XGBoost,val,77.585031_13.137276,2023-06-01,0.4574135,0.49252906
XGBoost,val,77.589523_12.71956,2023-06-01,0.8005373,0.8183613
XGBoost,val,77.589523_12.746509,2023-06-01,0.70028245,0.74867946
XGBoost,val,77.589523_12.854307,2023-06-01,0.59381926,0.65875393
XGBoost,val,77.589523_12.971088,2023-06-01,0.74385154,0.7842224
XGBoost,val,77.589523_13.083377,2023-06-01,0.58669925,0.6326172
XGBoost,val,77.589523_13.150751,2023-06-01,0.45292714,0.49122795
XGBoost,val,77.594015_12.724051,2023-06-01,0.80238676,0.824607
XGBoost,val,77.594015_12.733034,2023-06-01,0.7782107,0.812597
XGBoost,val,77.594015_12.755492,2023-06-01,0.67192537,0.69804144
XGBoost,val,77.594015_12.831849,2023-06-01,0.57441795,0.636585
XGBoost,val,77.594015_12.836341,2023-06-01,0.6133023,0.6756599
XGBoost,val,77.594015_12.840832,2023-06-01,0.6247237,0.6781268
XGBoost,val,77.594015_12.849815,2023-06-01,0.6165041,0.6705904
XGBoost,val,77.594015_12.998037,2023-06-01,0.72852725,0.77679336
XGBoost,val,77.594015_13.087869,2023-06-01,0.5998736,0.6542537
XGBoost,val,77.598506_12.710577,2023-06-01,0.6740837,0.7026874
XGBoost,val,77.598506_12.822866,2023-06-01,0.5968152,0.6653658
XGBoost,val,77.598506_12.849815,2023-06-01,0.7038877,0.74117297
XGBoost,val,77.598506_13.083377,2023-06-01,0.57675344,0.63086075
XGBoost,val,77.598506_13.128293,2023-06-01,0.5553105,0.5926534
XGBoost,val,77.598506_13.141768,2023-06-01,0.42355287,0.45517144
XGBoost,val,77.598506_13.146259,2023-06-01,0.3925117,0.44191647
XGBoost,val,77.602998_12.710577,2023-06-01,0.69758517,0.7136791
XGBoost,val,77.602998_12.827358,2023-06-01,0.48812857,0.54302657
XGBoost,val,77.602998_12.849815,2023-06-01,0.55297905,0.5802337
XGBoost,val,77.602998_12.858799,2023-06-01,0.5552149,0.5932968
XGBoost,val,77.602998_13.114818,2023-06-01,0.56079745,0.6189936
XGBoost,val,77.602998_13.11931,2023-06-01,0.57118165,0.61896545
XGBoost,val,77.602998_13.128293,2023-06-01,0.5146066,0.5492898
XGBoost,val,77.602998_13.164226,2023-06-01,0.45641482,0.4837345
XGBoost,val,77.607489_12.768967,2023-06-01,0.60917604,0.66862327
XGBoost,val,77.607489_12.773459,2023-06-01,0.5774548,0.62901616
XGBoost,val,77.607489_12.809391,2023-06-01,0.6393998,0.6777908
XGBoost,val,77.607489_12.818374,2023-06-01,0.68763113,0.72157145
XGBoost,val,77.607489_13.087869,2023-06-01,0.71821123,0.7668777
XGBoost,val,77.611981_12.674644,2023-06-01,0.78590196,0.8114984
XGBoost,val,77.611981_12.768967,2023-06-01,0.5671852,0.5867268
XGBoost,val,77.611981_12.831849,2023-06-01,0.5504048,0.5713192
XGBoost,val,77.611981_12.867782,2023-06-01,0.5208874,0.563167
XGBoost,val,77.611981_12.953122,2023-06-01,0.7194834,0.76878923
XGBoost,val,77.611981_13.168717,2023-06-01,0.40632534,0.451789
XGBoost,val,77.611981_13.182192,2023-06-01,0.35650516,0.40782106
XGBoost,val,77.616473_12.831849,2023-06-01,0.62484616,0.6736161
XGBoost,val,77.616473_12.858799,2023-06-01,0.5103126,0.5543311
XGBoost,val,77.616473_13.114818,2023-06-01,0.56171715,0.6075854
XGBoost,val,77.616473_13.141768,2023-06-01,0.4431529,0.48224515
XGBoost,val,77.616473_13.1777,2023-06-01,0.37050903,0.41808236
XGBoost,val,77.620964_12.674644,2023-06-01,0.80103844,0.8139902
XGBoost,val,77.620964_12.795916,2023-06-01,0.43687952,0.46038428
XGBoost,val,77.620964_12.813883,2023-06-01,0.43543056,0.47638002
XGBoost,val,77.620964_12.845324,2023-06-01,0.65921247,0.6968655
XGBoost,val,77.620964_12.858799,2023-06-01,0.49145713,0.52819824
XGBoost,val,77.620964_13.132785,2023-06-01,0.5285425,0.5723091
XGBoost,val,77.625456_12.858799,2023-06-01,0.43823785,0.45999822
XGBoost,val,77.625456_13.065411,2023-06-01,0.38954645,0.43543857
XGBoost,val,77.625456_13.128293,2023-06-01,0.5332548,0.5798133
XGBoost,val,77.625456_13.137276,2023-06-01,0.4351935,0.46993947
XGBoost,val,77.625456_13.155243,2023-06-01,0.639552,0.6807698
XGBoost,val,77.625456_13.182192,2023-06-01,0.43511015,0.46396235
XGBoost,val,77.629947_12.795916,2023-06-01,0.7709239,0.79877985
XGBoost,val,77.629947_12.809391,2023-06-01,0.47888598,0.5001386
XGBoost,val,77.629947_12.836341,2023-06-01,0.5750192,0.6137569
XGBoost,val,77.629947_12.854307,2023-06-01,0.5044012,0.54105884
XGBoost,val,77.629947_12.858799,2023-06-01,0.47217858,0.48578876
XGBoost,val,77.629947_13.06092,2023-06-01,0.41721955,0.45136002
XGBoost,val,77.629947_13.087869,2023-06-01,0.43760154,0.46885654
XGBoost,val,77.629947_13.1777,2023-06-01,0.45053744,0.47825527
XGBoost,val,77.634439_12.679136,2023-06-01,0.7497848,0.804655
XGBoost,val,77.634439_12.701593,2023-06-01,0.7055295,0.75928426
XGBoost,val,77.634439_12.733034,2023-06-01,0.48020768,0.5075013
XGBoost,val,77.634439_12.746509,2023-06-01,0.50973266,0.55077255
XGBoost,val,77.634439_12.751001,2023-06-01,0.5134289,0.55322945
XGBoost,val,77.634439_12.849815,2023-06-01,0.54072297,0.5737033
XGBoost,val,77.634439_13.047445,2023-06-01,0.472538,0.514229
XGBoost,val,77.634439_13.083377,2023-06-01,0.4008378,0.44590834
XGBoost,val,77.634439_13.137276,2023-06-01,0.40542135,0.4447812
XGBoost,val,77.63893_12.688119,2023-06-01,0.6753418,0.7072881
XGBoost,val,77.63893_12.742018,2023-06-01,0.52710277,0.5639636
XGBoost,val,77.63893_12.800408,2023-06-01,0.47771809,0.501332
XGBoost,val,77.63893_12.818374,2023-06-01,0.4767378,0.50408626
XGBoost,val,77.63893_12.840832,2023-06-01,0.6233381,0.6728085
XGBoost,val,77.63893_12.872273,2023-06-01,0.40649983,0.44788584
XGBoost,val,77.63893_12.917189,2023-06-01,0.70657235,0.74428713
XGBoost,val,77.63893_12.989054,2023-06-01,0.6469817,0.69389653
XGBoost,val,77.63893_13.056428,2023-06-01,0.5137743,0.5553533
XGBoost,val,77.63893_13.078886,2023-06-01,0.42238083,0.46132168
XGBoost,val,77.63893_13.083377,2023-06-01,0.39747527,0.4425043
XGBoost,val,77.63893_13.1777,2023-06-01,0.43105373,0.46481752
XGBoost,val,77.643422_12.795916,2023-06-01,0.46815452,0.5075068
XGBoost,val,77.643422_12.800408,2023-06-01,0.48334396,0.5103982
XGBoost,val,77.643422_12.809391,2023-06-01,0.5005857,0.5407823
XGBoost,val,77.643422_12.867782,2023-06-01,0.4690506,0.4854572
XGBoost,val,77.643422_13.002529,2023-06-01,0.5309324,0.5737437
XGBoost,val,77.643422_13.038462,2023-06-01,0.51414883,0.56401455
XGBoost,val,77.643422_13.164226,2023-06-01,0.57338965,0.61806124
XGBoost,val,77.647914_12.688119,2023-06-01,0.7081378,0.7340188
XGBoost,val,77.647914_12.733034,2023-06-01,0.5330583,0.56819254
XGBoost,val,77.647914_12.881256,2023-06-01,0.48053122,0.5202176
XGBoost,val,77.647914_12.935155,2023-06-01,0.6616008,0.68315405
XGBoost,val,77.647914_13.141768,2023-06-01,0.66254455,0.7108887
XGBoost,val,77.647914_13.168717,2023-06-01,0.7107673,0.75994104
XGBoost,val,77.652405_12.697102,2023-06-01,0.6702069,0.7118515
XGBoost,val,77.652405_12.773459,2023-06-01,0.46665412,0.50527924
XGBoost,val,77.652405_12.795916,2023-06-01,0.42555934,0.45293337
XGBoost,val,77.652405_12.8049,2023-06-01,0.53162026,0.53958964
XGBoost,val,77.652405_12.858799,2023-06-01,0.6974371,0.7284319
XGBoost,val,77.652405_12.926172,2023-06-01,0.6215953,0.66677016
XGBoost,val,77.652405_13.002529,2023-06-01,0.52354175,0.5692089
XGBoost,val,77.656897_12.742018,2023-06-01,0.5254125,0.5531142
XGBoost,val,77.656897_12.746509,2023-06-01,0.5097355,0.54528266
XGBoost,val,77.656897_12.768967,2023-06-01,0.5172966,0.5484683
XGBoost,val,77.656897_12.791425,2023-06-01,0.4399248,0.4642986
XGBoost,val,77.656897_12.800408,2023-06-01,0.54299104,0.56119853
XGBoost,val,77.656897_12.831849,2023-06-01,0.56588614,0.5906301
XGBoost,val,77.656897_12.849815,2023-06-01,0.42204574,0.4609017
XGBoost,val,77.656897_13.101344,2023-06-01,0.46540025,0.5084377
XGBoost,val,77.656897_13.164226,2023-06-01,0.44630596,0.47911018
XGBoost,val,77.656897_13.173209,2023-06-01,0.39357653,0.4356404
XGBoost,val,77.661388_12.737526,2023-06-01,0.55392313,0.5851212
XGBoost,val,77.661388_12.759984,2023-06-01,0.54956496,0.58147275
XGBoost,val,77.661388_13.056428,2023-06-01,0.4537199,0.4868564
XGBoost,val,77.661388_13.074394,2023-06-01,0.5164831,0.56375444
XGBoost,val,77.661388_13.087869,2023-06-01,0.42855406,0.46505165
XGBoost,val,77.661388_13.101344,2023-06-01,0.44008753,0.47592345
XGBoost,val,77.661388_13.110327,2023-06-01,0.5111197,0.56078595
XGBoost,val,77.661388_13.11931,2023-06-01,0.5833209,0.63078666
XGBoost,val,77.66588_12.679136,2023-06-01,0.6375633,0.6763645
XGBoost,val,77.66588_12.697102,2023-06-01,0.6134349,0.6611443
XGBoost,val,77.66588_12.715068,2023-06-01,0.63179994,0.6719291
XGBoost,val,77.66588_12.724051,2023-06-01,0.6047197,0.6634777
XGBoost,val,77.66588_12.751001,2023-06-01,0.5051897,0.52802783
XGBoost,val,77.66588_12.755492,2023-06-01,0.5589659,0.5842474
XGBoost,val,77.66588_12.764475,2023-06-01,0.54867285,0.579477
XGBoost,val,77.66588_12.768967,2023-06-01,0.7027177,0.72642875
XGBoost,val,77.66588_12.791425,2023-06-01,0.5961628,0.63874304
XGBoost,val,77.66588_12.953122,2023-06-01,0.5463655,0.58868545
XGBoost,val,77.66588_13.038462,2023-06-01,0.4500911,0.48855788
XGBoost,val,77.66588_13.051936,2023-06-01,0.49752504,0.55473244
XGBoost,val,77.66588_13.173209,2023-06-01,0.39650846,0.43742034
XGBoost,val,77.670371_12.71956,2023-06-01,0.6399045,0.6917077
XGBoost,val,77.670371_12.86329,2023-06-01,0.51166743,0.5587901
XGBoost,val,77.670371_12.881256,2023-06-01,0.4662272,0.50435007
XGBoost,val,77.670371_12.894731,2023-06-01,0.41328576,0.4517883
XGBoost,val,77.670371_13.069903,2023-06-01,0.40658504,0.45017228
XGBoost,val,77.670371_13.083377,2023-06-01,0.3761908,0.42680734
XGBoost,val,77.670371_13.092361,2023-06-01,0.38228923,0.42822477
XGBoost,val,77.670371_13.128293,2023-06-01,0.49185905,0.5561337
XGBoost,val,77.674863_12.674644,2023-06-01,0.7047475,0.73723376
XGBoost,val,77.674863_12.71956,2023-06-01,0.644109,0.69347703
XGBoost,val,77.674863_12.755492,2023-06-01,0.4978939,0.54126185
XGBoost,val,77.674863_12.764475,2023-06-01,0.5036959,0.5411867
XGBoost,val,77.674863_12.786933,2023-06-01,0.51454186,0.5474427
XGBoost,val,77.674863_12.836341,2023-06-01,0.52501184,0.5436486
XGBoost,val,77.674863_12.867782,2023-06-01,0.7564176,0.78679264
XGBoost,val,77.674863_13.051936,2023-06-01,0.5029624,0.5561923
XGBoost,val,77.674863_13.069903,2023-06-01,0.37111175,0.42284778
XGBoost,val,77.674863_13.092361,2023-06-01,0.4279317,0.47005916
XGBoost,val,77.674863_13.105835,2023-06-01,0.4759022,0.53279793
XGBoost,val,77.679355_12.697102,2023-06-01,0.5027302,0.547931
XGBoost,val,77.679355_12.746509,2023-06-01,0.6687449,0.71151173
XGBoost,val,77.679355_12.881256,2023-06-01,0.4811671,0.5111645
XGBoost,val,77.679355_12.89024,2023-06-01,0.50332665,0.55019677
XGBoost,val,77.679355_12.899223,2023-06-01,0.40367824,0.44539773
XGBoost,val,77.679355_13.047445,2023-06-01,0.74953413,0.79245156
XGBoost,val,77.679355_13.056428,2023-06-01,0.4542099,0.4862263
XGBoost,val,77.679355_13.074394,2023-06-01,0.42342463,0.46127585
XGBoost,val,77.679355_13.101344,2023-06-01,0.44385332,0.4748554
XGBoost,val,77.679355_13.141768,2023-06-01,0.4918202,0.5524008
XGBoost,val,77.679355_13.155243,2023-06-01,0.39178705,0.43887377
XGBoost,val,77.679355_13.159734,2023-06-01,0.4300801,0.46267715
XGBoost,val,77.683846_12.728543,2023-06-01,0.5463288,0.57028836
XGBoost,val,77.683846_12.742018,2023-06-01,0.50207555,0.53900594
XGBoost,val,77.683846_12.755492,2023-06-01,0.70561635,0.7315524
XGBoost,val,77.683846_12.795916,2023-06-01,0.5096597,0.54008615
XGBoost,val,77.683846_12.8049,2023-06-01,0.48476997,0.51284075
XGBoost,val,77.683846_12.836341,2023-06-01,0.5846455,0.6252168
XGBoost,val,77.683846_12.840832,2023-06-01,0.5954896,0.6312128
XGBoost,val,77.683846_12.894731,2023-06-01,0.50058824,0.5602067
XGBoost,val,77.683846_12.917189,2023-06-01,0.41409248,0.450076
XGBoost,val,77.683846_12.939647,2023-06-01,0.69903994,0.7414547
XGBoost,val,77.683846_13.029478,2023-06-01,0.335673,0.38330886
XGBoost,val,77.683846_13.06092,2023-06-01,0.4351906,0.47845703
XGBoost,val,77.683846_13.074394,2023-06-01,0.3854149,0.4332692
XGBoost,val,77.683846_13.11931,2023-06-01,0.3595711,0.41339386
XGBoost,val,77.683846_13.123802,2023-06-01,0.4229592,0.47198012
XGBoost,val,77.688338_12.656678,2023-06-01,0.7050016,0.7247554
XGBoost,val,77.688338_12.69261,2023-06-01,0.7797133,0.80894953
XGBoost,val,77.688338_12.697102,2023-06-01,0.7899563,0.8111357
XGBoost,val,77.688338_12.710577,2023-06-01,0.79167885,0.81647676
XGBoost,val,77.688338_12.751001,2023-06-01,0.58638495,0.6057862
XGBoost,val,77.688338_12.755492,2023-06-01,0.5486052,0.56601274
XGBoost,val,77.688338_12.876765,2023-06-01,0.7761264,0.7828807
XGBoost,val,77.688338_12.885748,2023-06-01,0.49801373,0.5518834
XGBoost,val,77.688338_12.966596,2023-06-01,0.557331,0.58934903
XGBoost,val,77.692829_12.746509,2023-06-01,0.46561322,0.4747795
XGBoost,val,77.692829_12.800408,2023-06-01,0.44896832,0.48576862
XGBoost,val,77.692829_12.845324,2023-06-01,0.642455,0.6754248
XGBoost,val,77.692829_12.885748,2023-06-01,0.5225452,0.5721781
XGBoost,val,77.692829_12.899223,2023-06-01,0.45222086,0.48626846
XGBoost,val,77.692829_13.047445,2023-06-01,0.7422722,0.77382755
XGBoost,val,77.692829_13.06092,2023-06-01,0.5650586,0.62042886
XGBoost,val,77.692829_13.065411,2023-06-01,0.533685,0.5817299
XGBoost,val,77.692829_13.083377,2023-06-01,0.3843211,0.4370402
XGBoost,val,77.692829_13.096852,2023-06-01,0.3820224,0.438258
XGBoost,val,77.692829_13.132785,2023-06-01,0.38160503,0.4338841
XGBoost,val,77.692829_13.155243,2023-06-01,0.38479653,0.43668875
XGBoost,val,77.697321_12.697102,2023-06-01,0.7917,0.81137794
XGBoost,val,77.697321_12.751001,2023-06-01,0.5152725,0.5496644
XGBoost,val,77.697321_12.773459,2023-06-01,0.45641443,0.47636825
XGBoost,val,77.697321_12.791425,2023-06-01,0.5636297,0.58042085
XGBoost,val,77.697321_12.885748,2023-06-01,0.5264701,0.5797094
XGBoost,val,77.697321_12.894731,2023-06-01,0.47594577,0.50293577
XGBoost,val,77.697321_12.930664,2023-06-01,0.48477912,0.51959467
XGBoost,val,77.697321_12.966596,2023-06-01,0.52891535,0.57005835
XGBoost,val,77.697321_13.132785,2023-06-01,0.38160196,0.43370393
XGBoost,val,77.697321_13.150751,2023-06-01,0.4326709,0.45622054
XGBoost,val,77.697321_13.1777,2023-06-01,0.56340766,0.6062077
XGBoost,val,77.701812_12.742018,2023-06-01,0.49152842,0.5307637
XGBoost,val,77.701812_12.77795,2023-06-01,0.4610172,0.47752675
XGBoost,val,77.701812_12.8049,2023-06-01,0.5570563,0.5634853
XGBoost,val,77.701812_12.822866,2023-06-01,0.531433,0.54686403
XGBoost,val,77.701812_12.872273,2023-06-01,0.44014794,0.46517774
XGBoost,val,77.701812_12.984563,2023-06-01,0.46393657,0.49191818
XGBoost,val,77.701812_13.03397,2023-06-01,0.4111915,0.4527997
XGBoost,val,77.701812_13.114818,2023-06-01,0.47550523,0.53867507
XGBoost,val,77.701812_13.164226,2023-06-01,0.4346418,0.46447116
XGBoost,val,77.706304_12.746509,2023-06-01,0.4985278,0.52374446
XGBoost,val,77.706304_12.751001,2023-06-01,0.5032411,0.54417354
XGBoost,val,77.706304_12.759984,2023-06-01,0.41234475,0.44746655
XGBoost,val,77.706304_12.764475,2023-06-01,0.49419588,0.5201959
XGBoost,val,77.706304_12.86329,2023-06-01,0.3800166,0.41557798
XGBoost,val,77.706304_12.984563,2023-06-01,0.46625113,0.5038017
XGBoost,val,77.706304_13.038462,2023-06-01,0.4151659,0.45142946
XGBoost,val,77.706304_13.042953,2023-06-01,0.48760843,0.5459087
XGBoost,val,77.706304_13.137276,2023-06-01,0.74083805,0.76975626
XGBoost,val,77.710796_12.715068,2023-06-01,0.6095071,0.6470928
XGBoost,val,77.710796_12.894731,2023-06-01,0.5702226,0.6037588
XGBoost,val,77.710796_12.899223,2023-06-01,0.4998617,0.53955424
XGBoost,val,77.710796_12.912697,2023-06-01,0.42461032,0.45781046
XGBoost,val,77.710796_13.03397,2023-06-01,0.428446,0.47555012
XGBoost,val,77.710796_13.11931,2023-06-01,0.4207015,0.4558929
XGBoost,val,77.710796_13.123802,2023-06-01,0.3873524,0.43014032
XGBoost,val,77.710796_13.132785,2023-06-01,0.44932514,0.4818451
XGBoost,val,77.710796_13.150751,2023-06-01,0.384001,0.43731895
XGBoost,val,77.710796_13.168717,2023-06-01,0.48790333,0.5442624
XGBoost,val,77.710796_13.173209,2023-06-01,0.48776293,0.5508625
XGBoost,val,77.715287_12.679136,2023-06-01,0.6842734,0.7120627
XGBoost,val,77.715287_12.742018,2023-06-01,0.4771306,0.48823476
XGBoost,val,77.715287_12.773459,2023-06-01,0.46505955,0.4708487
XGBoost,val,77.715287_12.822866,2023-06-01,0.49926698,0.5291703
XGBoost,val,77.715287_12.827358,2023-06-01,0.45480964,0.47926998
XGBoost,val,77.715287_12.845324,2023-06-01,0.39632007,0.43505076
XGBoost,val,77.715287_12.885748,2023-06-01,0.5427054,0.5762249
XGBoost,val,77.715287_12.899223,2023-06-01,0.39866883,0.4421998
XGBoost,val,77.715287_12.939647,2023-06-01,0.68118465,0.7179561
XGBoost,val,77.715287_12.944139,2023-06-01,0.7240876,0.7662157
XGBoost,val,77.715287_12.94863,2023-06-01,0.582743,0.6197989
XGBoost,val,77.715287_13.029478,2023-06-01,0.36738786,0.41287667
XGBoost,val,77.715287_13.038462,2023-06-01,0.49658614,0.52489084
XGBoost,val,77.715287_13.051936,2023-06-01,0.49033737,0.5487476
XGBoost,val,77.715287_13.056428,2023-06-01,0.40374818,0.44219145
XGBoost,val,77.715287_13.096852,2023-06-01,0.33077943,0.38846478
XGBoost,val,77.715287_13.114818,2023-06-01,0.50008374,0.54996085
XGBoost,val,77.715287_13.128293,2023-06-01,0.45419878,0.49271524
XGBoost,val,77.719779_12.706085,2023-06-01,0.6345592,0.66536534
XGBoost,val,77.719779_12.746509,2023-06-01,0.67786366,0.7112294
XGBoost,val,77.719779_12.795916,2023-06-01,0.47368625,0.48523325
XGBoost,val,77.719779_12.840832,2023-06-01,0.5190095,0.55194867
XGBoost,val,77.719779_12.903714,2023-06-01,0.4195903,0.4487917
XGBoost,val,77.719779_13.069903,2023-06-01,0.3912431,0.44395196
XGBoost,val,77.719779_13.105835,2023-06-01,0.41962558,0.4542787
XGBoost,val,77.719779_13.123802,2023-06-01,0.40690646,0.45159677
XGBoost,val,77.719779_13.137276,2023-06-01,0.42043957,0.4568867
XGBoost,val,77.719779_13.155243,2023-06-01,0.40119174,0.44658
XGBoost,val,77.72427_12.674644,2023-06-01,0.5321108,0.54902387
XGBoost,val,77.72427_12.697102,2023-06-01,0.4843265,0.5229268
XGBoost,val,77.72427_12.701593,2023-06-01,0.5278092,0.536685
XGBoost,val,77.72427_12.724051,2023-06-01,0.5102919,0.539118
XGBoost,val,77.72427_12.786933,2023-06-01,0.48965546,0.5082177
XGBoost,val,77.72427_12.791425,2023-06-01,0.49588743,0.50370747
XGBoost,val,77.72427_12.840832,2023-06-01,0.48380062,0.5162592
XGBoost,val,77.72427_12.867782,2023-06-01,0.4246157,0.46120706
XGBoost,val,77.72427_12.885748,2023-06-01,0.468651,0.48402166
XGBoost,val,77.72427_13.06092,2023-06-01,0.40322155,0.44844615
XGBoost,val,77.72427_13.074394,2023-06-01,0.43347824,0.46935824
XGBoost,val,77.728762_12.706085,2023-06-01,0.6194621,0.66362464
XGBoost,val,77.728762_12.724051,2023-06-01,0.6300464,0.6703221
XGBoost,val,77.728762_12.759984,2023-06-01,0.5009135,0.54160386
XGBoost,val,77.728762_12.782442,2023-06-01,0.5478666,0.55493873
XGBoost,val,77.728762_12.809391,2023-06-01,0.48770598,0.5298535
XGBoost,val,77.728762_12.858799,2023-06-01,0.52903986,0.55002743
XGBoost,val,77.728762_12.876765,2023-06-01,0.5358818,0.5711841
XGBoost,val,77.728762_12.885748,2023-06-01,0.46366617,0.48278844
XGBoost,val,77.728762_13.047445,2023-06-01,0.46705443,0.5060426
XGBoost,val,77.728762_13.087869,2023-06-01,0.4697989,0.5202469
XGBoost,val,77.728762_13.092361,2023-06-01,0.43079242,0.4739265
XGBoost,val,77.733253_12.755492,2023-06-01,0.44333792,0.461866
XGBoost,val,77.733253_12.795916,2023-06-01,0.4726912,0.4965082
XGBoost,val,77.733253_12.86329,2023-06-01,0.55013716,0.5814693
XGBoost,val,77.733253_12.872273,2023-06-01,0.5460792,0.56823117
XGBoost,val,77.733253_12.998037,2023-06-01,0.613964,0.6685515
XGBoost,val,77.733253_13.056428,2023-06-01,0.37082794,0.41947865
XGBoost,val,77.737745_12.764475,2023-06-01,0.43227708,0.45828336
XGBoost,val,77.737745_12.791425,2023-06-01,0.47094518,0.4933038
XGBoost,val,77.737745_12.809391,2023-06-01,0.4577375,0.47559142
XGBoost,val,77.737745_12.858799,2023-06-01,0.4783958,0.5099076
XGBoost,val,77.737745_12.872273,2023-06-01,0.53788525,0.5592454
XGBoost,val,77.737745_12.881256,2023-06-01,0.5657288,0.5870864
XGBoost,val,77.737745_13.051936,2023-06-01,0.37617454,0.4290377
XGBoost,val,77.737745_13.06092,2023-06-01,0.414236,0.44847944
XGBoost,val,77.737745_13.078886,2023-06-01,0.44288257,0.48028678
XGBoost,val,77.737745_13.101344,2023-06-01,0.36556652,0.41363573
XGBoost,val,77.742237_12.697102,2023-06-01,0.6555193,0.68489254
XGBoost,val,77.742237_12.764475,2023-06-01,0.45130664,0.47774675
XGBoost,val,77.742237_12.795916,2023-06-01,0.4609468,0.47559288
XGBoost,val,77.742237_12.8049,2023-06-01,0.48765662,0.53042775
XGBoost,val,77.742237_12.86329,2023-06-01,0.41409516,0.44542363
XGBoost,val,77.742237_12.867782,2023-06-01,0.5461797,0.55762035
XGBoost,val,77.742237_12.89024,2023-06-01,0.54448354,0.57847995
XGBoost,val,77.742237_12.899223,2023-06-01,0.5427284,0.57057077
XGBoost,val,77.742237_12.921681,2023-06-01,0.4601029,0.49034756
XGBoost,val,77.742237_12.980071,2023-06-01,0.5165179,0.5582611
XGBoost,val,77.742237_13.002529,2023-06-01,0.5463862,0.5732187
XGBoost,val,77.742237_13.016004,2023-06-01,0.5245892,0.55857605
XGBoost,val,77.742237_13.038462,2023-06-01,0.38095027,0.43292865
XGBoost,val,77.742237_13.074394,2023-06-01,0.35537255,0.4081486
XGBoost,val,77.742237_13.078886,2023-06-01,0.44052842,0.4744237
XGBoost,val,77.742237_13.101344,2023-06-01,0.40135983,0.44964448
XGBoost,val,77.746728_12.751001,2023-06-01,0.49075708,0.5060947
XGBoost,val,77.746728_12.764475,2023-06-01,0.46989202,0.49150416
XGBoost,val,77.746728_12.782442,2023-06-01,0.5327165,0.55221003
XGBoost,val,77.746728_12.97558,2023-06-01,0.5331924,0.5781999
XGBoost,val,77.746728_12.984563,2023-06-01,0.5199895,0.5546395
XGBoost,val,77.746728_13.016004,2023-06-01,0.55721194,0.5958941
XGBoost,val,77.746728_13.020495,2023-06-01,0.5928279,0.6432393
XGBoost,val,77.746728_13.024987,2023-06-01,0.4795071,0.5148522
XGBoost,val,77.746728_13.038462,2023-06-01,0.3968276,0.4434642
XGBoost,val,77.746728_13.06092,2023-06-01,0.34131077,0.39335752
XGBoost,val,77.746728_13.083377,2023-06-01,0.44877753,0.48104206
XGBoost,val,77.746728_13.092361,2023-06-01,0.42525673,0.46656057
XGBoost,val,77.75122_12.751001,2023-06-01,0.48393586,0.49408662
XGBoost,val,77.75122_12.755492,2023-06-01,0.5443735,0.56344295
XGBoost,val,77.75122_12.768967,2023-06-01,0.43299332,0.46278673
XGBoost,val,77.75122_12.77795,2023-06-01,0.48941296,0.5383181
XGBoost,val,77.75122_12.894731,2023-06-01,0.46867427,0.47790933
XGBoost,val,77.75122_12.993546,2023-06-01,0.45299345,0.47523227
XGBoost,val,77.75122_13.020495,2023-06-01,0.50803,0.55266577
XGBoost,val,77.75122_13.03397,2023-06-01,0.43154216,0.46909082
XGBoost,val,77.75122_13.038462,2023-06-01,0.35618892,0.40999374
XGBoost,val,77.755711_12.706085,2023-06-01,0.54727405,0.568357
XGBoost,val,77.755711_12.764475,2023-06-01,0.78492576,0.8176122
XGBoost,val,77.755711_12.77795,2023-06-01,0.46695173,0.4843367
XGBoost,val,77.755711_12.822866,2023-06-01,0.4621402,0.4755558
XGBoost,val,77.755711_12.831849,2023-06-01,0.42224225,0.45837942
XGBoost,val,77.755711_12.858799,2023-06-01,0.48943335,0.52793574
XGBoost,val,77.755711_12.885748,2023-06-01,0.49348152,0.5424909
XGBoost,val,77.755711_12.899223,2023-06-01,0.41910553,0.4559143
XGBoost,val,77.755711_12.903714,2023-06-01,0.46463302,0.4785036
XGBoost,val,77.755711_12.926172,2023-06-01,0.49441418,0.5445325
XGBoost,val,77.760203_12.751001,2023-06-01,0.4734779,0.51232755
XGBoost,val,77.760203_12.795916,2023-06-01,0.42952326,0.45458275
XGBoost,val,77.760203_12.818374,2023-06-01,0.5703667,0.60500664
XGBoost,val,77.760203_12.867782,2023-06-01,0.44201908,0.4702314
XGBoost,val,77.760203_12.872273,2023-06-01,0.47061622,0.48851532
XGBoost,val,77.760203_12.876765,2023-06-01,0.43408448,0.46622553
XGBoost,val,77.760203_12.885748,2023-06-01,0.45901546,0.48177606
XGBoost,val,77.760203_12.984563,2023-06-01,0.513909,0.5485392
XGBoost,val,77.764695_12.742018,2023-06-01,0.6578638,0.6913123
XGBoost,val,77.764695_12.746509,2023-06-01,0.644945,0.6845865
XGBoost,val,77.764695_12.813883,2023-06-01,0.51020575,0.52007127
XGBoost,val,77.764695_12.849815,2023-06-01,0.46828088,0.47840017
XGBoost,val,77.764695_12.885748,2023-06-01,0.48230457,0.52322364
XGBoost,val,77.764695_12.912697,2023-06-01,0.49958527,0.54213244
XGBoost,val,77.764695_13.03397,2023-06-01,0.35655457,0.4085426
XGBoost,val,77.769186_12.751001,2023-06-01,0.6857693,0.7165316
XGBoost,val,77.769186_12.791425,2023-06-01,0.44010016,0.45793274
XGBoost,val,77.769186_12.800408,2023-06-01,0.50655955,0.50507957
XGBoost,val,77.769186_12.8049,2023-06-01,0.5468874,0.5732582
XGBoost,val,77.769186_12.809391,2023-06-01,0.45711398,0.4730665
XGBoost,val,77.769186_12.876765,2023-06-01,0.49360895,0.5143361
XGBoost,val,77.769186_12.894731,2023-06-01,0.46358848,0.48740983
XGBoost,val,77.769186_13.016004,2023-06-01,0.43385112,0.46651673
XGBoost,val,77.773678_12.746509,2023-06-01,0.6728458,0.7024931
XGBoost,val,77.773678_12.858799,2023-06-01,0.45278773,0.46863934
XGBoost,val,77.773678_12.885748,2023-06-01,0.47289357,0.48014024
XGBoost,val,77.773678_12.899223,2023-06-01,0.41787416,0.45755303
XGBoost,val,77.773678_12.908206,2023-06-01,0.4753762,0.5308111
XGBoost,val,77.778169_12.809391,2023-06-01,0.44027832,0.46917975
XGBoost,val,77.778169_12.885748,2023-06-01,0.4894397,0.52490956
XGBoost,val,77.782661_12.786933,2023-06-01,0.4261625,0.4520193
XGBoost,val,77.782661_12.791425,2023-06-01,0.4716271,0.49400115
XGBoost,val,77.782661_12.89024,2023-06-01,0.48096207,0.5226459
XGBoost,val,77.787152_12.786933,2023-06-01,0.44213274,0.47407955
XGBoost,val,77.787152_12.849815,2023-06-01,0.4644742,0.47452214
XGBoost,val,77.787152_12.867782,2023-06-01,0.4218604,0.4538521
XGBoost,val,77.791644_12.8049,2023-06-01,0.47287184,0.48651785
XGBoost,val,77.791644_12.899223,2023-06-01,0.43448555,0.46123046
XGBoost,val,77.796136_12.854307,2023-06-01,0.4260362,0.4551354
XGBoost,val,77.796136_12.885748,2023-06-01,0.49381232,0.53808373
XGBoost,val,77.800627_12.876765,2023-06-01,0.5064286,0.5391864
XGBoost,val,77.800627_12.885748,2023-06-01,0.45621422,0.4752507
XGBoost,val,77.805119_12.876765,2023-06-01,0.5148652,0.5303576
XGBoost,val,77.805119_12.89024,2023-06-01,0.469126,0.48852554
XGBoost,val,77.80961_12.858799,2023-06-01,0.46961713,0.49293867
XGBoost,val,77.80961_12.86329,2023-06-01,0.44537553,0.47303838
XGBoost,val,77.329012_12.944139,2023-08-01,0.44387344,0.4863756
XGBoost,val,77.329012_12.962105,2023-08-01,0.71747476,0.7436752
XGBoost,val,77.342486_12.944139,2023-08-01,0.7056612,0.7258191
XGBoost,val,77.346978_12.86329,2023-08-01,0.5819595,0.606031
XGBoost,val,77.346978_12.962105,2023-08-01,0.530086,0.5491644
XGBoost,val,77.351469_12.89024,2023-08-01,0.5508725,0.5865224
XGBoost,val,77.355961_12.899223,2023-08-01,0.54275304,0.5867881
XGBoost,val,77.355961_12.962105,2023-08-01,0.7434809,0.77228737
XGBoost,val,77.360453_12.867782,2023-08-01,0.3924617,0.44499683
XGBoost,val,77.364944_12.854307,2023-08-01,0.4271057,0.47223058
XGBoost,val,77.364944_12.962105,2023-08-01,0.40523797,0.4619132
XGBoost,val,77.369436_12.881256,2023-08-01,0.44592285,0.47293103
XGBoost,val,77.369436_12.998037,2023-08-01,0.40196782,0.44366702
XGBoost,val,77.369436_13.007021,2023-08-01,0.46548238,0.49948078
XGBoost,val,77.373927_12.971088,2023-08-01,0.43738744,0.47522494
XGBoost,val,77.373927_13.011512,2023-08-01,0.41809118,0.45545432
XGBoost,val,77.373927_13.016004,2023-08-01,0.42186162,0.4651387
XGBoost,val,77.378419_12.966596,2023-08-01,0.42665508,0.45732847
XGBoost,val,77.382911_12.953122,2023-08-01,0.42575088,0.45596457
XGBoost,val,77.382911_12.957613,2023-08-01,0.42383432,0.4649387
XGBoost,val,77.387402_12.962105,2023-08-01,0.40066928,0.44022495
XGBoost,val,77.387402_12.97558,2023-08-01,0.4761252,0.49086887
XGBoost,val,77.387402_12.980071,2023-08-01,0.4630116,0.48837608
XGBoost,val,77.391894_12.867782,2023-08-01,0.4933956,0.54310685
XGBoost,val,77.391894_12.881256,2023-08-01,0.4475632,0.49011073
XGBoost,val,77.391894_12.885748,2023-08-01,0.49112123,0.5302149
XGBoost,val,77.396385_12.894731,2023-08-01,0.4957472,0.5260677
XGBoost,val,77.396385_12.908206,2023-08-01,0.41133094,0.45301017
XGBoost,val,77.396385_12.944139,2023-08-01,0.49099705,0.50438434
XGBoost,val,77.396385_12.971088,2023-08-01,0.40674475,0.44539347
XGBoost,val,77.396385_12.97558,2023-08-01,0.38187373,0.4197306
XGBoost,val,77.396385_13.029478,2023-08-01,0.3605937,0.41315007
XGBoost,val,77.400877_12.957613,2023-08-01,0.41696602,0.4461683
XGBoost,val,77.400877_12.966596,2023-08-01,0.36404923,0.39350677
XGBoost,val,77.400877_13.029478,2023-08-01,0.33455473,0.3873494
XGBoost,val,77.405368_12.881256,2023-08-01,0.39103088,0.43709263
XGBoost,val,77.405368_12.89024,2023-08-01,0.38595757,0.43815458
XGBoost,val,77.405368_12.903714,2023-08-01,0.36015075,0.40166232
XGBoost,val,77.405368_12.930664,2023-08-01,0.5328445,0.5560365
XGBoost,val,77.405368_12.998037,2023-08-01,0.43345803,0.4631183
XGBoost,val,77.405368_13.11931,2023-08-01,0.3731309,0.41150373
XGBoost,val,77.40986_12.872273,2023-08-01,0.37594453,0.4062662
XGBoost,val,77.40986_12.881256,2023-08-01,0.33908004,0.37669858
XGBoost,val,77.40986_12.962105,2023-08-01,0.46812308,0.48980287
XGBoost,val,77.414352_12.930664,2023-08-01,0.46117732,0.4766875
XGBoost,val,77.414352_12.989054,2023-08-01,0.37194628,0.41214904
XGBoost,val,77.414352_12.993546,2023-08-01,0.40900025,0.4312836
XGBoost,val,77.414352_13.03397,2023-08-01,0.38095713,0.42433918
XGBoost,val,77.414352_13.11931,2023-08-01,0.3904537,0.4386811
XGBoost,val,77.418843_12.876765,2023-08-01,0.36303607,0.4075259
XGBoost,val,77.418843_12.89024,2023-08-01,0.3968607,0.4438585
XGBoost,val,77.418843_12.94863,2023-08-01,0.4238797,0.46970263
XGBoost,val,77.418843_12.971088,2023-08-01,0.3847883,0.42958063
XGBoost,val,77.418843_12.993546,2023-08-01,0.41540515,0.4407636
XGBoost,val,77.418843_13.016004,2023-08-01,0.3716478,0.42000425
XGBoost,val,77.418843_13.024987,2023-08-01,0.39172632,0.42681053
XGBoost,val,77.418843_13.029478,2023-08-01,0.3908985,0.43308842
XGBoost,val,77.418843_13.146259,2023-08-01,0.3419129,0.38320002
XGBoost,val,77.423335_12.876765,2023-08-01,0.39854944,0.43607396
XGBoost,val,77.423335_12.921681,2023-08-01,0.43461853,0.46389154
XGBoost,val,77.423335_12.930664,2023-08-01,0.43060067,0.46513006
XGBoost,val,77.423335_13.002529,2023-08-01,0.46669158,0.5262935
XGBoost,val,77.423335_13.141768,2023-08-01,0.40472344,0.45650828
XGBoost,val,77.423335_13.150751,2023-08-01,0.31940022,0.37807357
XGBoost,val,77.427826_12.845324,2023-08-01,0.31246123,0.36338547
XGBoost,val,77.427826_12.858799,2023-08-01,0.35358208,0.38997903
XGBoost,val,77.427826_12.930664,2023-08-01,0.43382934,0.47174174
XGBoost,val,77.427826_12.939647,2023-08-01,0.38180634,0.42171207
XGBoost,val,77.427826_12.944139,2023-08-01,0.37049168,0.40690833
XGBoost,val,77.427826_13.020495,2023-08-01,0.3678449,0.40280113
XGBoost,val,77.427826_13.024987,2023-08-01,0.38138777,0.42677447
XGBoost,val,77.427826_13.110327,2023-08-01,0.39422682,0.4423606
XGBoost,val,77.427826_13.132785,2023-08-01,0.49109754,0.5373194
XGBoost,val,77.432318_12.858799,2023-08-01,0.37436295,0.4185432
XGBoost,val,77.432318_12.86329,2023-08-01,0.37215325,0.416696
XGBoost,val,77.432318_12.867782,2023-08-01,0.37127033,0.42466953
XGBoost,val,77.432318_12.881256,2023-08-01,0.42244995,0.456553
XGBoost,val,77.432318_12.885748,2023-08-01,0.5375598,0.5723975
XGBoost,val,77.432318_12.957613,2023-08-01,0.3937691,0.4473249
XGBoost,val,77.432318_12.998037,2023-08-01,0.3496499,0.3984394
XGBoost,val,77.432318_13.087869,2023-08-01,0.43694267,0.4808944
XGBoost,val,77.432318_13.092361,2023-08-01,0.37381515,0.42554554
XGBoost,val,77.436809_12.818374,2023-08-01,0.5000871,0.54918134
XGBoost,val,77.436809_12.840832,2023-08-01,0.44573903,0.47957686
XGBoost,val,77.436809_12.854307,2023-08-01,0.37851465,0.4186972
XGBoost,val,77.436809_12.912697,2023-08-01,0.53070706,0.5645825
XGBoost,val,77.436809_12.926172,2023-08-01,0.45481318,0.46519378
XGBoost,val,77.436809_12.944139,2023-08-01,0.41008994,0.43172115
XGBoost,val,77.436809_13.03397,2023-08-01,0.37972316,0.4229492
XGBoost,val,77.441301_12.818374,2023-08-01,0.515608,0.5532493
XGBoost,val,77.441301_12.831849,2023-08-01,0.41002765,0.45685798
XGBoost,val,77.441301_12.836341,2023-08-01,0.4430261,0.48564228
XGBoost,val,77.441301_12.840832,2023-08-01,0.43349287,0.4775162
XGBoost,val,77.441301_12.944139,2023-08-01,0.474776,0.4945342
XGBoost,val,77.441301_12.94863,2023-08-01,0.43644416,0.46742374
XGBoost,val,77.441301_13.056428,2023-08-01,0.3741574,0.42610118
XGBoost,val,77.441301_13.069903,2023-08-01,0.39186537,0.43974096
XGBoost,val,77.441301_13.083377,2023-08-01,0.43878022,0.48630738
XGBoost,val,77.441301_13.110327,2023-08-01,0.40306908,0.4531457
XGBoost,val,77.445793_12.840832,2023-08-01,0.4947858,0.53823537
XGBoost,val,77.445793_12.86329,2023-08-01,0.54553056,0.58550304
XGBoost,val,77.445793_12.867782,2023-08-01,0.5323176,0.56677115
XGBoost,val,77.445793_12.957613,2023-08-01,0.4442126,0.47828433
XGBoost,val,77.445793_12.984563,2023-08-01,0.42286974,0.46896416
XGBoost,val,77.450284_12.809391,2023-08-01,0.45563924,0.4847504
XGBoost,val,77.450284_12.872273,2023-08-01,0.5125242,0.5448579
XGBoost,val,77.450284_12.971088,2023-08-01,0.43458012,0.47910476
XGBoost,val,77.450284_12.993546,2023-08-01,0.32259968,0.3789619
XGBoost,val,77.450284_13.047445,2023-08-01,0.40015936,0.44134304
XGBoost,val,77.450284_13.146259,2023-08-01,0.5080473,0.54047036
XGBoost,val,77.454776_12.809391,2023-08-01,0.4419883,0.47330737
XGBoost,val,77.454776_12.980071,2023-08-01,0.36604214,0.41139486
XGBoost,val,77.454776_12.993546,2023-08-01,0.36306423,0.41479677
XGBoost,val,77.454776_13.078886,2023-08-01,0.40095934,0.44673827
XGBoost,val,77.454776_13.087869,2023-08-01,0.39473355,0.42794934
XGBoost,val,77.454776_13.114818,2023-08-01,0.48771647,0.52073634
XGBoost,val,77.454776_13.141768,2023-08-01,0.48909825,0.53739697
XGBoost,val,77.459267_12.8049,2023-08-01,0.5880668,0.6112853
XGBoost,val,77.459267_12.822866,2023-08-01,0.48085743,0.50220317
XGBoost,val,77.459267_12.845324,2023-08-01,0.48055696,0.51766515
XGBoost,val,77.459267_12.872273,2023-08-01,0.46867818,0.5006564
XGBoost,val,77.459267_12.97558,2023-08-01,0.3805866,0.42655703
XGBoost,val,77.459267_13.11931,2023-08-01,0.43320554,0.47936782
XGBoost,val,77.463759_12.813883,2023-08-01,0.44735605,0.4827536
XGBoost,val,77.463759_12.836341,2023-08-01,0.4700899,0.51491094
XGBoost,val,77.463759_12.86329,2023-08-01,0.5273422,0.56667805
XGBoost,val,77.463759_12.867782,2023-08-01,0.505609,0.54975814
XGBoost,val,77.463759_12.872273,2023-08-01,0.4544057,0.49780583
XGBoost,val,77.463759_12.953122,2023-08-01,0.7353683,0.76785237
XGBoost,val,77.463759_13.03397,2023-08-01,0.3473668,0.39253503
XGBoost,val,77.463759_13.078886,2023-08-01,0.5048931,0.5501118
XGBoost,val,77.46825_12.827358,2023-08-01,0.3947717,0.4377427
XGBoost,val,77.46825_12.836341,2023-08-01,0.50190693,0.5268826
XGBoost,val,77.46825_12.94863,2023-08-01,0.51181227,0.5389196
XGBoost,val,77.46825_12.953122,2023-08-01,0.42476922,0.4608121
XGBoost,val,77.46825_12.966596,2023-08-01,0.4333556,0.47880185
XGBoost,val,77.46825_13.007021,2023-08-01,0.35851943,0.39828485
XGBoost,val,77.46825_13.020495,2023-08-01,0.4462066,0.48100471
XGBoost,val,77.46825_13.114818,2023-08-01,0.4763021,0.51185066
XGBoost,val,77.46825_13.150751,2023-08-01,0.38672101,0.43154168
XGBoost,val,77.472742_12.746509,2023-08-01,0.55231994,0.57615405
XGBoost,val,77.472742_12.751001,2023-08-01,0.49471992,0.5399624
XGBoost,val,77.472742_12.755492,2023-08-01,0.5115892,0.55216354
XGBoost,val,77.472742_12.836341,2023-08-01,0.48151276,0.5078241
XGBoost,val,77.472742_12.984563,2023-08-01,0.41737917,0.4622044
XGBoost,val,77.472742_13.087869,2023-08-01,0.42525876,0.47257674
XGBoost,val,77.477234_12.764475,2023-08-01,0.48996773,0.5287219
XGBoost,val,77.477234_12.782442,2023-08-01,0.45757613,0.50132895
XGBoost,val,77.477234_12.840832,2023-08-01,0.4952924,0.5397108
XGBoost,val,77.477234_12.935155,2023-08-01,0.5593407,0.5857215
XGBoost,val,77.477234_12.944139,2023-08-01,0.46336412,0.49259397
XGBoost,val,77.477234_12.94863,2023-08-01,0.4817002,0.5266428
XGBoost,val,77.477234_12.971088,2023-08-01,0.487597,0.5258398
XGBoost,val,77.477234_13.002529,2023-08-01,0.3621684,0.39537638
XGBoost,val,77.477234_13.056428,2023-08-01,0.41138253,0.45397592
XGBoost,val,77.481725_12.737526,2023-08-01,0.4977175,0.52500594
XGBoost,val,77.481725_12.768967,2023-08-01,0.52883065,0.5643308
XGBoost,val,77.481725_12.831849,2023-08-01,0.44082537,0.47927865
XGBoost,val,77.481725_12.944139,2023-08-01,0.47095418,0.4983571
XGBoost,val,77.481725_12.971088,2023-08-01,0.3889189,0.4343384
XGBoost,val,77.481725_12.980071,2023-08-01,0.47764185,0.50680333
XGBoost,val,77.481725_13.024987,2023-08-01,0.4285964,0.47880974
XGBoost,val,77.481725_13.03397,2023-08-01,0.4234001,0.4593974
XGBoost,val,77.481725_13.096852,2023-08-01,0.5581529,0.5979875
XGBoost,val,77.481725_13.137276,2023-08-01,0.72551554,0.76587695
XGBoost,val,77.486217_12.764475,2023-08-01,0.49296454,0.52342415
XGBoost,val,77.486217_12.872273,2023-08-01,0.45755243,0.4982117
XGBoost,val,77.486217_12.939647,2023-08-01,0.49363363,0.5287721
XGBoost,val,77.486217_12.998037,2023-08-01,0.41161194,0.45669886
XGBoost,val,77.486217_13.042953,2023-08-01,0.5071546,0.54401356
XGBoost,val,77.486217_13.06092,2023-08-01,0.5175626,0.55694383
XGBoost,val,77.486217_13.114818,2023-08-01,0.47340614,0.5112021
XGBoost,val,77.486217_13.11931,2023-08-01,0.49084246,0.52902454
XGBoost,val,77.490708_12.768967,2023-08-01,0.48922205,0.52101886
XGBoost,val,77.490708_12.8049,2023-08-01,0.4898701,0.54321873
XGBoost,val,77.490708_12.849815,2023-08-01,0.48739633,0.5322934
XGBoost,val,77.490708_13.051936,2023-08-01,0.5841278,0.6132849
XGBoost,val,77.490708_13.087869,2023-08-01,0.5073028,0.56277174
XGBoost,val,77.490708_13.092361,2023-08-01,0.4912575,0.55802214
XGBoost,val,77.490708_13.096852,2023-08-01,0.53292584,0.5905308
XGBoost,val,77.4952_12.786933,2023-08-01,0.4475412,0.4847605
XGBoost,val,77.4952_12.836341,2023-08-01,0.4634754,0.5063473
XGBoost,val,77.4952_13.020495,2023-08-01,0.48694053,0.52356833
XGBoost,val,77.4952_13.024987,2023-08-01,0.50213027,0.53778714
XGBoost,val,77.4952_13.03397,2023-08-01,0.5707511,0.60153884
XGBoost,val,77.4952_13.087869,2023-08-01,0.45576525,0.5087909
XGBoost,val,77.4952_13.092361,2023-08-01,0.48921126,0.5492919
XGBoost,val,77.499692_12.755492,2023-08-01,0.5812863,0.60251385
XGBoost,val,77.499692_12.858799,2023-08-01,0.5883995,0.6256252
XGBoost,val,77.499692_12.984563,2023-08-01,0.49781528,0.5373501
XGBoost,val,77.499692_13.114818,2023-08-01,0.49531916,0.542294
XGBoost,val,77.499692_13.137276,2023-08-01,0.4391498,0.47502503
XGBoost,val,77.504183_12.764475,2023-08-01,0.54119843,0.57700163
XGBoost,val,77.504183_12.786933,2023-08-01,0.522355,0.56595695
XGBoost,val,77.504183_12.818374,2023-08-01,0.5100398,0.5464408
XGBoost,val,77.504183_12.854307,2023-08-01,0.48237133,0.53497344
XGBoost,val,77.504183_12.858799,2023-08-01,0.6010126,0.6369185
XGBoost,val,77.504183_13.083377,2023-08-01,0.57529837,0.6017558
XGBoost,val,77.504183_13.141768,2023-08-01,0.4678611,0.51082176
XGBoost,val,77.504183_13.159734,2023-08-01,0.5159048,0.54992753
XGBoost,val,77.508675_12.751001,2023-08-01,0.6390444,0.6540529
XGBoost,val,77.508675_12.795916,2023-08-01,0.54150575,0.5864617
XGBoost,val,77.508675_12.831849,2023-08-01,0.5083419,0.56429505
XGBoost,val,77.508675_12.836341,2023-08-01,0.5633642,0.59649974
XGBoost,val,77.508675_12.845324,2023-08-01,0.5259032,0.56680363
XGBoost,val,77.508675_13.114818,2023-08-01,0.4280081,0.4700607
XGBoost,val,77.508675_13.137276,2023-08-01,0.41508892,0.4750714
XGBoost,val,77.508675_13.159734,2023-08-01,0.5301677,0.5684503
XGBoost,val,77.513166_12.746509,2023-08-01,0.7516549,0.7717026
XGBoost,val,77.513166_12.764475,2023-08-01,0.5086137,0.55706173
XGBoost,val,77.513166_12.77795,2023-08-01,0.63130146,0.6412567
XGBoost,val,77.513166_12.822866,2023-08-01,0.60699487,0.6386726
XGBoost,val,77.513166_13.087869,2023-08-01,0.56028646,0.6014091
XGBoost,val,77.513166_13.096852,2023-08-01,0.6057085,0.6528183
XGBoost,val,77.513166_13.137276,2023-08-01,0.3801739,0.431733
XGBoost,val,77.517658_12.764475,2023-08-01,0.6055458,0.6110024
XGBoost,val,77.517658_12.77795,2023-08-01,0.5754461,0.5969359
XGBoost,val,77.517658_12.782442,2023-08-01,0.5803882,0.6061846
XGBoost,val,77.517658_12.795916,2023-08-01,0.5504695,0.59389883
XGBoost,val,77.517658_12.827358,2023-08-01,0.52281106,0.57109
XGBoost,val,77.517658_12.849815,2023-08-01,0.4934579,0.5355349
XGBoost,val,77.517658_13.11931,2023-08-01,0.3727002,0.42648858
XGBoost,val,77.522149_12.751001,2023-08-01,0.6719515,0.69660544
XGBoost,val,77.522149_12.755492,2023-08-01,0.6350501,0.65480816
XGBoost,val,77.522149_12.759984,2023-08-01,0.66026366,0.6893943
XGBoost,val,77.522149_12.782442,2023-08-01,0.6117539,0.6336338
XGBoost,val,77.522149_12.809391,2023-08-01,0.7745795,0.7917903
XGBoost,val,77.522149_12.813883,2023-08-01,0.4805011,0.521787
XGBoost,val,77.522149_12.818374,2023-08-01,0.45327255,0.49498802
XGBoost,val,77.522149_12.836341,2023-08-01,0.52781206,0.56966543
XGBoost,val,77.522149_12.845324,2023-08-01,0.54229635,0.56293625
XGBoost,val,77.522149_13.056428,2023-08-01,0.65120584,0.6642099
XGBoost,val,77.522149_13.078886,2023-08-01,0.59094596,0.62127423
XGBoost,val,77.522149_13.146259,2023-08-01,0.34314892,0.4004878
XGBoost,val,77.526641_12.751001,2023-08-01,0.650957,0.6792891
XGBoost,val,77.526641_12.840832,2023-08-01,0.5909079,0.63101494
XGBoost,val,77.526641_13.078886,2023-08-01,0.59135973,0.6089112
XGBoost,val,77.526641_13.105835,2023-08-01,0.41756323,0.4588663
XGBoost,val,77.526641_13.110327,2023-08-01,0.38746446,0.43886587
XGBoost,val,77.531133_12.791425,2023-08-01,0.5370453,0.5689253
XGBoost,val,77.531133_12.795916,2023-08-01,0.5685643,0.6029378
XGBoost,val,77.531133_12.800408,2023-08-01,0.5563185,0.58771867
XGBoost,val,77.531133_12.822866,2023-08-01,0.5214089,0.55159134
XGBoost,val,77.531133_12.827358,2023-08-01,0.5309928,0.5801772
XGBoost,val,77.531133_13.083377,2023-08-01,0.56018484,0.5992077
XGBoost,val,77.531133_13.114818,2023-08-01,0.40253058,0.4385867
XGBoost,val,77.535624_12.77795,2023-08-01,0.74191105,0.76731753
XGBoost,val,77.535624_12.822866,2023-08-01,0.65128255,0.677902
XGBoost,val,77.535624_12.872273,2023-08-01,0.4076403,0.45528525
XGBoost,val,77.535624_13.069903,2023-08-01,0.6998652,0.7357875
XGBoost,val,77.535624_13.083377,2023-08-01,0.541569,0.58779573
XGBoost,val,77.535624_13.096852,2023-08-01,0.43977717,0.48578545
XGBoost,val,77.535624_13.114818,2023-08-01,0.44315094,0.48419493
XGBoost,val,77.535624_13.132785,2023-08-01,0.46296751,0.4915941
XGBoost,val,77.535624_13.137276,2023-08-01,0.38490617,0.43203643
XGBoost,val,77.540116_12.77795,2023-08-01,0.5713084,0.60246253
XGBoost,val,77.540116_12.795916,2023-08-01,0.6074726,0.6329468
XGBoost,val,77.540116_13.042953,2023-08-01,0.55454135,0.5979948
XGBoost,val,77.540116_13.074394,2023-08-01,0.6013842,0.6226838
XGBoost,val,77.540116_13.092361,2023-08-01,0.40895313,0.44923946
XGBoost,val,77.540116_13.101344,2023-08-01,0.41126946,0.44472572
XGBoost,val,77.540116_13.105835,2023-08-01,0.43337587,0.46142867
XGBoost,val,77.540116_13.114818,2023-08-01,0.42621523,0.45626694
XGBoost,val,77.540116_13.132785,2023-08-01,0.4342278,0.48370123
XGBoost,val,77.540116_13.155243,2023-08-01,0.48591593,0.5346556
XGBoost,val,77.544607_13.218125,2023-08-01,0.46042347,0.4959199
XGBoost,val,77.549099_12.822866,2023-08-01,0.7343645,0.7664672
XGBoost,val,77.549099_12.831849,2023-08-01,0.6201688,0.65659374
XGBoost,val,77.549099_12.836341,2023-08-01,0.61081743,0.6355357
XGBoost,val,77.549099_12.876765,2023-08-01,0.4897474,0.5383882
XGBoost,val,77.549099_13.096852,2023-08-01,0.48996854,0.53695476
XGBoost,val,77.549099_13.132785,2023-08-01,0.6342326,0.662097
XGBoost,val,77.55359_12.71956,2023-08-01,0.7490659,0.7730828
XGBoost,val,77.55359_12.782442,2023-08-01,0.6845054,0.7104265
XGBoost,val,77.55359_13.069903,2023-08-01,0.71457034,0.7459713
XGBoost,val,77.55359_13.101344,2023-08-01,0.40835592,0.45209932
XGBoost,val,77.55359_13.110327,2023-08-01,0.478023,0.5227673
XGBoost,val,77.55359_13.128293,2023-08-01,0.6060548,0.6334983
XGBoost,val,77.55359_13.168717,2023-08-01,0.49005988,0.51797473
XGBoost,val,77.55359_13.173209,2023-08-01,0.41387603,0.4418279
XGBoost,val,77.558082_12.710577,2023-08-01,0.75923574,0.77491146
XGBoost,val,77.558082_12.827358,2023-08-01,0.6786394,0.7240333
XGBoost,val,77.558082_12.845324,2023-08-01,0.65815896,0.69643337
XGBoost,val,77.558082_13.042953,2023-08-01,0.64640164,0.67652595
XGBoost,val,77.558082_13.051936,2023-08-01,0.6963596,0.7358776
XGBoost,val,77.558082_13.110327,2023-08-01,0.49026138,0.5390152
XGBoost,val,77.558082_13.168717,2023-08-01,0.48712042,0.522644
XGBoost,val,77.558082_13.1777,2023-08-01,0.45782402,0.47597435
XGBoost,val,77.562574_12.71956,2023-08-01,0.76307994,0.7721959
XGBoost,val,77.562574_12.827358,2023-08-01,0.68511003,0.7264891
XGBoost,val,77.562574_12.858799,2023-08-01,0.42185912,0.46422294
XGBoost,val,77.562574_13.141768,2023-08-01,0.43195477,0.45791754
XGBoost,val,77.562574_13.159734,2023-08-01,0.47706285,0.52012765
XGBoost,val,77.562574_13.173209,2023-08-01,0.47855937,0.5170302
XGBoost,val,77.567065_12.724051,2023-08-01,0.7402916,0.75402886
XGBoost,val,77.567065_12.849815,2023-08-01,0.64797276,0.6895631
XGBoost,val,77.567065_13.105835,2023-08-01,0.5650285,0.60470396
XGBoost,val,77.567065_13.114818,2023-08-01,0.6461107,0.6739531
XGBoost,val,77.567065_13.182192,2023-08-01,0.4892503,0.5372247
XGBoost,val,77.571557_12.71956,2023-08-01,0.74161416,0.7673627
XGBoost,val,77.571557_12.800408,2023-08-01,0.67110264,0.6981688
XGBoost,val,77.571557_12.849815,2023-08-01,0.66098636,0.69922924
XGBoost,val,77.571557_13.141768,2023-08-01,0.44068143,0.4773213
XGBoost,val,77.571557_13.146259,2023-08-01,0.45598763,0.4895843
XGBoost,val,77.576048_12.71956,2023-08-01,0.7243686,0.75367427
XGBoost,val,77.576048_12.728543,2023-08-01,0.75061125,0.76662856
XGBoost,val,77.576048_12.827358,2023-08-01,0.617833,0.64534456
XGBoost,val,77.58054_12.800408,2023-08-01,0.7058064,0.73510116
XGBoost,val,77.58054_12.845324,2023-08-01,0.6764125,0.7190193
XGBoost,val,77.58054_13.083377,2023-08-01,0.5101775,0.5492511
XGBoost,val,77.58054_13.087869,2023-08-01,0.4718644,0.5124187
XGBoost,val,77.585031_12.849815,2023-08-01,0.6828836,0.6981406
XGBoost,val,77.585031_13.042953,2023-08-01,0.69108284,0.7247795
XGBoost,val,77.585031_13.137276,2023-08-01,0.46647674,0.49698988
XGBoost,val,77.589523_12.71956,2023-08-01,0.8123385,0.8182604
XGBoost,val,77.589523_12.746509,2023-08-01,0.7146197,0.72714806
XGBoost,val,77.589523_12.971088,2023-08-01,0.7602962,0.774215
XGBoost,val,77.589523_13.083377,2023-08-01,0.5852513,0.614067
XGBoost,val,77.589523_13.150751,2023-08-01,0.4571564,0.48903728
XGBoost,val,77.594015_12.724051,2023-08-01,0.8258819,0.8170275
XGBoost,val,77.594015_12.733034,2023-08-01,0.79428035,0.803406
XGBoost,val,77.594015_12.831849,2023-08-01,0.58536977,0.6096209
XGBoost,val,77.594015_12.836341,2023-08-01,0.61615646,0.65128845
XGBoost,val,77.594015_12.840832,2023-08-01,0.6288712,0.65379584
XGBoost,val,77.594015_12.849815,2023-08-01,0.6180476,0.64317095
XGBoost,val,77.594015_12.998037,2023-08-01,0.7231742,0.76470345
XGBoost,val,77.594015_13.087869,2023-08-01,0.59088844,0.62284714
XGBoost,val,77.598506_12.665661,2023-08-01,0.7690168,0.7755699
XGBoost,val,77.598506_12.710577,2023-08-01,0.679177,0.6927633
XGBoost,val,77.598506_12.822866,2023-08-01,0.61319494,0.6303802
XGBoost,val,77.598506_12.849815,2023-08-01,0.69845366,0.74142605
XGBoost,val,77.598506_13.083377,2023-08-01,0.5790623,0.60417
XGBoost,val,77.602998_12.710577,2023-08-01,0.70206386,0.725976
XGBoost,val,77.602998_12.827358,2023-08-01,0.4901008,0.5232264
XGBoost,val,77.602998_13.114818,2023-08-01,0.5675336,0.5943441
XGBoost,val,77.602998_13.11931,2023-08-01,0.56950057,0.60617334
XGBoost,val,77.602998_13.164226,2023-08-01,0.46304986,0.502528
XGBoost,val,77.607489_12.768967,2023-08-01,0.61163306,0.6444119
XGBoost,val,77.607489_12.773459,2023-08-01,0.5888619,0.6098797
XGBoost,val,77.607489_12.791425,2023-08-01,0.5298744,0.57347333
XGBoost,val,77.607489_12.809391,2023-08-01,0.64562213,0.6713141
XGBoost,val,77.607489_12.818374,2023-08-01,0.6827088,0.7229883
XGBoost,val,77.607489_13.087869,2023-08-01,0.72689724,0.75990057
XGBoost,val,77.611981_12.674644,2023-08-01,0.78616846,0.8032825
XGBoost,val,77.611981_12.768967,2023-08-01,0.5620232,0.59543484
XGBoost,val,77.611981_12.831849,2023-08-01,0.55700177,0.5671988
XGBoost,val,77.611981_12.953122,2023-08-01,0.717679,0.76224834
XGBoost,val,77.611981_13.105835,2023-08-01,0.53160167,0.5662581
XGBoost,val,77.611981_13.168717,2023-08-01,0.40604243,0.44726923
XGBoost,val,77.611981_13.182192,2023-08-01,0.3568625,0.4035036
XGBoost,val,77.616473_12.831849,2023-08-01,0.61907035,0.6466125
XGBoost,val,77.616473_13.114818,2023-08-01,0.5538068,0.59761447
XGBoost,val,77.616473_13.1777,2023-08-01,0.37093782,0.41517457
XGBoost,val,77.620964_12.674644,2023-08-01,0.79658306,0.8152085
XGBoost,val,77.620964_12.795916,2023-08-01,0.43163955,0.4676662
XGBoost,val,77.620964_12.813883,2023-08-01,0.44020832,0.48322308
XGBoost,val,77.625456_12.782442,2023-08-01,0.51458937,0.5495586
XGBoost,val,77.625456_13.065411,2023-08-01,0.39609605,0.43931168
XGBoost,val,77.625456_13.155243,2023-08-01,0.6358319,0.6586992
XGBoost,val,77.625456_13.182192,2023-08-01,0.43448028,0.47505665
XGBoost,val,77.629947_12.795916,2023-08-01,0.75844693,0.7840164
XGBoost,val,77.629947_12.809391,2023-08-01,0.45789856,0.4999755
XGBoost,val,77.629947_13.06092,2023-08-01,0.4146871,0.45420238
XGBoost,val,77.629947_13.087869,2023-08-01,0.42783892,0.4742181
XGBoost,val,77.629947_13.1777,2023-08-01,0.447205,0.48928666
XGBoost,val,77.634439_12.679136,2023-08-01,0.7692249,0.78126943
XGBoost,val,77.634439_12.701593,2023-08-01,0.7188831,0.7611345
XGBoost,val,77.634439_12.733034,2023-08-01,0.47826785,0.5176261
XGBoost,val,77.634439_12.746509,2023-08-01,0.51708853,0.5452563
XGBoost,val,77.634439_12.751001,2023-08-01,0.5190347,0.55785215
XGBoost,val,77.634439_13.083377,2023-08-01,0.3981177,0.4512707
XGBoost,val,77.63893_12.688119,2023-08-01,0.67867947,0.71111053
XGBoost,val,77.63893_12.742018,2023-08-01,0.53608376,0.57051027
XGBoost,val,77.63893_12.791425,2023-08-01,0.5224119,0.5664569
XGBoost,val,77.63893_12.800408,2023-08-01,0.46935973,0.50081867
XGBoost,val,77.63893_12.818374,2023-08-01,0.4636925,0.5001764
XGBoost,val,77.63893_12.840832,2023-08-01,0.61388654,0.65273225
XGBoost,val,77.63893_12.989054,2023-08-01,0.63874644,0.6828872
XGBoost,val,77.63893_13.078886,2023-08-01,0.4324116,0.4688376
XGBoost,val,77.63893_13.083377,2023-08-01,0.39769801,0.44350442
XGBoost,val,77.63893_13.1777,2023-08-01,0.43475613,0.476193
XGBoost,val,77.643422_12.795916,2023-08-01,0.47794515,0.51276714
XGBoost,val,77.643422_12.800408,2023-08-01,0.48116693,0.5168343
XGBoost,val,77.643422_12.809391,2023-08-01,0.49470145,0.53172076
XGBoost,val,77.643422_13.164226,2023-08-01,0.56955314,0.6034721
XGBoost,val,77.647914_12.688119,2023-08-01,0.7035855,0.7454098
XGBoost,val,77.647914_12.733034,2023-08-01,0.53696936,0.5728479
XGBoost,val,77.647914_13.168717,2023-08-01,0.7122859,0.75916547
XGBoost,val,77.652405_12.697102,2023-08-01,0.66960543,0.7028217
XGBoost,val,77.652405_12.773459,2023-08-01,0.4618316,0.5032994
XGBoost,val,77.652405_12.795916,2023-08-01,0.42050055,0.45946535
XGBoost,val,77.652405_12.8049,2023-08-01,0.51410306,0.56085455
XGBoost,val,77.656897_12.742018,2023-08-01,0.52640384,0.562498
XGBoost,val,77.656897_12.746509,2023-08-01,0.5171795,0.55808324
XGBoost,val,77.656897_12.768967,2023-08-01,0.51437426,0.5513693
XGBoost,val,77.656897_12.791425,2023-08-01,0.43474907,0.48288712
XGBoost,val,77.656897_12.800408,2023-08-01,0.54091763,0.57012063
XGBoost,val,77.656897_12.849815,2023-08-01,0.41949007,0.4653877
XGBoost,val,77.656897_13.101344,2023-08-01,0.4626897,0.49894074
XGBoost,val,77.656897_13.164226,2023-08-01,0.4492219,0.4904678
XGBoost,val,77.656897_13.173209,2023-08-01,0.4115852,0.43190387
XGBoost,val,77.661388_12.737526,2023-08-01,0.55204296,0.58721906
XGBoost,val,77.661388_12.759984,2023-08-01,0.5457179,0.5856662
XGBoost,val,77.661388_13.074394,2023-08-01,0.51425475,0.56600904
XGBoost,val,77.661388_13.087869,2023-08-01,0.42893893,0.4714607
XGBoost,val,77.661388_13.101344,2023-08-01,0.43461233,0.48851204
XGBoost,val,77.661388_13.110327,2023-08-01,0.507308,0.5501499
XGBoost,val,77.661388_13.11931,2023-08-01,0.5814491,0.6093095
XGBoost,val,77.66588_12.679136,2023-08-01,0.64225864,0.6670986
XGBoost,val,77.66588_12.697102,2023-08-01,0.6130993,0.6495413
XGBoost,val,77.66588_12.715068,2023-08-01,0.6349993,0.6550047
XGBoost,val,77.66588_12.724051,2023-08-01,0.6052492,0.62849426
XGBoost,val,77.66588_12.751001,2023-08-01,0.5001024,0.53177726
XGBoost,val,77.66588_12.755492,2023-08-01,0.5571065,0.5907891
XGBoost,val,77.66588_12.764475,2023-08-01,0.5368113,0.5731848
XGBoost,val,77.66588_12.768967,2023-08-01,0.6866462,0.7328094
XGBoost,val,77.66588_12.791425,2023-08-01,0.5950076,0.6122105
XGBoost,val,77.66588_12.953122,2023-08-01,0.54521084,0.5878429
XGBoost,val,77.670371_12.71956,2023-08-01,0.6378896,0.67549926
XGBoost,val,77.670371_12.894731,2023-08-01,0.40443426,0.44933838
XGBoost,val,77.670371_13.069903,2023-08-01,0.39494735,0.44826448
XGBoost,val,77.670371_13.083377,2023-08-01,0.37080818,0.4206852
XGBoost,val,77.670371_13.092361,2023-08-01,0.37958458,0.42978474
XGBoost,val,77.670371_13.128293,2023-08-01,0.49521825,0.5403216
XGBoost,val,77.674863_12.674644,2023-08-01,0.69941235,0.73064107
XGBoost,val,77.674863_12.71956,2023-08-01,0.6413477,0.67700136
XGBoost,val,77.674863_12.755492,2023-08-01,0.49593586,0.52555156
XGBoost,val,77.674863_12.764475,2023-08-01,0.49503878,0.5314061
XGBoost,val,77.674863_12.786933,2023-08-01,0.49508318,0.5463069
XGBoost,val,77.674863_12.836341,2023-08-01,0.5185679,0.55255795
XGBoost,val,77.674863_13.069903,2023-08-01,0.36069226,0.41928947
XGBoost,val,77.674863_13.092361,2023-08-01,0.42586392,0.4731561
XGBoost,val,77.674863_13.105835,2023-08-01,0.47525492,0.52999663
XGBoost,val,77.679355_12.697102,2023-08-01,0.49940115,0.5378563
XGBoost,val,77.679355_12.746509,2023-08-01,0.67689586,0.70320255
XGBoost,val,77.679355_12.89024,2023-08-01,0.4926934,0.5356631
XGBoost,val,77.679355_12.899223,2023-08-01,0.39402556,0.44272915
XGBoost,val,77.679355_13.074394,2023-08-01,0.4159791,0.46059212
XGBoost,val,77.679355_13.101344,2023-08-01,0.4549844,0.48508108
XGBoost,val,77.679355_13.141768,2023-08-01,0.49960634,0.5412418
XGBoost,val,77.679355_13.155243,2023-08-01,0.39950696,0.44222775
XGBoost,val,77.683846_12.728543,2023-08-01,0.5406936,0.5742582
XGBoost,val,77.683846_12.742018,2023-08-01,0.49239817,0.5245419
XGBoost,val,77.683846_12.755492,2023-08-01,0.6985604,0.73437345
XGBoost,val,77.683846_12.795916,2023-08-01,0.5008647,0.5306589
XGBoost,val,77.683846_12.8049,2023-08-01,0.47797328,0.5165651
XGBoost,val,77.683846_12.836341,2023-08-01,0.5905467,0.6091166
XGBoost,val,77.683846_12.840832,2023-08-01,0.58794004,0.6182574
XGBoost,val,77.683846_12.894731,2023-08-01,0.49187815,0.53636765
XGBoost,val,77.683846_12.917189,2023-08-01,0.3914518,0.45426324
XGBoost,val,77.683846_12.939647,2023-08-01,0.6872398,0.728633
XGBoost,val,77.683846_13.06092,2023-08-01,0.44561166,0.4756283
XGBoost,val,77.683846_13.074394,2023-08-01,0.37746602,0.42942816
XGBoost,val,77.683846_13.11931,2023-08-01,0.3644419,0.40966257
XGBoost,val,77.683846_13.123802,2023-08-01,0.4272226,0.4727649
XGBoost,val,77.688338_12.656678,2023-08-01,0.69910216,0.7221614
XGBoost,val,77.688338_12.69261,2023-08-01,0.77841675,0.8080411
XGBoost,val,77.688338_12.697102,2023-08-01,0.7907621,0.8107283
XGBoost,val,77.688338_12.710577,2023-08-01,0.7953129,0.81255656
XGBoost,val,77.688338_12.751001,2023-08-01,0.570144,0.6049359
XGBoost,val,77.688338_12.755492,2023-08-01,0.5262857,0.57149625
XGBoost,val,77.688338_12.885748,2023-08-01,0.4885907,0.5185032
XGBoost,val,77.688338_12.966596,2023-08-01,0.55062354,0.6012657
XGBoost,val,77.692829_12.746509,2023-08-01,0.44846594,0.4840688
XGBoost,val,77.692829_12.800408,2023-08-01,0.4431097,0.4848263
XGBoost,val,77.692829_12.845324,2023-08-01,0.6288411,0.6546929
XGBoost,val,77.692829_12.885748,2023-08-01,0.52679896,0.56753385
XGBoost,val,77.692829_12.899223,2023-08-01,0.438474,0.48582348
XGBoost,val,77.692829_13.06092,2023-08-01,0.57611674,0.6012994
XGBoost,val,77.692829_13.065411,2023-08-01,0.54890186,0.5733577
XGBoost,val,77.692829_13.083377,2023-08-01,0.3816027,0.4328704
XGBoost,val,77.692829_13.096852,2023-08-01,0.39555138,0.43349117
XGBoost,val,77.692829_13.132785,2023-08-01,0.38203606,0.43115255
XGBoost,val,77.692829_13.155243,2023-08-01,0.38353413,0.42906293
XGBoost,val,77.697321_12.697102,2023-08-01,0.788589,0.8034756
XGBoost,val,77.697321_12.751001,2023-08-01,0.51718533,0.5470197
XGBoost,val,77.697321_12.773459,2023-08-01,0.45893997,0.489324
XGBoost,val,77.697321_12.791425,2023-08-01,0.5578145,0.5807335
XGBoost,val,77.697321_12.885748,2023-08-01,0.5279455,0.57037216
XGBoost,val,77.697321_12.894731,2023-08-01,0.47676596,0.5062636
XGBoost,val,77.697321_12.966596,2023-08-01,0.52293974,0.57070345
XGBoost,val,77.697321_13.132785,2023-08-01,0.3901277,0.4315908
XGBoost,val,77.697321_13.150751,2023-08-01,0.43819666,0.46708912
XGBoost,val,77.701812_12.742018,2023-08-01,0.48089656,0.5104232
XGBoost,val,77.701812_12.77795,2023-08-01,0.45853427,0.49380824
XGBoost,val,77.701812_12.8049,2023-08-01,0.5388269,0.5741839
XGBoost,val,77.701812_12.822866,2023-08-01,0.5146659,0.5507479
XGBoost,val,77.701812_12.984563,2023-08-01,0.45870805,0.49544454
XGBoost,val,77.701812_13.114818,2023-08-01,0.49014252,0.517444
XGBoost,val,77.706304_12.746509,2023-08-01,0.48478255,0.5164765
XGBoost,val,77.706304_12.751001,2023-08-01,0.50259274,0.53633225
XGBoost,val,77.706304_12.759984,2023-08-01,0.4083198,0.4420989
XGBoost,val,77.706304_12.764475,2023-08-01,0.48189387,0.5086773
XGBoost,val,77.706304_12.86329,2023-08-01,0.37862056,0.4072363
XGBoost,val,77.706304_12.984563,2023-08-01,0.46171018,0.49684498
XGBoost,val,77.706304_13.137276,2023-08-01,0.74220556,0.76894116
XGBoost,val,77.710796_12.715068,2023-08-01,0.5991292,0.63854915
XGBoost,val,77.710796_12.894731,2023-08-01,0.5615754,0.60001045
XGBoost,val,77.710796_12.899223,2023-08-01,0.49234998,0.52302825
XGBoost,val,77.710796_13.03397,2023-08-01,0.42153302,0.47222677
XGBoost,val,77.710796_13.11931,2023-08-01,0.42329353,0.46659276
XGBoost,val,77.710796_13.123802,2023-08-01,0.39430317,0.43154997
XGBoost,val,77.710796_13.132785,2023-08-01,0.45077598,0.4912645
XGBoost,val,77.710796_13.150751,2023-08-01,0.38030776,0.42919222
XGBoost,val,77.715287_12.679136,2023-08-01,0.67767084,0.7211534
XGBoost,val,77.715287_12.742018,2023-08-01,0.4761301,0.5033633
XGBoost,val,77.715287_12.773459,2023-08-01,0.45089817,0.4838663
XGBoost,val,77.715287_12.822866,2023-08-01,0.5043258,0.5256743
XGBoost,val,77.715287_12.827358,2023-08-01,0.4460318,0.4852867
XGBoost,val,77.715287_12.845324,2023-08-01,0.37967005,0.4344909
XGBoost,val,77.715287_12.885748,2023-08-01,0.5376387,0.57190144
XGBoost,val,77.715287_12.899223,2023-08-01,0.3944068,0.44132668
XGBoost,val,77.715287_12.944139,2023-08-01,0.7224811,0.7554143
XGBoost,val,77.715287_12.94863,2023-08-01,0.5797549,0.6144673
XGBoost,val,77.715287_13.016004,2023-08-01,0.5048118,0.5546949
XGBoost,val,77.715287_13.029478,2023-08-01,0.35715646,0.40688083
XGBoost,val,77.715287_13.038462,2023-08-01,0.49837297,0.54894197
XGBoost,val,77.715287_13.096852,2023-08-01,0.3368558,0.38018772
XGBoost,val,77.715287_13.114818,2023-08-01,0.5007597,0.5432621
XGBoost,val,77.715287_13.128293,2023-08-01,0.45805082,0.49318194
XGBoost,val,77.719779_12.706085,2023-08-01,0.6177047,0.6514776
XGBoost,val,77.719779_12.746509,2023-08-01,0.6795866,0.71750605
XGBoost,val,77.719779_12.795916,2023-08-01,0.47149187,0.5021513
XGBoost,val,77.719779_12.840832,2023-08-01,0.5020191,0.5571612
XGBoost,val,77.719779_12.903714,2023-08-01,0.40818876,0.452587
XGBoost,val,77.719779_13.069903,2023-08-01,0.3885271,0.4437731
XGBoost,val,77.719779_13.105835,2023-08-01,0.42100015,0.4688285
XGBoost,val,77.719779_13.123802,2023-08-01,0.4111272,0.44661862
XGBoost,val,77.719779_13.137276,2023-08-01,0.42599875,0.46593794
XGBoost,val,77.72427_12.674644,2023-08-01,0.5293505,0.56955916
XGBoost,val,77.72427_12.697102,2023-08-01,0.4729913,0.5115282
XGBoost,val,77.72427_12.701593,2023-08-01,0.50883615,0.560345
XGBoost,val,77.72427_12.724051,2023-08-01,0.51710254,0.5588179
XGBoost,val,77.72427_12.786933,2023-08-01,0.4737075,0.5031737
XGBoost,val,77.72427_12.791425,2023-08-01,0.4799503,0.5145811
XGBoost,val,77.72427_12.840832,2023-08-01,0.47279617,0.5197438
XGBoost,val,77.72427_12.867782,2023-08-01,0.41622508,0.4653319
XGBoost,val,77.72427_12.885748,2023-08-01,0.46357366,0.49382532
XGBoost,val,77.72427_13.024987,2023-08-01,0.772555,0.79509735
XGBoost,val,77.72427_13.06092,2023-08-01,0.40333012,0.446408
XGBoost,val,77.72427_13.074394,2023-08-01,0.4251623,0.47338519
XGBoost,val,77.728762_12.706085,2023-08-01,0.6168256,0.6495802
XGBoost,val,77.728762_12.724051,2023-08-01,0.62807274,0.653747
XGBoost,val,77.728762_12.759984,2023-08-01,0.48613733,0.51862913
XGBoost,val,77.728762_12.782442,2023-08-01,0.52932155,0.5606644
XGBoost,val,77.728762_12.809391,2023-08-01,0.49173445,0.511313
XGBoost,val,77.728762_12.858799,2023-08-01,0.5223573,0.5691137
XGBoost,val,77.728762_12.876765,2023-08-01,0.53536564,0.57285887
XGBoost,val,77.728762_12.885748,2023-08-01,0.45666403,0.49287063
XGBoost,val,77.728762_13.016004,2023-08-01,0.76446456,0.79364055
XGBoost,val,77.728762_13.047445,2023-08-01,0.46415797,0.5029283
XGBoost,val,77.728762_13.087869,2023-08-01,0.4692497,0.5092287
XGBoost,val,77.728762_13.092361,2023-08-01,0.44104373,0.47712445
XGBoost,val,77.733253_12.755492,2023-08-01,0.43147922,0.4688293
XGBoost,val,77.733253_12.795916,2023-08-01,0.46571305,0.5014454
XGBoost,val,77.733253_12.86329,2023-08-01,0.54084414,0.58855325
XGBoost,val,77.733253_12.872273,2023-08-01,0.54237866,0.57630104
XGBoost,val,77.733253_13.056428,2023-08-01,0.36278006,0.4156508
XGBoost,val,77.737745_12.764475,2023-08-01,0.42546463,0.46666017
XGBoost,val,77.737745_12.791425,2023-08-01,0.4618526,0.5036175
XGBoost,val,77.737745_12.809391,2023-08-01,0.45038328,0.4817127
XGBoost,val,77.737745_12.858799,2023-08-01,0.47111416,0.5067519
XGBoost,val,77.737745_12.872273,2023-08-01,0.52344507,0.56598854
XGBoost,val,77.737745_12.881256,2023-08-01,0.54998916,0.59304243
XGBoost,val,77.737745_13.051936,2023-08-01,0.36929655,0.4201921
XGBoost,val,77.737745_13.06092,2023-08-01,0.41230252,0.4594501
XGBoost,val,77.737745_13.101344,2023-08-01,0.37451208,0.4233604
XGBoost,val,77.742237_12.697102,2023-08-01,0.6412635,0.6693413
XGBoost,val,77.742237_12.764475,2023-08-01,0.44515565,0.483362
XGBoost,val,77.742237_12.795916,2023-08-01,0.45640427,0.48010057
XGBoost,val,77.742237_12.8049,2023-08-01,0.47815755,0.5200799
XGBoost,val,77.742237_12.86329,2023-08-01,0.40092766,0.4416857
XGBoost,val,77.742237_12.867782,2023-08-01,0.53613055,0.5724699
XGBoost,val,77.742237_12.89024,2023-08-01,0.5490832,0.5874388
XGBoost,val,77.742237_12.899223,2023-08-01,0.52814543,0.5735108
XGBoost,val,77.742237_12.921681,2023-08-01,0.4650572,0.4773002
XGBoost,val,77.742237_12.980071,2023-08-01,0.5075064,0.54980946
XGBoost,val,77.742237_13.002529,2023-08-01,0.5364121,0.5749969
XGBoost,val,77.742237_13.016004,2023-08-01,0.51961774,0.56124204
XGBoost,val,77.742237_13.038462,2023-08-01,0.3882667,0.43176457
XGBoost,val,77.742237_13.074394,2023-08-01,0.35918987,0.40340695
XGBoost,val,77.742237_13.101344,2023-08-01,0.405604,0.4432586
XGBoost,val,77.746728_12.751001,2023-08-01,0.48155314,0.5183744
XGBoost,val,77.746728_12.764475,2023-08-01,0.47263774,0.4987239
XGBoost,val,77.746728_12.782442,2023-08-01,0.52828836,0.566364
XGBoost,val,77.746728_12.97558,2023-08-01,0.53923136,0.5583539
XGBoost,val,77.746728_12.984563,2023-08-01,0.5137183,0.55920917
XGBoost,val,77.746728_13.016004,2023-08-01,0.5527669,0.59241235
XGBoost,val,77.746728_13.020495,2023-08-01,0.58364755,0.626582
XGBoost,val,77.746728_13.024987,2023-08-01,0.4766448,0.51345104
XGBoost,val,77.746728_13.038462,2023-08-01,0.39948013,0.4418397
XGBoost,val,77.746728_13.06092,2023-08-01,0.33913505,0.38885015
XGBoost,val,77.75122_12.751001,2023-08-01,0.47795424,0.50826585
XGBoost,val,77.75122_12.755492,2023-08-01,0.5310668,0.5767668
XGBoost,val,77.75122_12.768967,2023-08-01,0.43538693,0.46297485
XGBoost,val,77.75122_12.77795,2023-08-01,0.4885158,0.51220345
XGBoost,val,77.75122_12.894731,2023-08-01,0.45509204,0.4992262
XGBoost,val,77.75122_12.993546,2023-08-01,0.43752638,0.4768794
XGBoost,val,77.75122_13.020495,2023-08-01,0.5014799,0.5485761
XGBoost,val,77.75122_13.03397,2023-08-01,0.43581465,0.47396925
XGBoost,val,77.75122_13.038462,2023-08-01,0.36011586,0.39083704
XGBoost,val,77.755711_12.706085,2023-08-01,0.5556159,0.58048177
XGBoost,val,77.755711_12.764475,2023-08-01,0.7811249,0.80663234
XGBoost,val,77.755711_12.77795,2023-08-01,0.46752393,0.49428356
XGBoost,val,77.755711_12.822866,2023-08-01,0.44645044,0.4882821
XGBoost,val,77.755711_12.831849,2023-08-01,0.4146356,0.46353605
XGBoost,val,77.755711_12.858799,2023-08-01,0.48974985,0.52873886
XGBoost,val,77.755711_12.885748,2023-08-01,0.49003673,0.52828926
XGBoost,val,77.755711_12.899223,2023-08-01,0.40815702,0.4476746
XGBoost,val,77.755711_12.903714,2023-08-01,0.46025357,0.4939723
XGBoost,val,77.755711_12.926172,2023-08-01,0.4820225,0.52529794
XGBoost,val,77.760203_12.751001,2023-08-01,0.4763336,0.5136393
XGBoost,val,77.760203_12.795916,2023-08-01,0.41638547,0.4501459
XGBoost,val,77.760203_12.818374,2023-08-01,0.555293,0.585667
XGBoost,val,77.760203_12.867782,2023-08-01,0.43646687,0.47461295
XGBoost,val,77.760203_12.872273,2023-08-01,0.46036226,0.4970181
XGBoost,val,77.760203_12.876765,2023-08-01,0.4316087,0.46601707
XGBoost,val,77.760203_12.885748,2023-08-01,0.47271088,0.50133884
XGBoost,val,77.760203_12.984563,2023-08-01,0.5101907,0.55855286
XGBoost,val,77.764695_12.742018,2023-08-01,0.65832627,0.68328065
XGBoost,val,77.764695_12.746509,2023-08-01,0.6444362,0.6700663
XGBoost,val,77.764695_12.813883,2023-08-01,0.49372616,0.5278642
XGBoost,val,77.764695_12.849815,2023-08-01,0.46568012,0.5015454
XGBoost,val,77.764695_12.885748,2023-08-01,0.4883825,0.51634467
XGBoost,val,77.764695_12.912697,2023-08-01,0.48457056,0.53269845
XGBoost,val,77.764695_13.03397,2023-08-01,0.3554344,0.3876689
XGBoost,val,77.769186_12.791425,2023-08-01,0.42402723,0.46348017
XGBoost,val,77.769186_12.800408,2023-08-01,0.48850775,0.5308629
XGBoost,val,77.769186_12.8049,2023-08-01,0.5391684,0.5785203
XGBoost,val,77.769186_12.809391,2023-08-01,0.4478647,0.4850187
XGBoost,val,77.769186_12.876765,2023-08-01,0.48465222,0.52458185
XGBoost,val,77.769186_12.894731,2023-08-01,0.46259502,0.5001864
XGBoost,val,77.769186_13.016004,2023-08-01,0.435043,0.47298604
XGBoost,val,77.773678_12.746509,2023-08-01,0.67008424,0.6947933
XGBoost,val,77.773678_12.858799,2023-08-01,0.43730584,0.47566763
XGBoost,val,77.773678_12.885748,2023-08-01,0.47121304,0.4995927
XGBoost,val,77.773678_12.899223,2023-08-01,0.4187382,0.4571534
XGBoost,val,77.773678_12.908206,2023-08-01,0.48207337,0.520889
XGBoost,val,77.778169_12.809391,2023-08-01,0.42550835,0.46654084
XGBoost,val,77.778169_12.885748,2023-08-01,0.4775437,0.5226782
XGBoost,val,77.782661_12.89024,2023-08-01,0.47564283,0.5157928
XGBoost,val,77.787152_12.849815,2023-08-01,0.455009,0.48845768
XGBoost,val,77.787152_12.867782,2023-08-01,0.41347784,0.46149248
XGBoost,val,77.791644_12.899223,2023-08-01,0.4218833,0.4734398
XGBoost,val,77.796136_12.854307,2023-08-01,0.41902575,0.45618987
XGBoost,val,77.796136_12.885748,2023-08-01,0.48643276,0.5297318
XGBoost,val,77.800627_12.876765,2023-08-01,0.4906588,0.52539915
XGBoost,val,77.800627_12.885748,2023-08-01,0.44503015,0.47473305
XGBoost,val,77.805119_12.876765,2023-08-01,0.49711832,0.5446539
XGBoost,val,77.805119_12.89024,2023-08-01,0.45435807,0.50023085
XGBoost,val,77.80961_12.858799,2023-08-01,0.4576131,0.5009372
XGBoost,val,77.80961_12.86329,2023-08-01,0.43367538,0.46592402
XGBoost,val,77.342486_12.944139,2023-09-01,0.71908015,0.74609
XGBoost,val,77.346978_12.86329,2023-09-01,0.58064514,0.6098735
XGBoost,val,77.346978_12.962105,2023-09-01,0.5289523,0.5521858
XGBoost,val,77.355961_12.962105,2023-09-01,0.7696992,0.7842115
XGBoost,val,77.360453_12.867782,2023-09-01,0.4000676,0.43683088
XGBoost,val,77.364944_12.854307,2023-09-01,0.42098,0.47146234
XGBoost,val,77.364944_12.962105,2023-09-01,0.44829285,0.47252044
XGBoost,val,77.369436_12.881256,2023-09-01,0.4561167,0.481439
XGBoost,val,77.369436_12.89024,2023-09-01,0.44714966,0.4626967
XGBoost,val,77.373927_12.971088,2023-09-01,0.46449193,0.48257115
XGBoost,val,77.391894_12.881256,2023-09-01,0.47381654,0.4966567
XGBoost,val,77.396385_12.894731,2023-09-01,0.5140453,0.5359448
XGBoost,val,77.396385_12.944139,2023-09-01,0.48661548,0.5165582
XGBoost,val,77.396385_12.97558,2023-09-01,0.36693957,0.43090323
XGBoost,val,77.396385_13.029478,2023-09-01,0.3735628,0.4155113
XGBoost,val,77.400877_12.966596,2023-09-01,0.3676367,0.40071967
XGBoost,val,77.400877_13.029478,2023-09-01,0.35009122,0.3813633
XGBoost,val,77.405368_12.998037,2023-09-01,0.4232857,0.46255797
XGBoost,val,77.40986_12.872273,2023-09-01,0.3758391,0.40981337
XGBoost,val,77.40986_12.881256,2023-09-01,0.35654077,0.378725
XGBoost,val,77.40986_12.962105,2023-09-01,0.45645168,0.49888924
XGBoost,val,77.414352_12.989054,2023-09-01,0.36702916,0.41645035
XGBoost,val,77.414352_12.993546,2023-09-01,0.38230115,0.44139668
XGBoost,val,77.414352_13.03397,2023-09-01,0.3990462,0.42961156
XGBoost,val,77.414352_13.096852,2023-09-01,0.36097178,0.4126558
XGBoost,val,77.418843_12.971088,2023-09-01,0.39548105,0.43261987
XGBoost,val,77.418843_12.993546,2023-09-01,0.39160794,0.455422
XGBoost,val,77.418843_13.016004,2023-09-01,0.38931593,0.42623028
XGBoost,val,77.423335_13.002529,2023-09-01,0.482228,0.5297874
XGBoost,val,77.423335_13.092361,2023-09-01,0.31157243,0.36185512
XGBoost,val,77.427826_13.110327,2023-09-01,0.40944624,0.44726098
XGBoost,val,77.432318_12.998037,2023-09-01,0.35883498,0.4052704
XGBoost,val,77.432318_13.092361,2023-09-01,0.38726032,0.43279883
XGBoost,val,77.436809_12.854307,2023-09-01,0.38607123,0.4221609
XGBoost,val,77.441301_12.818374,2023-09-01,0.53292835,0.56072366
XGBoost,val,77.441301_12.831849,2023-09-01,0.42093906,0.46342963
XGBoost,val,77.441301_13.083377,2023-09-01,0.44540998,0.4949585
XGBoost,val,77.441301_13.110327,2023-09-01,0.42556772,0.45701912
XGBoost,val,77.445793_12.840832,2023-09-01,0.5103957,0.54788125
XGBoost,val,77.445793_12.86329,2023-09-01,0.57210326,0.57886434
XGBoost,val,77.445793_12.867782,2023-09-01,0.5513162,0.5782044
XGBoost,val,77.450284_12.872273,2023-09-01,0.52154917,0.55355114
XGBoost,val,77.450284_12.971088,2023-09-01,0.43805438,0.48247775
XGBoost,val,77.450284_12.993546,2023-09-01,0.3336866,0.37344804
XGBoost,val,77.450284_13.029478,2023-09-01,0.42489666,0.46772316
XGBoost,val,77.454776_12.993546,2023-09-01,0.3811179,0.41966397
XGBoost,val,77.454776_13.087869,2023-09-01,0.38350424,0.43374982
XGBoost,val,77.459267_12.822866,2023-09-01,0.481383,0.51707757
XGBoost,val,77.459267_12.872273,2023-09-01,0.48749173,0.5171472
XGBoost,val,77.459267_12.903714,2023-09-01,0.40603405,0.43562967
XGBoost,val,77.459267_13.016004,2023-09-01,0.36637315,0.42477497
XGBoost,val,77.459267_13.020495,2023-09-01,0.35136455,0.39093676
XGBoost,val,77.463759_12.813883,2023-09-01,0.4606959,0.4884862
XGBoost,val,77.463759_12.86329,2023-09-01,0.54808784,0.56487405
XGBoost,val,77.463759_12.885748,2023-09-01,0.57999754,0.59881485
XGBoost,val,77.463759_12.894731,2023-09-01,0.46619996,0.49478322
XGBoost,val,77.463759_12.899223,2023-09-01,0.49296486,0.5252392
XGBoost,val,77.463759_12.953122,2023-09-01,0.7433912,0.77531976
XGBoost,val,77.46825_12.827358,2023-09-01,0.4123571,0.4399339
XGBoost,val,77.46825_12.894731,2023-09-01,0.4332853,0.45845994
XGBoost,val,77.46825_12.953122,2023-09-01,0.42841184,0.4668259
XGBoost,val,77.46825_12.966596,2023-09-01,0.44256052,0.4837237
XGBoost,val,77.46825_13.007021,2023-09-01,0.36379257,0.39941877
XGBoost,val,77.46825_13.150751,2023-09-01,0.3892605,0.4316736
XGBoost,val,77.477234_12.899223,2023-09-01,0.40811688,0.43914017
XGBoost,val,77.481725_12.831849,2023-09-01,0.4545631,0.48349267
XGBoost,val,77.481725_12.89024,2023-09-01,0.51199126,0.55129606
XGBoost,val,77.481725_12.894731,2023-09-01,0.46523637,0.50349313
XGBoost,val,77.481725_13.096852,2023-09-01,0.5736133,0.5949221
XGBoost,val,77.481725_13.137276,2023-09-01,0.7454429,0.77541006
XGBoost,val,77.486217_13.042953,2023-09-01,0.5036606,0.5507024
XGBoost,val,77.490708_12.89024,2023-09-01,0.47029766,0.4992791
XGBoost,val,77.499692_12.755492,2023-09-01,0.5765712,0.6201982
XGBoost,val,77.499692_13.137276,2023-09-01,0.44353113,0.48671898
XGBoost,val,77.504183_12.818374,2023-09-01,0.51043415,0.5586615
XGBoost,val,77.504183_12.854307,2023-09-01,0.48923215,0.54850686
XGBoost,val,77.504183_12.953122,2023-09-01,0.5348598,0.56662273
XGBoost,val,77.508675_12.751001,2023-09-01,0.6243603,0.6736106
XGBoost,val,77.508675_12.795916,2023-09-01,0.550379,0.587117
XGBoost,val,77.508675_12.831849,2023-09-01,0.5290986,0.5671897
XGBoost,val,77.508675_12.845324,2023-09-01,0.5328842,0.5693166
XGBoost,val,77.508675_12.903714,2023-09-01,0.44298944,0.47624713
XGBoost,val,77.508675_12.912697,2023-09-01,0.48114115,0.5226055
XGBoost,val,77.508675_12.917189,2023-09-01,0.51268876,0.5511708
XGBoost,val,77.508675_13.114818,2023-09-01,0.43249375,0.47255856
XGBoost,val,77.513166_12.77795,2023-09-01,0.62231684,0.6612255
XGBoost,val,77.513166_12.822866,2023-09-01,0.6256329,0.6699702
XGBoost,val,77.513166_12.908206,2023-09-01,0.42795664,0.4607396
XGBoost,val,77.517658_12.77795,2023-09-01,0.5810359,0.6226371
XGBoost,val,77.517658_12.782442,2023-09-01,0.5818496,0.6224165
XGBoost,val,77.517658_12.827358,2023-09-01,0.53367734,0.5717017
XGBoost,val,77.517658_12.849815,2023-09-01,0.50441647,0.54755956
XGBoost,val,77.517658_12.899223,2023-09-01,0.52588964,0.5637315
XGBoost,val,77.517658_13.11931,2023-09-01,0.39152947,0.43220752
XGBoost,val,77.522149_12.813883,2023-09-01,0.49417776,0.54409975
XGBoost,val,77.522149_12.818374,2023-09-01,0.46873116,0.5042064
XGBoost,val,77.522149_12.845324,2023-09-01,0.5392607,0.5703329
XGBoost,val,77.522149_13.056428,2023-09-01,0.6292098,0.6863749
XGBoost,val,77.522149_13.200158,2023-09-01,0.46432683,0.49435887
XGBoost,val,77.526641_12.89024,2023-09-01,0.64078397,0.6826743
XGBoost,val,77.526641_12.899223,2023-09-01,0.58566475,0.60824484
XGBoost,val,77.526641_13.105835,2023-09-01,0.4207622,0.45720628
XGBoost,val,77.526641_13.110327,2023-09-01,0.40419254,0.44399947
XGBoost,val,77.531133_12.795916,2023-09-01,0.57229036,0.6070683
XGBoost,val,77.531133_12.822866,2023-09-01,0.50750744,0.56037354
XGBoost,val,77.531133_12.894731,2023-09-01,0.505818,0.5527449
XGBoost,val,77.531133_13.083377,2023-09-01,0.5726786,0.60283893
XGBoost,val,77.535624_12.872273,2023-09-01,0.42767712,0.46159062
XGBoost,val,77.535624_12.899223,2023-09-01,0.47073323,0.5176045
XGBoost,val,77.535624_13.069903,2023-09-01,0.7075544,0.7455429
XGBoost,val,77.535624_13.083377,2023-09-01,0.5523871,0.58991355
XGBoost,val,77.535624_13.096852,2023-09-01,0.45342168,0.49304157
XGBoost,val,77.535624_13.137276,2023-09-01,0.39181265,0.43937194
XGBoost,val,77.540116_12.795916,2023-09-01,0.59755546,0.6517999
XGBoost,val,77.540116_13.042953,2023-09-01,0.55821204,0.59979534
XGBoost,val,77.540116_13.074394,2023-09-01,0.6095248,0.62454146
XGBoost,val,77.540116_13.092361,2023-09-01,0.41655418,0.45495307
XGBoost,val,77.540116_13.101344,2023-09-01,0.41280147,0.45009592
XGBoost,val,77.540116_13.105835,2023-09-01,0.4407175,0.47761732
XGBoost,val,77.540116_13.114818,2023-09-01,0.4195986,0.46816272
XGBoost,val,77.540116_13.155243,2023-09-01,0.4973158,0.5389694
XGBoost,val,77.540116_13.182192,2023-09-01,0.40144083,0.45005992
XGBoost,val,77.549099_12.831849,2023-09-01,0.6232839,0.6708772
XGBoost,val,77.549099_12.836341,2023-09-01,0.5931117,0.6304998
XGBoost,val,77.549099_12.894731,2023-09-01,0.61666334,0.6552316
XGBoost,val,77.549099_13.132785,2023-09-01,0.6242682,0.67540747
XGBoost,val,77.55359_12.71956,2023-09-01,0.73398346,0.7927822
XGBoost,val,77.55359_13.101344,2023-09-01,0.4167959,0.4604132
XGBoost,val,77.55359_13.110327,2023-09-01,0.49493098,0.5283902
XGBoost,val,77.55359_13.128293,2023-09-01,0.5965275,0.64906204
XGBoost,val,77.558082_12.710577,2023-09-01,0.75209606,0.80609035
XGBoost,val,77.558082_13.042953,2023-09-01,0.63997495,0.6859961
XGBoost,val,77.558082_13.051936,2023-09-01,0.69284153,0.74363893
XGBoost,val,77.558082_13.110327,2023-09-01,0.5124207,0.54970664
XGBoost,val,77.562574_12.827358,2023-09-01,0.69625634,0.73839855
XGBoost,val,77.562574_12.858799,2023-09-01,0.4385501,0.46260595
XGBoost,val,77.562574_12.872273,2023-09-01,0.5809841,0.61192906
XGBoost,val,77.562574_13.141768,2023-09-01,0.44574383,0.47278386
XGBoost,val,77.567065_13.114818,2023-09-01,0.66036546,0.68787235
XGBoost,val,77.576048_12.728543,2023-09-01,0.750082,0.77550685
XGBoost,val,77.576048_12.827358,2023-09-01,0.6233299,0.657623
XGBoost,val,77.58054_12.845324,2023-09-01,0.70022243,0.72269607
XGBoost,val,77.58054_13.083377,2023-09-01,0.4991482,0.55932194
XGBoost,val,77.58054_13.087869,2023-09-01,0.47836542,0.52998394
XGBoost,val,77.585031_12.849815,2023-09-01,0.6852661,0.71215963
XGBoost,val,77.585031_13.042953,2023-09-01,0.68576837,0.73867506
XGBoost,val,77.589523_12.71956,2023-09-01,0.81064713,0.8261562
XGBoost,val,77.589523_12.746509,2023-09-01,0.7009541,0.7467318
XGBoost,val,77.589523_12.854307,2023-09-01,0.60487616,0.63901645
XGBoost,val,77.589523_13.083377,2023-09-01,0.5903867,0.6228789
XGBoost,val,77.594015_12.724051,2023-09-01,0.81905484,0.81830245
XGBoost,val,77.594015_12.831849,2023-09-01,0.5855835,0.61705893
XGBoost,val,77.594015_12.998037,2023-09-01,0.728833,0.78885096
XGBoost,val,77.594015_13.087869,2023-09-01,0.60578626,0.6257893
XGBoost,val,77.598506_12.665661,2023-09-01,0.7631126,0.79810625
XGBoost,val,77.598506_12.710577,2023-09-01,0.6647497,0.7230747
XGBoost,val,77.598506_13.083377,2023-09-01,0.5860706,0.614419
XGBoost,val,77.602998_12.710577,2023-09-01,0.68946975,0.7408314
XGBoost,val,77.602998_12.827358,2023-09-01,0.49562234,0.5380978
XGBoost,val,77.602998_13.114818,2023-09-01,0.56410414,0.6062806
XGBoost,val,77.607489_12.768967,2023-09-01,0.6104943,0.6596768
XGBoost,val,77.607489_12.773459,2023-09-01,0.58339596,0.61670285
XGBoost,val,77.607489_12.791425,2023-09-01,0.5376291,0.5876615
XGBoost,val,77.607489_13.087869,2023-09-01,0.7236999,0.76756644
XGBoost,val,77.611981_12.674644,2023-09-01,0.7910489,0.8121321
XGBoost,val,77.611981_12.831849,2023-09-01,0.540091,0.58093375
XGBoost,val,77.611981_12.953122,2023-09-01,0.7347893,0.76780665
XGBoost,val,77.611981_13.168717,2023-09-01,0.4247942,0.45158327
XGBoost,val,77.620964_12.674644,2023-09-01,0.78737676,0.81855404
XGBoost,val,77.629947_12.795916,2023-09-01,0.7761451,0.80382246
XGBoost,val,77.629947_12.809391,2023-09-01,0.48002076,0.5176824
XGBoost,val,77.629947_12.854307,2023-09-01,0.50096995,0.54285616
XGBoost,val,77.629947_13.087869,2023-09-01,0.4417917,0.4820419
XGBoost,val,77.634439_12.679136,2023-09-01,0.7559315,0.7978486
XGBoost,val,77.634439_12.701593,2023-09-01,0.7227732,0.76691073
XGBoost,val,77.634439_12.733034,2023-09-01,0.4854079,0.53487283
XGBoost,val,77.634439_12.746509,2023-09-01,0.5265244,0.5604475
XGBoost,val,77.634439_12.751001,2023-09-01,0.52436465,0.56464076
XGBoost,val,77.634439_12.849815,2023-09-01,0.5478299,0.5831201
XGBoost,val,77.634439_13.083377,2023-09-01,0.4035907,0.4428951
XGBoost,val,77.63893_12.688119,2023-09-01,0.6849185,0.72497195
XGBoost,val,77.63893_12.742018,2023-09-01,0.5385209,0.58000654
XGBoost,val,77.63893_12.791425,2023-09-01,0.5359839,0.57404524
XGBoost,val,77.63893_12.800408,2023-09-01,0.48327747,0.51874095
XGBoost,val,77.63893_12.818374,2023-09-01,0.47755903,0.5072947
XGBoost,val,77.63893_12.989054,2023-09-01,0.64315444,0.70193076
XGBoost,val,77.63893_13.078886,2023-09-01,0.43279514,0.47234038
XGBoost,val,77.63893_13.083377,2023-09-01,0.4047037,0.44729778
XGBoost,val,77.643422_12.800408,2023-09-01,0.49223125,0.5328291
XGBoost,val,77.643422_12.809391,2023-09-01,0.5092433,0.55107373
XGBoost,val,77.643422_13.164226,2023-09-01,0.58110774,0.6123049
XGBoost,val,77.647914_12.688119,2023-09-01,0.72580093,0.7518335
XGBoost,val,77.647914_12.935155,2023-09-01,0.6642475,0.6954259
XGBoost,val,77.652405_12.697102,2023-09-01,0.68773454,0.72335327
XGBoost,val,77.652405_12.795916,2023-09-01,0.43237796,0.47121125
XGBoost,val,77.656897_12.742018,2023-09-01,0.5428966,0.5619302
XGBoost,val,77.656897_12.746509,2023-09-01,0.523511,0.5619612
XGBoost,val,77.656897_12.831849,2023-09-01,0.57128567,0.59341425
XGBoost,val,77.656897_12.849815,2023-09-01,0.44140005,0.47540057
XGBoost,val,77.656897_13.101344,2023-09-01,0.48073116,0.5031215
XGBoost,val,77.656897_13.164226,2023-09-01,0.4435821,0.48412168
XGBoost,val,77.661388_12.759984,2023-09-01,0.5638616,0.5920285
XGBoost,val,77.661388_13.056428,2023-09-01,0.45614925,0.48904622
XGBoost,val,77.661388_13.074394,2023-09-01,0.52597517,0.5659608
XGBoost,val,77.661388_13.087869,2023-09-01,0.4341877,0.47393364
XGBoost,val,77.661388_13.101344,2023-09-01,0.4518755,0.48491454
XGBoost,val,77.661388_13.110327,2023-09-01,0.5292998,0.5571064
XGBoost,val,77.661388_13.11931,2023-09-01,0.6036933,0.6130462
XGBoost,val,77.66588_12.679136,2023-09-01,0.6406834,0.6762948
XGBoost,val,77.66588_12.697102,2023-09-01,0.6175159,0.6512087
XGBoost,val,77.66588_12.715068,2023-09-01,0.64661294,0.6736141
XGBoost,val,77.66588_12.751001,2023-09-01,0.5007007,0.54947466
XGBoost,val,77.66588_12.755492,2023-09-01,0.5669499,0.59536237
XGBoost,val,77.66588_12.764475,2023-09-01,0.55495065,0.5874887
XGBoost,val,77.66588_12.953122,2023-09-01,0.55974054,0.59164506
XGBoost,val,77.66588_13.038462,2023-09-01,0.4615599,0.49259844
XGBoost,val,77.66588_13.051936,2023-09-01,0.4954711,0.54786754
XGBoost,val,77.670371_13.069903,2023-09-01,0.41335893,0.45299554
XGBoost,val,77.670371_13.083377,2023-09-01,0.3729231,0.42734715
XGBoost,val,77.670371_13.092361,2023-09-01,0.3866056,0.4332832
XGBoost,val,77.670371_13.128293,2023-09-01,0.5063379,0.54852897
XGBoost,val,77.674863_12.71956,2023-09-01,0.66591656,0.6927651
XGBoost,val,77.674863_12.755492,2023-09-01,0.5144048,0.54916656
XGBoost,val,77.674863_12.764475,2023-09-01,0.512635,0.55358356
XGBoost,val,77.674863_12.786933,2023-09-01,0.51575977,0.56071323
XGBoost,val,77.674863_12.836341,2023-09-01,0.5319623,0.56301624
XGBoost,val,77.674863_13.051936,2023-09-01,0.50286406,0.5522583
XGBoost,val,77.674863_13.069903,2023-09-01,0.37895417,0.42227224
XGBoost,val,77.674863_13.092361,2023-09-01,0.43078324,0.4777133
XGBoost,val,77.674863_13.105835,2023-09-01,0.49267328,0.53323966
XGBoost,val,77.679355_12.697102,2023-09-01,0.51463026,0.55561227
XGBoost,val,77.679355_12.746509,2023-09-01,0.682638,0.7075139
XGBoost,val,77.679355_13.056428,2023-09-01,0.4612039,0.49758723
XGBoost,val,77.679355_13.074394,2023-09-01,0.42758462,0.47338834
XGBoost,val,77.679355_13.101344,2023-09-01,0.45393613,0.48101166
XGBoost,val,77.679355_13.141768,2023-09-01,0.5038088,0.5482488
XGBoost,val,77.679355_13.155243,2023-09-01,0.39835244,0.43834743
XGBoost,val,77.679355_13.159734,2023-09-01,0.43618727,0.47474277
XGBoost,val,77.683846_12.728543,2023-09-01,0.554969,0.5903588
XGBoost,val,77.683846_12.742018,2023-09-01,0.5052792,0.545083
XGBoost,val,77.683846_12.795916,2023-09-01,0.5205618,0.5490636
XGBoost,val,77.683846_12.8049,2023-09-01,0.4958179,0.5354726
XGBoost,val,77.683846_12.836341,2023-09-01,0.59726024,0.62011075
XGBoost,val,77.683846_12.840832,2023-09-01,0.60731685,0.6263043
XGBoost,val,77.683846_12.917189,2023-09-01,0.4263936,0.4563445
XGBoost,val,77.683846_13.06092,2023-09-01,0.43980187,0.4840856
XGBoost,val,77.683846_13.074394,2023-09-01,0.38503262,0.43220586
XGBoost,val,77.683846_13.11931,2023-09-01,0.38238093,0.41441005
XGBoost,val,77.683846_13.123802,2023-09-01,0.44554105,0.47689655
XGBoost,val,77.688338_12.69261,2023-09-01,0.789642,0.81288475
XGBoost,val,77.688338_12.697102,2023-09-01,0.8039906,0.8191329
XGBoost,val,77.688338_12.966596,2023-09-01,0.5688245,0.5963767
XGBoost,val,77.692829_12.800408,2023-09-01,0.46033913,0.48411343
XGBoost,val,77.692829_12.845324,2023-09-01,0.6379518,0.6658391
XGBoost,val,77.692829_12.899223,2023-09-01,0.4723301,0.49203488
XGBoost,val,77.692829_13.06092,2023-09-01,0.57410455,0.60888225
XGBoost,val,77.692829_13.065411,2023-09-01,0.53958887,0.57855433
XGBoost,val,77.692829_13.083377,2023-09-01,0.39173728,0.4319542
XGBoost,val,77.692829_13.096852,2023-09-01,0.38984412,0.43182322
XGBoost,val,77.692829_13.132785,2023-09-01,0.3952081,0.4274106
XGBoost,val,77.692829_13.155243,2023-09-01,0.39687887,0.43163595
XGBoost,val,77.697321_12.697102,2023-09-01,0.7987222,0.8135926
XGBoost,val,77.697321_12.894731,2023-09-01,0.49882725,0.526112
XGBoost,val,77.697321_13.132785,2023-09-01,0.39723742,0.4319983
XGBoost,val,77.697321_13.150751,2023-09-01,0.44563305,0.4710026
XGBoost,val,77.697321_13.1777,2023-09-01,0.5583977,0.59827614
XGBoost,val,77.701812_12.822866,2023-09-01,0.5315119,0.564096
XGBoost,val,77.701812_12.984563,2023-09-01,0.47637448,0.5040504
XGBoost,val,77.701812_13.114818,2023-09-01,0.484622,0.5311049
XGBoost,val,77.701812_13.164226,2023-09-01,0.4525424,0.47855452
XGBoost,val,77.706304_12.984563,2023-09-01,0.4751046,0.50975454
XGBoost,val,77.706304_13.038462,2023-09-01,0.424596,0.45812482
XGBoost,val,77.706304_13.042953,2023-09-01,0.49655092,0.54408234
XGBoost,val,77.706304_13.137276,2023-09-01,0.7519395,0.7874548
XGBoost,val,77.710796_12.715068,2023-09-01,0.6164061,0.64488214
XGBoost,val,77.710796_13.03397,2023-09-01,0.4405052,0.48407963
XGBoost,val,77.710796_13.11931,2023-09-01,0.43455008,0.46922237
XGBoost,val,77.710796_13.123802,2023-09-01,0.40080026,0.42907044
XGBoost,val,77.710796_13.132785,2023-09-01,0.46617204,0.4887857
XGBoost,val,77.710796_13.150751,2023-09-01,0.3995993,0.4317624
XGBoost,val,77.710796_13.168717,2023-09-01,0.5070374,0.538695
XGBoost,val,77.710796_13.173209,2023-09-01,0.5008757,0.5496321
XGBoost,val,77.715287_12.679136,2023-09-01,0.6907454,0.72239333
XGBoost,val,77.715287_12.742018,2023-09-01,0.48905024,0.52100736
XGBoost,val,77.715287_12.822866,2023-09-01,0.5124833,0.54702365
XGBoost,val,77.715287_12.827358,2023-09-01,0.46613774,0.4884092
XGBoost,val,77.715287_12.845324,2023-09-01,0.404893,0.44625166
XGBoost,val,77.715287_12.885748,2023-09-01,0.559465,0.5869615
XGBoost,val,77.715287_13.029478,2023-09-01,0.36908165,0.41508684
XGBoost,val,77.715287_13.038462,2023-09-01,0.5089624,0.55502546
XGBoost,val,77.715287_13.051936,2023-09-01,0.49680772,0.5487738
XGBoost,val,77.715287_13.056428,2023-09-01,0.40547958,0.448604
XGBoost,val,77.715287_13.096852,2023-09-01,0.3495015,0.38136762
XGBoost,val,77.715287_13.114818,2023-09-01,0.5094948,0.5525065
XGBoost,val,77.715287_13.128293,2023-09-01,0.46768153,0.5030589
XGBoost,val,77.719779_12.746509,2023-09-01,0.69554704,0.7348311
XGBoost,val,77.719779_12.795916,2023-09-01,0.48138717,0.50906205
XGBoost,val,77.719779_12.840832,2023-09-01,0.5133897,0.5554295
XGBoost,val,77.719779_13.069903,2023-09-01,0.40390489,0.4505606
XGBoost,val,77.719779_13.105835,2023-09-01,0.43530437,0.47439542
XGBoost,val,77.719779_13.123802,2023-09-01,0.4184505,0.45331815
XGBoost,val,77.719779_13.137276,2023-09-01,0.43321395,0.4751133
XGBoost,val,77.719779_13.155243,2023-09-01,0.41348743,0.4430634
XGBoost,val,77.72427_12.674644,2023-09-01,0.53156483,0.5827833
XGBoost,val,77.72427_12.840832,2023-09-01,0.4885904,0.5375463
XGBoost,val,77.72427_13.06092,2023-09-01,0.40947598,0.4535983
XGBoost,val,77.72427_13.074394,2023-09-01,0.44111526,0.48430735
XGBoost,val,77.728762_12.759984,2023-09-01,0.49694574,0.5440636
XGBoost,val,77.728762_12.782442,2023-09-01,0.5448478,0.5738357
XGBoost,val,77.728762_12.809391,2023-09-01,0.48482963,0.5333185
XGBoost,val,77.728762_13.047445,2023-09-01,0.48270282,0.5254425
XGBoost,val,77.728762_13.087869,2023-09-01,0.47827297,0.5294246
XGBoost,val,77.728762_13.092361,2023-09-01,0.44170266,0.48633954
XGBoost,val,77.733253_13.056428,2023-09-01,0.375571,0.41644078
XGBoost,val,77.737745_12.764475,2023-09-01,0.44718805,0.4781654
XGBoost,val,77.737745_12.791425,2023-09-01,0.48368174,0.5084942
XGBoost,val,77.737745_12.809391,2023-09-01,0.4580345,0.48315552
XGBoost,val,77.737745_12.858799,2023-09-01,0.4968354,0.52224547
XGBoost,val,77.737745_12.881256,2023-09-01,0.5736178,0.5949026
XGBoost,val,77.737745_13.051936,2023-09-01,0.3840005,0.42852724
XGBoost,val,77.737745_13.06092,2023-09-01,0.4226049,0.46549988
XGBoost,val,77.737745_13.078886,2023-09-01,0.44909865,0.48810533
XGBoost,val,77.737745_13.101344,2023-09-01,0.37087816,0.42399988
XGBoost,val,77.742237_12.697102,2023-09-01,0.661718,0.6861606
XGBoost,val,77.742237_12.86329,2023-09-01,0.41792747,0.44833207
XGBoost,val,77.742237_12.89024,2023-09-01,0.55483717,0.59499836
XGBoost,val,77.742237_12.980071,2023-09-01,0.50839555,0.55693525
XGBoost,val,77.742237_13.016004,2023-09-01,0.5325118,0.56964463
XGBoost,val,77.742237_13.038462,2023-09-01,0.39123467,0.4328145
XGBoost,val,77.742237_13.074394,2023-09-01,0.35460722,0.41078869
XGBoost,val,77.742237_13.078886,2023-09-01,0.43744346,0.48775923
XGBoost,val,77.742237_13.101344,2023-09-01,0.41060483,0.45067114
XGBoost,val,77.746728_12.782442,2023-09-01,0.5510178,0.5772003
XGBoost,val,77.746728_12.97558,2023-09-01,0.53667265,0.5704299
XGBoost,val,77.746728_12.984563,2023-09-01,0.52000207,0.5664331
XGBoost,val,77.746728_13.016004,2023-09-01,0.56515,0.5911217
XGBoost,val,77.746728_13.020495,2023-09-01,0.60099065,0.6316398
XGBoost,val,77.746728_13.024987,2023-09-01,0.48916796,0.53270316
XGBoost,val,77.746728_13.038462,2023-09-01,0.4082474,0.44459116
XGBoost,val,77.746728_13.06092,2023-09-01,0.35225093,0.38806087
XGBoost,val,77.746728_13.083377,2023-09-01,0.45579547,0.49524593
XGBoost,val,77.746728_13.092361,2023-09-01,0.43747136,0.47880936
XGBoost,val,77.75122_12.751001,2023-09-01,0.4947572,0.5331818
XGBoost,val,77.75122_12.77795,2023-09-01,0.5049694,0.5426782
XGBoost,val,77.75122_12.993546,2023-09-01,0.45501807,0.4934372
XGBoost,val,77.75122_13.020495,2023-09-01,0.51426333,0.5558629
XGBoost,val,77.75122_13.03397,2023-09-01,0.43850717,0.48380685
XGBoost,val,77.75122_13.038462,2023-09-01,0.36734945,0.40414664
XGBoost,val,77.755711_12.77795,2023-09-01,0.48289093,0.50742203
XGBoost,val,77.755711_12.831849,2023-09-01,0.43243802,0.47159764
XGBoost,val,77.755711_12.858799,2023-09-01,0.509747,0.53818274
XGBoost,val,77.755711_12.885748,2023-09-01,0.5067201,0.5444802
XGBoost,val,77.760203_12.751001,2023-09-01,0.490535,0.52969074
XGBoost,val,77.760203_12.795916,2023-09-01,0.42935085,0.4653449
XGBoost,val,77.760203_12.867782,2023-09-01,0.45314282,0.48361892
XGBoost,val,77.760203_12.872273,2023-09-01,0.4729391,0.5080003
XGBoost,val,77.760203_12.876765,2023-09-01,0.44078583,0.478443
XGBoost,val,77.760203_12.984563,2023-09-01,0.5098758,0.56087375
XGBoost,val,77.764695_12.813883,2023-09-01,0.516611,0.5530435
XGBoost,val,77.764695_12.849815,2023-09-01,0.48433295,0.50947654
XGBoost,val,77.764695_12.912697,2023-09-01,0.49385402,0.5450926
XGBoost,val,77.764695_13.03397,2023-09-01,0.3660798,0.39806995
XGBoost,val,77.769186_12.751001,2023-09-01,0.7081102,0.7325235
XGBoost,val,77.769186_12.791425,2023-09-01,0.44402424,0.4724744
XGBoost,val,77.769186_12.800408,2023-09-01,0.5174088,0.55069333
XGBoost,val,77.769186_12.8049,2023-09-01,0.565654,0.58498687
XGBoost,val,77.769186_12.809391,2023-09-01,0.470556,0.49345097
XGBoost,val,77.769186_12.876765,2023-09-01,0.5057363,0.5387412
XGBoost,val,77.769186_13.016004,2023-09-01,0.44333375,0.48038703
XGBoost,val,77.787152_12.867782,2023-09-01,0.44025227,0.47036678
XGBoost,val,77.791644_12.8049,2023-09-01,0.48003894,0.5206849
XGBoost,val,77.80961_12.858799,2023-09-01,0.4776062,0.5157913
XGBoost,val,77.80961_12.86329,2023-09-01,0.4604829,0.48205185
XGBoost,val,77.329012_12.944139,2023-10-01,0.4841025,0.4949908
XGBoost,val,77.329012_12.962105,2023-10-01,0.75376517,0.75694096
XGBoost,val,77.342486_12.935155,2023-10-01,0.78559023,0.80048925
XGBoost,val,77.342486_12.944139,2023-10-01,0.72860384,0.74168855
XGBoost,val,77.351469_12.89024,2023-10-01,0.5636628,0.5865788
XGBoost,val,77.351469_12.930664,2023-10-01,0.7495563,0.7690179
XGBoost,val,77.351469_12.939647,2023-10-01,0.7619149,0.7713592
XGBoost,val,77.355961_12.899223,2023-10-01,0.5736489,0.58263016
XGBoost,val,77.355961_12.94863,2023-10-01,0.47994307,0.4790848
XGBoost,val,77.360453_12.867782,2023-10-01,0.41888794,0.43222526
XGBoost,val,77.360453_12.908206,2023-10-01,0.5849801,0.60002005
XGBoost,val,77.360453_12.926172,2023-10-01,0.7673314,0.7706573
XGBoost,val,77.364944_12.854307,2023-10-01,0.45432878,0.461687
XGBoost,val,77.364944_12.962105,2023-10-01,0.46695837,0.46948722
XGBoost,val,77.369436_12.881256,2023-10-01,0.46135402,0.47578317
XGBoost,val,77.369436_12.89024,2023-10-01,0.43560192,0.45372888
XGBoost,val,77.369436_12.935155,2023-10-01,0.4131129,0.4189483
XGBoost,val,77.369436_12.998037,2023-10-01,0.4543855,0.4415341
XGBoost,val,77.369436_13.007021,2023-10-01,0.52006096,0.5033044
XGBoost,val,77.373927_12.971088,2023-10-01,0.46459526,0.47701117
XGBoost,val,77.373927_13.011512,2023-10-01,0.4547788,0.4579712
XGBoost,val,77.373927_13.016004,2023-10-01,0.45752028,0.4640468
XGBoost,val,77.378419_12.966596,2023-10-01,0.44894782,0.46000054
XGBoost,val,77.382911_12.953122,2023-10-01,0.45149338,0.4584897
XGBoost,val,77.382911_12.957613,2023-10-01,0.4557746,0.46261522
XGBoost,val,77.387402_12.962105,2023-10-01,0.4319292,0.4312988
XGBoost,val,77.387402_12.97558,2023-10-01,0.51115054,0.50216824
XGBoost,val,77.387402_12.980071,2023-10-01,0.5068283,0.49315462
XGBoost,val,77.391894_12.867782,2023-10-01,0.5249948,0.53147185
XGBoost,val,77.391894_12.881256,2023-10-01,0.46053067,0.48256817
XGBoost,val,77.391894_12.885748,2023-10-01,0.5072375,0.5300689
XGBoost,val,77.396385_12.894731,2023-10-01,0.5039936,0.5222809
XGBoost,val,77.396385_12.908206,2023-10-01,0.42991194,0.45015302
XGBoost,val,77.396385_12.944139,2023-10-01,0.5131128,0.50719017
XGBoost,val,77.396385_12.971088,2023-10-01,0.42684454,0.44319114
XGBoost,val,77.396385_12.97558,2023-10-01,0.41959208,0.42040938
XGBoost,val,77.396385_13.029478,2023-10-01,0.4122088,0.41132522
XGBoost,val,77.400877_12.957613,2023-10-01,0.44087592,0.4486369
XGBoost,val,77.400877_12.966596,2023-10-01,0.3748228,0.4067434
XGBoost,val,77.400877_13.029478,2023-10-01,0.38896477,0.37636876
XGBoost,val,77.405368_12.881256,2023-10-01,0.41604838,0.43034917
XGBoost,val,77.405368_12.89024,2023-10-01,0.40614936,0.4290892
XGBoost,val,77.405368_12.903714,2023-10-01,0.3727689,0.4004745
XGBoost,val,77.405368_12.930664,2023-10-01,0.54603696,0.5717294
XGBoost,val,77.405368_12.998037,2023-10-01,0.46333665,0.4601408
XGBoost,val,77.405368_13.105835,2023-10-01,0.4441456,0.44127625
XGBoost,val,77.405368_13.11931,2023-10-01,0.4091745,0.41482806
XGBoost,val,77.40986_12.872273,2023-10-01,0.3874704,0.41341072
XGBoost,val,77.40986_12.881256,2023-10-01,0.35396257,0.3822589
XGBoost,val,77.40986_12.962105,2023-10-01,0.49060145,0.4966787
XGBoost,val,77.414352_12.930664,2023-10-01,0.47978503,0.49044028
XGBoost,val,77.414352_12.989054,2023-10-01,0.389883,0.41650638
XGBoost,val,77.414352_12.993546,2023-10-01,0.4353819,0.43521595
XGBoost,val,77.414352_13.03397,2023-10-01,0.43376273,0.424872
XGBoost,val,77.414352_13.096852,2023-10-01,0.40529314,0.41241127
XGBoost,val,77.414352_13.11931,2023-10-01,0.4256159,0.43201253
XGBoost,val,77.418843_12.876765,2023-10-01,0.38589633,0.40834206
XGBoost,val,77.418843_12.89024,2023-10-01,0.41231382,0.43686387
XGBoost,val,77.418843_12.94863,2023-10-01,0.47338107,0.47114745
XGBoost,val,77.418843_12.971088,2023-10-01,0.4120198,0.4261769
XGBoost,val,77.418843_12.993546,2023-10-01,0.43665937,0.44593892
XGBoost,val,77.418843_13.016004,2023-10-01,0.41893122,0.42544958
XGBoost,val,77.418843_13.024987,2023-10-01,0.43547916,0.42716625
XGBoost,val,77.418843_13.146259,2023-10-01,0.36524162,0.3847509
XGBoost,val,77.423335_12.876765,2023-10-01,0.42118362,0.4348519
XGBoost,val,77.423335_12.921681,2023-10-01,0.45183447,0.46511015
XGBoost,val,77.423335_12.930664,2023-10-01,0.45397148,0.4678116
XGBoost,val,77.423335_13.002529,2023-10-01,0.5309849,0.5196611
XGBoost,val,77.423335_13.092361,2023-10-01,0.35980624,0.37850803
XGBoost,val,77.423335_13.141768,2023-10-01,0.44896877,0.45481968
XGBoost,val,77.423335_13.150751,2023-10-01,0.3724099,0.38350713
XGBoost,val,77.427826_12.845324,2023-10-01,0.3385492,0.37206852
XGBoost,val,77.427826_12.858799,2023-10-01,0.37354788,0.40169185
XGBoost,val,77.427826_12.930664,2023-10-01,0.46584508,0.47138557
XGBoost,val,77.427826_12.939647,2023-10-01,0.40467846,0.4177279
XGBoost,val,77.427826_12.944139,2023-10-01,0.3975787,0.41232497
XGBoost,val,77.427826_13.020495,2023-10-01,0.41110772,0.41253492
XGBoost,val,77.427826_13.024987,2023-10-01,0.43322015,0.42710066
XGBoost,val,77.427826_13.110327,2023-10-01,0.44321728,0.44804513
XGBoost,val,77.427826_13.132785,2023-10-01,0.5326227,0.5355877
XGBoost,val,77.432318_12.858799,2023-10-01,0.39874122,0.42167133
XGBoost,val,77.432318_12.86329,2023-10-01,0.39074463,0.42026177
XGBoost,val,77.432318_12.867782,2023-10-01,0.4104624,0.41770875
XGBoost,val,77.432318_12.881256,2023-10-01,0.44287753,0.46120936
XGBoost,val,77.432318_12.885748,2023-10-01,0.54931456,0.5791358
XGBoost,val,77.432318_12.957613,2023-10-01,0.4234412,0.4428795
XGBoost,val,77.432318_12.998037,2023-10-01,0.3757747,0.40843958
XGBoost,val,77.432318_13.087869,2023-10-01,0.48189157,0.47733694
XGBoost,val,77.432318_13.092361,2023-10-01,0.41777018,0.4286801
XGBoost,val,77.436809_12.818374,2023-10-01,0.53999,0.55844486
XGBoost,val,77.436809_12.840832,2023-10-01,0.47631964,0.49637076
XGBoost,val,77.436809_12.854307,2023-10-01,0.40638176,0.42029288
XGBoost,val,77.436809_12.912697,2023-10-01,0.5521103,0.5736042
XGBoost,val,77.436809_12.926172,2023-10-01,0.48048845,0.47783744
XGBoost,val,77.436809_12.944139,2023-10-01,0.4240765,0.4314949
XGBoost,val,77.436809_13.03397,2023-10-01,0.42478928,0.4261791
XGBoost,val,77.441301_12.818374,2023-10-01,0.5236061,0.5598797
XGBoost,val,77.441301_12.831849,2023-10-01,0.44083396,0.46199158
XGBoost,val,77.441301_12.836341,2023-10-01,0.46666035,0.49235022
XGBoost,val,77.441301_12.840832,2023-10-01,0.46180102,0.4872376
XGBoost,val,77.441301_12.944139,2023-10-01,0.49181083,0.50069594
XGBoost,val,77.441301_12.94863,2023-10-01,0.45397764,0.46520388
XGBoost,val,77.441301_13.056428,2023-10-01,0.40891224,0.42267063
XGBoost,val,77.441301_13.069903,2023-10-01,0.4208662,0.43046468
XGBoost,val,77.441301_13.083377,2023-10-01,0.48347434,0.4855826
XGBoost,val,77.441301_13.110327,2023-10-01,0.45524964,0.4557539
XGBoost,val,77.445793_12.840832,2023-10-01,0.5231417,0.548202
XGBoost,val,77.445793_12.86329,2023-10-01,0.570239,0.59217364
XGBoost,val,77.445793_12.867782,2023-10-01,0.55396813,0.5783833
XGBoost,val,77.445793_12.912697,2023-10-01,0.43903494,0.45381814
XGBoost,val,77.445793_12.957613,2023-10-01,0.49267185,0.4909902
XGBoost,val,77.445793_12.984563,2023-10-01,0.4404552,0.4736886
XGBoost,val,77.450284_12.809391,2023-10-01,0.47205552,0.4850721
XGBoost,val,77.450284_12.872273,2023-10-01,0.5343625,0.54530543
XGBoost,val,77.450284_12.89024,2023-10-01,0.511518,0.52623093
XGBoost,val,77.450284_12.971088,2023-10-01,0.46263123,0.47421625
XGBoost,val,77.450284_12.993546,2023-10-01,0.34572107,0.38333598
XGBoost,val,77.450284_13.029478,2023-10-01,0.46318302,0.462699
XGBoost,val,77.450284_13.047445,2023-10-01,0.45312136,0.44676098
XGBoost,val,77.450284_13.146259,2023-10-01,0.5302925,0.5356375
XGBoost,val,77.454776_12.809391,2023-10-01,0.4569802,0.46983805
XGBoost,val,77.454776_12.885748,2023-10-01,0.4856601,0.50288147
XGBoost,val,77.454776_12.980071,2023-10-01,0.40129244,0.41746104
XGBoost,val,77.454776_12.993546,2023-10-01,0.4018839,0.4132459
XGBoost,val,77.454776_13.078886,2023-10-01,0.433135,0.4528972
XGBoost,val,77.454776_13.087869,2023-10-01,0.4119424,0.42450202
XGBoost,val,77.454776_13.114818,2023-10-01,0.53906095,0.52250516
XGBoost,val,77.454776_13.141768,2023-10-01,0.5319933,0.5249944
XGBoost,val,77.459267_12.8049,2023-10-01,0.60830534,0.63349295
XGBoost,val,77.459267_12.822866,2023-10-01,0.48954383,0.50359046
XGBoost,val,77.459267_12.845324,2023-10-01,0.5026,0.52139133
XGBoost,val,77.459267_12.872273,2023-10-01,0.48168647,0.5071014
XGBoost,val,77.459267_12.903714,2023-10-01,0.4209424,0.4379045
XGBoost,val,77.459267_12.926172,2023-10-01,0.47709373,0.47756073
XGBoost,val,77.459267_12.97558,2023-10-01,0.41554314,0.4268238
XGBoost,val,77.459267_13.016004,2023-10-01,0.40274385,0.41555896
XGBoost,val,77.459267_13.020495,2023-10-01,0.38220158,0.39875987
XGBoost,val,77.459267_13.11931,2023-10-01,0.4701668,0.47576874
XGBoost,val,77.463759_12.813883,2023-10-01,0.47054315,0.49122715
XGBoost,val,77.463759_12.836341,2023-10-01,0.50834686,0.52076834
XGBoost,val,77.463759_12.86329,2023-10-01,0.5519119,0.56606257
XGBoost,val,77.463759_12.867782,2023-10-01,0.52287126,0.54858017
XGBoost,val,77.463759_12.872273,2023-10-01,0.47490272,0.499727
XGBoost,val,77.463759_12.881256,2023-10-01,0.54295087,0.58225465
XGBoost,val,77.463759_12.885748,2023-10-01,0.58805436,0.6169248
XGBoost,val,77.463759_12.894731,2023-10-01,0.4717527,0.4878119
XGBoost,val,77.463759_12.899223,2023-10-01,0.49970454,0.51719403
XGBoost,val,77.463759_12.917189,2023-10-01,0.41605076,0.4438945
XGBoost,val,77.463759_12.953122,2023-10-01,0.76523936,0.76443756
XGBoost,val,77.463759_13.03397,2023-10-01,0.38718912,0.4004921
XGBoost,val,77.463759_13.078886,2023-10-01,0.55155474,0.54801106
XGBoost,val,77.46825_12.827358,2023-10-01,0.41497782,0.43454584
XGBoost,val,77.46825_12.836341,2023-10-01,0.51343095,0.54126716
XGBoost,val,77.46825_12.894731,2023-10-01,0.4339978,0.4560803
XGBoost,val,77.46825_12.94863,2023-10-01,0.5252026,0.5387299
XGBoost,val,77.46825_12.953122,2023-10-01,0.44833785,0.46347854
XGBoost,val,77.46825_12.966596,2023-10-01,0.47273713,0.47805208
XGBoost,val,77.46825_13.007021,2023-10-01,0.3793614,0.40767157
XGBoost,val,77.46825_13.020495,2023-10-01,0.47182542,0.48205894
XGBoost,val,77.46825_13.114818,2023-10-01,0.52651495,0.5161175
XGBoost,val,77.46825_13.150751,2023-10-01,0.43457547,0.42212418
XGBoost,val,77.46825_13.1777,2023-10-01,0.4733799,0.48206744
XGBoost,val,77.472742_12.746509,2023-10-01,0.5740847,0.60134923
XGBoost,val,77.472742_12.751001,2023-10-01,0.52051383,0.5454767
XGBoost,val,77.472742_12.755492,2023-10-01,0.5380154,0.5629406
XGBoost,val,77.472742_12.795916,2023-10-01,0.50911015,0.5297467
XGBoost,val,77.472742_12.836341,2023-10-01,0.49691465,0.5098623
XGBoost,val,77.472742_12.984563,2023-10-01,0.43289083,0.4591066
XGBoost,val,77.472742_13.087869,2023-10-01,0.47551104,0.4678618
XGBoost,val,77.477234_12.764475,2023-10-01,0.5159798,0.5427982
XGBoost,val,77.477234_12.782442,2023-10-01,0.48465568,0.50435746
XGBoost,val,77.477234_12.840832,2023-10-01,0.5174452,0.54342
XGBoost,val,77.477234_12.899223,2023-10-01,0.41915843,0.44040412
XGBoost,val,77.477234_12.935155,2023-10-01,0.57975554,0.59274524
XGBoost,val,77.477234_12.944139,2023-10-01,0.48922104,0.49533343
XGBoost,val,77.477234_12.94863,2023-10-01,0.5085629,0.5212768
XGBoost,val,77.477234_12.971088,2023-10-01,0.5057337,0.5258557
XGBoost,val,77.477234_13.002529,2023-10-01,0.398909,0.4131718
XGBoost,val,77.477234_13.056428,2023-10-01,0.43716317,0.4570799
XGBoost,val,77.481725_12.737526,2023-10-01,0.5124839,0.53897375
XGBoost,val,77.481725_12.768967,2023-10-01,0.5303067,0.56597877
XGBoost,val,77.481725_12.831849,2023-10-01,0.46041098,0.4783683
XGBoost,val,77.481725_12.89024,2023-10-01,0.52421033,0.54683083
XGBoost,val,77.481725_12.894731,2023-10-01,0.47672677,0.49259767
XGBoost,val,77.481725_12.944139,2023-10-01,0.4961937,0.5028491
XGBoost,val,77.481725_12.971088,2023-10-01,0.41405553,0.43506998
XGBoost,val,77.481725_12.980071,2023-10-01,0.49579722,0.5098947
XGBoost,val,77.481725_13.024987,2023-10-01,0.47042364,0.4802469
XGBoost,val,77.481725_13.03397,2023-10-01,0.45180973,0.4609596
XGBoost,val,77.481725_13.096852,2023-10-01,0.5872269,0.599699
XGBoost,val,77.481725_13.137276,2023-10-01,0.7736832,0.7621529
XGBoost,val,77.486217_12.764475,2023-10-01,0.5058616,0.51844347
XGBoost,val,77.486217_12.872273,2023-10-01,0.48308206,0.4954489
XGBoost,val,77.486217_12.939647,2023-10-01,0.50795454,0.5216482
XGBoost,val,77.486217_12.998037,2023-10-01,0.44124046,0.46062014
XGBoost,val,77.486217_13.042953,2023-10-01,0.5351548,0.54314685
XGBoost,val,77.486217_13.06092,2023-10-01,0.55431694,0.56046224
XGBoost,val,77.486217_13.114818,2023-10-01,0.51818365,0.50847507
XGBoost,val,77.486217_13.11931,2023-10-01,0.5375184,0.5220042
XGBoost,val,77.490708_12.768967,2023-10-01,0.4983473,0.52564096
XGBoost,val,77.490708_12.8049,2023-10-01,0.5294981,0.5576815
XGBoost,val,77.490708_12.849815,2023-10-01,0.50531715,0.5213579
XGBoost,val,77.490708_12.89024,2023-10-01,0.48222274,0.49634185
XGBoost,val,77.490708_13.051936,2023-10-01,0.6119613,0.63136256
XGBoost,val,77.490708_13.092361,2023-10-01,0.5285848,0.54881924
XGBoost,val,77.490708_13.096852,2023-10-01,0.566224,0.5874459
XGBoost,val,77.490708_13.182192,2023-10-01,0.45956653,0.4749526
XGBoost,val,77.490708_13.209142,2023-10-01,0.41990706,0.4398041
XGBoost,val,77.4952_12.786933,2023-10-01,0.46983707,0.49296516
XGBoost,val,77.4952_12.836341,2023-10-01,0.488204,0.5060437
XGBoost,val,77.4952_12.899223,2023-10-01,0.53992677,0.5745114
XGBoost,val,77.4952_12.962105,2023-10-01,0.54919267,0.5752288
XGBoost,val,77.4952_13.020495,2023-10-01,0.5046518,0.5238595
XGBoost,val,77.4952_13.024987,2023-10-01,0.5179424,0.53542924
XGBoost,val,77.4952_13.03397,2023-10-01,0.5831867,0.6150846
XGBoost,val,77.4952_13.092361,2023-10-01,0.54125243,0.5491977
XGBoost,val,77.4952_13.182192,2023-10-01,0.4770454,0.4853653
XGBoost,val,77.499692_12.755492,2023-10-01,0.6093676,0.6359643
XGBoost,val,77.499692_12.858799,2023-10-01,0.62810415,0.6537206
XGBoost,val,77.499692_12.899223,2023-10-01,0.51682377,0.53910387
XGBoost,val,77.499692_12.984563,2023-10-01,0.54320544,0.54892707
XGBoost,val,77.499692_13.114818,2023-10-01,0.5279044,0.53386194
XGBoost,val,77.499692_13.137276,2023-10-01,0.49102733,0.48150042
XGBoost,val,77.499692_13.168717,2023-10-01,0.47355947,0.48274493
XGBoost,val,77.504183_12.764475,2023-10-01,0.56853676,0.5948137
XGBoost,val,77.504183_12.786933,2023-10-01,0.54544544,0.5718896
XGBoost,val,77.504183_12.818374,2023-10-01,0.5287173,0.5497766
XGBoost,val,77.504183_12.854307,2023-10-01,0.52216065,0.54021585
XGBoost,val,77.504183_12.858799,2023-10-01,0.6301459,0.6616644
XGBoost,val,77.504183_12.953122,2023-10-01,0.5705146,0.57561255
XGBoost,val,77.504183_13.083377,2023-10-01,0.5994598,0.6214568
XGBoost,val,77.504183_13.141768,2023-10-01,0.5212359,0.514305
XGBoost,val,77.504183_13.159734,2023-10-01,0.5507664,0.54537416
XGBoost,val,77.504183_13.195667,2023-10-01,0.40576422,0.4236343
XGBoost,val,77.508675_12.751001,2023-10-01,0.66149175,0.6715876
XGBoost,val,77.508675_12.795916,2023-10-01,0.57203376,0.58964944
XGBoost,val,77.508675_12.831849,2023-10-01,0.5532785,0.5700999
XGBoost,val,77.508675_12.836341,2023-10-01,0.5890907,0.6114088
XGBoost,val,77.508675_12.845324,2023-10-01,0.55011606,0.5757553
XGBoost,val,77.508675_12.903714,2023-10-01,0.43760064,0.464916
XGBoost,val,77.508675_12.912697,2023-10-01,0.48771504,0.50654185
XGBoost,val,77.508675_12.917189,2023-10-01,0.51116204,0.5360096
XGBoost,val,77.508675_13.114818,2023-10-01,0.45650762,0.46937373
XGBoost,val,77.508675_13.137276,2023-10-01,0.46819362,0.47026184
XGBoost,val,77.508675_13.159734,2023-10-01,0.5585688,0.5713491
XGBoost,val,77.508675_13.191175,2023-10-01,0.3883442,0.42311302
XGBoost,val,77.513166_12.746509,2023-10-01,0.76965356,0.78324777
XGBoost,val,77.513166_12.764475,2023-10-01,0.5310125,0.5551501
XGBoost,val,77.513166_12.77795,2023-10-01,0.65376765,0.65902776
XGBoost,val,77.513166_12.822866,2023-10-01,0.64479756,0.6640074
XGBoost,val,77.513166_12.908206,2023-10-01,0.4246644,0.4553519
XGBoost,val,77.513166_13.087869,2023-10-01,0.59804505,0.6213703
XGBoost,val,77.513166_13.096852,2023-10-01,0.6129778,0.651451
XGBoost,val,77.513166_13.137276,2023-10-01,0.4243092,0.42789662
XGBoost,val,77.513166_13.1777,2023-10-01,0.44158837,0.45507696
XGBoost,val,77.517658_12.764475,2023-10-01,0.6189835,0.6490124
XGBoost,val,77.517658_12.77795,2023-10-01,0.61715055,0.6273148
XGBoost,val,77.517658_12.782442,2023-10-01,0.6162618,0.63049316
XGBoost,val,77.517658_12.795916,2023-10-01,0.5880811,0.59993434
XGBoost,val,77.517658_12.827358,2023-10-01,0.54106015,0.5712979
XGBoost,val,77.517658_12.849815,2023-10-01,0.5197436,0.534982
XGBoost,val,77.517658_12.885748,2023-10-01,0.5399199,0.55707645
XGBoost,val,77.517658_12.89024,2023-10-01,0.52057284,0.53784305
XGBoost,val,77.517658_12.899223,2023-10-01,0.5349907,0.5623358
XGBoost,val,77.517658_12.998037,2023-10-01,0.5955737,0.6233591
XGBoost,val,77.517658_13.11931,2023-10-01,0.41378605,0.42311624
XGBoost,val,77.517658_13.182192,2023-10-01,0.4581004,0.4646503
XGBoost,val,77.517658_13.186684,2023-10-01,0.4799977,0.4884183
XGBoost,val,77.517658_13.191175,2023-10-01,0.42660198,0.4339467
XGBoost,val,77.522149_12.751001,2023-10-01,0.7029783,0.71294904
XGBoost,val,77.522149_12.755492,2023-10-01,0.66555303,0.67265004
XGBoost,val,77.522149_12.759984,2023-10-01,0.68896556,0.7014261
XGBoost,val,77.522149_12.782442,2023-10-01,0.64372516,0.65438527
XGBoost,val,77.522149_12.809391,2023-10-01,0.8080542,0.8140924
XGBoost,val,77.522149_12.813883,2023-10-01,0.5177243,0.51787126
XGBoost,val,77.522149_12.818374,2023-10-01,0.48796937,0.49495375
XGBoost,val,77.522149_12.836341,2023-10-01,0.5571795,0.57185
XGBoost,val,77.522149_12.845324,2023-10-01,0.56776005,0.5756882
XGBoost,val,77.522149_13.078886,2023-10-01,0.6283363,0.641143
XGBoost,val,77.522149_13.146259,2023-10-01,0.3981698,0.39601153
XGBoost,val,77.522149_13.200158,2023-10-01,0.47340998,0.48778006
XGBoost,val,77.526641_12.751001,2023-10-01,0.67935777,0.68983155
XGBoost,val,77.526641_12.840832,2023-10-01,0.62249357,0.6543475
XGBoost,val,77.526641_12.89024,2023-10-01,0.6703935,0.67468077
XGBoost,val,77.526641_12.899223,2023-10-01,0.5916288,0.62334204
XGBoost,val,77.526641_13.078886,2023-10-01,0.6246875,0.6358258
XGBoost,val,77.526641_13.105835,2023-10-01,0.44128612,0.45326418
XGBoost,val,77.526641_13.110327,2023-10-01,0.41864923,0.43078482
XGBoost,val,77.531133_12.791425,2023-10-01,0.56314623,0.56872797
XGBoost,val,77.531133_12.795916,2023-10-01,0.5988275,0.6211617
XGBoost,val,77.531133_12.800408,2023-10-01,0.5790587,0.6003881
XGBoost,val,77.531133_12.822866,2023-10-01,0.5564982,0.55548567
XGBoost,val,77.531133_12.827358,2023-10-01,0.56815505,0.58200455
XGBoost,val,77.531133_12.894731,2023-10-01,0.5229766,0.53872514
XGBoost,val,77.531133_13.083377,2023-10-01,0.5929664,0.59613687
XGBoost,val,77.531133_13.114818,2023-10-01,0.44505355,0.44051287
XGBoost,val,77.531133_13.195667,2023-10-01,0.5037014,0.51720357
XGBoost,val,77.535624_12.77795,2023-10-01,0.7717815,0.7791684
XGBoost,val,77.535624_12.822866,2023-10-01,0.7028889,0.7021084
XGBoost,val,77.535624_12.872273,2023-10-01,0.43904042,0.4503422
XGBoost,val,77.535624_12.899223,2023-10-01,0.49820217,0.5043796
XGBoost,val,77.535624_13.069903,2023-10-01,0.73159754,0.7431652
XGBoost,val,77.535624_13.083377,2023-10-01,0.56668085,0.58956116
XGBoost,val,77.535624_13.096852,2023-10-01,0.47860178,0.49034745
XGBoost,val,77.535624_13.114818,2023-10-01,0.48104125,0.47971386
XGBoost,val,77.535624_13.132785,2023-10-01,0.50142586,0.5006866
XGBoost,val,77.535624_13.137276,2023-10-01,0.41836506,0.4315417
XGBoost,val,77.535624_13.195667,2023-10-01,0.40511703,0.4216988
XGBoost,val,77.540116_12.77795,2023-10-01,0.60628784,0.6240836
XGBoost,val,77.540116_13.042953,2023-10-01,0.5981842,0.6065241
XGBoost,val,77.540116_13.074394,2023-10-01,0.6150696,0.6381565
XGBoost,val,77.540116_13.092361,2023-10-01,0.43979618,0.4480118
XGBoost,val,77.540116_13.101344,2023-10-01,0.44398475,0.44530874
XGBoost,val,77.540116_13.105835,2023-10-01,0.47441033,0.46534774
XGBoost,val,77.540116_13.114818,2023-10-01,0.47425276,0.4572424
XGBoost,val,77.540116_13.132785,2023-10-01,0.4749544,0.47565493
XGBoost,val,77.540116_13.155243,2023-10-01,0.512538,0.523916
XGBoost,val,77.540116_13.182192,2023-10-01,0.43692726,0.43656176
XGBoost,val,77.544607_12.831849,2023-10-01,0.7567044,0.7523277
XGBoost,val,77.544607_13.218125,2023-10-01,0.49994326,0.49787366
XGBoost,val,77.549099_12.822866,2023-10-01,0.7762127,0.7815329
XGBoost,val,77.549099_12.831849,2023-10-01,0.67251325,0.6692362
XGBoost,val,77.549099_12.836341,2023-10-01,0.62266475,0.6497429
XGBoost,val,77.549099_12.845324,2023-10-01,0.6456807,0.65617234
XGBoost,val,77.549099_12.867782,2023-10-01,0.57224095,0.5793861
XGBoost,val,77.549099_12.876765,2023-10-01,0.51325333,0.5321174
XGBoost,val,77.549099_12.894731,2023-10-01,0.63265634,0.66331905
XGBoost,val,77.549099_13.096852,2023-10-01,0.51956356,0.52623326
XGBoost,val,77.549099_13.132785,2023-10-01,0.6684494,0.6752243
XGBoost,val,77.55359_12.71956,2023-10-01,0.7975792,0.78440124
XGBoost,val,77.55359_12.849815,2023-10-01,0.6194281,0.6360926
XGBoost,val,77.55359_12.872273,2023-10-01,0.500014,0.52122694
XGBoost,val,77.55359_13.101344,2023-10-01,0.444485,0.4552002
XGBoost,val,77.55359_13.110327,2023-10-01,0.5086107,0.51476985
XGBoost,val,77.55359_13.128293,2023-10-01,0.6433389,0.6497749
XGBoost,val,77.55359_13.168717,2023-10-01,0.50267196,0.51016533
XGBoost,val,77.55359_13.173209,2023-10-01,0.43111286,0.43321016
XGBoost,val,77.558082_12.710577,2023-10-01,0.8004512,0.8215661
XGBoost,val,77.558082_12.827358,2023-10-01,0.7175252,0.7285658
XGBoost,val,77.558082_12.845324,2023-10-01,0.6901282,0.6882952
XGBoost,val,77.558082_13.042953,2023-10-01,0.6916904,0.6765566
XGBoost,val,77.558082_13.110327,2023-10-01,0.5263403,0.5372721
XGBoost,val,77.558082_13.168717,2023-10-01,0.50621814,0.52036536
XGBoost,val,77.558082_13.1777,2023-10-01,0.47313747,0.48446667
XGBoost,val,77.562574_12.71956,2023-10-01,0.7879602,0.8040076
XGBoost,val,77.562574_12.827358,2023-10-01,0.71336865,0.7382785
XGBoost,val,77.562574_12.858799,2023-10-01,0.43116307,0.4605972
XGBoost,val,77.562574_12.872273,2023-10-01,0.5974399,0.62656426
XGBoost,val,77.562574_12.876765,2023-10-01,0.62867635,0.6578177
XGBoost,val,77.562574_13.141768,2023-10-01,0.4562004,0.46240354
XGBoost,val,77.562574_13.159734,2023-10-01,0.502856,0.5167029
XGBoost,val,77.562574_13.173209,2023-10-01,0.49399367,0.5117265
XGBoost,val,77.567065_12.724051,2023-10-01,0.7650899,0.7663125
XGBoost,val,77.567065_12.849815,2023-10-01,0.6849346,0.69184095
XGBoost,val,77.567065_13.105835,2023-10-01,0.58966553,0.6036062
XGBoost,val,77.567065_13.114818,2023-10-01,0.6713507,0.68196243
XGBoost,val,77.567065_13.182192,2023-10-01,0.51395375,0.5167758
XGBoost,val,77.571557_12.71956,2023-10-01,0.7729216,0.7865939
XGBoost,val,77.571557_12.849815,2023-10-01,0.6931007,0.69994867
XGBoost,val,77.571557_13.141768,2023-10-01,0.47270584,0.479089
XGBoost,val,77.571557_13.146259,2023-10-01,0.48222074,0.4909424
XGBoost,val,77.576048_12.71956,2023-10-01,0.7449216,0.75624084
XGBoost,val,77.576048_12.728543,2023-10-01,0.7769651,0.77631205
XGBoost,val,77.576048_12.742018,2023-10-01,0.75742465,0.7730431
XGBoost,val,77.576048_12.813883,2023-10-01,0.76577204,0.78737056
XGBoost,val,77.576048_12.827358,2023-10-01,0.63819075,0.6620621
XGBoost,val,77.58054_12.845324,2023-10-01,0.69595736,0.70896286
XGBoost,val,77.58054_13.083377,2023-10-01,0.5478704,0.55551916
XGBoost,val,77.58054_13.087869,2023-10-01,0.50614417,0.5068855
XGBoost,val,77.585031_12.849815,2023-10-01,0.6967593,0.70817274
XGBoost,val,77.585031_13.042953,2023-10-01,0.7193285,0.7366395
XGBoost,val,77.585031_13.137276,2023-10-01,0.4895097,0.49518
XGBoost,val,77.589523_12.71956,2023-10-01,0.8422202,0.84860915
XGBoost,val,77.589523_12.746509,2023-10-01,0.7302994,0.74320865
XGBoost,val,77.589523_12.854307,2023-10-01,0.61866885,0.65103436
XGBoost,val,77.589523_12.971088,2023-10-01,0.80373716,0.78754467
XGBoost,val,77.589523_13.083377,2023-10-01,0.62175465,0.6367089
XGBoost,val,77.589523_13.150751,2023-10-01,0.48948422,0.49181464
XGBoost,val,77.594015_12.724051,2023-10-01,0.84607273,0.8464728
XGBoost,val,77.594015_12.733034,2023-10-01,0.82311636,0.83494127
XGBoost,val,77.594015_12.755492,2023-10-01,0.70077443,0.7013382
XGBoost,val,77.594015_12.831849,2023-10-01,0.6033758,0.63618183
XGBoost,val,77.594015_12.836341,2023-10-01,0.6473163,0.6706982
XGBoost,val,77.594015_12.840832,2023-10-01,0.6497834,0.6753803
XGBoost,val,77.594015_12.849815,2023-10-01,0.6363262,0.66045785
XGBoost,val,77.594015_12.998037,2023-10-01,0.7849742,0.77339786
XGBoost,val,77.594015_13.087869,2023-10-01,0.62540674,0.6469801
XGBoost,val,77.598506_12.710577,2023-10-01,0.6997795,0.7044918
XGBoost,val,77.598506_12.822866,2023-10-01,0.6398628,0.6534573
XGBoost,val,77.598506_12.849815,2023-10-01,0.7341686,0.7483201
XGBoost,val,77.598506_13.083377,2023-10-01,0.62189376,0.62818253
XGBoost,val,77.598506_13.128293,2023-10-01,0.58494776,0.59809303
XGBoost,val,77.598506_13.141768,2023-10-01,0.46128473,0.46226722
XGBoost,val,77.598506_13.146259,2023-10-01,0.4357945,0.43687564
XGBoost,val,77.602998_12.710577,2023-10-01,0.7174099,0.7343244
XGBoost,val,77.602998_12.827358,2023-10-01,0.5120543,0.5231858
XGBoost,val,77.602998_12.849815,2023-10-01,0.57644725,0.5887199
XGBoost,val,77.602998_12.858799,2023-10-01,0.56865114,0.59393704
XGBoost,val,77.602998_13.114818,2023-10-01,0.6056149,0.6115318
XGBoost,val,77.602998_13.11931,2023-10-01,0.5963998,0.6209019
XGBoost,val,77.602998_13.128293,2023-10-01,0.54121053,0.54965234
XGBoost,val,77.602998_13.164226,2023-10-01,0.50148726,0.49381262
XGBoost,val,77.607489_12.768967,2023-10-01,0.63212574,0.6631557
XGBoost,val,77.607489_12.773459,2023-10-01,0.6048258,0.6281253
XGBoost,val,77.607489_12.809391,2023-10-01,0.67043966,0.66689223
XGBoost,val,77.607489_12.818374,2023-10-01,0.7170572,0.7370554
XGBoost,val,77.607489_13.087869,2023-10-01,0.75719875,0.7634269
XGBoost,val,77.611981_12.674644,2023-10-01,0.818107,0.83436877
XGBoost,val,77.611981_12.768967,2023-10-01,0.5845421,0.6079244
XGBoost,val,77.611981_12.831849,2023-10-01,0.5685754,0.58331174
XGBoost,val,77.611981_12.867782,2023-10-01,0.5354548,0.55297935
XGBoost,val,77.611981_12.953122,2023-10-01,0.73754925,0.7544284
XGBoost,val,77.611981_13.105835,2023-10-01,0.55750966,0.56506246
XGBoost,val,77.611981_13.168717,2023-10-01,0.45489755,0.44631654
XGBoost,val,77.611981_13.182192,2023-10-01,0.38401586,0.39432815
XGBoost,val,77.616473_12.831849,2023-10-01,0.6335274,0.6608394
XGBoost,val,77.616473_12.858799,2023-10-01,0.52968574,0.5493127
XGBoost,val,77.616473_13.114818,2023-10-01,0.58777136,0.59997797
XGBoost,val,77.616473_13.141768,2023-10-01,0.46140277,0.47567952
XGBoost,val,77.616473_13.1777,2023-10-01,0.39976585,0.41648477
XGBoost,val,77.620964_12.674644,2023-10-01,0.8262293,0.8460336
XGBoost,val,77.620964_12.795916,2023-10-01,0.4466131,0.4640849
XGBoost,val,77.620964_12.813883,2023-10-01,0.46137002,0.47421956
XGBoost,val,77.620964_12.845324,2023-10-01,0.6759104,0.6921916
XGBoost,val,77.620964_12.858799,2023-10-01,0.5116649,0.5148175
XGBoost,val,77.620964_13.132785,2023-10-01,0.55396825,0.57710356
XGBoost,val,77.625456_12.782442,2023-10-01,0.53158784,0.5513899
XGBoost,val,77.625456_12.858799,2023-10-01,0.4629754,0.46223482
XGBoost,val,77.625456_13.065411,2023-10-01,0.4276789,0.43255588
XGBoost,val,77.625456_13.128293,2023-10-01,0.54695696,0.5790846
XGBoost,val,77.625456_13.137276,2023-10-01,0.46171212,0.4715192
XGBoost,val,77.625456_13.155243,2023-10-01,0.67247605,0.67516893
XGBoost,val,77.625456_13.182192,2023-10-01,0.4694135,0.46968812
XGBoost,val,77.629947_12.795916,2023-10-01,0.7835975,0.8218325
XGBoost,val,77.629947_12.809391,2023-10-01,0.49832982,0.49706602
XGBoost,val,77.629947_12.836341,2023-10-01,0.60359013,0.61777276
XGBoost,val,77.629947_12.854307,2023-10-01,0.5200248,0.521075
XGBoost,val,77.629947_12.858799,2023-10-01,0.49085566,0.49788716
XGBoost,val,77.629947_13.06092,2023-10-01,0.44854861,0.45345783
XGBoost,val,77.629947_13.087869,2023-10-01,0.472045,0.47183052
XGBoost,val,77.629947_13.1777,2023-10-01,0.48589978,0.48193812
XGBoost,val,77.634439_12.679136,2023-10-01,0.7933057,0.8016543
XGBoost,val,77.634439_12.701593,2023-10-01,0.74671894,0.7634649
XGBoost,val,77.634439_12.733034,2023-10-01,0.49284458,0.5191466
XGBoost,val,77.634439_12.746509,2023-10-01,0.5368851,0.555748
XGBoost,val,77.634439_12.751001,2023-10-01,0.54266196,0.5630252
XGBoost,val,77.634439_12.849815,2023-10-01,0.56078357,0.57445264
XGBoost,val,77.634439_13.047445,2023-10-01,0.49104065,0.5096513
XGBoost,val,77.634439_13.083377,2023-10-01,0.42652237,0.4383647
XGBoost,val,77.634439_13.137276,2023-10-01,0.4367147,0.44324353
XGBoost,val,77.63893_12.688119,2023-10-01,0.71250784,0.7167575
XGBoost,val,77.63893_12.742018,2023-10-01,0.55962205,0.57603836
XGBoost,val,77.63893_12.791425,2023-10-01,0.56562227,0.57379144
XGBoost,val,77.63893_12.800408,2023-10-01,0.49391264,0.50018966
XGBoost,val,77.63893_12.818374,2023-10-01,0.4862368,0.49949038
XGBoost,val,77.63893_12.840832,2023-10-01,0.65101707,0.66676724
XGBoost,val,77.63893_12.872273,2023-10-01,0.41601646,0.44053537
XGBoost,val,77.63893_12.917189,2023-10-01,0.72299355,0.7456797
XGBoost,val,77.63893_12.989054,2023-10-01,0.68477374,0.6876853
XGBoost,val,77.63893_13.056428,2023-10-01,0.545771,0.5600639
XGBoost,val,77.63893_13.078886,2023-10-01,0.4719545,0.47209078
XGBoost,val,77.63893_13.083377,2023-10-01,0.42178446,0.43442577
XGBoost,val,77.63893_13.1777,2023-10-01,0.448551,0.47204137
XGBoost,val,77.643422_12.795916,2023-10-01,0.50050515,0.5086482
XGBoost,val,77.643422_12.800408,2023-10-01,0.49897012,0.5103208
XGBoost,val,77.643422_12.809391,2023-10-01,0.52688414,0.5303845
XGBoost,val,77.643422_12.867782,2023-10-01,0.48581567,0.49963546
XGBoost,val,77.643422_13.002529,2023-10-01,0.5798934,0.57762074
XGBoost,val,77.643422_13.038462,2023-10-01,0.5429914,0.55908304
XGBoost,val,77.643422_13.164226,2023-10-01,0.59076756,0.6230462
XGBoost,val,77.647914_12.688119,2023-10-01,0.719081,0.74321836
XGBoost,val,77.647914_12.733034,2023-10-01,0.5491119,0.5803117
XGBoost,val,77.647914_12.881256,2023-10-01,0.49656853,0.5193566
XGBoost,val,77.647914_12.935155,2023-10-01,0.6994894,0.69466907
XGBoost,val,77.647914_13.141768,2023-10-01,0.70056194,0.70965815
XGBoost,val,77.647914_13.168717,2023-10-01,0.747564,0.7484049
XGBoost,val,77.652405_12.697102,2023-10-01,0.70236623,0.7125882
XGBoost,val,77.652405_12.773459,2023-10-01,0.49912915,0.5021663
XGBoost,val,77.652405_12.795916,2023-10-01,0.4454423,0.46300757
XGBoost,val,77.652405_12.8049,2023-10-01,0.5502202,0.5678972
XGBoost,val,77.652405_12.858799,2023-10-01,0.7232945,0.742349
XGBoost,val,77.652405_12.926172,2023-10-01,0.6565424,0.6692823
XGBoost,val,77.652405_13.002529,2023-10-01,0.55983406,0.5693325
XGBoost,val,77.656897_12.742018,2023-10-01,0.5428024,0.5663287
XGBoost,val,77.656897_12.746509,2023-10-01,0.5501943,0.5519508
XGBoost,val,77.656897_12.768967,2023-10-01,0.5443568,0.5644453
XGBoost,val,77.656897_12.791425,2023-10-01,0.44562113,0.4762187
XGBoost,val,77.656897_12.800408,2023-10-01,0.56063974,0.5866852
XGBoost,val,77.656897_12.831849,2023-10-01,0.5722142,0.60100293
XGBoost,val,77.656897_12.849815,2023-10-01,0.4388449,0.46217394
XGBoost,val,77.656897_13.101344,2023-10-01,0.5070338,0.5043099
XGBoost,val,77.656897_13.164226,2023-10-01,0.48277304,0.4796438
XGBoost,val,77.656897_13.173209,2023-10-01,0.4364381,0.4335294
XGBoost,val,77.661388_12.737526,2023-10-01,0.57931346,0.59188473
XGBoost,val,77.661388_12.759984,2023-10-01,0.57806915,0.5956575
XGBoost,val,77.661388_13.056428,2023-10-01,0.47855854,0.4854584
XGBoost,val,77.661388_13.074394,2023-10-01,0.5662537,0.56733006
XGBoost,val,77.661388_13.087869,2023-10-01,0.45980415,0.46732873
XGBoost,val,77.661388_13.101344,2023-10-01,0.48217922,0.47586274
XGBoost,val,77.661388_13.110327,2023-10-01,0.5283009,0.54796684
XGBoost,val,77.661388_13.11931,2023-10-01,0.6015877,0.62551975
XGBoost,val,77.66588_12.679136,2023-10-01,0.65891796,0.6706849
XGBoost,val,77.66588_12.697102,2023-10-01,0.6376383,0.6603676
XGBoost,val,77.66588_12.715068,2023-10-01,0.65075886,0.6688917
XGBoost,val,77.66588_12.724051,2023-10-01,0.62265325,0.6584724
XGBoost,val,77.66588_12.751001,2023-10-01,0.52913165,0.5376584
XGBoost,val,77.66588_12.755492,2023-10-01,0.5756218,0.59914356
XGBoost,val,77.66588_12.764475,2023-10-01,0.5723133,0.5923349
XGBoost,val,77.66588_12.768967,2023-10-01,0.7117666,0.74324894
XGBoost,val,77.66588_12.791425,2023-10-01,0.6055803,0.63619846
XGBoost,val,77.66588_12.953122,2023-10-01,0.56023943,0.5875375
XGBoost,val,77.66588_13.038462,2023-10-01,0.47209406,0.4877806
XGBoost,val,77.66588_13.051936,2023-10-01,0.5355434,0.53873533
XGBoost,val,77.66588_13.173209,2023-10-01,0.42208838,0.43086314
XGBoost,val,77.670371_12.71956,2023-10-01,0.6575563,0.6820974
XGBoost,val,77.670371_12.86329,2023-10-01,0.53063387,0.54843813
XGBoost,val,77.670371_12.881256,2023-10-01,0.48632842,0.49939945
XGBoost,val,77.670371_12.894731,2023-10-01,0.4348742,0.44638112
XGBoost,val,77.670371_13.069903,2023-10-01,0.4430442,0.4509889
XGBoost,val,77.670371_13.083377,2023-10-01,0.41658753,0.42572972
XGBoost,val,77.670371_13.092361,2023-10-01,0.41712657,0.43196177
XGBoost,val,77.670371_13.128293,2023-10-01,0.5392684,0.53254354
XGBoost,val,77.674863_12.674644,2023-10-01,0.73979366,0.75322556
XGBoost,val,77.674863_12.71956,2023-10-01,0.665562,0.67957944
XGBoost,val,77.674863_12.755492,2023-10-01,0.5164859,0.53522885
XGBoost,val,77.674863_12.764475,2023-10-01,0.5166781,0.54428583
XGBoost,val,77.674863_12.786933,2023-10-01,0.5257429,0.54473513
XGBoost,val,77.674863_12.836341,2023-10-01,0.53502184,0.5562556
XGBoost,val,77.674863_12.867782,2023-10-01,0.79113775,0.81261337
XGBoost,val,77.674863_13.051936,2023-10-01,0.5303149,0.5427397
XGBoost,val,77.674863_13.069903,2023-10-01,0.3999669,0.42451006
XGBoost,val,77.674863_13.092361,2023-10-01,0.45285052,0.46975884
XGBoost,val,77.674863_13.105835,2023-10-01,0.52363914,0.51363266
XGBoost,val,77.679355_12.697102,2023-10-01,0.5363697,0.5475187
XGBoost,val,77.679355_12.746509,2023-10-01,0.68804383,0.71031463
XGBoost,val,77.679355_12.881256,2023-10-01,0.48930746,0.51339155
XGBoost,val,77.679355_12.89024,2023-10-01,0.5241386,0.5367445
XGBoost,val,77.679355_12.899223,2023-10-01,0.42630166,0.42911413
XGBoost,val,77.679355_13.047445,2023-10-01,0.7787445,0.7926982
XGBoost,val,77.679355_13.056428,2023-10-01,0.4968013,0.49514553
XGBoost,val,77.679355_13.074394,2023-10-01,0.4610749,0.4627649
XGBoost,val,77.679355_13.101344,2023-10-01,0.48261768,0.48215967
XGBoost,val,77.679355_13.141768,2023-10-01,0.51621497,0.53638256
XGBoost,val,77.679355_13.155243,2023-10-01,0.43485996,0.4319814
XGBoost,val,77.679355_13.159734,2023-10-01,0.45735887,0.46853042
XGBoost,val,77.683846_12.728543,2023-10-01,0.5562422,0.5840062
XGBoost,val,77.683846_12.742018,2023-10-01,0.51275235,0.52414787
XGBoost,val,77.683846_12.755492,2023-10-01,0.71924865,0.7433919
XGBoost,val,77.683846_12.795916,2023-10-01,0.52185804,0.5374373
XGBoost,val,77.683846_12.8049,2023-10-01,0.49853566,0.517482
XGBoost,val,77.683846_12.836341,2023-10-01,0.6038854,0.6285312
XGBoost,val,77.683846_12.840832,2023-10-01,0.6140677,0.6402398
XGBoost,val,77.683846_12.894731,2023-10-01,0.5176294,0.53058416
XGBoost,val,77.683846_12.917189,2023-10-01,0.44858694,0.45194042
XGBoost,val,77.683846_12.939647,2023-10-01,0.71895283,0.74155635
XGBoost,val,77.683846_13.029478,2023-10-01,0.35557276,0.38506204
XGBoost,val,77.683846_13.06092,2023-10-01,0.48010677,0.47621694
XGBoost,val,77.683846_13.074394,2023-10-01,0.4332583,0.4283227
XGBoost,val,77.683846_13.11931,2023-10-01,0.408977,0.41600373
XGBoost,val,77.683846_13.123802,2023-10-01,0.47000128,0.47016677
XGBoost,val,77.688338_12.656678,2023-10-01,0.72201395,0.7384174
XGBoost,val,77.688338_12.69261,2023-10-01,0.8156894,0.83242
XGBoost,val,77.688338_12.697102,2023-10-01,0.8269173,0.8407856
XGBoost,val,77.688338_12.710577,2023-10-01,0.8178296,0.8386391
XGBoost,val,77.688338_12.751001,2023-10-01,0.59955704,0.619885
XGBoost,val,77.688338_12.755492,2023-10-01,0.5578024,0.57119
XGBoost,val,77.688338_12.876765,2023-10-01,0.80324847,0.82101953
XGBoost,val,77.688338_12.885748,2023-10-01,0.5321067,0.5350672
XGBoost,val,77.688338_12.966596,2023-10-01,0.58250815,0.5924461
XGBoost,val,77.692829_12.746509,2023-10-01,0.4738722,0.49456856
XGBoost,val,77.692829_12.800408,2023-10-01,0.4553444,0.47824472
XGBoost,val,77.692829_12.845324,2023-10-01,0.66443706,0.6641476
XGBoost,val,77.692829_12.885748,2023-10-01,0.5447715,0.5740698
XGBoost,val,77.692829_12.899223,2023-10-01,0.47684425,0.47958642
XGBoost,val,77.692829_13.047445,2023-10-01,0.7846005,0.80216694
XGBoost,val,77.692829_13.06092,2023-10-01,0.6034798,0.60878646
XGBoost,val,77.692829_13.065411,2023-10-01,0.5903956,0.58595914
XGBoost,val,77.692829_13.083377,2023-10-01,0.43120664,0.43244487
XGBoost,val,77.692829_13.096852,2023-10-01,0.4247496,0.43217474
XGBoost,val,77.692829_13.132785,2023-10-01,0.4209368,0.43063608
XGBoost,val,77.692829_13.155243,2023-10-01,0.421234,0.43622833
XGBoost,val,77.697321_12.697102,2023-10-01,0.8164615,0.8371648
XGBoost,val,77.697321_12.751001,2023-10-01,0.5415596,0.55165786
XGBoost,val,77.697321_12.773459,2023-10-01,0.47934967,0.49229124
XGBoost,val,77.697321_12.791425,2023-10-01,0.575772,0.5935772
XGBoost,val,77.697321_12.885748,2023-10-01,0.5515888,0.5755437
XGBoost,val,77.697321_12.894731,2023-10-01,0.505832,0.50225663
XGBoost,val,77.697321_12.930664,2023-10-01,0.50519776,0.52120984
XGBoost,val,77.697321_12.966596,2023-10-01,0.5450973,0.56933784
XGBoost,val,77.697321_13.132785,2023-10-01,0.42156488,0.4294767
XGBoost,val,77.697321_13.150751,2023-10-01,0.46116728,0.47112495
XGBoost,val,77.697321_13.1777,2023-10-01,0.601696,0.6062697
XGBoost,val,77.701812_12.742018,2023-10-01,0.4988473,0.5171554
XGBoost,val,77.701812_12.77795,2023-10-01,0.46905953,0.49336612
XGBoost,val,77.701812_12.8049,2023-10-01,0.56116706,0.5857718
XGBoost,val,77.701812_12.822866,2023-10-01,0.5509996,0.5542843
XGBoost,val,77.701812_12.872273,2023-10-01,0.45182988,0.46986055
XGBoost,val,77.701812_12.984563,2023-10-01,0.47207054,0.4983016
XGBoost,val,77.701812_13.03397,2023-10-01,0.44005173,0.45375022
XGBoost,val,77.701812_13.114818,2023-10-01,0.5224545,0.51988673
XGBoost,val,77.701812_13.164226,2023-10-01,0.44216788,0.46663335
XGBoost,val,77.706304_12.746509,2023-10-01,0.5098293,0.5213187
XGBoost,val,77.706304_12.751001,2023-10-01,0.52091044,0.53626645
XGBoost,val,77.706304_12.759984,2023-10-01,0.42794028,0.4443339
XGBoost,val,77.706304_12.764475,2023-10-01,0.5112099,0.518252
XGBoost,val,77.706304_12.86329,2023-10-01,0.40643743,0.42335796
XGBoost,val,77.706304_12.984563,2023-10-01,0.47901946,0.5046445
XGBoost,val,77.706304_13.038462,2023-10-01,0.44841227,0.4548351
XGBoost,val,77.706304_13.042953,2023-10-01,0.52552307,0.5322995
XGBoost,val,77.706304_13.137276,2023-10-01,0.7745323,0.77143335
XGBoost,val,77.710796_12.715068,2023-10-01,0.62101376,0.6549441
XGBoost,val,77.710796_12.894731,2023-10-01,0.58926874,0.6110012
XGBoost,val,77.710796_12.899223,2023-10-01,0.51308787,0.52678937
XGBoost,val,77.710796_12.912697,2023-10-01,0.45567873,0.4642109
XGBoost,val,77.710796_13.03397,2023-10-01,0.4902058,0.47499892
XGBoost,val,77.710796_13.11931,2023-10-01,0.4624282,0.46351653
XGBoost,val,77.710796_13.123802,2023-10-01,0.42510974,0.4370081
XGBoost,val,77.710796_13.132785,2023-10-01,0.4764537,0.48763722
XGBoost,val,77.710796_13.150751,2023-10-01,0.39984414,0.43111247
XGBoost,val,77.710796_13.168717,2023-10-01,0.50419325,0.52379864
XGBoost,val,77.710796_13.173209,2023-10-01,0.52770823,0.52920836
XGBoost,val,77.715287_12.679136,2023-10-01,0.70500433,0.7286552
XGBoost,val,77.715287_12.742018,2023-10-01,0.49142045,0.5080582
XGBoost,val,77.715287_12.773459,2023-10-01,0.4740791,0.49527073
XGBoost,val,77.715287_12.822866,2023-10-01,0.5273348,0.53516394
XGBoost,val,77.715287_12.827358,2023-10-01,0.4676398,0.48602435
XGBoost,val,77.715287_12.845324,2023-10-01,0.412286,0.42923576
XGBoost,val,77.715287_12.885748,2023-10-01,0.5799751,0.58650887
XGBoost,val,77.715287_12.899223,2023-10-01,0.41394326,0.43158638
XGBoost,val,77.715287_12.939647,2023-10-01,0.7023686,0.7252982
XGBoost,val,77.715287_12.944139,2023-10-01,0.74043477,0.7610816
XGBoost,val,77.715287_12.94863,2023-10-01,0.59311175,0.6242661
XGBoost,val,77.715287_13.016004,2023-10-01,0.5327646,0.55355024
XGBoost,val,77.715287_13.029478,2023-10-01,0.39902663,0.41215414
XGBoost,val,77.715287_13.038462,2023-10-01,0.5539759,0.5424008
XGBoost,val,77.715287_13.051936,2023-10-01,0.53477806,0.5319662
XGBoost,val,77.715287_13.056428,2023-10-01,0.43966454,0.45071772
XGBoost,val,77.715287_13.096852,2023-10-01,0.38273868,0.38295504
XGBoost,val,77.715287_13.114818,2023-10-01,0.5389976,0.54728776
XGBoost,val,77.715287_13.128293,2023-10-01,0.47380364,0.49876547
XGBoost,val,77.719779_12.706085,2023-10-01,0.65198666,0.6654668
XGBoost,val,77.719779_12.746509,2023-10-01,0.71824205,0.7229477
XGBoost,val,77.719779_12.795916,2023-10-01,0.48697755,0.50485593
XGBoost,val,77.719779_12.840832,2023-10-01,0.53555936,0.5435767
XGBoost,val,77.719779_12.903714,2023-10-01,0.44518942,0.4516216
XGBoost,val,77.719779_13.069903,2023-10-01,0.42398292,0.43864608
XGBoost,val,77.719779_13.105835,2023-10-01,0.45649442,0.46272707
XGBoost,val,77.719779_13.123802,2023-10-01,0.43535155,0.4526893
XGBoost,val,77.719779_13.137276,2023-10-01,0.45540932,0.46516022
XGBoost,val,77.719779_13.155243,2023-10-01,0.427691,0.44540116
XGBoost,val,77.72427_12.674644,2023-10-01,0.549761,0.57338274
XGBoost,val,77.72427_12.697102,2023-10-01,0.50686884,0.51589304
XGBoost,val,77.72427_12.701593,2023-10-01,0.55047697,0.56763715
XGBoost,val,77.72427_12.724051,2023-10-01,0.5379868,0.55127484
XGBoost,val,77.72427_12.786933,2023-10-01,0.5102435,0.51425904
XGBoost,val,77.72427_12.791425,2023-10-01,0.51493603,0.5194149
XGBoost,val,77.72427_12.840832,2023-10-01,0.50621885,0.52007633
XGBoost,val,77.72427_12.867782,2023-10-01,0.46633333,0.46605825
XGBoost,val,77.72427_12.885748,2023-10-01,0.4901596,0.5035868
XGBoost,val,77.72427_13.024987,2023-10-01,0.82799566,0.82047707
XGBoost,val,77.72427_13.06092,2023-10-01,0.44915497,0.45000905
XGBoost,val,77.72427_13.074394,2023-10-01,0.46832985,0.47288227
XGBoost,val,77.728762_12.706085,2023-10-01,0.64826876,0.6677815
XGBoost,val,77.728762_12.724051,2023-10-01,0.6493442,0.66874796
XGBoost,val,77.728762_12.759984,2023-10-01,0.5257354,0.53179514
XGBoost,val,77.728762_12.782442,2023-10-01,0.56399757,0.5707009
XGBoost,val,77.728762_12.809391,2023-10-01,0.52051383,0.51552373
XGBoost,val,77.728762_12.858799,2023-10-01,0.5565401,0.5725383
XGBoost,val,77.728762_12.876765,2023-10-01,0.5696403,0.58100903
XGBoost,val,77.728762_12.885748,2023-10-01,0.49080825,0.49341145
XGBoost,val,77.728762_13.016004,2023-10-01,0.80147994,0.8144399
XGBoost,val,77.728762_13.047445,2023-10-01,0.5041707,0.5121567
XGBoost,val,77.728762_13.087869,2023-10-01,0.5159647,0.5088102
XGBoost,val,77.728762_13.092361,2023-10-01,0.48286736,0.47815743
XGBoost,val,77.733253_12.755492,2023-10-01,0.46723124,0.4682429
XGBoost,val,77.733253_12.795916,2023-10-01,0.49425146,0.50721896
XGBoost,val,77.733253_12.86329,2023-10-01,0.5778658,0.591741
XGBoost,val,77.733253_12.872273,2023-10-01,0.5661114,0.5863542
XGBoost,val,77.733253_12.998037,2023-10-01,0.64340377,0.65657926
XGBoost,val,77.733253_13.056428,2023-10-01,0.4131907,0.4173236
XGBoost,val,77.737745_12.764475,2023-10-01,0.45134693,0.47530285
XGBoost,val,77.737745_12.791425,2023-10-01,0.479519,0.5054761
XGBoost,val,77.737745_12.809391,2023-10-01,0.4855116,0.48424977
XGBoost,val,77.737745_12.858799,2023-10-01,0.50920695,0.506998
XGBoost,val,77.737745_12.872273,2023-10-01,0.56014276,0.56800425
XGBoost,val,77.737745_12.881256,2023-10-01,0.5807376,0.6038201
XGBoost,val,77.737745_13.051936,2023-10-01,0.41792822,0.43058315
XGBoost,val,77.737745_13.06092,2023-10-01,0.45583725,0.45556942
XGBoost,val,77.737745_13.078886,2023-10-01,0.47138926,0.48061228
XGBoost,val,77.737745_13.101344,2023-10-01,0.41186982,0.4210432
XGBoost,val,77.742237_12.697102,2023-10-01,0.6691823,0.68494606
XGBoost,val,77.742237_12.764475,2023-10-01,0.478095,0.4887702
XGBoost,val,77.742237_12.795916,2023-10-01,0.4801362,0.49502626
XGBoost,val,77.742237_12.8049,2023-10-01,0.51063764,0.52104646
XGBoost,val,77.742237_12.86329,2023-10-01,0.44587237,0.43985415
XGBoost,val,77.742237_12.867782,2023-10-01,0.5767594,0.57678604
XGBoost,val,77.742237_12.89024,2023-10-01,0.5841905,0.58640766
XGBoost,val,77.742237_12.899223,2023-10-01,0.54669535,0.5813121
XGBoost,val,77.742237_12.921681,2023-10-01,0.49148294,0.49489525
XGBoost,val,77.742237_12.980071,2023-10-01,0.53947526,0.54810566
XGBoost,val,77.742237_13.002529,2023-10-01,0.5660095,0.58304745
XGBoost,val,77.742237_13.016004,2023-10-01,0.5362753,0.5746737
XGBoost,val,77.742237_13.038462,2023-10-01,0.43915007,0.4273414
XGBoost,val,77.742237_13.074394,2023-10-01,0.41526774,0.40782082
XGBoost,val,77.742237_13.078886,2023-10-01,0.49316564,0.47901502
XGBoost,val,77.742237_13.101344,2023-10-01,0.44319013,0.4495242
XGBoost,val,77.746728_12.751001,2023-10-01,0.50288224,0.526141
XGBoost,val,77.746728_12.764475,2023-10-01,0.5055639,0.5099219
XGBoost,val,77.746728_12.782442,2023-10-01,0.5507083,0.5752055
XGBoost,val,77.746728_12.97558,2023-10-01,0.5753383,0.57832575
XGBoost,val,77.746728_12.984563,2023-10-01,0.5348448,0.5543097
XGBoost,val,77.746728_13.016004,2023-10-01,0.5936945,0.6030484
XGBoost,val,77.746728_13.020495,2023-10-01,0.62197906,0.64335984
XGBoost,val,77.746728_13.024987,2023-10-01,0.50761247,0.52101374
XGBoost,val,77.746728_13.038462,2023-10-01,0.43319014,0.4372939
XGBoost,val,77.746728_13.06092,2023-10-01,0.38063127,0.38745445
XGBoost,val,77.746728_13.083377,2023-10-01,0.49811855,0.49592376
XGBoost,val,77.746728_13.092361,2023-10-01,0.46870387,0.46742558
XGBoost,val,77.75122_12.751001,2023-10-01,0.50302327,0.5104679
XGBoost,val,77.75122_12.755492,2023-10-01,0.57672733,0.5769889
XGBoost,val,77.75122_12.768967,2023-10-01,0.46597216,0.47330502
XGBoost,val,77.75122_12.77795,2023-10-01,0.5170432,0.528892
XGBoost,val,77.75122_12.894731,2023-10-01,0.4812812,0.49764273
XGBoost,val,77.75122_12.993546,2023-10-01,0.48554385,0.4818037
XGBoost,val,77.75122_13.020495,2023-10-01,0.53229725,0.5469701
XGBoost,val,77.75122_13.03397,2023-10-01,0.47665545,0.4736345
XGBoost,val,77.75122_13.038462,2023-10-01,0.39617643,0.4055052
XGBoost,val,77.755711_12.706085,2023-10-01,0.5744081,0.5915658
XGBoost,val,77.755711_12.764475,2023-10-01,0.7990257,0.83463484
XGBoost,val,77.755711_12.77795,2023-10-01,0.5009764,0.5012686
XGBoost,val,77.755711_12.822866,2023-10-01,0.47838753,0.48599365
XGBoost,val,77.755711_12.831849,2023-10-01,0.46103638,0.46273485
XGBoost,val,77.755711_12.858799,2023-10-01,0.518132,0.52224445
XGBoost,val,77.755711_12.885748,2023-10-01,0.53709674,0.5297649
XGBoost,val,77.755711_12.899223,2023-10-01,0.4419692,0.45859784
XGBoost,val,77.755711_12.903714,2023-10-01,0.49538293,0.49514633
XGBoost,val,77.755711_12.926172,2023-10-01,0.50697446,0.52634954
XGBoost,val,77.760203_12.751001,2023-10-01,0.5071637,0.51565564
XGBoost,val,77.760203_12.795916,2023-10-01,0.43956903,0.45849782
XGBoost,val,77.760203_12.818374,2023-10-01,0.57499754,0.6001747
XGBoost,val,77.760203_12.867782,2023-10-01,0.47377756,0.4742975
XGBoost,val,77.760203_12.872273,2023-10-01,0.4883094,0.4981916
XGBoost,val,77.760203_12.876765,2023-10-01,0.4541471,0.4687593
XGBoost,val,77.760203_12.885748,2023-10-01,0.5020668,0.4896692
XGBoost,val,77.760203_12.984563,2023-10-01,0.5333404,0.55027777
XGBoost,val,77.764695_12.742018,2023-10-01,0.668392,0.69751
XGBoost,val,77.764695_12.746509,2023-10-01,0.6646615,0.6769214
XGBoost,val,77.764695_12.813883,2023-10-01,0.52484244,0.5427273
XGBoost,val,77.764695_12.849815,2023-10-01,0.4956324,0.50322044
XGBoost,val,77.764695_12.885748,2023-10-01,0.5091786,0.51384974
XGBoost,val,77.764695_12.912697,2023-10-01,0.5246806,0.5279218
XGBoost,val,77.764695_13.03397,2023-10-01,0.39207995,0.38977396
XGBoost,val,77.769186_12.751001,2023-10-01,0.7056449,0.72962064
XGBoost,val,77.769186_12.791425,2023-10-01,0.45982444,0.46530652
XGBoost,val,77.769186_12.800408,2023-10-01,0.51904976,0.5392084
XGBoost,val,77.769186_12.8049,2023-10-01,0.5639331,0.5862
XGBoost,val,77.769186_12.809391,2023-10-01,0.47476876,0.4865859
XGBoost,val,77.769186_12.876765,2023-10-01,0.5141021,0.5259528
XGBoost,val,77.769186_12.894731,2023-10-01,0.48797816,0.49589804
XGBoost,val,77.769186_13.016004,2023-10-01,0.4612166,0.471336
XGBoost,val,77.773678_12.746509,2023-10-01,0.6999712,0.7105744
XGBoost,val,77.773678_12.858799,2023-10-01,0.4686288,0.47420204
XGBoost,val,77.773678_12.885748,2023-10-01,0.5079876,0.49841896
XGBoost,val,77.773678_12.899223,2023-10-01,0.45106548,0.4597903
XGBoost,val,77.773678_12.908206,2023-10-01,0.530974,0.517489
XGBoost,val,77.778169_12.809391,2023-10-01,0.46266243,0.47069472
XGBoost,val,77.778169_12.885748,2023-10-01,0.51302093,0.5200844
XGBoost,val,77.782661_12.786933,2023-10-01,0.44680807,0.45864606
XGBoost,val,77.782661_12.791425,2023-10-01,0.49128097,0.51601887
XGBoost,val,77.782661_12.89024,2023-10-01,0.5104621,0.5193662
XGBoost,val,77.787152_12.786933,2023-10-01,0.4534774,0.47857
XGBoost,val,77.787152_12.849815,2023-10-01,0.4871062,0.4824313
XGBoost,val,77.787152_12.867782,2023-10-01,0.45269322,0.4588858
XGBoost,val,77.791644_12.8049,2023-10-01,0.4901733,0.51013094
XGBoost,val,77.791644_12.899223,2023-10-01,0.47068474,0.47453165
XGBoost,val,77.796136_12.854307,2023-10-01,0.45478132,0.46206808
XGBoost,val,77.796136_12.885748,2023-10-01,0.52914953,0.52599645
XGBoost,val,77.800627_12.876765,2023-10-01,0.5346662,0.5379065
XGBoost,val,77.800627_12.885748,2023-10-01,0.48970026,0.48212308
XGBoost,val,77.805119_12.876765,2023-10-01,0.5400862,0.5452395
XGBoost,val,77.805119_12.89024,2023-10-01,0.50461733,0.5081663
XGBoost,val,77.80961_12.858799,2023-10-01,0.5017618,0.5103915
XGBoost,val,77.80961_12.86329,2023-10-01,0.47643852,0.47787747
XGBoost,test,77.342486_12.944139,2024-05-01,0.69430125,0.7009854
XGBoost,test,77.346978_12.86329,2024-05-01,0.5657974,0.56607455
XGBoost,test,77.346978_12.962105,2024-05-01,0.5048407,0.514068
XGBoost,test,77.355961_12.962105,2024-05-01,0.7396089,0.7471292
XGBoost,test,77.360453_12.867782,2024-05-01,0.3942692,0.40320864
XGBoost,test,77.364944_12.854307,2024-05-01,0.4313207,0.40888122
XGBoost,test,77.364944_12.962105,2024-05-01,0.4258362,0.41936633
XGBoost,test,77.369436_12.881256,2024-05-01,0.4362051,0.44051543
XGBoost,test,77.373927_12.971088,2024-05-01,0.4342627,0.4416289
XGBoost,test,77.391894_12.881256,2024-05-01,0.45056635,0.4597777
XGBoost,test,77.396385_12.894731,2024-05-01,0.48152968,0.49858546
XGBoost,test,77.396385_12.944139,2024-05-01,0.4652046,0.48497182
XGBoost,test,77.396385_12.97558,2024-05-01,0.36928484,0.37686628
XGBoost,test,77.396385_13.029478,2024-05-01,0.3694776,0.3577541
XGBoost,test,77.400877_12.966596,2024-05-01,0.36297223,0.3579687
XGBoost,test,77.400877_13.029478,2024-05-01,0.3418436,0.34275064
XGBoost,test,77.405368_12.998037,2024-05-01,0.41854718,0.42433584
XGBoost,test,77.40986_12.872273,2024-05-01,0.3577181,0.36159208
XGBoost,test,77.40986_12.881256,2024-05-01,0.3312337,0.34133995
XGBoost,test,77.40986_12.962105,2024-05-01,0.44746375,0.46282062
XGBoost,test,77.414352_12.989054,2024-05-01,0.3630946,0.3709359
XGBoost,test,77.414352_12.993546,2024-05-01,0.40634865,0.40718424
XGBoost,test,77.414352_13.03397,2024-05-01,0.37132132,0.3945748
XGBoost,test,77.418843_12.971088,2024-05-01,0.38286778,0.39311448
XGBoost,test,77.418843_12.993546,2024-05-01,0.4224037,0.40318838
XGBoost,test,77.418843_13.016004,2024-05-01,0.3739458,0.37847245
XGBoost,test,77.423335_13.002529,2024-05-01,0.48701823,0.4836168
XGBoost,test,77.427826_13.110327,2024-05-01,0.40407267,0.40988278
XGBoost,test,77.432318_12.998037,2024-05-01,0.3548194,0.34985396
XGBoost,test,77.432318_13.092361,2024-05-01,0.3934669,0.3963534
XGBoost,test,77.436809_12.854307,2024-05-01,0.37332395,0.3809075
XGBoost,test,77.441301_12.818374,2024-05-01,0.514901,0.51159376
XGBoost,test,77.441301_12.831849,2024-05-01,0.41820914,0.41318443
XGBoost,test,77.441301_13.083377,2024-05-01,0.43225312,0.45674416
XGBoost,test,77.441301_13.110327,2024-05-01,0.41167054,0.41835406
XGBoost,test,77.445793_12.840832,2024-05-01,0.5065948,0.496327
XGBoost,test,77.445793_12.86329,2024-05-01,0.5490945,0.5517046
XGBoost,test,77.445793_12.867782,2024-05-01,0.5328781,0.52910745
XGBoost,test,77.450284_12.872273,2024-05-01,0.5099877,0.50405794
XGBoost,test,77.450284_12.993546,2024-05-01,0.3183525,0.3386938
XGBoost,test,77.454776_12.993546,2024-05-01,0.3682351,0.35946363
XGBoost,test,77.454776_13.087869,2024-05-01,0.3920284,0.3966021
XGBoost,test,77.459267_12.822866,2024-05-01,0.47110492,0.4699579
XGBoost,test,77.459267_12.872273,2024-05-01,0.4694471,0.47242478
XGBoost,test,77.463759_12.813883,2024-05-01,0.4459194,0.45787773
XGBoost,test,77.463759_12.86329,2024-05-01,0.5160642,0.52395844
XGBoost,test,77.463759_12.953122,2024-05-01,0.74295145,0.74600524
XGBoost,test,77.46825_12.827358,2024-05-01,0.39481613,0.4075376
XGBoost,test,77.46825_12.953122,2024-05-01,0.4328667,0.42201802
XGBoost,test,77.46825_12.966596,2024-05-01,0.43599975,0.43890077
XGBoost,test,77.46825_13.007021,2024-05-01,0.35039625,0.3450036
XGBoost,test,77.46825_13.150751,2024-05-01,0.37591395,0.38371137
XGBoost,test,77.481725_12.831849,2024-05-01,0.42429784,0.4395471
XGBoost,test,77.481725_13.096852,2024-05-01,0.54903495,0.5651339
XGBoost,test,77.481725_13.137276,2024-05-01,0.7293715,0.74121004
XGBoost,test,77.486217_13.042953,2024-05-01,0.5013803,0.50618535
XGBoost,test,77.499692_12.755492,2024-05-01,0.5749273,0.5837118
XGBoost,test,77.499692_13.137276,2024-05-01,0.43582305,0.44824302
XGBoost,test,77.504183_12.818374,2024-05-01,0.51145804,0.5082273
XGBoost,test,77.504183_12.854307,2024-05-01,0.4887062,0.4904842
XGBoost,test,77.508675_12.751001,2024-05-01,0.6289003,0.6172305
XGBoost,test,77.508675_12.795916,2024-05-01,0.55481774,0.54558885
XGBoost,test,77.508675_12.831849,2024-05-01,0.5170099,0.51735234
XGBoost,test,77.508675_12.845324,2024-05-01,0.52450037,0.5177689
XGBoost,test,77.508675_13.114818,2024-05-01,0.41456327,0.43002343
XGBoost,test,77.513166_12.77795,2024-05-01,0.63765955,0.6191894
XGBoost,test,77.513166_12.822866,2024-05-01,0.6168447,0.6226436
XGBoost,test,77.517658_12.77795,2024-05-01,0.57812303,0.56250817
XGBoost,test,77.517658_12.782442,2024-05-01,0.5905563,0.5752501
XGBoost,test,77.517658_12.827358,2024-05-01,0.5239288,0.5253198
XGBoost,test,77.517658_12.849815,2024-05-01,0.4959912,0.50051045
XGBoost,test,77.517658_13.11931,2024-05-01,0.36663127,0.38127765
XGBoost,test,77.522149_12.813883,2024-05-01,0.49572572,0.4873106
XGBoost,test,77.522149_12.818374,2024-05-01,0.46658581,0.46575058
XGBoost,test,77.522149_12.845324,2024-05-01,0.5381129,0.524555
XGBoost,test,77.522149_13.056428,2024-05-01,0.63550305,0.6303701
XGBoost,test,77.526641_13.105835,2024-05-01,0.3937225,0.41086048
XGBoost,test,77.526641_13.110327,2024-05-01,0.38093266,0.41371354
XGBoost,test,77.531133_12.795916,2024-05-01,0.5791106,0.57824177
XGBoost,test,77.531133_12.822866,2024-05-01,0.5273428,0.50884193
XGBoost,test,77.535624_12.872273,2024-05-01,0.4185432,0.42308187
XGBoost,test,77.535624_13.069903,2024-05-01,0.6885126,0.70948565
XGBoost,test,77.535624_13.096852,2024-05-01,0.44019312,0.45798916
XGBoost,test,77.535624_13.137276,2024-05-01,0.37506196,0.4052003
XGBoost,test,77.540116_12.795916,2024-05-01,0.5967371,0.60776466
XGBoost,test,77.540116_13.042953,2024-05-01,0.5610191,0.5624405
XGBoost,test,77.540116_13.074394,2024-05-01,0.58819026,0.6184934
XGBoost,test,77.540116_13.092361,2024-05-01,0.4065136,0.4165528
XGBoost,test,77.540116_13.101344,2024-05-01,0.3996505,0.4152463
XGBoost,test,77.540116_13.105835,2024-05-01,0.41839117,0.43682763
XGBoost,test,77.540116_13.114818,2024-05-01,0.4102614,0.40981668
XGBoost,test,77.540116_13.155243,2024-05-01,0.47323105,0.49307632
XGBoost,test,77.549099_12.831849,2024-05-01,0.6384704,0.6194999
XGBoost,test,77.549099_12.836341,2024-05-01,0.6089187,0.6113695
XGBoost,test,77.549099_13.132785,2024-05-01,0.62102824,0.62392366
XGBoost,test,77.55359_12.71956,2024-05-01,0.7269572,0.73765564
XGBoost,test,77.55359_13.101344,2024-05-01,0.40086916,0.4157361
XGBoost,test,77.55359_13.110327,2024-05-01,0.47172624,0.49608693
XGBoost,test,77.55359_13.128293,2024-05-01,0.59635663,0.60422593
XGBoost,test,77.558082_12.710577,2024-05-01,0.7434936,0.7509091
XGBoost,test,77.558082_13.042953,2024-05-01,0.6622042,0.63940614
XGBoost,test,77.558082_13.051936,2024-05-01,0.70290864,0.70468175
XGBoost,test,77.558082_13.110327,2024-05-01,0.4914271,0.507709
XGBoost,test,77.562574_12.827358,2024-05-01,0.68873626,0.6943397
XGBoost,test,77.562574_12.858799,2024-05-01,0.42105904,0.42224413
XGBoost,test,77.562574_13.141768,2024-05-01,0.4179854,0.4268996
XGBoost,test,77.567065_13.114818,2024-05-01,0.64383924,0.6421147
XGBoost,test,77.576048_12.728543,2024-05-01,0.72699434,0.7520506
XGBoost,test,77.576048_12.827358,2024-05-01,0.6044312,0.61309206
XGBoost,test,77.58054_12.845324,2024-05-01,0.6781179,0.68832636
XGBoost,test,77.58054_13.083377,2024-05-01,0.5135216,0.5045803
XGBoost,test,77.58054_13.087869,2024-05-01,0.47372505,0.486542
XGBoost,test,77.585031_12.849815,2024-05-01,0.6783921,0.6829032
XGBoost,test,77.585031_13.042953,2024-05-01,0.6820679,0.6938505
XGBoost,test,77.589523_12.71956,2024-05-01,0.79567784,0.81241935
XGBoost,test,77.589523_12.746509,2024-05-01,0.6904744,0.6917154
XGBoost,test,77.589523_13.083377,2024-05-01,0.5902668,0.6011486
XGBoost,test,77.594015_12.724051,2024-05-01,0.8022373,0.8167243
XGBoost,test,77.594015_12.831849,2024-05-01,0.584058,0.5946757
XGBoost,test,77.594015_12.998037,2024-05-01,0.75426,0.7414654
XGBoost,test,77.594015_13.087869,2024-05-01,0.5908649,0.61370754
XGBoost,test,77.598506_12.665661,2024-05-01,0.7536956,0.77545893
XGBoost,test,77.598506_12.710577,2024-05-01,0.6568016,0.6758832
XGBoost,test,77.598506_13.083377,2024-05-01,0.5809312,0.5867887
XGBoost,test,77.602998_12.710577,2024-05-01,0.67750317,0.68671405
XGBoost,test,77.602998_12.827358,2024-05-01,0.4776307,0.48953107
XGBoost,test,77.602998_13.114818,2024-05-01,0.555235,0.5649323
XGBoost,test,77.607489_12.768967,2024-05-01,0.6035167,0.62307763
XGBoost,test,77.607489_12.773459,2024-05-01,0.57010883,0.5894094
XGBoost,test,77.607489_12.791425,2024-05-01,0.5252184,0.5344337
XGBoost,test,77.607489_13.087869,2024-05-01,0.7204129,0.7285763
XGBoost,test,77.611981_12.831849,2024-05-01,0.5375151,0.5453174
XGBoost,test,77.611981_12.953122,2024-05-01,0.7209774,0.71873826
XGBoost,test,77.611981_13.168717,2024-05-01,0.40398163,0.413041
XGBoost,test,77.629947_12.795916,2024-05-01,0.7772246,0.7739841
XGBoost,test,77.629947_12.809391,2024-05-01,0.45523277,0.4626972
XGBoost,test,77.629947_13.087869,2024-05-01,0.44247475,0.43278098
XGBoost,test,77.634439_12.679136,2024-05-01,0.7447908,0.75457156
XGBoost,test,77.634439_12.701593,2024-05-01,0.7001217,0.7249964
XGBoost,test,77.634439_12.733034,2024-05-01,0.4740666,0.48182848
XGBoost,test,77.634439_12.746509,2024-05-01,0.5146054,0.51563746
XGBoost,test,77.634439_12.751001,2024-05-01,0.5003082,0.5244219
XGBoost,test,77.634439_13.083377,2024-05-01,0.39883798,0.42158234
XGBoost,test,77.63893_12.688119,2024-05-01,0.66795546,0.68169993
XGBoost,test,77.63893_12.742018,2024-05-01,0.521731,0.5288184
XGBoost,test,77.63893_12.791425,2024-05-01,0.52800655,0.52588755
XGBoost,test,77.63893_12.800408,2024-05-01,0.46015158,0.46768612
XGBoost,test,77.63893_12.818374,2024-05-01,0.45906815,0.4642884
XGBoost,test,77.63893_12.989054,2024-05-01,0.652758,0.63661754
XGBoost,test,77.63893_13.078886,2024-05-01,0.42989036,0.4288604
XGBoost,test,77.63893_13.083377,2024-05-01,0.39191592,0.4194381
XGBoost,test,77.643422_12.800408,2024-05-01,0.46691594,0.47582176
XGBoost,test,77.643422_12.809391,2024-05-01,0.4916308,0.48205847
XGBoost,test,77.643422_13.164226,2024-05-01,0.5684824,0.57456076
XGBoost,test,77.647914_12.688119,2024-05-01,0.7023183,0.7063587
XGBoost,test,77.652405_12.697102,2024-05-01,0.65806645,0.6804508
XGBoost,test,77.652405_12.795916,2024-05-01,0.4222453,0.41764715
XGBoost,test,77.656897_12.742018,2024-05-01,0.5289014,0.5298963
XGBoost,test,77.656897_12.746509,2024-05-01,0.50450003,0.50996363
XGBoost,test,77.656897_12.849815,2024-05-01,0.4203709,0.422456
XGBoost,test,77.656897_13.101344,2024-05-01,0.4656875,0.46842703
XGBoost,test,77.656897_13.164226,2024-05-01,0.4383159,0.45342278
XGBoost,test,77.661388_12.759984,2024-05-01,0.53702414,0.5478259
XGBoost,test,77.661388_13.074394,2024-05-01,0.5219679,0.51844543
XGBoost,test,77.661388_13.087869,2024-05-01,0.42468488,0.42280933
XGBoost,test,77.661388_13.101344,2024-05-01,0.43647084,0.4451841
XGBoost,test,77.661388_13.110327,2024-05-01,0.50409424,0.51567984
XGBoost,test,77.661388_13.11931,2024-05-01,0.58138657,0.6007699
XGBoost,test,77.66588_12.679136,2024-05-01,0.63452715,0.6271671
XGBoost,test,77.66588_12.697102,2024-05-01,0.60800564,0.6114873
XGBoost,test,77.66588_12.715068,2024-05-01,0.6152173,0.6303381
XGBoost,test,77.66588_12.751001,2024-05-01,0.48853365,0.48794347
XGBoost,test,77.66588_12.755492,2024-05-01,0.5495606,0.55793774
XGBoost,test,77.66588_12.764475,2024-05-01,0.53070664,0.5433559
XGBoost,test,77.66588_12.953122,2024-05-01,0.5436336,0.5524792
XGBoost,test,77.670371_13.069903,2024-05-01,0.416733,0.41062632
XGBoost,test,77.670371_13.083377,2024-05-01,0.37033388,0.40008327
XGBoost,test,77.670371_13.092361,2024-05-01,0.3860312,0.39349583
XGBoost,test,77.670371_13.128293,2024-05-01,0.4833439,0.4944146
XGBoost,test,77.674863_12.71956,2024-05-01,0.63684106,0.6389606
XGBoost,test,77.674863_12.755492,2024-05-01,0.49678597,0.4854506
XGBoost,test,77.674863_12.764475,2024-05-01,0.49085417,0.48534495
XGBoost,test,77.674863_12.786933,2024-05-01,0.51128197,0.4906822
XGBoost,test,77.674863_12.836341,2024-05-01,0.50362796,0.49582565
XGBoost,test,77.674863_13.069903,2024-05-01,0.38213703,0.3815246
XGBoost,test,77.674863_13.092361,2024-05-01,0.42581764,0.4276613
XGBoost,test,77.674863_13.105835,2024-05-01,0.4758884,0.4897981
XGBoost,test,77.679355_12.697102,2024-05-01,0.50343174,0.5029537
XGBoost,test,77.679355_12.746509,2024-05-01,0.65999234,0.68128556
XGBoost,test,77.679355_13.074394,2024-05-01,0.42596394,0.42499527
XGBoost,test,77.679355_13.101344,2024-05-01,0.44500518,0.46282306
XGBoost,test,77.679355_13.141768,2024-05-01,0.5001569,0.50153935
XGBoost,test,77.679355_13.155243,2024-05-01,0.39455935,0.40792984
XGBoost,test,77.683846_12.728543,2024-05-01,0.5379503,0.54882365
XGBoost,test,77.683846_12.742018,2024-05-01,0.4820482,0.48905414
XGBoost,test,77.683846_12.795916,2024-05-01,0.5059065,0.4853228
XGBoost,test,77.683846_12.8049,2024-05-01,0.48358363,0.47371793
XGBoost,test,77.683846_12.836341,2024-05-01,0.5774884,0.59381586
XGBoost,test,77.683846_12.840832,2024-05-01,0.5866139,0.6051285
XGBoost,test,77.683846_12.917189,2024-05-01,0.4010715,0.41277897
XGBoost,test,77.683846_13.06092,2024-05-01,0.45747098,0.44917405
XGBoost,test,77.683846_13.074394,2024-05-01,0.39722154,0.40107003
XGBoost,test,77.683846_13.11931,2024-05-01,0.35756487,0.36615226
XGBoost,test,77.683846_13.123802,2024-05-01,0.42699805,0.4312414
XGBoost,test,77.688338_12.69261,2024-05-01,0.77878207,0.7928883
XGBoost,test,77.688338_12.697102,2024-05-01,0.7921215,0.798349
XGBoost,test,77.688338_12.966596,2024-05-01,0.5486527,0.554994
XGBoost,test,77.692829_12.800408,2024-05-01,0.44574285,0.452274
XGBoost,test,77.692829_12.845324,2024-05-01,0.6200508,0.62903446
XGBoost,test,77.692829_12.899223,2024-05-01,0.45874405,0.45072514
XGBoost,test,77.692829_13.06092,2024-05-01,0.5749445,0.5770287
XGBoost,test,77.692829_13.065411,2024-05-01,0.546371,0.5367382
XGBoost,test,77.692829_13.083377,2024-05-01,0.39268917,0.40419963
XGBoost,test,77.692829_13.096852,2024-05-01,0.38624918,0.407895
XGBoost,test,77.692829_13.132785,2024-05-01,0.38459778,0.40700847
XGBoost,test,77.692829_13.155243,2024-05-01,0.37622687,0.40705672
XGBoost,test,77.697321_12.697102,2024-05-01,0.77324873,0.79862803
XGBoost,test,77.697321_12.894731,2024-05-01,0.46926084,0.4742287
XGBoost,test,77.697321_13.132785,2024-05-01,0.39775878,0.40708682
XGBoost,test,77.697321_13.150751,2024-05-01,0.43119925,0.43918216
XGBoost,test,77.701812_12.822866,2024-05-01,0.5123822,0.49600887
XGBoost,test,77.701812_12.984563,2024-05-01,0.4582104,0.4686045
XGBoost,test,77.701812_13.114818,2024-05-01,0.49810106,0.476681
XGBoost,test,77.706304_12.984563,2024-05-01,0.46187654,0.46959984
XGBoost,test,77.706304_13.137276,2024-05-01,0.7426618,0.74962634
XGBoost,test,77.710796_12.715068,2024-05-01,0.59320396,0.61233556
XGBoost,test,77.710796_13.03397,2024-05-01,0.4607548,0.42264482
XGBoost,test,77.710796_13.11931,2024-05-01,0.42337638,0.42617512
XGBoost,test,77.710796_13.123802,2024-05-01,0.38685414,0.4006239
XGBoost,test,77.710796_13.132785,2024-05-01,0.4530146,0.4614372
XGBoost,test,77.710796_13.150751,2024-05-01,0.37514925,0.4014211
XGBoost,test,77.715287_12.679136,2024-05-01,0.6775897,0.6853588
XGBoost,test,77.715287_12.742018,2024-05-01,0.46619228,0.46938798
XGBoost,test,77.715287_12.822866,2024-05-01,0.5059477,0.48434743
XGBoost,test,77.715287_12.827358,2024-05-01,0.44856074,0.45251176
XGBoost,test,77.715287_12.845324,2024-05-01,0.38528663,0.398312
XGBoost,test,77.715287_12.885748,2024-05-01,0.5287314,0.5411851
XGBoost,test,77.715287_13.029478,2024-05-01,0.36463776,0.36068532
XGBoost,test,77.715287_13.038462,2024-05-01,0.4910398,0.48117143
XGBoost,test,77.715287_13.096852,2024-05-01,0.34250882,0.34533784
XGBoost,test,77.715287_13.114818,2024-05-01,0.49920306,0.4937231
XGBoost,test,77.715287_13.128293,2024-05-01,0.4474011,0.4684318
XGBoost,test,77.719779_12.746509,2024-05-01,0.6723256,0.6827476
XGBoost,test,77.719779_12.795916,2024-05-01,0.4690838,0.4690199
XGBoost,test,77.719779_12.840832,2024-05-01,0.52319825,0.49786767
XGBoost,test,77.719779_13.069903,2024-05-01,0.3931212,0.41489285
XGBoost,test,77.719779_13.105835,2024-05-01,0.42423132,0.423296
XGBoost,test,77.719779_13.123802,2024-05-01,0.40068954,0.41148052
XGBoost,test,77.719779_13.137276,2024-05-01,0.4314211,0.43168274
XGBoost,test,77.72427_12.674644,2024-05-01,0.519558,0.518257
XGBoost,test,77.72427_12.840832,2024-05-01,0.49004835,0.48988757
XGBoost,test,77.72427_13.06092,2024-05-01,0.41374323,0.4172276
XGBoost,test,77.72427_13.074394,2024-05-01,0.43545395,0.4370809
XGBoost,test,77.728762_12.759984,2024-05-01,0.48332974,0.48402062
XGBoost,test,77.728762_12.782442,2024-05-01,0.5139742,0.52811706
XGBoost,test,77.728762_12.809391,2024-05-01,0.4738484,0.47357985
XGBoost,test,77.728762_13.047445,2024-05-01,0.47083122,0.46525803
XGBoost,test,77.728762_13.087869,2024-05-01,0.4768572,0.45315707
XGBoost,test,77.728762_13.092361,2024-05-01,0.45257822,0.44772965
XGBoost,test,77.733253_13.056428,2024-05-01,0.37175664,0.37007537
XGBoost,test,77.737745_12.764475,2024-05-01,0.42292964,0.4279127
XGBoost,test,77.737745_12.791425,2024-05-01,0.45995584,0.46546352
XGBoost,test,77.737745_12.809391,2024-05-01,0.4566364,0.44952765
XGBoost,test,77.737745_12.858799,2024-05-01,0.474353,0.4763864
XGBoost,test,77.737745_12.881256,2024-05-01,0.55145514,0.5609844
XGBoost,test,77.737745_13.051936,2024-05-01,0.375767,0.3802156
XGBoost,test,77.737745_13.06092,2024-05-01,0.4274435,0.4098758
XGBoost,test,77.737745_13.101344,2024-05-01,0.36413553,0.38693377
XGBoost,test,77.742237_12.697102,2024-05-01,0.6366429,0.633163
XGBoost,test,77.742237_12.86329,2024-05-01,0.39767662,0.40807813
XGBoost,test,77.742237_12.89024,2024-05-01,0.5390613,0.553638
XGBoost,test,77.742237_12.980071,2024-05-01,0.49657357,0.49890506
XGBoost,test,77.742237_13.016004,2024-05-01,0.52329993,0.5267954
XGBoost,test,77.742237_13.038462,2024-05-01,0.39016327,0.3948506
XGBoost,test,77.742237_13.074394,2024-05-01,0.35783723,0.35779822
XGBoost,test,77.742237_13.101344,2024-05-01,0.40472353,0.4152056
XGBoost,test,77.746728_12.782442,2024-05-01,0.53690875,0.5352581
XGBoost,test,77.746728_12.97558,2024-05-01,0.5246623,0.54116935
XGBoost,test,77.746728_12.984563,2024-05-01,0.5096895,0.51682013
XGBoost,test,77.746728_13.016004,2024-05-01,0.55628985,0.558815
XGBoost,test,77.746728_13.020495,2024-05-01,0.5955646,0.59796023
XGBoost,test,77.746728_13.024987,2024-05-01,0.48212114,0.47366145
XGBoost,test,77.746728_13.038462,2024-05-01,0.38861284,0.40881282
XGBoost,test,77.746728_13.06092,2024-05-01,0.34469303,0.35612673
XGBoost,test,77.75122_12.751001,2024-05-01,0.46669745,0.48179728
XGBoost,test,77.75122_12.77795,2024-05-01,0.48937127,0.48482704
XGBoost,test,77.75122_12.993546,2024-05-01,0.44269386,0.45480123
XGBoost,test,77.75122_13.020495,2024-05-01,0.5057113,0.4988075
XGBoost,test,77.75122_13.03397,2024-05-01,0.41820788,0.4375091
XGBoost,test,77.75122_13.038462,2024-05-01,0.34991392,0.36369464
XGBoost,test,77.755711_12.77795,2024-05-01,0.4600517,0.4631107
XGBoost,test,77.755711_12.831849,2024-05-01,0.41958246,0.4211421
XGBoost,test,77.755711_12.858799,2024-05-01,0.48049673,0.48616505
XGBoost,test,77.755711_12.885748,2024-05-01,0.48999006,0.48644367
XGBoost,test,77.760203_12.751001,2024-05-01,0.46361035,0.47432193
XGBoost,test,77.760203_12.795916,2024-05-01,0.4205363,0.41214758
XGBoost,test,77.760203_12.867782,2024-05-01,0.42582485,0.4535147
XGBoost,test,77.760203_12.872273,2024-05-01,0.45046315,0.4654583
XGBoost,test,77.760203_12.876765,2024-05-01,0.42158878,0.432053
XGBoost,test,77.760203_12.984563,2024-05-01,0.50148,0.49803022
XGBoost,test,77.764695_12.813883,2024-05-01,0.5093087,0.4893803
XGBoost,test,77.764695_12.849815,2024-05-01,0.4671664,0.46820882
XGBoost,test,77.764695_12.912697,2024-05-01,0.4762846,0.4899466
XGBoost,test,77.764695_13.03397,2024-05-01,0.35957342,0.36017156
XGBoost,test,77.769186_12.791425,2024-05-01,0.42428353,0.42253175
XGBoost,test,77.769186_12.800408,2024-05-01,0.4975923,0.4813899
XGBoost,test,77.769186_12.8049,2024-05-01,0.5468492,0.54182285
XGBoost,test,77.769186_12.809391,2024-05-01,0.4562422,0.45094833
XGBoost,test,77.769186_12.876765,2024-05-01,0.48945874,0.48161328
XGBoost,test,77.769186_13.016004,2024-05-01,0.4323985,0.4376026
XGBoost,test,77.787152_12.867782,2024-05-01,0.42314819,0.4202259
XGBoost,test,77.80961_12.858799,2024-05-01,0.47032028,0.46878853
XGBoost,test,77.80961_12.86329,2024-05-01,0.44635564,0.4396359
XGBoost,test,77.342486_12.944139,2024-06-01,0.7126106,0.7081619
XGBoost,test,77.346978_12.962105,2024-06-01,0.5354051,0.50807434
XGBoost,test,77.355961_12.962105,2024-06-01,0.77406,0.7620209
XGBoost,test,77.360453_12.867782,2024-06-01,0.41586515,0.39926904
XGBoost,test,77.364944_12.962105,2024-06-01,0.45309243,0.4295329
XGBoost,test,77.369436_12.881256,2024-06-01,0.45807126,0.44773513
XGBoost,test,77.373927_12.971088,2024-06-01,0.4593065,0.44776824
XGBoost,test,77.391894_12.881256,2024-06-01,0.47404382,0.46667424
XGBoost,test,77.396385_13.029478,2024-06-01,0.37789297,0.37680176
XGBoost,test,77.400877_12.966596,2024-06-01,0.38557813,0.3687781
XGBoost,test,77.400877_13.029478,2024-06-01,0.35640264,0.34820572
XGBoost,test,77.40986_12.962105,2024-06-01,0.48337305,0.46615994
XGBoost,test,77.414352_12.989054,2024-06-01,0.37960854,0.35748002
XGBoost,test,77.414352_12.993546,2024-06-01,0.41492152,0.41120842
XGBoost,test,77.414352_13.03397,2024-06-01,0.40148768,0.401765
XGBoost,test,77.414352_13.096852,2024-06-01,0.37785923,0.37292048
XGBoost,test,77.418843_12.971088,2024-06-01,0.40299165,0.39806154
XGBoost,test,77.418843_12.993546,2024-06-01,0.42418203,0.41425374
XGBoost,test,77.418843_13.016004,2024-06-01,0.39384165,0.3848243
XGBoost,test,77.423335_13.002529,2024-06-01,0.50726557,0.4853901
XGBoost,test,77.423335_13.092361,2024-06-01,0.32589486,0.3581446
XGBoost,test,77.427826_13.110327,2024-06-01,0.4155323,0.4241676
XGBoost,test,77.432318_12.998037,2024-06-01,0.3729031,0.359048
XGBoost,test,77.441301_13.110327,2024-06-01,0.42190087,0.43892968
XGBoost,test,77.450284_12.971088,2024-06-01,0.45884204,0.44669873
XGBoost,test,77.450284_12.993546,2024-06-01,0.34021285,0.35376897
XGBoost,test,77.450284_13.029478,2024-06-01,0.42792472,0.42392412
XGBoost,test,77.454776_12.993546,2024-06-01,0.38633353,0.3823335
XGBoost,test,77.459267_12.872273,2024-06-01,0.49048993,0.48210397
XGBoost,test,77.459267_12.903714,2024-06-01,0.41674826,0.41405272
XGBoost,test,77.459267_13.016004,2024-06-01,0.37765494,0.37804922
XGBoost,test,77.459267_13.020495,2024-06-01,0.3552436,0.3603565
XGBoost,test,77.463759_12.885748,2024-06-01,0.5717195,0.5674231
XGBoost,test,77.463759_12.894731,2024-06-01,0.46636036,0.4573854
XGBoost,test,77.463759_12.899223,2024-06-01,0.4936804,0.48687798
XGBoost,test,77.463759_12.953122,2024-06-01,0.74972624,0.74675643
XGBoost,test,77.46825_12.894731,2024-06-01,0.43387383,0.43842876
XGBoost,test,77.46825_12.953122,2024-06-01,0.4467302,0.43084568
XGBoost,test,77.46825_12.966596,2024-06-01,0.45588034,0.44933665
XGBoost,test,77.46825_13.007021,2024-06-01,0.37163943,0.36306965
XGBoost,test,77.46825_13.150751,2024-06-01,0.39297226,0.41108462
XGBoost,test,77.477234_12.899223,2024-06-01,0.4034493,0.4100917
XGBoost,test,77.481725_12.89024,2024-06-01,0.50928384,0.50215536
XGBoost,test,77.481725_12.894731,2024-06-01,0.46219125,0.46498373
XGBoost,test,77.481725_13.137276,2024-06-01,0.74222696,0.7273591
XGBoost,test,77.486217_13.042953,2024-06-01,0.51860917,0.5201269
XGBoost,test,77.490708_12.89024,2024-06-01,0.4653312,0.47199497
XGBoost,test,77.499692_13.137276,2024-06-01,0.45628217,0.44111168
XGBoost,test,77.504183_12.818374,2024-06-01,0.53060704,0.50330216
XGBoost,test,77.504183_12.854307,2024-06-01,0.5000908,0.4938597
XGBoost,test,77.504183_12.953122,2024-06-01,0.5439975,0.5351328
XGBoost,test,77.508675_12.795916,2024-06-01,0.5649714,0.5604444
XGBoost,test,77.508675_12.831849,2024-06-01,0.5361826,0.5117161
XGBoost,test,77.508675_12.845324,2024-06-01,0.53761214,0.53110826
XGBoost,test,77.508675_12.912697,2024-06-01,0.49386597,0.48871404
XGBoost,test,77.508675_12.917189,2024-06-01,0.516459,0.51062864
XGBoost,test,77.508675_13.114818,2024-06-01,0.4336297,0.43629977
XGBoost,test,77.513166_12.77795,2024-06-01,0.6511277,0.6183336
XGBoost,test,77.513166_12.822866,2024-06-01,0.647875,0.62533486
XGBoost,test,77.517658_12.77795,2024-06-01,0.600272,0.5783282
XGBoost,test,77.517658_12.782442,2024-06-01,0.6046911,0.5916153
XGBoost,test,77.517658_12.827358,2024-06-01,0.5362224,0.5166871
XGBoost,test,77.517658_12.849815,2024-06-01,0.5052979,0.50444597
XGBoost,test,77.517658_13.11931,2024-06-01,0.3817114,0.39310443
XGBoost,test,77.522149_12.813883,2024-06-01,0.50503504,0.48984566
XGBoost,test,77.522149_12.818374,2024-06-01,0.47782665,0.46445835
XGBoost,test,77.522149_12.845324,2024-06-01,0.5394446,0.5373116
XGBoost,test,77.522149_13.056428,2024-06-01,0.64692307,0.63060004
XGBoost,test,77.522149_13.200158,2024-06-01,0.4597954,0.4544393
XGBoost,test,77.526641_12.89024,2024-06-01,0.6563545,0.6328337
XGBoost,test,77.526641_12.899223,2024-06-01,0.5925205,0.58029264
XGBoost,test,77.526641_13.105835,2024-06-01,0.41828078,0.42889556
XGBoost,test,77.526641_13.110327,2024-06-01,0.3988311,0.4156609
XGBoost,test,77.531133_12.795916,2024-06-01,0.5935035,0.58702266
XGBoost,test,77.531133_12.822866,2024-06-01,0.5250369,0.5072737
XGBoost,test,77.531133_12.894731,2024-06-01,0.52576375,0.50629425
XGBoost,test,77.531133_13.083377,2024-06-01,0.561417,0.57353866
XGBoost,test,77.535624_12.872273,2024-06-01,0.43654603,0.4334931
XGBoost,test,77.535624_12.899223,2024-06-01,0.49110255,0.4797446
XGBoost,test,77.535624_13.069903,2024-06-01,0.6962882,0.71233606
XGBoost,test,77.535624_13.083377,2024-06-01,0.54601777,0.55874467
XGBoost,test,77.535624_13.096852,2024-06-01,0.4577058,0.4572012
XGBoost,test,77.535624_13.137276,2024-06-01,0.3924465,0.40760636
XGBoost,test,77.540116_12.795916,2024-06-01,0.62896913,0.6158775
XGBoost,test,77.540116_13.042953,2024-06-01,0.5703564,0.57432836
XGBoost,test,77.540116_13.074394,2024-06-01,0.6066263,0.60634625
XGBoost,test,77.540116_13.092361,2024-06-01,0.41351807,0.43211836
XGBoost,test,77.540116_13.101344,2024-06-01,0.40607473,0.42801607
XGBoost,test,77.540116_13.105835,2024-06-01,0.42772934,0.43688422
XGBoost,test,77.540116_13.114818,2024-06-01,0.41079488,0.424381
XGBoost,test,77.540116_13.155243,2024-06-01,0.48236886,0.5025423
XGBoost,test,77.540116_13.182192,2024-06-01,0.41200015,0.41839415
XGBoost,test,77.549099_12.831849,2024-06-01,0.63716054,0.62860125
XGBoost,test,77.549099_12.836341,2024-06-01,0.61516356,0.6080885
XGBoost,test,77.549099_12.894731,2024-06-01,0.6261447,0.6175221
XGBoost,test,77.549099_13.132785,2024-06-01,0.6410184,0.6271964
XGBoost,test,77.55359_12.71956,2024-06-01,0.75913185,0.7413893
XGBoost,test,77.55359_13.101344,2024-06-01,0.42167193,0.4287234
XGBoost,test,77.55359_13.110327,2024-06-01,0.479479,0.49613696
XGBoost,test,77.55359_13.128293,2024-06-01,0.61357915,0.60919166
XGBoost,test,77.558082_12.710577,2024-06-01,0.77768,0.75141644
XGBoost,test,77.558082_13.042953,2024-06-01,0.6459527,0.6379441
XGBoost,test,77.558082_13.051936,2024-06-01,0.69943845,0.7112842
XGBoost,test,77.558082_13.110327,2024-06-01,0.5005751,0.5107332
XGBoost,test,77.562574_12.827358,2024-06-01,0.7063763,0.6991845
XGBoost,test,77.562574_12.858799,2024-06-01,0.44268298,0.4349667
XGBoost,test,77.562574_12.872273,2024-06-01,0.5882358,0.58066076
XGBoost,test,77.562574_13.141768,2024-06-01,0.43379545,0.43268827
XGBoost,test,77.567065_13.114818,2024-06-01,0.6514862,0.6623724
XGBoost,test,77.576048_12.728543,2024-06-01,0.7616793,0.73379654
XGBoost,test,77.576048_12.827358,2024-06-01,0.6414105,0.61699903
XGBoost,test,77.58054_12.845324,2024-06-01,0.70335764,0.693393
XGBoost,test,77.58054_13.083377,2024-06-01,0.5130673,0.5163181
XGBoost,test,77.58054_13.087869,2024-06-01,0.479055,0.48887697
XGBoost,test,77.585031_12.849815,2024-06-01,0.68870664,0.6811647
XGBoost,test,77.585031_13.042953,2024-06-01,0.6998849,0.69422513
XGBoost,test,77.589523_12.71956,2024-06-01,0.82710904,0.80987406
XGBoost,test,77.589523_12.746509,2024-06-01,0.72824776,0.70600593
XGBoost,test,77.589523_12.854307,2024-06-01,0.6138267,0.6064877
XGBoost,test,77.589523_13.083377,2024-06-01,0.5960827,0.606779
XGBoost,test,77.594015_12.724051,2024-06-01,0.85047483,0.8189445
XGBoost,test,77.594015_12.831849,2024-06-01,0.59485,0.588749
XGBoost,test,77.594015_12.998037,2024-06-01,0.7432793,0.7228168
XGBoost,test,77.594015_13.087869,2024-06-01,0.61437345,0.6065596
XGBoost,test,77.598506_12.665661,2024-06-01,0.7938287,0.7465818
XGBoost,test,77.598506_12.710577,2024-06-01,0.6942983,0.66573465
XGBoost,test,77.598506_13.083377,2024-06-01,0.59726405,0.59069985
XGBoost,test,77.602998_12.710577,2024-06-01,0.7163201,0.69270897
XGBoost,test,77.602998_12.827358,2024-06-01,0.5064967,0.50034183
XGBoost,test,77.602998_13.114818,2024-06-01,0.5872549,0.5751496
XGBoost,test,77.607489_12.768967,2024-06-01,0.6290858,0.6087823
XGBoost,test,77.607489_12.773459,2024-06-01,0.591097,0.5902535
XGBoost,test,77.607489_12.791425,2024-06-01,0.5573091,0.53871566
XGBoost,test,77.607489_13.087869,2024-06-01,0.7323653,0.72464347
XGBoost,test,77.611981_12.674644,2024-06-01,0.8019117,0.7780106
XGBoost,test,77.611981_12.831849,2024-06-01,0.5723088,0.543427
XGBoost,test,77.611981_12.953122,2024-06-01,0.7295769,0.72751695
XGBoost,test,77.611981_13.168717,2024-06-01,0.4168409,0.43146658
XGBoost,test,77.620964_12.674644,2024-06-01,0.80383044,0.7815412
XGBoost,test,77.629947_12.795916,2024-06-01,0.78951997,0.7796635
XGBoost,test,77.629947_12.809391,2024-06-01,0.48696625,0.47721717
XGBoost,test,77.629947_12.854307,2024-06-01,0.5098515,0.5006071
XGBoost,test,77.629947_13.087869,2024-06-01,0.44286674,0.45136306
XGBoost,test,77.634439_12.679136,2024-06-01,0.7858605,0.75885904
XGBoost,test,77.634439_12.701593,2024-06-01,0.74379957,0.7262065
XGBoost,test,77.634439_12.733034,2024-06-01,0.4897638,0.48322114
XGBoost,test,77.634439_12.746509,2024-06-01,0.53553164,0.52210766
XGBoost,test,77.634439_12.751001,2024-06-01,0.5392511,0.5170641
XGBoost,test,77.634439_12.849815,2024-06-01,0.5577028,0.5365233
XGBoost,test,77.634439_13.083377,2024-06-01,0.41160628,0.4343187
XGBoost,test,77.63893_12.688119,2024-06-01,0.70089746,0.6838447
XGBoost,test,77.63893_12.742018,2024-06-01,0.5450406,0.5301919
XGBoost,test,77.63893_12.791425,2024-06-01,0.5636005,0.52596873
XGBoost,test,77.63893_12.800408,2024-06-01,0.485208,0.48042506
XGBoost,test,77.63893_12.818374,2024-06-01,0.4990018,0.46472633
XGBoost,test,77.63893_12.989054,2024-06-01,0.6718054,0.6366311
XGBoost,test,77.63893_13.078886,2024-06-01,0.4421182,0.43617952
XGBoost,test,77.63893_13.083377,2024-06-01,0.4095436,0.4261933
XGBoost,test,77.643422_12.800408,2024-06-01,0.49958375,0.4873046
XGBoost,test,77.643422_12.809391,2024-06-01,0.5335021,0.50352573
XGBoost,test,77.643422_13.164226,2024-06-01,0.5810511,0.5821427
XGBoost,test,77.647914_12.688119,2024-06-01,0.73122215,0.721603
XGBoost,test,77.647914_12.935155,2024-06-01,0.690093,0.656302
XGBoost,test,77.652405_12.697102,2024-06-01,0.6948792,0.68225914
XGBoost,test,77.652405_12.795916,2024-06-01,0.45890862,0.433312
XGBoost,test,77.656897_12.742018,2024-06-01,0.55529267,0.53063154
XGBoost,test,77.656897_12.746509,2024-06-01,0.5454338,0.5163796
XGBoost,test,77.656897_12.831849,2024-06-01,0.5811082,0.57227767
XGBoost,test,77.656897_12.849815,2024-06-01,0.44755945,0.4364299
XGBoost,test,77.656897_13.164226,2024-06-01,0.45280114,0.454695
XGBoost,test,77.661388_12.759984,2024-06-01,0.5838355,0.5519296
XGBoost,test,77.661388_13.056428,2024-06-01,0.46257216,0.45938766
XGBoost,test,77.661388_13.074394,2024-06-01,0.53773683,0.5268117
XGBoost,test,77.661388_13.110327,2024-06-01,0.5202825,0.52431434
XGBoost,test,77.661388_13.11931,2024-06-01,0.6002077,0.59888923
XGBoost,test,77.66588_12.679136,2024-06-01,0.66367507,0.62450325
XGBoost,test,77.66588_12.697102,2024-06-01,0.64439416,0.6045258
XGBoost,test,77.66588_12.715068,2024-06-01,0.65675974,0.6197222
XGBoost,test,77.66588_12.751001,2024-06-01,0.52137893,0.49066386
XGBoost,test,77.66588_12.755492,2024-06-01,0.5826032,0.5633808
XGBoost,test,77.66588_12.764475,2024-06-01,0.5677794,0.5484459
XGBoost,test,77.66588_12.953122,2024-06-01,0.5608876,0.56728953
XGBoost,test,77.66588_13.038462,2024-06-01,0.4592281,0.45955363
XGBoost,test,77.66588_13.051936,2024-06-01,0.5087257,0.49918756
XGBoost,test,77.670371_13.083377,2024-06-01,0.38222626,0.39200437
XGBoost,test,77.670371_13.128293,2024-06-01,0.49427587,0.5093602
XGBoost,test,77.674863_12.71956,2024-06-01,0.6803884,0.6472055
XGBoost,test,77.674863_12.755492,2024-06-01,0.5270001,0.49450296
XGBoost,test,77.674863_12.764475,2024-06-01,0.53318113,0.5024617
XGBoost,test,77.674863_12.786933,2024-06-01,0.5402719,0.50654435
XGBoost,test,77.674863_12.836341,2024-06-01,0.5339811,0.51695913
XGBoost,test,77.674863_13.051936,2024-06-01,0.50628406,0.5153741
XGBoost,test,77.679355_12.697102,2024-06-01,0.5368674,0.51049507
XGBoost,test,77.679355_12.746509,2024-06-01,0.69299376,0.6795974
XGBoost,test,77.679355_13.056428,2024-06-01,0.45292768,0.45791486
XGBoost,test,77.679355_13.141768,2024-06-01,0.49737695,0.50567937
XGBoost,test,77.679355_13.155243,2024-06-01,0.39139304,0.42692277
XGBoost,test,77.679355_13.159734,2024-06-01,0.4351387,0.4477737
XGBoost,test,77.683846_12.728543,2024-06-01,0.5653396,0.54329234
XGBoost,test,77.683846_12.742018,2024-06-01,0.52013886,0.5005995
XGBoost,test,77.683846_12.795916,2024-06-01,0.52335685,0.50687623
XGBoost,test,77.683846_12.8049,2024-06-01,0.5085331,0.4902666
XGBoost,test,77.683846_12.836341,2024-06-01,0.6069918,0.59324974
XGBoost,test,77.683846_12.840832,2024-06-01,0.61598045,0.59591454
XGBoost,test,77.683846_12.917189,2024-06-01,0.438151,0.42051375
XGBoost,test,77.683846_13.06092,2024-06-01,0.46459126,0.4395771
XGBoost,test,77.683846_13.074394,2024-06-01,0.38367584,0.4113329
XGBoost,test,77.683846_13.11931,2024-06-01,0.37723455,0.37800834
XGBoost,test,77.683846_13.123802,2024-06-01,0.44268474,0.44568476
XGBoost,test,77.688338_12.69261,2024-06-01,0.8069923,0.78705245
XGBoost,test,77.688338_12.697102,2024-06-01,0.82445914,0.7994907
XGBoost,test,77.688338_12.966596,2024-06-01,0.5793743,0.565825
XGBoost,test,77.692829_12.800408,2024-06-01,0.4682178,0.45513222
XGBoost,test,77.692829_12.845324,2024-06-01,0.64786077,0.629306
XGBoost,test,77.692829_12.899223,2024-06-01,0.47383416,0.46164104
XGBoost,test,77.692829_13.06092,2024-06-01,0.58281535,0.5858152
XGBoost,test,77.692829_13.065411,2024-06-01,0.5484072,0.550753
XGBoost,test,77.692829_13.083377,2024-06-01,0.4086335,0.41249385
XGBoost,test,77.692829_13.096852,2024-06-01,0.39005512,0.4143544
XGBoost,test,77.692829_13.132785,2024-06-01,0.39177743,0.41330054
XGBoost,test,77.692829_13.155243,2024-06-01,0.3995225,0.4194163
XGBoost,test,77.697321_12.697102,2024-06-01,0.8082083,0.7987598
XGBoost,test,77.697321_12.894731,2024-06-01,0.49758342,0.48559573
XGBoost,test,77.697321_13.132785,2024-06-01,0.3965301,0.41047558
XGBoost,test,77.697321_13.150751,2024-06-01,0.44564277,0.45111495
XGBoost,test,77.697321_13.1777,2024-06-01,0.57694775,0.5697893
XGBoost,test,77.701812_12.822866,2024-06-01,0.53154063,0.5164721
XGBoost,test,77.701812_12.984563,2024-06-01,0.4738212,0.46691155
XGBoost,test,77.701812_13.164226,2024-06-01,0.44435143,0.45202956
XGBoost,test,77.706304_12.984563,2024-06-01,0.4765291,0.46710885
XGBoost,test,77.706304_13.038462,2024-06-01,0.42832878,0.4346112
XGBoost,test,77.706304_13.042953,2024-06-01,0.5019162,0.5070969
XGBoost,test,77.706304_13.137276,2024-06-01,0.7461196,0.7475185
XGBoost,test,77.710796_12.715068,2024-06-01,0.62431425,0.60356075
XGBoost,test,77.710796_13.03397,2024-06-01,0.4421225,0.43961838
XGBoost,test,77.710796_13.150751,2024-06-01,0.39092946,0.40426758
XGBoost,test,77.710796_13.168717,2024-06-01,0.49847192,0.50736684
XGBoost,test,77.710796_13.173209,2024-06-01,0.5041603,0.499076
XGBoost,test,77.715287_12.679136,2024-06-01,0.7059156,0.67912894
XGBoost,test,77.715287_12.742018,2024-06-01,0.508213,0.47687772
XGBoost,test,77.715287_12.822866,2024-06-01,0.5120771,0.49894112
XGBoost,test,77.715287_12.827358,2024-06-01,0.46756712,0.4589874
XGBoost,test,77.715287_12.845324,2024-06-01,0.4049117,0.41006103
XGBoost,test,77.715287_12.885748,2024-06-01,0.56340396,0.5527427
XGBoost,test,77.715287_13.029478,2024-06-01,0.38453588,0.37064677
XGBoost,test,77.715287_13.038462,2024-06-01,0.5073515,0.5124588
XGBoost,test,77.715287_13.051936,2024-06-01,0.5082701,0.49913558
XGBoost,test,77.715287_13.056428,2024-06-01,0.418044,0.4269881
XGBoost,test,77.719779_12.746509,2024-06-01,0.7132772,0.69822437
XGBoost,test,77.719779_12.795916,2024-06-01,0.49727643,0.47153762
XGBoost,test,77.719779_12.840832,2024-06-01,0.53140974,0.51280093
XGBoost,test,77.719779_13.123802,2024-06-01,0.4122229,0.4304056
XGBoost,test,77.719779_13.155243,2024-06-01,0.40613708,0.4263954
XGBoost,test,77.72427_12.674644,2024-06-01,0.5437469,0.5214218
XGBoost,test,77.72427_12.840832,2024-06-01,0.50447387,0.4958178
XGBoost,test,77.728762_12.759984,2024-06-01,0.5214676,0.49761048
XGBoost,test,77.728762_12.782442,2024-06-01,0.55415756,0.53064215
XGBoost,test,77.728762_12.809391,2024-06-01,0.51316226,0.48394027
XGBoost,test,77.728762_13.047445,2024-06-01,0.47840628,0.4861542
XGBoost,test,77.737745_12.764475,2024-06-01,0.45262983,0.4297955
XGBoost,test,77.737745_12.791425,2024-06-01,0.49000645,0.4686934
XGBoost,test,77.737745_12.809391,2024-06-01,0.48110646,0.4588307
XGBoost,test,77.737745_12.858799,2024-06-01,0.50109273,0.48936445
XGBoost,test,77.737745_12.881256,2024-06-01,0.58134675,0.5661466
XGBoost,test,77.742237_12.697102,2024-06-01,0.66367656,0.6484355
XGBoost,test,77.742237_12.86329,2024-06-01,0.43147576,0.4177953
XGBoost,test,77.742237_12.89024,2024-06-01,0.55893254,0.5611525
XGBoost,test,77.742237_12.980071,2024-06-01,0.52149403,0.5153176
XGBoost,test,77.742237_13.016004,2024-06-01,0.5323132,0.5315038
XGBoost,test,77.742237_13.038462,2024-06-01,0.4012411,0.4208067
XGBoost,test,77.746728_12.782442,2024-06-01,0.55605227,0.5373896
XGBoost,test,77.746728_12.97558,2024-06-01,0.5582777,0.54699606
XGBoost,test,77.746728_12.984563,2024-06-01,0.5251264,0.52376103
XGBoost,test,77.746728_13.016004,2024-06-01,0.56983477,0.57180005
XGBoost,test,77.746728_13.020495,2024-06-01,0.60369444,0.60365117
XGBoost,test,77.746728_13.024987,2024-06-01,0.49853027,0.49958074
XGBoost,test,77.746728_13.038462,2024-06-01,0.4088324,0.42712617
XGBoost,test,77.75122_12.751001,2024-06-01,0.4952337,0.48049322
XGBoost,test,77.75122_12.77795,2024-06-01,0.5132757,0.49807024
XGBoost,test,77.75122_12.993546,2024-06-01,0.4609672,0.45719987
XGBoost,test,77.75122_13.020495,2024-06-01,0.5165817,0.5194723
XGBoost,test,77.75122_13.03397,2024-06-01,0.4413899,0.44753912
XGBoost,test,77.75122_13.038462,2024-06-01,0.36718327,0.3740443
XGBoost,test,77.755711_12.77795,2024-06-01,0.49348453,0.47530353
XGBoost,test,77.755711_12.831849,2024-06-01,0.4453274,0.43261504
XGBoost,test,77.755711_12.858799,2024-06-01,0.5089352,0.5034172
XGBoost,test,77.755711_12.885748,2024-06-01,0.5039401,0.50327194
XGBoost,test,77.760203_12.751001,2024-06-01,0.4958004,0.48173374
XGBoost,test,77.760203_12.795916,2024-06-01,0.44826746,0.4302719
XGBoost,test,77.760203_12.867782,2024-06-01,0.46404883,0.45176804
XGBoost,test,77.760203_12.872273,2024-06-01,0.48423713,0.4662966
XGBoost,test,77.760203_12.876765,2024-06-01,0.45090196,0.44104293
XGBoost,test,77.760203_12.984563,2024-06-01,0.52051765,0.51628363
XGBoost,test,77.764695_12.813883,2024-06-01,0.5220076,0.49458376
XGBoost,test,77.764695_12.849815,2024-06-01,0.48689744,0.47489893
XGBoost,test,77.764695_12.912697,2024-06-01,0.4986011,0.50321764
XGBoost,test,77.764695_13.03397,2024-06-01,0.37600765,0.37709415
XGBoost,test,77.769186_12.751001,2024-06-01,0.697415,0.69436395
XGBoost,test,77.769186_12.791425,2024-06-01,0.45618555,0.43292183
XGBoost,test,77.769186_12.800408,2024-06-01,0.51835674,0.50045705
XGBoost,test,77.769186_12.8049,2024-06-01,0.56532496,0.5508997
XGBoost,test,77.769186_12.809391,2024-06-01,0.47262585,0.46713117
XGBoost,test,77.769186_12.876765,2024-06-01,0.50259006,0.50332946
XGBoost,test,77.769186_13.016004,2024-06-01,0.44776547,0.44684532
XGBoost,test,77.787152_12.867782,2024-06-01,0.4450353,0.4365162
XGBoost,test,77.791644_12.8049,2024-06-01,0.4885897,0.46745998
XGBoost,test,77.80961_12.858799,2024-06-01,0.4868103,0.47322658
XGBoost,test,77.80961_12.86329,2024-06-01,0.46204555,0.4543773
XGBoost,test,77.342486_12.926172,2024-07-01,0.730952,0.7397608
XGBoost,test,77.346978_12.86329,2024-07-01,0.58358437,0.5792268
XGBoost,test,77.369436_12.881256,2024-07-01,0.4489219,0.45591438
XGBoost,test,77.369436_12.89024,2024-07-01,0.4284828,0.43501392
XGBoost,test,77.382911_12.894731,2024-07-01,0.48428866,0.494423
XGBoost,test,77.391894_12.881256,2024-07-01,0.47475746,0.4618359
XGBoost,test,77.391894_12.885748,2024-07-01,0.51417726,0.5038598
XGBoost,test,77.396385_12.894731,2024-07-01,0.49417323,0.49573594
XGBoost,test,77.396385_12.908206,2024-07-01,0.41772458,0.42554143
XGBoost,test,77.396385_12.944139,2024-07-01,0.47627583,0.4945349
XGBoost,test,77.405368_12.903714,2024-07-01,0.36219776,0.3736543
XGBoost,test,77.405368_13.105835,2024-07-01,0.39922574,0.4245262
XGBoost,test,77.405368_13.11931,2024-07-01,0.36458072,0.38838616
XGBoost,test,77.414352_12.930664,2024-07-01,0.44873303,0.46985647
XGBoost,test,77.414352_12.989054,2024-07-01,0.36687583,0.37827566
XGBoost,test,77.414352_12.993546,2024-07-01,0.38813597,0.41695362
XGBoost,test,77.414352_13.11931,2024-07-01,0.3945662,0.41955057
XGBoost,test,77.418843_12.993546,2024-07-01,0.39700705,0.42716542
XGBoost,test,77.423335_12.921681,2024-07-01,0.43009126,0.4414672
XGBoost,test,77.432318_12.957613,2024-07-01,0.39602983,0.41879582
XGBoost,test,77.432318_12.998037,2024-07-01,0.35799837,0.37586713
XGBoost,test,77.436809_12.944139,2024-07-01,0.3968319,0.4126494
XGBoost,test,77.441301_12.944139,2024-07-01,0.46495593,0.48139572
XGBoost,test,77.441301_12.94863,2024-07-01,0.43332425,0.44747162
XGBoost,test,77.441301_13.110327,2024-07-01,0.41618788,0.4328415
XGBoost,test,77.445793_12.957613,2024-07-01,0.4508821,0.48134893
XGBoost,test,77.445793_12.984563,2024-07-01,0.43633503,0.44632608
XGBoost,test,77.450284_12.809391,2024-07-01,0.4587418,0.47156826
XGBoost,test,77.450284_12.971088,2024-07-01,0.43381017,0.4484904
XGBoost,test,77.450284_12.993546,2024-07-01,0.33191475,0.35226414
XGBoost,test,77.450284_13.146259,2024-07-01,0.49621615,0.5133994
XGBoost,test,77.454776_12.993546,2024-07-01,0.3724607,0.38114455
XGBoost,test,77.454776_13.141768,2024-07-01,0.48693928,0.5107072
XGBoost,test,77.459267_12.822866,2024-07-01,0.47458887,0.4896297
XGBoost,test,77.459267_13.11931,2024-07-01,0.42846945,0.45258567
XGBoost,test,77.46825_12.94863,2024-07-01,0.50744677,0.51778364
XGBoost,test,77.46825_12.966596,2024-07-01,0.44229868,0.45564386
XGBoost,test,77.46825_13.1777,2024-07-01,0.44959682,0.4685003
XGBoost,test,77.472742_12.746509,2024-07-01,0.5571577,0.57010776
XGBoost,test,77.472742_12.751001,2024-07-01,0.50561357,0.51449764
XGBoost,test,77.472742_12.755492,2024-07-01,0.5151509,0.5178763
XGBoost,test,77.472742_12.984563,2024-07-01,0.43086955,0.43509766
XGBoost,test,77.477234_12.764475,2024-07-01,0.50069785,0.50379694
XGBoost,test,77.477234_12.782442,2024-07-01,0.47257254,0.48354158
XGBoost,test,77.477234_12.944139,2024-07-01,0.46150675,0.4845731
XGBoost,test,77.477234_12.94863,2024-07-01,0.48864442,0.5008827
XGBoost,test,77.477234_12.971088,2024-07-01,0.49145493,0.50161195
XGBoost,test,77.481725_12.768967,2024-07-01,0.52219486,0.53096724
XGBoost,test,77.481725_12.944139,2024-07-01,0.47007054,0.48940206
XGBoost,test,77.481725_12.971088,2024-07-01,0.39658263,0.4121678
XGBoost,test,77.486217_12.764475,2024-07-01,0.48978156,0.49923947
XGBoost,test,77.490708_12.768967,2024-07-01,0.48836064,0.4992668
XGBoost,test,77.490708_13.182192,2024-07-01,0.43712455,0.46101478
XGBoost,test,77.490708_13.209142,2024-07-01,0.39707264,0.413261
XGBoost,test,77.4952_12.786933,2024-07-01,0.46217507,0.4661438
XGBoost,test,77.4952_13.182192,2024-07-01,0.45016348,0.46486688
XGBoost,test,77.499692_12.755492,2024-07-01,0.5869441,0.5887322
XGBoost,test,77.499692_13.168717,2024-07-01,0.4623303,0.4685322
XGBoost,test,77.504183_12.764475,2024-07-01,0.54911727,0.5627582
XGBoost,test,77.504183_12.786933,2024-07-01,0.5373829,0.52902555
XGBoost,test,77.504183_13.159734,2024-07-01,0.50131387,0.52630544
XGBoost,test,77.504183_13.195667,2024-07-01,0.3828206,0.40327582
XGBoost,test,77.508675_12.751001,2024-07-01,0.62890774,0.6340919
XGBoost,test,77.508675_12.795916,2024-07-01,0.5562023,0.5660137
XGBoost,test,77.508675_13.159734,2024-07-01,0.5212343,0.53305626
XGBoost,test,77.508675_13.191175,2024-07-01,0.3798701,0.40230545
XGBoost,test,77.513166_12.746509,2024-07-01,0.7514606,0.75562936
XGBoost,test,77.513166_12.764475,2024-07-01,0.5177627,0.5180158
XGBoost,test,77.513166_12.77795,2024-07-01,0.6324057,0.62323457
XGBoost,test,77.513166_13.1777,2024-07-01,0.41230348,0.4317723
XGBoost,test,77.517658_12.77795,2024-07-01,0.58524704,0.58004093
XGBoost,test,77.517658_13.186684,2024-07-01,0.4425457,0.46094742
XGBoost,test,77.517658_13.191175,2024-07-01,0.3877817,0.40990672
XGBoost,test,77.522149_12.782442,2024-07-01,0.6163713,0.6142219
XGBoost,test,77.522149_13.146259,2024-07-01,0.34782082,0.37330663
XGBoost,test,77.522149_13.200158,2024-07-01,0.448981,0.47074348
XGBoost,test,77.531133_13.083377,2024-07-01,0.56321204,0.56935024
XGBoost,test,77.531133_13.195667,2024-07-01,0.4788182,0.49869156
XGBoost,test,77.535624_13.083377,2024-07-01,0.5503372,0.55901134
XGBoost,test,77.535624_13.195667,2024-07-01,0.39370975,0.40843707
XGBoost,test,77.540116_13.042953,2024-07-01,0.56127167,0.5724956
XGBoost,test,77.540116_13.114818,2024-07-01,0.4067633,0.43586937
XGBoost,test,77.544607_13.218125,2024-07-01,0.45689893,0.48772827
XGBoost,test,77.549099_12.845324,2024-07-01,0.60417336,0.61399233
XGBoost,test,77.55359_12.71956,2024-07-01,0.74308455,0.74610186
XGBoost,test,77.55359_12.849815,2024-07-01,0.5888095,0.5991706
XGBoost,test,77.55359_13.069903,2024-07-01,0.72536504,0.73386276
XGBoost,test,77.55359_13.110327,2024-07-01,0.4828934,0.4953375
XGBoost,test,77.55359_13.168717,2024-07-01,0.47446388,0.4929438
XGBoost,test,77.55359_13.173209,2024-07-01,0.3934341,0.41653147
XGBoost,test,77.558082_13.042953,2024-07-01,0.64197934,0.66167367
XGBoost,test,77.558082_13.051936,2024-07-01,0.6966235,0.7196618
XGBoost,test,77.558082_13.110327,2024-07-01,0.4998074,0.51348484
XGBoost,test,77.558082_13.1777,2024-07-01,0.44638345,0.46465474
XGBoost,test,77.562574_12.71956,2024-07-01,0.7488489,0.750413
XGBoost,test,77.567065_12.724051,2024-07-01,0.7263767,0.7302317
XGBoost,test,77.567065_13.105835,2024-07-01,0.574749,0.5731466
XGBoost,test,77.567065_13.114818,2024-07-01,0.65104544,0.66415036
XGBoost,test,77.567065_13.182192,2024-07-01,0.48175955,0.49816924
XGBoost,test,77.571557_12.71956,2024-07-01,0.74869406,0.7450955
XGBoost,test,77.576048_12.71956,2024-07-01,0.72571075,0.72775245
XGBoost,test,77.576048_12.728543,2024-07-01,0.7513061,0.75641483
XGBoost,test,77.585031_13.042953,2024-07-01,0.6863884,0.69396544
XGBoost,test,77.585031_13.137276,2024-07-01,0.45587543,0.47933412
XGBoost,test,77.589523_12.71956,2024-07-01,0.81205827,0.823516
XGBoost,test,77.589523_12.746509,2024-07-01,0.7073031,0.70502794
XGBoost,test,77.589523_12.971088,2024-07-01,0.7386757,0.7674919
XGBoost,test,77.594015_12.724051,2024-07-01,0.8136198,0.82509416
XGBoost,test,77.594015_12.733034,2024-07-01,0.78645825,0.78018755
XGBoost,test,77.594015_12.831849,2024-07-01,0.5795222,0.58874875
XGBoost,test,77.594015_12.998037,2024-07-01,0.72978497,0.75295794
XGBoost,test,77.598506_12.665661,2024-07-01,0.76877564,0.7746106
XGBoost,test,77.598506_12.710577,2024-07-01,0.66955507,0.67908937
XGBoost,test,77.598506_12.822866,2024-07-01,0.60708296,0.60272104
XGBoost,test,77.598506_13.083377,2024-07-01,0.58545136,0.57328117
XGBoost,test,77.598506_13.128293,2024-07-01,0.5558738,0.5678966
XGBoost,test,77.602998_12.710577,2024-07-01,0.6936119,0.68787307
XGBoost,test,77.602998_12.827358,2024-07-01,0.4904875,0.50274837
XGBoost,test,77.602998_13.114818,2024-07-01,0.5654588,0.5717217
XGBoost,test,77.602998_13.11931,2024-07-01,0.57140183,0.5783523
XGBoost,test,77.602998_13.128293,2024-07-01,0.50863874,0.5303556
XGBoost,test,77.602998_13.164226,2024-07-01,0.4550533,0.48814186
XGBoost,test,77.607489_12.768967,2024-07-01,0.6134332,0.6106778
XGBoost,test,77.607489_12.773459,2024-07-01,0.584421,0.5851
XGBoost,test,77.607489_12.791425,2024-07-01,0.53781885,0.5435804
XGBoost,test,77.607489_12.809391,2024-07-01,0.6366474,0.6441771
XGBoost,test,77.607489_12.818374,2024-07-01,0.6874362,0.69427735
XGBoost,test,77.607489_13.087869,2024-07-01,0.72685796,0.7382015
XGBoost,test,77.611981_12.674644,2024-07-01,0.7881149,0.7809782
XGBoost,test,77.611981_12.768967,2024-07-01,0.56890404,0.56363386
XGBoost,test,77.611981_12.953122,2024-07-01,0.72732276,0.7340367
XGBoost,test,77.611981_13.168717,2024-07-01,0.40497407,0.43435073
XGBoost,test,77.611981_13.182192,2024-07-01,0.356623,0.37835327
XGBoost,test,77.616473_13.114818,2024-07-01,0.55666894,0.57113135
XGBoost,test,77.616473_13.141768,2024-07-01,0.44874784,0.45978305
XGBoost,test,77.616473_13.1777,2024-07-01,0.36060798,0.39145052
XGBoost,test,77.620964_12.674644,2024-07-01,0.79117715,0.7783293
XGBoost,test,77.620964_12.795916,2024-07-01,0.44594735,0.4382804
XGBoost,test,77.620964_12.813883,2024-07-01,0.44882232,0.45436427
XGBoost,test,77.625456_12.782442,2024-07-01,0.5180788,0.52060586
XGBoost,test,77.625456_13.065411,2024-07-01,0.39120847,0.4065023
XGBoost,test,77.625456_13.155243,2024-07-01,0.6334212,0.6524578
XGBoost,test,77.625456_13.182192,2024-07-01,0.41782036,0.46497202
XGBoost,test,77.629947_12.795916,2024-07-01,0.77346206,0.775722
XGBoost,test,77.629947_12.809391,2024-07-01,0.47165278,0.48801672
XGBoost,test,77.629947_12.854307,2024-07-01,0.4919485,0.49570477
XGBoost,test,77.629947_13.06092,2024-07-01,0.41925728,0.4326293
XGBoost,test,77.629947_13.087869,2024-07-01,0.4384478,0.454621
XGBoost,test,77.629947_13.1777,2024-07-01,0.4428985,0.4624577
XGBoost,test,77.634439_12.679136,2024-07-01,0.7601884,0.7561793
XGBoost,test,77.634439_12.701593,2024-07-01,0.7231029,0.72937006
XGBoost,test,77.634439_12.733034,2024-07-01,0.4878605,0.48959625
XGBoost,test,77.634439_12.746509,2024-07-01,0.5224989,0.5212566
XGBoost,test,77.634439_12.751001,2024-07-01,0.5185341,0.5205771
XGBoost,test,77.634439_13.047445,2024-07-01,0.481405,0.48672956
XGBoost,test,77.634439_13.083377,2024-07-01,0.40969208,0.42415497
XGBoost,test,77.634439_13.137276,2024-07-01,0.39996043,0.4219785
XGBoost,test,77.63893_12.688119,2024-07-01,0.6849667,0.68264717
XGBoost,test,77.63893_12.742018,2024-07-01,0.5335707,0.53528327
XGBoost,test,77.63893_12.791425,2024-07-01,0.5329046,0.54006803
XGBoost,test,77.63893_12.800408,2024-07-01,0.4749073,0.48935413
XGBoost,test,77.63893_12.840832,2024-07-01,0.6250522,0.6179276
XGBoost,test,77.63893_13.056428,2024-07-01,0.5153401,0.52888227
XGBoost,test,77.63893_13.078886,2024-07-01,0.43096128,0.451315
XGBoost,test,77.63893_13.083377,2024-07-01,0.404384,0.41852322
XGBoost,test,77.643422_12.795916,2024-07-01,0.4824938,0.48539534
XGBoost,test,77.643422_12.800408,2024-07-01,0.48590446,0.49548417
XGBoost,test,77.643422_12.809391,2024-07-01,0.50810593,0.5108228
XGBoost,test,77.643422_13.002529,2024-07-01,0.5249159,0.5452174
XGBoost,test,77.643422_13.164226,2024-07-01,0.57790923,0.58044773
XGBoost,test,77.647914_12.688119,2024-07-01,0.7239974,0.7130883
XGBoost,test,77.647914_12.733034,2024-07-01,0.5415316,0.5395067
XGBoost,test,77.647914_13.141768,2024-07-01,0.66328096,0.6802752
XGBoost,test,77.647914_13.168717,2024-07-01,0.7092961,0.7311395
XGBoost,test,77.652405_12.697102,2024-07-01,0.68577033,0.6834254
XGBoost,test,77.652405_12.773459,2024-07-01,0.4639747,0.4868816
XGBoost,test,77.652405_12.795916,2024-07-01,0.43665278,0.43410075
XGBoost,test,77.652405_12.8049,2024-07-01,0.52822554,0.52965915
XGBoost,test,77.652405_13.002529,2024-07-01,0.52101725,0.5364154
XGBoost,test,77.656897_12.742018,2024-07-01,0.5437534,0.5236552
XGBoost,test,77.656897_12.746509,2024-07-01,0.5156818,0.52085316
XGBoost,test,77.656897_12.768967,2024-07-01,0.5184289,0.519535
XGBoost,test,77.656897_12.791425,2024-07-01,0.45748526,0.4462388
XGBoost,test,77.656897_12.800408,2024-07-01,0.5491965,0.54846585
XGBoost,test,77.656897_12.831849,2024-07-01,0.5733138,0.57468873
XGBoost,test,77.656897_13.101344,2024-07-01,0.46931705,0.490032
XGBoost,test,77.656897_13.164226,2024-07-01,0.44489762,0.46200854
XGBoost,test,77.656897_13.173209,2024-07-01,0.3886852,0.41990677
XGBoost,test,77.661388_12.737526,2024-07-01,0.56117374,0.5640777
XGBoost,test,77.661388_12.759984,2024-07-01,0.5510249,0.5540334
XGBoost,test,77.661388_13.056428,2024-07-01,0.45636684,0.46594742
XGBoost,test,77.661388_13.074394,2024-07-01,0.52130926,0.52994233
XGBoost,test,77.661388_13.087869,2024-07-01,0.43462244,0.44448003
XGBoost,test,77.661388_13.101344,2024-07-01,0.4433662,0.45946527
XGBoost,test,77.661388_13.110327,2024-07-01,0.519806,0.5244409
XGBoost,test,77.661388_13.11931,2024-07-01,0.5914859,0.6003762
XGBoost,test,77.66588_12.679136,2024-07-01,0.65164024,0.63918734
XGBoost,test,77.66588_12.697102,2024-07-01,0.6244716,0.6045268
XGBoost,test,77.66588_12.715068,2024-07-01,0.6312543,0.6269882
XGBoost,test,77.66588_12.724051,2024-07-01,0.6178569,0.6057622
XGBoost,test,77.66588_12.751001,2024-07-01,0.495129,0.50263226
XGBoost,test,77.66588_12.755492,2024-07-01,0.5606359,0.5644364
XGBoost,test,77.66588_12.764475,2024-07-01,0.54762477,0.55507815
XGBoost,test,77.66588_12.768967,2024-07-01,0.69752115,0.69498837
XGBoost,test,77.66588_12.791425,2024-07-01,0.5966804,0.59993726
XGBoost,test,77.66588_13.038462,2024-07-01,0.45423055,0.4653205
XGBoost,test,77.66588_13.051936,2024-07-01,0.49279705,0.50916857
XGBoost,test,77.66588_13.173209,2024-07-01,0.39708456,0.41840085
XGBoost,test,77.670371_12.71956,2024-07-01,0.6486139,0.642351
XGBoost,test,77.670371_12.881256,2024-07-01,0.47406235,0.48366278
XGBoost,test,77.670371_13.069903,2024-07-01,0.411465,0.43318924
XGBoost,test,77.670371_13.083377,2024-07-01,0.37745613,0.39402425
XGBoost,test,77.670371_13.092361,2024-07-01,0.38714164,0.40640837
XGBoost,test,77.670371_13.128293,2024-07-01,0.4949032,0.52118486
XGBoost,test,77.674863_12.674644,2024-07-01,0.71545917,0.7206329
XGBoost,test,77.674863_12.71956,2024-07-01,0.6563633,0.65337014
XGBoost,test,77.674863_12.755492,2024-07-01,0.5007429,0.4988033
XGBoost,test,77.674863_12.764475,2024-07-01,0.50456226,0.50361425
XGBoost,test,77.674863_12.786933,2024-07-01,0.5138907,0.520168
XGBoost,test,77.674863_12.836341,2024-07-01,0.5173492,0.5217651
XGBoost,test,77.674863_13.051936,2024-07-01,0.4995529,0.51304644
XGBoost,test,77.674863_13.069903,2024-07-01,0.3777329,0.3967707
XGBoost,test,77.674863_13.092361,2024-07-01,0.43015078,0.45080072
XGBoost,test,77.674863_13.105835,2024-07-01,0.48186612,0.49972096
XGBoost,test,77.679355_12.697102,2024-07-01,0.5181608,0.5097882
XGBoost,test,77.679355_12.746509,2024-07-01,0.6806701,0.6759718
XGBoost,test,77.679355_12.89024,2024-07-01,0.5112747,0.51064444
XGBoost,test,77.679355_13.056428,2024-07-01,0.45435816,0.46952838
XGBoost,test,77.679355_13.074394,2024-07-01,0.42692754,0.44669747
XGBoost,test,77.679355_13.101344,2024-07-01,0.44395083,0.46516442
XGBoost,test,77.679355_13.141768,2024-07-01,0.49446306,0.50898933
XGBoost,test,77.679355_13.155243,2024-07-01,0.3935868,0.42391136
XGBoost,test,77.679355_13.159734,2024-07-01,0.4296708,0.45209318
XGBoost,test,77.683846_12.728543,2024-07-01,0.5519702,0.55479914
XGBoost,test,77.683846_12.742018,2024-07-01,0.50605863,0.5032656
XGBoost,test,77.683846_12.755492,2024-07-01,0.7104129,0.7110994
XGBoost,test,77.683846_12.795916,2024-07-01,0.5042044,0.5054062
XGBoost,test,77.683846_12.8049,2024-07-01,0.48986486,0.4955948
XGBoost,test,77.683846_12.836341,2024-07-01,0.5855433,0.5910663
XGBoost,test,77.683846_12.840832,2024-07-01,0.59509474,0.60121244
XGBoost,test,77.683846_13.029478,2024-07-01,0.3459188,0.35819027
XGBoost,test,77.683846_13.06092,2024-07-01,0.4418206,0.46175474
XGBoost,test,77.683846_13.074394,2024-07-01,0.38378453,0.4101317
XGBoost,test,77.683846_13.11931,2024-07-01,0.36675,0.3861947
XGBoost,test,77.683846_13.123802,2024-07-01,0.43175668,0.45762175
XGBoost,test,77.688338_12.656678,2024-07-01,0.7057599,0.7052619
XGBoost,test,77.688338_12.69261,2024-07-01,0.79425186,0.7866905
XGBoost,test,77.688338_12.697102,2024-07-01,0.80209595,0.80698484
XGBoost,test,77.688338_12.710577,2024-07-01,0.80113035,0.80829763
XGBoost,test,77.688338_12.751001,2024-07-01,0.5838901,0.58206934
XGBoost,test,77.688338_12.755492,2024-07-01,0.54488266,0.535681
XGBoost,test,77.688338_12.876765,2024-07-01,0.7698141,0.7703219
XGBoost,test,77.688338_12.885748,2024-07-01,0.49520388,0.5042871
XGBoost,test,77.688338_12.966596,2024-07-01,0.56180793,0.5656778
XGBoost,test,77.692829_12.746509,2024-07-01,0.46062046,0.46449438
XGBoost,test,77.692829_12.800408,2024-07-01,0.4558244,0.4565254
XGBoost,test,77.692829_12.845324,2024-07-01,0.6305879,0.6342102
XGBoost,test,77.692829_12.885748,2024-07-01,0.53766525,0.53510827
XGBoost,test,77.692829_12.899223,2024-07-01,0.45835066,0.4641033
XGBoost,test,77.692829_13.047445,2024-07-01,0.7337707,0.76238173
XGBoost,test,77.692829_13.06092,2024-07-01,0.56909686,0.57778615
XGBoost,test,77.692829_13.065411,2024-07-01,0.5351815,0.5601762
XGBoost,test,77.692829_13.083377,2024-07-01,0.3899366,0.4082841
XGBoost,test,77.692829_13.096852,2024-07-01,0.38885924,0.40659094
XGBoost,test,77.692829_13.132785,2024-07-01,0.3871965,0.40930343
XGBoost,test,77.692829_13.155243,2024-07-01,0.39003298,0.40898475
XGBoost,test,77.697321_12.697102,2024-07-01,0.79978085,0.8015953
XGBoost,test,77.697321_12.751001,2024-07-01,0.52148557,0.521301
XGBoost,test,77.697321_12.773459,2024-07-01,0.46232608,0.4662559
XGBoost,test,77.697321_12.791425,2024-07-01,0.5588512,0.5599596
XGBoost,test,77.697321_12.885748,2024-07-01,0.5393055,0.5370148
XGBoost,test,77.697321_12.894731,2024-07-01,0.4774827,0.48947626
XGBoost,test,77.697321_12.930664,2024-07-01,0.4930411,0.5018102
XGBoost,test,77.697321_13.132785,2024-07-01,0.3886996,0.414779
XGBoost,test,77.697321_13.150751,2024-07-01,0.43497837,0.45602548
XGBoost,test,77.701812_12.742018,2024-07-01,0.48577768,0.49268612
XGBoost,test,77.701812_12.77795,2024-07-01,0.46711758,0.46432766
XGBoost,test,77.701812_12.8049,2024-07-01,0.5479547,0.547559
XGBoost,test,77.701812_12.822866,2024-07-01,0.5142441,0.5258418
XGBoost,test,77.701812_12.872273,2024-07-01,0.4402613,0.4438775
XGBoost,test,77.701812_12.984563,2024-07-01,0.4701079,0.4806837
XGBoost,test,77.701812_13.03397,2024-07-01,0.41543338,0.4302032
XGBoost,test,77.701812_13.114818,2024-07-01,0.47502983,0.501423
XGBoost,test,77.701812_13.164226,2024-07-01,0.4458077,0.45129067
XGBoost,test,77.706304_12.746509,2024-07-01,0.4908645,0.498645
XGBoost,test,77.706304_12.751001,2024-07-01,0.51120263,0.51059544
XGBoost,test,77.706304_12.759984,2024-07-01,0.41383165,0.4219253
XGBoost,test,77.706304_12.764475,2024-07-01,0.48262912,0.4943049
XGBoost,test,77.706304_12.86329,2024-07-01,0.3831257,0.38134977
XGBoost,test,77.706304_12.984563,2024-07-01,0.47110587,0.47884518
XGBoost,test,77.706304_13.038462,2024-07-01,0.41777086,0.43774223
XGBoost,test,77.706304_13.042953,2024-07-01,0.48896992,0.5136655
XGBoost,test,77.706304_13.137276,2024-07-01,0.739066,0.76345736
XGBoost,test,77.710796_12.715068,2024-07-01,0.60528517,0.60033303
XGBoost,test,77.710796_12.894731,2024-07-01,0.5741591,0.5709789
XGBoost,test,77.710796_12.899223,2024-07-01,0.50109273,0.5008257
XGBoost,test,77.710796_12.912697,2024-07-01,0.4245745,0.435782
XGBoost,test,77.710796_13.03397,2024-07-01,0.4279783,0.4594549
XGBoost,test,77.710796_13.11931,2024-07-01,0.42438152,0.4417343
XGBoost,test,77.710796_13.123802,2024-07-01,0.38917947,0.40871483
XGBoost,test,77.710796_13.132785,2024-07-01,0.45491177,0.4731468
XGBoost,test,77.710796_13.150751,2024-07-01,0.38809258,0.40200898
XGBoost,test,77.710796_13.168717,2024-07-01,0.49542728,0.50643545
XGBoost,test,77.710796_13.173209,2024-07-01,0.4851137,0.512071
XGBoost,test,77.715287_12.679136,2024-07-01,0.6872907,0.68527526
XGBoost,test,77.715287_12.742018,2024-07-01,0.47867727,0.48959595
XGBoost,test,77.715287_12.773459,2024-07-01,0.45432836,0.4623402
XGBoost,test,77.715287_12.822866,2024-07-01,0.4965551,0.50491023
XGBoost,test,77.715287_12.827358,2024-07-01,0.45355433,0.46299118
XGBoost,test,77.715287_12.845324,2024-07-01,0.39987358,0.4029553
XGBoost,test,77.715287_12.885748,2024-07-01,0.545665,0.5503356
XGBoost,test,77.715287_12.899223,2024-07-01,0.40443137,0.40743914
XGBoost,test,77.715287_12.939647,2024-07-01,0.68562937,0.6950581
XGBoost,test,77.715287_12.944139,2024-07-01,0.7236151,0.7306905
XGBoost,test,77.715287_12.94863,2024-07-01,0.58893883,0.5862888
XGBoost,test,77.715287_13.016004,2024-07-01,0.51415753,0.52722836
XGBoost,test,77.715287_13.029478,2024-07-01,0.3675331,0.3890917
XGBoost,test,77.715287_13.038462,2024-07-01,0.4929032,0.5256152
XGBoost,test,77.715287_13.051936,2024-07-01,0.49211824,0.5145127
XGBoost,test,77.715287_13.056428,2024-07-01,0.4011941,0.42824617
XGBoost,test,77.715287_13.096852,2024-07-01,0.33052787,0.36820894
XGBoost,test,77.715287_13.114818,2024-07-01,0.502352,0.5265345
XGBoost,test,77.715287_13.128293,2024-07-01,0.45813286,0.47352466
XGBoost,test,77.719779_12.706085,2024-07-01,0.6279674,0.636787
XGBoost,test,77.719779_12.746509,2024-07-01,0.6885707,0.69362724
XGBoost,test,77.719779_12.795916,2024-07-01,0.47269893,0.4801544
XGBoost,test,77.719779_12.840832,2024-07-01,0.5156505,0.5186362
XGBoost,test,77.719779_12.903714,2024-07-01,0.41384512,0.42966092
XGBoost,test,77.719779_13.069903,2024-07-01,0.3951693,0.42243192
XGBoost,test,77.719779_13.105835,2024-07-01,0.42086062,0.43855098
XGBoost,test,77.719779_13.123802,2024-07-01,0.4092238,0.43426642
XGBoost,test,77.719779_13.137276,2024-07-01,0.4221678,0.45086542
XGBoost,test,77.719779_13.155243,2024-07-01,0.40396523,0.42787707
XGBoost,test,77.72427_12.674644,2024-07-01,0.5360341,0.53216386
XGBoost,test,77.72427_12.697102,2024-07-01,0.48808077,0.49810982
XGBoost,test,77.72427_12.701593,2024-07-01,0.527248,0.52963126
XGBoost,test,77.72427_12.724051,2024-07-01,0.5213174,0.5238322
XGBoost,test,77.72427_12.786933,2024-07-01,0.48051754,0.49144334
XGBoost,test,77.72427_12.791425,2024-07-01,0.4909815,0.49814004
XGBoost,test,77.72427_12.840832,2024-07-01,0.49097648,0.49987778
XGBoost,test,77.72427_12.867782,2024-07-01,0.42495212,0.44491023
XGBoost,test,77.72427_12.885748,2024-07-01,0.47142735,0.48275518
XGBoost,test,77.72427_13.024987,2024-07-01,0.77258956,0.8011195
XGBoost,test,77.72427_13.06092,2024-07-01,0.4040892,0.43189162
XGBoost,test,77.72427_13.074394,2024-07-01,0.43481514,0.45399693
XGBoost,test,77.728762_12.706085,2024-07-01,0.62615067,0.609404
XGBoost,test,77.728762_12.724051,2024-07-01,0.63657796,0.62255937
XGBoost,test,77.728762_12.759984,2024-07-01,0.49500525,0.5022425
XGBoost,test,77.728762_12.782442,2024-07-01,0.53221995,0.5289126
XGBoost,test,77.728762_12.809391,2024-07-01,0.48335338,0.49274585
XGBoost,test,77.728762_12.858799,2024-07-01,0.5334001,0.53663003
XGBoost,test,77.728762_12.876765,2024-07-01,0.54129714,0.5426856
XGBoost,test,77.728762_12.885748,2024-07-01,0.46424207,0.47560883
XGBoost,test,77.728762_13.047445,2024-07-01,0.4672297,0.49419764
XGBoost,test,77.728762_13.087869,2024-07-01,0.4718362,0.49144876
XGBoost,test,77.728762_13.092361,2024-07-01,0.43585014,0.46372616
XGBoost,test,77.733253_12.755492,2024-07-01,0.43881303,0.4516494
XGBoost,test,77.733253_12.795916,2024-07-01,0.47505653,0.49127188
XGBoost,test,77.733253_12.86329,2024-07-01,0.5544792,0.56060755
XGBoost,test,77.733253_12.872273,2024-07-01,0.5469476,0.5480591
XGBoost,test,77.733253_12.998037,2024-07-01,0.6084364,0.6108862
XGBoost,test,77.733253_13.056428,2024-07-01,0.3710241,0.39066744
XGBoost,test,77.737745_12.764475,2024-07-01,0.43733075,0.44242743
XGBoost,test,77.737745_12.791425,2024-07-01,0.4759661,0.47366408
XGBoost,test,77.737745_12.809391,2024-07-01,0.45020074,0.46743113
XGBoost,test,77.737745_12.858799,2024-07-01,0.47935387,0.4895043
XGBoost,test,77.737745_12.872273,2024-07-01,0.53434134,0.5380853
XGBoost,test,77.737745_12.881256,2024-07-01,0.5727118,0.5670692
XGBoost,test,77.737745_13.051936,2024-07-01,0.37653977,0.39428502
XGBoost,test,77.737745_13.06092,2024-07-01,0.4133086,0.42741966
XGBoost,test,77.737745_13.078886,2024-07-01,0.44401065,0.4603713
XGBoost,test,77.737745_13.101344,2024-07-01,0.3660852,0.39553243
XGBoost,test,77.742237_12.697102,2024-07-01,0.6533088,0.6567269
XGBoost,test,77.742237_12.764475,2024-07-01,0.45721206,0.4630754
XGBoost,test,77.742237_12.795916,2024-07-01,0.4549574,0.4645152
XGBoost,test,77.742237_12.8049,2024-07-01,0.4850512,0.49680364
XGBoost,test,77.742237_12.86329,2024-07-01,0.40437043,0.42127207
XGBoost,test,77.742237_12.867782,2024-07-01,0.5392845,0.55063367
XGBoost,test,77.742237_12.89024,2024-07-01,0.54804873,0.555751
XGBoost,test,77.742237_12.899223,2024-07-01,0.53892726,0.5422913
XGBoost,test,77.742237_12.921681,2024-07-01,0.45490298,0.47526917
XGBoost,test,77.742237_12.980071,2024-07-01,0.5078972,0.52558374
XGBoost,test,77.742237_13.002529,2024-07-01,0.5415411,0.5527985
XGBoost,test,77.742237_13.016004,2024-07-01,0.52385783,0.53277934
XGBoost,test,77.742237_13.038462,2024-07-01,0.38035756,0.41550988
XGBoost,test,77.742237_13.074394,2024-07-01,0.3538655,0.38449585
XGBoost,test,77.742237_13.078886,2024-07-01,0.43712848,0.46997023
XGBoost,test,77.742237_13.101344,2024-07-01,0.40369508,0.4257154
XGBoost,test,77.746728_12.751001,2024-07-01,0.4901284,0.49523845
XGBoost,test,77.746728_12.764475,2024-07-01,0.4747327,0.49205565
XGBoost,test,77.746728_12.782442,2024-07-01,0.5436681,0.5415557
XGBoost,test,77.746728_12.97558,2024-07-01,0.5307591,0.54892594
XGBoost,test,77.746728_12.984563,2024-07-01,0.5195742,0.5261269
XGBoost,test,77.746728_13.016004,2024-07-01,0.5477466,0.57419163
XGBoost,test,77.746728_13.020495,2024-07-01,0.58903885,0.60702944
XGBoost,test,77.746728_13.024987,2024-07-01,0.4796922,0.4949734
XGBoost,test,77.746728_13.038462,2024-07-01,0.39727312,0.4225124
XGBoost,test,77.746728_13.06092,2024-07-01,0.344522,0.3730897
XGBoost,test,77.746728_13.083377,2024-07-01,0.45202696,0.4779623
XGBoost,test,77.746728_13.092361,2024-07-01,0.42656213,0.44357634
XGBoost,test,77.75122_12.751001,2024-07-01,0.48016596,0.49331766
XGBoost,test,77.75122_12.755492,2024-07-01,0.543731,0.54751956
XGBoost,test,77.75122_12.768967,2024-07-01,0.44254458,0.4478439
XGBoost,test,77.75122_12.894731,2024-07-01,0.4569431,0.47087106
XGBoost,test,77.75122_12.993546,2024-07-01,0.4473167,0.46699813
XGBoost,test,77.75122_13.020495,2024-07-01,0.50560653,0.5234202
XGBoost,test,77.75122_13.03397,2024-07-01,0.43113232,0.44626445
XGBoost,test,77.75122_13.038462,2024-07-01,0.3547818,0.37475142
XGBoost,test,77.755711_12.706085,2024-07-01,0.5581739,0.5691886
XGBoost,test,77.755711_12.764475,2024-07-01,0.7943023,0.78962946
XGBoost,test,77.755711_12.822866,2024-07-01,0.45216647,0.46648163
XGBoost,test,77.755711_12.831849,2024-07-01,0.42625594,0.44400254
XGBoost,test,77.755711_12.858799,2024-07-01,0.4966119,0.5004753
XGBoost,test,77.755711_12.885748,2024-07-01,0.4956932,0.50732756
XGBoost,test,77.755711_12.899223,2024-07-01,0.41762364,0.43713146
XGBoost,test,77.755711_12.903714,2024-07-01,0.45569777,0.4792364
XGBoost,test,77.755711_12.926172,2024-07-01,0.49740747,0.50502914
XGBoost,test,77.760203_12.751001,2024-07-01,0.4850767,0.4977371
XGBoost,test,77.760203_12.795916,2024-07-01,0.42593727,0.43005255
XGBoost,test,77.760203_12.818374,2024-07-01,0.55797195,0.561866
XGBoost,test,77.760203_12.867782,2024-07-01,0.43889055,0.44938284
XGBoost,test,77.760203_12.872273,2024-07-01,0.4633394,0.47273907
XGBoost,test,77.760203_12.876765,2024-07-01,0.43530115,0.43798822
XGBoost,test,77.760203_12.885748,2024-07-01,0.45945343,0.48813903
XGBoost,test,77.760203_12.984563,2024-07-01,0.5094159,0.5187872
XGBoost,test,77.764695_12.742018,2024-07-01,0.65691406,0.6627419
XGBoost,test,77.764695_12.746509,2024-07-01,0.64904016,0.65293545
XGBoost,test,77.764695_12.813883,2024-07-01,0.50064003,0.5086838
XGBoost,test,77.764695_12.849815,2024-07-01,0.4647766,0.48198625
XGBoost,test,77.764695_12.885748,2024-07-01,0.47972894,0.49400693
XGBoost,test,77.764695_12.912697,2024-07-01,0.48923627,0.50570935
XGBoost,test,77.764695_13.03397,2024-07-01,0.35296914,0.37677044
XGBoost,test,77.769186_12.751001,2024-07-01,0.6863622,0.69192404
XGBoost,test,77.769186_12.791425,2024-07-01,0.42855495,0.43997914
XGBoost,test,77.769186_12.800408,2024-07-01,0.49982056,0.49875507
XGBoost,test,77.769186_12.8049,2024-07-01,0.5471527,0.55197144
XGBoost,test,77.769186_12.809391,2024-07-01,0.45515707,0.4679817
XGBoost,test,77.769186_12.876765,2024-07-01,0.49488732,0.50280976
XGBoost,test,77.769186_12.894731,2024-07-01,0.46352708,0.4741846
XGBoost,test,77.769186_13.016004,2024-07-01,0.43321556,0.44555107
XGBoost,test,77.773678_12.746509,2024-07-01,0.6677371,0.6789979
XGBoost,test,77.773678_12.858799,2024-07-01,0.43488413,0.4530093
XGBoost,test,77.773678_12.885748,2024-07-01,0.47073248,0.48999342
XGBoost,test,77.773678_12.899223,2024-07-01,0.42037427,0.43195185
XGBoost,test,77.773678_12.908206,2024-07-01,0.47472638,0.49789387
XGBoost,test,77.778169_12.809391,2024-07-01,0.43322277,0.43678835
XGBoost,test,77.778169_12.885748,2024-07-01,0.48916015,0.49725625
XGBoost,test,77.782661_12.786933,2024-07-01,0.4253432,0.43418172
XGBoost,test,77.782661_12.791425,2024-07-01,0.47836456,0.4874655
XGBoost,test,77.782661_12.89024,2024-07-01,0.4797148,0.494826
XGBoost,test,77.787152_12.786933,2024-07-01,0.44555837,0.4501411
XGBoost,test,77.787152_12.849815,2024-07-01,0.44366026,0.46531203
XGBoost,test,77.787152_12.867782,2024-07-01,0.41963792,0.42944613
XGBoost,test,77.791644_12.8049,2024-07-01,0.47023097,0.4839004
XGBoost,test,77.791644_12.899223,2024-07-01,0.4302263,0.4526381
XGBoost,test,77.796136_12.854307,2024-07-01,0.41654736,0.43220466
XGBoost,test,77.796136_12.885748,2024-07-01,0.4841303,0.5049473
XGBoost,test,77.800627_12.876765,2024-07-01,0.48597568,0.5071814
XGBoost,test,77.800627_12.885748,2024-07-01,0.44418848,0.46655566
XGBoost,test,77.805119_12.876765,2024-07-01,0.4976048,0.5181297
XGBoost,test,77.805119_12.89024,2024-07-01,0.46287656,0.48742506
XGBoost,test,77.80961_12.858799,2024-07-01,0.46385056,0.49086368
XGBoost,test,77.80961_12.86329,2024-07-01,0.43857926,0.45824802
XGBoost,test,77.329012_12.944139,2024-08-01,0.45868742,0.46138555
XGBoost,test,77.342486_12.935155,2024-08-01,0.7520024,0.75103676
XGBoost,test,77.342486_12.944139,2024-08-01,0.7032296,0.6951868
XGBoost,test,77.346978_12.86329,2024-08-01,0.59881467,0.5788211
XGBoost,test,77.360453_12.867782,2024-08-01,0.4130161,0.41537082
XGBoost,test,77.364944_12.854307,2024-08-01,0.44756585,0.45723513
XGBoost,test,77.364944_12.962105,2024-08-01,0.442921,0.4500571
XGBoost,test,77.369436_12.998037,2024-08-01,0.40058804,0.43092632
XGBoost,test,77.369436_13.007021,2024-08-01,0.46164685,0.47675052
XGBoost,test,77.373927_12.971088,2024-08-01,0.44247952,0.4555847
XGBoost,test,77.373927_13.011512,2024-08-01,0.42439553,0.44495234
XGBoost,test,77.373927_13.016004,2024-08-01,0.43556428,0.4527556
XGBoost,test,77.387402_12.97558,2024-08-01,0.47377732,0.4692622
XGBoost,test,77.387402_12.980071,2024-08-01,0.46437323,0.46385577
XGBoost,test,77.396385_12.97558,2024-08-01,0.40029722,0.3788961
XGBoost,test,77.396385_13.029478,2024-08-01,0.3778795,0.37144473
XGBoost,test,77.400877_13.029478,2024-08-01,0.35579285,0.34883976
XGBoost,test,77.405368_12.998037,2024-08-01,0.43118346,0.4492443
XGBoost,test,77.405368_13.105835,2024-08-01,0.43005902,0.41874653
XGBoost,test,77.405368_13.11931,2024-08-01,0.38556013,0.38416925
XGBoost,test,77.414352_12.989054,2024-08-01,0.37528375,0.37124047
XGBoost,test,77.414352_12.993546,2024-08-01,0.40598962,0.43124413
XGBoost,test,77.414352_13.03397,2024-08-01,0.38485953,0.38419485
XGBoost,test,77.414352_13.096852,2024-08-01,0.3914796,0.37557518
XGBoost,test,77.414352_13.11931,2024-08-01,0.41392943,0.41594252
XGBoost,test,77.418843_12.993546,2024-08-01,0.42504185,0.43956894
XGBoost,test,77.418843_13.016004,2024-08-01,0.38135633,0.38298643
XGBoost,test,77.418843_13.024987,2024-08-01,0.40048575,0.39340952
XGBoost,test,77.418843_13.029478,2024-08-01,0.40418556,0.41171265
XGBoost,test,77.418843_13.146259,2024-08-01,0.3430283,0.36105788
XGBoost,test,77.423335_13.002529,2024-08-01,0.49965826,0.50184894
XGBoost,test,77.423335_13.092361,2024-08-01,0.32311732,0.3572756
XGBoost,test,77.423335_13.150751,2024-08-01,0.32376808,0.35077763
XGBoost,test,77.427826_13.020495,2024-08-01,0.38454902,0.37180987
XGBoost,test,77.427826_13.024987,2024-08-01,0.40327355,0.42618757
XGBoost,test,77.427826_13.110327,2024-08-01,0.41520116,0.43350974
XGBoost,test,77.427826_13.132785,2024-08-01,0.49387777,0.49580225
XGBoost,test,77.432318_12.998037,2024-08-01,0.3706223,0.37322137
XGBoost,test,77.432318_13.087869,2024-08-01,0.46538767,0.4570547
XGBoost,test,77.432318_13.092361,2024-08-01,0.40214133,0.4070915
XGBoost,test,77.436809_12.818374,2024-08-01,0.5238083,0.52017564
XGBoost,test,77.436809_13.03397,2024-08-01,0.39414135,0.40584752
XGBoost,test,77.441301_13.083377,2024-08-01,0.45782194,0.46447673
XGBoost,test,77.441301_13.110327,2024-08-01,0.42973927,0.4358394
XGBoost,test,77.450284_13.029478,2024-08-01,0.43850467,0.43080527
XGBoost,test,77.450284_13.047445,2024-08-01,0.42113578,0.41229844
XGBoost,test,77.450284_13.146259,2024-08-01,0.51698506,0.5050731
XGBoost,test,77.454776_13.078886,2024-08-01,0.43259603,0.42038903
XGBoost,test,77.454776_13.087869,2024-08-01,0.41189453,0.40647948
XGBoost,test,77.454776_13.114818,2024-08-01,0.5041404,0.48973745
XGBoost,test,77.454776_13.141768,2024-08-01,0.50607866,0.4995669
XGBoost,test,77.459267_13.020495,2024-08-01,0.36883134,0.3712532
XGBoost,test,77.459267_13.11931,2024-08-01,0.4432281,0.45164284
XGBoost,test,77.463759_13.03397,2024-08-01,0.3613501,0.35744426
XGBoost,test,77.463759_13.078886,2024-08-01,0.52377737,0.51231974
XGBoost,test,77.46825_13.020495,2024-08-01,0.45994118,0.44968402
XGBoost,test,77.46825_13.114818,2024-08-01,0.49393037,0.48816752
XGBoost,test,77.46825_13.150751,2024-08-01,0.37952328,0.40666354
XGBoost,test,77.46825_13.1777,2024-08-01,0.46914527,0.4655955
XGBoost,test,77.472742_13.087869,2024-08-01,0.44811344,0.44200853
XGBoost,test,77.481725_13.03397,2024-08-01,0.4365329,0.42847595
XGBoost,test,77.481725_13.096852,2024-08-01,0.57223135,0.5649333
XGBoost,test,77.481725_13.137276,2024-08-01,0.75417054,0.7406416
XGBoost,test,77.486217_13.042953,2024-08-01,0.52052784,0.51450604
XGBoost,test,77.486217_13.114818,2024-08-01,0.48691562,0.4799
XGBoost,test,77.486217_13.11931,2024-08-01,0.49818018,0.49816197
XGBoost,test,77.490708_13.051936,2024-08-01,0.5941694,0.588296
XGBoost,test,77.490708_13.087869,2024-08-01,0.5442606,0.5280249
XGBoost,test,77.490708_13.092361,2024-08-01,0.5223509,0.51983285
XGBoost,test,77.490708_13.096852,2024-08-01,0.5616871,0.5507867
XGBoost,test,77.490708_13.182192,2024-08-01,0.4551118,0.45909014
XGBoost,test,77.490708_13.209142,2024-08-01,0.41771075,0.42695233
XGBoost,test,77.4952_13.020495,2024-08-01,0.5029066,0.49387527
XGBoost,test,77.4952_13.024987,2024-08-01,0.5140541,0.50400895
XGBoost,test,77.4952_13.03397,2024-08-01,0.58332485,0.58202404
XGBoost,test,77.4952_13.087869,2024-08-01,0.48712513,0.48366773
XGBoost,test,77.4952_13.092361,2024-08-01,0.5127402,0.51750875
XGBoost,test,77.4952_13.182192,2024-08-01,0.46954226,0.46612623
XGBoost,test,77.499692_13.114818,2024-08-01,0.51086104,0.5113082
XGBoost,test,77.499692_13.137276,2024-08-01,0.4543945,0.45787856
XGBoost,test,77.499692_13.168717,2024-08-01,0.47897753,0.46843225
XGBoost,test,77.504183_13.083377,2024-08-01,0.58508027,0.5779275
XGBoost,test,77.504183_13.141768,2024-08-01,0.4960441,0.48979497
XGBoost,test,77.504183_13.159734,2024-08-01,0.52151626,0.5245374
XGBoost,test,77.504183_13.195667,2024-08-01,0.3926525,0.42557117
XGBoost,test,77.508675_13.114818,2024-08-01,0.43903038,0.43459454
XGBoost,test,77.508675_13.137276,2024-08-01,0.44450065,0.44787726
XGBoost,test,77.508675_13.159734,2024-08-01,0.5408219,0.5385775
XGBoost,test,77.513166_13.087869,2024-08-01,0.5827398,0.5787393
XGBoost,test,77.513166_13.096852,2024-08-01,0.6223487,0.6062151
XGBoost,test,77.513166_13.137276,2024-08-01,0.39456838,0.40962052
XGBoost,test,77.513166_13.1777,2024-08-01,0.41508895,0.44330153
XGBoost,test,77.517658_12.795916,2024-08-01,0.58062404,0.5704249
XGBoost,test,77.517658_12.998037,2024-08-01,0.5851645,0.58169967
XGBoost,test,77.517658_13.11931,2024-08-01,0.38682553,0.3801724
XGBoost,test,77.517658_13.182192,2024-08-01,0.43363017,0.44922206
XGBoost,test,77.517658_13.186684,2024-08-01,0.46249425,0.46549207
XGBoost,test,77.517658_13.191175,2024-08-01,0.41248897,0.41277543
XGBoost,test,77.522149_13.056428,2024-08-01,0.64229083,0.64199936
XGBoost,test,77.522149_13.078886,2024-08-01,0.6080862,0.5924093
XGBoost,test,77.522149_13.146259,2024-08-01,0.36746678,0.376878
XGBoost,test,77.522149_13.200158,2024-08-01,0.45348233,0.4694059
XGBoost,test,77.526641_13.078886,2024-08-01,0.5978498,0.59393084
XGBoost,test,77.526641_13.105835,2024-08-01,0.42494705,0.4187824
XGBoost,test,77.526641_13.110327,2024-08-01,0.39992964,0.4005336
XGBoost,test,77.531133_13.083377,2024-08-01,0.5619757,0.5676919
XGBoost,test,77.531133_13.114818,2024-08-01,0.40739882,0.4204758
XGBoost,test,77.531133_13.195667,2024-08-01,0.5021534,0.4925918
XGBoost,test,77.535624_13.069903,2024-08-01,0.70455676,0.69912314
XGBoost,test,77.535624_13.083377,2024-08-01,0.5565858,0.5647499
XGBoost,test,77.535624_13.096852,2024-08-01,0.4661661,0.460075
XGBoost,test,77.535624_13.114818,2024-08-01,0.45693406,0.44880447
XGBoost,test,77.535624_13.132785,2024-08-01,0.4738618,0.47128168
XGBoost,test,77.535624_13.137276,2024-08-01,0.39949912,0.39942273
XGBoost,test,77.535624_13.195667,2024-08-01,0.4070503,0.41216528
XGBoost,test,77.540116_12.77795,2024-08-01,0.58289796,0.5850652
XGBoost,test,77.540116_13.042953,2024-08-01,0.5723421,0.5758849
XGBoost,test,77.540116_13.074394,2024-08-01,0.60989666,0.60385257
XGBoost,test,77.540116_13.092361,2024-08-01,0.4272661,0.42423192
XGBoost,test,77.540116_13.101344,2024-08-01,0.41667247,0.41911703
XGBoost,test,77.540116_13.105835,2024-08-01,0.43035898,0.43857053
XGBoost,test,77.540116_13.114818,2024-08-01,0.42757356,0.4333117
XGBoost,test,77.540116_13.132785,2024-08-01,0.45160553,0.4536666
XGBoost,test,77.540116_13.155243,2024-08-01,0.48710817,0.4938142
XGBoost,test,77.540116_13.182192,2024-08-01,0.4176922,0.43325943
XGBoost,test,77.544607_13.218125,2024-08-01,0.48205045,0.47614127
XGBoost,test,77.549099_13.096852,2024-08-01,0.5041008,0.50642407
XGBoost,test,77.549099_13.132785,2024-08-01,0.6408927,0.6242125
XGBoost,test,77.55359_12.71956,2024-08-01,0.77234167,0.7493668
XGBoost,test,77.55359_13.069903,2024-08-01,0.72454345,0.7290811
XGBoost,test,77.55359_13.101344,2024-08-01,0.42340216,0.43443322
XGBoost,test,77.55359_13.110327,2024-08-01,0.48646253,0.48966232
XGBoost,test,77.55359_13.128293,2024-08-01,0.596323,0.60379547
XGBoost,test,77.55359_13.168717,2024-08-01,0.48690012,0.48465297
XGBoost,test,77.55359_13.173209,2024-08-01,0.40371823,0.41047648
XGBoost,test,77.558082_12.710577,2024-08-01,0.7825556,0.7724292
XGBoost,test,77.558082_13.042953,2024-08-01,0.6418993,0.650277
XGBoost,test,77.558082_13.051936,2024-08-01,0.70277786,0.70067376
XGBoost,test,77.558082_13.110327,2024-08-01,0.5065839,0.50929755
XGBoost,test,77.558082_13.168717,2024-08-01,0.494575,0.49487007
XGBoost,test,77.558082_13.1777,2024-08-01,0.46259958,0.4635852
XGBoost,test,77.562574_12.71956,2024-08-01,0.7716548,0.75816655
XGBoost,test,77.562574_13.141768,2024-08-01,0.4409836,0.4359313
XGBoost,test,77.562574_13.159734,2024-08-01,0.4895959,0.49140474
XGBoost,test,77.562574_13.173209,2024-08-01,0.49211422,0.49144617
XGBoost,test,77.567065_12.724051,2024-08-01,0.73750395,0.73207575
XGBoost,test,77.567065_13.105835,2024-08-01,0.5770164,0.58238155
XGBoost,test,77.567065_13.114818,2024-08-01,0.66048986,0.6545027
XGBoost,test,77.567065_13.182192,2024-08-01,0.4925906,0.49334908
XGBoost,test,77.571557_12.71956,2024-08-01,0.7763724,0.7481992
XGBoost,test,77.571557_13.141768,2024-08-01,0.4421618,0.4585013
XGBoost,test,77.571557_13.146259,2024-08-01,0.45247322,0.47409913
XGBoost,test,77.576048_12.71956,2024-08-01,0.7367026,0.7314222
XGBoost,test,77.576048_12.728543,2024-08-01,0.7577753,0.7499656
XGBoost,test,77.576048_12.742018,2024-08-01,0.74253094,0.7352351
XGBoost,test,77.58054_12.845324,2024-08-01,0.69887716,0.68209064
XGBoost,test,77.58054_13.083377,2024-08-01,0.512046,0.51344204
XGBoost,test,77.58054_13.087869,2024-08-01,0.47330597,0.48371938
XGBoost,test,77.585031_13.042953,2024-08-01,0.69834864,0.6889757
XGBoost,test,77.585031_13.137276,2024-08-01,0.47171575,0.47336936
XGBoost,test,77.589523_12.71956,2024-08-01,0.831557,0.8239503
XGBoost,test,77.589523_12.746509,2024-08-01,0.7171926,0.69504267
XGBoost,test,77.589523_13.083377,2024-08-01,0.5974092,0.59730214
XGBoost,test,77.589523_13.150751,2024-08-01,0.46091262,0.4710022
XGBoost,test,77.594015_12.724051,2024-08-01,0.82986176,0.82985556
XGBoost,test,77.594015_12.733034,2024-08-01,0.7969613,0.7912361
XGBoost,test,77.594015_12.755492,2024-08-01,0.6699354,0.66254973
XGBoost,test,77.594015_13.087869,2024-08-01,0.60482717,0.6058964
XGBoost,test,77.598506_12.665661,2024-08-01,0.7931297,0.7696382
XGBoost,test,77.598506_13.083377,2024-08-01,0.5973662,0.5832209
XGBoost,test,77.598506_13.128293,2024-08-01,0.5565566,0.5772278
XGBoost,test,77.598506_13.141768,2024-08-01,0.41573438,0.4448763
XGBoost,test,77.598506_13.146259,2024-08-01,0.39509392,0.4167249
XGBoost,test,77.602998_12.710577,2024-08-01,0.7061608,0.69102776
XGBoost,test,77.602998_13.11931,2024-08-01,0.57837546,0.5804347
XGBoost,test,77.602998_13.128293,2024-08-01,0.5123613,0.52158165
XGBoost,test,77.602998_13.164226,2024-08-01,0.47544625,0.47353283
XGBoost,test,77.607489_12.768967,2024-08-01,0.62260467,0.60860395
XGBoost,test,77.607489_12.773459,2024-08-01,0.59407115,0.5828486
XGBoost,test,77.607489_12.791425,2024-08-01,0.55090624,0.5340314
XGBoost,test,77.607489_13.087869,2024-08-01,0.73089164,0.73334014
XGBoost,test,77.611981_12.674644,2024-08-01,0.80387443,0.7902666
XGBoost,test,77.611981_12.953122,2024-08-01,0.724975,0.73232955
XGBoost,test,77.611981_13.105835,2024-08-01,0.5214669,0.5309934
XGBoost,test,77.611981_13.168717,2024-08-01,0.4308193,0.42530587
XGBoost,test,77.611981_13.182192,2024-08-01,0.36562774,0.3765482
XGBoost,test,77.616473_13.114818,2024-08-01,0.5670684,0.5758838
XGBoost,test,77.616473_13.141768,2024-08-01,0.46128702,0.45880374
XGBoost,test,77.616473_13.1777,2024-08-01,0.3749833,0.39213908
XGBoost,test,77.620964_12.674644,2024-08-01,0.80906147,0.78837514
XGBoost,test,77.620964_12.845324,2024-08-01,0.6609352,0.65198946
XGBoost,test,77.620964_13.132785,2024-08-01,0.55066043,0.5388697
XGBoost,test,77.625456_13.065411,2024-08-01,0.40943965,0.39948958
XGBoost,test,77.625456_13.128293,2024-08-01,0.529539,0.5443764
XGBoost,test,77.625456_13.137276,2024-08-01,0.44989634,0.45326433
XGBoost,test,77.625456_13.155243,2024-08-01,0.65116453,0.6255004
XGBoost,test,77.625456_13.182192,2024-08-01,0.45734864,0.4575452
XGBoost,test,77.629947_12.836341,2024-08-01,0.5714467,0.5772136
XGBoost,test,77.629947_12.854307,2024-08-01,0.49287447,0.48810956
XGBoost,test,77.629947_13.06092,2024-08-01,0.42902887,0.42504168
XGBoost,test,77.629947_13.087869,2024-08-01,0.44533288,0.45377836
XGBoost,test,77.629947_13.1777,2024-08-01,0.46940318,0.4580572
XGBoost,test,77.634439_12.679136,2024-08-01,0.7737979,0.7628608
XGBoost,test,77.634439_12.701593,2024-08-01,0.72822547,0.721803
XGBoost,test,77.634439_12.746509,2024-08-01,0.52287716,0.5244058
XGBoost,test,77.634439_12.751001,2024-08-01,0.5141723,0.5233715
XGBoost,test,77.634439_12.849815,2024-08-01,0.5415011,0.53049815
XGBoost,test,77.634439_13.047445,2024-08-01,0.4901734,0.48441097
XGBoost,test,77.634439_13.083377,2024-08-01,0.41134092,0.4141942
XGBoost,test,77.634439_13.137276,2024-08-01,0.41386202,0.42291954
XGBoost,test,77.63893_12.688119,2024-08-01,0.70680267,0.6771051
XGBoost,test,77.63893_12.742018,2024-08-01,0.53587043,0.529339
XGBoost,test,77.63893_12.791425,2024-08-01,0.5339344,0.5339468
XGBoost,test,77.63893_12.800408,2024-08-01,0.47651017,0.47216794
XGBoost,test,77.63893_12.818374,2024-08-01,0.47273254,0.46978164
XGBoost,test,77.63893_12.840832,2024-08-01,0.6235705,0.6144727
XGBoost,test,77.63893_12.872273,2024-08-01,0.41314304,0.4152595
XGBoost,test,77.63893_12.917189,2024-08-01,0.71089697,0.7113244
XGBoost,test,77.63893_12.989054,2024-08-01,0.6452103,0.6591022
XGBoost,test,77.63893_13.056428,2024-08-01,0.5281736,0.5307538
XGBoost,test,77.63893_13.078886,2024-08-01,0.4311598,0.4451065
XGBoost,test,77.63893_13.083377,2024-08-01,0.40230793,0.41097984
XGBoost,test,77.63893_13.1777,2024-08-01,0.45356762,0.44566384
XGBoost,test,77.643422_12.795916,2024-08-01,0.48125857,0.48092625
XGBoost,test,77.643422_12.800408,2024-08-01,0.48322982,0.4810941
XGBoost,test,77.643422_12.809391,2024-08-01,0.50610816,0.50793016
XGBoost,test,77.643422_12.867782,2024-08-01,0.4652069,0.46602294
XGBoost,test,77.643422_13.002529,2024-08-01,0.5237413,0.54599905
XGBoost,test,77.643422_13.038462,2024-08-01,0.5208824,0.5347204
XGBoost,test,77.643422_13.164226,2024-08-01,0.5900838,0.58231264
XGBoost,test,77.647914_12.688119,2024-08-01,0.73056895,0.711859
XGBoost,test,77.647914_12.881256,2024-08-01,0.49011377,0.48798805
XGBoost,test,77.647914_12.935155,2024-08-01,0.65479624,0.6598622
XGBoost,test,77.647914_13.141768,2024-08-01,0.6700238,0.6693079
XGBoost,test,77.647914_13.168717,2024-08-01,0.72331804,0.7261151
XGBoost,test,77.652405_12.697102,2024-08-01,0.68921876,0.6680502
XGBoost,test,77.652405_12.773459,2024-08-01,0.46272266,0.4920521
XGBoost,test,77.652405_12.795916,2024-08-01,0.4348443,0.43032932
XGBoost,test,77.652405_12.8049,2024-08-01,0.52223444,0.52302647
XGBoost,test,77.652405_12.858799,2024-08-01,0.70105255,0.6921877
XGBoost,test,77.652405_12.926172,2024-08-01,0.62445015,0.6229005
XGBoost,test,77.652405_13.002529,2024-08-01,0.52583295,0.5348624
XGBoost,test,77.656897_12.742018,2024-08-01,0.5431038,0.5251798
XGBoost,test,77.656897_12.746509,2024-08-01,0.5175509,0.5155188
XGBoost,test,77.656897_12.791425,2024-08-01,0.4544434,0.44550374
XGBoost,test,77.656897_12.800408,2024-08-01,0.5474613,0.54810077
XGBoost,test,77.656897_12.831849,2024-08-01,0.5719109,0.5652557
XGBoost,test,77.656897_12.849815,2024-08-01,0.43089142,0.43469954
XGBoost,test,77.656897_12.939647,2024-08-01,0.53120023,0.5409737
XGBoost,test,77.656897_13.101344,2024-08-01,0.4729932,0.47471002
XGBoost,test,77.656897_13.164226,2024-08-01,0.45030987,0.4595867
XGBoost,test,77.656897_13.173209,2024-08-01,0.3873019,0.41587672
XGBoost,test,77.661388_12.737526,2024-08-01,0.55435455,0.557182
XGBoost,test,77.661388_12.759984,2024-08-01,0.55619895,0.54884017
XGBoost,test,77.661388_13.056428,2024-08-01,0.4576473,0.46061063
XGBoost,test,77.661388_13.074394,2024-08-01,0.52722067,0.53085893
XGBoost,test,77.661388_13.087869,2024-08-01,0.43890908,0.4372977
XGBoost,test,77.661388_13.101344,2024-08-01,0.44911543,0.4555665
XGBoost,test,77.661388_13.110327,2024-08-01,0.52296424,0.52178794
XGBoost,test,77.661388_13.11931,2024-08-01,0.5939135,0.5940605
XGBoost,test,77.66588_12.679136,2024-08-01,0.65914524,0.62871605
XGBoost,test,77.66588_12.697102,2024-08-01,0.61970925,0.6046641
XGBoost,test,77.66588_12.715068,2024-08-01,0.6406982,0.6194242
XGBoost,test,77.66588_12.724051,2024-08-01,0.61606747,0.59479904
XGBoost,test,77.66588_12.751001,2024-08-01,0.5018129,0.49364102
XGBoost,test,77.66588_12.755492,2024-08-01,0.5620506,0.5607604
XGBoost,test,77.66588_12.764475,2024-08-01,0.5487734,0.5447195
XGBoost,test,77.66588_12.768967,2024-08-01,0.7038608,0.6914153
XGBoost,test,77.66588_12.791425,2024-08-01,0.5957302,0.59471774
XGBoost,test,77.66588_12.953122,2024-08-01,0.55643284,0.5534207
XGBoost,test,77.66588_13.038462,2024-08-01,0.45760086,0.4631074
XGBoost,test,77.66588_13.051936,2024-08-01,0.49408025,0.5006726
XGBoost,test,77.66588_13.173209,2024-08-01,0.398914,0.41535217
XGBoost,test,77.670371_12.71956,2024-08-01,0.64438146,0.63484234
XGBoost,test,77.670371_12.86329,2024-08-01,0.5170545,0.5148241
XGBoost,test,77.670371_12.881256,2024-08-01,0.4711756,0.47183493
XGBoost,test,77.670371_12.894731,2024-08-01,0.42064264,0.42651138
XGBoost,test,77.670371_13.069903,2024-08-01,0.40765682,0.42599595
XGBoost,test,77.670371_13.083377,2024-08-01,0.3837739,0.38762388
XGBoost,test,77.670371_13.092361,2024-08-01,0.40081182,0.39998758
XGBoost,test,77.670371_13.128293,2024-08-01,0.5016795,0.5116641
XGBoost,test,77.674863_12.674644,2024-08-01,0.72579515,0.70945084
XGBoost,test,77.674863_12.755492,2024-08-01,0.49663347,0.49599293
XGBoost,test,77.674863_12.764475,2024-08-01,0.5005566,0.49942014
XGBoost,test,77.674863_12.786933,2024-08-01,0.5101448,0.5073614
XGBoost,test,77.674863_12.836341,2024-08-01,0.5172102,0.51928633
XGBoost,test,77.674863_12.867782,2024-08-01,0.7681983,0.7715711
XGBoost,test,77.674863_13.051936,2024-08-01,0.5135139,0.5107075
XGBoost,test,77.674863_13.069903,2024-08-01,0.37703294,0.39016646
XGBoost,test,77.674863_13.092361,2024-08-01,0.447451,0.44643024
XGBoost,test,77.674863_13.105835,2024-08-01,0.49927732,0.49644247
XGBoost,test,77.679355_12.697102,2024-08-01,0.521007,0.5097378
XGBoost,test,77.679355_12.746509,2024-08-01,0.66970325,0.66832566
XGBoost,test,77.679355_12.881256,2024-08-01,0.49022257,0.48245627
XGBoost,test,77.679355_12.89024,2024-08-01,0.5075174,0.50970066
XGBoost,test,77.679355_12.899223,2024-08-01,0.40731505,0.40617707
XGBoost,test,77.679355_13.047445,2024-08-01,0.7546685,0.761655
XGBoost,test,77.679355_13.056428,2024-08-01,0.4708157,0.46485287
XGBoost,test,77.679355_13.074394,2024-08-01,0.4377275,0.44083333
XGBoost,test,77.679355_13.101344,2024-08-01,0.45324126,0.45782098
XGBoost,test,77.679355_13.141768,2024-08-01,0.4963412,0.50525105
XGBoost,test,77.679355_13.155243,2024-08-01,0.40645626,0.4151103
XGBoost,test,77.679355_13.159734,2024-08-01,0.44371888,0.44102418
XGBoost,test,77.683846_12.742018,2024-08-01,0.4986225,0.495021
XGBoost,test,77.683846_12.8049,2024-08-01,0.49025264,0.48342904
XGBoost,test,77.683846_12.840832,2024-08-01,0.5920419,0.58767104
XGBoost,test,77.683846_12.894731,2024-08-01,0.50999105,0.50533694
XGBoost,test,77.683846_12.917189,2024-08-01,0.4067524,0.42745876
XGBoost,test,77.683846_12.939647,2024-08-01,0.6967396,0.6928428
XGBoost,test,77.683846_13.029478,2024-08-01,0.34627485,0.36047134
XGBoost,test,77.683846_13.06092,2024-08-01,0.45169437,0.46242797
XGBoost,test,77.683846_13.074394,2024-08-01,0.39255574,0.4089561
XGBoost,test,77.683846_13.11931,2024-08-01,0.36836508,0.37965915
XGBoost,test,77.683846_13.123802,2024-08-01,0.43642423,0.44440144
XGBoost,test,77.688338_12.656678,2024-08-01,0.71702003,0.69924074
XGBoost,test,77.688338_12.69261,2024-08-01,0.79907787,0.7835675
XGBoost,test,77.688338_12.697102,2024-08-01,0.8085953,0.81962055
XGBoost,test,77.688338_12.710577,2024-08-01,0.8026755,0.8145182
XGBoost,test,77.688338_12.876765,2024-08-01,0.76401275,0.78211474
XGBoost,test,77.688338_12.885748,2024-08-01,0.49199572,0.494628
XGBoost,test,77.688338_12.966596,2024-08-01,0.56536573,0.57672685
XGBoost,test,77.692829_12.800408,2024-08-01,0.45600703,0.450049
XGBoost,test,77.692829_12.845324,2024-08-01,0.62282914,0.62036484
XGBoost,test,77.692829_12.885748,2024-08-01,0.5380292,0.53005725
XGBoost,test,77.692829_12.899223,2024-08-01,0.4549432,0.45838422
XGBoost,test,77.692829_13.047445,2024-08-01,0.748884,0.7560802
XGBoost,test,77.692829_13.06092,2024-08-01,0.5844861,0.5774771
XGBoost,test,77.692829_13.065411,2024-08-01,0.55316883,0.5500345
XGBoost,test,77.692829_13.083377,2024-08-01,0.39439484,0.4022005
XGBoost,test,77.692829_13.096852,2024-08-01,0.40754732,0.40258062
XGBoost,test,77.692829_13.132785,2024-08-01,0.3910621,0.39676824
XGBoost,test,77.692829_13.155243,2024-08-01,0.3968322,0.3978395
XGBoost,test,77.697321_12.697102,2024-08-01,0.8164707,0.79535836
XGBoost,test,77.697321_12.773459,2024-08-01,0.4660214,0.45942196
XGBoost,test,77.697321_12.791425,2024-08-01,0.556708,0.55754477
XGBoost,test,77.697321_12.885748,2024-08-01,0.5385962,0.5285803
XGBoost,test,77.697321_12.894731,2024-08-01,0.47101757,0.4785535
XGBoost,test,77.697321_12.930664,2024-08-01,0.48858193,0.48797503
XGBoost,test,77.697321_12.966596,2024-08-01,0.53302133,0.53291446
XGBoost,test,77.697321_13.132785,2024-08-01,0.39837253,0.41316986
XGBoost,test,77.697321_13.150751,2024-08-01,0.44474787,0.4475812
XGBoost,test,77.697321_13.1777,2024-08-01,0.5660335,0.5755522
XGBoost,test,77.701812_12.77795,2024-08-01,0.46845275,0.46163574
XGBoost,test,77.701812_12.8049,2024-08-01,0.5499163,0.5427637
XGBoost,test,77.701812_12.822866,2024-08-01,0.5104624,0.51837194
XGBoost,test,77.701812_12.872273,2024-08-01,0.43953586,0.43754423
XGBoost,test,77.701812_12.984563,2024-08-01,0.47262764,0.47361174
XGBoost,test,77.701812_13.03397,2024-08-01,0.4217175,0.4299838
XGBoost,test,77.701812_13.114818,2024-08-01,0.48808858,0.4984015
XGBoost,test,77.706304_12.984563,2024-08-01,0.47375432,0.47482994
XGBoost,test,77.706304_13.038462,2024-08-01,0.42371097,0.43597722
XGBoost,test,77.706304_13.042953,2024-08-01,0.4882946,0.49826905
XGBoost,test,77.706304_13.137276,2024-08-01,0.7456065,0.7529725
XGBoost,test,77.710796_12.715068,2024-08-01,0.6150689,0.605553
XGBoost,test,77.710796_12.894731,2024-08-01,0.575972,0.5775169
XGBoost,test,77.710796_12.899223,2024-08-01,0.506206,0.4986807
XGBoost,test,77.710796_12.912697,2024-08-01,0.42603615,0.43751562
XGBoost,test,77.710796_13.03397,2024-08-01,0.43945387,0.45230424
XGBoost,test,77.710796_13.11931,2024-08-01,0.429272,0.4376794
XGBoost,test,77.710796_13.123802,2024-08-01,0.39593145,0.40918317
XGBoost,test,77.710796_13.132785,2024-08-01,0.46324712,0.4738756
XGBoost,test,77.710796_13.150751,2024-08-01,0.38941804,0.3903791
XGBoost,test,77.710796_13.168717,2024-08-01,0.50456053,0.49997607
XGBoost,test,77.710796_13.173209,2024-08-01,0.4939998,0.50255215
XGBoost,test,77.715287_12.822866,2024-08-01,0.49602026,0.50316566
XGBoost,test,77.715287_12.827358,2024-08-01,0.4520458,0.45495582
XGBoost,test,77.715287_12.845324,2024-08-01,0.4011548,0.39943087
XGBoost,test,77.715287_12.885748,2024-08-01,0.54851997,0.54034925
XGBoost,test,77.715287_12.899223,2024-08-01,0.4082605,0.41082078
XGBoost,test,77.715287_12.939647,2024-08-01,0.68183386,0.68127847
XGBoost,test,77.715287_12.944139,2024-08-01,0.72587895,0.7235278
XGBoost,test,77.715287_12.94863,2024-08-01,0.59024334,0.587911
XGBoost,test,77.715287_13.016004,2024-08-01,0.5191037,0.52401954
XGBoost,test,77.715287_13.029478,2024-08-01,0.37906706,0.3797085
XGBoost,test,77.715287_13.038462,2024-08-01,0.504235,0.5042507
XGBoost,test,77.715287_13.051936,2024-08-01,0.5101142,0.50563896
XGBoost,test,77.715287_13.056428,2024-08-01,0.41830865,0.41981408
XGBoost,test,77.715287_13.096852,2024-08-01,0.3368161,0.3577193
XGBoost,test,77.715287_13.114818,2024-08-01,0.5125501,0.51376027
XGBoost,test,77.715287_13.128293,2024-08-01,0.46398568,0.4745176
XGBoost,test,77.719779_12.706085,2024-08-01,0.6279566,0.61293834
XGBoost,test,77.719779_12.795916,2024-08-01,0.47137707,0.474079
XGBoost,test,77.719779_12.840832,2024-08-01,0.5163635,0.51097625
XGBoost,test,77.719779_12.903714,2024-08-01,0.41065726,0.42264414
XGBoost,test,77.719779_13.069903,2024-08-01,0.40319082,0.41599187
XGBoost,test,77.719779_13.105835,2024-08-01,0.43340755,0.44188473
XGBoost,test,77.719779_13.123802,2024-08-01,0.4160183,0.43187016
XGBoost,test,77.719779_13.137276,2024-08-01,0.43885672,0.45264116
XGBoost,test,77.719779_13.155243,2024-08-01,0.41311747,0.422035
XGBoost,test,77.72427_12.674644,2024-08-01,0.5364425,0.5216067
XGBoost,test,77.72427_12.697102,2024-08-01,0.4887397,0.48547032
XGBoost,test,77.72427_12.701593,2024-08-01,0.5226074,0.5143465
XGBoost,test,77.72427_12.786933,2024-08-01,0.48152626,0.471236
XGBoost,test,77.72427_12.791425,2024-08-01,0.48914373,0.48535517
XGBoost,test,77.72427_12.840832,2024-08-01,0.49309954,0.48694152
XGBoost,test,77.72427_12.867782,2024-08-01,0.43146324,0.43881983
XGBoost,test,77.72427_12.885748,2024-08-01,0.47295925,0.47419554
XGBoost,test,77.72427_13.024987,2024-08-01,0.78529,0.789196
XGBoost,test,77.72427_13.06092,2024-08-01,0.4161416,0.42186293
XGBoost,test,77.72427_13.074394,2024-08-01,0.4417011,0.45443565
XGBoost,test,77.728762_12.706085,2024-08-01,0.6353113,0.6075989
XGBoost,test,77.728762_12.724051,2024-08-01,0.63821286,0.62259996
XGBoost,test,77.728762_12.858799,2024-08-01,0.53289896,0.52818125
XGBoost,test,77.728762_12.876765,2024-08-01,0.5374888,0.5348782
XGBoost,test,77.728762_12.885748,2024-08-01,0.46555635,0.46620274
XGBoost,test,77.728762_13.016004,2024-08-01,0.77192706,0.7718969
XGBoost,test,77.728762_13.047445,2024-08-01,0.4645076,0.48859134
XGBoost,test,77.728762_13.087869,2024-08-01,0.49786025,0.4837528
XGBoost,test,77.728762_13.092361,2024-08-01,0.44332615,0.45826137
XGBoost,test,77.733253_12.795916,2024-08-01,0.47198027,0.4725992
XGBoost,test,77.733253_12.86329,2024-08-01,0.557144,0.5546508
XGBoost,test,77.733253_12.872273,2024-08-01,0.55129546,0.5455355
XGBoost,test,77.733253_12.998037,2024-08-01,0.609042,0.6099516
XGBoost,test,77.733253_13.056428,2024-08-01,0.37646836,0.38395646
XGBoost,test,77.737745_12.791425,2024-08-01,0.47352347,0.4688376
XGBoost,test,77.737745_12.858799,2024-08-01,0.4857489,0.47983068
XGBoost,test,77.737745_12.872273,2024-08-01,0.54009134,0.5289889
XGBoost,test,77.737745_12.881256,2024-08-01,0.57040393,0.57040554
XGBoost,test,77.737745_13.051936,2024-08-01,0.38658366,0.38646638
XGBoost,test,77.737745_13.06092,2024-08-01,0.41938487,0.4295194
XGBoost,test,77.737745_13.078886,2024-08-01,0.45363048,0.4584079
XGBoost,test,77.737745_13.101344,2024-08-01,0.37047824,0.38539714
XGBoost,test,77.742237_12.697102,2024-08-01,0.6500951,0.6323374
XGBoost,test,77.742237_12.795916,2024-08-01,0.45273438,0.4595105
XGBoost,test,77.742237_12.8049,2024-08-01,0.48959303,0.48453534
XGBoost,test,77.742237_12.86329,2024-08-01,0.40740734,0.41996574
XGBoost,test,77.742237_12.867782,2024-08-01,0.5430793,0.54234767
XGBoost,test,77.742237_12.89024,2024-08-01,0.5511888,0.549177
XGBoost,test,77.742237_12.899223,2024-08-01,0.5410833,0.53588337
XGBoost,test,77.742237_12.921681,2024-08-01,0.44918928,0.46943966
XGBoost,test,77.742237_12.980071,2024-08-01,0.51826787,0.5184923
XGBoost,test,77.742237_13.038462,2024-08-01,0.39657944,0.39972183
XGBoost,test,77.742237_13.074394,2024-08-01,0.37138215,0.3776746
XGBoost,test,77.742237_13.078886,2024-08-01,0.44784412,0.45897803
XGBoost,test,77.742237_13.101344,2024-08-01,0.4046766,0.4226057
XGBoost,test,77.746728_12.97558,2024-08-01,0.53729093,0.54379904
XGBoost,test,77.746728_12.984563,2024-08-01,0.5207706,0.52242774
XGBoost,test,77.746728_13.020495,2024-08-01,0.5916665,0.60473824
XGBoost,test,77.746728_13.024987,2024-08-01,0.49132937,0.4865262
XGBoost,test,77.746728_13.038462,2024-08-01,0.4003842,0.41622427
XGBoost,test,77.746728_13.06092,2024-08-01,0.34767792,0.36897135
XGBoost,test,77.746728_13.083377,2024-08-01,0.4720579,0.46788737
XGBoost,test,77.746728_13.092361,2024-08-01,0.4252723,0.44533375
XGBoost,test,77.75122_12.768967,2024-08-01,0.43697608,0.44282958
XGBoost,test,77.75122_12.894731,2024-08-01,0.46220607,0.45713353
XGBoost,test,77.75122_12.993546,2024-08-01,0.45011127,0.458539
XGBoost,test,77.75122_13.020495,2024-08-01,0.516002,0.5186923
XGBoost,test,77.75122_13.03397,2024-08-01,0.43391764,0.44351315
XGBoost,test,77.75122_13.038462,2024-08-01,0.36182237,0.3799397
XGBoost,test,77.755711_12.706085,2024-08-01,0.55916876,0.5552658
XGBoost,test,77.755711_12.764475,2024-08-01,0.7899001,0.77700603
XGBoost,test,77.755711_12.831849,2024-08-01,0.42391175,0.43252447
XGBoost,test,77.755711_12.858799,2024-08-01,0.49833125,0.4905328
XGBoost,test,77.755711_12.903714,2024-08-01,0.45474756,0.46488264
XGBoost,test,77.755711_12.926172,2024-08-01,0.4975487,0.5025519
XGBoost,test,77.760203_12.795916,2024-08-01,0.4322995,0.42688978
XGBoost,test,77.760203_12.818374,2024-08-01,0.561102,0.56900585
XGBoost,test,77.760203_12.867782,2024-08-01,0.434176,0.44241855
XGBoost,test,77.760203_12.872273,2024-08-01,0.45904183,0.4634488
XGBoost,test,77.760203_12.876765,2024-08-01,0.43296817,0.4363375
XGBoost,test,77.760203_12.885748,2024-08-01,0.45535573,0.47454298
XGBoost,test,77.760203_12.984563,2024-08-01,0.50972277,0.51713485
XGBoost,test,77.764695_12.813883,2024-08-01,0.4984925,0.5065553
XGBoost,test,77.764695_12.849815,2024-08-01,0.4700494,0.47081545
XGBoost,test,77.764695_12.885748,2024-08-01,0.47521833,0.48401436
XGBoost,test,77.764695_12.912697,2024-08-01,0.4917708,0.49606398
XGBoost,test,77.764695_13.03397,2024-08-01,0.36777392,0.3807072
XGBoost,test,77.769186_12.876765,2024-08-01,0.4951641,0.4955708
XGBoost,test,77.769186_12.894731,2024-08-01,0.4617474,0.46474853
XGBoost,test,77.769186_13.016004,2024-08-01,0.43345585,0.44948298
XGBoost,test,77.773678_12.858799,2024-08-01,0.44335508,0.45018423
XGBoost,test,77.773678_12.885748,2024-08-01,0.46420065,0.4750418
XGBoost,test,77.773678_12.899223,2024-08-01,0.42291644,0.42973736
XGBoost,test,77.773678_12.908206,2024-08-01,0.47260505,0.48391724
XGBoost,test,77.778169_12.809391,2024-08-01,0.43081757,0.43320146
XGBoost,test,77.778169_12.885748,2024-08-01,0.48488128,0.48585063
XGBoost,test,77.782661_12.89024,2024-08-01,0.47446358,0.4822688
XGBoost,test,77.787152_12.849815,2024-08-01,0.45212802,0.4530597
XGBoost,test,77.791644_12.8049,2024-08-01,0.46879372,0.47314817
XGBoost,test,77.791644_12.899223,2024-08-01,0.43232557,0.44215843
XGBoost,test,77.796136_12.854307,2024-08-01,0.43466645,0.42865488
XGBoost,test,77.796136_12.885748,2024-08-01,0.48234826,0.49361756
XGBoost,test,77.800627_12.876765,2024-08-01,0.49397987,0.49220183
XGBoost,test,77.800627_12.885748,2024-08-01,0.44162992,0.4555188
XGBoost,test,77.805119_12.876765,2024-08-01,0.5051932,0.5020529
XGBoost,test,77.805119_12.89024,2024-08-01,0.47045273,0.47190776
XGBoost,test,77.329012_12.944139,2024-09-01,0.4765203,0.46463257
XGBoost,test,77.329012_12.962105,2024-09-01,0.7374009,0.7309068
XGBoost,test,77.337995_12.921681,2024-09-01,0.6905771,0.67323244
XGBoost,test,77.342486_12.926172,2024-09-01,0.7531625,0.7334281
XGBoost,test,77.342486_12.935155,2024-09-01,0.7826244,0.7446066
XGBoost,test,77.342486_12.944139,2024-09-01,0.72418416,0.69847256
XGBoost,test,77.346978_12.86329,2024-09-01,0.5725343,0.5891854
XGBoost,test,77.346978_12.962105,2024-09-01,0.52666265,0.5271231
XGBoost,test,77.351469_12.89024,2024-09-01,0.5710889,0.5557347
XGBoost,test,77.351469_12.930664,2024-09-01,0.7565117,0.7353943
XGBoost,test,77.351469_12.939647,2024-09-01,0.75979984,0.7352619
XGBoost,test,77.355961_12.899223,2024-09-01,0.5700682,0.55173415
XGBoost,test,77.355961_12.94863,2024-09-01,0.47935423,0.4525451
XGBoost,test,77.355961_12.962105,2024-09-01,0.7737729,0.74485296
XGBoost,test,77.360453_12.867782,2024-09-01,0.41112778,0.43070307
XGBoost,test,77.360453_12.908206,2024-09-01,0.5773057,0.57605267
XGBoost,test,77.360453_12.926172,2024-09-01,0.75704753,0.74179316
XGBoost,test,77.364944_12.854307,2024-09-01,0.44603306,0.4618784
XGBoost,test,77.364944_12.962105,2024-09-01,0.4531214,0.44407326
XGBoost,test,77.369436_12.881256,2024-09-01,0.4579891,0.46323323
XGBoost,test,77.369436_12.89024,2024-09-01,0.43829754,0.45146394
XGBoost,test,77.369436_12.935155,2024-09-01,0.41094851,0.39291328
XGBoost,test,77.369436_12.998037,2024-09-01,0.4076375,0.43051857
XGBoost,test,77.369436_13.007021,2024-09-01,0.50052464,0.4829314
XGBoost,test,77.373927_12.912697,2024-09-01,0.5779058,0.58006877
XGBoost,test,77.373927_12.971088,2024-09-01,0.44851196,0.45416018
XGBoost,test,77.373927_13.011512,2024-09-01,0.4566683,0.44089922
XGBoost,test,77.373927_13.016004,2024-09-01,0.4575822,0.44003972
XGBoost,test,77.378419_12.966596,2024-09-01,0.45408323,0.44643915
XGBoost,test,77.382911_12.894731,2024-09-01,0.49989954,0.5137488
XGBoost,test,77.382911_12.953122,2024-09-01,0.43300956,0.44388258
XGBoost,test,77.382911_12.957613,2024-09-01,0.44545025,0.44657645
XGBoost,test,77.387402_12.962105,2024-09-01,0.40623537,0.43060142
XGBoost,test,77.387402_12.97558,2024-09-01,0.4880073,0.4704386
XGBoost,test,77.387402_12.980071,2024-09-01,0.48276544,0.46681213
XGBoost,test,77.391894_12.867782,2024-09-01,0.5137524,0.51756155
XGBoost,test,77.391894_12.881256,2024-09-01,0.46831286,0.47667897
XGBoost,test,77.391894_12.885748,2024-09-01,0.51092017,0.51359487
XGBoost,test,77.396385_12.894731,2024-09-01,0.5035293,0.51769114
XGBoost,test,77.396385_12.908206,2024-09-01,0.4401798,0.44213212
XGBoost,test,77.396385_12.944139,2024-09-01,0.49514836,0.49360934
XGBoost,test,77.396385_12.971088,2024-09-01,0.42113727,0.43494964
XGBoost,test,77.396385_12.97558,2024-09-01,0.4017461,0.3844959
XGBoost,test,77.396385_13.029478,2024-09-01,0.38639784,0.37365893
XGBoost,test,77.400877_12.957613,2024-09-01,0.43468165,0.43189573
XGBoost,test,77.400877_12.966596,2024-09-01,0.37088698,0.3822646
XGBoost,test,77.400877_13.029478,2024-09-01,0.36353818,0.36355758
XGBoost,test,77.405368_12.881256,2024-09-01,0.412394,0.4225501
XGBoost,test,77.405368_12.89024,2024-09-01,0.41245738,0.4036416
XGBoost,test,77.405368_12.930664,2024-09-01,0.53592974,0.54112875
XGBoost,test,77.405368_12.998037,2024-09-01,0.43969142,0.43719834
XGBoost,test,77.405368_13.105835,2024-09-01,0.42141494,0.41687697
XGBoost,test,77.405368_13.11931,2024-09-01,0.3943532,0.3796278
XGBoost,test,77.40986_12.872273,2024-09-01,0.39172837,0.37347183
XGBoost,test,77.40986_12.881256,2024-09-01,0.35110196,0.36721665
XGBoost,test,77.40986_12.962105,2024-09-01,0.467694,0.4621977
XGBoost,test,77.414352_12.930664,2024-09-01,0.4747503,0.46533728
XGBoost,test,77.414352_12.989054,2024-09-01,0.3738378,0.38106936
XGBoost,test,77.414352_12.993546,2024-09-01,0.40460086,0.4314721
XGBoost,test,77.414352_13.03397,2024-09-01,0.39360034,0.4035253
XGBoost,test,77.414352_13.11931,2024-09-01,0.3945066,0.41198415
XGBoost,test,77.418843_12.876765,2024-09-01,0.3814352,0.3800496
XGBoost,test,77.418843_12.89024,2024-09-01,0.41700253,0.42888317
XGBoost,test,77.418843_12.94863,2024-09-01,0.45644817,0.44427145
XGBoost,test,77.418843_12.971088,2024-09-01,0.39491197,0.4060183
XGBoost,test,77.418843_12.993546,2024-09-01,0.42453262,0.42280766
XGBoost,test,77.418843_13.016004,2024-09-01,0.39380127,0.39120242
XGBoost,test,77.418843_13.024987,2024-09-01,0.4076209,0.40777236
XGBoost,test,77.418843_13.029478,2024-09-01,0.41905963,0.41488692
XGBoost,test,77.418843_13.146259,2024-09-01,0.3489685,0.3734328
XGBoost,test,77.423335_12.876765,2024-09-01,0.41568118,0.4322092
XGBoost,test,77.423335_12.921681,2024-09-01,0.45359528,0.4416738
XGBoost,test,77.423335_12.930664,2024-09-01,0.45086092,0.4377322
XGBoost,test,77.423335_13.002529,2024-09-01,0.5114132,0.49708524
XGBoost,test,77.423335_13.092361,2024-09-01,0.3428014,0.3740095
XGBoost,test,77.423335_13.141768,2024-09-01,0.4358001,0.4457806
XGBoost,test,77.423335_13.150751,2024-09-01,0.34716126,0.37020862
XGBoost,test,77.427826_12.845324,2024-09-01,0.3351206,0.3694509
XGBoost,test,77.427826_12.858799,2024-09-01,0.38062674,0.37580815
XGBoost,test,77.427826_12.930664,2024-09-01,0.4533433,0.44353944
XGBoost,test,77.427826_12.939647,2024-09-01,0.38215804,0.37465262
XGBoost,test,77.427826_12.944139,2024-09-01,0.37630117,0.37492225
XGBoost,test,77.427826_13.020495,2024-09-01,0.38290817,0.384065
XGBoost,test,77.427826_13.024987,2024-09-01,0.40319532,0.42299634
XGBoost,test,77.427826_13.132785,2024-09-01,0.50539684,0.5102593
XGBoost,test,77.432318_12.858799,2024-09-01,0.4002212,0.38780054
XGBoost,test,77.432318_12.86329,2024-09-01,0.39923328,0.39045498
XGBoost,test,77.432318_12.867782,2024-09-01,0.41555893,0.40748882
XGBoost,test,77.432318_12.881256,2024-09-01,0.44326746,0.45070973
XGBoost,test,77.432318_12.885748,2024-09-01,0.5609973,0.5440886
XGBoost,test,77.432318_12.957613,2024-09-01,0.40048447,0.43057564
XGBoost,test,77.432318_12.998037,2024-09-01,0.36931458,0.37338647
XGBoost,test,77.432318_13.087869,2024-09-01,0.4583564,0.44885302
XGBoost,test,77.436809_12.818374,2024-09-01,0.5497023,0.5185853
XGBoost,test,77.436809_12.840832,2024-09-01,0.45607424,0.48161653
XGBoost,test,77.436809_12.854307,2024-09-01,0.41053146,0.3934536
XGBoost,test,77.436809_12.912697,2024-09-01,0.5500233,0.5389114
XGBoost,test,77.436809_12.926172,2024-09-01,0.46123293,0.44044694
XGBoost,test,77.436809_12.944139,2024-09-01,0.40146127,0.40577117
XGBoost,test,77.436809_13.03397,2024-09-01,0.40035102,0.40159452
XGBoost,test,77.441301_12.818374,2024-09-01,0.5407908,0.53225106
XGBoost,test,77.441301_12.831849,2024-09-01,0.45184848,0.45740598
XGBoost,test,77.441301_12.836341,2024-09-01,0.47676396,0.47907963
XGBoost,test,77.441301_12.840832,2024-09-01,0.4603361,0.47475964
XGBoost,test,77.441301_12.944139,2024-09-01,0.47393125,0.46703136
XGBoost,test,77.441301_12.94863,2024-09-01,0.43929175,0.4447138
XGBoost,test,77.441301_13.056428,2024-09-01,0.38072103,0.39542478
XGBoost,test,77.441301_13.069903,2024-09-01,0.41135895,0.43046263
XGBoost,test,77.441301_13.083377,2024-09-01,0.46098876,0.45171326
XGBoost,test,77.441301_13.110327,2024-09-01,0.41201952,0.43263158
XGBoost,test,77.445793_12.840832,2024-09-01,0.5356093,0.51541984
XGBoost,test,77.445793_12.86329,2024-09-01,0.57517755,0.55391645
XGBoost,test,77.445793_12.867782,2024-09-01,0.55707294,0.5429259
XGBoost,test,77.445793_12.912697,2024-09-01,0.4286245,0.43307662
XGBoost,test,77.445793_12.957613,2024-09-01,0.4689435,0.47238785
XGBoost,test,77.445793_12.984563,2024-09-01,0.43848917,0.4457996
XGBoost,test,77.450284_12.809391,2024-09-01,0.480788,0.47948557
XGBoost,test,77.450284_12.872273,2024-09-01,0.52219313,0.5227946
XGBoost,test,77.450284_12.993546,2024-09-01,0.336807,0.36719784
XGBoost,test,77.450284_13.029478,2024-09-01,0.42906678,0.43548107
XGBoost,test,77.450284_13.047445,2024-09-01,0.40762264,0.43205476
XGBoost,test,77.450284_13.146259,2024-09-01,0.5316035,0.51725817
XGBoost,test,77.454776_12.809391,2024-09-01,0.47132188,0.4713486
XGBoost,test,77.454776_12.885748,2024-09-01,0.48492903,0.4986701
XGBoost,test,77.454776_12.980071,2024-09-01,0.38107777,0.37867498
XGBoost,test,77.454776_12.993546,2024-09-01,0.38179085,0.37891963
XGBoost,test,77.454776_13.078886,2024-09-01,0.41824228,0.4302357
XGBoost,test,77.454776_13.087869,2024-09-01,0.3991539,0.40810537
XGBoost,test,77.454776_13.114818,2024-09-01,0.5082952,0.5053275
XGBoost,test,77.454776_13.141768,2024-09-01,0.514756,0.51210636
XGBoost,test,77.459267_12.8049,2024-09-01,0.61465585,0.5990747
XGBoost,test,77.459267_12.822866,2024-09-01,0.49052313,0.4939992
XGBoost,test,77.459267_12.845324,2024-09-01,0.5073009,0.5128
XGBoost,test,77.459267_12.926172,2024-09-01,0.4641015,0.45327467
XGBoost,test,77.459267_12.97558,2024-09-01,0.38564694,0.39983097
XGBoost,test,77.459267_13.016004,2024-09-01,0.3905031,0.39267746
XGBoost,test,77.459267_13.020495,2024-09-01,0.365322,0.37684664
XGBoost,test,77.459267_13.11931,2024-09-01,0.46322122,0.44534975
XGBoost,test,77.463759_12.813883,2024-09-01,0.4586885,0.47990024
XGBoost,test,77.463759_12.836341,2024-09-01,0.5161388,0.51160157
XGBoost,test,77.463759_12.86329,2024-09-01,0.54496276,0.54084206
XGBoost,test,77.463759_12.867782,2024-09-01,0.518475,0.5254328
XGBoost,test,77.463759_12.872273,2024-09-01,0.47539055,0.5036618
XGBoost,test,77.463759_12.885748,2024-09-01,0.58039576,0.56025213
XGBoost,test,77.463759_12.894731,2024-09-01,0.46757656,0.4745932
XGBoost,test,77.463759_12.899223,2024-09-01,0.4907972,0.51016104
XGBoost,test,77.463759_12.917189,2024-09-01,0.4168845,0.4307014
XGBoost,test,77.463759_12.953122,2024-09-01,0.74409425,0.7451644
XGBoost,test,77.463759_13.078886,2024-09-01,0.5275798,0.5170451
XGBoost,test,77.46825_12.827358,2024-09-01,0.41803935,0.42635316
XGBoost,test,77.46825_12.836341,2024-09-01,0.54112726,0.51296115
XGBoost,test,77.46825_12.894731,2024-09-01,0.4325522,0.45004746
XGBoost,test,77.46825_12.94863,2024-09-01,0.50635767,0.5166283
XGBoost,test,77.46825_12.953122,2024-09-01,0.4281338,0.44280103
XGBoost,test,77.46825_12.966596,2024-09-01,0.44332698,0.45070717
XGBoost,test,77.46825_13.007021,2024-09-01,0.36766738,0.3736235
XGBoost,test,77.46825_13.020495,2024-09-01,0.45273694,0.45473608
XGBoost,test,77.46825_13.114818,2024-09-01,0.48717108,0.5025039
XGBoost,test,77.46825_13.150751,2024-09-01,0.41012865,0.4030948
XGBoost,test,77.46825_13.1777,2024-09-01,0.4667883,0.46249685
XGBoost,test,77.472742_12.746509,2024-09-01,0.5684295,0.5639172
XGBoost,test,77.472742_12.751001,2024-09-01,0.5217083,0.5292517
XGBoost,test,77.472742_12.755492,2024-09-01,0.5405493,0.53390205
XGBoost,test,77.472742_12.795916,2024-09-01,0.5129055,0.5146784
XGBoost,test,77.472742_12.836341,2024-09-01,0.5116571,0.5013303
XGBoost,test,77.472742_12.984563,2024-09-01,0.42480755,0.4451484
XGBoost,test,77.472742_13.087869,2024-09-01,0.45029882,0.4427132
XGBoost,test,77.477234_12.764475,2024-09-01,0.52373403,0.5244972
XGBoost,test,77.477234_12.782442,2024-09-01,0.48947266,0.4910103
XGBoost,test,77.477234_12.840832,2024-09-01,0.51577073,0.5190882
XGBoost,test,77.477234_12.899223,2024-09-01,0.4129665,0.43499896
XGBoost,test,77.477234_12.935155,2024-09-01,0.56847477,0.5576026
XGBoost,test,77.477234_12.94863,2024-09-01,0.4923961,0.5013473
XGBoost,test,77.477234_12.971088,2024-09-01,0.49201864,0.5121774
XGBoost,test,77.477234_13.002529,2024-09-01,0.36951524,0.38082233
XGBoost,test,77.477234_13.056428,2024-09-01,0.42592362,0.44223446
XGBoost,test,77.481725_12.737526,2024-09-01,0.51332617,0.516805
XGBoost,test,77.481725_12.768967,2024-09-01,0.53761494,0.5407387
XGBoost,test,77.481725_12.831849,2024-09-01,0.45045158,0.46644673
XGBoost,test,77.481725_12.89024,2024-09-01,0.5199587,0.52706045
XGBoost,test,77.481725_12.894731,2024-09-01,0.46796736,0.4802168
XGBoost,test,77.481725_12.971088,2024-09-01,0.39747283,0.42428815
XGBoost,test,77.481725_13.024987,2024-09-01,0.44712213,0.4578123
XGBoost,test,77.481725_13.137276,2024-09-01,0.7398145,0.74432105
XGBoost,test,77.486217_12.764475,2024-09-01,0.51174307,0.5147672
XGBoost,test,77.486217_12.872273,2024-09-01,0.4826468,0.4824028
XGBoost,test,77.486217_12.939647,2024-09-01,0.49595687,0.50743294
XGBoost,test,77.486217_12.998037,2024-09-01,0.41525105,0.44365174
XGBoost,test,77.486217_13.042953,2024-09-01,0.5058629,0.5285686
XGBoost,test,77.486217_13.06092,2024-09-01,0.5290195,0.53325623
XGBoost,test,77.486217_13.114818,2024-09-01,0.486333,0.48951262
XGBoost,test,77.486217_13.11931,2024-09-01,0.5012091,0.49773225
XGBoost,test,77.490708_12.768967,2024-09-01,0.50327784,0.5119498
XGBoost,test,77.490708_12.8049,2024-09-01,0.51759636,0.5355371
XGBoost,test,77.490708_12.849815,2024-09-01,0.50843805,0.5098749
XGBoost,test,77.490708_12.89024,2024-09-01,0.47738296,0.47685274
XGBoost,test,77.490708_13.051936,2024-09-01,0.5982775,0.6007154
XGBoost,test,77.490708_13.087869,2024-09-01,0.53391767,0.53497744
XGBoost,test,77.490708_13.182192,2024-09-01,0.46846378,0.45645803
XGBoost,test,77.490708_13.209142,2024-09-01,0.40885937,0.4263357
XGBoost,test,77.4952_12.786933,2024-09-01,0.46417132,0.4770364
XGBoost,test,77.4952_12.836341,2024-09-01,0.4731647,0.49082926
XGBoost,test,77.4952_12.899223,2024-09-01,0.5420581,0.53694355
XGBoost,test,77.4952_12.962105,2024-09-01,0.53981227,0.54463166
XGBoost,test,77.4952_13.020495,2024-09-01,0.48523632,0.50081056
XGBoost,test,77.4952_13.024987,2024-09-01,0.5018964,0.5227247
XGBoost,test,77.4952_13.03397,2024-09-01,0.5734056,0.57954687
XGBoost,test,77.4952_13.087869,2024-09-01,0.47328645,0.4881583
XGBoost,test,77.4952_13.182192,2024-09-01,0.4665857,0.46757576
XGBoost,test,77.499692_12.755492,2024-09-01,0.59252363,0.5845891
XGBoost,test,77.499692_12.858799,2024-09-01,0.6336018,0.59620285
XGBoost,test,77.499692_12.899223,2024-09-01,0.5204621,0.5071228
XGBoost,test,77.499692_12.984563,2024-09-01,0.5083228,0.51014906
XGBoost,test,77.499692_13.114818,2024-09-01,0.50763065,0.5249146
XGBoost,test,77.499692_13.137276,2024-09-01,0.45447764,0.45499557
XGBoost,test,77.499692_13.168717,2024-09-01,0.46641356,0.47183865
XGBoost,test,77.504183_12.764475,2024-09-01,0.56061107,0.5518803
XGBoost,test,77.504183_12.786933,2024-09-01,0.5448378,0.5354875
XGBoost,test,77.504183_12.818374,2024-09-01,0.53039724,0.5301597
XGBoost,test,77.504183_12.854307,2024-09-01,0.5310915,0.5183327
XGBoost,test,77.504183_12.858799,2024-09-01,0.6388226,0.60720104
XGBoost,test,77.504183_13.083377,2024-09-01,0.58400977,0.5956099
XGBoost,test,77.504183_13.141768,2024-09-01,0.4915938,0.5041068
XGBoost,test,77.504183_13.159734,2024-09-01,0.52602214,0.52825296
XGBoost,test,77.504183_13.195667,2024-09-01,0.39357635,0.4201181
XGBoost,test,77.508675_12.751001,2024-09-01,0.64717764,0.6250913
XGBoost,test,77.508675_12.795916,2024-09-01,0.5617808,0.5472526
XGBoost,test,77.508675_12.831849,2024-09-01,0.5400956,0.5358812
XGBoost,test,77.508675_12.836341,2024-09-01,0.58062667,0.57862103
XGBoost,test,77.508675_12.845324,2024-09-01,0.5418398,0.54003596
XGBoost,test,77.508675_12.912697,2024-09-01,0.4798547,0.49427408
XGBoost,test,77.508675_13.114818,2024-09-01,0.44086242,0.44814563
XGBoost,test,77.508675_13.137276,2024-09-01,0.44327644,0.45114732
XGBoost,test,77.508675_13.159734,2024-09-01,0.53571546,0.5432465
XGBoost,test,77.508675_13.191175,2024-09-01,0.39432347,0.40581983
XGBoost,test,77.513166_12.746509,2024-09-01,0.76601535,0.7399517
XGBoost,test,77.513166_12.764475,2024-09-01,0.5238957,0.5302491
XGBoost,test,77.513166_12.77795,2024-09-01,0.6249439,0.6158375
XGBoost,test,77.513166_12.822866,2024-09-01,0.6219499,0.6176221
XGBoost,test,77.513166_13.087869,2024-09-01,0.57316244,0.5757477
XGBoost,test,77.513166_13.137276,2024-09-01,0.4078477,0.42118827
XGBoost,test,77.513166_13.1777,2024-09-01,0.43805665,0.44325617
XGBoost,test,77.517658_12.764475,2024-09-01,0.60012734,0.58104044
XGBoost,test,77.517658_12.77795,2024-09-01,0.5835332,0.5809614
XGBoost,test,77.517658_12.782442,2024-09-01,0.58640456,0.58397394
XGBoost,test,77.517658_12.795916,2024-09-01,0.57036334,0.5618538
XGBoost,test,77.517658_12.827358,2024-09-01,0.5298831,0.5366576
XGBoost,test,77.517658_12.849815,2024-09-01,0.5022383,0.52053213
XGBoost,test,77.517658_12.885748,2024-09-01,0.53566635,0.52826214
XGBoost,test,77.517658_12.89024,2024-09-01,0.51965714,0.51296854
XGBoost,test,77.517658_12.899223,2024-09-01,0.5375605,0.52009094
XGBoost,test,77.517658_12.998037,2024-09-01,0.5716302,0.58356106
XGBoost,test,77.517658_13.11931,2024-09-01,0.3711862,0.39515132
XGBoost,test,77.517658_13.182192,2024-09-01,0.43264014,0.44909957
XGBoost,test,77.517658_13.186684,2024-09-01,0.45210046,0.45629805
XGBoost,test,77.517658_13.191175,2024-09-01,0.40372786,0.4094064
XGBoost,test,77.522149_12.751001,2024-09-01,0.6813953,0.65500623
XGBoost,test,77.522149_12.755492,2024-09-01,0.63182914,0.6196344
XGBoost,test,77.522149_12.759984,2024-09-01,0.6669319,0.6413575
XGBoost,test,77.522149_12.782442,2024-09-01,0.61484885,0.6022033
XGBoost,test,77.522149_12.809391,2024-09-01,0.7709156,0.7697156
XGBoost,test,77.522149_12.813883,2024-09-01,0.49752757,0.49804452
XGBoost,test,77.522149_12.818374,2024-09-01,0.46532565,0.48271132
XGBoost,test,77.522149_12.836341,2024-09-01,0.5382614,0.53788704
XGBoost,test,77.522149_12.845324,2024-09-01,0.5370486,0.5332951
XGBoost,test,77.522149_13.056428,2024-09-01,0.6547849,0.6303397
XGBoost,test,77.522149_13.146259,2024-09-01,0.37067977,0.37385648
XGBoost,test,77.522149_13.200158,2024-09-01,0.47594348,0.46842548
XGBoost,test,77.526641_12.751001,2024-09-01,0.6531001,0.6339526
XGBoost,test,77.526641_12.840832,2024-09-01,0.61321217,0.59872997
XGBoost,test,77.526641_12.89024,2024-09-01,0.65252393,0.62752867
XGBoost,test,77.526641_12.899223,2024-09-01,0.59044516,0.579787
XGBoost,test,77.526641_13.105835,2024-09-01,0.42065525,0.43328148
XGBoost,test,77.526641_13.110327,2024-09-01,0.40205202,0.40872195
XGBoost,test,77.531133_12.791425,2024-09-01,0.550818,0.54506177
XGBoost,test,77.531133_12.795916,2024-09-01,0.5816596,0.5841022
XGBoost,test,77.531133_12.800408,2024-09-01,0.56291825,0.56663024
XGBoost,test,77.531133_12.822866,2024-09-01,0.5199797,0.51928246
XGBoost,test,77.531133_12.827358,2024-09-01,0.5429555,0.5421885
XGBoost,test,77.531133_12.894731,2024-09-01,0.5133446,0.51407325
XGBoost,test,77.531133_13.114818,2024-09-01,0.42190278,0.42663273
XGBoost,test,77.531133_13.195667,2024-09-01,0.50371,0.50721335
XGBoost,test,77.535624_12.77795,2024-09-01,0.7507337,0.7431569
XGBoost,test,77.535624_12.822866,2024-09-01,0.6580734,0.64601636
XGBoost,test,77.535624_12.872273,2024-09-01,0.42757085,0.44978863
XGBoost,test,77.535624_12.899223,2024-09-01,0.47448534,0.4959114
XGBoost,test,77.535624_13.069903,2024-09-01,0.70497847,0.710938
XGBoost,test,77.535624_13.096852,2024-09-01,0.47047633,0.4619821
XGBoost,test,77.535624_13.114818,2024-09-01,0.46113086,0.45141143
XGBoost,test,77.535624_13.132785,2024-09-01,0.48706004,0.47855186
XGBoost,test,77.535624_13.137276,2024-09-01,0.40023714,0.4111584
XGBoost,test,77.535624_13.195667,2024-09-01,0.4068231,0.4095608
XGBoost,test,77.540116_12.77795,2024-09-01,0.58439165,0.5815191
XGBoost,test,77.540116_12.795916,2024-09-01,0.6120467,0.5908395
XGBoost,test,77.540116_13.042953,2024-09-01,0.59410065,0.5663489
XGBoost,test,77.540116_13.074394,2024-09-01,0.6068447,0.59796834
XGBoost,test,77.540116_13.092361,2024-09-01,0.42713317,0.44257364
XGBoost,test,77.540116_13.101344,2024-09-01,0.41834378,0.42865467
XGBoost,test,77.540116_13.105835,2024-09-01,0.43943426,0.44575584
XGBoost,test,77.540116_13.132785,2024-09-01,0.44590414,0.44753665
XGBoost,test,77.540116_13.155243,2024-09-01,0.50003225,0.50568324
XGBoost,test,77.540116_13.182192,2024-09-01,0.4156516,0.4279228
XGBoost,test,77.544607_12.831849,2024-09-01,0.7227911,0.7251426
XGBoost,test,77.549099_12.822866,2024-09-01,0.7473947,0.74607205
XGBoost,test,77.549099_12.831849,2024-09-01,0.6257141,0.62778676
XGBoost,test,77.549099_12.836341,2024-09-01,0.6001387,0.6090012
XGBoost,test,77.549099_12.845324,2024-09-01,0.606571,0.6131649
XGBoost,test,77.549099_12.894731,2024-09-01,0.6224396,0.61260927
XGBoost,test,77.549099_13.096852,2024-09-01,0.49747917,0.52167004
XGBoost,test,77.549099_13.132785,2024-09-01,0.63324386,0.61778057
XGBoost,test,77.55359_12.71956,2024-09-01,0.74583757,0.7561095
XGBoost,test,77.55359_12.782442,2024-09-01,0.691269,0.6694094
XGBoost,test,77.55359_12.849815,2024-09-01,0.5974404,0.6006479
XGBoost,test,77.55359_13.069903,2024-09-01,0.73064494,0.73149467
XGBoost,test,77.55359_13.101344,2024-09-01,0.41775662,0.4442941
XGBoost,test,77.55359_13.110327,2024-09-01,0.50454074,0.5051871
XGBoost,test,77.55359_13.128293,2024-09-01,0.59726334,0.60255605
XGBoost,test,77.558082_12.710577,2024-09-01,0.7878442,0.76415205
XGBoost,test,77.558082_12.827358,2024-09-01,0.69764745,0.68101746
XGBoost,test,77.558082_12.845324,2024-09-01,0.67045915,0.65798765
XGBoost,test,77.558082_13.042953,2024-09-01,0.66160905,0.64061546
XGBoost,test,77.558082_13.051936,2024-09-01,0.70925295,0.71290624
XGBoost,test,77.558082_13.110327,2024-09-01,0.5220807,0.52210855
XGBoost,test,77.558082_13.168717,2024-09-01,0.4962849,0.5057944
XGBoost,test,77.562574_12.71956,2024-09-01,0.7627747,0.7587615
XGBoost,test,77.562574_12.827358,2024-09-01,0.6999104,0.70387137
XGBoost,test,77.562574_12.858799,2024-09-01,0.42990527,0.4602856
XGBoost,test,77.562574_12.872273,2024-09-01,0.5867213,0.5952952
XGBoost,test,77.562574_13.141768,2024-09-01,0.43999276,0.44417498
XGBoost,test,77.562574_13.159734,2024-09-01,0.4869493,0.5007845
XGBoost,test,77.562574_13.173209,2024-09-01,0.48590258,0.5029581
XGBoost,test,77.567065_12.724051,2024-09-01,0.74225754,0.7388553
XGBoost,test,77.567065_12.813883,2024-09-01,0.6736348,0.6684527
XGBoost,test,77.567065_12.849815,2024-09-01,0.6624568,0.6477261
XGBoost,test,77.567065_13.105835,2024-09-01,0.5755027,0.57616436
XGBoost,test,77.567065_13.114818,2024-09-01,0.655835,0.64509803
XGBoost,test,77.567065_13.182192,2024-09-01,0.5018883,0.5058245
XGBoost,test,77.571557_12.71956,2024-09-01,0.7646148,0.74909097
XGBoost,test,77.571557_12.800408,2024-09-01,0.6735641,0.6706953
XGBoost,test,77.571557_12.813883,2024-09-01,0.7555518,0.75136846
XGBoost,test,77.571557_12.849815,2024-09-01,0.6642963,0.66008294
XGBoost,test,77.571557_13.141768,2024-09-01,0.45617056,0.46242657
XGBoost,test,77.571557_13.146259,2024-09-01,0.4590895,0.48023534
XGBoost,test,77.576048_12.71956,2024-09-01,0.7347517,0.7241454
XGBoost,test,77.576048_12.728543,2024-09-01,0.7649996,0.7486235
XGBoost,test,77.576048_12.742018,2024-09-01,0.7369621,0.7318087
XGBoost,test,77.576048_12.813883,2024-09-01,0.7604607,0.7554019
XGBoost,test,77.576048_12.827358,2024-09-01,0.6223578,0.61982006
XGBoost,test,77.58054_12.800408,2024-09-01,0.7205403,0.72309023
XGBoost,test,77.58054_12.845324,2024-09-01,0.6892062,0.67971367
XGBoost,test,77.58054_13.083377,2024-09-01,0.51994365,0.52125627
XGBoost,test,77.58054_13.087869,2024-09-01,0.49488643,0.49950427
XGBoost,test,77.585031_12.849815,2024-09-01,0.6800154,0.6774345
XGBoost,test,77.585031_13.042953,2024-09-01,0.7031246,0.6993418
XGBoost,test,77.585031_13.137276,2024-09-01,0.4759956,0.4803706
XGBoost,test,77.589523_12.71956,2024-09-01,0.836947,0.8181738
XGBoost,test,77.589523_12.746509,2024-09-01,0.7264728,0.7152161
XGBoost,test,77.589523_12.854307,2024-09-01,0.5945823,0.59848464
XGBoost,test,77.589523_12.971088,2024-09-01,0.7511806,0.7582982
XGBoost,test,77.589523_13.083377,2024-09-01,0.6039037,0.60019416
XGBoost,test,77.589523_13.150751,2024-09-01,0.4728418,0.4775486
XGBoost,test,77.594015_12.724051,2024-09-01,0.83499587,0.8192657
XGBoost,test,77.594015_12.733034,2024-09-01,0.80169207,0.7932079
XGBoost,test,77.594015_12.755492,2024-09-01,0.6717796,0.66644144
XGBoost,test,77.594015_12.831849,2024-09-01,0.58508015,0.59735435
XGBoost,test,77.594015_12.836341,2024-09-01,0.6188653,0.62845355
XGBoost,test,77.594015_12.840832,2024-09-01,0.62847733,0.6326664
XGBoost,test,77.594015_12.849815,2024-09-01,0.6178161,0.62000334
XGBoost,test,77.594015_13.087869,2024-09-01,0.6060754,0.60593206
XGBoost,test,77.598506_12.665661,2024-09-01,0.77708554,0.7654326
XGBoost,test,77.598506_12.710577,2024-09-01,0.6962752,0.66723245
XGBoost,test,77.598506_12.822866,2024-09-01,0.61135906,0.61429876
XGBoost,test,77.598506_12.849815,2024-09-01,0.7063225,0.72130996
XGBoost,test,77.598506_13.083377,2024-09-01,0.5747739,0.5969872
XGBoost,test,77.598506_13.128293,2024-09-01,0.56609863,0.57174224
XGBoost,test,77.598506_13.141768,2024-09-01,0.43641332,0.43827355
XGBoost,test,77.598506_13.146259,2024-09-01,0.420108,0.426286
XGBoost,test,77.602998_12.710577,2024-09-01,0.7125113,0.6934749
XGBoost,test,77.602998_12.827358,2024-09-01,0.48991606,0.510738
XGBoost,test,77.602998_12.849815,2024-09-01,0.5508102,0.5539911
XGBoost,test,77.602998_12.858799,2024-09-01,0.56076974,0.5646821
XGBoost,test,77.602998_13.114818,2024-09-01,0.5816119,0.5727846
XGBoost,test,77.602998_13.11931,2024-09-01,0.5746151,0.5804683
XGBoost,test,77.602998_13.128293,2024-09-01,0.5183933,0.52841157
XGBoost,test,77.602998_13.164226,2024-09-01,0.46857136,0.47582072
XGBoost,test,77.607489_12.768967,2024-09-01,0.61996806,0.5958307
XGBoost,test,77.607489_12.773459,2024-09-01,0.58815426,0.58427835
XGBoost,test,77.607489_12.791425,2024-09-01,0.5441043,0.54545623
XGBoost,test,77.607489_12.809391,2024-09-01,0.6400981,0.63469243
XGBoost,test,77.607489_12.818374,2024-09-01,0.6906372,0.69198173
XGBoost,test,77.607489_13.087869,2024-09-01,0.72802514,0.7362163
XGBoost,test,77.611981_12.768967,2024-09-01,0.5644852,0.5690799
XGBoost,test,77.611981_12.831849,2024-09-01,0.53941476,0.55572253
XGBoost,test,77.611981_12.867782,2024-09-01,0.51856947,0.5380859
XGBoost,test,77.611981_12.953122,2024-09-01,0.7215079,0.7338249
XGBoost,test,77.611981_13.105835,2024-09-01,0.53962314,0.52885884
XGBoost,test,77.611981_13.168717,2024-09-01,0.42549166,0.4384069
XGBoost,test,77.611981_13.182192,2024-09-01,0.37227076,0.38190392
XGBoost,test,77.616473_12.831849,2024-09-01,0.6164922,0.6188897
XGBoost,test,77.616473_12.858799,2024-09-01,0.50683844,0.52976376
XGBoost,test,77.616473_13.114818,2024-09-01,0.57065344,0.5667969
XGBoost,test,77.616473_13.141768,2024-09-01,0.45580116,0.45987028
XGBoost,test,77.616473_13.1777,2024-09-01,0.38683027,0.38662976
XGBoost,test,77.620964_12.795916,2024-09-01,0.43758506,0.46180007
XGBoost,test,77.620964_12.813883,2024-09-01,0.44414684,0.4716189
XGBoost,test,77.620964_12.845324,2024-09-01,0.6420261,0.64536524
XGBoost,test,77.620964_12.858799,2024-09-01,0.4829801,0.50700474
XGBoost,test,77.620964_13.132785,2024-09-01,0.52169144,0.5457753
XGBoost,test,77.625456_12.782442,2024-09-01,0.523752,0.53074664
XGBoost,test,77.625456_12.858799,2024-09-01,0.42577907,0.44203514
XGBoost,test,77.625456_13.065411,2024-09-01,0.39119592,0.40952113
XGBoost,test,77.625456_13.128293,2024-09-01,0.5256227,0.54242355
XGBoost,test,77.625456_13.137276,2024-09-01,0.4279713,0.44871277
XGBoost,test,77.625456_13.155243,2024-09-01,0.6337867,0.63101816
XGBoost,test,77.625456_13.182192,2024-09-01,0.4332093,0.45484722
XGBoost,test,77.629947_12.795916,2024-09-01,0.7722281,0.7754009
XGBoost,test,77.629947_12.809391,2024-09-01,0.47214922,0.49489906
XGBoost,test,77.629947_12.836341,2024-09-01,0.57018346,0.5916936
XGBoost,test,77.629947_12.854307,2024-09-01,0.4927167,0.5054577
XGBoost,test,77.629947_12.858799,2024-09-01,0.46263194,0.4665539
XGBoost,test,77.629947_13.06092,2024-09-01,0.41400382,0.45066974
XGBoost,test,77.629947_13.087869,2024-09-01,0.43559998,0.45233715
XGBoost,test,77.629947_13.1777,2024-09-01,0.45919564,0.45262954
XGBoost,test,77.634439_12.679136,2024-09-01,0.7820927,0.7599921
XGBoost,test,77.634439_12.701593,2024-09-01,0.73201704,0.72598046
XGBoost,test,77.634439_12.733034,2024-09-01,0.48607686,0.5142855
XGBoost,test,77.634439_12.746509,2024-09-01,0.5350511,0.5362851
XGBoost,test,77.634439_12.751001,2024-09-01,0.523544,0.53131646
XGBoost,test,77.634439_12.849815,2024-09-01,0.53249264,0.540874
XGBoost,test,77.634439_13.047445,2024-09-01,0.4715871,0.49720034
XGBoost,test,77.634439_13.083377,2024-09-01,0.4008575,0.439994
XGBoost,test,77.634439_13.137276,2024-09-01,0.40227675,0.43268773
XGBoost,test,77.63893_12.688119,2024-09-01,0.6928973,0.6800882
XGBoost,test,77.63893_12.742018,2024-09-01,0.54385245,0.5443753
XGBoost,test,77.63893_12.791425,2024-09-01,0.53828,0.5401659
XGBoost,test,77.63893_12.800408,2024-09-01,0.47549713,0.49713925
XGBoost,test,77.63893_12.818374,2024-09-01,0.47474077,0.47607467
XGBoost,test,77.63893_12.840832,2024-09-01,0.62043405,0.62348497
XGBoost,test,77.63893_12.872273,2024-09-01,0.40646112,0.43437085
XGBoost,test,77.63893_12.917189,2024-09-01,0.7074091,0.7247323
XGBoost,test,77.63893_13.056428,2024-09-01,0.53432745,0.5265483
XGBoost,test,77.63893_13.078886,2024-09-01,0.4247465,0.44204903
XGBoost,test,77.63893_13.083377,2024-09-01,0.39619043,0.43400556
XGBoost,test,77.63893_13.1777,2024-09-01,0.45149356,0.4564092
XGBoost,test,77.643422_12.795916,2024-09-01,0.4800319,0.5077463
XGBoost,test,77.643422_12.800408,2024-09-01,0.48666665,0.5080929
XGBoost,test,77.643422_12.809391,2024-09-01,0.5061194,0.5171318
XGBoost,test,77.643422_12.867782,2024-09-01,0.46273825,0.48651785
XGBoost,test,77.643422_13.002529,2024-09-01,0.5221461,0.5427608
XGBoost,test,77.643422_13.038462,2024-09-01,0.5196169,0.53767943
XGBoost,test,77.643422_13.164226,2024-09-01,0.58008283,0.58432573
XGBoost,test,77.647914_12.688119,2024-09-01,0.71944785,0.7240237
XGBoost,test,77.647914_12.733034,2024-09-01,0.54734486,0.54735476
XGBoost,test,77.647914_12.881256,2024-09-01,0.48689005,0.505025
XGBoost,test,77.647914_12.935155,2024-09-01,0.6535387,0.66322
XGBoost,test,77.647914_13.141768,2024-09-01,0.681564,0.66801953
XGBoost,test,77.647914_13.168717,2024-09-01,0.7254324,0.72870696
XGBoost,test,77.652405_12.697102,2024-09-01,0.6948991,0.6707838
XGBoost,test,77.652405_12.773459,2024-09-01,0.47847813,0.49779135
XGBoost,test,77.652405_12.795916,2024-09-01,0.43012843,0.46118554
XGBoost,test,77.652405_12.8049,2024-09-01,0.52855664,0.5346595
XGBoost,test,77.652405_12.858799,2024-09-01,0.69357204,0.70552033
XGBoost,test,77.652405_12.926172,2024-09-01,0.61419666,0.62468153
XGBoost,test,77.652405_13.002529,2024-09-01,0.5197715,0.53430325
XGBoost,test,77.656897_12.742018,2024-09-01,0.5518302,0.5400035
XGBoost,test,77.656897_12.746509,2024-09-01,0.5383912,0.53423405
XGBoost,test,77.656897_12.768967,2024-09-01,0.52857834,0.5360139
XGBoost,test,77.656897_12.791425,2024-09-01,0.4490848,0.46685806
XGBoost,test,77.656897_12.800408,2024-09-01,0.5508499,0.55420506
XGBoost,test,77.656897_12.831849,2024-09-01,0.5629018,0.5641752
XGBoost,test,77.656897_12.849815,2024-09-01,0.4248857,0.44350976
XGBoost,test,77.656897_12.939647,2024-09-01,0.5274551,0.544769
XGBoost,test,77.656897_13.101344,2024-09-01,0.47261703,0.48983774
XGBoost,test,77.656897_13.164226,2024-09-01,0.45767912,0.45562878
XGBoost,test,77.656897_13.173209,2024-09-01,0.40316993,0.4284254
XGBoost,test,77.661388_12.737526,2024-09-01,0.5718227,0.55956143
XGBoost,test,77.661388_12.759984,2024-09-01,0.57098055,0.55492735
XGBoost,test,77.661388_13.056428,2024-09-01,0.46360555,0.4651808
XGBoost,test,77.661388_13.074394,2024-09-01,0.52829325,0.5377525
XGBoost,test,77.661388_13.087869,2024-09-01,0.4262454,0.44254404
XGBoost,test,77.661388_13.101344,2024-09-01,0.44119722,0.45945096
XGBoost,test,77.661388_13.110327,2024-09-01,0.51447237,0.5346511
XGBoost,test,77.661388_13.11931,2024-09-01,0.5869751,0.5876585
XGBoost,test,77.66588_12.679136,2024-09-01,0.6727874,0.6296532
XGBoost,test,77.66588_12.697102,2024-09-01,0.6333018,0.60222524
XGBoost,test,77.66588_12.715068,2024-09-01,0.63695693,0.6212387
XGBoost,test,77.66588_12.724051,2024-09-01,0.6192877,0.58889353
XGBoost,test,77.66588_12.751001,2024-09-01,0.502037,0.5220196
XGBoost,test,77.66588_12.755492,2024-09-01,0.5655632,0.56812495
XGBoost,test,77.66588_12.764475,2024-09-01,0.56180084,0.5543105
XGBoost,test,77.66588_12.768967,2024-09-01,0.7083749,0.69753945
XGBoost,test,77.66588_12.791425,2024-09-01,0.6130693,0.6003309
XGBoost,test,77.66588_12.953122,2024-09-01,0.5451971,0.55902344
XGBoost,test,77.66588_13.038462,2024-09-01,0.45276988,0.4662054
XGBoost,test,77.66588_13.051936,2024-09-01,0.5113659,0.5080741
XGBoost,test,77.66588_13.173209,2024-09-01,0.40269682,0.42461222
XGBoost,test,77.670371_12.71956,2024-09-01,0.66204506,0.63636744
XGBoost,test,77.670371_12.86329,2024-09-01,0.510775,0.52914196
XGBoost,test,77.670371_12.881256,2024-09-01,0.46815956,0.49368685
XGBoost,test,77.670371_12.894731,2024-09-01,0.41666195,0.44750622
XGBoost,test,77.670371_13.069903,2024-09-01,0.41516563,0.43927327
XGBoost,test,77.670371_13.083377,2024-09-01,0.38006634,0.39910278
XGBoost,test,77.670371_13.092361,2024-09-01,0.3828383,0.40229368
XGBoost,test,77.670371_13.128293,2024-09-01,0.49742374,0.51748973
XGBoost,test,77.674863_12.674644,2024-09-01,0.7340603,0.7151187
XGBoost,test,77.674863_12.71956,2024-09-01,0.6689644,0.6365446
XGBoost,test,77.674863_12.755492,2024-09-01,0.5080582,0.52539945
XGBoost,test,77.674863_12.764475,2024-09-01,0.51332355,0.52347517
XGBoost,test,77.674863_12.786933,2024-09-01,0.5213704,0.5300846
XGBoost,test,77.674863_12.836341,2024-09-01,0.5163718,0.52963716
XGBoost,test,77.674863_12.867782,2024-09-01,0.7741528,0.7787328
XGBoost,test,77.674863_13.051936,2024-09-01,0.5048142,0.5240905
XGBoost,test,77.674863_13.069903,2024-09-01,0.38476738,0.39890867
XGBoost,test,77.674863_13.092361,2024-09-01,0.43218246,0.44681466
XGBoost,test,77.674863_13.105835,2024-09-01,0.499111,0.5064733
XGBoost,test,77.679355_12.697102,2024-09-01,0.5259461,0.53096545
XGBoost,test,77.679355_12.746509,2024-09-01,0.68946844,0.6692869
XGBoost,test,77.679355_12.881256,2024-09-01,0.48813146,0.5044092
XGBoost,test,77.679355_12.89024,2024-09-01,0.5190029,0.5253594
XGBoost,test,77.679355_12.899223,2024-09-01,0.40984648,0.43521804
XGBoost,test,77.679355_13.047445,2024-09-01,0.7655249,0.75815785
XGBoost,test,77.679355_13.056428,2024-09-01,0.45640302,0.46372327
XGBoost,test,77.679355_13.074394,2024-09-01,0.44060516,0.44572204
XGBoost,test,77.679355_13.101344,2024-09-01,0.46920663,0.45450705
XGBoost,test,77.679355_13.141768,2024-09-01,0.4890411,0.5100767
XGBoost,test,77.679355_13.155243,2024-09-01,0.40231767,0.42722544
XGBoost,test,77.679355_13.159734,2024-09-01,0.43881342,0.4484871
XGBoost,test,77.683846_12.728543,2024-09-01,0.55207705,0.55764407
XGBoost,test,77.683846_12.742018,2024-09-01,0.5128317,0.5198785
XGBoost,test,77.683846_12.755492,2024-09-01,0.7099152,0.7200922
XGBoost,test,77.683846_12.795916,2024-09-01,0.51043344,0.5188919
XGBoost,test,77.683846_12.8049,2024-09-01,0.49539655,0.5128114
XGBoost,test,77.683846_12.836341,2024-09-01,0.5865712,0.5964709
XGBoost,test,77.683846_12.840832,2024-09-01,0.5988589,0.59619015
XGBoost,test,77.683846_12.894731,2024-09-01,0.50670975,0.5225554
XGBoost,test,77.683846_12.917189,2024-09-01,0.41151562,0.44777602
XGBoost,test,77.683846_12.939647,2024-09-01,0.70290405,0.7115662
XGBoost,test,77.683846_13.06092,2024-09-01,0.4401477,0.4659917
XGBoost,test,77.683846_13.074394,2024-09-01,0.40757918,0.42297658
XGBoost,test,77.683846_13.11931,2024-09-01,0.374553,0.3895147
XGBoost,test,77.683846_13.123802,2024-09-01,0.44296506,0.4480295
XGBoost,test,77.688338_12.656678,2024-09-01,0.7160085,0.7137899
XGBoost,test,77.688338_12.69261,2024-09-01,0.80842364,0.7935626
XGBoost,test,77.688338_12.697102,2024-09-01,0.8167097,0.80845386
XGBoost,test,77.688338_12.710577,2024-09-01,0.8000717,0.7968493
XGBoost,test,77.688338_12.751001,2024-09-01,0.58184475,0.5851783
XGBoost,test,77.688338_12.755492,2024-09-01,0.54757214,0.54614526
XGBoost,test,77.688338_12.876765,2024-09-01,0.76703966,0.78580296
XGBoost,test,77.688338_12.885748,2024-09-01,0.48968208,0.51356375
XGBoost,test,77.688338_12.966596,2024-09-01,0.5632017,0.5676797
XGBoost,test,77.692829_12.746509,2024-09-01,0.47102845,0.4825857
XGBoost,test,77.692829_12.800408,2024-09-01,0.45722237,0.47388414
XGBoost,test,77.692829_12.845324,2024-09-01,0.64300853,0.62235254
XGBoost,test,77.692829_12.885748,2024-09-01,0.5302709,0.5445608
XGBoost,test,77.692829_12.899223,2024-09-01,0.45163512,0.46829402
XGBoost,test,77.692829_13.047445,2024-09-01,0.75698936,0.75768226
XGBoost,test,77.692829_13.06092,2024-09-01,0.5692368,0.59611684
XGBoost,test,77.692829_13.065411,2024-09-01,0.5376576,0.5398857
XGBoost,test,77.692829_13.083377,2024-09-01,0.3957044,0.40857878
XGBoost,test,77.692829_13.096852,2024-09-01,0.3945456,0.40903172
XGBoost,test,77.692829_13.132785,2024-09-01,0.38349164,0.4072746
XGBoost,test,77.692829_13.155243,2024-09-01,0.39355192,0.41029325
XGBoost,test,77.697321_12.697102,2024-09-01,0.7930394,0.7991977
XGBoost,test,77.697321_12.751001,2024-09-01,0.527487,0.53226286
XGBoost,test,77.697321_12.773459,2024-09-01,0.46310976,0.47892824
XGBoost,test,77.697321_12.791425,2024-09-01,0.56350374,0.5696917
XGBoost,test,77.697321_12.885748,2024-09-01,0.527945,0.5431343
XGBoost,test,77.697321_12.894731,2024-09-01,0.4717083,0.49897903
XGBoost,test,77.697321_12.930664,2024-09-01,0.48295143,0.498306
XGBoost,test,77.697321_12.966596,2024-09-01,0.53344196,0.539754
XGBoost,test,77.697321_13.132785,2024-09-01,0.39512366,0.42739072
XGBoost,test,77.697321_13.150751,2024-09-01,0.44638857,0.45212018
XGBoost,test,77.697321_13.1777,2024-09-01,0.5590882,0.5689494
XGBoost,test,77.701812_12.742018,2024-09-01,0.4903023,0.50767154
XGBoost,test,77.701812_12.77795,2024-09-01,0.46538487,0.47872564
XGBoost,test,77.701812_12.8049,2024-09-01,0.54785,0.5561188
XGBoost,test,77.701812_12.822866,2024-09-01,0.50969225,0.53028464
XGBoost,test,77.701812_12.872273,2024-09-01,0.4293443,0.46019974
XGBoost,test,77.701812_12.984563,2024-09-01,0.46421298,0.47682315
XGBoost,test,77.701812_13.03397,2024-09-01,0.41984138,0.442407
XGBoost,test,77.701812_13.114818,2024-09-01,0.47743183,0.4933595
XGBoost,test,77.701812_13.164226,2024-09-01,0.4355542,0.45032245
XGBoost,test,77.706304_12.746509,2024-09-01,0.49622494,0.5142199
XGBoost,test,77.706304_12.751001,2024-09-01,0.51502186,0.5277435
XGBoost,test,77.706304_12.759984,2024-09-01,0.41573635,0.4309321
XGBoost,test,77.706304_12.764475,2024-09-01,0.49556157,0.5114028
XGBoost,test,77.706304_12.86329,2024-09-01,0.3773624,0.39060465
XGBoost,test,77.706304_12.984563,2024-09-01,0.46758214,0.4867962
XGBoost,test,77.706304_13.038462,2024-09-01,0.41630527,0.44678047
XGBoost,test,77.706304_13.042953,2024-09-01,0.49524873,0.5123193
XGBoost,test,77.706304_13.137276,2024-09-01,0.7403088,0.74822974
XGBoost,test,77.710796_12.715068,2024-09-01,0.6077296,0.59060913
XGBoost,test,77.710796_12.894731,2024-09-01,0.57436955,0.56999856
XGBoost,test,77.710796_12.899223,2024-09-01,0.49871564,0.5184304
XGBoost,test,77.710796_12.912697,2024-09-01,0.42653555,0.4469254
XGBoost,test,77.710796_13.03397,2024-09-01,0.4355596,0.47457838
XGBoost,test,77.710796_13.11931,2024-09-01,0.42935836,0.4427593
XGBoost,test,77.710796_13.123802,2024-09-01,0.38811332,0.41439566
XGBoost,test,77.710796_13.132785,2024-09-01,0.4631149,0.46496347
XGBoost,test,77.710796_13.150751,2024-09-01,0.38099808,0.40254667
XGBoost,test,77.710796_13.168717,2024-09-01,0.49104157,0.5103905
XGBoost,test,77.710796_13.173209,2024-09-01,0.48839208,0.5093297
XGBoost,test,77.715287_12.679136,2024-09-01,0.69085807,0.68875134
XGBoost,test,77.715287_12.742018,2024-09-01,0.49559584,0.50444806
XGBoost,test,77.715287_12.773459,2024-09-01,0.45315132,0.48135692
XGBoost,test,77.715287_12.822866,2024-09-01,0.50674397,0.51294446
XGBoost,test,77.715287_12.827358,2024-09-01,0.45181015,0.48226058
XGBoost,test,77.715287_12.845324,2024-09-01,0.39434737,0.40985283
XGBoost,test,77.715287_12.885748,2024-09-01,0.5446036,0.54778165
XGBoost,test,77.715287_12.899223,2024-09-01,0.4013396,0.43270952
XGBoost,test,77.715287_12.939647,2024-09-01,0.68149066,0.6700854
XGBoost,test,77.715287_12.944139,2024-09-01,0.71516937,0.725234
XGBoost,test,77.715287_12.94863,2024-09-01,0.5781745,0.58667684
XGBoost,test,77.715287_13.016004,2024-09-01,0.51666695,0.5311997
XGBoost,test,77.715287_13.029478,2024-09-01,0.37895,0.38871837
XGBoost,test,77.715287_13.038462,2024-09-01,0.49662897,0.51409185
XGBoost,test,77.715287_13.051936,2024-09-01,0.49249116,0.51348907
XGBoost,test,77.715287_13.056428,2024-09-01,0.3987209,0.4312361
XGBoost,test,77.715287_13.096852,2024-09-01,0.33181238,0.37054983
XGBoost,test,77.715287_13.114818,2024-09-01,0.52138186,0.523998
XGBoost,test,77.715287_13.128293,2024-09-01,0.47091997,0.46595764
XGBoost,test,77.719779_12.706085,2024-09-01,0.6250802,0.61517614
XGBoost,test,77.719779_12.746509,2024-09-01,0.69974434,0.68503106
XGBoost,test,77.719779_12.795916,2024-09-01,0.4642734,0.50283694
XGBoost,test,77.719779_12.840832,2024-09-01,0.5157086,0.52022576
XGBoost,test,77.719779_12.903714,2024-09-01,0.4077352,0.4374519
XGBoost,test,77.719779_13.069903,2024-09-01,0.40284362,0.4328322
XGBoost,test,77.719779_13.105835,2024-09-01,0.44385785,0.44352132
XGBoost,test,77.719779_13.123802,2024-09-01,0.42196026,0.44193983
XGBoost,test,77.719779_13.137276,2024-09-01,0.43537614,0.4453672
XGBoost,test,77.719779_13.155243,2024-09-01,0.40657327,0.43306398
XGBoost,test,77.72427_12.674644,2024-09-01,0.5329511,0.53740525
XGBoost,test,77.72427_12.697102,2024-09-01,0.47503754,0.5093757
XGBoost,test,77.72427_12.701593,2024-09-01,0.5143376,0.5329646
XGBoost,test,77.72427_12.724051,2024-09-01,0.52358603,0.5266662
XGBoost,test,77.72427_12.786933,2024-09-01,0.4831843,0.49770582
XGBoost,test,77.72427_12.791425,2024-09-01,0.48551062,0.51174533
XGBoost,test,77.72427_12.840832,2024-09-01,0.48840734,0.5168167
XGBoost,test,77.72427_12.867782,2024-09-01,0.42403567,0.4538845
XGBoost,test,77.72427_12.885748,2024-09-01,0.47152334,0.49749964
XGBoost,test,77.72427_13.024987,2024-09-01,0.78745335,0.781108
XGBoost,test,77.72427_13.06092,2024-09-01,0.40328023,0.43149886
XGBoost,test,77.72427_13.074394,2024-09-01,0.43957824,0.44983926
XGBoost,test,77.728762_12.706085,2024-09-01,0.62791455,0.60887337
XGBoost,test,77.728762_12.724051,2024-09-01,0.63235486,0.61602527
XGBoost,test,77.728762_12.759984,2024-09-01,0.5139261,0.5177282
XGBoost,test,77.728762_12.782442,2024-09-01,0.53140247,0.5390529
XGBoost,test,77.728762_12.809391,2024-09-01,0.49557975,0.5126736
XGBoost,test,77.728762_12.858799,2024-09-01,0.52994114,0.54096794
XGBoost,test,77.728762_12.876765,2024-09-01,0.53392833,0.54581785
XGBoost,test,77.728762_12.885748,2024-09-01,0.46918496,0.4884223
XGBoost,test,77.728762_13.016004,2024-09-01,0.7775319,0.7714219
XGBoost,test,77.728762_13.047445,2024-09-01,0.47369504,0.49693286
XGBoost,test,77.728762_13.087869,2024-09-01,0.47254097,0.48866194
XGBoost,test,77.728762_13.092361,2024-09-01,0.43866563,0.45259178
XGBoost,test,77.733253_12.755492,2024-09-01,0.4475016,0.47100917
XGBoost,test,77.733253_12.795916,2024-09-01,0.4796786,0.4930032
XGBoost,test,77.733253_12.86329,2024-09-01,0.5551914,0.56021404
XGBoost,test,77.733253_12.872273,2024-09-01,0.5447843,0.5488691
XGBoost,test,77.733253_12.998037,2024-09-01,0.60436845,0.6113424
XGBoost,test,77.733253_13.056428,2024-09-01,0.37144768,0.38828442
XGBoost,test,77.737745_12.764475,2024-09-01,0.43995944,0.46931398
XGBoost,test,77.737745_12.791425,2024-09-01,0.47368345,0.4831272
XGBoost,test,77.737745_12.809391,2024-09-01,0.46033415,0.47435942
XGBoost,test,77.737745_12.858799,2024-09-01,0.4731735,0.51112247
XGBoost,test,77.737745_12.872273,2024-09-01,0.54318374,0.54646635
XGBoost,test,77.737745_12.881256,2024-09-01,0.5658534,0.5640586
XGBoost,test,77.737745_13.051936,2024-09-01,0.3712322,0.39943957
XGBoost,test,77.737745_13.06092,2024-09-01,0.41376182,0.4356867
XGBoost,test,77.737745_13.078886,2024-09-01,0.44154182,0.45240754
XGBoost,test,77.737745_13.101344,2024-09-01,0.3783145,0.40583816
XGBoost,test,77.742237_12.697102,2024-09-01,0.6654232,0.63385314
XGBoost,test,77.742237_12.764475,2024-09-01,0.46057907,0.4869187
XGBoost,test,77.742237_12.795916,2024-09-01,0.4631485,0.4799819
XGBoost,test,77.742237_12.8049,2024-09-01,0.4907028,0.51772964
XGBoost,test,77.742237_12.86329,2024-09-01,0.40602824,0.43995202
XGBoost,test,77.742237_12.867782,2024-09-01,0.54071754,0.54923093
XGBoost,test,77.742237_12.89024,2024-09-01,0.55255115,0.55573446
XGBoost,test,77.742237_12.899223,2024-09-01,0.530134,0.5472177
XGBoost,test,77.742237_12.921681,2024-09-01,0.45286962,0.46647352
XGBoost,test,77.742237_12.980071,2024-09-01,0.5160812,0.5275019
XGBoost,test,77.742237_13.002529,2024-09-01,0.5422494,0.5505299
XGBoost,test,77.742237_13.016004,2024-09-01,0.5402425,0.5399826
XGBoost,test,77.742237_13.038462,2024-09-01,0.3903258,0.40542766
XGBoost,test,77.742237_13.074394,2024-09-01,0.3715678,0.3803703
XGBoost,test,77.742237_13.078886,2024-09-01,0.45515305,0.45362818
XGBoost,test,77.742237_13.101344,2024-09-01,0.40516463,0.4393947
XGBoost,test,77.746728_12.751001,2024-09-01,0.4805039,0.5091631
XGBoost,test,77.746728_12.764475,2024-09-01,0.47957885,0.5012262
XGBoost,test,77.746728_12.782442,2024-09-01,0.5321402,0.5467183
XGBoost,test,77.746728_12.97558,2024-09-01,0.538399,0.5386387
XGBoost,test,77.746728_12.984563,2024-09-01,0.5176953,0.5341262
XGBoost,test,77.746728_13.016004,2024-09-01,0.57130116,0.55846375
XGBoost,test,77.746728_13.020495,2024-09-01,0.6029848,0.5992595
XGBoost,test,77.746728_13.024987,2024-09-01,0.47975412,0.49943718
XGBoost,test,77.746728_13.038462,2024-09-01,0.39583397,0.4263337
XGBoost,test,77.746728_13.06092,2024-09-01,0.34672916,0.38121197
XGBoost,test,77.746728_13.083377,2024-09-01,0.44689083,0.4804124
XGBoost,test,77.746728_13.092361,2024-09-01,0.4270338,0.44571787
XGBoost,test,77.75122_12.751001,2024-09-01,0.4767833,0.5075006
XGBoost,test,77.75122_12.755492,2024-09-01,0.55779517,0.5471498
XGBoost,test,77.75122_12.768967,2024-09-01,0.44287077,0.4699366
XGBoost,test,77.75122_12.77795,2024-09-01,0.4933231,0.5177007
XGBoost,test,77.75122_12.894731,2024-09-01,0.4575964,0.48477292
XGBoost,test,77.75122_12.993546,2024-09-01,0.46043417,0.46317583
XGBoost,test,77.75122_13.020495,2024-09-01,0.5111349,0.52883494
XGBoost,test,77.75122_13.03397,2024-09-01,0.427272,0.45089325
XGBoost,test,77.75122_13.038462,2024-09-01,0.3537412,0.38541532
XGBoost,test,77.755711_12.706085,2024-09-01,0.54867685,0.55655026
XGBoost,test,77.755711_12.764475,2024-09-01,0.79560405,0.79234135
XGBoost,test,77.755711_12.77795,2024-09-01,0.46577492,0.4874339
XGBoost,test,77.755711_12.822866,2024-09-01,0.45963717,0.48656318
XGBoost,test,77.755711_12.831849,2024-09-01,0.42058888,0.46563902
XGBoost,test,77.755711_12.858799,2024-09-01,0.4954363,0.5180914
XGBoost,test,77.755711_12.885748,2024-09-01,0.49043715,0.5216053
XGBoost,test,77.755711_12.899223,2024-09-01,0.4101412,0.44381636
XGBoost,test,77.755711_12.903714,2024-09-01,0.44939512,0.4822623
XGBoost,test,77.755711_12.926172,2024-09-01,0.49314392,0.5093669
XGBoost,test,77.760203_12.751001,2024-09-01,0.49202284,0.5075103
XGBoost,test,77.760203_12.795916,2024-09-01,0.4227131,0.4634709
XGBoost,test,77.760203_12.818374,2024-09-01,0.57049006,0.57084674
XGBoost,test,77.760203_12.867782,2024-09-01,0.44873402,0.4664442
XGBoost,test,77.760203_12.872273,2024-09-01,0.4702129,0.4865635
XGBoost,test,77.760203_12.876765,2024-09-01,0.43465078,0.46162263
XGBoost,test,77.760203_12.885748,2024-09-01,0.45640075,0.4839612
XGBoost,test,77.760203_12.984563,2024-09-01,0.50200117,0.52983296
XGBoost,test,77.764695_12.742018,2024-09-01,0.6553807,0.6413132
XGBoost,test,77.764695_12.746509,2024-09-01,0.6493056,0.6404711
XGBoost,test,77.764695_12.813883,2024-09-01,0.50720197,0.5202018
XGBoost,test,77.764695_12.849815,2024-09-01,0.46066418,0.50167197
XGBoost,test,77.764695_12.885748,2024-09-01,0.47603855,0.51610696
XGBoost,test,77.764695_12.912697,2024-09-01,0.49472195,0.50478417
XGBoost,test,77.764695_13.03397,2024-09-01,0.3589688,0.38620728
XGBoost,test,77.769186_12.751001,2024-09-01,0.6837282,0.67946166
XGBoost,test,77.769186_12.791425,2024-09-01,0.44133386,0.46260545
XGBoost,test,77.769186_12.800408,2024-09-01,0.5013759,0.52704024
XGBoost,test,77.769186_12.8049,2024-09-01,0.558481,0.5580032
XGBoost,test,77.769186_12.809391,2024-09-01,0.46208236,0.48842993
XGBoost,test,77.769186_12.876765,2024-09-01,0.4953847,0.5117132
XGBoost,test,77.769186_12.894731,2024-09-01,0.45166367,0.48595828
XGBoost,test,77.769186_13.016004,2024-09-01,0.43926227,0.4486323
XGBoost,test,77.773678_12.746509,2024-09-01,0.66961735,0.6575575
XGBoost,test,77.773678_12.858799,2024-09-01,0.43844402,0.46877006
XGBoost,test,77.773678_12.885748,2024-09-01,0.476916,0.5021154
XGBoost,test,77.773678_12.899223,2024-09-01,0.4197505,0.45539394
XGBoost,test,77.773678_12.908206,2024-09-01,0.49326327,0.5089743
XGBoost,test,77.778169_12.809391,2024-09-01,0.45626307,0.46834362
XGBoost,test,77.778169_12.885748,2024-09-01,0.48631626,0.51829255
XGBoost,test,77.782661_12.786933,2024-09-01,0.4333404,0.44307953
XGBoost,test,77.782661_12.791425,2024-09-01,0.4775112,0.50182194
XGBoost,test,77.782661_12.89024,2024-09-01,0.47833776,0.51684415
XGBoost,test,77.787152_12.786933,2024-09-01,0.45388168,0.47218695
XGBoost,test,77.787152_12.849815,2024-09-01,0.44667825,0.4713467
XGBoost,test,77.787152_12.867782,2024-09-01,0.42800787,0.4620689
XGBoost,test,77.791644_12.8049,2024-09-01,0.49404162,0.4949188
XGBoost,test,77.791644_12.899223,2024-09-01,0.4252762,0.46466988
XGBoost,test,77.796136_12.854307,2024-09-01,0.41904214,0.44701526
XGBoost,test,77.796136_12.885748,2024-09-01,0.48174992,0.5136478
XGBoost,test,77.800627_12.876765,2024-09-01,0.4795136,0.52385753
XGBoost,test,77.800627_12.885748,2024-09-01,0.44495618,0.48063603
XGBoost,test,77.805119_12.876765,2024-09-01,0.49299416,0.5303442
XGBoost,test,77.805119_12.89024,2024-09-01,0.458723,0.5007405
XGBoost,test,77.80961_12.858799,2024-09-01,0.46954447,0.5048582
XGBoost,test,77.80961_12.86329,2024-09-01,0.43928424,0.47172606
XGBoost,test,77.329012_12.944139,2024-10-01,0.48454958,0.50565237
XGBoost,test,77.329012_12.962105,2024-10-01,0.74791867,0.7387788
XGBoost,test,77.337995_12.921681,2024-10-01,0.6728813,0.6944686
XGBoost,test,77.342486_12.926172,2024-10-01,0.747555,0.74935156
XGBoost,test,77.342486_12.935155,2024-10-01,0.778321,0.7772345
XGBoost,test,77.342486_12.944139,2024-10-01,0.7184898,0.7186718
XGBoost,test,77.346978_12.962105,2024-10-01,0.54422265,0.5313585
XGBoost,test,77.351469_12.939647,2024-10-01,0.76587284,0.7519983
XGBoost,test,77.355961_12.962105,2024-10-01,0.77719116,0.7719787
XGBoost,test,77.360453_12.867782,2024-10-01,0.4110873,0.44179747
XGBoost,test,77.364944_12.962105,2024-10-01,0.46597636,0.4640673
XGBoost,test,77.369436_12.881256,2024-10-01,0.46353963,0.47871917
XGBoost,test,77.369436_12.935155,2024-10-01,0.39658466,0.41748786
XGBoost,test,77.369436_12.998037,2024-10-01,0.42945668,0.44903377
XGBoost,test,77.369436_13.007021,2024-10-01,0.49466196,0.52041984
XGBoost,test,77.373927_12.971088,2024-10-01,0.4803542,0.4790222
XGBoost,test,77.373927_13.011512,2024-10-01,0.43550318,0.46933636
XGBoost,test,77.373927_13.016004,2024-10-01,0.43419436,0.4704583
XGBoost,test,77.378419_12.966596,2024-10-01,0.45390514,0.46418387
XGBoost,test,77.382911_12.953122,2024-10-01,0.45308042,0.46221045
XGBoost,test,77.382911_12.957613,2024-10-01,0.4546507,0.46732914
XGBoost,test,77.387402_12.962105,2024-10-01,0.43113896,0.4466067
XGBoost,test,77.391894_12.881256,2024-10-01,0.4816217,0.5056632
XGBoost,test,77.391894_12.885748,2024-10-01,0.52349347,0.5270137
XGBoost,test,77.396385_12.971088,2024-10-01,0.41737133,0.44618803
XGBoost,test,77.396385_13.029478,2024-10-01,0.37924063,0.40960148
XGBoost,test,77.400877_12.957613,2024-10-01,0.4403526,0.45571432
XGBoost,test,77.400877_12.966596,2024-10-01,0.38471854,0.4091018
XGBoost,test,77.400877_13.029478,2024-10-01,0.3551822,0.37301266
XGBoost,test,77.405368_13.105835,2024-10-01,0.41860113,0.43979642
XGBoost,test,77.405368_13.11931,2024-10-01,0.38889492,0.413256
XGBoost,test,77.40986_12.962105,2024-10-01,0.4723506,0.500813
XGBoost,test,77.414352_12.989054,2024-10-01,0.39609087,0.40614918
XGBoost,test,77.414352_12.993546,2024-10-01,0.4186175,0.4325395
XGBoost,test,77.414352_13.03397,2024-10-01,0.40137804,0.42225012
XGBoost,test,77.414352_13.096852,2024-10-01,0.385155,0.39615515
XGBoost,test,77.414352_13.11931,2024-10-01,0.41290718,0.42896155
XGBoost,test,77.418843_12.94863,2024-10-01,0.45995057,0.47278327
XGBoost,test,77.418843_12.971088,2024-10-01,0.41080898,0.4211846
XGBoost,test,77.418843_12.993546,2024-10-01,0.42848256,0.4507592
XGBoost,test,77.418843_13.016004,2024-10-01,0.40223736,0.41390342
XGBoost,test,77.418843_13.024987,2024-10-01,0.4086787,0.42208892
XGBoost,test,77.418843_13.029478,2024-10-01,0.4242613,0.43626645
XGBoost,test,77.418843_13.146259,2024-10-01,0.35224167,0.38578153
XGBoost,test,77.423335_13.002529,2024-10-01,0.49862814,0.5168196
XGBoost,test,77.423335_13.092361,2024-10-01,0.33981845,0.37089902
XGBoost,test,77.423335_13.141768,2024-10-01,0.43196595,0.45569873
XGBoost,test,77.423335_13.150751,2024-10-01,0.3355961,0.3772563
XGBoost,test,77.427826_12.939647,2024-10-01,0.40345752,0.40943035
XGBoost,test,77.427826_12.944139,2024-10-01,0.3967879,0.4100649
XGBoost,test,77.427826_13.020495,2024-10-01,0.37532675,0.41134742
XGBoost,test,77.427826_13.024987,2024-10-01,0.4113439,0.42682558
XGBoost,test,77.427826_13.110327,2024-10-01,0.41378045,0.44106597
XGBoost,test,77.427826_13.132785,2024-10-01,0.5182505,0.52709645
XGBoost,test,77.432318_12.957613,2024-10-01,0.42400646,0.4347389
XGBoost,test,77.432318_12.998037,2024-10-01,0.38104522,0.3926095
XGBoost,test,77.436809_12.912697,2024-10-01,0.55742157,0.5600197
XGBoost,test,77.436809_12.926172,2024-10-01,0.4654634,0.47771713
XGBoost,test,77.436809_12.944139,2024-10-01,0.41320953,0.43199435
XGBoost,test,77.436809_13.03397,2024-10-01,0.40244782,0.42311877
XGBoost,test,77.441301_12.944139,2024-10-01,0.49519768,0.51186705
XGBoost,test,77.441301_12.94863,2024-10-01,0.45468307,0.4716483
XGBoost,test,77.441301_13.056428,2024-10-01,0.39988157,0.41632086
XGBoost,test,77.441301_13.069903,2024-10-01,0.41133684,0.4360264
XGBoost,test,77.441301_13.110327,2024-10-01,0.4363315,0.46253633
XGBoost,test,77.445793_12.912697,2024-10-01,0.4335854,0.45853055
XGBoost,test,77.445793_12.957613,2024-10-01,0.47491536,0.5082156
XGBoost,test,77.445793_12.984563,2024-10-01,0.44461155,0.47379786
XGBoost,test,77.450284_12.993546,2024-10-01,0.34548205,0.37726003
XGBoost,test,77.450284_13.029478,2024-10-01,0.44525716,0.46200505
XGBoost,test,77.450284_13.047445,2024-10-01,0.4082905,0.44213736
XGBoost,test,77.450284_13.146259,2024-10-01,0.50682396,0.52934855
XGBoost,test,77.454776_12.980071,2024-10-01,0.3812596,0.4161773
XGBoost,test,77.454776_12.993546,2024-10-01,0.386945,0.4087497
XGBoost,test,77.454776_13.078886,2024-10-01,0.42432368,0.45956057
XGBoost,test,77.454776_13.114818,2024-10-01,0.4989201,0.5235498
XGBoost,test,77.454776_13.141768,2024-10-01,0.502808,0.5281531
XGBoost,test,77.459267_12.872273,2024-10-01,0.4953414,0.5173636
XGBoost,test,77.459267_12.903714,2024-10-01,0.42545828,0.4358204
XGBoost,test,77.459267_12.926172,2024-10-01,0.46853796,0.48481324
XGBoost,test,77.459267_12.97558,2024-10-01,0.4016331,0.4261346
XGBoost,test,77.459267_13.016004,2024-10-01,0.38446447,0.41141403
XGBoost,test,77.459267_13.020495,2024-10-01,0.36205232,0.3882128
XGBoost,test,77.459267_13.11931,2024-10-01,0.44114268,0.47395912
XGBoost,test,77.463759_12.867782,2024-10-01,0.5278946,0.5416923
XGBoost,test,77.463759_12.872273,2024-10-01,0.48869058,0.5144971
XGBoost,test,77.463759_12.881256,2024-10-01,0.55581415,0.5655463
XGBoost,test,77.463759_12.885748,2024-10-01,0.58996975,0.6067225
XGBoost,test,77.463759_12.894731,2024-10-01,0.46995482,0.49641836
XGBoost,test,77.463759_12.899223,2024-10-01,0.4979908,0.52137625
XGBoost,test,77.463759_12.917189,2024-10-01,0.42319658,0.44663224
XGBoost,test,77.463759_12.953122,2024-10-01,0.760204,0.76816726
XGBoost,test,77.463759_13.03397,2024-10-01,0.36931902,0.39202946
XGBoost,test,77.463759_13.078886,2024-10-01,0.51162046,0.5417563
XGBoost,test,77.46825_12.894731,2024-10-01,0.4353605,0.466433
XGBoost,test,77.46825_12.94863,2024-10-01,0.5223234,0.5411756
XGBoost,test,77.46825_12.953122,2024-10-01,0.44200525,0.4706165
XGBoost,test,77.46825_12.966596,2024-10-01,0.46749365,0.48214123
XGBoost,test,77.46825_13.007021,2024-10-01,0.3743434,0.39462698
XGBoost,test,77.46825_13.020495,2024-10-01,0.45452192,0.47675276
XGBoost,test,77.46825_13.114818,2024-10-01,0.4909454,0.52126354
XGBoost,test,77.46825_13.150751,2024-10-01,0.3995842,0.41811284
XGBoost,test,77.46825_13.1777,2024-10-01,0.46147993,0.49209648
XGBoost,test,77.472742_12.984563,2024-10-01,0.43754634,0.46643797
XGBoost,test,77.477234_12.899223,2024-10-01,0.42421436,0.43632072
XGBoost,test,77.477234_12.935155,2024-10-01,0.56449115,0.5915302
XGBoost,test,77.477234_12.944139,2024-10-01,0.4755805,0.5155092
XGBoost,test,77.477234_12.94863,2024-10-01,0.504214,0.527547
XGBoost,test,77.477234_12.971088,2024-10-01,0.49965817,0.52706045
XGBoost,test,77.477234_13.002529,2024-10-01,0.3779345,0.39635587
XGBoost,test,77.477234_13.056428,2024-10-01,0.42516714,0.46272114
XGBoost,test,77.481725_12.737526,2024-10-01,0.51972866,0.5342631
XGBoost,test,77.481725_12.89024,2024-10-01,0.5221925,0.5332488
XGBoost,test,77.481725_12.894731,2024-10-01,0.4764519,0.50522983
XGBoost,test,77.481725_12.944139,2024-10-01,0.4880447,0.5153249
XGBoost,test,77.481725_12.971088,2024-10-01,0.40174672,0.44265276
XGBoost,test,77.481725_12.980071,2024-10-01,0.48644978,0.5157265
XGBoost,test,77.481725_13.024987,2024-10-01,0.4527475,0.48258844
XGBoost,test,77.481725_13.03397,2024-10-01,0.42542663,0.46302038
XGBoost,test,77.481725_13.137276,2024-10-01,0.7517572,0.76122975
XGBoost,test,77.486217_12.764475,2024-10-01,0.5120787,0.52831775
XGBoost,test,77.486217_12.872273,2024-10-01,0.48375064,0.50758195
XGBoost,test,77.486217_12.939647,2024-10-01,0.50024295,0.52100176
XGBoost,test,77.486217_12.998037,2024-10-01,0.42787588,0.46726775
XGBoost,test,77.486217_13.042953,2024-10-01,0.5157817,0.53670365
XGBoost,test,77.486217_13.06092,2024-10-01,0.5288581,0.5545889
XGBoost,test,77.486217_13.114818,2024-10-01,0.4822901,0.5130147
XGBoost,test,77.486217_13.11931,2024-10-01,0.49347848,0.5182807
XGBoost,test,77.490708_12.849815,2024-10-01,0.51993406,0.52243197
XGBoost,test,77.490708_12.89024,2024-10-01,0.47896186,0.49864483
XGBoost,test,77.490708_13.051936,2024-10-01,0.6038487,0.62100327
XGBoost,test,77.490708_13.087869,2024-10-01,0.52535594,0.5535791
XGBoost,test,77.490708_13.092361,2024-10-01,0.5099824,0.54399264
XGBoost,test,77.490708_13.096852,2024-10-01,0.5570113,0.57957965
XGBoost,test,77.490708_13.182192,2024-10-01,0.43930805,0.48286
XGBoost,test,77.490708_13.209142,2024-10-01,0.4129879,0.4330864
XGBoost,test,77.4952_12.786933,2024-10-01,0.4724444,0.5002622
XGBoost,test,77.4952_12.836341,2024-10-01,0.48593736,0.507175
XGBoost,test,77.4952_12.899223,2024-10-01,0.54992807,0.5589008
XGBoost,test,77.4952_12.962105,2024-10-01,0.5511323,0.56392485
XGBoost,test,77.4952_13.020495,2024-10-01,0.49498814,0.519517
XGBoost,test,77.4952_13.024987,2024-10-01,0.5155209,0.5257261
XGBoost,test,77.4952_13.03397,2024-10-01,0.583033,0.602784
XGBoost,test,77.4952_13.087869,2024-10-01,0.47777846,0.5081924
XGBoost,test,77.4952_13.092361,2024-10-01,0.50700784,0.5382799
XGBoost,test,77.4952_13.182192,2024-10-01,0.45664927,0.49381855
XGBoost,test,77.499692_12.858799,2024-10-01,0.6295545,0.6310698
XGBoost,test,77.499692_12.984563,2024-10-01,0.5197426,0.52575153
XGBoost,test,77.499692_13.114818,2024-10-01,0.5116971,0.52912873
XGBoost,test,77.499692_13.137276,2024-10-01,0.4513465,0.48340976
XGBoost,test,77.499692_13.168717,2024-10-01,0.47296715,0.49629545
XGBoost,test,77.504183_12.786933,2024-10-01,0.5488117,0.5585384
XGBoost,test,77.504183_12.818374,2024-10-01,0.5277078,0.5453022
XGBoost,test,77.504183_12.854307,2024-10-01,0.5184313,0.52562964
XGBoost,test,77.504183_12.858799,2024-10-01,0.633477,0.6373837
XGBoost,test,77.504183_12.953122,2024-10-01,0.5449126,0.56006616
XGBoost,test,77.504183_13.083377,2024-10-01,0.59304863,0.61454517
XGBoost,test,77.504183_13.141768,2024-10-01,0.4885752,0.52192926
XGBoost,test,77.504183_13.159734,2024-10-01,0.51893246,0.5359959
XGBoost,test,77.504183_13.195667,2024-10-01,0.3879095,0.42610428
XGBoost,test,77.508675_12.795916,2024-10-01,0.5740653,0.5862118
XGBoost,test,77.508675_12.831849,2024-10-01,0.5476568,0.5522544
XGBoost,test,77.508675_12.836341,2024-10-01,0.5907186,0.6000777
XGBoost,test,77.508675_12.845324,2024-10-01,0.5461062,0.5557934
XGBoost,test,77.508675_12.912697,2024-10-01,0.491009,0.5163189
XGBoost,test,77.508675_12.917189,2024-10-01,0.5202096,0.5382739
XGBoost,test,77.508675_13.114818,2024-10-01,0.44216916,0.47155422
XGBoost,test,77.508675_13.137276,2024-10-01,0.43961996,0.4747199
XGBoost,test,77.508675_13.159734,2024-10-01,0.5403622,0.5577658
XGBoost,test,77.508675_13.191175,2024-10-01,0.3909618,0.41466475
XGBoost,test,77.513166_12.746509,2024-10-01,0.77275074,0.7874937
XGBoost,test,77.513166_12.77795,2024-10-01,0.64763814,0.65064466
XGBoost,test,77.513166_12.822866,2024-10-01,0.6300944,0.6451309
XGBoost,test,77.513166_13.087869,2024-10-01,0.58205235,0.6024149
XGBoost,test,77.513166_13.096852,2024-10-01,0.6253112,0.6342358
XGBoost,test,77.513166_13.137276,2024-10-01,0.40179121,0.42139503
XGBoost,test,77.513166_13.1777,2024-10-01,0.42684573,0.45890647
XGBoost,test,77.517658_12.77795,2024-10-01,0.60091716,0.6131188
XGBoost,test,77.517658_12.782442,2024-10-01,0.60647815,0.6192704
XGBoost,test,77.517658_12.795916,2024-10-01,0.5813923,0.59633005
XGBoost,test,77.517658_12.827358,2024-10-01,0.54819506,0.55397016
XGBoost,test,77.517658_12.849815,2024-10-01,0.51633626,0.52606404
XGBoost,test,77.517658_12.998037,2024-10-01,0.5774971,0.604747
XGBoost,test,77.517658_13.11931,2024-10-01,0.38905054,0.4105234
XGBoost,test,77.517658_13.182192,2024-10-01,0.4321292,0.47078657
XGBoost,test,77.517658_13.186684,2024-10-01,0.46782532,0.48474792
XGBoost,test,77.517658_13.191175,2024-10-01,0.41747886,0.42491293
XGBoost,test,77.522149_12.809391,2024-10-01,0.79422456,0.8040565
XGBoost,test,77.522149_12.813883,2024-10-01,0.511808,0.5265901
XGBoost,test,77.522149_12.818374,2024-10-01,0.48075166,0.50842273
XGBoost,test,77.522149_12.836341,2024-10-01,0.547713,0.5551352
XGBoost,test,77.522149_12.845324,2024-10-01,0.5495256,0.5650973
XGBoost,test,77.522149_13.056428,2024-10-01,0.64107144,0.66296506
XGBoost,test,77.522149_13.078886,2024-10-01,0.60244614,0.6187128
XGBoost,test,77.522149_13.146259,2024-10-01,0.3552202,0.38953164
XGBoost,test,77.522149_13.200158,2024-10-01,0.45351034,0.49069545
XGBoost,test,77.526641_12.840832,2024-10-01,0.61390394,0.6319979
XGBoost,test,77.526641_12.89024,2024-10-01,0.65329653,0.6715171
XGBoost,test,77.526641_12.899223,2024-10-01,0.5913438,0.60483503
XGBoost,test,77.526641_13.078886,2024-10-01,0.5944725,0.62006086
XGBoost,test,77.526641_13.105835,2024-10-01,0.4256654,0.4545285
XGBoost,test,77.526641_13.110327,2024-10-01,0.40199202,0.4267775
XGBoost,test,77.531133_12.791425,2024-10-01,0.5577906,0.56796116
XGBoost,test,77.531133_12.795916,2024-10-01,0.6011601,0.6140318
XGBoost,test,77.531133_12.800408,2024-10-01,0.5809924,0.5968425
XGBoost,test,77.531133_12.822866,2024-10-01,0.52952164,0.5514225
XGBoost,test,77.531133_12.827358,2024-10-01,0.5564971,0.56834584
XGBoost,test,77.531133_12.894731,2024-10-01,0.5200607,0.53669703
XGBoost,test,77.531133_13.114818,2024-10-01,0.40749046,0.4387303
XGBoost,test,77.531133_13.195667,2024-10-01,0.49863413,0.51958203
XGBoost,test,77.535624_12.822866,2024-10-01,0.68079,0.6791493
XGBoost,test,77.535624_12.872273,2024-10-01,0.44181043,0.46391788
XGBoost,test,77.535624_12.899223,2024-10-01,0.4929276,0.5155051
XGBoost,test,77.535624_13.069903,2024-10-01,0.70290303,0.71624815
XGBoost,test,77.535624_13.096852,2024-10-01,0.45702526,0.4914606
XGBoost,test,77.535624_13.114818,2024-10-01,0.46024805,0.47765943
XGBoost,test,77.535624_13.132785,2024-10-01,0.4716381,0.50109196
XGBoost,test,77.535624_13.137276,2024-10-01,0.40484947,0.4218166
XGBoost,test,77.535624_13.195667,2024-10-01,0.4109009,0.4242652
XGBoost,test,77.540116_12.795916,2024-10-01,0.62830174,0.6274692
XGBoost,test,77.540116_13.042953,2024-10-01,0.58193016,0.5955426
XGBoost,test,77.540116_13.074394,2024-10-01,0.60807645,0.62876445
XGBoost,test,77.540116_13.092361,2024-10-01,0.42559433,0.4514051
XGBoost,test,77.540116_13.101344,2024-10-01,0.41344467,0.4475062
XGBoost,test,77.540116_13.105835,2024-10-01,0.4318744,0.46938685
XGBoost,test,77.540116_13.114818,2024-10-01,0.41964978,0.4540814
XGBoost,test,77.540116_13.132785,2024-10-01,0.4390127,0.4764236
XGBoost,test,77.540116_13.155243,2024-10-01,0.5017617,0.525018
XGBoost,test,77.540116_13.182192,2024-10-01,0.41461426,0.44504315
XGBoost,test,77.544607_12.831849,2024-10-01,0.73986685,0.7301953
XGBoost,test,77.544607_13.218125,2024-10-01,0.4792043,0.5020161
XGBoost,test,77.549099_12.822866,2024-10-01,0.76400167,0.7534399
XGBoost,test,77.549099_12.831849,2024-10-01,0.6512662,0.6542839
XGBoost,test,77.549099_12.836341,2024-10-01,0.6206265,0.62992805
XGBoost,test,77.549099_12.845324,2024-10-01,0.6332431,0.6368455
XGBoost,test,77.549099_12.867782,2024-10-01,0.55463666,0.56250274
XGBoost,test,77.549099_12.876765,2024-10-01,0.5177369,0.52875435
XGBoost,test,77.549099_12.894731,2024-10-01,0.63682616,0.64218014
XGBoost,test,77.549099_13.096852,2024-10-01,0.505448,0.5247152
XGBoost,test,77.549099_13.132785,2024-10-01,0.6299365,0.6632672
XGBoost,test,77.55359_12.71956,2024-10-01,0.77435994,0.77567333
XGBoost,test,77.55359_12.782442,2024-10-01,0.6930751,0.701327
XGBoost,test,77.55359_12.849815,2024-10-01,0.6141639,0.6270868
XGBoost,test,77.55359_12.872273,2024-10-01,0.50797784,0.5206155
XGBoost,test,77.55359_13.069903,2024-10-01,0.7335343,0.73675495
XGBoost,test,77.55359_13.101344,2024-10-01,0.42624742,0.45993897
XGBoost,test,77.55359_13.110327,2024-10-01,0.49257547,0.52509046
XGBoost,test,77.55359_13.128293,2024-10-01,0.61599517,0.63471913
XGBoost,test,77.55359_13.168717,2024-10-01,0.4937628,0.51201564
XGBoost,test,77.55359_13.173209,2024-10-01,0.4107676,0.44925478
XGBoost,test,77.558082_12.710577,2024-10-01,0.7910363,0.788273
XGBoost,test,77.558082_12.827358,2024-10-01,0.7008445,0.72427994
XGBoost,test,77.558082_12.845324,2024-10-01,0.6934883,0.70495725
XGBoost,test,77.558082_13.042953,2024-10-01,0.6562917,0.66404027
XGBoost,test,77.558082_13.051936,2024-10-01,0.7114675,0.7286226
XGBoost,test,77.558082_13.110327,2024-10-01,0.50779074,0.5291334
XGBoost,test,77.558082_13.168717,2024-10-01,0.49787265,0.52439106
XGBoost,test,77.558082_13.1777,2024-10-01,0.46401092,0.48993808
XGBoost,test,77.562574_12.71956,2024-10-01,0.781675,0.781457
XGBoost,test,77.562574_12.827358,2024-10-01,0.71369654,0.7210092
XGBoost,test,77.562574_12.858799,2024-10-01,0.4456572,0.46323067
XGBoost,test,77.562574_12.872273,2024-10-01,0.60063493,0.61416614
XGBoost,test,77.562574_12.876765,2024-10-01,0.6196882,0.6296747
XGBoost,test,77.562574_13.141768,2024-10-01,0.42301342,0.46384454
XGBoost,test,77.562574_13.159734,2024-10-01,0.49218893,0.5191281
XGBoost,test,77.562574_13.173209,2024-10-01,0.4974264,0.52002263
XGBoost,test,77.567065_12.724051,2024-10-01,0.7548337,0.7477148
XGBoost,test,77.567065_12.813883,2024-10-01,0.6891146,0.6954051
XGBoost,test,77.567065_12.849815,2024-10-01,0.67621064,0.698625
XGBoost,test,77.567065_13.105835,2024-10-01,0.58505195,0.60089535
XGBoost,test,77.567065_13.114818,2024-10-01,0.6661732,0.66843426
XGBoost,test,77.567065_13.182192,2024-10-01,0.4991782,0.5214779
XGBoost,test,77.571557_12.71956,2024-10-01,0.77516115,0.772705
XGBoost,test,77.571557_12.800408,2024-10-01,0.6836274,0.7070387
XGBoost,test,77.571557_12.813883,2024-10-01,0.76737475,0.7723713
XGBoost,test,77.571557_12.849815,2024-10-01,0.68345135,0.70015955
XGBoost,test,77.571557_13.141768,2024-10-01,0.44692785,0.4837651
XGBoost,test,77.571557_13.146259,2024-10-01,0.46177855,0.49377882
XGBoost,test,77.576048_12.71956,2024-10-01,0.7492897,0.73194253
XGBoost,test,77.576048_12.728543,2024-10-01,0.770464,0.78139096
XGBoost,test,77.576048_12.742018,2024-10-01,0.7497797,0.7517563
XGBoost,test,77.576048_12.813883,2024-10-01,0.77988297,0.7846224
XGBoost,test,77.576048_12.827358,2024-10-01,0.6364662,0.6396402
XGBoost,test,77.58054_12.800408,2024-10-01,0.7330707,0.7436361
XGBoost,test,77.58054_12.845324,2024-10-01,0.70823824,0.72227275
XGBoost,test,77.58054_13.083377,2024-10-01,0.51519006,0.54490256
XGBoost,test,77.58054_13.087869,2024-10-01,0.48639116,0.5177906
XGBoost,test,77.585031_12.849815,2024-10-01,0.69435716,0.7112176
XGBoost,test,77.585031_13.042953,2024-10-01,0.68768203,0.70896494
XGBoost,test,77.585031_13.137276,2024-10-01,0.47300363,0.501168
XGBoost,test,77.589523_12.71956,2024-10-01,0.8388069,0.8342978
XGBoost,test,77.589523_12.746509,2024-10-01,0.7316669,0.7307437
XGBoost,test,77.589523_12.854307,2024-10-01,0.61311007,0.6273542
XGBoost,test,77.589523_12.971088,2024-10-01,0.76088613,0.7845206
XGBoost,test,77.589523_13.083377,2024-10-01,0.5908652,0.622761
XGBoost,test,77.589523_13.150751,2024-10-01,0.45724797,0.4987528
XGBoost,test,77.594015_12.724051,2024-10-01,0.8416166,0.8308843
XGBoost,test,77.594015_12.733034,2024-10-01,0.80942625,0.8148695
XGBoost,test,77.594015_12.755492,2024-10-01,0.6844993,0.70057034
XGBoost,test,77.594015_12.831849,2024-10-01,0.6024604,0.61906594
XGBoost,test,77.594015_12.836341,2024-10-01,0.64964426,0.66117465
XGBoost,test,77.594015_12.840832,2024-10-01,0.6534144,0.66898763
XGBoost,test,77.594015_12.849815,2024-10-01,0.63775,0.64379597
XGBoost,test,77.594015_12.998037,2024-10-01,0.73968774,0.7748112
XGBoost,test,77.594015_13.087869,2024-10-01,0.6179705,0.63245744
XGBoost,test,77.598506_12.665661,2024-10-01,0.7925373,0.8043583
XGBoost,test,77.598506_12.710577,2024-10-01,0.7013792,0.70352274
XGBoost,test,77.598506_12.822866,2024-10-01,0.6311487,0.63309705
XGBoost,test,77.598506_12.849815,2024-10-01,0.72638655,0.72771657
XGBoost,test,77.598506_13.083377,2024-10-01,0.6039226,0.62010574
XGBoost,test,77.598506_13.128293,2024-10-01,0.5664689,0.59124285
XGBoost,test,77.598506_13.141768,2024-10-01,0.4302431,0.46149415
XGBoost,test,77.598506_13.146259,2024-10-01,0.40678263,0.45002696
XGBoost,test,77.602998_12.710577,2024-10-01,0.7149974,0.7229593
XGBoost,test,77.602998_12.827358,2024-10-01,0.5070173,0.51653093
XGBoost,test,77.602998_12.849815,2024-10-01,0.57218784,0.58648944
XGBoost,test,77.602998_12.858799,2024-10-01,0.57899755,0.5871799
XGBoost,test,77.602998_13.114818,2024-10-01,0.574797,0.5962303
XGBoost,test,77.602998_13.11931,2024-10-01,0.5798161,0.59949714
XGBoost,test,77.602998_13.128293,2024-10-01,0.53290457,0.555294
XGBoost,test,77.602998_13.164226,2024-10-01,0.46976215,0.50084984
XGBoost,test,77.607489_12.768967,2024-10-01,0.63738686,0.6363972
XGBoost,test,77.607489_12.773459,2024-10-01,0.607553,0.6094525
XGBoost,test,77.607489_12.791425,2024-10-01,0.5602118,0.567141
XGBoost,test,77.607489_12.809391,2024-10-01,0.6572768,0.66826236
XGBoost,test,77.607489_12.818374,2024-10-01,0.7068934,0.72498506
XGBoost,test,77.607489_13.087869,2024-10-01,0.7335657,0.746888
XGBoost,test,77.611981_12.768967,2024-10-01,0.57715595,0.5929718
XGBoost,test,77.611981_12.831849,2024-10-01,0.5621769,0.5712487
XGBoost,test,77.611981_12.867782,2024-10-01,0.5343545,0.5446556
XGBoost,test,77.611981_12.953122,2024-10-01,0.74044186,0.74520755
XGBoost,test,77.611981_13.105835,2024-10-01,0.5365555,0.5532477
XGBoost,test,77.611981_13.168717,2024-10-01,0.43415117,0.44695854
XGBoost,test,77.611981_13.182192,2024-10-01,0.37534845,0.39692268
XGBoost,test,77.616473_12.831849,2024-10-01,0.6403908,0.64674324
XGBoost,test,77.616473_12.858799,2024-10-01,0.5304245,0.5340218
XGBoost,test,77.616473_13.114818,2024-10-01,0.5735209,0.5849574
XGBoost,test,77.616473_13.141768,2024-10-01,0.4665265,0.48343047
XGBoost,test,77.616473_13.1777,2024-10-01,0.38476172,0.41377246
XGBoost,test,77.620964_12.795916,2024-10-01,0.45408648,0.4644384
XGBoost,test,77.620964_12.813883,2024-10-01,0.4613139,0.48490718
XGBoost,test,77.620964_12.845324,2024-10-01,0.67856467,0.6829154
XGBoost,test,77.620964_12.858799,2024-10-01,0.5012456,0.51870996
XGBoost,test,77.620964_13.132785,2024-10-01,0.5428728,0.5639778
XGBoost,test,77.625456_12.782442,2024-10-01,0.531815,0.5277169
XGBoost,test,77.625456_12.858799,2024-10-01,0.44882745,0.46255895
XGBoost,test,77.625456_13.065411,2024-10-01,0.39473116,0.42681223
XGBoost,test,77.625456_13.128293,2024-10-01,0.5330254,0.56195873
XGBoost,test,77.625456_13.137276,2024-10-01,0.44421488,0.47261626
XGBoost,test,77.625456_13.155243,2024-10-01,0.655197,0.6606247
XGBoost,test,77.625456_13.182192,2024-10-01,0.44474924,0.4695732
XGBoost,test,77.629947_12.795916,2024-10-01,0.7862606,0.79582757
XGBoost,test,77.629947_12.809391,2024-10-01,0.49453095,0.50658774
XGBoost,test,77.629947_12.836341,2024-10-01,0.5926185,0.6013126
XGBoost,test,77.629947_12.854307,2024-10-01,0.516448,0.51970804
XGBoost,test,77.629947_12.858799,2024-10-01,0.4840551,0.5049299
XGBoost,test,77.629947_13.06092,2024-10-01,0.43764502,0.4521922
XGBoost,test,77.629947_13.087869,2024-10-01,0.4613164,0.48284587
XGBoost,test,77.629947_13.1777,2024-10-01,0.4573873,0.48248872
XGBoost,test,77.634439_12.679136,2024-10-01,0.7893312,0.79515785
XGBoost,test,77.634439_12.701593,2024-10-01,0.74356145,0.7464605
XGBoost,test,77.634439_12.733034,2024-10-01,0.5021511,0.52409005
XGBoost,test,77.634439_12.746509,2024-10-01,0.5460352,0.5525163
XGBoost,test,77.634439_12.751001,2024-10-01,0.5449909,0.54613763
XGBoost,test,77.634439_12.849815,2024-10-01,0.5538272,0.5649999
XGBoost,test,77.634439_13.047445,2024-10-01,0.49255642,0.51252586
XGBoost,test,77.634439_13.083377,2024-10-01,0.42409635,0.4500117
XGBoost,test,77.634439_13.137276,2024-10-01,0.4178861,0.4393757
XGBoost,test,77.63893_12.688119,2024-10-01,0.7090827,0.71785104
XGBoost,test,77.63893_12.742018,2024-10-01,0.5548341,0.5643448
XGBoost,test,77.63893_12.791425,2024-10-01,0.5558942,0.5596257
XGBoost,test,77.63893_12.800408,2024-10-01,0.49393323,0.50760317
XGBoost,test,77.63893_12.818374,2024-10-01,0.4903516,0.50239617
XGBoost,test,77.63893_12.840832,2024-10-01,0.64363426,0.6445628
XGBoost,test,77.63893_12.872273,2024-10-01,0.42695996,0.45568216
XGBoost,test,77.63893_12.917189,2024-10-01,0.7265992,0.73006314
XGBoost,test,77.63893_12.989054,2024-10-01,0.6613327,0.6753821
XGBoost,test,77.63893_13.056428,2024-10-01,0.530438,0.5512745
XGBoost,test,77.63893_13.078886,2024-10-01,0.44923675,0.47197038
XGBoost,test,77.63893_13.083377,2024-10-01,0.42053863,0.4446527
XGBoost,test,77.63893_13.1777,2024-10-01,0.44537058,0.47209615
XGBoost,test,77.643422_12.795916,2024-10-01,0.5021481,0.5079807
XGBoost,test,77.643422_12.800408,2024-10-01,0.504382,0.5120385
XGBoost,test,77.643422_12.809391,2024-10-01,0.5284473,0.51794857
XGBoost,test,77.643422_12.867782,2024-10-01,0.4841524,0.50097084
XGBoost,test,77.643422_13.002529,2024-10-01,0.5417809,0.56608856
XGBoost,test,77.643422_13.038462,2024-10-01,0.52686316,0.54450285
XGBoost,test,77.643422_13.164226,2024-10-01,0.58910584,0.6028569
XGBoost,test,77.647914_12.688119,2024-10-01,0.7388496,0.730027
XGBoost,test,77.647914_12.733034,2024-10-01,0.5554889,0.5728807
XGBoost,test,77.647914_12.881256,2024-10-01,0.504435,0.517634
XGBoost,test,77.647914_12.935155,2024-10-01,0.67333937,0.6925677
XGBoost,test,77.647914_13.141768,2024-10-01,0.6809878,0.68093544
XGBoost,test,77.647914_13.168717,2024-10-01,0.7312437,0.74135953
XGBoost,test,77.652405_12.697102,2024-10-01,0.706487,0.712526
XGBoost,test,77.652405_12.773459,2024-10-01,0.49291578,0.49929363
XGBoost,test,77.652405_12.795916,2024-10-01,0.45200944,0.46366787
XGBoost,test,77.652405_12.8049,2024-10-01,0.54825556,0.54011476
XGBoost,test,77.652405_12.858799,2024-10-01,0.72266346,0.7241211
XGBoost,test,77.652405_12.926172,2024-10-01,0.6320249,0.64138705
XGBoost,test,77.652405_13.002529,2024-10-01,0.5384619,0.55636144
XGBoost,test,77.656897_12.742018,2024-10-01,0.5577819,0.5616433
XGBoost,test,77.656897_12.746509,2024-10-01,0.5456343,0.53356874
XGBoost,test,77.656897_12.768967,2024-10-01,0.53812325,0.5365951
XGBoost,test,77.656897_12.791425,2024-10-01,0.46538284,0.47938648
XGBoost,test,77.656897_12.800408,2024-10-01,0.56807584,0.576194
XGBoost,test,77.656897_12.831849,2024-10-01,0.5847424,0.59090936
XGBoost,test,77.656897_12.849815,2024-10-01,0.4467235,0.46445644
XGBoost,test,77.656897_12.939647,2024-10-01,0.5551167,0.56095105
XGBoost,test,77.656897_13.164226,2024-10-01,0.45220459,0.48449832
XGBoost,test,77.656897_13.173209,2024-10-01,0.42228428,0.43255892
XGBoost,test,77.661388_12.737526,2024-10-01,0.57477796,0.58634365
XGBoost,test,77.661388_12.759984,2024-10-01,0.57954323,0.5781433
XGBoost,test,77.661388_13.056428,2024-10-01,0.46682253,0.48717678
XGBoost,test,77.661388_13.074394,2024-10-01,0.54516256,0.55802083
XGBoost,test,77.661388_13.110327,2024-10-01,0.528647,0.54393935
XGBoost,test,77.661388_13.11931,2024-10-01,0.6117728,0.6213183
XGBoost,test,77.66588_12.679136,2024-10-01,0.6681413,0.6748796
XGBoost,test,77.66588_12.697102,2024-10-01,0.6359056,0.6344912
XGBoost,test,77.66588_12.715068,2024-10-01,0.65814185,0.6493666
XGBoost,test,77.66588_12.724051,2024-10-01,0.6299981,0.6255138
XGBoost,test,77.66588_12.751001,2024-10-01,0.52088195,0.518753
XGBoost,test,77.66588_12.755492,2024-10-01,0.5803115,0.59334046
XGBoost,test,77.66588_12.764475,2024-10-01,0.5759142,0.58225286
XGBoost,test,77.66588_12.768967,2024-10-01,0.7227179,0.72273177
XGBoost,test,77.66588_12.791425,2024-10-01,0.6183697,0.6167006
XGBoost,test,77.66588_12.953122,2024-10-01,0.5684466,0.576966
XGBoost,test,77.66588_13.038462,2024-10-01,0.46593145,0.48550788
XGBoost,test,77.66588_13.051936,2024-10-01,0.5005721,0.5219894
XGBoost,test,77.66588_13.173209,2024-10-01,0.41399074,0.43023548
XGBoost,test,77.670371_12.71956,2024-10-01,0.6599897,0.6813868
XGBoost,test,77.670371_12.86329,2024-10-01,0.5310069,0.54149836
XGBoost,test,77.670371_12.881256,2024-10-01,0.48343018,0.5060108
XGBoost,test,77.670371_12.894731,2024-10-01,0.4305201,0.45586133
XGBoost,test,77.670371_13.083377,2024-10-01,0.38709903,0.41577235
XGBoost,test,77.670371_13.128293,2024-10-01,0.5219493,0.52700764
XGBoost,test,77.674863_12.674644,2024-10-01,0.73538446,0.73053443
XGBoost,test,77.674863_12.71956,2024-10-01,0.6684644,0.68291664
XGBoost,test,77.674863_12.755492,2024-10-01,0.5199681,0.5223481
XGBoost,test,77.674863_12.764475,2024-10-01,0.52380806,0.5242836
XGBoost,test,77.674863_12.786933,2024-10-01,0.5300246,0.5467329
XGBoost,test,77.674863_12.836341,2024-10-01,0.5355948,0.5396758
XGBoost,test,77.674863_12.867782,2024-10-01,0.78413194,0.79581285
XGBoost,test,77.674863_13.051936,2024-10-01,0.51198447,0.5271867
XGBoost,test,77.679355_12.697102,2024-10-01,0.53899646,0.5342969
XGBoost,test,77.679355_12.746509,2024-10-01,0.69629616,0.70153713
XGBoost,test,77.679355_12.881256,2024-10-01,0.501432,0.5153992
XGBoost,test,77.679355_12.89024,2024-10-01,0.5262099,0.53213197
XGBoost,test,77.679355_12.899223,2024-10-01,0.41610518,0.44954294
XGBoost,test,77.679355_13.047445,2024-10-01,0.76547897,0.7726185
XGBoost,test,77.679355_13.056428,2024-10-01,0.4581396,0.48561242
XGBoost,test,77.679355_13.141768,2024-10-01,0.50781184,0.52832747
XGBoost,test,77.679355_13.155243,2024-10-01,0.4094318,0.43346038
XGBoost,test,77.679355_13.159734,2024-10-01,0.44605973,0.479444
XGBoost,test,77.683846_12.728543,2024-10-01,0.56534123,0.5774184
XGBoost,test,77.683846_12.742018,2024-10-01,0.52113247,0.5229863
XGBoost,test,77.683846_12.755492,2024-10-01,0.7285051,0.7276772
XGBoost,test,77.683846_12.795916,2024-10-01,0.52488697,0.5269069
XGBoost,test,77.683846_12.8049,2024-10-01,0.50743884,0.5194189
XGBoost,test,77.683846_12.836341,2024-10-01,0.60001934,0.61651284
XGBoost,test,77.683846_12.840832,2024-10-01,0.6088722,0.62161213
XGBoost,test,77.683846_12.894731,2024-10-01,0.51989603,0.52763534
XGBoost,test,77.683846_12.917189,2024-10-01,0.43298823,0.4539897
XGBoost,test,77.683846_12.939647,2024-10-01,0.716581,0.7206723
XGBoost,test,77.683846_13.06092,2024-10-01,0.45348904,0.48355332
XGBoost,test,77.683846_13.074394,2024-10-01,0.40061378,0.4193994
XGBoost,test,77.683846_13.11931,2024-10-01,0.3859374,0.3976082
XGBoost,test,77.683846_13.123802,2024-10-01,0.45092887,0.47751948
XGBoost,test,77.688338_12.656678,2024-10-01,0.7254554,0.73193425
XGBoost,test,77.688338_12.69261,2024-10-01,0.8137677,0.8196026
XGBoost,test,77.688338_12.697102,2024-10-01,0.816667,0.82284063
XGBoost,test,77.688338_12.710577,2024-10-01,0.81652343,0.8241254
XGBoost,test,77.688338_12.751001,2024-10-01,0.5985375,0.5979865
XGBoost,test,77.688338_12.755492,2024-10-01,0.55437416,0.5709691
XGBoost,test,77.688338_12.876765,2024-10-01,0.7868649,0.79617524
XGBoost,test,77.688338_12.885748,2024-10-01,0.50425774,0.5214616
XGBoost,test,77.688338_12.966596,2024-10-01,0.5720633,0.59456766
XGBoost,test,77.692829_12.746509,2024-10-01,0.47429982,0.4953704
XGBoost,test,77.692829_12.800408,2024-10-01,0.47170478,0.48125088
XGBoost,test,77.692829_12.845324,2024-10-01,0.6451535,0.6445649
XGBoost,test,77.692829_12.885748,2024-10-01,0.5523399,0.5571677
XGBoost,test,77.692829_12.899223,2024-10-01,0.4733558,0.49477994
XGBoost,test,77.692829_13.047445,2024-10-01,0.7504079,0.7777571
XGBoost,test,77.692829_13.06092,2024-10-01,0.5885662,0.6089054
XGBoost,test,77.692829_13.065411,2024-10-01,0.5571324,0.56644344
XGBoost,test,77.692829_13.083377,2024-10-01,0.41516382,0.43268752
XGBoost,test,77.692829_13.096852,2024-10-01,0.41049832,0.42589572
XGBoost,test,77.692829_13.132785,2024-10-01,0.40570918,0.42765036
XGBoost,test,77.692829_13.155243,2024-10-01,0.40748847,0.4208485
XGBoost,test,77.697321_12.697102,2024-10-01,0.8179161,0.82220376
XGBoost,test,77.697321_12.751001,2024-10-01,0.53683543,0.53443044
XGBoost,test,77.697321_12.773459,2024-10-01,0.4806636,0.49645987
XGBoost,test,77.697321_12.791425,2024-10-01,0.5797749,0.58546156
XGBoost,test,77.697321_12.885748,2024-10-01,0.54870206,0.5508214
XGBoost,test,77.697321_12.894731,2024-10-01,0.49356103,0.5090091
XGBoost,test,77.697321_12.930664,2024-10-01,0.5054375,0.5185269
XGBoost,test,77.697321_12.966596,2024-10-01,0.5442291,0.5576743
XGBoost,test,77.697321_13.132785,2024-10-01,0.41380757,0.43677315
XGBoost,test,77.697321_13.150751,2024-10-01,0.445365,0.47549248
XGBoost,test,77.697321_13.1777,2024-10-01,0.584413,0.5908431
XGBoost,test,77.701812_12.742018,2024-10-01,0.50813335,0.50865144
XGBoost,test,77.701812_12.77795,2024-10-01,0.4832132,0.4990496
XGBoost,test,77.701812_12.8049,2024-10-01,0.5622249,0.57720697
XGBoost,test,77.701812_12.822866,2024-10-01,0.5301314,0.54904765
XGBoost,test,77.701812_12.872273,2024-10-01,0.4516538,0.4696852
XGBoost,test,77.701812_12.984563,2024-10-01,0.48387414,0.5025408
XGBoost,test,77.701812_13.03397,2024-10-01,0.43072668,0.4609642
XGBoost,test,77.701812_13.164226,2024-10-01,0.45735213,0.4725739
XGBoost,test,77.706304_12.746509,2024-10-01,0.5158152,0.5120303
XGBoost,test,77.706304_12.751001,2024-10-01,0.5284622,0.5274328
XGBoost,test,77.706304_12.759984,2024-10-01,0.42986575,0.4518764
XGBoost,test,77.706304_12.764475,2024-10-01,0.50730014,0.5128294
XGBoost,test,77.706304_12.86329,2024-10-01,0.39598742,0.40992486
XGBoost,test,77.706304_12.984563,2024-10-01,0.48697,0.50327456
XGBoost,test,77.706304_13.038462,2024-10-01,0.43825445,0.46219608
XGBoost,test,77.706304_13.042953,2024-10-01,0.5151874,0.5222739
XGBoost,test,77.706304_13.137276,2024-10-01,0.7672491,0.771434
XGBoost,test,77.710796_12.715068,2024-10-01,0.63018924,0.6251919
XGBoost,test,77.710796_12.894731,2024-10-01,0.59377277,0.5982896
XGBoost,test,77.710796_12.899223,2024-10-01,0.5146437,0.52162796
XGBoost,test,77.710796_12.912697,2024-10-01,0.44928014,0.46250227
XGBoost,test,77.710796_13.03397,2024-10-01,0.4531619,0.48493907
XGBoost,test,77.710796_13.150751,2024-10-01,0.40058142,0.42048478
XGBoost,test,77.710796_13.168717,2024-10-01,0.50671464,0.52669734
XGBoost,test,77.710796_13.173209,2024-10-01,0.5105777,0.531857
XGBoost,test,77.715287_12.679136,2024-10-01,0.7092333,0.7188616
XGBoost,test,77.715287_12.742018,2024-10-01,0.5046527,0.51253206
XGBoost,test,77.715287_12.773459,2024-10-01,0.48025528,0.49811187
XGBoost,test,77.715287_12.822866,2024-10-01,0.5267262,0.5330613
XGBoost,test,77.715287_12.827358,2024-10-01,0.47674087,0.49187678
XGBoost,test,77.715287_12.845324,2024-10-01,0.41587502,0.41743714
XGBoost,test,77.715287_12.885748,2024-10-01,0.5604804,0.567964
XGBoost,test,77.715287_12.899223,2024-10-01,0.4165748,0.44148028
XGBoost,test,77.715287_12.939647,2024-10-01,0.7031835,0.7060188
XGBoost,test,77.715287_12.944139,2024-10-01,0.7406348,0.7375148
XGBoost,test,77.715287_12.94863,2024-10-01,0.60313964,0.6057757
XGBoost,test,77.715287_13.016004,2024-10-01,0.52641875,0.5439492
XGBoost,test,77.715287_13.029478,2024-10-01,0.38321823,0.40804607
XGBoost,test,77.715287_13.038462,2024-10-01,0.51430523,0.52735895
XGBoost,test,77.715287_13.051936,2024-10-01,0.5163601,0.52987516
XGBoost,test,77.715287_13.056428,2024-10-01,0.41882488,0.44511822
XGBoost,test,77.719779_12.706085,2024-10-01,0.64505863,0.6507365
XGBoost,test,77.719779_12.746509,2024-10-01,0.7115295,0.72703147
XGBoost,test,77.719779_12.795916,2024-10-01,0.48860902,0.5059127
XGBoost,test,77.719779_12.840832,2024-10-01,0.5338382,0.54528207
XGBoost,test,77.719779_12.903714,2024-10-01,0.43477848,0.45049247
XGBoost,test,77.719779_13.123802,2024-10-01,0.4309334,0.45383996
XGBoost,test,77.719779_13.155243,2024-10-01,0.4125407,0.4509812
XGBoost,test,77.72427_12.674644,2024-10-01,0.5548697,0.5567484
XGBoost,test,77.72427_12.697102,2024-10-01,0.5056781,0.51669973
XGBoost,test,77.72427_12.701593,2024-10-01,0.5382376,0.54159576
XGBoost,test,77.72427_12.724051,2024-10-01,0.5404825,0.53665024
XGBoost,test,77.72427_12.786933,2024-10-01,0.5027672,0.51012206
XGBoost,test,77.72427_12.791425,2024-10-01,0.5077758,0.51617855
XGBoost,test,77.72427_12.840832,2024-10-01,0.50710064,0.5183694
XGBoost,test,77.72427_12.867782,2024-10-01,0.44342858,0.46390712
XGBoost,test,77.72427_12.885748,2024-10-01,0.4837952,0.5038866
XGBoost,test,77.72427_13.024987,2024-10-01,0.78563815,0.8080248
XGBoost,test,77.728762_12.706085,2024-10-01,0.6522808,0.6404377
XGBoost,test,77.728762_12.724051,2024-10-01,0.65215933,0.65128845
XGBoost,test,77.728762_12.759984,2024-10-01,0.52393496,0.5175359
XGBoost,test,77.728762_12.782442,2024-10-01,0.5580951,0.5514707
XGBoost,test,77.728762_12.809391,2024-10-01,0.50098276,0.5129437
XGBoost,test,77.728762_12.858799,2024-10-01,0.5520775,0.55695724
XGBoost,test,77.728762_12.876765,2024-10-01,0.560972,0.5635702
XGBoost,test,77.728762_12.885748,2024-10-01,0.48018646,0.49502528
XGBoost,test,77.728762_13.016004,2024-10-01,0.7870056,0.799229
XGBoost,test,77.728762_13.047445,2024-10-01,0.48683417,0.51552093
XGBoost,test,77.733253_12.755492,2024-10-01,0.46267286,0.47251633
XGBoost,test,77.733253_12.795916,2024-10-01,0.49585438,0.5066675
XGBoost,test,77.733253_12.86329,2024-10-01,0.57149,0.5857361
XGBoost,test,77.733253_12.872273,2024-10-01,0.5654621,0.5696094
XGBoost,test,77.733253_12.998037,2024-10-01,0.6290834,0.6371523
XGBoost,test,77.737745_12.764475,2024-10-01,0.45574525,0.47124696
XGBoost,test,77.737745_12.791425,2024-10-01,0.48847106,0.50461346
XGBoost,test,77.737745_12.809391,2024-10-01,0.46741086,0.49270606
XGBoost,test,77.737745_12.858799,2024-10-01,0.49442288,0.5123781
XGBoost,test,77.737745_12.872273,2024-10-01,0.55462205,0.5588146
XGBoost,test,77.737745_12.881256,2024-10-01,0.58564043,0.59203625
XGBoost,test,77.742237_12.697102,2024-10-01,0.66827154,0.6770637
XGBoost,test,77.742237_12.764475,2024-10-01,0.47702125,0.4896211
XGBoost,test,77.742237_12.795916,2024-10-01,0.47145346,0.49764654
XGBoost,test,77.742237_12.8049,2024-10-01,0.5098838,0.5182049
XGBoost,test,77.742237_12.86329,2024-10-01,0.42301735,0.45284835
XGBoost,test,77.742237_12.867782,2024-10-01,0.5580377,0.56941926
XGBoost,test,77.742237_12.89024,2024-10-01,0.5657492,0.58216095
XGBoost,test,77.742237_12.899223,2024-10-01,0.55809563,0.5644394
XGBoost,test,77.742237_12.921681,2024-10-01,0.48032406,0.4948724
XGBoost,test,77.742237_12.980071,2024-10-01,0.53307825,0.5301184
XGBoost,test,77.742237_13.002529,2024-10-01,0.5584352,0.57099336
XGBoost,test,77.742237_13.016004,2024-10-01,0.5526444,0.5562576
XGBoost,test,77.742237_13.038462,2024-10-01,0.404862,0.42594224
XGBoost,test,77.746728_12.751001,2024-10-01,0.5104405,0.5198242
XGBoost,test,77.746728_12.764475,2024-10-01,0.4991511,0.50636727
XGBoost,test,77.746728_12.782442,2024-10-01,0.5567578,0.57362324
XGBoost,test,77.746728_12.97558,2024-10-01,0.5537647,0.5574935
XGBoost,test,77.746728_12.984563,2024-10-01,0.53120464,0.53965825
XGBoost,test,77.746728_13.016004,2024-10-01,0.57017374,0.5879835
XGBoost,test,77.746728_13.020495,2024-10-01,0.6100088,0.6226605
XGBoost,test,77.746728_13.024987,2024-10-01,0.50252587,0.5159318
XGBoost,test,77.746728_13.038462,2024-10-01,0.41547087,0.44423637
XGBoost,test,77.75122_12.751001,2024-10-01,0.49952462,0.51532567
XGBoost,test,77.75122_12.755492,2024-10-01,0.5673344,0.5690128
XGBoost,test,77.75122_12.768967,2024-10-01,0.46423206,0.47187832
XGBoost,test,77.75122_12.77795,2024-10-01,0.51281214,0.5208494
XGBoost,test,77.75122_12.894731,2024-10-01,0.48171547,0.49980566
XGBoost,test,77.75122_12.993546,2024-10-01,0.4704757,0.49103054
XGBoost,test,77.75122_13.020495,2024-10-01,0.5276034,0.53660125
XGBoost,test,77.75122_13.03397,2024-10-01,0.45376152,0.468911
XGBoost,test,77.75122_13.038462,2024-10-01,0.37482798,0.3902043
XGBoost,test,77.755711_12.706085,2024-10-01,0.57806015,0.5866194
XGBoost,test,77.755711_12.764475,2024-10-01,0.81189656,0.81123954
XGBoost,test,77.755711_12.77795,2024-10-01,0.49327683,0.5032976
XGBoost,test,77.755711_12.822866,2024-10-01,0.47098026,0.49597615
XGBoost,test,77.755711_12.831849,2024-10-01,0.4505232,0.46859813
XGBoost,test,77.755711_12.858799,2024-10-01,0.5131321,0.52299297
XGBoost,test,77.755711_12.885748,2024-10-01,0.5106776,0.52336943
XGBoost,test,77.755711_12.899223,2024-10-01,0.44225696,0.45797718
XGBoost,test,77.755711_12.903714,2024-10-01,0.4798232,0.5002791
XGBoost,test,77.755711_12.926172,2024-10-01,0.5172033,0.5216117
XGBoost,test,77.760203_12.751001,2024-10-01,0.5099259,0.50983703
XGBoost,test,77.760203_12.795916,2024-10-01,0.45019677,0.46212277
XGBoost,test,77.760203_12.818374,2024-10-01,0.5777064,0.59126365
XGBoost,test,77.760203_12.867782,2024-10-01,0.46804738,0.4773624
XGBoost,test,77.760203_12.872273,2024-10-01,0.4825928,0.5035628
XGBoost,test,77.760203_12.876765,2024-10-01,0.45341676,0.46350196
XGBoost,test,77.760203_12.885748,2024-10-01,0.4766032,0.49762848
XGBoost,test,77.760203_12.984563,2024-10-01,0.52420694,0.5334123
XGBoost,test,77.764695_12.742018,2024-10-01,0.67904973,0.67806166
XGBoost,test,77.764695_12.746509,2024-10-01,0.675337,0.6795623
XGBoost,test,77.764695_12.813883,2024-10-01,0.5234559,0.5318031
XGBoost,test,77.764695_12.849815,2024-10-01,0.48914772,0.5144602
XGBoost,test,77.764695_12.885748,2024-10-01,0.50307643,0.51691747
XGBoost,test,77.764695_12.912697,2024-10-01,0.5134743,0.5200094
XGBoost,test,77.764695_13.03397,2024-10-01,0.37363017,0.38964674
XGBoost,test,77.769186_12.751001,2024-10-01,0.70948684,0.7157613
XGBoost,test,77.769186_12.791425,2024-10-01,0.452721,0.4685084
XGBoost,test,77.769186_12.800408,2024-10-01,0.51470804,0.5252759
XGBoost,test,77.769186_12.8049,2024-10-01,0.5684792,0.58631915
XGBoost,test,77.769186_12.809391,2024-10-01,0.47485417,0.49994552
XGBoost,test,77.769186_12.876765,2024-10-01,0.5178404,0.516728
XGBoost,test,77.769186_12.894731,2024-10-01,0.48106983,0.5059277
XGBoost,test,77.769186_13.016004,2024-10-01,0.45822284,0.47532862
XGBoost,test,77.773678_12.746509,2024-10-01,0.6905796,0.7054741
XGBoost,test,77.773678_12.858799,2024-10-01,0.46030098,0.47768953
XGBoost,test,77.773678_12.885748,2024-10-01,0.48582402,0.50589764
XGBoost,test,77.773678_12.899223,2024-10-01,0.4439601,0.46112847
XGBoost,test,77.773678_12.908206,2024-10-01,0.500414,0.5193924
XGBoost,test,77.778169_12.809391,2024-10-01,0.45868725,0.47098106
XGBoost,test,77.778169_12.885748,2024-10-01,0.5123311,0.52323097
XGBoost,test,77.782661_12.786933,2024-10-01,0.4414761,0.46293503
XGBoost,test,77.782661_12.791425,2024-10-01,0.49373454,0.51458055
XGBoost,test,77.782661_12.89024,2024-10-01,0.50389427,0.51499903
XGBoost,test,77.787152_12.786933,2024-10-01,0.46587253,0.4838171
XGBoost,test,77.787152_12.849815,2024-10-01,0.47000092,0.49694404
XGBoost,test,77.787152_12.867782,2024-10-01,0.44901046,0.46374768
XGBoost,test,77.791644_12.8049,2024-10-01,0.48891792,0.50594795
XGBoost,test,77.791644_12.899223,2024-10-01,0.46027634,0.47410372
XGBoost,test,77.796136_12.854307,2024-10-01,0.44675073,0.46159336
XGBoost,test,77.796136_12.885748,2024-10-01,0.5236128,0.52011895
XGBoost,test,77.800627_12.876765,2024-10-01,0.51576823,0.52156854
XGBoost,test,77.800627_12.885748,2024-10-01,0.47686538,0.49738133
XGBoost,test,77.805119_12.876765,2024-10-01,0.5288068,0.5301419
XGBoost,test,77.805119_12.89024,2024-10-01,0.49891824,0.50628674
XGBoost,test,77.80961_12.858799,2024-10-01,0.49718702,0.5153527
XGBoost,test,77.80961_12.86329,2024-10-01,0.46756658,0.48133665
XGBoost,test,77.342486_12.926172,2024-11-01,0.7632813,0.76078904
XGBoost,test,77.369436_12.881256,2024-11-01,0.45741054,0.49089965
XGBoost,test,77.391894_12.881256,2024-11-01,0.47286192,0.51269305
XGBoost,test,77.391894_12.885748,2024-11-01,0.5179057,0.5413577
XGBoost,test,77.405368_13.105835,2024-11-01,0.42957568,0.4401786
XGBoost,test,77.405368_13.11931,2024-11-01,0.4047144,0.41358328
XGBoost,test,77.414352_12.989054,2024-11-01,0.40721357,0.41477516
XGBoost,test,77.414352_12.993546,2024-11-01,0.42477256,0.43884507
XGBoost,test,77.414352_13.11931,2024-11-01,0.42029455,0.43459716
XGBoost,test,77.418843_12.993546,2024-11-01,0.44274625,0.4422824
XGBoost,test,77.432318_12.957613,2024-11-01,0.42986244,0.4374197
XGBoost,test,77.432318_12.998037,2024-11-01,0.3897278,0.41181937
XGBoost,test,77.436809_12.944139,2024-11-01,0.41709706,0.43891627
XGBoost,test,77.441301_12.944139,2024-11-01,0.4967908,0.5117632
XGBoost,test,77.441301_12.94863,2024-11-01,0.4588516,0.48382384
XGBoost,test,77.441301_13.110327,2024-11-01,0.44406956,0.4629021
XGBoost,test,77.445793_12.957613,2024-11-01,0.4848856,0.5068055
XGBoost,test,77.445793_12.984563,2024-11-01,0.4478249,0.48281932
XGBoost,test,77.450284_12.993546,2024-11-01,0.3480504,0.38583305
XGBoost,test,77.450284_13.146259,2024-11-01,0.54384035,0.54139644
XGBoost,test,77.454776_12.993546,2024-11-01,0.394244,0.40799806
XGBoost,test,77.454776_13.141768,2024-11-01,0.5255121,0.53819245
XGBoost,test,77.459267_13.11931,2024-11-01,0.47756276,0.47975147
XGBoost,test,77.46825_12.94863,2024-11-01,0.5247546,0.54777026
XGBoost,test,77.46825_12.966596,2024-11-01,0.46736753,0.49428073
XGBoost,test,77.46825_13.1777,2024-11-01,0.48191044,0.50293833
XGBoost,test,77.472742_12.984563,2024-11-01,0.43379655,0.47408894
XGBoost,test,77.477234_12.944139,2024-11-01,0.4795702,0.51487416
XGBoost,test,77.477234_12.94863,2024-11-01,0.50239486,0.53872913
XGBoost,test,77.477234_12.971088,2024-11-01,0.51187986,0.5419811
XGBoost,test,77.481725_12.944139,2024-11-01,0.48739448,0.5218861
XGBoost,test,77.481725_12.971088,2024-11-01,0.41517192,0.43570995
XGBoost,test,77.486217_12.764475,2024-11-01,0.510813,0.5359438
XGBoost,test,77.490708_13.182192,2024-11-01,0.4595536,0.4901756
XGBoost,test,77.490708_13.209142,2024-11-01,0.42860374,0.44269237
XGBoost,test,77.4952_12.786933,2024-11-01,0.4684805,0.50957847
XGBoost,test,77.4952_13.182192,2024-11-01,0.48316303,0.50382024
XGBoost,test,77.499692_13.168717,2024-11-01,0.50347865,0.50309277
XGBoost,test,77.504183_12.786933,2024-11-01,0.54495937,0.5732229
XGBoost,test,77.504183_13.159734,2024-11-01,0.5580061,0.55414146
XGBoost,test,77.504183_13.195667,2024-11-01,0.41602418,0.44003457
XGBoost,test,77.508675_12.795916,2024-11-01,0.5764559,0.59358823
XGBoost,test,77.508675_13.159734,2024-11-01,0.56595606,0.5696975
XGBoost,test,77.508675_13.191175,2024-11-01,0.40284318,0.42873073
XGBoost,test,77.513166_12.746509,2024-11-01,0.7716024,0.78647727
XGBoost,test,77.513166_12.77795,2024-11-01,0.646156,0.6737588
XGBoost,test,77.513166_13.1777,2024-11-01,0.46738032,0.46845013
XGBoost,test,77.517658_12.77795,2024-11-01,0.6118076,0.61578596
XGBoost,test,77.517658_13.186684,2024-11-01,0.48491302,0.49532127
XGBoost,test,77.517658_13.191175,2024-11-01,0.4293765,0.4306948
XGBoost,test,77.522149_13.146259,2024-11-01,0.39770755,0.40575206
XGBoost,test,77.522149_13.200158,2024-11-01,0.48548722,0.50250995
XGBoost,test,77.531133_13.195667,2024-11-01,0.5078817,0.535517
XGBoost,test,77.535624_13.195667,2024-11-01,0.41479215,0.43034238
XGBoost,test,77.540116_13.042953,2024-11-01,0.6065753,0.60297966
XGBoost,test,77.540116_13.114818,2024-11-01,0.47001296,0.46085292
XGBoost,test,77.544607_13.218125,2024-11-01,0.52082974,0.5086312
XGBoost,test,77.549099_12.845324,2024-11-01,0.65547127,0.64513624
XGBoost,test,77.55359_12.71956,2024-11-01,0.7604232,0.7801983
XGBoost,test,77.55359_12.849815,2024-11-01,0.6262806,0.62926555
XGBoost,test,77.55359_13.069903,2024-11-01,0.7428908,0.74534637
XGBoost,test,77.55359_13.110327,2024-11-01,0.509425,0.52387816
XGBoost,test,77.55359_13.168717,2024-11-01,0.5051654,0.526519
XGBoost,test,77.55359_13.173209,2024-11-01,0.42827582,0.43723723
XGBoost,test,77.558082_13.042953,2024-11-01,0.67858535,0.689078
XGBoost,test,77.558082_13.051936,2024-11-01,0.70814806,0.7322514
XGBoost,test,77.558082_13.110327,2024-11-01,0.5254784,0.53906614
XGBoost,test,77.558082_13.1777,2024-11-01,0.47749966,0.49793956
XGBoost,test,77.562574_12.71956,2024-11-01,0.7680658,0.7829951
XGBoost,test,77.567065_12.724051,2024-11-01,0.7352932,0.76214796
XGBoost,test,77.567065_13.105835,2024-11-01,0.5922704,0.608013
XGBoost,test,77.567065_13.114818,2024-11-01,0.67070043,0.69136614
XGBoost,test,77.567065_13.182192,2024-11-01,0.5243762,0.5273497
XGBoost,test,77.571557_12.71956,2024-11-01,0.771338,0.78495514
XGBoost,test,77.576048_12.71956,2024-11-01,0.74999017,0.74871737
XGBoost,test,77.576048_12.728543,2024-11-01,0.7696467,0.7783802
XGBoost,test,77.585031_13.042953,2024-11-01,0.7238471,0.7263969
XGBoost,test,77.585031_13.137276,2024-11-01,0.5019368,0.5045315
XGBoost,test,77.589523_12.71956,2024-11-01,0.8355901,0.832204
XGBoost,test,77.589523_12.746509,2024-11-01,0.7398836,0.75587547
XGBoost,test,77.589523_12.971088,2024-11-01,0.7850397,0.7845802
XGBoost,test,77.594015_12.724051,2024-11-01,0.8342254,0.83395624
XGBoost,test,77.594015_12.733034,2024-11-01,0.80791986,0.82089704
XGBoost,test,77.594015_12.831849,2024-11-01,0.61114234,0.62620026
XGBoost,test,77.594015_12.998037,2024-11-01,0.7737882,0.7683502
XGBoost,test,77.598506_12.665661,2024-11-01,0.7970948,0.81189626
XGBoost,test,77.598506_12.710577,2024-11-01,0.6898863,0.71312517
XGBoost,test,77.598506_12.822866,2024-11-01,0.63660747,0.6434361
XGBoost,test,77.598506_13.083377,2024-11-01,0.6231235,0.6231475
XGBoost,test,77.598506_13.128293,2024-11-01,0.5890149,0.6087855
XGBoost,test,77.602998_12.710577,2024-11-01,0.7222606,0.74793124
XGBoost,test,77.602998_12.827358,2024-11-01,0.5142034,0.5323317
XGBoost,test,77.602998_13.114818,2024-11-01,0.6156023,0.6091138
XGBoost,test,77.602998_13.11931,2024-11-01,0.60051244,0.61092293
XGBoost,test,77.602998_13.128293,2024-11-01,0.5448289,0.55721575
XGBoost,test,77.602998_13.164226,2024-11-01,0.49648196,0.5044264
XGBoost,test,77.607489_12.768967,2024-11-01,0.6356362,0.64596915
XGBoost,test,77.607489_12.773459,2024-11-01,0.61184937,0.62102467
XGBoost,test,77.607489_12.791425,2024-11-01,0.5608954,0.57400775
XGBoost,test,77.607489_12.809391,2024-11-01,0.6750495,0.6788292
XGBoost,test,77.607489_12.818374,2024-11-01,0.719409,0.73322344
XGBoost,test,77.607489_13.087869,2024-11-01,0.75938267,0.7493957
XGBoost,test,77.611981_12.768967,2024-11-01,0.5878373,0.5986004
XGBoost,test,77.611981_12.953122,2024-11-01,0.7459075,0.7454829
XGBoost,test,77.611981_13.168717,2024-11-01,0.455794,0.44975737
XGBoost,test,77.611981_13.182192,2024-11-01,0.40144762,0.40869486
XGBoost,test,77.616473_13.114818,2024-11-01,0.5900251,0.60383326
XGBoost,test,77.616473_13.141768,2024-11-01,0.47507036,0.49189562
XGBoost,test,77.616473_13.1777,2024-11-01,0.4158293,0.4174271
XGBoost,test,77.620964_12.795916,2024-11-01,0.45306566,0.4858627
XGBoost,test,77.620964_12.813883,2024-11-01,0.46252775,0.49283516
XGBoost,test,77.625456_12.782442,2024-11-01,0.53284925,0.5564499
XGBoost,test,77.625456_13.065411,2024-11-01,0.41093034,0.4315314
XGBoost,test,77.625456_13.155243,2024-11-01,0.66965145,0.68267494
XGBoost,test,77.625456_13.182192,2024-11-01,0.47691363,0.4716432
XGBoost,test,77.629947_12.795916,2024-11-01,0.7994481,0.80341184
XGBoost,test,77.629947_12.809391,2024-11-01,0.5025118,0.51521647
XGBoost,test,77.629947_12.854307,2024-11-01,0.51614183,0.5346713
XGBoost,test,77.629947_13.06092,2024-11-01,0.43701312,0.46670052
XGBoost,test,77.629947_13.087869,2024-11-01,0.4730787,0.48674482
XGBoost,test,77.629947_13.1777,2024-11-01,0.49089244,0.49289462
XGBoost,test,77.634439_12.679136,2024-11-01,0.79247195,0.8208388
XGBoost,test,77.634439_12.701593,2024-11-01,0.7552579,0.7560952
XGBoost,test,77.634439_12.733034,2024-11-01,0.5007944,0.5287964
XGBoost,test,77.634439_12.746509,2024-11-01,0.5414724,0.55936396
XGBoost,test,77.634439_12.751001,2024-11-01,0.53596324,0.55848676
XGBoost,test,77.634439_13.047445,2024-11-01,0.49635345,0.51760334
XGBoost,test,77.634439_13.083377,2024-11-01,0.42900664,0.45049086
XGBoost,test,77.634439_13.137276,2024-11-01,0.44582316,0.44443065
XGBoost,test,77.63893_12.688119,2024-11-01,0.71155214,0.7366481
XGBoost,test,77.63893_12.742018,2024-11-01,0.5429613,0.56897914
XGBoost,test,77.63893_12.791425,2024-11-01,0.55287087,0.5686739
XGBoost,test,77.63893_12.800408,2024-11-01,0.4932808,0.51596814
XGBoost,test,77.63893_12.840832,2024-11-01,0.63833004,0.66423994
XGBoost,test,77.63893_13.056428,2024-11-01,0.5466285,0.5574242
XGBoost,test,77.63893_13.078886,2024-11-01,0.45188174,0.48129898
XGBoost,test,77.63893_13.083377,2024-11-01,0.43105367,0.43380386
XGBoost,test,77.643422_12.795916,2024-11-01,0.50487715,0.5330488
XGBoost,test,77.643422_12.800408,2024-11-01,0.5036784,0.5284519
XGBoost,test,77.643422_12.809391,2024-11-01,0.52812636,0.5462154
XGBoost,test,77.643422_13.002529,2024-11-01,0.5585703,0.5645216
XGBoost,test,77.643422_13.164226,2024-11-01,0.5938317,0.6139913
XGBoost,test,77.647914_12.688119,2024-11-01,0.7340462,0.7538844
XGBoost,test,77.647914_12.733034,2024-11-01,0.55567455,0.5732301
XGBoost,test,77.647914_13.141768,2024-11-01,0.7022757,0.7155938
XGBoost,test,77.647914_13.168717,2024-11-01,0.74439996,0.7375419
XGBoost,test,77.652405_12.697102,2024-11-01,0.714149,0.73428357
XGBoost,test,77.652405_12.773459,2024-11-01,0.49669492,0.5222249
XGBoost,test,77.652405_12.795916,2024-11-01,0.4485187,0.4812386
XGBoost,test,77.652405_12.8049,2024-11-01,0.5475122,0.56169087
XGBoost,test,77.652405_13.002529,2024-11-01,0.55414855,0.55780256
XGBoost,test,77.656897_12.742018,2024-11-01,0.55776715,0.5655956
XGBoost,test,77.656897_12.746509,2024-11-01,0.5486053,0.5569732
XGBoost,test,77.656897_12.768967,2024-11-01,0.5398651,0.5590589
XGBoost,test,77.656897_12.791425,2024-11-01,0.45500112,0.48667917
XGBoost,test,77.656897_12.800408,2024-11-01,0.56365895,0.5821218
XGBoost,test,77.656897_12.831849,2024-11-01,0.5816595,0.6045336
XGBoost,test,77.656897_13.164226,2024-11-01,0.48644733,0.49551487
XGBoost,test,77.656897_13.173209,2024-11-01,0.4320922,0.43929955
XGBoost,test,77.661388_12.737526,2024-11-01,0.5786986,0.59933555
XGBoost,test,77.661388_12.759984,2024-11-01,0.5848953,0.59418803
XGBoost,test,77.661388_13.056428,2024-11-01,0.47631317,0.50009364
XGBoost,test,77.661388_13.074394,2024-11-01,0.5608006,0.56321436
XGBoost,test,77.661388_13.110327,2024-11-01,0.5359808,0.55151945
XGBoost,test,77.661388_13.11931,2024-11-01,0.6145886,0.62847674
XGBoost,test,77.66588_12.679136,2024-11-01,0.6766311,0.6943354
XGBoost,test,77.66588_12.697102,2024-11-01,0.65261716,0.6594515
XGBoost,test,77.66588_12.715068,2024-11-01,0.66025645,0.6694065
XGBoost,test,77.66588_12.724051,2024-11-01,0.6292343,0.6366769
XGBoost,test,77.66588_12.751001,2024-11-01,0.5277801,0.5446752
XGBoost,test,77.66588_12.755492,2024-11-01,0.58188236,0.5982282
XGBoost,test,77.66588_12.764475,2024-11-01,0.57366025,0.5825445
XGBoost,test,77.66588_12.768967,2024-11-01,0.7201108,0.73691857
XGBoost,test,77.66588_12.791425,2024-11-01,0.6176407,0.63514864
XGBoost,test,77.66588_13.038462,2024-11-01,0.4748714,0.4982076
XGBoost,test,77.66588_13.051936,2024-11-01,0.52999014,0.5377833
XGBoost,test,77.66588_13.173209,2024-11-01,0.42310485,0.43132305
XGBoost,test,77.670371_12.71956,2024-11-01,0.66295016,0.6937275
XGBoost,test,77.670371_12.881256,2024-11-01,0.47923404,0.50567675
XGBoost,test,77.670371_13.083377,2024-11-01,0.411287,0.4175229
XGBoost,test,77.670371_13.128293,2024-11-01,0.5336076,0.5418094
XGBoost,test,77.674863_12.674644,2024-11-01,0.7302005,0.7654092
XGBoost,test,77.674863_12.71956,2024-11-01,0.6721378,0.6948365
XGBoost,test,77.674863_12.755492,2024-11-01,0.5289079,0.54252994
XGBoost,test,77.674863_12.764475,2024-11-01,0.5218844,0.54251546
XGBoost,test,77.674863_12.786933,2024-11-01,0.5178961,0.5545689
XGBoost,test,77.674863_12.836341,2024-11-01,0.52958935,0.55220896
XGBoost,test,77.674863_13.051936,2024-11-01,0.53547513,0.53786725
XGBoost,test,77.679355_12.697102,2024-11-01,0.54489976,0.5568886
XGBoost,test,77.679355_12.746509,2024-11-01,0.6995814,0.72690856
XGBoost,test,77.679355_12.89024,2024-11-01,0.53201985,0.545176
XGBoost,test,77.679355_13.056428,2024-11-01,0.49174532,0.49747193
XGBoost,test,77.679355_13.141768,2024-11-01,0.51536703,0.54357535
XGBoost,test,77.679355_13.155243,2024-11-01,0.43377236,0.4378146
XGBoost,test,77.679355_13.159734,2024-11-01,0.4627152,0.48158452
XGBoost,test,77.683846_12.728543,2024-11-01,0.56319296,0.5929185
XGBoost,test,77.683846_12.742018,2024-11-01,0.5345584,0.5395241
XGBoost,test,77.683846_12.755492,2024-11-01,0.73342735,0.7491824
XGBoost,test,77.683846_12.795916,2024-11-01,0.5224298,0.54354596
XGBoost,test,77.683846_12.8049,2024-11-01,0.5050227,0.53092617
XGBoost,test,77.683846_12.836341,2024-11-01,0.59680516,0.6225125
XGBoost,test,77.683846_12.840832,2024-11-01,0.61015564,0.6297326
XGBoost,test,77.683846_13.06092,2024-11-01,0.48447087,0.49584007
XGBoost,test,77.683846_13.074394,2024-11-01,0.42506757,0.42156735
XGBoost,test,77.683846_13.11931,2024-11-01,0.40773574,0.41224885
XGBoost,test,77.683846_13.123802,2024-11-01,0.47032797,0.4828481
XGBoost,test,77.688338_12.656678,2024-11-01,0.7417195,0.7495495
XGBoost,test,77.688338_12.69261,2024-11-01,0.82035524,0.82354754
XGBoost,test,77.688338_12.697102,2024-11-01,0.83142287,0.8300333
XGBoost,test,77.688338_12.710577,2024-11-01,0.8203603,0.82918733
XGBoost,test,77.688338_12.751001,2024-11-01,0.59866285,0.6180484
XGBoost,test,77.688338_12.755492,2024-11-01,0.5658831,0.57451963
XGBoost,test,77.688338_12.876765,2024-11-01,0.79572666,0.8022965
XGBoost,test,77.688338_12.885748,2024-11-01,0.50206065,0.53520757
XGBoost,test,77.688338_12.966596,2024-11-01,0.5807492,0.6004317
XGBoost,test,77.692829_12.746509,2024-11-01,0.47781375,0.50989556
XGBoost,test,77.692829_12.800408,2024-11-01,0.4644025,0.49490082
XGBoost,test,77.692829_12.845324,2024-11-01,0.65801203,0.66502094
XGBoost,test,77.692829_12.885748,2024-11-01,0.5548106,0.5728199
XGBoost,test,77.692829_12.899223,2024-11-01,0.48738363,0.5039635
XGBoost,test,77.692829_13.047445,2024-11-01,0.80146986,0.77558833
XGBoost,test,77.692829_13.06092,2024-11-01,0.59688413,0.6127118
XGBoost,test,77.692829_13.065411,2024-11-01,0.5758993,0.5844732
XGBoost,test,77.692829_13.083377,2024-11-01,0.4262384,0.4265961
XGBoost,test,77.692829_13.096852,2024-11-01,0.42388085,0.4298156
XGBoost,test,77.692829_13.132785,2024-11-01,0.4209108,0.42940825
XGBoost,test,77.692829_13.155243,2024-11-01,0.41604188,0.43437663
XGBoost,test,77.697321_12.697102,2024-11-01,0.83556336,0.8317412
XGBoost,test,77.697321_12.751001,2024-11-01,0.5352675,0.5539057
XGBoost,test,77.697321_12.773459,2024-11-01,0.4722314,0.50992554
XGBoost,test,77.697321_12.791425,2024-11-01,0.5794685,0.5866135
XGBoost,test,77.697321_12.885748,2024-11-01,0.5494374,0.5706891
XGBoost,test,77.697321_12.894731,2024-11-01,0.5087093,0.51966435
XGBoost,test,77.697321_12.930664,2024-11-01,0.5003923,0.53147656
XGBoost,test,77.697321_13.132785,2024-11-01,0.41758856,0.4369806
XGBoost,test,77.697321_13.150751,2024-11-01,0.46551812,0.4832341
XGBoost,test,77.701812_12.742018,2024-11-01,0.50374645,0.53199047
XGBoost,test,77.701812_12.77795,2024-11-01,0.47858095,0.50821203
XGBoost,test,77.701812_12.8049,2024-11-01,0.55915076,0.58245325
XGBoost,test,77.701812_12.822866,2024-11-01,0.54325634,0.5576036
XGBoost,test,77.701812_12.872273,2024-11-01,0.4561019,0.48402038
XGBoost,test,77.701812_12.984563,2024-11-01,0.48644972,0.5052008
XGBoost,test,77.701812_13.03397,2024-11-01,0.44430298,0.45809144
XGBoost,test,77.701812_13.164226,2024-11-01,0.45311508,0.48305115
XGBoost,test,77.706304_12.746509,2024-11-01,0.5147805,0.5378811
XGBoost,test,77.706304_12.751001,2024-11-01,0.5305838,0.542147
XGBoost,test,77.706304_12.759984,2024-11-01,0.42067227,0.45949027
XGBoost,test,77.706304_12.764475,2024-11-01,0.4910533,0.52635825
XGBoost,test,77.706304_12.86329,2024-11-01,0.39766878,0.4223669
XGBoost,test,77.706304_12.984563,2024-11-01,0.48910677,0.5107493
XGBoost,test,77.706304_13.038462,2024-11-01,0.44243753,0.4603191
XGBoost,test,77.706304_13.042953,2024-11-01,0.520511,0.533311
XGBoost,test,77.706304_13.137276,2024-11-01,0.7757012,0.77607906
XGBoost,test,77.710796_12.715068,2024-11-01,0.62335724,0.6353247
XGBoost,test,77.710796_12.894731,2024-11-01,0.5944267,0.6128291
XGBoost,test,77.710796_12.899223,2024-11-01,0.51698685,0.53311616
XGBoost,test,77.710796_12.912697,2024-11-01,0.45417795,0.47357118
XGBoost,test,77.710796_13.03397,2024-11-01,0.45924503,0.48438016
XGBoost,test,77.710796_13.150751,2024-11-01,0.40833846,0.4247873
XGBoost,test,77.710796_13.168717,2024-11-01,0.51095915,0.5424677
XGBoost,test,77.710796_13.173209,2024-11-01,0.5176168,0.54285693
XGBoost,test,77.715287_12.679136,2024-11-01,0.71182543,0.74353325
XGBoost,test,77.715287_12.742018,2024-11-01,0.49674812,0.5239182
XGBoost,test,77.715287_12.773459,2024-11-01,0.4820237,0.50533277
XGBoost,test,77.715287_12.822866,2024-11-01,0.51526767,0.54497087
XGBoost,test,77.715287_12.827358,2024-11-01,0.46467555,0.5014353
XGBoost,test,77.715287_12.845324,2024-11-01,0.41794184,0.4321839
XGBoost,test,77.715287_12.885748,2024-11-01,0.56902224,0.5822469
XGBoost,test,77.715287_12.899223,2024-11-01,0.4169954,0.43683973
XGBoost,test,77.715287_12.939647,2024-11-01,0.7121486,0.7274661
XGBoost,test,77.715287_12.944139,2024-11-01,0.7470546,0.7475136
XGBoost,test,77.715287_12.94863,2024-11-01,0.60145086,0.6201223
XGBoost,test,77.715287_13.016004,2024-11-01,0.53970474,0.54677135
XGBoost,test,77.715287_13.029478,2024-11-01,0.39674637,0.41738722
XGBoost,test,77.715287_13.038462,2024-11-01,0.52296555,0.5367116
XGBoost,test,77.715287_13.051936,2024-11-01,0.5413638,0.5375325
XGBoost,test,77.715287_13.056428,2024-11-01,0.43787876,0.43814617
XGBoost,test,77.719779_12.706085,2024-11-01,0.6447338,0.67350334
XGBoost,test,77.719779_12.746509,2024-11-01,0.7124427,0.7306224
XGBoost,test,77.719779_12.795916,2024-11-01,0.48961604,0.5271211
XGBoost,test,77.719779_12.840832,2024-11-01,0.5342929,0.5569949
XGBoost,test,77.719779_12.903714,2024-11-01,0.4339651,0.46229017
XGBoost,test,77.719779_13.123802,2024-11-01,0.43590075,0.46048835
XGBoost,test,77.719779_13.155243,2024-11-01,0.43618277,0.4468071
XGBoost,test,77.72427_12.674644,2024-11-01,0.56759053,0.5666107
XGBoost,test,77.72427_12.697102,2024-11-01,0.5108112,0.52889746
XGBoost,test,77.72427_12.701593,2024-11-01,0.54767925,0.5634511
XGBoost,test,77.72427_12.724051,2024-11-01,0.538399,0.55619043
XGBoost,test,77.72427_12.786933,2024-11-01,0.4995859,0.52758485
XGBoost,test,77.72427_12.791425,2024-11-01,0.4988699,0.53742707
XGBoost,test,77.72427_12.840832,2024-11-01,0.50492716,0.5376915
XGBoost,test,77.72427_12.867782,2024-11-01,0.45356885,0.48166242
XGBoost,test,77.72427_12.885748,2024-11-01,0.49413627,0.5173653
XGBoost,test,77.72427_13.024987,2024-11-01,0.8097614,0.80208707
XGBoost,test,77.728762_12.706085,2024-11-01,0.66192687,0.6636646
XGBoost,test,77.728762_12.724051,2024-11-01,0.6485745,0.66542566
XGBoost,test,77.728762_12.759984,2024-11-01,0.5292431,0.53954345
XGBoost,test,77.728762_12.782442,2024-11-01,0.55500865,0.5704765
XGBoost,test,77.728762_12.809391,2024-11-01,0.52249783,0.5339835
XGBoost,test,77.728762_12.858799,2024-11-01,0.5497581,0.5669457
XGBoost,test,77.728762_12.876765,2024-11-01,0.56293845,0.57760173
XGBoost,test,77.728762_12.885748,2024-11-01,0.4919955,0.5111443
XGBoost,test,77.728762_13.047445,2024-11-01,0.509112,0.5177544
XGBoost,test,77.733253_12.755492,2024-11-01,0.4672803,0.48847115
XGBoost,test,77.733253_12.795916,2024-11-01,0.4977003,0.52293843
XGBoost,test,77.733253_12.86329,2024-11-01,0.57875943,0.5904491
XGBoost,test,77.733253_12.872273,2024-11-01,0.5620788,0.5880671
XGBoost,test,77.733253_12.998037,2024-11-01,0.63220197,0.6489403
XGBoost,test,77.737745_12.764475,2024-11-01,0.4510896,0.48852435
XGBoost,test,77.737745_12.791425,2024-11-01,0.48667294,0.51667726
XGBoost,test,77.737745_12.809391,2024-11-01,0.4706669,0.5045675
XGBoost,test,77.737745_12.858799,2024-11-01,0.50340414,0.5339909
XGBoost,test,77.737745_12.872273,2024-11-01,0.5601566,0.5762625
XGBoost,test,77.737745_12.881256,2024-11-01,0.58671695,0.6063942
XGBoost,test,77.742237_12.697102,2024-11-01,0.67511755,0.6881251
XGBoost,test,77.742237_12.764475,2024-11-01,0.48260552,0.5007092
XGBoost,test,77.742237_12.795916,2024-11-01,0.47771332,0.5053073
XGBoost,test,77.742237_12.8049,2024-11-01,0.51325995,0.5320927
XGBoost,test,77.742237_12.86329,2024-11-01,0.43453482,0.4555561
XGBoost,test,77.742237_12.867782,2024-11-01,0.5770792,0.5885896
XGBoost,test,77.742237_12.89024,2024-11-01,0.57364583,0.5952981
XGBoost,test,77.742237_12.899223,2024-11-01,0.5569029,0.57616735
XGBoost,test,77.742237_12.921681,2024-11-01,0.4860578,0.50375646
XGBoost,test,77.742237_12.980071,2024-11-01,0.5332822,0.5494041
XGBoost,test,77.742237_13.002529,2024-11-01,0.5619521,0.58554524
XGBoost,test,77.742237_13.016004,2024-11-01,0.56106275,0.5642996
XGBoost,test,77.742237_13.038462,2024-11-01,0.42842633,0.42900792
XGBoost,test,77.746728_12.751001,2024-11-01,0.50724816,0.53061754
XGBoost,test,77.746728_12.764475,2024-11-01,0.5018512,0.52611905
XGBoost,test,77.746728_12.782442,2024-11-01,0.54905915,0.5818969
XGBoost,test,77.746728_12.97558,2024-11-01,0.5561316,0.5779672
XGBoost,test,77.746728_12.984563,2024-11-01,0.541909,0.55452734
XGBoost,test,77.746728_13.016004,2024-11-01,0.5897732,0.60094607
XGBoost,test,77.746728_13.020495,2024-11-01,0.62608653,0.6242514
XGBoost,test,77.746728_13.024987,2024-11-01,0.52096415,0.52483934
XGBoost,test,77.746728_13.038462,2024-11-01,0.43214333,0.4343252
XGBoost,test,77.75122_12.751001,2024-11-01,0.5005856,0.5293555
XGBoost,test,77.75122_12.755492,2024-11-01,0.5825438,0.5790056
XGBoost,test,77.75122_12.768967,2024-11-01,0.46825606,0.48323813
XGBoost,test,77.75122_12.894731,2024-11-01,0.47710848,0.505941
XGBoost,test,77.75122_12.993546,2024-11-01,0.5019732,0.49684933
XGBoost,test,77.75122_13.020495,2024-11-01,0.5438279,0.54829323
XGBoost,test,77.75122_13.03397,2024-11-01,0.47451717,0.48058558
XGBoost,test,77.75122_13.038462,2024-11-01,0.388633,0.4019258
XGBoost,test,77.755711_12.706085,2024-11-01,0.5734636,0.59345406
XGBoost,test,77.755711_12.764475,2024-11-01,0.80436516,0.82571393
XGBoost,test,77.755711_12.822866,2024-11-01,0.47538987,0.5076649
XGBoost,test,77.755711_12.831849,2024-11-01,0.44924158,0.48182148
XGBoost,test,77.755711_12.858799,2024-11-01,0.5067963,0.537416
XGBoost,test,77.755711_12.885748,2024-11-01,0.52144784,0.537273
XGBoost,test,77.755711_12.899223,2024-11-01,0.44353944,0.46471408
XGBoost,test,77.755711_12.903714,2024-11-01,0.49554867,0.5042942
XGBoost,test,77.755711_12.926172,2024-11-01,0.5219762,0.53592384
XGBoost,test,77.760203_12.751001,2024-11-01,0.51788735,0.5291769
XGBoost,test,77.760203_12.795916,2024-11-01,0.45475617,0.48185536
XGBoost,test,77.760203_12.818374,2024-11-01,0.5754231,0.60341936
XGBoost,test,77.760203_12.867782,2024-11-01,0.46800527,0.48883894
XGBoost,test,77.760203_12.872273,2024-11-01,0.49468035,0.5147134
XGBoost,test,77.760203_12.876765,2024-11-01,0.45489785,0.48396403
XGBoost,test,77.760203_12.885748,2024-11-01,0.49561244,0.5071794
XGBoost,test,77.760203_12.984563,2024-11-01,0.53933,0.545655
XGBoost,test,77.764695_12.742018,2024-11-01,0.67418927,0.70303774
XGBoost,test,77.764695_12.746509,2024-11-01,0.66820514,0.68634784
XGBoost,test,77.764695_12.813883,2024-11-01,0.5281007,0.54705036
XGBoost,test,77.764695_12.849815,2024-11-01,0.4816842,0.51585364
XGBoost,test,77.764695_12.885748,2024-11-01,0.508009,0.5318146
XGBoost,test,77.764695_12.912697,2024-11-01,0.5249883,0.5344128
XGBoost,test,77.764695_13.03397,2024-11-01,0.40790495,0.40856063
XGBoost,test,77.769186_12.751001,2024-11-01,0.71304095,0.73856235
XGBoost,test,77.769186_12.791425,2024-11-01,0.4544473,0.48703906
XGBoost,test,77.769186_12.800408,2024-11-01,0.5323019,0.53610677
XGBoost,test,77.769186_12.8049,2024-11-01,0.57921773,0.5814147
XGBoost,test,77.769186_12.809391,2024-11-01,0.48825887,0.5057231
XGBoost,test,77.769186_12.876765,2024-11-01,0.5102668,0.5328339
XGBoost,test,77.769186_12.894731,2024-11-01,0.4836322,0.51179034
XGBoost,test,77.769186_13.016004,2024-11-01,0.46386513,0.48339546
XGBoost,test,77.773678_12.746509,2024-11-01,0.6910793,0.70869887
XGBoost,test,77.773678_12.858799,2024-11-01,0.4593287,0.4888022
XGBoost,test,77.773678_12.885748,2024-11-01,0.49380854,0.52316767
XGBoost,test,77.773678_12.899223,2024-11-01,0.45196214,0.4795928
XGBoost,test,77.773678_12.908206,2024-11-01,0.5184208,0.52754164
XGBoost,test,77.778169_12.809391,2024-11-01,0.4731305,0.47768134
XGBoost,test,77.778169_12.885748,2024-11-01,0.50905216,0.52969056
XGBoost,test,77.782661_12.786933,2024-11-01,0.46529278,0.4758418
XGBoost,test,77.782661_12.791425,2024-11-01,0.51047766,0.52316785
XGBoost,test,77.782661_12.89024,2024-11-01,0.50369936,0.52876735
XGBoost,test,77.787152_12.786933,2024-11-01,0.4693288,0.48772213
XGBoost,test,77.787152_12.849815,2024-11-01,0.47203702,0.4930753
XGBoost,test,77.787152_12.867782,2024-11-01,0.44804546,0.47669047
XGBoost,test,77.791644_12.8049,2024-11-01,0.50703275,0.51340973
XGBoost,test,77.791644_12.899223,2024-11-01,0.46327183,0.48841542
XGBoost,test,77.796136_12.854307,2024-11-01,0.4455416,0.4687856
XGBoost,test,77.796136_12.885748,2024-11-01,0.52451205,0.53424364
XGBoost,test,77.800627_12.876765,2024-11-01,0.5218404,0.5344931
XGBoost,test,77.800627_12.885748,2024-11-01,0.47747114,0.49567586
XGBoost,test,77.805119_12.876765,2024-11-01,0.5351398,0.54937655
XGBoost,test,77.805119_12.89024,2024-11-01,0.4990622,0.51696384
XGBoost,test,77.80961_12.858799,2024-11-01,0.49599043,0.5153086
XGBoost,test,77.80961_12.86329,2024-11-01,0.4665721,0.49000973
XGBoost,test,77.405368_13.105835,2024-12-01,0.4026398,0.44250438
XGBoost,test,77.405368_13.11931,2024-12-01,0.3752482,0.4054257
XGBoost,test,77.414352_12.989054,2024-12-01,0.37945995,0.40078315
XGBoost,test,77.414352_12.993546,2024-12-01,0.4064357,0.43185896
XGBoost,test,77.414352_13.11931,2024-12-01,0.39678216,0.4345689
XGBoost,test,77.418843_12.993546,2024-12-01,0.41260195,0.4410236
XGBoost,test,77.432318_12.998037,2024-12-01,0.35659322,0.38819695
XGBoost,test,77.441301_13.110327,2024-12-01,0.4107613,0.45239213
XGBoost,test,77.450284_13.146259,2024-12-01,0.49269027,0.52607226
XGBoost,test,77.454776_13.141768,2024-12-01,0.48425484,0.51835674
XGBoost,test,77.459267_13.11931,2024-12-01,0.4347061,0.46081063
XGBoost,test,77.46825_13.1777,2024-12-01,0.4494153,0.4866621
XGBoost,test,77.490708_13.182192,2024-12-01,0.4344709,0.4635281
XGBoost,test,77.490708_13.209142,2024-12-01,0.39617062,0.43933296
XGBoost,test,77.4952_13.182192,2024-12-01,0.45402923,0.48767915
XGBoost,test,77.499692_13.168717,2024-12-01,0.45459688,0.490025
XGBoost,test,77.504183_13.159734,2024-12-01,0.50916463,0.53806007
XGBoost,test,77.504183_13.195667,2024-12-01,0.37697294,0.420363
XGBoost,test,77.508675_13.159734,2024-12-01,0.5283575,0.55360335
XGBoost,test,77.513166_13.1777,2024-12-01,0.41231966,0.4487119
XGBoost,test,77.517658_13.186684,2024-12-01,0.45344034,0.47647572
XGBoost,test,77.517658_13.191175,2024-12-01,0.40423584,0.4312468
XGBoost,test,77.522149_13.146259,2024-12-01,0.35698652,0.39149785
XGBoost,test,77.522149_13.200158,2024-12-01,0.45953655,0.47855058
XGBoost,test,77.531133_13.195667,2024-12-01,0.48990837,0.51434124
XGBoost,test,77.535624_13.195667,2024-12-01,0.40089622,0.4331068
XGBoost,test,77.540116_13.042953,2024-12-01,0.55843115,0.5957883
XGBoost,test,77.540116_13.114818,2024-12-01,0.42953777,0.44665277
XGBoost,test,77.544607_13.218125,2024-12-01,0.47542247,0.494606
XGBoost,test,77.55359_12.71956,2024-12-01,0.7666159,0.7770135
XGBoost,test,77.55359_13.069903,2024-12-01,0.7231412,0.7426138
XGBoost,test,77.55359_13.110327,2024-12-01,0.4865921,0.5119827
XGBoost,test,77.55359_13.168717,2024-12-01,0.48504966,0.5110792
XGBoost,test,77.55359_13.173209,2024-12-01,0.4040793,0.43569493
XGBoost,test,77.558082_13.042953,2024-12-01,0.6397694,0.672535
XGBoost,test,77.558082_13.051936,2024-12-01,0.69871193,0.73622304
XGBoost,test,77.558082_13.110327,2024-12-01,0.5010256,0.5298364
XGBoost,test,77.558082_13.1777,2024-12-01,0.4607098,0.48199853
XGBoost,test,77.562574_12.71956,2024-12-01,0.759409,0.7894851
XGBoost,test,77.567065_12.724051,2024-12-01,0.73085976,0.7657989
XGBoost,test,77.567065_13.105835,2024-12-01,0.5724958,0.60207987
XGBoost,test,77.567065_13.114818,2024-12-01,0.654456,0.6930256
XGBoost,test,77.567065_13.182192,2024-12-01,0.49285707,0.5150337
XGBoost,test,77.571557_12.71956,2024-12-01,0.75489336,0.78077835
XGBoost,test,77.576048_12.71956,2024-12-01,0.7300076,0.74267036
XGBoost,test,77.576048_12.728543,2024-12-01,0.75288796,0.77556205
XGBoost,test,77.585031_13.042953,2024-12-01,0.6969535,0.732027
XGBoost,test,77.585031_13.137276,2024-12-01,0.4771084,0.4909559
XGBoost,test,77.589523_12.71956,2024-12-01,0.8324883,0.82489383
XGBoost,test,77.589523_12.746509,2024-12-01,0.7144875,0.7470237
XGBoost,test,77.594015_12.724051,2024-12-01,0.8249349,0.8226368
XGBoost,test,77.594015_12.733034,2024-12-01,0.7919212,0.8107391
XGBoost,test,77.598506_12.665661,2024-12-01,0.7712763,0.8065863
XGBoost,test,77.598506_13.083377,2024-12-01,0.58735293,0.61061037
XGBoost,test,77.598506_13.128293,2024-12-01,0.561536,0.5894071
XGBoost,test,77.602998_12.710577,2024-12-01,0.7040614,0.7436528
XGBoost,test,77.602998_13.11931,2024-12-01,0.57150155,0.60392475
XGBoost,test,77.602998_13.128293,2024-12-01,0.5186202,0.5437231
XGBoost,test,77.602998_13.164226,2024-12-01,0.46571308,0.49297598
XGBoost,test,77.607489_12.768967,2024-12-01,0.6253954,0.6372325
XGBoost,test,77.607489_12.773459,2024-12-01,0.6030172,0.6141331
XGBoost,test,77.607489_12.791425,2024-12-01,0.54731476,0.5758894
XGBoost,test,77.607489_13.087869,2024-12-01,0.73225856,0.7659283
XGBoost,test,77.611981_12.953122,2024-12-01,0.72456336,0.76548904
XGBoost,test,77.611981_13.168717,2024-12-01,0.43446606,0.44973466
XGBoost,test,77.611981_13.182192,2024-12-01,0.37214395,0.3884114
XGBoost,test,77.616473_13.114818,2024-12-01,0.5650577,0.5925522
XGBoost,test,77.616473_13.141768,2024-12-01,0.4519274,0.47812432
XGBoost,test,77.616473_13.1777,2024-12-01,0.38450232,0.38540614
XGBoost,test,77.625456_13.065411,2024-12-01,0.39345726,0.4388685
XGBoost,test,77.625456_13.155243,2024-12-01,0.6480061,0.67226183
XGBoost,test,77.625456_13.182192,2024-12-01,0.44482052,0.46393436
XGBoost,test,77.629947_12.854307,2024-12-01,0.4854545,0.5173874
XGBoost,test,77.629947_13.06092,2024-12-01,0.4233785,0.45195234
XGBoost,test,77.629947_13.087869,2024-12-01,0.4450165,0.46540013
XGBoost,test,77.629947_13.1777,2024-12-01,0.4564476,0.4818958
XGBoost,test,77.634439_12.679136,2024-12-01,0.7710902,0.80158156
XGBoost,test,77.634439_12.701593,2024-12-01,0.7283838,0.74894845
XGBoost,test,77.634439_12.746509,2024-12-01,0.5298264,0.5455492
XGBoost,test,77.634439_12.751001,2024-12-01,0.5199097,0.539643
XGBoost,test,77.634439_13.047445,2024-12-01,0.4789836,0.509956
XGBoost,test,77.634439_13.083377,2024-12-01,0.40642616,0.44017568
XGBoost,test,77.634439_13.137276,2024-12-01,0.40605894,0.4420517
XGBoost,test,77.63893_12.688119,2024-12-01,0.6958861,0.7410806
XGBoost,test,77.63893_12.742018,2024-12-01,0.5279211,0.5622691
XGBoost,test,77.63893_12.791425,2024-12-01,0.53090477,0.56202346
XGBoost,test,77.63893_12.800408,2024-12-01,0.46969655,0.50403106
XGBoost,test,77.63893_12.840832,2024-12-01,0.62113696,0.66431504
XGBoost,test,77.63893_13.056428,2024-12-01,0.5245197,0.54390633
XGBoost,test,77.63893_13.078886,2024-12-01,0.441256,0.46209252
XGBoost,test,77.63893_13.083377,2024-12-01,0.40514404,0.43629947
XGBoost,test,77.643422_12.795916,2024-12-01,0.4818113,0.5058477
XGBoost,test,77.643422_12.800408,2024-12-01,0.48199597,0.50839895
XGBoost,test,77.643422_12.809391,2024-12-01,0.50589716,0.5260248
XGBoost,test,77.643422_13.002529,2024-12-01,0.53292155,0.55807626
XGBoost,test,77.643422_13.164226,2024-12-01,0.57243586,0.6040054
XGBoost,test,77.647914_12.688119,2024-12-01,0.71795785,0.7458852
XGBoost,test,77.647914_13.141768,2024-12-01,0.6730733,0.69737625
XGBoost,test,77.647914_13.168717,2024-12-01,0.7116246,0.73207724
XGBoost,test,77.652405_12.697102,2024-12-01,0.68416464,0.7349396
XGBoost,test,77.652405_12.773459,2024-12-01,0.47542652,0.49259904
XGBoost,test,77.652405_12.795916,2024-12-01,0.43101016,0.45728806
XGBoost,test,77.652405_12.8049,2024-12-01,0.53262854,0.5495327
XGBoost,test,77.652405_13.002529,2024-12-01,0.5263109,0.5499806
XGBoost,test,77.656897_12.742018,2024-12-01,0.5424392,0.57168025
XGBoost,test,77.656897_12.746509,2024-12-01,0.52141964,0.5335125
XGBoost,test,77.656897_12.791425,2024-12-01,0.44540316,0.47391248
XGBoost,test,77.656897_12.800408,2024-12-01,0.54154825,0.5773513
XGBoost,test,77.656897_12.831849,2024-12-01,0.56502795,0.59688973
XGBoost,test,77.656897_13.164226,2024-12-01,0.45461565,0.46872842
XGBoost,test,77.656897_13.173209,2024-12-01,0.40484142,0.43339446
XGBoost,test,77.661388_12.737526,2024-12-01,0.57405233,0.5878283
XGBoost,test,77.661388_12.759984,2024-12-01,0.55487776,0.58025885
XGBoost,test,77.661388_13.056428,2024-12-01,0.45849323,0.4814731
XGBoost,test,77.661388_13.074394,2024-12-01,0.5316389,0.5508135
XGBoost,test,77.661388_13.110327,2024-12-01,0.51896834,0.5433442
XGBoost,test,77.661388_13.11931,2024-12-01,0.5869468,0.6175667
XGBoost,test,77.66588_12.679136,2024-12-01,0.65700835,0.6915947
XGBoost,test,77.66588_12.697102,2024-12-01,0.62583095,0.6485584
XGBoost,test,77.66588_12.715068,2024-12-01,0.6383668,0.67719185
XGBoost,test,77.66588_12.724051,2024-12-01,0.61340445,0.6368341
XGBoost,test,77.66588_12.751001,2024-12-01,0.4933237,0.5251863
XGBoost,test,77.66588_12.755492,2024-12-01,0.5557365,0.58269536
XGBoost,test,77.66588_12.764475,2024-12-01,0.55207074,0.5785255
XGBoost,test,77.66588_12.768967,2024-12-01,0.6983312,0.7408182
XGBoost,test,77.66588_12.791425,2024-12-01,0.59723264,0.6201035
XGBoost,test,77.66588_13.038462,2024-12-01,0.45693132,0.48175827
XGBoost,test,77.66588_13.051936,2024-12-01,0.5020516,0.52171797
XGBoost,test,77.66588_13.173209,2024-12-01,0.39533705,0.42819178
XGBoost,test,77.670371_12.71956,2024-12-01,0.64471686,0.6822574
XGBoost,test,77.670371_12.881256,2024-12-01,0.46887827,0.5077206
XGBoost,test,77.670371_13.083377,2024-12-01,0.38862693,0.41963005
XGBoost,test,77.670371_13.128293,2024-12-01,0.50046134,0.52779543
XGBoost,test,77.674863_12.674644,2024-12-01,0.71398824,0.7437955
XGBoost,test,77.674863_12.755492,2024-12-01,0.50397915,0.5289804
XGBoost,test,77.674863_12.764475,2024-12-01,0.50412804,0.5231327
XGBoost,test,77.674863_12.786933,2024-12-01,0.5069503,0.5366958
XGBoost,test,77.674863_12.836341,2024-12-01,0.512399,0.5394415
XGBoost,test,77.674863_13.051936,2024-12-01,0.5078689,0.5274862
XGBoost,test,77.679355_12.697102,2024-12-01,0.5249433,0.5355933
XGBoost,test,77.679355_12.746509,2024-12-01,0.68391436,0.70907795
XGBoost,test,77.679355_12.89024,2024-12-01,0.50364673,0.5329068
XGBoost,test,77.679355_13.056428,2024-12-01,0.46063268,0.4861503
XGBoost,test,77.679355_13.141768,2024-12-01,0.48882902,0.5246262
XGBoost,test,77.679355_13.155243,2024-12-01,0.3975843,0.4395113
XGBoost,test,77.679355_13.159734,2024-12-01,0.42952293,0.45928216
XGBoost,test,77.683846_12.742018,2024-12-01,0.5091643,0.52758247
XGBoost,test,77.683846_12.8049,2024-12-01,0.48094708,0.5148803
XGBoost,test,77.683846_12.840832,2024-12-01,0.5872594,0.61810195
XGBoost,test,77.683846_13.06092,2024-12-01,0.4453168,0.47643995
XGBoost,test,77.683846_13.074394,2024-12-01,0.38885015,0.42617154
XGBoost,test,77.683846_13.11931,2024-12-01,0.37187874,0.39583242
XGBoost,test,77.683846_13.123802,2024-12-01,0.43565306,0.45992678
XGBoost,test,77.688338_12.656678,2024-12-01,0.7095217,0.74532694
XGBoost,test,77.688338_12.69261,2024-12-01,0.79305243,0.82085615
XGBoost,test,77.688338_12.697102,2024-12-01,0.80391014,0.8280986
XGBoost,test,77.688338_12.710577,2024-12-01,0.8018277,0.8197419
XGBoost,test,77.688338_12.876765,2024-12-01,0.78636223,0.80176383
XGBoost,test,77.688338_12.885748,2024-12-01,0.48467782,0.5248386
XGBoost,test,77.688338_12.966596,2024-12-01,0.56433207,0.58962804
XGBoost,test,77.692829_12.800408,2024-12-01,0.4506077,0.47111613
XGBoost,test,77.692829_12.845324,2024-12-01,0.6462899,0.67166924
XGBoost,test,77.692829_12.885748,2024-12-01,0.5273003,0.5756512
XGBoost,test,77.692829_12.899223,2024-12-01,0.4511799,0.48208842
XGBoost,test,77.692829_13.047445,2024-12-01,0.7478972,0.78340554
XGBoost,test,77.692829_13.06092,2024-12-01,0.57149756,0.5981924
XGBoost,test,77.692829_13.065411,2024-12-01,0.5434113,0.57312226
XGBoost,test,77.692829_13.083377,2024-12-01,0.38971037,0.42425686
XGBoost,test,77.692829_13.096852,2024-12-01,0.39411208,0.4351357
XGBoost,test,77.692829_13.132785,2024-12-01,0.39377066,0.4242416
XGBoost,test,77.692829_13.155243,2024-12-01,0.39241517,0.43010318
XGBoost,test,77.697321_12.697102,2024-12-01,0.79939747,0.8184342
XGBoost,test,77.697321_12.773459,2024-12-01,0.45328045,0.48731178
XGBoost,test,77.697321_12.791425,2024-12-01,0.5485421,0.573305
XGBoost,test,77.697321_12.885748,2024-12-01,0.5305588,0.574601
XGBoost,test,77.697321_12.894731,2024-12-01,0.47049963,0.506875
XGBoost,test,77.697321_12.930664,2024-12-01,0.48822927,0.52052575
XGBoost,test,77.697321_13.132785,2024-12-01,0.39299673,0.42859012
XGBoost,test,77.697321_13.150751,2024-12-01,0.4431745,0.46198586
XGBoost,test,77.701812_12.77795,2024-12-01,0.45845476,0.49216688
XGBoost,test,77.701812_12.8049,2024-12-01,0.555044,0.5760911
XGBoost,test,77.701812_12.822866,2024-12-01,0.5275622,0.5405141
XGBoost,test,77.701812_12.872273,2024-12-01,0.4430972,0.46441472
XGBoost,test,77.701812_12.984563,2024-12-01,0.4704044,0.4991878
XGBoost,test,77.701812_13.03397,2024-12-01,0.4202481,0.45018533
XGBoost,test,77.706304_12.984563,2024-12-01,0.4716399,0.5074644
XGBoost,test,77.706304_13.038462,2024-12-01,0.4220925,0.4507059
XGBoost,test,77.706304_13.042953,2024-12-01,0.49995294,0.51638925
XGBoost,test,77.706304_13.137276,2024-12-01,0.74955857,0.76583403
XGBoost,test,77.710796_12.715068,2024-12-01,0.6106936,0.63530195
XGBoost,test,77.710796_12.894731,2024-12-01,0.57788914,0.6003965
XGBoost,test,77.710796_12.899223,2024-12-01,0.4996465,0.5286792
XGBoost,test,77.710796_12.912697,2024-12-01,0.42174974,0.45590705
XGBoost,test,77.710796_13.03397,2024-12-01,0.43446085,0.47453806
XGBoost,test,77.710796_13.150751,2024-12-01,0.38875702,0.43107945
XGBoost,test,77.710796_13.168717,2024-12-01,0.49604326,0.5294514
XGBoost,test,77.710796_13.173209,2024-12-01,0.5011664,0.5220458
XGBoost,test,77.715287_12.822866,2024-12-01,0.5120109,0.5330972
XGBoost,test,77.715287_12.827358,2024-12-01,0.45934135,0.47503182
XGBoost,test,77.715287_12.845324,2024-12-01,0.40104827,0.43037567
XGBoost,test,77.715287_12.885748,2024-12-01,0.5555119,0.571507
XGBoost,test,77.715287_12.899223,2024-12-01,0.40308133,0.43711922
XGBoost,test,77.715287_12.939647,2024-12-01,0.6971083,0.7367993
XGBoost,test,77.715287_12.944139,2024-12-01,0.73384094,0.7609081
XGBoost,test,77.715287_12.94863,2024-12-01,0.58828825,0.6146519
XGBoost,test,77.715287_13.016004,2024-12-01,0.5201429,0.5345801
XGBoost,test,77.715287_13.029478,2024-12-01,0.37317288,0.39733702
XGBoost,test,77.715287_13.038462,2024-12-01,0.5050709,0.5234974
XGBoost,test,77.715287_13.051936,2024-12-01,0.503745,0.52394027
XGBoost,test,77.715287_13.056428,2024-12-01,0.41188562,0.44185317
XGBoost,test,77.719779_12.706085,2024-12-01,0.62212837,0.67142886
XGBoost,test,77.719779_12.795916,2024-12-01,0.48220086,0.5052816
XGBoost,test,77.719779_12.840832,2024-12-01,0.5171673,0.5378832
XGBoost,test,77.719779_12.903714,2024-12-01,0.42949793,0.44585812
XGBoost,test,77.719779_13.123802,2024-12-01,0.41664818,0.44275033
XGBoost,test,77.719779_13.155243,2024-12-01,0.41186738,0.44264293
XGBoost,test,77.72427_12.674644,2024-12-01,0.5345452,0.5677265
XGBoost,test,77.72427_12.697102,2024-12-01,0.4859202,0.51094997
XGBoost,test,77.72427_12.701593,2024-12-01,0.5174008,0.55213946
XGBoost,test,77.72427_12.786933,2024-12-01,0.48296168,0.5098237
XGBoost,test,77.72427_12.791425,2024-12-01,0.48907,0.51320595
XGBoost,test,77.72427_12.840832,2024-12-01,0.49325815,0.5235045
XGBoost,test,77.72427_12.867782,2024-12-01,0.43761972,0.46005186
XGBoost,test,77.72427_12.885748,2024-12-01,0.4789389,0.5064408
XGBoost,test,77.72427_13.024987,2024-12-01,0.786102,0.8040552
XGBoost,test,77.728762_12.706085,2024-12-01,0.6195572,0.6570283
XGBoost,test,77.728762_12.724051,2024-12-01,0.6275738,0.67792964
XGBoost,test,77.728762_12.858799,2024-12-01,0.5388683,0.56429064
XGBoost,test,77.728762_12.876765,2024-12-01,0.5431706,0.5709722
XGBoost,test,77.728762_12.885748,2024-12-01,0.47059944,0.49296036
XGBoost,test,77.728762_13.047445,2024-12-01,0.4775358,0.49830514
XGBoost,test,77.733253_12.795916,2024-12-01,0.48156238,0.5044383
XGBoost,test,77.733253_12.86329,2024-12-01,0.5632363,0.5832958
XGBoost,test,77.733253_12.872273,2024-12-01,0.5489259,0.5704347
XGBoost,test,77.733253_12.998037,2024-12-01,0.6078799,0.63853246
XGBoost,test,77.737745_12.791425,2024-12-01,0.47337654,0.50435275
XGBoost,test,77.737745_12.858799,2024-12-01,0.4934156,0.50889283
XGBoost,test,77.737745_12.872273,2024-12-01,0.53622746,0.56564015
XGBoost,test,77.737745_12.881256,2024-12-01,0.5726353,0.5948746
XGBoost,test,77.742237_12.697102,2024-12-01,0.6542768,0.68905234
XGBoost,test,77.742237_12.795916,2024-12-01,0.46600527,0.47878295
XGBoost,test,77.742237_12.8049,2024-12-01,0.49138895,0.50897074
XGBoost,test,77.742237_12.86329,2024-12-01,0.41660443,0.44233587
XGBoost,test,77.742237_12.867782,2024-12-01,0.5533854,0.57753724
XGBoost,test,77.742237_12.89024,2024-12-01,0.55547446,0.58005124
XGBoost,test,77.742237_12.899223,2024-12-01,0.53707933,0.5793973
XGBoost,test,77.742237_12.921681,2024-12-01,0.4628441,0.4826021
XGBoost,test,77.742237_12.980071,2024-12-01,0.50988436,0.53456396
XGBoost,test,77.742237_13.038462,2024-12-01,0.3923183,0.4221321
XGBoost,test,77.746728_12.97558,2024-12-01,0.5318301,0.5627479
XGBoost,test,77.746728_12.984563,2024-12-01,0.5197995,0.5410932
XGBoost,test,77.746728_13.020495,2024-12-01,0.60841286,0.6187702
XGBoost,test,77.746728_13.024987,2024-12-01,0.4888189,0.5074715
XGBoost,test,77.746728_13.038462,2024-12-01,0.4029163,0.4305399
XGBoost,test,77.75122_12.768967,2024-12-01,0.4479067,0.4687135
XGBoost,test,77.75122_12.894731,2024-12-01,0.45372078,0.48232135
XGBoost,test,77.75122_12.993546,2024-12-01,0.46170422,0.4678337
XGBoost,test,77.75122_13.020495,2024-12-01,0.5215776,0.53191495
XGBoost,test,77.75122_13.03397,2024-12-01,0.440858,0.45930907
XGBoost,test,77.75122_13.038462,2024-12-01,0.36383367,0.38817102
XGBoost,test,77.755711_12.706085,2024-12-01,0.5568955,0.5784394
XGBoost,test,77.755711_12.764475,2024-12-01,0.79671705,0.81085527
XGBoost,test,77.755711_12.831849,2024-12-01,0.44248152,0.45617303
XGBoost,test,77.755711_12.858799,2024-12-01,0.4961882,0.5245037
XGBoost,test,77.755711_12.903714,2024-12-01,0.45727032,0.47851288
XGBoost,test,77.755711_12.926172,2024-12-01,0.5010651,0.5218594
XGBoost,test,77.760203_12.795916,2024-12-01,0.44053593,0.45654953
XGBoost,test,77.760203_12.818374,2024-12-01,0.57035065,0.5932682
XGBoost,test,77.760203_12.867782,2024-12-01,0.4466998,0.46246514
XGBoost,test,77.760203_12.872273,2024-12-01,0.474569,0.47807616
XGBoost,test,77.760203_12.876765,2024-12-01,0.43785274,0.46051553
XGBoost,test,77.760203_12.885748,2024-12-01,0.46615574,0.48278522
XGBoost,test,77.760203_12.984563,2024-12-01,0.5086384,0.5329314
XGBoost,test,77.764695_12.813883,2024-12-01,0.5053552,0.53541327
XGBoost,test,77.764695_12.849815,2024-12-01,0.46830553,0.49951774
XGBoost,test,77.764695_12.885748,2024-12-01,0.4803156,0.50849104
XGBoost,test,77.764695_12.912697,2024-12-01,0.49201393,0.5184744
XGBoost,test,77.764695_13.03397,2024-12-01,0.3702746,0.38509202
XGBoost,test,77.769186_12.876765,2024-12-01,0.4962616,0.5204677
XGBoost,test,77.769186_12.894731,2024-12-01,0.4603388,0.48400205
XGBoost,test,77.769186_13.016004,2024-12-01,0.43672097,0.4631929
XGBoost,test,77.773678_12.858799,2024-12-01,0.44220927,0.4610213
XGBoost,test,77.773678_12.885748,2024-12-01,0.47128466,0.5038633
XGBoost,test,77.773678_12.899223,2024-12-01,0.424029,0.4560364
XGBoost,test,77.773678_12.908206,2024-12-01,0.49185154,0.5070343
XGBoost,test,77.778169_12.809391,2024-12-01,0.43412098,0.46076217
XGBoost,test,77.778169_12.885748,2024-12-01,0.4875875,0.5130473
XGBoost,test,77.782661_12.89024,2024-12-01,0.48541707,0.5069354
XGBoost,test,77.787152_12.849815,2024-12-01,0.45660907,0.46521765
XGBoost,test,77.791644_12.8049,2024-12-01,0.4842443,0.4979214
XGBoost,test,77.791644_12.899223,2024-12-01,0.4351496,0.4600768
XGBoost,test,77.796136_12.854307,2024-12-01,0.42709592,0.45266092
XGBoost,test,77.796136_12.885748,2024-12-01,0.4953479,0.51270175
XGBoost,test,77.800627_12.876765,2024-12-01,0.5075808,0.5147733
XGBoost,test,77.800627_12.885748,2024-12-01,0.46163157,0.46902657
XGBoost,test,77.805119_12.876765,2024-12-01,0.5168317,0.5280231
XGBoost,test,77.805119_12.89024,2024-12-01,0.48223662,0.4960836
BiLSTM+Attention,val,77.369436_12.998037,2023-04-01,0.3971626,0.40956357
BiLSTM+Attention,val,77.46825_13.150751,2023-04-01,0.3809729,0.3975363
BiLSTM+Attention,val,77.625456_13.182192,2023-04-01,0.46751574,0.43841854
BiLSTM+Attention,val,77.647914_13.141768,2023-04-01,0.66141087,0.6831705
BiLSTM+Attention,val,77.674863_13.105835,2023-04-01,0.47174457,0.48512438
BiLSTM+Attention,val,77.679355_13.101344,2023-04-01,0.44058007,0.45883158
BiLSTM+Attention,val,77.683846_13.11931,2023-04-01,0.36169684,0.3756183
BiLSTM+Attention,val,77.683846_13.123802,2023-04-01,0.42820096,0.43096662
BiLSTM+Attention,val,77.742237_13.101344,2023-04-01,0.39876026,0.4095165
BiLSTM+Attention,val,77.342486_12.944139,2023-05-01,0.7159839,0.7274588
BiLSTM+Attention,val,77.355961_12.94863,2023-05-01,0.45845488,0.4689255
BiLSTM+Attention,val,77.355961_12.962105,2023-05-01,0.761305,0.7664303
BiLSTM+Attention,val,77.364944_12.962105,2023-05-01,0.44124246,0.45435873
BiLSTM+Attention,val,77.369436_12.998037,2023-05-01,0.42011303,0.4229353
BiLSTM+Attention,val,77.391894_12.881256,2023-05-01,0.46400428,0.48987126
BiLSTM+Attention,val,77.396385_12.971088,2023-05-01,0.4251031,0.42748824
BiLSTM+Attention,val,77.418843_12.971088,2023-05-01,0.40402868,0.40910855
BiLSTM+Attention,val,77.427826_13.020495,2023-05-01,0.38036987,0.39470613
BiLSTM+Attention,val,77.427826_13.024987,2023-05-01,0.40505233,0.40779862
BiLSTM+Attention,val,77.427826_13.132785,2023-05-01,0.50209945,0.51249987
BiLSTM+Attention,val,77.441301_13.110327,2023-05-01,0.4225325,0.4245331
BiLSTM+Attention,val,77.450284_12.809391,2023-05-01,0.47695595,0.48622862
BiLSTM+Attention,val,77.450284_13.029478,2023-05-01,0.4402246,0.44362232
BiLSTM+Attention,val,77.450284_13.047445,2023-05-01,0.4174669,0.42861283
BiLSTM+Attention,val,77.450284_13.146259,2023-05-01,0.50019526,0.51483846
BiLSTM+Attention,val,77.454776_12.809391,2023-05-01,0.4627172,0.46899977
BiLSTM+Attention,val,77.454776_13.114818,2023-05-01,0.49662971,0.50306463
BiLSTM+Attention,val,77.454776_13.141768,2023-05-01,0.49516675,0.51239604
BiLSTM+Attention,val,77.459267_12.8049,2023-05-01,0.6119159,0.622126
BiLSTM+Attention,val,77.459267_12.822866,2023-05-01,0.4977599,0.5063774
BiLSTM+Attention,val,77.459267_13.020495,2023-05-01,0.36298335,0.37889266
BiLSTM+Attention,val,77.459267_13.11931,2023-05-01,0.45035297,0.45232344
BiLSTM+Attention,val,77.463759_12.813883,2023-05-01,0.47438273,0.47903788
BiLSTM+Attention,val,77.463759_12.836341,2023-05-01,0.50730884,0.5165904
BiLSTM+Attention,val,77.463759_12.885748,2023-05-01,0.5858338,0.5999743
BiLSTM+Attention,val,77.46825_12.827358,2023-05-01,0.41276512,0.42883
BiLSTM+Attention,val,77.46825_12.836341,2023-05-01,0.5241751,0.52680427
BiLSTM+Attention,val,77.46825_13.007021,2023-05-01,0.36633018,0.38830116
BiLSTM+Attention,val,77.46825_13.114818,2023-05-01,0.4944011,0.49251348
BiLSTM+Attention,val,77.46825_13.150751,2023-05-01,0.38289434,0.4081438
BiLSTM+Attention,val,77.46825_13.1777,2023-05-01,0.4468613,0.46873662
BiLSTM+Attention,val,77.472742_12.795916,2023-05-01,0.5145657,0.5198024
BiLSTM+Attention,val,77.472742_12.836341,2023-05-01,0.50116414,0.5068247
BiLSTM+Attention,val,77.477234_12.840832,2023-05-01,0.5212688,0.5348588
BiLSTM+Attention,val,77.477234_13.002529,2023-05-01,0.37271535,0.39053085
BiLSTM+Attention,val,77.481725_12.831849,2023-05-01,0.46236646,0.47310093
BiLSTM+Attention,val,77.481725_13.096852,2023-05-01,0.56627023,0.58782554
BiLSTM+Attention,val,77.486217_12.764475,2023-05-01,0.50744283,0.5314975
BiLSTM+Attention,val,77.486217_12.872273,2023-05-01,0.47932824,0.50712264
BiLSTM+Attention,val,77.490708_12.768967,2023-05-01,0.51332176,0.5286166
BiLSTM+Attention,val,77.490708_13.051936,2023-05-01,0.59230554,0.6153264
BiLSTM+Attention,val,77.4952_12.836341,2023-05-01,0.4882719,0.4991305
BiLSTM+Attention,val,77.499692_12.755492,2023-05-01,0.6139164,0.6266814
BiLSTM+Attention,val,77.499692_12.899223,2023-05-01,0.5239312,0.53352827
BiLSTM+Attention,val,77.504183_12.818374,2023-05-01,0.53386617,0.5467766
BiLSTM+Attention,val,77.504183_12.854307,2023-05-01,0.525164,0.5248348
BiLSTM+Attention,val,77.504183_12.858799,2023-05-01,0.62887585,0.63494176
BiLSTM+Attention,val,77.504183_13.083377,2023-05-01,0.5795461,0.60272217
BiLSTM+Attention,val,77.504183_13.141768,2023-05-01,0.49220297,0.49282724
BiLSTM+Attention,val,77.504183_13.159734,2023-05-01,0.5158254,0.5333674
BiLSTM+Attention,val,77.508675_12.795916,2023-05-01,0.57185036,0.58774686
BiLSTM+Attention,val,77.508675_12.831849,2023-05-01,0.5477539,0.54896986
BiLSTM+Attention,val,77.508675_12.836341,2023-05-01,0.5883211,0.5945488
BiLSTM+Attention,val,77.508675_12.845324,2023-05-01,0.55023086,0.56689084
BiLSTM+Attention,val,77.508675_13.137276,2023-05-01,0.43742603,0.4472938
BiLSTM+Attention,val,77.508675_13.159734,2023-05-01,0.5320317,0.5461073
BiLSTM+Attention,val,77.513166_13.087869,2023-05-01,0.58041203,0.5963859
BiLSTM+Attention,val,77.513166_13.137276,2023-05-01,0.39141893,0.40602446
BiLSTM+Attention,val,77.517658_12.827358,2023-05-01,0.5450337,0.56479293
BiLSTM+Attention,val,77.522149_13.056428,2023-05-01,0.6427091,0.6611462
BiLSTM+Attention,val,77.522149_13.078886,2023-05-01,0.59811515,0.6292673
BiLSTM+Attention,val,77.522149_13.146259,2023-05-01,0.35278553,0.3822387
BiLSTM+Attention,val,77.526641_13.078886,2023-05-01,0.5946184,0.6243075
BiLSTM+Attention,val,77.531133_12.822866,2023-05-01,0.5357808,0.5388702
BiLSTM+Attention,val,77.531133_13.083377,2023-05-01,0.56445587,0.5900069
BiLSTM+Attention,val,77.535624_13.083377,2023-05-01,0.5451283,0.57411414
BiLSTM+Attention,val,77.540116_13.101344,2023-05-01,0.41338006,0.4193581
BiLSTM+Attention,val,77.540116_13.105835,2023-05-01,0.43367368,0.44890073
BiLSTM+Attention,val,77.549099_12.894731,2023-05-01,0.6296225,0.64537376
BiLSTM+Attention,val,77.55359_13.110327,2023-05-01,0.48129687,0.5012885
BiLSTM+Attention,val,77.558082_13.042953,2023-05-01,0.64659655,0.66934425
BiLSTM+Attention,val,77.558082_13.051936,2023-05-01,0.70168453,0.716308
BiLSTM+Attention,val,77.558082_13.110327,2023-05-01,0.49976915,0.5197828
BiLSTM+Attention,val,77.558082_13.168717,2023-05-01,0.4889789,0.5067818
BiLSTM+Attention,val,77.562574_12.876765,2023-05-01,0.6227764,0.6318149
BiLSTM+Attention,val,77.562574_13.159734,2023-05-01,0.48913053,0.5017418
BiLSTM+Attention,val,77.562574_13.173209,2023-05-01,0.48160002,0.49427095
BiLSTM+Attention,val,77.567065_13.182192,2023-05-01,0.4843696,0.51042074
BiLSTM+Attention,val,77.576048_12.742018,2023-05-01,0.74481016,0.7314547
BiLSTM+Attention,val,77.58054_12.800408,2023-05-01,0.72484994,0.72617763
BiLSTM+Attention,val,77.585031_13.137276,2023-05-01,0.47065216,0.4750481
BiLSTM+Attention,val,77.589523_13.083377,2023-05-01,0.59755325,0.6111904
BiLSTM+Attention,val,77.594015_13.087869,2023-05-01,0.609048,0.6356871
BiLSTM+Attention,val,77.598506_13.128293,2023-05-01,0.5631393,0.5781801
BiLSTM+Attention,val,77.602998_13.114818,2023-05-01,0.5749218,0.59471273
BiLSTM+Attention,val,77.602998_13.11931,2023-05-01,0.5783299,0.5908088
BiLSTM+Attention,val,77.602998_13.128293,2023-05-01,0.52038366,0.5355769
BiLSTM+Attention,val,77.611981_13.168717,2023-05-01,0.41865402,0.4344392
BiLSTM+Attention,val,77.611981_13.182192,2023-05-01,0.3600799,0.3932648
BiLSTM+Attention,val,77.616473_13.141768,2023-05-01,0.44885522,0.4700412
BiLSTM+Attention,val,77.616473_13.1777,2023-05-01,0.3810814,0.39850906
BiLSTM+Attention,val,77.620964_13.132785,2023-05-01,0.5392911,0.5523675
BiLSTM+Attention,val,77.625456_13.065411,2023-05-01,0.40267044,0.4129178
BiLSTM+Attention,val,77.625456_13.128293,2023-05-01,0.5443456,0.55283
BiLSTM+Attention,val,77.625456_13.137276,2023-05-01,0.44441155,0.44259214
BiLSTM+Attention,val,77.625456_13.155243,2023-05-01,0.64819235,0.6567407
BiLSTM+Attention,val,77.625456_13.182192,2023-05-01,0.45632118,0.44891277
BiLSTM+Attention,val,77.629947_13.06092,2023-05-01,0.43219814,0.4404243
BiLSTM+Attention,val,77.634439_13.083377,2023-05-01,0.40634486,0.41857508
BiLSTM+Attention,val,77.634439_13.137276,2023-05-01,0.4161318,0.42305902
BiLSTM+Attention,val,77.63893_13.083377,2023-05-01,0.40373814,0.41606218
BiLSTM+Attention,val,77.63893_13.1777,2023-05-01,0.44259757,0.45690903
BiLSTM+Attention,val,77.643422_13.164226,2023-05-01,0.57754374,0.59035814
BiLSTM+Attention,val,77.647914_13.141768,2023-05-01,0.6752958,0.6945979
BiLSTM+Attention,val,77.647914_13.168717,2023-05-01,0.71799314,0.7278963
BiLSTM+Attention,val,77.656897_13.101344,2023-05-01,0.4709989,0.48621455
BiLSTM+Attention,val,77.656897_13.164226,2023-05-01,0.45705673,0.46090966
BiLSTM+Attention,val,77.656897_13.173209,2023-05-01,0.41969433,0.41626063
BiLSTM+Attention,val,77.661388_13.056428,2023-05-01,0.4589902,0.4734846
BiLSTM+Attention,val,77.661388_13.074394,2023-05-01,0.5444619,0.54214287
BiLSTM+Attention,val,77.661388_13.087869,2023-05-01,0.43766296,0.44454518
BiLSTM+Attention,val,77.661388_13.101344,2023-05-01,0.44479647,0.46735463
BiLSTM+Attention,val,77.661388_13.11931,2023-05-01,0.58583474,0.60288906
BiLSTM+Attention,val,77.66588_12.953122,2023-05-01,0.5540552,0.57743347
BiLSTM+Attention,val,77.66588_13.051936,2023-05-01,0.5121692,0.5090311
BiLSTM+Attention,val,77.66588_13.173209,2023-05-01,0.4056374,0.4138635
BiLSTM+Attention,val,77.670371_13.069903,2023-05-01,0.42775816,0.42984077
BiLSTM+Attention,val,77.670371_13.083377,2023-05-01,0.3932693,0.39946437
BiLSTM+Attention,val,77.670371_13.092361,2023-05-01,0.39302808,0.4028091
BiLSTM+Attention,val,77.670371_13.128293,2023-05-01,0.5068461,0.506223
BiLSTM+Attention,val,77.674863_13.069903,2023-05-01,0.39059052,0.4002351
BiLSTM+Attention,val,77.674863_13.092361,2023-05-01,0.43973094,0.44454706
BiLSTM+Attention,val,77.674863_13.105835,2023-05-01,0.4840735,0.500639
BiLSTM+Attention,val,77.679355_13.074394,2023-05-01,0.4347831,0.44893488
BiLSTM+Attention,val,77.679355_13.101344,2023-05-01,0.45950627,0.47078404
BiLSTM+Attention,val,77.679355_13.159734,2023-05-01,0.44284788,0.44724774
BiLSTM+Attention,val,77.683846_13.06092,2023-05-01,0.46034068,0.4608623
BiLSTM+Attention,val,77.683846_13.11931,2023-05-01,0.37791544,0.38866445
BiLSTM+Attention,val,77.683846_13.123802,2023-05-01,0.44046417,0.44421554
BiLSTM+Attention,val,77.688338_12.966596,2023-05-01,0.5676483,0.59432036
BiLSTM+Attention,val,77.692829_13.06092,2023-05-01,0.5833556,0.5873989
BiLSTM+Attention,val,77.692829_13.065411,2023-05-01,0.55912066,0.55693996
BiLSTM+Attention,val,77.692829_13.083377,2023-05-01,0.40389195,0.40728852
BiLSTM+Attention,val,77.692829_13.096852,2023-05-01,0.39892045,0.41022676
BiLSTM+Attention,val,77.692829_13.132785,2023-05-01,0.3953169,0.4099975
BiLSTM+Attention,val,77.697321_12.894731,2023-05-01,0.48876688,0.48857945
BiLSTM+Attention,val,77.697321_13.132785,2023-05-01,0.40437543,0.41015947
BiLSTM+Attention,val,77.701812_12.984563,2023-05-01,0.4701505,0.48800316
BiLSTM+Attention,val,77.701812_13.114818,2023-05-01,0.49909014,0.49925032
BiLSTM+Attention,val,77.706304_13.042953,2023-05-01,0.5063941,0.5174593
BiLSTM+Attention,val,77.710796_12.899223,2023-05-01,0.5096758,0.51104033
BiLSTM+Attention,val,77.710796_12.912697,2023-05-01,0.43756533,0.4448931
BiLSTM+Attention,val,77.710796_13.11931,2023-05-01,0.4356506,0.44149444
BiLSTM+Attention,val,77.710796_13.123802,2023-05-01,0.41065314,0.40957135
BiLSTM+Attention,val,77.710796_13.132785,2023-05-01,0.46936166,0.47032765
BiLSTM+Attention,val,77.710796_13.173209,2023-05-01,0.50117576,0.5077262
BiLSTM+Attention,val,77.715287_13.029478,2023-05-01,0.376659,0.39142704
BiLSTM+Attention,val,77.715287_13.051936,2023-05-01,0.50668967,0.5068739
BiLSTM+Attention,val,77.715287_13.056428,2023-05-01,0.41791874,0.4228866
BiLSTM+Attention,val,77.715287_13.096852,2023-05-01,0.34807274,0.36025348
BiLSTM+Attention,val,77.715287_13.128293,2023-05-01,0.47344014,0.46904406
BiLSTM+Attention,val,77.719779_13.069903,2023-05-01,0.40543875,0.41726813
BiLSTM+Attention,val,77.719779_13.123802,2023-05-01,0.4192274,0.4276291
BiLSTM+Attention,val,77.719779_13.155243,2023-05-01,0.41595683,0.42694744
BiLSTM+Attention,val,77.72427_13.06092,2023-05-01,0.41894257,0.4278325
BiLSTM+Attention,val,77.72427_13.074394,2023-05-01,0.4414245,0.4538889
BiLSTM+Attention,val,77.728762_13.047445,2023-05-01,0.48953477,0.49167785
BiLSTM+Attention,val,77.728762_13.092361,2023-05-01,0.46657142,0.46178943
BiLSTM+Attention,val,77.733253_13.056428,2023-05-01,0.37384918,0.3987544
BiLSTM+Attention,val,77.737745_13.051936,2023-05-01,0.3936152,0.4013829
BiLSTM+Attention,val,77.737745_13.06092,2023-05-01,0.42513138,0.43659583
BiLSTM+Attention,val,77.737745_13.078886,2023-05-01,0.4511591,0.45790866
BiLSTM+Attention,val,77.737745_13.101344,2023-05-01,0.3821947,0.3955277
BiLSTM+Attention,val,77.742237_12.980071,2023-05-01,0.5162769,0.5236998
BiLSTM+Attention,val,77.742237_13.016004,2023-05-01,0.53832126,0.5557811
BiLSTM+Attention,val,77.742237_13.038462,2023-05-01,0.40716362,0.40794823
BiLSTM+Attention,val,77.742237_13.074394,2023-05-01,0.37914953,0.38318565
BiLSTM+Attention,val,77.742237_13.101344,2023-05-01,0.4177207,0.42519495
BiLSTM+Attention,val,77.746728_12.97558,2023-05-01,0.54453474,0.5478462
BiLSTM+Attention,val,77.746728_12.984563,2023-05-01,0.52251995,0.5370907
BiLSTM+Attention,val,77.746728_13.016004,2023-05-01,0.5753844,0.57473576
BiLSTM+Attention,val,77.746728_13.020495,2023-05-01,0.6133055,0.61394495
BiLSTM+Attention,val,77.746728_13.024987,2023-05-01,0.48872563,0.5046879
BiLSTM+Attention,val,77.746728_13.038462,2023-05-01,0.4071959,0.4218727
BiLSTM+Attention,val,77.746728_13.06092,2023-05-01,0.34963003,0.3746043
BiLSTM+Attention,val,77.75122_12.993546,2023-05-01,0.46362332,0.4626318
BiLSTM+Attention,val,77.75122_13.020495,2023-05-01,0.5181334,0.5222587
BiLSTM+Attention,val,77.75122_13.03397,2023-05-01,0.4413725,0.4550989
BiLSTM+Attention,val,77.75122_13.038462,2023-05-01,0.3672494,0.38255355
BiLSTM+Attention,val,77.755711_12.926172,2023-05-01,0.49849468,0.5217875
BiLSTM+Attention,val,77.760203_12.984563,2023-05-01,0.5228403,0.5258747
BiLSTM+Attention,val,77.764695_13.03397,2023-05-01,0.36053503,0.38418522
BiLSTM+Attention,val,77.769186_13.016004,2023-05-01,0.43933204,0.4603283
BiLSTM+Attention,val,77.796136_12.885748,2023-05-01,0.49587694,0.5039761
BiLSTM+Attention,val,77.800627_12.885748,2023-05-01,0.46004623,0.46982294
BiLSTM+Attention,val,77.805119_12.89024,2023-05-01,0.47854975,0.4864434
BiLSTM+Attention,val,77.329012_12.944139,2023-06-01,0.4613028,0.5005405
BiLSTM+Attention,val,77.329012_12.962105,2023-06-01,0.738279,0.74311596
BiLSTM+Attention,val,77.342486_12.944139,2023-06-01,0.7042097,0.7288026
BiLSTM+Attention,val,77.351469_12.89024,2023-06-01,0.5544722,0.58927083
BiLSTM+Attention,val,77.355961_12.899223,2023-06-01,0.54823494,0.5786513
BiLSTM+Attention,val,77.355961_12.94863,2023-06-01,0.45177704,0.48210517
BiLSTM+Attention,val,77.360453_12.867782,2023-06-01,0.40100467,0.43870097
BiLSTM+Attention,val,77.364944_12.854307,2023-06-01,0.4232019,0.46516046
BiLSTM+Attention,val,77.364944_12.962105,2023-06-01,0.4310857,0.47494614
BiLSTM+Attention,val,77.369436_12.881256,2023-06-01,0.43613824,0.47509232
BiLSTM+Attention,val,77.369436_12.89024,2023-06-01,0.42128813,0.45133343
BiLSTM+Attention,val,77.369436_12.998037,2023-06-01,0.39838642,0.44719073
BiLSTM+Attention,val,77.369436_13.007021,2023-06-01,0.4764219,0.5112922
BiLSTM+Attention,val,77.373927_12.971088,2023-06-01,0.44049373,0.48304653
BiLSTM+Attention,val,77.378419_12.966596,2023-06-01,0.4297254,0.4687396
BiLSTM+Attention,val,77.382911_12.953122,2023-06-01,0.42693338,0.47138283
BiLSTM+Attention,val,77.382911_12.957613,2023-06-01,0.4272373,0.4733257
BiLSTM+Attention,val,77.387402_12.962105,2023-06-01,0.4028376,0.44967213
BiLSTM+Attention,val,77.387402_12.97558,2023-06-01,0.46853155,0.51005346
BiLSTM+Attention,val,77.387402_12.980071,2023-06-01,0.45869198,0.5008407
BiLSTM+Attention,val,77.391894_12.867782,2023-06-01,0.493474,0.5343062
BiLSTM+Attention,val,77.391894_12.881256,2023-06-01,0.45234063,0.49564856
BiLSTM+Attention,val,77.391894_12.885748,2023-06-01,0.49745402,0.53116345
BiLSTM+Attention,val,77.396385_12.894731,2023-06-01,0.4835348,0.5240789
BiLSTM+Attention,val,77.396385_12.908206,2023-06-01,0.4047294,0.45480463
BiLSTM+Attention,val,77.396385_12.971088,2023-06-01,0.41337305,0.45389694
BiLSTM+Attention,val,77.396385_13.029478,2023-06-01,0.36445606,0.41183102
BiLSTM+Attention,val,77.400877_13.029478,2023-06-01,0.34811884,0.38951847
BiLSTM+Attention,val,77.405368_12.881256,2023-06-01,0.38438803,0.43594804
BiLSTM+Attention,val,77.405368_12.89024,2023-06-01,0.38540456,0.44061527
BiLSTM+Attention,val,77.405368_12.903714,2023-06-01,0.3603602,0.41294602
BiLSTM+Attention,val,77.405368_12.930664,2023-06-01,0.531828,0.55108285
BiLSTM+Attention,val,77.405368_13.105835,2023-06-01,0.39575243,0.42663202
BiLSTM+Attention,val,77.405368_13.11931,2023-06-01,0.3736601,0.39689702
BiLSTM+Attention,val,77.40986_12.872273,2023-06-01,0.36278376,0.41310936
BiLSTM+Attention,val,77.40986_12.881256,2023-06-01,0.32903567,0.38832247
BiLSTM+Attention,val,77.414352_12.930664,2023-06-01,0.46582407,0.4916378
BiLSTM+Attention,val,77.414352_12.989054,2023-06-01,0.37258685,0.4144347
BiLSTM+Attention,val,77.414352_13.096852,2023-06-01,0.3702909,0.40472674
BiLSTM+Attention,val,77.414352_13.11931,2023-06-01,0.39937413,0.4217132
BiLSTM+Attention,val,77.418843_12.876765,2023-06-01,0.36221248,0.41330427
BiLSTM+Attention,val,77.418843_12.89024,2023-06-01,0.40709156,0.44925404
BiLSTM+Attention,val,77.418843_12.94863,2023-06-01,0.4382639,0.4742734
BiLSTM+Attention,val,77.418843_12.971088,2023-06-01,0.39737704,0.43344137
BiLSTM+Attention,val,77.418843_13.016004,2023-06-01,0.37815052,0.42564097
BiLSTM+Attention,val,77.418843_13.146259,2023-06-01,0.34732574,0.37224245
BiLSTM+Attention,val,77.423335_12.921681,2023-06-01,0.43939057,0.47012845
BiLSTM+Attention,val,77.423335_12.930664,2023-06-01,0.43111643,0.4691387
BiLSTM+Attention,val,77.423335_13.002529,2023-06-01,0.4934999,0.5285344
BiLSTM+Attention,val,77.423335_13.092361,2023-06-01,0.31478736,0.3573533
BiLSTM+Attention,val,77.423335_13.141768,2023-06-01,0.43086836,0.44232908
BiLSTM+Attention,val,77.423335_13.150751,2023-06-01,0.32127798,0.36507714
BiLSTM+Attention,val,77.427826_12.845324,2023-06-01,0.31918946,0.3866022
BiLSTM+Attention,val,77.427826_12.858799,2023-06-01,0.35772467,0.40692678
BiLSTM+Attention,val,77.427826_12.930664,2023-06-01,0.44788635,0.48112223
BiLSTM+Attention,val,77.427826_12.939647,2023-06-01,0.38945556,0.4251469
BiLSTM+Attention,val,77.427826_12.944139,2023-06-01,0.37223434,0.42169893
BiLSTM+Attention,val,77.427826_13.020495,2023-06-01,0.36477318,0.413951
BiLSTM+Attention,val,77.427826_13.024987,2023-06-01,0.39521396,0.43141854
BiLSTM+Attention,val,77.427826_13.110327,2023-06-01,0.40830737,0.43054375
BiLSTM+Attention,val,77.427826_13.132785,2023-06-01,0.49938804,0.5176111
BiLSTM+Attention,val,77.432318_12.858799,2023-06-01,0.3793297,0.42661715
BiLSTM+Attention,val,77.432318_12.86329,2023-06-01,0.3791716,0.42622408
BiLSTM+Attention,val,77.432318_12.867782,2023-06-01,0.37792253,0.43437204
BiLSTM+Attention,val,77.432318_12.881256,2023-06-01,0.42589015,0.4652842
BiLSTM+Attention,val,77.432318_12.957613,2023-06-01,0.40827096,0.44847825
BiLSTM+Attention,val,77.432318_12.998037,2023-06-01,0.36405435,0.40715072
BiLSTM+Attention,val,77.432318_13.087869,2023-06-01,0.4462968,0.46734244
BiLSTM+Attention,val,77.432318_13.092361,2023-06-01,0.382934,0.413403
BiLSTM+Attention,val,77.436809_12.818374,2023-06-01,0.50581443,0.550643
BiLSTM+Attention,val,77.436809_12.840832,2023-06-01,0.46208504,0.4976684
BiLSTM+Attention,val,77.436809_12.854307,2023-06-01,0.36708584,0.42742667
BiLSTM+Attention,val,77.436809_12.912697,2023-06-01,0.5327046,0.5753737
BiLSTM+Attention,val,77.436809_12.926172,2023-06-01,0.44336504,0.4875616
BiLSTM+Attention,val,77.436809_12.944139,2023-06-01,0.40082496,0.44571307
BiLSTM+Attention,val,77.441301_12.818374,2023-06-01,0.5082349,0.55362916
BiLSTM+Attention,val,77.441301_12.831849,2023-06-01,0.43518123,0.46613157
BiLSTM+Attention,val,77.441301_12.836341,2023-06-01,0.46934995,0.49146202
BiLSTM+Attention,val,77.441301_12.840832,2023-06-01,0.4598782,0.48898542
BiLSTM+Attention,val,77.441301_12.944139,2023-06-01,0.47046116,0.5118237
BiLSTM+Attention,val,77.441301_12.94863,2023-06-01,0.4408345,0.48210466
BiLSTM+Attention,val,77.441301_13.083377,2023-06-01,0.44569045,0.48018995
BiLSTM+Attention,val,77.441301_13.110327,2023-06-01,0.4174708,0.44593874
BiLSTM+Attention,val,77.445793_12.840832,2023-06-01,0.5059719,0.5466102
BiLSTM+Attention,val,77.445793_12.86329,2023-06-01,0.55794394,0.59389734
BiLSTM+Attention,val,77.445793_12.867782,2023-06-01,0.54196596,0.57841605
BiLSTM+Attention,val,77.445793_12.912697,2023-06-01,0.4205884,0.4633043
BiLSTM+Attention,val,77.445793_12.957613,2023-06-01,0.4744124,0.50119394
BiLSTM+Attention,val,77.450284_12.809391,2023-06-01,0.45160794,0.4921796
BiLSTM+Attention,val,77.450284_12.872273,2023-06-01,0.52398163,0.5534054
BiLSTM+Attention,val,77.450284_12.89024,2023-06-01,0.48559588,0.53824145
BiLSTM+Attention,val,77.450284_12.971088,2023-06-01,0.43095103,0.48452517
BiLSTM+Attention,val,77.450284_12.993546,2023-06-01,0.33656165,0.38135156
BiLSTM+Attention,val,77.450284_13.029478,2023-06-01,0.42886412,0.46561813
BiLSTM+Attention,val,77.450284_13.047445,2023-06-01,0.40114024,0.44076112
BiLSTM+Attention,val,77.450284_13.146259,2023-06-01,0.50099295,0.52275425
BiLSTM+Attention,val,77.454776_12.809391,2023-06-01,0.44230533,0.47946495
BiLSTM+Attention,val,77.454776_12.885748,2023-06-01,0.46670142,0.5078805
BiLSTM+Attention,val,77.454776_12.980071,2023-06-01,0.37416494,0.41777077
BiLSTM+Attention,val,77.454776_12.993546,2023-06-01,0.380846,0.42413184
BiLSTM+Attention,val,77.454776_13.114818,2023-06-01,0.49189806,0.51159745
BiLSTM+Attention,val,77.454776_13.141768,2023-06-01,0.5011175,0.5209918
BiLSTM+Attention,val,77.459267_12.8049,2023-06-01,0.5835391,0.6256878
BiLSTM+Attention,val,77.459267_12.822866,2023-06-01,0.47616783,0.5146903
BiLSTM+Attention,val,77.459267_12.845324,2023-06-01,0.48139662,0.53759503
BiLSTM+Attention,val,77.459267_12.872273,2023-06-01,0.46084958,0.5180505
BiLSTM+Attention,val,77.459267_12.903714,2023-06-01,0.4001518,0.4487184
BiLSTM+Attention,val,77.459267_12.926172,2023-06-01,0.45724636,0.49392715
BiLSTM+Attention,val,77.459267_12.97558,2023-06-01,0.38505054,0.43647575
BiLSTM+Attention,val,77.459267_13.016004,2023-06-01,0.37788957,0.41086635
BiLSTM+Attention,val,77.459267_13.020495,2023-06-01,0.35872373,0.39163384
BiLSTM+Attention,val,77.459267_13.11931,2023-06-01,0.4382458,0.4662949
BiLSTM+Attention,val,77.463759_12.813883,2023-06-01,0.4461584,0.49564987
BiLSTM+Attention,val,77.463759_12.836341,2023-06-01,0.47078457,0.5334705
BiLSTM+Attention,val,77.463759_12.86329,2023-06-01,0.5392727,0.578652
BiLSTM+Attention,val,77.463759_12.867782,2023-06-01,0.50422823,0.5540266
BiLSTM+Attention,val,77.463759_12.872273,2023-06-01,0.45893115,0.51331425
BiLSTM+Attention,val,77.463759_12.881256,2023-06-01,0.53760725,0.57876885
BiLSTM+Attention,val,77.463759_12.885748,2023-06-01,0.5715266,0.6095765
BiLSTM+Attention,val,77.463759_12.894731,2023-06-01,0.4454628,0.49734524
BiLSTM+Attention,val,77.463759_12.899223,2023-06-01,0.47612864,0.52473277
BiLSTM+Attention,val,77.463759_12.917189,2023-06-01,0.39528704,0.450882
BiLSTM+Attention,val,77.463759_12.953122,2023-06-01,0.7437959,0.75861084
BiLSTM+Attention,val,77.463759_13.03397,2023-06-01,0.3560707,0.38834733
BiLSTM+Attention,val,77.463759_13.078886,2023-06-01,0.50697684,0.54120785
BiLSTM+Attention,val,77.46825_12.827358,2023-06-01,0.39504153,0.44855592
BiLSTM+Attention,val,77.46825_12.836341,2023-06-01,0.49197796,0.5406699
BiLSTM+Attention,val,77.46825_12.894731,2023-06-01,0.4202654,0.46229503
BiLSTM+Attention,val,77.46825_12.94863,2023-06-01,0.50408137,0.55239284
BiLSTM+Attention,val,77.46825_12.953122,2023-06-01,0.43675455,0.47699594
BiLSTM+Attention,val,77.46825_12.966596,2023-06-01,0.44225276,0.49365208
BiLSTM+Attention,val,77.46825_13.007021,2023-06-01,0.36474925,0.41218662
BiLSTM+Attention,val,77.46825_13.114818,2023-06-01,0.4866332,0.51171625
BiLSTM+Attention,val,77.46825_13.150751,2023-06-01,0.39138556,0.41637912
BiLSTM+Attention,val,77.46825_13.1777,2023-06-01,0.45276648,0.4784498
BiLSTM+Attention,val,77.472742_12.746509,2023-06-01,0.541249,0.5993888
BiLSTM+Attention,val,77.472742_12.751001,2023-06-01,0.4984887,0.5458769
BiLSTM+Attention,val,77.472742_12.755492,2023-06-01,0.5116959,0.5569302
BiLSTM+Attention,val,77.472742_12.795916,2023-06-01,0.4996011,0.5288594
BiLSTM+Attention,val,77.472742_12.836341,2023-06-01,0.48174775,0.5240376
BiLSTM+Attention,val,77.472742_12.984563,2023-06-01,0.4224391,0.46987644
BiLSTM+Attention,val,77.472742_13.087869,2023-06-01,0.4332288,0.46878165
BiLSTM+Attention,val,77.477234_12.764475,2023-06-01,0.48100376,0.5350431
BiLSTM+Attention,val,77.477234_12.782442,2023-06-01,0.46681747,0.51408684
BiLSTM+Attention,val,77.477234_12.840832,2023-06-01,0.5053828,0.5465267
BiLSTM+Attention,val,77.477234_12.944139,2023-06-01,0.45981467,0.5148956
BiLSTM+Attention,val,77.477234_12.94863,2023-06-01,0.48211306,0.53526324
BiLSTM+Attention,val,77.477234_12.971088,2023-06-01,0.49029595,0.52999043
BiLSTM+Attention,val,77.477234_13.002529,2023-06-01,0.36772767,0.40655884
BiLSTM+Attention,val,77.477234_13.056428,2023-06-01,0.41775647,0.4591943
BiLSTM+Attention,val,77.481725_12.737526,2023-06-01,0.48032948,0.54065543
BiLSTM+Attention,val,77.481725_12.768967,2023-06-01,0.50382274,0.55558467
BiLSTM+Attention,val,77.481725_12.831849,2023-06-01,0.45158738,0.49131125
BiLSTM+Attention,val,77.481725_12.89024,2023-06-01,0.51359296,0.55312
BiLSTM+Attention,val,77.481725_12.894731,2023-06-01,0.44694042,0.50807804
BiLSTM+Attention,val,77.481725_12.944139,2023-06-01,0.47435388,0.5230918
BiLSTM+Attention,val,77.481725_12.971088,2023-06-01,0.3891218,0.44660372
BiLSTM+Attention,val,77.481725_12.980071,2023-06-01,0.47279754,0.50566906
BiLSTM+Attention,val,77.481725_13.03397,2023-06-01,0.42037427,0.4620826
BiLSTM+Attention,val,77.481725_13.096852,2023-06-01,0.5631303,0.5917306
BiLSTM+Attention,val,77.481725_13.137276,2023-06-01,0.7407719,0.74648714
BiLSTM+Attention,val,77.486217_12.764475,2023-06-01,0.46419188,0.53530115
BiLSTM+Attention,val,77.486217_12.872273,2023-06-01,0.4575702,0.5172962
BiLSTM+Attention,val,77.486217_12.939647,2023-06-01,0.4909893,0.53955084
BiLSTM+Attention,val,77.486217_13.042953,2023-06-01,0.50718987,0.54255843
BiLSTM+Attention,val,77.486217_13.114818,2023-06-01,0.48007515,0.5009882
BiLSTM+Attention,val,77.486217_13.11931,2023-06-01,0.49617922,0.51633734
BiLSTM+Attention,val,77.490708_12.768967,2023-06-01,0.47265166,0.53517675
BiLSTM+Attention,val,77.490708_12.8049,2023-06-01,0.50875354,0.55057704
BiLSTM+Attention,val,77.490708_12.849815,2023-06-01,0.48675647,0.5464591
BiLSTM+Attention,val,77.490708_12.89024,2023-06-01,0.4753378,0.50837535
BiLSTM+Attention,val,77.490708_13.051936,2023-06-01,0.5916637,0.61931556
BiLSTM+Attention,val,77.490708_13.092361,2023-06-01,0.5258701,0.53463733
BiLSTM+Attention,val,77.490708_13.096852,2023-06-01,0.5535625,0.57790023
BiLSTM+Attention,val,77.490708_13.182192,2023-06-01,0.44482863,0.46377406
BiLSTM+Attention,val,77.490708_13.209142,2023-06-01,0.40232876,0.4238105
BiLSTM+Attention,val,77.4952_12.786933,2023-06-01,0.45004052,0.49835166
BiLSTM+Attention,val,77.4952_12.836341,2023-06-01,0.4717685,0.5128546
BiLSTM+Attention,val,77.4952_12.899223,2023-06-01,0.5340393,0.56961405
BiLSTM+Attention,val,77.4952_12.962105,2023-06-01,0.5327997,0.58080214
BiLSTM+Attention,val,77.4952_13.092361,2023-06-01,0.5219168,0.5412476
BiLSTM+Attention,val,77.4952_13.182192,2023-06-01,0.45379713,0.4754935
BiLSTM+Attention,val,77.499692_12.755492,2023-06-01,0.5688677,0.6317829
BiLSTM+Attention,val,77.499692_12.858799,2023-06-01,0.59917897,0.6366504
BiLSTM+Attention,val,77.499692_12.899223,2023-06-01,0.50910026,0.5442973
BiLSTM+Attention,val,77.499692_13.114818,2023-06-01,0.50794154,0.5249273
BiLSTM+Attention,val,77.499692_13.168717,2023-06-01,0.45677334,0.48043433
BiLSTM+Attention,val,77.504183_12.764475,2023-06-01,0.5510001,0.58224654
BiLSTM+Attention,val,77.504183_12.786933,2023-06-01,0.52920055,0.56731373
BiLSTM+Attention,val,77.504183_12.818374,2023-06-01,0.4963267,0.55456066
BiLSTM+Attention,val,77.504183_12.854307,2023-06-01,0.49857202,0.53547174
BiLSTM+Attention,val,77.504183_12.858799,2023-06-01,0.6036333,0.63755286
BiLSTM+Attention,val,77.504183_12.953122,2023-06-01,0.5464617,0.57422173
BiLSTM+Attention,val,77.504183_13.083377,2023-06-01,0.58027124,0.60768294
BiLSTM+Attention,val,77.504183_13.141768,2023-06-01,0.49736646,0.50476193
BiLSTM+Attention,val,77.504183_13.159734,2023-06-01,0.5121931,0.54135174
BiLSTM+Attention,val,77.504183_13.195667,2023-06-01,0.39259574,0.4185047
BiLSTM+Attention,val,77.508675_12.751001,2023-06-01,0.6249781,0.6704766
BiLSTM+Attention,val,77.508675_12.795916,2023-06-01,0.56084406,0.59474134
BiLSTM+Attention,val,77.508675_12.831849,2023-06-01,0.5267847,0.56581897
BiLSTM+Attention,val,77.508675_12.836341,2023-06-01,0.5690674,0.60480887
BiLSTM+Attention,val,77.508675_12.845324,2023-06-01,0.5245399,0.57848686
BiLSTM+Attention,val,77.508675_12.903714,2023-06-01,0.42797822,0.47922528
BiLSTM+Attention,val,77.508675_12.917189,2023-06-01,0.49885824,0.54965377
BiLSTM+Attention,val,77.508675_13.114818,2023-06-01,0.43248808,0.46318808
BiLSTM+Attention,val,77.508675_13.137276,2023-06-01,0.43849656,0.46163166
BiLSTM+Attention,val,77.508675_13.159734,2023-06-01,0.5267712,0.5531486
BiLSTM+Attention,val,77.508675_13.191175,2023-06-01,0.38292262,0.4185591
BiLSTM+Attention,val,77.513166_12.746509,2023-06-01,0.7365374,0.77458525
BiLSTM+Attention,val,77.513166_12.764475,2023-06-01,0.5043643,0.55706817
BiLSTM+Attention,val,77.513166_12.77795,2023-06-01,0.6309144,0.65019166
BiLSTM+Attention,val,77.513166_12.822866,2023-06-01,0.6202124,0.654594
BiLSTM+Attention,val,77.513166_12.908206,2023-06-01,0.42447686,0.46421885
BiLSTM+Attention,val,77.513166_13.087869,2023-06-01,0.5757596,0.5998801
BiLSTM+Attention,val,77.513166_13.096852,2023-06-01,0.61918646,0.65421045
BiLSTM+Attention,val,77.513166_13.137276,2023-06-01,0.39268798,0.42072242
BiLSTM+Attention,val,77.513166_13.1777,2023-06-01,0.4134065,0.44408777
BiLSTM+Attention,val,77.517658_12.764475,2023-06-01,0.59426975,0.62376255
BiLSTM+Attention,val,77.517658_12.77795,2023-06-01,0.579027,0.61780924
BiLSTM+Attention,val,77.517658_12.782442,2023-06-01,0.58818,0.6217717
BiLSTM+Attention,val,77.517658_12.795916,2023-06-01,0.556519,0.5983603
BiLSTM+Attention,val,77.517658_12.827358,2023-06-01,0.5220407,0.56917495
BiLSTM+Attention,val,77.517658_12.849815,2023-06-01,0.5026878,0.5412024
BiLSTM+Attention,val,77.517658_12.885748,2023-06-01,0.52492285,0.55213726
BiLSTM+Attention,val,77.517658_12.89024,2023-06-01,0.5129729,0.53772545
BiLSTM+Attention,val,77.517658_12.899223,2023-06-01,0.5303809,0.5525675
BiLSTM+Attention,val,77.517658_12.998037,2023-06-01,0.5783854,0.6076892
BiLSTM+Attention,val,77.517658_13.11931,2023-06-01,0.38181326,0.42366406
BiLSTM+Attention,val,77.517658_13.182192,2023-06-01,0.42455307,0.4499506
BiLSTM+Attention,val,77.517658_13.186684,2023-06-01,0.4483314,0.47363898
BiLSTM+Attention,val,77.517658_13.191175,2023-06-01,0.39145216,0.42853022
BiLSTM+Attention,val,77.522149_12.751001,2023-06-01,0.6543304,0.70910954
BiLSTM+Attention,val,77.522149_12.755492,2023-06-01,0.6303641,0.66766846
BiLSTM+Attention,val,77.522149_12.759984,2023-06-01,0.66467774,0.6968247
BiLSTM+Attention,val,77.522149_12.782442,2023-06-01,0.61333704,0.6454936
BiLSTM+Attention,val,77.522149_12.809391,2023-06-01,0.77469146,0.7908268
BiLSTM+Attention,val,77.522149_12.813883,2023-06-01,0.48628035,0.5284339
BiLSTM+Attention,val,77.522149_12.818374,2023-06-01,0.46164438,0.5057413
BiLSTM+Attention,val,77.522149_12.836341,2023-06-01,0.5304221,0.56384873
BiLSTM+Attention,val,77.522149_12.845324,2023-06-01,0.54322815,0.5729327
BiLSTM+Attention,val,77.522149_13.078886,2023-06-01,0.6008061,0.63191485
BiLSTM+Attention,val,77.522149_13.146259,2023-06-01,0.35388848,0.3957988
BiLSTM+Attention,val,77.522149_13.200158,2023-06-01,0.45203426,0.48179716
BiLSTM+Attention,val,77.526641_12.751001,2023-06-01,0.6586708,0.68374294
BiLSTM+Attention,val,77.526641_12.840832,2023-06-01,0.60176414,0.6308806
BiLSTM+Attention,val,77.526641_12.89024,2023-06-01,0.6441479,0.65788656
BiLSTM+Attention,val,77.526641_12.899223,2023-06-01,0.5684502,0.6087976
BiLSTM+Attention,val,77.526641_13.078886,2023-06-01,0.58705616,0.6282006
BiLSTM+Attention,val,77.526641_13.105835,2023-06-01,0.4114049,0.44562167
BiLSTM+Attention,val,77.526641_13.110327,2023-06-01,0.390075,0.42501715
BiLSTM+Attention,val,77.531133_12.791425,2023-06-01,0.50841016,0.57722014
BiLSTM+Attention,val,77.531133_12.795916,2023-06-01,0.57038426,0.61266524
BiLSTM+Attention,val,77.531133_12.800408,2023-06-01,0.5649429,0.60119826
BiLSTM+Attention,val,77.531133_12.822866,2023-06-01,0.51349515,0.5522342
BiLSTM+Attention,val,77.531133_12.827358,2023-06-01,0.53373224,0.5762239
BiLSTM+Attention,val,77.531133_12.894731,2023-06-01,0.4997095,0.5451513
BiLSTM+Attention,val,77.531133_13.083377,2023-06-01,0.56139016,0.5952362
BiLSTM+Attention,val,77.531133_13.114818,2023-06-01,0.4007379,0.442111
BiLSTM+Attention,val,77.531133_13.195667,2023-06-01,0.48110947,0.51001626
BiLSTM+Attention,val,77.535624_12.77795,2023-06-01,0.73865193,0.7726758
BiLSTM+Attention,val,77.535624_12.822866,2023-06-01,0.6588288,0.6913388
BiLSTM+Attention,val,77.535624_12.872273,2023-06-01,0.41581663,0.46275496
BiLSTM+Attention,val,77.535624_12.899223,2023-06-01,0.4748937,0.51248974
BiLSTM+Attention,val,77.535624_13.069903,2023-06-01,0.6937734,0.7265456
BiLSTM+Attention,val,77.535624_13.083377,2023-06-01,0.54013586,0.5821006
BiLSTM+Attention,val,77.535624_13.096852,2023-06-01,0.45075092,0.480163
BiLSTM+Attention,val,77.535624_13.114818,2023-06-01,0.43973872,0.4768454
BiLSTM+Attention,val,77.535624_13.132785,2023-06-01,0.46450004,0.49241054
BiLSTM+Attention,val,77.535624_13.137276,2023-06-01,0.3855984,0.42362073
BiLSTM+Attention,val,77.535624_13.195667,2023-06-01,0.39176995,0.41668424
BiLSTM+Attention,val,77.540116_12.77795,2023-06-01,0.5684501,0.61271757
BiLSTM+Attention,val,77.540116_13.042953,2023-06-01,0.5632941,0.5984265
BiLSTM+Attention,val,77.540116_13.074394,2023-06-01,0.5912745,0.63041383
BiLSTM+Attention,val,77.540116_13.092361,2023-06-01,0.40724462,0.44359535
BiLSTM+Attention,val,77.540116_13.101344,2023-06-01,0.40456882,0.4431622
BiLSTM+Attention,val,77.540116_13.105835,2023-06-01,0.4255205,0.46407372
BiLSTM+Attention,val,77.540116_13.114818,2023-06-01,0.42493457,0.4498307
BiLSTM+Attention,val,77.540116_13.132785,2023-06-01,0.4346615,0.46918866
BiLSTM+Attention,val,77.540116_13.155243,2023-06-01,0.48541087,0.5185911
BiLSTM+Attention,val,77.540116_13.182192,2023-06-01,0.40354773,0.44131926
BiLSTM+Attention,val,77.544607_12.831849,2023-06-01,0.7294975,0.7449157
BiLSTM+Attention,val,77.544607_13.218125,2023-06-01,0.45864108,0.49285635
BiLSTM+Attention,val,77.549099_12.822866,2023-06-01,0.744651,0.75770664
BiLSTM+Attention,val,77.549099_12.831849,2023-06-01,0.63515973,0.65671265
BiLSTM+Attention,val,77.549099_12.836341,2023-06-01,0.6150141,0.6292194
BiLSTM+Attention,val,77.549099_12.845324,2023-06-01,0.61527973,0.6394031
BiLSTM+Attention,val,77.549099_12.867782,2023-06-01,0.5400478,0.5732748
BiLSTM+Attention,val,77.549099_12.876765,2023-06-01,0.49716347,0.5357772
BiLSTM+Attention,val,77.549099_12.894731,2023-06-01,0.6116253,0.6419143
BiLSTM+Attention,val,77.549099_13.132785,2023-06-01,0.6205322,0.65115917
BiLSTM+Attention,val,77.55359_12.71956,2023-06-01,0.7530827,0.7590532
BiLSTM+Attention,val,77.55359_12.849815,2023-06-01,0.58686936,0.6266094
BiLSTM+Attention,val,77.55359_12.872273,2023-06-01,0.47984126,0.5293419
BiLSTM+Attention,val,77.55359_13.110327,2023-06-01,0.4756961,0.5103336
BiLSTM+Attention,val,77.55359_13.128293,2023-06-01,0.59694684,0.62487143
BiLSTM+Attention,val,77.55359_13.168717,2023-06-01,0.4709921,0.5070532
BiLSTM+Attention,val,77.55359_13.173209,2023-06-01,0.39182022,0.43087244
BiLSTM+Attention,val,77.558082_12.710577,2023-06-01,0.76083916,0.7757618
BiLSTM+Attention,val,77.558082_12.827358,2023-06-01,0.68871903,0.71491224
BiLSTM+Attention,val,77.558082_12.845324,2023-06-01,0.6660869,0.70218325
BiLSTM+Attention,val,77.558082_13.042953,2023-06-01,0.64944583,0.6762274
BiLSTM+Attention,val,77.558082_13.110327,2023-06-01,0.4943005,0.52836376
BiLSTM+Attention,val,77.558082_13.168717,2023-06-01,0.48012573,0.51273924
BiLSTM+Attention,val,77.558082_13.1777,2023-06-01,0.44272786,0.47363082
BiLSTM+Attention,val,77.562574_12.71956,2023-06-01,0.7557383,0.7693442
BiLSTM+Attention,val,77.562574_12.827358,2023-06-01,0.69067967,0.71244144
BiLSTM+Attention,val,77.562574_12.858799,2023-06-01,0.4273139,0.47058266
BiLSTM+Attention,val,77.562574_12.872273,2023-06-01,0.57982564,0.6066898
BiLSTM+Attention,val,77.562574_12.876765,2023-06-01,0.59698397,0.63302857
BiLSTM+Attention,val,77.562574_13.141768,2023-06-01,0.42242503,0.44566455
BiLSTM+Attention,val,77.562574_13.159734,2023-06-01,0.4815435,0.50799084
BiLSTM+Attention,val,77.562574_13.173209,2023-06-01,0.4773765,0.50370026
BiLSTM+Attention,val,77.567065_12.724051,2023-06-01,0.71960557,0.731675
BiLSTM+Attention,val,77.567065_12.849815,2023-06-01,0.66015565,0.68245053
BiLSTM+Attention,val,77.567065_13.114818,2023-06-01,0.64353275,0.6766006
BiLSTM+Attention,val,77.567065_13.182192,2023-06-01,0.4814724,0.51666343
BiLSTM+Attention,val,77.571557_12.849815,2023-06-01,0.6591642,0.6834769
BiLSTM+Attention,val,77.571557_13.141768,2023-06-01,0.4405962,0.46377978
BiLSTM+Attention,val,77.571557_13.146259,2023-06-01,0.44993785,0.47723064
BiLSTM+Attention,val,77.576048_12.728543,2023-06-01,0.7381276,0.74932635
BiLSTM+Attention,val,77.576048_12.742018,2023-06-01,0.7093433,0.73892486
BiLSTM+Attention,val,77.576048_12.813883,2023-06-01,0.7576507,0.7693752
BiLSTM+Attention,val,77.576048_12.827358,2023-06-01,0.61242634,0.6414414
BiLSTM+Attention,val,77.58054_12.845324,2023-06-01,0.6798529,0.7010325
BiLSTM+Attention,val,77.58054_13.083377,2023-06-01,0.5072394,0.5322679
BiLSTM+Attention,val,77.58054_13.087869,2023-06-01,0.4675173,0.49923718
BiLSTM+Attention,val,77.585031_12.849815,2023-06-01,0.6794284,0.67968404
BiLSTM+Attention,val,77.585031_13.042953,2023-06-01,0.68359286,0.7203479
BiLSTM+Attention,val,77.585031_13.137276,2023-06-01,0.4574135,0.4858428
BiLSTM+Attention,val,77.589523_12.71956,2023-06-01,0.8005373,0.81369185
BiLSTM+Attention,val,77.589523_12.746509,2023-06-01,0.70028245,0.72045404
BiLSTM+Attention,val,77.589523_12.854307,2023-06-01,0.59381926,0.6306772
BiLSTM+Attention,val,77.589523_12.971088,2023-06-01,0.74385154,0.77144116
BiLSTM+Attention,val,77.589523_13.083377,2023-06-01,0.58669925,0.6138092
BiLSTM+Attention,val,77.589523_13.150751,2023-06-01,0.45292714,0.48719707
BiLSTM+Attention,val,77.594015_12.724051,2023-06-01,0.80238676,0.8164545
BiLSTM+Attention,val,77.594015_12.733034,2023-06-01,0.7782107,0.79659396
BiLSTM+Attention,val,77.594015_12.755492,2023-06-01,0.67192537,0.689997
BiLSTM+Attention,val,77.594015_12.831849,2023-06-01,0.57441795,0.599261
BiLSTM+Attention,val,77.594015_12.836341,2023-06-01,0.6133023,0.64968956
BiLSTM+Attention,val,77.594015_12.840832,2023-06-01,0.6247237,0.65530515
BiLSTM+Attention,val,77.594015_12.849815,2023-06-01,0.6165041,0.6472464
BiLSTM+Attention,val,77.594015_12.998037,2023-06-01,0.72852725,0.7615408
BiLSTM+Attention,val,77.594015_13.087869,2023-06-01,0.5998736,0.63848513
BiLSTM+Attention,val,77.598506_12.710577,2023-06-01,0.6740837,0.6946461
BiLSTM+Attention,val,77.598506_12.822866,2023-06-01,0.5968152,0.62760794
BiLSTM+Attention,val,77.598506_12.849815,2023-06-01,0.7038877,0.72541517
BiLSTM+Attention,val,77.598506_13.083377,2023-06-01,0.57675344,0.61578786
BiLSTM+Attention,val,77.598506_13.128293,2023-06-01,0.5553105,0.58240974
BiLSTM+Attention,val,77.598506_13.141768,2023-06-01,0.42355287,0.45382223
BiLSTM+Attention,val,77.598506_13.146259,2023-06-01,0.3925117,0.43217608
BiLSTM+Attention,val,77.602998_12.710577,2023-06-01,0.69758517,0.7174229
BiLSTM+Attention,val,77.602998_12.827358,2023-06-01,0.48812857,0.5116388
BiLSTM+Attention,val,77.602998_12.849815,2023-06-01,0.55297905,0.5789333
BiLSTM+Attention,val,77.602998_12.858799,2023-06-01,0.5552149,0.593948
BiLSTM+Attention,val,77.602998_13.114818,2023-06-01,0.56079745,0.599841
BiLSTM+Attention,val,77.602998_13.11931,2023-06-01,0.57118165,0.59589195
BiLSTM+Attention,val,77.602998_13.128293,2023-06-01,0.5146066,0.54200447
BiLSTM+Attention,val,77.602998_13.164226,2023-06-01,0.45641482,0.4871454
BiLSTM+Attention,val,77.607489_12.768967,2023-06-01,0.60917604,0.629771
BiLSTM+Attention,val,77.607489_12.773459,2023-06-01,0.5774548,0.6054621
BiLSTM+Attention,val,77.607489_12.809391,2023-06-01,0.6393998,0.67033976
BiLSTM+Attention,val,77.607489_12.818374,2023-06-01,0.68763113,0.71536124
BiLSTM+Attention,val,77.607489_13.087869,2023-06-01,0.71821123,0.7580851
BiLSTM+Attention,val,77.611981_12.674644,2023-06-01,0.78590196,0.7905217
BiLSTM+Attention,val,77.611981_12.768967,2023-06-01,0.5671852,0.5842767
BiLSTM+Attention,val,77.611981_12.831849,2023-06-01,0.5504048,0.5618775
BiLSTM+Attention,val,77.611981_12.867782,2023-06-01,0.5208874,0.54679877
BiLSTM+Attention,val,77.611981_12.953122,2023-06-01,0.7194834,0.75381106
BiLSTM+Attention,val,77.611981_13.168717,2023-06-01,0.40632534,0.4439175
BiLSTM+Attention,val,77.611981_13.182192,2023-06-01,0.35650516,0.4006969
BiLSTM+Attention,val,77.616473_12.831849,2023-06-01,0.62484616,0.6344987
BiLSTM+Attention,val,77.616473_12.858799,2023-06-01,0.5103126,0.5291651
BiLSTM+Attention,val,77.616473_13.114818,2023-06-01,0.56171715,0.5911052
BiLSTM+Attention,val,77.616473_13.141768,2023-06-01,0.4431529,0.47704303
BiLSTM+Attention,val,77.616473_13.1777,2023-06-01,0.37050903,0.40316173
BiLSTM+Attention,val,77.620964_12.674644,2023-06-01,0.80103844,0.79166806
BiLSTM+Attention,val,77.620964_12.795916,2023-06-01,0.43687952,0.45903692
BiLSTM+Attention,val,77.620964_12.813883,2023-06-01,0.43543056,0.4709934
BiLSTM+Attention,val,77.620964_12.845324,2023-06-01,0.65921247,0.6792601
BiLSTM+Attention,val,77.620964_12.858799,2023-06-01,0.49145713,0.5107685
BiLSTM+Attention,val,77.620964_13.132785,2023-06-01,0.5285425,0.55853504
BiLSTM+Attention,val,77.625456_12.858799,2023-06-01,0.43823785,0.45826152
BiLSTM+Attention,val,77.625456_13.065411,2023-06-01,0.38954645,0.42792925
BiLSTM+Attention,val,77.625456_13.128293,2023-06-01,0.5332548,0.5586353
BiLSTM+Attention,val,77.625456_13.137276,2023-06-01,0.4351935,0.4519736
BiLSTM+Attention,val,77.625456_13.155243,2023-06-01,0.639552,0.6626453
BiLSTM+Attention,val,77.625456_13.182192,2023-06-01,0.43511015,0.45519224
BiLSTM+Attention,val,77.629947_12.795916,2023-06-01,0.7709239,0.77992904
BiLSTM+Attention,val,77.629947_12.809391,2023-06-01,0.47888598,0.4923331
BiLSTM+Attention,val,77.629947_12.836341,2023-06-01,0.5750192,0.5896242
BiLSTM+Attention,val,77.629947_12.854307,2023-06-01,0.5044012,0.51443356
BiLSTM+Attention,val,77.629947_12.858799,2023-06-01,0.47217858,0.489471
BiLSTM+Attention,val,77.629947_13.06092,2023-06-01,0.41721955,0.4532236
BiLSTM+Attention,val,77.629947_13.087869,2023-06-01,0.43760154,0.45850343
BiLSTM+Attention,val,77.629947_13.1777,2023-06-01,0.45053744,0.47475788
BiLSTM+Attention,val,77.634439_12.679136,2023-06-01,0.7497848,0.76466894
BiLSTM+Attention,val,77.634439_12.701593,2023-06-01,0.7055295,0.72858894
BiLSTM+Attention,val,77.634439_12.733034,2023-06-01,0.48020768,0.50531226
BiLSTM+Attention,val,77.634439_12.746509,2023-06-01,0.50973266,0.53495765
BiLSTM+Attention,val,77.634439_12.751001,2023-06-01,0.5134289,0.53642285
BiLSTM+Attention,val,77.634439_12.849815,2023-06-01,0.54072297,0.5596806
BiLSTM+Attention,val,77.634439_13.047445,2023-06-01,0.472538,0.50583005
BiLSTM+Attention,val,77.634439_13.083377,2023-06-01,0.4008378,0.43638375
BiLSTM+Attention,val,77.634439_13.137276,2023-06-01,0.40542135,0.43655744
BiLSTM+Attention,val,77.63893_12.688119,2023-06-01,0.6753418,0.69513035
BiLSTM+Attention,val,77.63893_12.742018,2023-06-01,0.52710277,0.55191016
BiLSTM+Attention,val,77.63893_12.800408,2023-06-01,0.47771809,0.49303663
BiLSTM+Attention,val,77.63893_12.818374,2023-06-01,0.4767378,0.4905341
BiLSTM+Attention,val,77.63893_12.840832,2023-06-01,0.6233381,0.64265674
BiLSTM+Attention,val,77.63893_12.872273,2023-06-01,0.40649983,0.44365665
BiLSTM+Attention,val,77.63893_12.917189,2023-06-01,0.70657235,0.73794436
BiLSTM+Attention,val,77.63893_12.989054,2023-06-01,0.6469817,0.676852
BiLSTM+Attention,val,77.63893_13.056428,2023-06-01,0.5137743,0.5397365
BiLSTM+Attention,val,77.63893_13.078886,2023-06-01,0.42238083,0.45506755
BiLSTM+Attention,val,77.63893_13.083377,2023-06-01,0.39747527,0.43392104
BiLSTM+Attention,val,77.63893_13.1777,2023-06-01,0.43105373,0.46387497
BiLSTM+Attention,val,77.643422_12.795916,2023-06-01,0.46815452,0.49110526
BiLSTM+Attention,val,77.643422_12.800408,2023-06-01,0.48334396,0.5009468
BiLSTM+Attention,val,77.643422_12.809391,2023-06-01,0.5005857,0.5191232
BiLSTM+Attention,val,77.643422_12.867782,2023-06-01,0.4690506,0.48809907
BiLSTM+Attention,val,77.643422_13.002529,2023-06-01,0.5309324,0.54836255
BiLSTM+Attention,val,77.643422_13.038462,2023-06-01,0.51414883,0.5499455
BiLSTM+Attention,val,77.643422_13.164226,2023-06-01,0.57338965,0.5982889
BiLSTM+Attention,val,77.647914_12.688119,2023-06-01,0.7081378,0.7276302
BiLSTM+Attention,val,77.647914_12.733034,2023-06-01,0.5330583,0.5573543
BiLSTM+Attention,val,77.647914_12.881256,2023-06-01,0.48053122,0.52282405
BiLSTM+Attention,val,77.647914_12.935155,2023-06-01,0.6616008,0.67643875
BiLSTM+Attention,val,77.647914_13.141768,2023-06-01,0.66254455,0.69979364
BiLSTM+Attention,val,77.647914_13.168717,2023-06-01,0.7107673,0.7304734
BiLSTM+Attention,val,77.652405_12.697102,2023-06-01,0.6702069,0.6991924
BiLSTM+Attention,val,77.652405_12.773459,2023-06-01,0.46665412,0.47995448
BiLSTM+Attention,val,77.652405_12.795916,2023-06-01,0.42555934,0.44407678
BiLSTM+Attention,val,77.652405_12.8049,2023-06-01,0.53162026,0.53820574
BiLSTM+Attention,val,77.652405_12.858799,2023-06-01,0.6974371,0.72264004
BiLSTM+Attention,val,77.652405_12.926172,2023-06-01,0.6215953,0.6497368
BiLSTM+Attention,val,77.652405_13.002529,2023-06-01,0.52354175,0.53894997
BiLSTM+Attention,val,77.656897_12.742018,2023-06-01,0.5254125,0.56006247
BiLSTM+Attention,val,77.656897_12.746509,2023-06-01,0.5097355,0.5400085
BiLSTM+Attention,val,77.656897_12.768967,2023-06-01,0.5172966,0.5383652
BiLSTM+Attention,val,77.656897_12.791425,2023-06-01,0.4399248,0.46021992
BiLSTM+Attention,val,77.656897_12.800408,2023-06-01,0.54299104,0.5529022
BiLSTM+Attention,val,77.656897_12.831849,2023-06-01,0.56588614,0.5860839
BiLSTM+Attention,val,77.656897_12.849815,2023-06-01,0.42204574,0.4425688
BiLSTM+Attention,val,77.656897_13.101344,2023-06-01,0.46540025,0.49108762
BiLSTM+Attention,val,77.656897_13.164226,2023-06-01,0.44630596,0.4723824
BiLSTM+Attention,val,77.656897_13.173209,2023-06-01,0.39357653,0.42739388
BiLSTM+Attention,val,77.661388_12.737526,2023-06-01,0.55392313,0.5729292
BiLSTM+Attention,val,77.661388_12.759984,2023-06-01,0.54956496,0.5628059
BiLSTM+Attention,val,77.661388_13.056428,2023-06-01,0.4537199,0.487098
BiLSTM+Attention,val,77.661388_13.074394,2023-06-01,0.5164831,0.5504886
BiLSTM+Attention,val,77.661388_13.087869,2023-06-01,0.42855406,0.45667127
BiLSTM+Attention,val,77.661388_13.101344,2023-06-01,0.44008753,0.47281715
BiLSTM+Attention,val,77.661388_13.110327,2023-06-01,0.5111197,0.5422102
BiLSTM+Attention,val,77.661388_13.11931,2023-06-01,0.5833209,0.6068664
BiLSTM+Attention,val,77.66588_12.679136,2023-06-01,0.6375633,0.65297854
BiLSTM+Attention,val,77.66588_12.697102,2023-06-01,0.6134349,0.6347248
BiLSTM+Attention,val,77.66588_12.715068,2023-06-01,0.63179994,0.6444076
BiLSTM+Attention,val,77.66588_12.724051,2023-06-01,0.6047197,0.624612
BiLSTM+Attention,val,77.66588_12.751001,2023-06-01,0.5051897,0.51181084
BiLSTM+Attention,val,77.66588_12.755492,2023-06-01,0.5589659,0.5779346
BiLSTM+Attention,val,77.66588_12.764475,2023-06-01,0.54867285,0.56787175
BiLSTM+Attention,val,77.66588_12.768967,2023-06-01,0.7027177,0.7118061
BiLSTM+Attention,val,77.66588_12.791425,2023-06-01,0.5961628,0.6073376
BiLSTM+Attention,val,77.66588_12.953122,2023-06-01,0.5463655,0.584153
BiLSTM+Attention,val,77.66588_13.038462,2023-06-01,0.4500911,0.4887397
BiLSTM+Attention,val,77.66588_13.051936,2023-06-01,0.49752504,0.5204014
BiLSTM+Attention,val,77.66588_13.173209,2023-06-01,0.39650846,0.43130407
BiLSTM+Attention,val,77.670371_12.71956,2023-06-01,0.6399045,0.6528434
BiLSTM+Attention,val,77.670371_12.86329,2023-06-01,0.51166743,0.5388504
BiLSTM+Attention,val,77.670371_12.881256,2023-06-01,0.4662272,0.491093
BiLSTM+Attention,val,77.670371_12.894731,2023-06-01,0.41328576,0.45235428
BiLSTM+Attention,val,77.670371_13.069903,2023-06-01,0.40658504,0.4482845
BiLSTM+Attention,val,77.670371_13.083377,2023-06-01,0.3761908,0.42084768
BiLSTM+Attention,val,77.670371_13.092361,2023-06-01,0.38228923,0.41914323
BiLSTM+Attention,val,77.670371_13.128293,2023-06-01,0.49185905,0.5137531
BiLSTM+Attention,val,77.674863_12.674644,2023-06-01,0.7047475,0.71718013
BiLSTM+Attention,val,77.674863_12.71956,2023-06-01,0.644109,0.663842
BiLSTM+Attention,val,77.674863_12.755492,2023-06-01,0.4978939,0.5178505
BiLSTM+Attention,val,77.674863_12.764475,2023-06-01,0.5036959,0.52154183
BiLSTM+Attention,val,77.674863_12.786933,2023-06-01,0.51454186,0.5209267
BiLSTM+Attention,val,77.674863_12.836341,2023-06-01,0.52501184,0.5341906
BiLSTM+Attention,val,77.674863_12.867782,2023-06-01,0.7564176,0.77663696
BiLSTM+Attention,val,77.674863_13.051936,2023-06-01,0.5029624,0.5274233
BiLSTM+Attention,val,77.674863_13.069903,2023-06-01,0.37111175,0.4221505
BiLSTM+Attention,val,77.674863_13.092361,2023-06-01,0.4279317,0.45959005
BiLSTM+Attention,val,77.674863_13.105835,2023-06-01,0.4759022,0.5047481
BiLSTM+Attention,val,77.679355_12.697102,2023-06-01,0.5027302,0.5384637
BiLSTM+Attention,val,77.679355_12.746509,2023-06-01,0.6687449,0.6822559
BiLSTM+Attention,val,77.679355_12.881256,2023-06-01,0.4811671,0.51593846
BiLSTM+Attention,val,77.679355_12.89024,2023-06-01,0.50332665,0.532188
BiLSTM+Attention,val,77.679355_12.899223,2023-06-01,0.40367824,0.44692594
BiLSTM+Attention,val,77.679355_13.047445,2023-06-01,0.74953413,0.77965355
BiLSTM+Attention,val,77.679355_13.056428,2023-06-01,0.4542099,0.48755506
BiLSTM+Attention,val,77.679355_13.074394,2023-06-01,0.42342463,0.4657076
BiLSTM+Attention,val,77.679355_13.101344,2023-06-01,0.44385332,0.47089076
BiLSTM+Attention,val,77.679355_13.141768,2023-06-01,0.4918202,0.51296735
BiLSTM+Attention,val,77.679355_13.155243,2023-06-01,0.39178705,0.42564037
BiLSTM+Attention,val,77.679355_13.159734,2023-06-01,0.4300801,0.46078917
BiLSTM+Attention,val,77.683846_12.728543,2023-06-01,0.5463288,0.568958
BiLSTM+Attention,val,77.683846_12.742018,2023-06-01,0.50207555,0.51853096
BiLSTM+Attention,val,77.683846_12.755492,2023-06-01,0.70561635,0.71754557
BiLSTM+Attention,val,77.683846_12.795916,2023-06-01,0.5096597,0.5141051
BiLSTM+Attention,val,77.683846_12.8049,2023-06-01,0.48476997,0.49725008
BiLSTM+Attention,val,77.683846_12.836341,2023-06-01,0.5846455,0.59967947
BiLSTM+Attention,val,77.683846_12.840832,2023-06-01,0.5954896,0.61074823
BiLSTM+Attention,val,77.683846_12.894731,2023-06-01,0.50058824,0.5298244
BiLSTM+Attention,val,77.683846_12.917189,2023-06-01,0.41409248,0.46378103
BiLSTM+Attention,val,77.683846_12.939647,2023-06-01,0.69903994,0.737648
BiLSTM+Attention,val,77.683846_13.029478,2023-06-01,0.335673,0.39159402
BiLSTM+Attention,val,77.683846_13.06092,2023-06-01,0.4351906,0.47226447
BiLSTM+Attention,val,77.683846_13.074394,2023-06-01,0.3854149,0.4238988
BiLSTM+Attention,val,77.683846_13.11931,2023-06-01,0.3595711,0.40405264
BiLSTM+Attention,val,77.683846_13.123802,2023-06-01,0.4229592,0.45445272
BiLSTM+Attention,val,77.688338_12.656678,2023-06-01,0.7050016,0.69849634
BiLSTM+Attention,val,77.688338_12.69261,2023-06-01,0.7797133,0.78519195
BiLSTM+Attention,val,77.688338_12.697102,2023-06-01,0.7899563,0.7918484
BiLSTM+Attention,val,77.688338_12.710577,2023-06-01,0.79167885,0.80184746
BiLSTM+Attention,val,77.688338_12.751001,2023-06-01,0.58638495,0.5889709
BiLSTM+Attention,val,77.688338_12.755492,2023-06-01,0.5486052,0.5483014
BiLSTM+Attention,val,77.688338_12.876765,2023-06-01,0.7761264,0.772748
BiLSTM+Attention,val,77.688338_12.885748,2023-06-01,0.49801373,0.517999
BiLSTM+Attention,val,77.688338_12.966596,2023-06-01,0.557331,0.59951395
BiLSTM+Attention,val,77.692829_12.746509,2023-06-01,0.46561322,0.48499462
BiLSTM+Attention,val,77.692829_12.800408,2023-06-01,0.44896832,0.4684006
BiLSTM+Attention,val,77.692829_12.845324,2023-06-01,0.642455,0.64674604
BiLSTM+Attention,val,77.692829_12.885748,2023-06-01,0.5225452,0.55465037
BiLSTM+Attention,val,77.692829_12.899223,2023-06-01,0.45222086,0.48375142
BiLSTM+Attention,val,77.692829_13.047445,2023-06-01,0.7422722,0.751052
BiLSTM+Attention,val,77.692829_13.06092,2023-06-01,0.5650586,0.5934876
BiLSTM+Attention,val,77.692829_13.065411,2023-06-01,0.533685,0.5606713
BiLSTM+Attention,val,77.692829_13.083377,2023-06-01,0.3843211,0.42156187
BiLSTM+Attention,val,77.692829_13.096852,2023-06-01,0.3820224,0.4284403
BiLSTM+Attention,val,77.692829_13.132785,2023-06-01,0.38160503,0.41602835
BiLSTM+Attention,val,77.692829_13.155243,2023-06-01,0.38479653,0.4212263
BiLSTM+Attention,val,77.697321_12.697102,2023-06-01,0.7917,0.79030937
BiLSTM+Attention,val,77.697321_12.751001,2023-06-01,0.5152725,0.53095347
BiLSTM+Attention,val,77.697321_12.773459,2023-06-01,0.45641443,0.47957203
BiLSTM+Attention,val,77.697321_12.791425,2023-06-01,0.5636297,0.5746213
BiLSTM+Attention,val,77.697321_12.885748,2023-06-01,0.5264701,0.5566924
BiLSTM+Attention,val,77.697321_12.894731,2023-06-01,0.47594577,0.5003961
BiLSTM+Attention,val,77.697321_12.930664,2023-06-01,0.48477912,0.5276941
BiLSTM+Attention,val,77.697321_12.966596,2023-06-01,0.52891535,0.56211203
BiLSTM+Attention,val,77.697321_13.132785,2023-06-01,0.38160196,0.4177253
BiLSTM+Attention,val,77.697321_13.150751,2023-06-01,0.4326709,0.45663527
BiLSTM+Attention,val,77.697321_13.1777,2023-06-01,0.56340766,0.5851867
BiLSTM+Attention,val,77.701812_12.742018,2023-06-01,0.49152842,0.5074103
BiLSTM+Attention,val,77.701812_12.77795,2023-06-01,0.4610172,0.48218527
BiLSTM+Attention,val,77.701812_12.8049,2023-06-01,0.5570563,0.56757736
BiLSTM+Attention,val,77.701812_12.822866,2023-06-01,0.531433,0.5337572
BiLSTM+Attention,val,77.701812_12.872273,2023-06-01,0.44014794,0.47205082
BiLSTM+Attention,val,77.701812_12.984563,2023-06-01,0.46393657,0.50261277
BiLSTM+Attention,val,77.701812_13.03397,2023-06-01,0.4111915,0.44729826
BiLSTM+Attention,val,77.701812_13.114818,2023-06-01,0.47550523,0.50354844
BiLSTM+Attention,val,77.701812_13.164226,2023-06-01,0.4346418,0.4661819
BiLSTM+Attention,val,77.706304_12.746509,2023-06-01,0.4985278,0.51727545
BiLSTM+Attention,val,77.706304_12.751001,2023-06-01,0.5032411,0.53056574
BiLSTM+Attention,val,77.706304_12.759984,2023-06-01,0.41234475,0.43867368
BiLSTM+Attention,val,77.706304_12.764475,2023-06-01,0.49419588,0.49342188
BiLSTM+Attention,val,77.706304_12.86329,2023-06-01,0.3800166,0.41964367
BiLSTM+Attention,val,77.706304_12.984563,2023-06-01,0.46625113,0.50510794
BiLSTM+Attention,val,77.706304_13.038462,2023-06-01,0.4151659,0.45351416
BiLSTM+Attention,val,77.706304_13.042953,2023-06-01,0.48760843,0.5245686
BiLSTM+Attention,val,77.706304_13.137276,2023-06-01,0.74083805,0.7573669
BiLSTM+Attention,val,77.710796_12.715068,2023-06-01,0.6095071,0.6278126
BiLSTM+Attention,val,77.710796_12.894731,2023-06-01,0.5702226,0.59700155
BiLSTM+Attention,val,77.710796_12.899223,2023-06-01,0.4998617,0.5223119
BiLSTM+Attention,val,77.710796_12.912697,2023-06-01,0.42461032,0.45301503
BiLSTM+Attention,val,77.710796_13.03397,2023-06-01,0.428446,0.46430746
BiLSTM+Attention,val,77.710796_13.11931,2023-06-01,0.4207015,0.44670925
BiLSTM+Attention,val,77.710796_13.123802,2023-06-01,0.3873524,0.41544667
BiLSTM+Attention,val,77.710796_13.132785,2023-06-01,0.44932514,0.4743602
BiLSTM+Attention,val,77.710796_13.150751,2023-06-01,0.384001,0.41535005
BiLSTM+Attention,val,77.710796_13.168717,2023-06-01,0.48790333,0.5247642
BiLSTM+Attention,val,77.710796_13.173209,2023-06-01,0.48776293,0.5169613
BiLSTM+Attention,val,77.715287_12.679136,2023-06-01,0.6842734,0.6946923
BiLSTM+Attention,val,77.715287_12.742018,2023-06-01,0.4771306,0.50556844
BiLSTM+Attention,val,77.715287_12.773459,2023-06-01,0.46505955,0.47302967
BiLSTM+Attention,val,77.715287_12.822866,2023-06-01,0.49926698,0.5267993
BiLSTM+Attention,val,77.715287_12.827358,2023-06-01,0.45480964,0.48310974
BiLSTM+Attention,val,77.715287_12.845324,2023-06-01,0.39632007,0.43490514
BiLSTM+Attention,val,77.715287_12.885748,2023-06-01,0.5427054,0.56885105
BiLSTM+Attention,val,77.715287_12.899223,2023-06-01,0.39866883,0.44105572
BiLSTM+Attention,val,77.715287_12.939647,2023-06-01,0.68118465,0.71850187
BiLSTM+Attention,val,77.715287_12.944139,2023-06-01,0.7240876,0.75964856
BiLSTM+Attention,val,77.715287_12.94863,2023-06-01,0.582743,0.6262142
BiLSTM+Attention,val,77.715287_13.029478,2023-06-01,0.36738786,0.40908328
BiLSTM+Attention,val,77.715287_13.038462,2023-06-01,0.49658614,0.52397215
BiLSTM+Attention,val,77.715287_13.051936,2023-06-01,0.49033737,0.5144051
BiLSTM+Attention,val,77.715287_13.056428,2023-06-01,0.40374818,0.4314408
BiLSTM+Attention,val,77.715287_13.096852,2023-06-01,0.33077943,0.3743609
BiLSTM+Attention,val,77.715287_13.114818,2023-06-01,0.50008374,0.5253866
BiLSTM+Attention,val,77.715287_13.128293,2023-06-01,0.45419878,0.47500995
BiLSTM+Attention,val,77.719779_12.706085,2023-06-01,0.6345592,0.6399666
BiLSTM+Attention,val,77.719779_12.746509,2023-06-01,0.67786366,0.6992339
BiLSTM+Attention,val,77.719779_12.795916,2023-06-01,0.47368625,0.48817477
BiLSTM+Attention,val,77.719779_12.840832,2023-06-01,0.5190095,0.53092283
BiLSTM+Attention,val,77.719779_12.903714,2023-06-01,0.4195903,0.43942064
BiLSTM+Attention,val,77.719779_13.069903,2023-06-01,0.3912431,0.42386353
BiLSTM+Attention,val,77.719779_13.105835,2023-06-01,0.41962558,0.45444733
BiLSTM+Attention,val,77.719779_13.123802,2023-06-01,0.40690646,0.43360263
BiLSTM+Attention,val,77.719779_13.137276,2023-06-01,0.42043957,0.45068133
BiLSTM+Attention,val,77.719779_13.155243,2023-06-01,0.40119174,0.43599027
BiLSTM+Attention,val,77.72427_12.674644,2023-06-01,0.5321108,0.55257535
BiLSTM+Attention,val,77.72427_12.697102,2023-06-01,0.4843265,0.507338
BiLSTM+Attention,val,77.72427_12.701593,2023-06-01,0.5278092,0.5435162
BiLSTM+Attention,val,77.72427_12.724051,2023-06-01,0.5102919,0.53086835
BiLSTM+Attention,val,77.72427_12.786933,2023-06-01,0.48965546,0.49681947
BiLSTM+Attention,val,77.72427_12.791425,2023-06-01,0.49588743,0.50327563
BiLSTM+Attention,val,77.72427_12.840832,2023-06-01,0.48380062,0.5117414
BiLSTM+Attention,val,77.72427_12.867782,2023-06-01,0.4246157,0.45419496
BiLSTM+Attention,val,77.72427_12.885748,2023-06-01,0.468651,0.49441728
BiLSTM+Attention,val,77.72427_13.06092,2023-06-01,0.40322155,0.4345039
BiLSTM+Attention,val,77.72427_13.074394,2023-06-01,0.43347824,0.46160886
BiLSTM+Attention,val,77.728762_12.706085,2023-06-01,0.6194621,0.64302915
BiLSTM+Attention,val,77.728762_12.724051,2023-06-01,0.6300464,0.6449612
BiLSTM+Attention,val,77.728762_12.759984,2023-06-01,0.5009135,0.51801616
BiLSTM+Attention,val,77.728762_12.782442,2023-06-01,0.5478666,0.54956895
BiLSTM+Attention,val,77.728762_12.809391,2023-06-01,0.48770598,0.49589077
BiLSTM+Attention,val,77.728762_12.858799,2023-06-01,0.52903986,0.5510836
BiLSTM+Attention,val,77.728762_12.876765,2023-06-01,0.5358818,0.5588787
BiLSTM+Attention,val,77.728762_12.885748,2023-06-01,0.46366617,0.48503935
BiLSTM+Attention,val,77.728762_13.047445,2023-06-01,0.46705443,0.49887344
BiLSTM+Attention,val,77.728762_13.087869,2023-06-01,0.4697989,0.49788058
BiLSTM+Attention,val,77.728762_13.092361,2023-06-01,0.43079242,0.46783057
BiLSTM+Attention,val,77.733253_12.755492,2023-06-01,0.44333792,0.45947966
BiLSTM+Attention,val,77.733253_12.795916,2023-06-01,0.4726912,0.49312428
BiLSTM+Attention,val,77.733253_12.86329,2023-06-01,0.55013716,0.56964284
BiLSTM+Attention,val,77.733253_12.872273,2023-06-01,0.5460792,0.5664231
BiLSTM+Attention,val,77.733253_12.998037,2023-06-01,0.613964,0.64059293
BiLSTM+Attention,val,77.733253_13.056428,2023-06-01,0.37082794,0.40521377
BiLSTM+Attention,val,77.737745_12.764475,2023-06-01,0.43227708,0.45889565
BiLSTM+Attention,val,77.737745_12.791425,2023-06-01,0.47094518,0.4868996
BiLSTM+Attention,val,77.737745_12.809391,2023-06-01,0.4577375,0.46545348
BiLSTM+Attention,val,77.737745_12.858799,2023-06-01,0.4783958,0.49874228
BiLSTM+Attention,val,77.737745_12.872273,2023-06-01,0.53788525,0.5442165
BiLSTM+Attention,val,77.737745_12.881256,2023-06-01,0.5657288,0.59360766
BiLSTM+Attention,val,77.737745_13.051936,2023-06-01,0.37617454,0.40841016
BiLSTM+Attention,val,77.737745_13.06092,2023-06-01,0.414236,0.4446508
BiLSTM+Attention,val,77.737745_13.078886,2023-06-01,0.44288257,0.46501628
BiLSTM+Attention,val,77.737745_13.101344,2023-06-01,0.36556652,0.40397993
BiLSTM+Attention,val,77.742237_12.697102,2023-06-01,0.6555193,0.661856
BiLSTM+Attention,val,77.742237_12.764475,2023-06-01,0.45130664,0.4755255
BiLSTM+Attention,val,77.742237_12.795916,2023-06-01,0.4609468,0.47463408
BiLSTM+Attention,val,77.742237_12.8049,2023-06-01,0.48765662,0.501347
BiLSTM+Attention,val,77.742237_12.86329,2023-06-01,0.41409516,0.4370233
BiLSTM+Attention,val,77.742237_12.867782,2023-06-01,0.5461797,0.5526203
BiLSTM+Attention,val,77.742237_12.89024,2023-06-01,0.54448354,0.5667898
BiLSTM+Attention,val,77.742237_12.899223,2023-06-01,0.5427284,0.5582902
BiLSTM+Attention,val,77.742237_12.921681,2023-06-01,0.4601029,0.47952726
BiLSTM+Attention,val,77.742237_12.980071,2023-06-01,0.5165179,0.5346337
BiLSTM+Attention,val,77.742237_13.002529,2023-06-01,0.5463862,0.56927395
BiLSTM+Attention,val,77.742237_13.016004,2023-06-01,0.5245892,0.56537557
BiLSTM+Attention,val,77.742237_13.038462,2023-06-01,0.38095027,0.42413822
BiLSTM+Attention,val,77.742237_13.074394,2023-06-01,0.35537255,0.3913602
BiLSTM+Attention,val,77.742237_13.078886,2023-06-01,0.44052842,0.46065181
BiLSTM+Attention,val,77.742237_13.101344,2023-06-01,0.40135983,0.43247557
BiLSTM+Attention,val,77.746728_12.751001,2023-06-01,0.49075708,0.51043266
BiLSTM+Attention,val,77.746728_12.764475,2023-06-01,0.46989202,0.48856527
BiLSTM+Attention,val,77.746728_12.782442,2023-06-01,0.5327165,0.5632064
BiLSTM+Attention,val,77.746728_12.97558,2023-06-01,0.5331924,0.5587366
BiLSTM+Attention,val,77.746728_12.984563,2023-06-01,0.5199895,0.5466248
BiLSTM+Attention,val,77.746728_13.016004,2023-06-01,0.55721194,0.58457947
BiLSTM+Attention,val,77.746728_13.020495,2023-06-01,0.5928279,0.62347907
BiLSTM+Attention,val,77.746728_13.024987,2023-06-01,0.4795071,0.51382047
BiLSTM+Attention,val,77.746728_13.038462,2023-06-01,0.3968276,0.43243045
BiLSTM+Attention,val,77.746728_13.06092,2023-06-01,0.34131077,0.38264367
BiLSTM+Attention,val,77.746728_13.083377,2023-06-01,0.44877753,0.475822
BiLSTM+Attention,val,77.746728_13.092361,2023-06-01,0.42525673,0.45816293
BiLSTM+Attention,val,77.75122_12.751001,2023-06-01,0.48393586,0.49984702
BiLSTM+Attention,val,77.75122_12.755492,2023-06-01,0.5443735,0.56171775
BiLSTM+Attention,val,77.75122_12.768967,2023-06-01,0.43299332,0.46088472
BiLSTM+Attention,val,77.75122_12.77795,2023-06-01,0.48941296,0.51353943
BiLSTM+Attention,val,77.75122_12.894731,2023-06-01,0.46867427,0.48295456
BiLSTM+Attention,val,77.75122_12.993546,2023-06-01,0.45299345,0.4734783
BiLSTM+Attention,val,77.75122_13.020495,2023-06-01,0.50803,0.5326364
BiLSTM+Attention,val,77.75122_13.03397,2023-06-01,0.43154216,0.46373895
BiLSTM+Attention,val,77.75122_13.038462,2023-06-01,0.35618892,0.39537257
BiLSTM+Attention,val,77.755711_12.706085,2023-06-01,0.54727405,0.5784245
BiLSTM+Attention,val,77.755711_12.764475,2023-06-01,0.78492576,0.7900207
BiLSTM+Attention,val,77.755711_12.77795,2023-06-01,0.46695173,0.49005672
BiLSTM+Attention,val,77.755711_12.822866,2023-06-01,0.4621402,0.4783423
BiLSTM+Attention,val,77.755711_12.831849,2023-06-01,0.42224225,0.45305043
BiLSTM+Attention,val,77.755711_12.858799,2023-06-01,0.48943335,0.5182544
BiLSTM+Attention,val,77.755711_12.885748,2023-06-01,0.49348152,0.51821893
BiLSTM+Attention,val,77.755711_12.899223,2023-06-01,0.41910553,0.44548914
BiLSTM+Attention,val,77.755711_12.903714,2023-06-01,0.46463302,0.48605934
BiLSTM+Attention,val,77.755711_12.926172,2023-06-01,0.49441418,0.5282369
BiLSTM+Attention,val,77.760203_12.751001,2023-06-01,0.4734779,0.5033828
BiLSTM+Attention,val,77.760203_12.795916,2023-06-01,0.42952326,0.4547524
BiLSTM+Attention,val,77.760203_12.818374,2023-06-01,0.5703667,0.57897794
BiLSTM+Attention,val,77.760203_12.867782,2023-06-01,0.44201908,0.46313736
BiLSTM+Attention,val,77.760203_12.872273,2023-06-01,0.47061622,0.48884776
BiLSTM+Attention,val,77.760203_12.876765,2023-06-01,0.43408448,0.4581329
BiLSTM+Attention,val,77.760203_12.885748,2023-06-01,0.45901546,0.48095787
BiLSTM+Attention,val,77.760203_12.984563,2023-06-01,0.513909,0.536649
BiLSTM+Attention,val,77.764695_12.742018,2023-06-01,0.6578638,0.6684957
BiLSTM+Attention,val,77.764695_12.746509,2023-06-01,0.644945,0.66184616
BiLSTM+Attention,val,77.764695_12.813883,2023-06-01,0.51020575,0.52413684
BiLSTM+Attention,val,77.764695_12.849815,2023-06-01,0.46828088,0.4883728
BiLSTM+Attention,val,77.764695_12.885748,2023-06-01,0.48230457,0.50154144
BiLSTM+Attention,val,77.764695_12.912697,2023-06-01,0.49958527,0.5250765
BiLSTM+Attention,val,77.764695_13.03397,2023-06-01,0.35655457,0.39328432
BiLSTM+Attention,val,77.769186_12.751001,2023-06-01,0.6857693,0.7055974
BiLSTM+Attention,val,77.769186_12.791425,2023-06-01,0.44010016,0.45647785
BiLSTM+Attention,val,77.769186_12.800408,2023-06-01,0.50655955,0.52777505
BiLSTM+Attention,val,77.769186_12.8049,2023-06-01,0.5468874,0.57488054
BiLSTM+Attention,val,77.769186_12.809391,2023-06-01,0.45711398,0.48266748
BiLSTM+Attention,val,77.769186_12.876765,2023-06-01,0.49360895,0.5188591
BiLSTM+Attention,val,77.769186_12.894731,2023-06-01,0.46358848,0.4847394
BiLSTM+Attention,val,77.769186_13.016004,2023-06-01,0.43385112,0.4692149
BiLSTM+Attention,val,77.773678_12.746509,2023-06-01,0.6728458,0.6867184
BiLSTM+Attention,val,77.773678_12.858799,2023-06-01,0.45278773,0.45315823
BiLSTM+Attention,val,77.773678_12.885748,2023-06-01,0.47289357,0.48467875
BiLSTM+Attention,val,77.773678_12.899223,2023-06-01,0.41787416,0.44721562
BiLSTM+Attention,val,77.773678_12.908206,2023-06-01,0.4753762,0.506544
BiLSTM+Attention,val,77.778169_12.809391,2023-06-01,0.44027832,0.4611428
BiLSTM+Attention,val,77.778169_12.885748,2023-06-01,0.4894397,0.51248556
BiLSTM+Attention,val,77.782661_12.786933,2023-06-01,0.4261625,0.4504676
BiLSTM+Attention,val,77.782661_12.791425,2023-06-01,0.4716271,0.50493586
BiLSTM+Attention,val,77.782661_12.89024,2023-06-01,0.48096207,0.504015
BiLSTM+Attention,val,77.787152_12.786933,2023-06-01,0.44213274,0.47274616
BiLSTM+Attention,val,77.787152_12.849815,2023-06-01,0.4644742,0.4724806
BiLSTM+Attention,val,77.787152_12.867782,2023-06-01,0.4218604,0.44769102
BiLSTM+Attention,val,77.791644_12.8049,2023-06-01,0.47287184,0.49794424
BiLSTM+Attention,val,77.791644_12.899223,2023-06-01,0.43448555,0.4572919
BiLSTM+Attention,val,77.796136_12.854307,2023-06-01,0.4260362,0.4510371
BiLSTM+Attention,val,77.796136_12.885748,2023-06-01,0.49381232,0.51176304
BiLSTM+Attention,val,77.800627_12.876765,2023-06-01,0.5064286,0.52027273
BiLSTM+Attention,val,77.800627_12.885748,2023-06-01,0.45621422,0.47955492
BiLSTM+Attention,val,77.805119_12.876765,2023-06-01,0.5148652,0.5312913
BiLSTM+Attention,val,77.805119_12.89024,2023-06-01,0.469126,0.4929265
BiLSTM+Attention,val,77.80961_12.858799,2023-06-01,0.46961713,0.4976683
BiLSTM+Attention,val,77.80961_12.86329,2023-06-01,0.44537553,0.47383448
BiLSTM+Attention,val,77.329012_12.944139,2023-08-01,0.44387344,0.48670357
BiLSTM+Attention,val,77.329012_12.962105,2023-08-01,0.71747476,0.73813313
BiLSTM+Attention,val,77.342486_12.944139,2023-08-01,0.7056612,0.7104243
BiLSTM+Attention,val,77.346978_12.86329,2023-08-01,0.5819595,0.5931811
BiLSTM+Attention,val,77.346978_12.962105,2023-08-01,0.530086,0.5438259
BiLSTM+Attention,val,77.351469_12.89024,2023-08-01,0.5508725,0.5738371
BiLSTM+Attention,val,77.355961_12.899223,2023-08-01,0.54275304,0.569544
BiLSTM+Attention,val,77.355961_12.962105,2023-08-01,0.7434809,0.7466245
BiLSTM+Attention,val,77.360453_12.867782,2023-08-01,0.3924617,0.4266655
BiLSTM+Attention,val,77.364944_12.854307,2023-08-01,0.4271057,0.4530094
BiLSTM+Attention,val,77.364944_12.962105,2023-08-01,0.40523797,0.46241426
BiLSTM+Attention,val,77.369436_12.881256,2023-08-01,0.44592285,0.46633765
BiLSTM+Attention,val,77.369436_12.998037,2023-08-01,0.40196782,0.4398699
BiLSTM+Attention,val,77.369436_13.007021,2023-08-01,0.46548238,0.4988171
BiLSTM+Attention,val,77.373927_12.971088,2023-08-01,0.43738744,0.46584567
BiLSTM+Attention,val,77.373927_13.011512,2023-08-01,0.41809118,0.45296624
BiLSTM+Attention,val,77.373927_13.016004,2023-08-01,0.42186162,0.4574531
BiLSTM+Attention,val,77.378419_12.966596,2023-08-01,0.42665508,0.45186982
BiLSTM+Attention,val,77.382911_12.953122,2023-08-01,0.42575088,0.45226058
BiLSTM+Attention,val,77.382911_12.957613,2023-08-01,0.42383432,0.45478484
BiLSTM+Attention,val,77.387402_12.962105,2023-08-01,0.40066928,0.4329678
BiLSTM+Attention,val,77.387402_12.97558,2023-08-01,0.4761252,0.4892216
BiLSTM+Attention,val,77.387402_12.980071,2023-08-01,0.4630116,0.48469433
BiLSTM+Attention,val,77.391894_12.867782,2023-08-01,0.4933956,0.5203569
BiLSTM+Attention,val,77.391894_12.881256,2023-08-01,0.4475632,0.48236492
BiLSTM+Attention,val,77.391894_12.885748,2023-08-01,0.49112123,0.51824546
BiLSTM+Attention,val,77.396385_12.894731,2023-08-01,0.4957472,0.5084125
BiLSTM+Attention,val,77.396385_12.908206,2023-08-01,0.41133094,0.4362682
BiLSTM+Attention,val,77.396385_12.944139,2023-08-01,0.49099705,0.4965869
BiLSTM+Attention,val,77.396385_12.971088,2023-08-01,0.40674475,0.43638358
BiLSTM+Attention,val,77.396385_12.97558,2023-08-01,0.38187373,0.41452792
BiLSTM+Attention,val,77.396385_13.029478,2023-08-01,0.3605937,0.4047524
BiLSTM+Attention,val,77.400877_12.957613,2023-08-01,0.41696602,0.43617475
BiLSTM+Attention,val,77.400877_12.966596,2023-08-01,0.36404923,0.3960165
BiLSTM+Attention,val,77.400877_13.029478,2023-08-01,0.33455473,0.38261008
BiLSTM+Attention,val,77.405368_12.881256,2023-08-01,0.39103088,0.41857946
BiLSTM+Attention,val,77.405368_12.89024,2023-08-01,0.38595757,0.42118442
BiLSTM+Attention,val,77.405368_12.903714,2023-08-01,0.36015075,0.39690962
BiLSTM+Attention,val,77.405368_12.930664,2023-08-01,0.5328445,0.54182637
BiLSTM+Attention,val,77.405368_12.998037,2023-08-01,0.43345803,0.44417265
BiLSTM+Attention,val,77.405368_13.11931,2023-08-01,0.3731309,0.39886156
BiLSTM+Attention,val,77.40986_12.872273,2023-08-01,0.37594453,0.3977103
BiLSTM+Attention,val,77.40986_12.881256,2023-08-01,0.33908004,0.37489125
BiLSTM+Attention,val,77.40986_12.962105,2023-08-01,0.46812308,0.47838628
BiLSTM+Attention,val,77.414352_12.930664,2023-08-01,0.46117732,0.47799042
BiLSTM+Attention,val,77.414352_12.989054,2023-08-01,0.37194628,0.4060606
BiLSTM+Attention,val,77.414352_12.993546,2023-08-01,0.40900025,0.42523566
BiLSTM+Attention,val,77.414352_13.03397,2023-08-01,0.38095713,0.41796574
BiLSTM+Attention,val,77.414352_13.11931,2023-08-01,0.3904537,0.42305285
BiLSTM+Attention,val,77.418843_12.876765,2023-08-01,0.36303607,0.40089166
BiLSTM+Attention,val,77.418843_12.89024,2023-08-01,0.3968607,0.42928988
BiLSTM+Attention,val,77.418843_12.94863,2023-08-01,0.4238797,0.45743787
BiLSTM+Attention,val,77.418843_12.971088,2023-08-01,0.3847883,0.4191825
BiLSTM+Attention,val,77.418843_12.993546,2023-08-01,0.41540515,0.43506375
BiLSTM+Attention,val,77.418843_13.016004,2023-08-01,0.3716478,0.4141616
BiLSTM+Attention,val,77.418843_13.024987,2023-08-01,0.39172632,0.41893962
BiLSTM+Attention,val,77.418843_13.029478,2023-08-01,0.3908985,0.42775166
BiLSTM+Attention,val,77.418843_13.146259,2023-08-01,0.3419129,0.37615684
BiLSTM+Attention,val,77.423335_12.876765,2023-08-01,0.39854944,0.42828155
BiLSTM+Attention,val,77.423335_12.921681,2023-08-01,0.43461853,0.45350078
BiLSTM+Attention,val,77.423335_12.930664,2023-08-01,0.43060067,0.45205882
BiLSTM+Attention,val,77.423335_13.002529,2023-08-01,0.46669158,0.51340276
BiLSTM+Attention,val,77.423335_13.141768,2023-08-01,0.40472344,0.44735917
BiLSTM+Attention,val,77.423335_13.150751,2023-08-01,0.31940022,0.37194365
BiLSTM+Attention,val,77.427826_12.845324,2023-08-01,0.31246123,0.3730009
BiLSTM+Attention,val,77.427826_12.858799,2023-08-01,0.35358208,0.39163348
BiLSTM+Attention,val,77.427826_12.930664,2023-08-01,0.43382934,0.46285293
BiLSTM+Attention,val,77.427826_12.939647,2023-08-01,0.38180634,0.4113544
BiLSTM+Attention,val,77.427826_12.944139,2023-08-01,0.37049168,0.40547293
BiLSTM+Attention,val,77.427826_13.020495,2023-08-01,0.3678449,0.40542752
BiLSTM+Attention,val,77.427826_13.024987,2023-08-01,0.38138777,0.41977146
BiLSTM+Attention,val,77.427826_13.110327,2023-08-01,0.39422682,0.43393975
BiLSTM+Attention,val,77.427826_13.132785,2023-08-01,0.49109754,0.5216682
BiLSTM+Attention,val,77.432318_12.858799,2023-08-01,0.37436295,0.40999997
BiLSTM+Attention,val,77.432318_12.86329,2023-08-01,0.37215325,0.40960363
BiLSTM+Attention,val,77.432318_12.867782,2023-08-01,0.37127033,0.4161287
BiLSTM+Attention,val,77.432318_12.881256,2023-08-01,0.42244995,0.4493231
BiLSTM+Attention,val,77.432318_12.885748,2023-08-01,0.5375598,0.5643269
BiLSTM+Attention,val,77.432318_12.957613,2023-08-01,0.3937691,0.4288052
BiLSTM+Attention,val,77.432318_12.998037,2023-08-01,0.3496499,0.39673913
BiLSTM+Attention,val,77.432318_13.087869,2023-08-01,0.43694267,0.46555147
BiLSTM+Attention,val,77.432318_13.092361,2023-08-01,0.37381515,0.41327262
BiLSTM+Attention,val,77.436809_12.818374,2023-08-01,0.5000871,0.53368336
BiLSTM+Attention,val,77.436809_12.840832,2023-08-01,0.44573903,0.47887993
BiLSTM+Attention,val,77.436809_12.854307,2023-08-01,0.37851465,0.41296116
BiLSTM+Attention,val,77.436809_12.912697,2023-08-01,0.53070706,0.5557676
BiLSTM+Attention,val,77.436809_12.926172,2023-08-01,0.45481318,0.46577144
BiLSTM+Attention,val,77.436809_12.944139,2023-08-01,0.41008994,0.42675686
BiLSTM+Attention,val,77.436809_13.03397,2023-08-01,0.37972316,0.42071122
BiLSTM+Attention,val,77.441301_12.818374,2023-08-01,0.515608,0.54187524
BiLSTM+Attention,val,77.441301_12.831849,2023-08-01,0.41002765,0.45105052
BiLSTM+Attention,val,77.441301_12.836341,2023-08-01,0.4430261,0.4732953
BiLSTM+Attention,val,77.441301_12.840832,2023-08-01,0.43349287,0.4681655
BiLSTM+Attention,val,77.441301_12.944139,2023-08-01,0.474776,0.48840588
BiLSTM+Attention,val,77.441301_12.94863,2023-08-01,0.43644416,0.46082026
BiLSTM+Attention,val,77.441301_13.056428,2023-08-01,0.3741574,0.41451085
BiLSTM+Attention,val,77.441301_13.069903,2023-08-01,0.39186537,0.42661342
BiLSTM+Attention,val,77.441301_13.083377,2023-08-01,0.43878022,0.4780902
BiLSTM+Attention,val,77.441301_13.110327,2023-08-01,0.40306908,0.44109967
BiLSTM+Attention,val,77.445793_12.840832,2023-08-01,0.4947858,0.5273184
BiLSTM+Attention,val,77.445793_12.86329,2023-08-01,0.54553056,0.5765248
BiLSTM+Attention,val,77.445793_12.867782,2023-08-01,0.5323176,0.5601432
BiLSTM+Attention,val,77.445793_12.957613,2023-08-01,0.4442126,0.48096916
BiLSTM+Attention,val,77.445793_12.984563,2023-08-01,0.42286974,0.45522073
BiLSTM+Attention,val,77.450284_12.809391,2023-08-01,0.45563924,0.48116353
BiLSTM+Attention,val,77.450284_12.872273,2023-08-01,0.5125242,0.5268804
BiLSTM+Attention,val,77.450284_12.971088,2023-08-01,0.43458012,0.46513793
BiLSTM+Attention,val,77.450284_12.993546,2023-08-01,0.32259968,0.36594316
BiLSTM+Attention,val,77.450284_13.047445,2023-08-01,0.40015936,0.43814448
BiLSTM+Attention,val,77.450284_13.146259,2023-08-01,0.5080473,0.5254119
BiLSTM+Attention,val,77.454776_12.809391,2023-08-01,0.4419883,0.4655164
BiLSTM+Attention,val,77.454776_12.980071,2023-08-01,0.36604214,0.39840496
BiLSTM+Attention,val,77.454776_12.993546,2023-08-01,0.36306423,0.40434134
BiLSTM+Attention,val,77.454776_13.078886,2023-08-01,0.40095934,0.4435658
BiLSTM+Attention,val,77.454776_13.087869,2023-08-01,0.39473355,0.41849825
BiLSTM+Attention,val,77.454776_13.114818,2023-08-01,0.48771647,0.5129149
BiLSTM+Attention,val,77.454776_13.141768,2023-08-01,0.48909825,0.5222995
BiLSTM+Attention,val,77.459267_12.8049,2023-08-01,0.5880668,0.6072519
BiLSTM+Attention,val,77.459267_12.822866,2023-08-01,0.48085743,0.49958393
BiLSTM+Attention,val,77.459267_12.845324,2023-08-01,0.48055696,0.5195876
BiLSTM+Attention,val,77.459267_12.872273,2023-08-01,0.46867818,0.5041029
BiLSTM+Attention,val,77.459267_12.97558,2023-08-01,0.3805866,0.41622427
BiLSTM+Attention,val,77.459267_13.11931,2023-08-01,0.43320554,0.46700945
BiLSTM+Attention,val,77.463759_12.813883,2023-08-01,0.44735605,0.47705397
BiLSTM+Attention,val,77.463759_12.836341,2023-08-01,0.4700899,0.5115721
BiLSTM+Attention,val,77.463759_12.86329,2023-08-01,0.5273422,0.5556902
BiLSTM+Attention,val,77.463759_12.867782,2023-08-01,0.505609,0.53698343
BiLSTM+Attention,val,77.463759_12.872273,2023-08-01,0.4544057,0.49653822
BiLSTM+Attention,val,77.463759_12.953122,2023-08-01,0.7353683,0.74521327
BiLSTM+Attention,val,77.463759_13.03397,2023-08-01,0.3473668,0.38424116
BiLSTM+Attention,val,77.463759_13.078886,2023-08-01,0.5048931,0.53544074
BiLSTM+Attention,val,77.46825_12.827358,2023-08-01,0.3947717,0.4311354
BiLSTM+Attention,val,77.46825_12.836341,2023-08-01,0.50190693,0.51883644
BiLSTM+Attention,val,77.46825_12.94863,2023-08-01,0.51181227,0.527403
BiLSTM+Attention,val,77.46825_12.953122,2023-08-01,0.42476922,0.45456615
BiLSTM+Attention,val,77.46825_12.966596,2023-08-01,0.4333556,0.46748862
BiLSTM+Attention,val,77.46825_13.007021,2023-08-01,0.35851943,0.3948322
BiLSTM+Attention,val,77.46825_13.020495,2023-08-01,0.4462066,0.47249866
BiLSTM+Attention,val,77.46825_13.114818,2023-08-01,0.4763021,0.50603336
BiLSTM+Attention,val,77.46825_13.150751,2023-08-01,0.38672101,0.42180625
BiLSTM+Attention,val,77.472742_12.746509,2023-08-01,0.55231994,0.58247447
BiLSTM+Attention,val,77.472742_12.751001,2023-08-01,0.49471992,0.52936894
BiLSTM+Attention,val,77.472742_12.755492,2023-08-01,0.5115892,0.53817797
BiLSTM+Attention,val,77.472742_12.836341,2023-08-01,0.48151276,0.4996028
BiLSTM+Attention,val,77.472742_12.984563,2023-08-01,0.41737917,0.4519543
BiLSTM+Attention,val,77.472742_13.087869,2023-08-01,0.42525876,0.46682945
BiLSTM+Attention,val,77.477234_12.764475,2023-08-01,0.48996773,0.521328
BiLSTM+Attention,val,77.477234_12.782442,2023-08-01,0.45757613,0.49398735
BiLSTM+Attention,val,77.477234_12.840832,2023-08-01,0.4952924,0.52769583
BiLSTM+Attention,val,77.477234_12.935155,2023-08-01,0.5593407,0.5727409
BiLSTM+Attention,val,77.477234_12.944139,2023-08-01,0.46336412,0.49227816
BiLSTM+Attention,val,77.477234_12.94863,2023-08-01,0.4817002,0.51070565
BiLSTM+Attention,val,77.477234_12.971088,2023-08-01,0.487597,0.51200026
BiLSTM+Attention,val,77.477234_13.002529,2023-08-01,0.3621684,0.39474043
BiLSTM+Attention,val,77.477234_13.056428,2023-08-01,0.41138253,0.45324987
BiLSTM+Attention,val,77.481725_12.737526,2023-08-01,0.4977175,0.524502
BiLSTM+Attention,val,77.481725_12.768967,2023-08-01,0.52883065,0.5387301
BiLSTM+Attention,val,77.481725_12.831849,2023-08-01,0.44082537,0.4716523
BiLSTM+Attention,val,77.481725_12.944139,2023-08-01,0.47095418,0.50120324
BiLSTM+Attention,val,77.481725_12.971088,2023-08-01,0.3889189,0.4263099
BiLSTM+Attention,val,77.481725_12.980071,2023-08-01,0.47764185,0.49365819
BiLSTM+Attention,val,77.481725_13.024987,2023-08-01,0.4285964,0.47460613
BiLSTM+Attention,val,77.481725_13.03397,2023-08-01,0.4234001,0.44921562
BiLSTM+Attention,val,77.481725_13.096852,2023-08-01,0.5581529,0.5909259
BiLSTM+Attention,val,77.481725_13.137276,2023-08-01,0.72551554,0.7412848
BiLSTM+Attention,val,77.486217_12.764475,2023-08-01,0.49296454,0.5176386
BiLSTM+Attention,val,77.486217_12.872273,2023-08-01,0.45755243,0.4940327
BiLSTM+Attention,val,77.486217_12.939647,2023-08-01,0.49363363,0.5168633
BiLSTM+Attention,val,77.486217_12.998037,2023-08-01,0.41161194,0.44383034
BiLSTM+Attention,val,77.486217_13.042953,2023-08-01,0.5071546,0.5323435
BiLSTM+Attention,val,77.486217_13.06092,2023-08-01,0.5175626,0.54653996
BiLSTM+Attention,val,77.486217_13.114818,2023-08-01,0.47340614,0.50280774
BiLSTM+Attention,val,77.486217_13.11931,2023-08-01,0.49084246,0.5136265
BiLSTM+Attention,val,77.490708_12.768967,2023-08-01,0.48922205,0.5200348
BiLSTM+Attention,val,77.490708_12.8049,2023-08-01,0.4898701,0.5314075
BiLSTM+Attention,val,77.490708_12.849815,2023-08-01,0.48739633,0.5228222
BiLSTM+Attention,val,77.490708_13.051936,2023-08-01,0.5841278,0.6130437
BiLSTM+Attention,val,77.490708_13.087869,2023-08-01,0.5073028,0.54799026
BiLSTM+Attention,val,77.490708_13.092361,2023-08-01,0.4912575,0.5312902
BiLSTM+Attention,val,77.490708_13.096852,2023-08-01,0.53292584,0.57702297
BiLSTM+Attention,val,77.4952_12.786933,2023-08-01,0.4475412,0.4848742
BiLSTM+Attention,val,77.4952_12.836341,2023-08-01,0.4634754,0.4973085
BiLSTM+Attention,val,77.4952_13.020495,2023-08-01,0.48694053,0.51420105
BiLSTM+Attention,val,77.4952_13.024987,2023-08-01,0.50213027,0.520848
BiLSTM+Attention,val,77.4952_13.03397,2023-08-01,0.5707511,0.6007836
BiLSTM+Attention,val,77.4952_13.087869,2023-08-01,0.45576525,0.49783257
BiLSTM+Attention,val,77.4952_13.092361,2023-08-01,0.48921126,0.5321596
BiLSTM+Attention,val,77.499692_12.755492,2023-08-01,0.5812863,0.6117773
BiLSTM+Attention,val,77.499692_12.858799,2023-08-01,0.5883995,0.61757517
BiLSTM+Attention,val,77.499692_12.984563,2023-08-01,0.49781528,0.5200028
BiLSTM+Attention,val,77.499692_13.114818,2023-08-01,0.49531916,0.52611685
BiLSTM+Attention,val,77.499692_13.137276,2023-08-01,0.4391498,0.4697869
BiLSTM+Attention,val,77.504183_12.764475,2023-08-01,0.54119843,0.56500757
BiLSTM+Attention,val,77.504183_12.786933,2023-08-01,0.522355,0.5487214
BiLSTM+Attention,val,77.504183_12.818374,2023-08-01,0.5100398,0.5385508
BiLSTM+Attention,val,77.504183_12.854307,2023-08-01,0.48237133,0.51905406
BiLSTM+Attention,val,77.504183_12.858799,2023-08-01,0.6010126,0.62244296
BiLSTM+Attention,val,77.504183_13.083377,2023-08-01,0.57529837,0.60356236
BiLSTM+Attention,val,77.504183_13.141768,2023-08-01,0.4678611,0.50358915
BiLSTM+Attention,val,77.504183_13.159734,2023-08-01,0.5159048,0.54154503
BiLSTM+Attention,val,77.508675_12.751001,2023-08-01,0.6390444,0.64654493
BiLSTM+Attention,val,77.508675_12.795916,2023-08-01,0.54150575,0.57847244
BiLSTM+Attention,val,77.508675_12.831849,2023-08-01,0.5083419,0.54835755
BiLSTM+Attention,val,77.508675_12.836341,2023-08-01,0.5633642,0.5914875
BiLSTM+Attention,val,77.508675_12.845324,2023-08-01,0.5259032,0.5603529
BiLSTM+Attention,val,77.508675_13.114818,2023-08-01,0.4280081,0.46131375
BiLSTM+Attention,val,77.508675_13.137276,2023-08-01,0.41508892,0.46401864
BiLSTM+Attention,val,77.508675_13.159734,2023-08-01,0.5301677,0.5576022
BiLSTM+Attention,val,77.513166_12.746509,2023-08-01,0.7516549,0.75689137
BiLSTM+Attention,val,77.513166_12.764475,2023-08-01,0.5086137,0.5392714
BiLSTM+Attention,val,77.513166_12.77795,2023-08-01,0.63130146,0.63568085
BiLSTM+Attention,val,77.513166_12.822866,2023-08-01,0.60699487,0.6350954
BiLSTM+Attention,val,77.513166_13.087869,2023-08-01,0.56028646,0.59849185
BiLSTM+Attention,val,77.513166_13.096852,2023-08-01,0.6057085,0.6484803
BiLSTM+Attention,val,77.513166_13.137276,2023-08-01,0.3801739,0.42667663
BiLSTM+Attention,val,77.517658_12.764475,2023-08-01,0.6055458,0.60868925
BiLSTM+Attention,val,77.517658_12.77795,2023-08-01,0.5754461,0.60277283
BiLSTM+Attention,val,77.517658_12.782442,2023-08-01,0.5803882,0.60697985
BiLSTM+Attention,val,77.517658_12.795916,2023-08-01,0.5504695,0.5806501
BiLSTM+Attention,val,77.517658_12.827358,2023-08-01,0.52281106,0.5525004
BiLSTM+Attention,val,77.517658_12.849815,2023-08-01,0.4934579,0.5221109
BiLSTM+Attention,val,77.517658_13.11931,2023-08-01,0.3727002,0.4184247
BiLSTM+Attention,val,77.522149_12.751001,2023-08-01,0.6719515,0.6881493
BiLSTM+Attention,val,77.522149_12.755492,2023-08-01,0.6350501,0.6500812
BiLSTM+Attention,val,77.522149_12.759984,2023-08-01,0.66026366,0.68208355
BiLSTM+Attention,val,77.522149_12.782442,2023-08-01,0.6117539,0.6325658
BiLSTM+Attention,val,77.522149_12.809391,2023-08-01,0.7745795,0.7804716
BiLSTM+Attention,val,77.522149_12.813883,2023-08-01,0.4805011,0.51376736
BiLSTM+Attention,val,77.522149_12.818374,2023-08-01,0.45327255,0.49051735
BiLSTM+Attention,val,77.522149_12.836341,2023-08-01,0.52781206,0.54593414
BiLSTM+Attention,val,77.522149_12.845324,2023-08-01,0.54229635,0.55075693
BiLSTM+Attention,val,77.522149_13.056428,2023-08-01,0.65120584,0.65334237
BiLSTM+Attention,val,77.522149_13.078886,2023-08-01,0.59094596,0.62586653
BiLSTM+Attention,val,77.522149_13.146259,2023-08-01,0.34314892,0.4036194
BiLSTM+Attention,val,77.526641_12.751001,2023-08-01,0.650957,0.66665894
BiLSTM+Attention,val,77.526641_12.840832,2023-08-01,0.5909079,0.62070495
BiLSTM+Attention,val,77.526641_13.078886,2023-08-01,0.59135973,0.621349
BiLSTM+Attention,val,77.526641_13.105835,2023-08-01,0.41756323,0.44834432
BiLSTM+Attention,val,77.526641_13.110327,2023-08-01,0.38746446,0.42816737
BiLSTM+Attention,val,77.531133_12.791425,2023-08-01,0.5370453,0.56021285
BiLSTM+Attention,val,77.531133_12.795916,2023-08-01,0.5685643,0.5987639
BiLSTM+Attention,val,77.531133_12.800408,2023-08-01,0.5563185,0.5859879
BiLSTM+Attention,val,77.531133_12.822866,2023-08-01,0.5214089,0.53740776
BiLSTM+Attention,val,77.531133_12.827358,2023-08-01,0.5309928,0.5633325
BiLSTM+Attention,val,77.531133_13.083377,2023-08-01,0.56018484,0.5918823
BiLSTM+Attention,val,77.531133_13.114818,2023-08-01,0.40253058,0.43970346
BiLSTM+Attention,val,77.535624_12.77795,2023-08-01,0.74191105,0.7576663
BiLSTM+Attention,val,77.535624_12.822866,2023-08-01,0.65128255,0.6794076
BiLSTM+Attention,val,77.535624_12.872273,2023-08-01,0.4076403,0.44219753
BiLSTM+Attention,val,77.535624_13.069903,2023-08-01,0.6998652,0.7173407
BiLSTM+Attention,val,77.535624_13.083377,2023-08-01,0.541569,0.58156455
BiLSTM+Attention,val,77.535624_13.096852,2023-08-01,0.43977717,0.48051405
BiLSTM+Attention,val,77.535624_13.114818,2023-08-01,0.44315094,0.47540537
BiLSTM+Attention,val,77.535624_13.132785,2023-08-01,0.46296751,0.4946445
BiLSTM+Attention,val,77.535624_13.137276,2023-08-01,0.38490617,0.42473668
BiLSTM+Attention,val,77.540116_12.77795,2023-08-01,0.5713084,0.5939758
BiLSTM+Attention,val,77.540116_12.795916,2023-08-01,0.6074726,0.6229928
BiLSTM+Attention,val,77.540116_13.042953,2023-08-01,0.55454135,0.59063864
BiLSTM+Attention,val,77.540116_13.074394,2023-08-01,0.6013842,0.6243849
BiLSTM+Attention,val,77.540116_13.092361,2023-08-01,0.40895313,0.44154242
BiLSTM+Attention,val,77.540116_13.101344,2023-08-01,0.41126946,0.43889606
BiLSTM+Attention,val,77.540116_13.105835,2023-08-01,0.43337587,0.4649667
BiLSTM+Attention,val,77.540116_13.114818,2023-08-01,0.42621523,0.44848922
BiLSTM+Attention,val,77.540116_13.132785,2023-08-01,0.4342278,0.4753745
BiLSTM+Attention,val,77.540116_13.155243,2023-08-01,0.48591593,0.5193353
BiLSTM+Attention,val,77.544607_13.218125,2023-08-01,0.46042347,0.49762473
BiLSTM+Attention,val,77.549099_12.822866,2023-08-01,0.7343645,0.74795926
BiLSTM+Attention,val,77.549099_12.831849,2023-08-01,0.6201688,0.64938647
BiLSTM+Attention,val,77.549099_12.836341,2023-08-01,0.61081743,0.61500746
BiLSTM+Attention,val,77.549099_12.876765,2023-08-01,0.4897474,0.5124599
BiLSTM+Attention,val,77.549099_13.096852,2023-08-01,0.48996854,0.5208192
BiLSTM+Attention,val,77.549099_13.132785,2023-08-01,0.6342326,0.6447135
BiLSTM+Attention,val,77.55359_12.71956,2023-08-01,0.7490659,0.75200593
BiLSTM+Attention,val,77.55359_12.782442,2023-08-01,0.6845054,0.69231844
BiLSTM+Attention,val,77.55359_13.069903,2023-08-01,0.71457034,0.73622835
BiLSTM+Attention,val,77.55359_13.101344,2023-08-01,0.40835592,0.44710305
BiLSTM+Attention,val,77.55359_13.110327,2023-08-01,0.478023,0.50904
BiLSTM+Attention,val,77.55359_13.128293,2023-08-01,0.6060548,0.62075627
BiLSTM+Attention,val,77.55359_13.168717,2023-08-01,0.49005988,0.5086899
BiLSTM+Attention,val,77.55359_13.173209,2023-08-01,0.41387603,0.4342217
BiLSTM+Attention,val,77.558082_12.710577,2023-08-01,0.75923574,0.7688724
BiLSTM+Attention,val,77.558082_12.827358,2023-08-01,0.6786394,0.70481396
BiLSTM+Attention,val,77.558082_12.845324,2023-08-01,0.65815896,0.68918127
BiLSTM+Attention,val,77.558082_13.042953,2023-08-01,0.64640164,0.6676002
BiLSTM+Attention,val,77.558082_13.051936,2023-08-01,0.6963596,0.7144353
BiLSTM+Attention,val,77.558082_13.110327,2023-08-01,0.49026138,0.5310071
BiLSTM+Attention,val,77.558082_13.168717,2023-08-01,0.48712042,0.51509553
BiLSTM+Attention,val,77.558082_13.1777,2023-08-01,0.45782402,0.47921208
BiLSTM+Attention,val,77.562574_12.71956,2023-08-01,0.76307994,0.76572955
BiLSTM+Attention,val,77.562574_12.827358,2023-08-01,0.68511003,0.7057861
BiLSTM+Attention,val,77.562574_12.858799,2023-08-01,0.42185912,0.45084882
BiLSTM+Attention,val,77.562574_13.141768,2023-08-01,0.43195477,0.45016798
BiLSTM+Attention,val,77.562574_13.159734,2023-08-01,0.47706285,0.5093579
BiLSTM+Attention,val,77.562574_13.173209,2023-08-01,0.47855937,0.50667274
BiLSTM+Attention,val,77.567065_12.724051,2023-08-01,0.7402916,0.7268179
BiLSTM+Attention,val,77.567065_12.849815,2023-08-01,0.64797276,0.6706505
BiLSTM+Attention,val,77.567065_13.105835,2023-08-01,0.5650285,0.59830374
BiLSTM+Attention,val,77.567065_13.114818,2023-08-01,0.6461107,0.67605734
BiLSTM+Attention,val,77.567065_13.182192,2023-08-01,0.4892503,0.51856583
BiLSTM+Attention,val,77.571557_12.71956,2023-08-01,0.74161416,0.7478211
BiLSTM+Attention,val,77.571557_12.800408,2023-08-01,0.67110264,0.6715472
BiLSTM+Attention,val,77.571557_12.849815,2023-08-01,0.66098636,0.6747225
BiLSTM+Attention,val,77.571557_13.141768,2023-08-01,0.44068143,0.46695432
BiLSTM+Attention,val,77.571557_13.146259,2023-08-01,0.45598763,0.48027304
BiLSTM+Attention,val,77.576048_12.71956,2023-08-01,0.7243686,0.7255262
BiLSTM+Attention,val,77.576048_12.728543,2023-08-01,0.75061125,0.74715847
BiLSTM+Attention,val,77.576048_12.827358,2023-08-01,0.617833,0.6355076
BiLSTM+Attention,val,77.58054_12.800408,2023-08-01,0.7058064,0.7242747
BiLSTM+Attention,val,77.58054_12.845324,2023-08-01,0.6764125,0.6932457
BiLSTM+Attention,val,77.58054_13.083377,2023-08-01,0.5101775,0.5284507
BiLSTM+Attention,val,77.58054_13.087869,2023-08-01,0.4718644,0.4996176
BiLSTM+Attention,val,77.585031_12.849815,2023-08-01,0.6828836,0.6700012
BiLSTM+Attention,val,77.585031_13.042953,2023-08-01,0.69108284,0.7116811
BiLSTM+Attention,val,77.585031_13.137276,2023-08-01,0.46647674,0.487957
BiLSTM+Attention,val,77.589523_12.71956,2023-08-01,0.8123385,0.80553365
BiLSTM+Attention,val,77.589523_12.746509,2023-08-01,0.7146197,0.71415114
BiLSTM+Attention,val,77.589523_12.971088,2023-08-01,0.7602962,0.7485132
BiLSTM+Attention,val,77.589523_13.083377,2023-08-01,0.5852513,0.60847974
BiLSTM+Attention,val,77.589523_13.150751,2023-08-01,0.4571564,0.4885287
BiLSTM+Attention,val,77.594015_12.724051,2023-08-01,0.8258819,0.8102545
BiLSTM+Attention,val,77.594015_12.733034,2023-08-01,0.79428035,0.79328597
BiLSTM+Attention,val,77.594015_12.831849,2023-08-01,0.58536977,0.59311324
BiLSTM+Attention,val,77.594015_12.836341,2023-08-01,0.61615646,0.637122
BiLSTM+Attention,val,77.594015_12.840832,2023-08-01,0.6288712,0.64319307
BiLSTM+Attention,val,77.594015_12.849815,2023-08-01,0.6180476,0.6378418
BiLSTM+Attention,val,77.594015_12.998037,2023-08-01,0.7231742,0.73891777
BiLSTM+Attention,val,77.594015_13.087869,2023-08-01,0.59088844,0.6316353
BiLSTM+Attention,val,77.598506_12.665661,2023-08-01,0.7690168,0.76641774
BiLSTM+Attention,val,77.598506_12.710577,2023-08-01,0.679177,0.6881126
BiLSTM+Attention,val,77.598506_12.822866,2023-08-01,0.61319494,0.61678207
BiLSTM+Attention,val,77.598506_12.849815,2023-08-01,0.69845366,0.7141485
BiLSTM+Attention,val,77.598506_13.083377,2023-08-01,0.5790623,0.61044866
BiLSTM+Attention,val,77.602998_12.710577,2023-08-01,0.70206386,0.71057796
BiLSTM+Attention,val,77.602998_12.827358,2023-08-01,0.4901008,0.50438917
BiLSTM+Attention,val,77.602998_13.114818,2023-08-01,0.5675336,0.5963688
BiLSTM+Attention,val,77.602998_13.11931,2023-08-01,0.56950057,0.5965017
BiLSTM+Attention,val,77.602998_13.164226,2023-08-01,0.46304986,0.4887897
BiLSTM+Attention,val,77.607489_12.768967,2023-08-01,0.61163306,0.626085
BiLSTM+Attention,val,77.607489_12.773459,2023-08-01,0.5888619,0.6022954
BiLSTM+Attention,val,77.607489_12.791425,2023-08-01,0.5298744,0.55731213
BiLSTM+Attention,val,77.607489_12.809391,2023-08-01,0.64562213,0.6620582
BiLSTM+Attention,val,77.607489_12.818374,2023-08-01,0.6827088,0.7113315
BiLSTM+Attention,val,77.607489_13.087869,2023-08-01,0.72689724,0.7479508
BiLSTM+Attention,val,77.611981_12.674644,2023-08-01,0.78616846,0.7995931
BiLSTM+Attention,val,77.611981_12.768967,2023-08-01,0.5620232,0.5783864
BiLSTM+Attention,val,77.611981_12.831849,2023-08-01,0.55700177,0.5569675
BiLSTM+Attention,val,77.611981_12.953122,2023-08-01,0.717679,0.74630415
BiLSTM+Attention,val,77.611981_13.105835,2023-08-01,0.53160167,0.55370003
BiLSTM+Attention,val,77.611981_13.168717,2023-08-01,0.40604243,0.44593343
BiLSTM+Attention,val,77.611981_13.182192,2023-08-01,0.3568625,0.40405408
BiLSTM+Attention,val,77.616473_12.831849,2023-08-01,0.61907035,0.6300976
BiLSTM+Attention,val,77.616473_13.114818,2023-08-01,0.5538068,0.5879269
BiLSTM+Attention,val,77.616473_13.1777,2023-08-01,0.37093782,0.40644315
BiLSTM+Attention,val,77.620964_12.674644,2023-08-01,0.79658306,0.7959931
BiLSTM+Attention,val,77.620964_12.795916,2023-08-01,0.43163955,0.46107846
BiLSTM+Attention,val,77.620964_12.813883,2023-08-01,0.44020832,0.46493742
BiLSTM+Attention,val,77.625456_12.782442,2023-08-01,0.51458937,0.53639114
BiLSTM+Attention,val,77.625456_13.065411,2023-08-01,0.39609605,0.4316377
BiLSTM+Attention,val,77.625456_13.155243,2023-08-01,0.6358319,0.65501255
BiLSTM+Attention,val,77.625456_13.182192,2023-08-01,0.43448028,0.45835623
BiLSTM+Attention,val,77.629947_12.795916,2023-08-01,0.75844693,0.76129544
BiLSTM+Attention,val,77.629947_12.809391,2023-08-01,0.45789856,0.49128732
BiLSTM+Attention,val,77.629947_13.06092,2023-08-01,0.4146871,0.45421028
BiLSTM+Attention,val,77.629947_13.087869,2023-08-01,0.42783892,0.46114534
BiLSTM+Attention,val,77.629947_13.1777,2023-08-01,0.447205,0.47498712
BiLSTM+Attention,val,77.634439_12.679136,2023-08-01,0.7692249,0.7677392
BiLSTM+Attention,val,77.634439_12.701593,2023-08-01,0.7188831,0.7245481
BiLSTM+Attention,val,77.634439_12.733034,2023-08-01,0.47826785,0.50227004
BiLSTM+Attention,val,77.634439_12.746509,2023-08-01,0.51708853,0.5351904
BiLSTM+Attention,val,77.634439_12.751001,2023-08-01,0.5190347,0.53318095
BiLSTM+Attention,val,77.634439_13.083377,2023-08-01,0.3981177,0.44032666
BiLSTM+Attention,val,77.63893_12.688119,2023-08-01,0.67867947,0.69510484
BiLSTM+Attention,val,77.63893_12.742018,2023-08-01,0.53608376,0.55065626
BiLSTM+Attention,val,77.63893_12.791425,2023-08-01,0.5224119,0.5447251
BiLSTM+Attention,val,77.63893_12.800408,2023-08-01,0.46935973,0.492936
BiLSTM+Attention,val,77.63893_12.818374,2023-08-01,0.4636925,0.4856711
BiLSTM+Attention,val,77.63893_12.840832,2023-08-01,0.61388654,0.6358795
BiLSTM+Attention,val,77.63893_12.989054,2023-08-01,0.63874644,0.66480285
BiLSTM+Attention,val,77.63893_13.078886,2023-08-01,0.4324116,0.45573887
BiLSTM+Attention,val,77.63893_13.083377,2023-08-01,0.39769801,0.4381626
BiLSTM+Attention,val,77.63893_13.1777,2023-08-01,0.43475613,0.4669585
BiLSTM+Attention,val,77.643422_12.795916,2023-08-01,0.47794515,0.49456576
BiLSTM+Attention,val,77.643422_12.800408,2023-08-01,0.48116693,0.4987914
BiLSTM+Attention,val,77.643422_12.809391,2023-08-01,0.49470145,0.5165268
BiLSTM+Attention,val,77.643422_13.164226,2023-08-01,0.56955314,0.59486663
BiLSTM+Attention,val,77.647914_12.688119,2023-08-01,0.7035855,0.7279506
BiLSTM+Attention,val,77.647914_12.733034,2023-08-01,0.53696936,0.5581714
BiLSTM+Attention,val,77.647914_13.168717,2023-08-01,0.7122859,0.722973
BiLSTM+Attention,val,77.652405_12.697102,2023-08-01,0.66960543,0.6987504
BiLSTM+Attention,val,77.652405_12.773459,2023-08-01,0.4618316,0.47792011
BiLSTM+Attention,val,77.652405_12.795916,2023-08-01,0.42050055,0.44641402
BiLSTM+Attention,val,77.652405_12.8049,2023-08-01,0.51410306,0.5340591
BiLSTM+Attention,val,77.656897_12.742018,2023-08-01,0.52640384,0.5580444
BiLSTM+Attention,val,77.656897_12.746509,2023-08-01,0.5171795,0.5395888
BiLSTM+Attention,val,77.656897_12.768967,2023-08-01,0.51437426,0.5368452
BiLSTM+Attention,val,77.656897_12.791425,2023-08-01,0.43474907,0.46188083
BiLSTM+Attention,val,77.656897_12.800408,2023-08-01,0.54091763,0.55313456
BiLSTM+Attention,val,77.656897_12.849815,2023-08-01,0.41949007,0.4390268
BiLSTM+Attention,val,77.656897_13.101344,2023-08-01,0.4626897,0.4939451
BiLSTM+Attention,val,77.656897_13.164226,2023-08-01,0.4492219,0.47520116
BiLSTM+Attention,val,77.656897_13.173209,2023-08-01,0.4115852,0.43366238
BiLSTM+Attention,val,77.661388_12.737526,2023-08-01,0.55204296,0.5732204
BiLSTM+Attention,val,77.661388_12.759984,2023-08-01,0.5457179,0.5632117
BiLSTM+Attention,val,77.661388_13.074394,2023-08-01,0.51425475,0.5476324
BiLSTM+Attention,val,77.661388_13.087869,2023-08-01,0.42893893,0.46169326
BiLSTM+Attention,val,77.661388_13.101344,2023-08-01,0.43461233,0.47721103
BiLSTM+Attention,val,77.661388_13.110327,2023-08-01,0.507308,0.5421365
BiLSTM+Attention,val,77.661388_13.11931,2023-08-01,0.5814491,0.60493326
BiLSTM+Attention,val,77.66588_12.679136,2023-08-01,0.64225864,0.6545562
BiLSTM+Attention,val,77.66588_12.697102,2023-08-01,0.6130993,0.6343289
BiLSTM+Attention,val,77.66588_12.715068,2023-08-01,0.6349993,0.63671273
BiLSTM+Attention,val,77.66588_12.724051,2023-08-01,0.6052492,0.61731946
BiLSTM+Attention,val,77.66588_12.751001,2023-08-01,0.5001024,0.5137718
BiLSTM+Attention,val,77.66588_12.755492,2023-08-01,0.5571065,0.57609284
BiLSTM+Attention,val,77.66588_12.764475,2023-08-01,0.5368113,0.56387997
BiLSTM+Attention,val,77.66588_12.768967,2023-08-01,0.6866462,0.7062784
BiLSTM+Attention,val,77.66588_12.791425,2023-08-01,0.5950076,0.6041519
BiLSTM+Attention,val,77.66588_12.953122,2023-08-01,0.54521084,0.57659024
BiLSTM+Attention,val,77.670371_12.71956,2023-08-01,0.6378896,0.64842284
BiLSTM+Attention,val,77.670371_12.894731,2023-08-01,0.40443426,0.44938126
BiLSTM+Attention,val,77.670371_13.069903,2023-08-01,0.39494735,0.44611213
BiLSTM+Attention,val,77.670371_13.083377,2023-08-01,0.37080818,0.4232928
BiLSTM+Attention,val,77.670371_13.092361,2023-08-01,0.37958458,0.4245523
BiLSTM+Attention,val,77.670371_13.128293,2023-08-01,0.49521825,0.51602983
BiLSTM+Attention,val,77.674863_12.674644,2023-08-01,0.69941235,0.7250884
BiLSTM+Attention,val,77.674863_12.71956,2023-08-01,0.6413477,0.6627355
BiLSTM+Attention,val,77.674863_12.755492,2023-08-01,0.49593586,0.5156371
BiLSTM+Attention,val,77.674863_12.764475,2023-08-01,0.49503878,0.5174365
BiLSTM+Attention,val,77.674863_12.786933,2023-08-01,0.49508318,0.52180946
BiLSTM+Attention,val,77.674863_12.836341,2023-08-01,0.5185679,0.5303233
BiLSTM+Attention,val,77.674863_13.069903,2023-08-01,0.36069226,0.42287496
BiLSTM+Attention,val,77.674863_13.092361,2023-08-01,0.42586392,0.46295524
BiLSTM+Attention,val,77.674863_13.105835,2023-08-01,0.47525492,0.5072503
BiLSTM+Attention,val,77.679355_12.697102,2023-08-01,0.49940115,0.5389448
BiLSTM+Attention,val,77.679355_12.746509,2023-08-01,0.67689586,0.6817533
BiLSTM+Attention,val,77.679355_12.89024,2023-08-01,0.4926934,0.52196634
BiLSTM+Attention,val,77.679355_12.899223,2023-08-01,0.39402556,0.44708517
BiLSTM+Attention,val,77.679355_13.074394,2023-08-01,0.4159791,0.46540204
BiLSTM+Attention,val,77.679355_13.101344,2023-08-01,0.4549844,0.47248116
BiLSTM+Attention,val,77.679355_13.141768,2023-08-01,0.49960634,0.51721036
BiLSTM+Attention,val,77.679355_13.155243,2023-08-01,0.39950696,0.4350598
BiLSTM+Attention,val,77.683846_12.728543,2023-08-01,0.5406936,0.5708056
BiLSTM+Attention,val,77.683846_12.742018,2023-08-01,0.49239817,0.5174211
BiLSTM+Attention,val,77.683846_12.755492,2023-08-01,0.6985604,0.71323335
BiLSTM+Attention,val,77.683846_12.795916,2023-08-01,0.5008647,0.5158664
BiLSTM+Attention,val,77.683846_12.8049,2023-08-01,0.47797328,0.49613857
BiLSTM+Attention,val,77.683846_12.836341,2023-08-01,0.5905467,0.5926689
BiLSTM+Attention,val,77.683846_12.840832,2023-08-01,0.58794004,0.60286236
BiLSTM+Attention,val,77.683846_12.894731,2023-08-01,0.49187815,0.5260339
BiLSTM+Attention,val,77.683846_12.917189,2023-08-01,0.3914518,0.46002153
BiLSTM+Attention,val,77.683846_12.939647,2023-08-01,0.6872398,0.7220628
BiLSTM+Attention,val,77.683846_13.06092,2023-08-01,0.44561166,0.47417036
BiLSTM+Attention,val,77.683846_13.074394,2023-08-01,0.37746602,0.42960873
BiLSTM+Attention,val,77.683846_13.11931,2023-08-01,0.3644419,0.40993205
BiLSTM+Attention,val,77.683846_13.123802,2023-08-01,0.4272226,0.4592408
BiLSTM+Attention,val,77.688338_12.656678,2023-08-01,0.69910216,0.6991929
BiLSTM+Attention,val,77.688338_12.69261,2023-08-01,0.77841675,0.7899181
BiLSTM+Attention,val,77.688338_12.697102,2023-08-01,0.7907621,0.796889
BiLSTM+Attention,val,77.688338_12.710577,2023-08-01,0.7953129,0.79896873
BiLSTM+Attention,val,77.688338_12.751001,2023-08-01,0.570144,0.58977103
BiLSTM+Attention,val,77.688338_12.755492,2023-08-01,0.5262857,0.5487642
BiLSTM+Attention,val,77.688338_12.885748,2023-08-01,0.4885907,0.5107026
BiLSTM+Attention,val,77.688338_12.966596,2023-08-01,0.55062354,0.5885761
BiLSTM+Attention,val,77.692829_12.746509,2023-08-01,0.44846594,0.48017773
BiLSTM+Attention,val,77.692829_12.800408,2023-08-01,0.4431097,0.47085744
BiLSTM+Attention,val,77.692829_12.845324,2023-08-01,0.6288411,0.64273083
BiLSTM+Attention,val,77.692829_12.885748,2023-08-01,0.52679896,0.5499149
BiLSTM+Attention,val,77.692829_12.899223,2023-08-01,0.438474,0.4808828
BiLSTM+Attention,val,77.692829_13.06092,2023-08-01,0.57611674,0.59260416
BiLSTM+Attention,val,77.692829_13.065411,2023-08-01,0.54890186,0.55729026
BiLSTM+Attention,val,77.692829_13.083377,2023-08-01,0.3816027,0.4242563
BiLSTM+Attention,val,77.692829_13.096852,2023-08-01,0.39555138,0.4296379
BiLSTM+Attention,val,77.692829_13.132785,2023-08-01,0.38203606,0.42235288
BiLSTM+Attention,val,77.692829_13.155243,2023-08-01,0.38353413,0.43143913
BiLSTM+Attention,val,77.697321_12.697102,2023-08-01,0.788589,0.7956852
BiLSTM+Attention,val,77.697321_12.751001,2023-08-01,0.51718533,0.53208244
BiLSTM+Attention,val,77.697321_12.773459,2023-08-01,0.45893997,0.47998983
BiLSTM+Attention,val,77.697321_12.791425,2023-08-01,0.5578145,0.57484233
BiLSTM+Attention,val,77.697321_12.885748,2023-08-01,0.5279455,0.55129296
BiLSTM+Attention,val,77.697321_12.894731,2023-08-01,0.47676596,0.4953944
BiLSTM+Attention,val,77.697321_12.966596,2023-08-01,0.52293974,0.5599932
BiLSTM+Attention,val,77.697321_13.132785,2023-08-01,0.3901277,0.4258168
BiLSTM+Attention,val,77.697321_13.150751,2023-08-01,0.43819666,0.45748106
BiLSTM+Attention,val,77.701812_12.742018,2023-08-01,0.48089656,0.50643456
BiLSTM+Attention,val,77.701812_12.77795,2023-08-01,0.45853427,0.48560345
BiLSTM+Attention,val,77.701812_12.8049,2023-08-01,0.5388269,0.5681686
BiLSTM+Attention,val,77.701812_12.822866,2023-08-01,0.5146659,0.5380121
BiLSTM+Attention,val,77.701812_12.984563,2023-08-01,0.45870805,0.4987897
BiLSTM+Attention,val,77.701812_13.114818,2023-08-01,0.49014252,0.5063683
BiLSTM+Attention,val,77.706304_12.746509,2023-08-01,0.48478255,0.5163379
BiLSTM+Attention,val,77.706304_12.751001,2023-08-01,0.50259274,0.5315107
BiLSTM+Attention,val,77.706304_12.759984,2023-08-01,0.4083198,0.44634524
BiLSTM+Attention,val,77.706304_12.764475,2023-08-01,0.48189387,0.50104004
BiLSTM+Attention,val,77.706304_12.86329,2023-08-01,0.37862056,0.4171438
BiLSTM+Attention,val,77.706304_12.984563,2023-08-01,0.46171018,0.50205517
BiLSTM+Attention,val,77.706304_13.137276,2023-08-01,0.74220556,0.74773467
BiLSTM+Attention,val,77.710796_12.715068,2023-08-01,0.5991292,0.63108104
BiLSTM+Attention,val,77.710796_12.894731,2023-08-01,0.5615754,0.5959971
BiLSTM+Attention,val,77.710796_12.899223,2023-08-01,0.49234998,0.5220128
BiLSTM+Attention,val,77.710796_13.03397,2023-08-01,0.42153302,0.46808854
BiLSTM+Attention,val,77.710796_13.11931,2023-08-01,0.42329353,0.45596525
BiLSTM+Attention,val,77.710796_13.123802,2023-08-01,0.39430317,0.42429885
BiLSTM+Attention,val,77.710796_13.132785,2023-08-01,0.45077598,0.48220095
BiLSTM+Attention,val,77.710796_13.150751,2023-08-01,0.38030776,0.42451513
BiLSTM+Attention,val,77.715287_12.679136,2023-08-01,0.67767084,0.69463414
BiLSTM+Attention,val,77.715287_12.742018,2023-08-01,0.4761301,0.5052062
BiLSTM+Attention,val,77.715287_12.773459,2023-08-01,0.45089817,0.48079756
BiLSTM+Attention,val,77.715287_12.822866,2023-08-01,0.5043258,0.53048617
BiLSTM+Attention,val,77.715287_12.827358,2023-08-01,0.4460318,0.4861214
BiLSTM+Attention,val,77.715287_12.845324,2023-08-01,0.37967005,0.43342727
BiLSTM+Attention,val,77.715287_12.885748,2023-08-01,0.5376387,0.56936705
BiLSTM+Attention,val,77.715287_12.899223,2023-08-01,0.3944068,0.43447754
BiLSTM+Attention,val,77.715287_12.944139,2023-08-01,0.7224811,0.75604916
BiLSTM+Attention,val,77.715287_12.94863,2023-08-01,0.5797549,0.6202
BiLSTM+Attention,val,77.715287_13.016004,2023-08-01,0.5048118,0.5478991
BiLSTM+Attention,val,77.715287_13.029478,2023-08-01,0.35715646,0.4144874
BiLSTM+Attention,val,77.715287_13.038462,2023-08-01,0.49837297,0.5274174
BiLSTM+Attention,val,77.715287_13.096852,2023-08-01,0.3368558,0.38643545
BiLSTM+Attention,val,77.715287_13.114818,2023-08-01,0.5007597,0.53211796
BiLSTM+Attention,val,77.715287_13.128293,2023-08-01,0.45805082,0.482809
BiLSTM+Attention,val,77.719779_12.706085,2023-08-01,0.6177047,0.6437682
BiLSTM+Attention,val,77.719779_12.746509,2023-08-01,0.6795866,0.6989669
BiLSTM+Attention,val,77.719779_12.795916,2023-08-01,0.47149187,0.49251544
BiLSTM+Attention,val,77.719779_12.840832,2023-08-01,0.5020191,0.5365938
BiLSTM+Attention,val,77.719779_12.903714,2023-08-01,0.40818876,0.4438269
BiLSTM+Attention,val,77.719779_13.069903,2023-08-01,0.3885271,0.43163273
BiLSTM+Attention,val,77.719779_13.105835,2023-08-01,0.42100015,0.46396387
BiLSTM+Attention,val,77.719779_13.123802,2023-08-01,0.4111272,0.44321367
BiLSTM+Attention,val,77.719779_13.137276,2023-08-01,0.42599875,0.45952624
BiLSTM+Attention,val,77.72427_12.674644,2023-08-01,0.5293505,0.5554206
BiLSTM+Attention,val,77.72427_12.697102,2023-08-01,0.4729913,0.5098128
BiLSTM+Attention,val,77.72427_12.701593,2023-08-01,0.50883615,0.54360664
BiLSTM+Attention,val,77.72427_12.724051,2023-08-01,0.51710254,0.5341411
BiLSTM+Attention,val,77.72427_12.786933,2023-08-01,0.4737075,0.5018409
BiLSTM+Attention,val,77.72427_12.791425,2023-08-01,0.4799503,0.5079814
BiLSTM+Attention,val,77.72427_12.840832,2023-08-01,0.47279617,0.51681966
BiLSTM+Attention,val,77.72427_12.867782,2023-08-01,0.41622508,0.45498776
BiLSTM+Attention,val,77.72427_12.885748,2023-08-01,0.46357366,0.4927287
BiLSTM+Attention,val,77.72427_13.024987,2023-08-01,0.772555,0.7851834
BiLSTM+Attention,val,77.72427_13.06092,2023-08-01,0.40333012,0.44161582
BiLSTM+Attention,val,77.72427_13.074394,2023-08-01,0.4251623,0.4677476
BiLSTM+Attention,val,77.728762_12.706085,2023-08-01,0.6168256,0.64188576
BiLSTM+Attention,val,77.728762_12.724051,2023-08-01,0.62807274,0.64689803
BiLSTM+Attention,val,77.728762_12.759984,2023-08-01,0.48613733,0.5185638
BiLSTM+Attention,val,77.728762_12.782442,2023-08-01,0.52932155,0.54859203
BiLSTM+Attention,val,77.728762_12.809391,2023-08-01,0.49173445,0.50405055
BiLSTM+Attention,val,77.728762_12.858799,2023-08-01,0.5223573,0.5567146
BiLSTM+Attention,val,77.728762_12.876765,2023-08-01,0.53536564,0.5615322
BiLSTM+Attention,val,77.728762_12.885748,2023-08-01,0.45666403,0.4871023
BiLSTM+Attention,val,77.728762_13.016004,2023-08-01,0.76446456,0.78160864
BiLSTM+Attention,val,77.728762_13.047445,2023-08-01,0.46415797,0.5034944
BiLSTM+Attention,val,77.728762_13.087869,2023-08-01,0.4692497,0.50208575
BiLSTM+Attention,val,77.728762_13.092361,2023-08-01,0.44104373,0.47509608
BiLSTM+Attention,val,77.733253_12.755492,2023-08-01,0.43147922,0.465907
BiLSTM+Attention,val,77.733253_12.795916,2023-08-01,0.46571305,0.49975482
BiLSTM+Attention,val,77.733253_12.86329,2023-08-01,0.54084414,0.57662606
BiLSTM+Attention,val,77.733253_12.872273,2023-08-01,0.54237866,0.5689054
BiLSTM+Attention,val,77.733253_13.056428,2023-08-01,0.36278006,0.4129215
BiLSTM+Attention,val,77.737745_12.764475,2023-08-01,0.42546463,0.4624929
BiLSTM+Attention,val,77.737745_12.791425,2023-08-01,0.4618526,0.492822
BiLSTM+Attention,val,77.737745_12.809391,2023-08-01,0.45038328,0.4733104
BiLSTM+Attention,val,77.737745_12.858799,2023-08-01,0.47111416,0.5016372
BiLSTM+Attention,val,77.737745_12.872273,2023-08-01,0.52344507,0.5500094
BiLSTM+Attention,val,77.737745_12.881256,2023-08-01,0.54998916,0.5953888
BiLSTM+Attention,val,77.737745_13.051936,2023-08-01,0.36929655,0.41544718
BiLSTM+Attention,val,77.737745_13.06092,2023-08-01,0.41230252,0.45231277
BiLSTM+Attention,val,77.737745_13.101344,2023-08-01,0.37451208,0.41295487
BiLSTM+Attention,val,77.742237_12.697102,2023-08-01,0.6412635,0.66285396
BiLSTM+Attention,val,77.742237_12.764475,2023-08-01,0.44515565,0.48071107
BiLSTM+Attention,val,77.742237_12.795916,2023-08-01,0.45640427,0.4806324
BiLSTM+Attention,val,77.742237_12.8049,2023-08-01,0.47815755,0.5068204
BiLSTM+Attention,val,77.742237_12.86329,2023-08-01,0.40092766,0.43988243
BiLSTM+Attention,val,77.742237_12.867782,2023-08-01,0.53613055,0.5593072
BiLSTM+Attention,val,77.742237_12.89024,2023-08-01,0.5490832,0.57256395
BiLSTM+Attention,val,77.742237_12.899223,2023-08-01,0.52814543,0.56441355
BiLSTM+Attention,val,77.742237_12.921681,2023-08-01,0.4650572,0.4822317
BiLSTM+Attention,val,77.742237_12.980071,2023-08-01,0.5075064,0.53806233
BiLSTM+Attention,val,77.742237_13.002529,2023-08-01,0.5364121,0.57112956
BiLSTM+Attention,val,77.742237_13.016004,2023-08-01,0.51961774,0.56879306
BiLSTM+Attention,val,77.742237_13.038462,2023-08-01,0.3882667,0.43166575
BiLSTM+Attention,val,77.742237_13.074394,2023-08-01,0.35918987,0.40126702
BiLSTM+Attention,val,77.742237_13.101344,2023-08-01,0.405604,0.43665737
BiLSTM+Attention,val,77.746728_12.751001,2023-08-01,0.48155314,0.5137236
BiLSTM+Attention,val,77.746728_12.764475,2023-08-01,0.47263774,0.49638426
BiLSTM+Attention,val,77.746728_12.782442,2023-08-01,0.52828836,0.5627141
BiLSTM+Attention,val,77.746728_12.97558,2023-08-01,0.53923136,0.5601419
BiLSTM+Attention,val,77.746728_12.984563,2023-08-01,0.5137183,0.54743695
BiLSTM+Attention,val,77.746728_13.016004,2023-08-01,0.5527669,0.58441675
BiLSTM+Attention,val,77.746728_13.020495,2023-08-01,0.58364755,0.62577343
BiLSTM+Attention,val,77.746728_13.024987,2023-08-01,0.4766448,0.5161964
BiLSTM+Attention,val,77.746728_13.038462,2023-08-01,0.39948013,0.4389397
BiLSTM+Attention,val,77.746728_13.06092,2023-08-01,0.33913505,0.38947657
BiLSTM+Attention,val,77.75122_12.751001,2023-08-01,0.47795424,0.5055045
BiLSTM+Attention,val,77.75122_12.755492,2023-08-01,0.5310668,0.5655186
BiLSTM+Attention,val,77.75122_12.768967,2023-08-01,0.43538693,0.47002086
BiLSTM+Attention,val,77.75122_12.77795,2023-08-01,0.4885158,0.52062094
BiLSTM+Attention,val,77.75122_12.894731,2023-08-01,0.45509204,0.48787114
BiLSTM+Attention,val,77.75122_12.993546,2023-08-01,0.43752638,0.48090002
BiLSTM+Attention,val,77.75122_13.020495,2023-08-01,0.5014799,0.537139
BiLSTM+Attention,val,77.75122_13.03397,2023-08-01,0.43581465,0.47176197
BiLSTM+Attention,val,77.75122_13.038462,2023-08-01,0.36011586,0.4004549
BiLSTM+Attention,val,77.755711_12.706085,2023-08-01,0.5556159,0.5780815
BiLSTM+Attention,val,77.755711_12.764475,2023-08-01,0.7811249,0.7869225
BiLSTM+Attention,val,77.755711_12.77795,2023-08-01,0.46752393,0.4957218
BiLSTM+Attention,val,77.755711_12.822866,2023-08-01,0.44645044,0.4848547
BiLSTM+Attention,val,77.755711_12.831849,2023-08-01,0.4146356,0.46230087
BiLSTM+Attention,val,77.755711_12.858799,2023-08-01,0.48974985,0.52274394
BiLSTM+Attention,val,77.755711_12.885748,2023-08-01,0.49003673,0.5261068
BiLSTM+Attention,val,77.755711_12.899223,2023-08-01,0.40815702,0.44649693
BiLSTM+Attention,val,77.755711_12.903714,2023-08-01,0.46025357,0.49204227
BiLSTM+Attention,val,77.755711_12.926172,2023-08-01,0.4820225,0.5324501
BiLSTM+Attention,val,77.760203_12.751001,2023-08-01,0.4763336,0.51030093
BiLSTM+Attention,val,77.760203_12.795916,2023-08-01,0.41638547,0.4630097
BiLSTM+Attention,val,77.760203_12.818374,2023-08-01,0.555293,0.57759756
BiLSTM+Attention,val,77.760203_12.867782,2023-08-01,0.43646687,0.47059426
BiLSTM+Attention,val,77.760203_12.872273,2023-08-01,0.46036226,0.4953681
BiLSTM+Attention,val,77.760203_12.876765,2023-08-01,0.4316087,0.46277216
BiLSTM+Attention,val,77.760203_12.885748,2023-08-01,0.47271088,0.49011734
BiLSTM+Attention,val,77.760203_12.984563,2023-08-01,0.5101907,0.54167116
BiLSTM+Attention,val,77.764695_12.742018,2023-08-01,0.65832627,0.66596085
BiLSTM+Attention,val,77.764695_12.746509,2023-08-01,0.6444362,0.66195154
BiLSTM+Attention,val,77.764695_12.813883,2023-08-01,0.49372616,0.52785605
BiLSTM+Attention,val,77.764695_12.849815,2023-08-01,0.46568012,0.4947575
BiLSTM+Attention,val,77.764695_12.885748,2023-08-01,0.4883825,0.5079103
BiLSTM+Attention,val,77.764695_12.912697,2023-08-01,0.48457056,0.5278145
BiLSTM+Attention,val,77.764695_13.03397,2023-08-01,0.3554344,0.40405977
BiLSTM+Attention,val,77.769186_12.791425,2023-08-01,0.42402723,0.46375766
BiLSTM+Attention,val,77.769186_12.800408,2023-08-01,0.48850775,0.53099734
BiLSTM+Attention,val,77.769186_12.8049,2023-08-01,0.5391684,0.5772393
BiLSTM+Attention,val,77.769186_12.809391,2023-08-01,0.4478647,0.4909414
BiLSTM+Attention,val,77.769186_12.876765,2023-08-01,0.48465222,0.5216081
BiLSTM+Attention,val,77.769186_12.894731,2023-08-01,0.46259502,0.49490905
BiLSTM+Attention,val,77.769186_13.016004,2023-08-01,0.435043,0.47113407
BiLSTM+Attention,val,77.773678_12.746509,2023-08-01,0.67008424,0.6820324
BiLSTM+Attention,val,77.773678_12.858799,2023-08-01,0.43730584,0.46305674
BiLSTM+Attention,val,77.773678_12.885748,2023-08-01,0.47121304,0.49140096
BiLSTM+Attention,val,77.773678_12.899223,2023-08-01,0.4187382,0.4477184
BiLSTM+Attention,val,77.773678_12.908206,2023-08-01,0.48207337,0.5123263
BiLSTM+Attention,val,77.778169_12.809391,2023-08-01,0.42550835,0.46376243
BiLSTM+Attention,val,77.778169_12.885748,2023-08-01,0.4775437,0.51790005
BiLSTM+Attention,val,77.782661_12.89024,2023-08-01,0.47564283,0.51059407
BiLSTM+Attention,val,77.787152_12.849815,2023-08-01,0.455009,0.47991794
BiLSTM+Attention,val,77.787152_12.867782,2023-08-01,0.41347784,0.45306233
BiLSTM+Attention,val,77.791644_12.899223,2023-08-01,0.4218833,0.46298504
BiLSTM+Attention,val,77.796136_12.854307,2023-08-01,0.41902575,0.45964128
BiLSTM+Attention,val,77.796136_12.885748,2023-08-01,0.48643276,0.51850927
BiLSTM+Attention,val,77.800627_12.876765,2023-08-01,0.4906588,0.52586854
BiLSTM+Attention,val,77.800627_12.885748,2023-08-01,0.44503015,0.4840758
BiLSTM+Attention,val,77.805119_12.876765,2023-08-01,0.49711832,0.5354054
BiLSTM+Attention,val,77.805119_12.89024,2023-08-01,0.45435807,0.49710387
BiLSTM+Attention,val,77.80961_12.858799,2023-08-01,0.4576131,0.5019326
BiLSTM+Attention,val,77.80961_12.86329,2023-08-01,0.43367538,0.47931498
BiLSTM+Attention,val,77.342486_12.944139,2023-09-01,0.71908015,0.7284184
BiLSTM+Attention,val,77.346978_12.86329,2023-09-01,0.58064514,0.6084145
BiLSTM+Attention,val,77.346978_12.962105,2023-09-01,0.5289523,0.55719703
BiLSTM+Attention,val,77.355961_12.962105,2023-09-01,0.7696992,0.7641748
BiLSTM+Attention,val,77.360453_12.867782,2023-09-01,0.4000676,0.43607458
BiLSTM+Attention,val,77.364944_12.854307,2023-09-01,0.42098,0.46484908
BiLSTM+Attention,val,77.364944_12.962105,2023-09-01,0.44829285,0.4726903
BiLSTM+Attention,val,77.369436_12.881256,2023-09-01,0.4561167,0.4760033
BiLSTM+Attention,val,77.369436_12.89024,2023-09-01,0.44714966,0.45488882
BiLSTM+Attention,val,77.373927_12.971088,2023-09-01,0.46449193,0.479673
BiLSTM+Attention,val,77.391894_12.881256,2023-09-01,0.47381654,0.49591556
BiLSTM+Attention,val,77.396385_12.894731,2023-09-01,0.5140453,0.5219693
BiLSTM+Attention,val,77.396385_12.944139,2023-09-01,0.48661548,0.5090219
BiLSTM+Attention,val,77.396385_12.97558,2023-09-01,0.36693957,0.424714
BiLSTM+Attention,val,77.396385_13.029478,2023-09-01,0.3735628,0.41562054
BiLSTM+Attention,val,77.400877_12.966596,2023-09-01,0.3676367,0.4089339
BiLSTM+Attention,val,77.400877_13.029478,2023-09-01,0.35009122,0.3935374
BiLSTM+Attention,val,77.405368_12.998037,2023-09-01,0.4232857,0.45730498
BiLSTM+Attention,val,77.40986_12.872273,2023-09-01,0.3758391,0.40592575
BiLSTM+Attention,val,77.40986_12.881256,2023-09-01,0.35654077,0.3843867
BiLSTM+Attention,val,77.40986_12.962105,2023-09-01,0.45645168,0.49059758
BiLSTM+Attention,val,77.414352_12.989054,2023-09-01,0.36702916,0.41668808
BiLSTM+Attention,val,77.414352_12.993546,2023-09-01,0.38230115,0.43677965
BiLSTM+Attention,val,77.414352_13.03397,2023-09-01,0.3990462,0.42783663
BiLSTM+Attention,val,77.414352_13.096852,2023-09-01,0.36097178,0.41268837
BiLSTM+Attention,val,77.418843_12.971088,2023-09-01,0.39548105,0.42962164
BiLSTM+Attention,val,77.418843_12.993546,2023-09-01,0.39160794,0.44752085
BiLSTM+Attention,val,77.418843_13.016004,2023-09-01,0.38931593,0.42222455
BiLSTM+Attention,val,77.423335_13.002529,2023-09-01,0.482228,0.5283345
BiLSTM+Attention,val,77.423335_13.092361,2023-09-01,0.31157243,0.3657888
BiLSTM+Attention,val,77.427826_13.110327,2023-09-01,0.40944624,0.44504467
BiLSTM+Attention,val,77.432318_12.998037,2023-09-01,0.35883498,0.40511563
BiLSTM+Attention,val,77.432318_13.092361,2023-09-01,0.38726032,0.42590383
BiLSTM+Attention,val,77.436809_12.854307,2023-09-01,0.38607123,0.42151606
BiLSTM+Attention,val,77.441301_12.818374,2023-09-01,0.53292835,0.5555569
BiLSTM+Attention,val,77.441301_12.831849,2023-09-01,0.42093906,0.46394792
BiLSTM+Attention,val,77.441301_13.083377,2023-09-01,0.44540998,0.4906213
BiLSTM+Attention,val,77.441301_13.110327,2023-09-01,0.42556772,0.4541974
BiLSTM+Attention,val,77.445793_12.840832,2023-09-01,0.5103957,0.541256
BiLSTM+Attention,val,77.445793_12.86329,2023-09-01,0.57210326,0.5870489
BiLSTM+Attention,val,77.445793_12.867782,2023-09-01,0.5513162,0.5734117
BiLSTM+Attention,val,77.450284_12.872273,2023-09-01,0.52154917,0.5427188
BiLSTM+Attention,val,77.450284_12.971088,2023-09-01,0.43805438,0.47610375
BiLSTM+Attention,val,77.450284_12.993546,2023-09-01,0.3336866,0.37467465
BiLSTM+Attention,val,77.450284_13.029478,2023-09-01,0.42489666,0.46271852
BiLSTM+Attention,val,77.454776_12.993546,2023-09-01,0.3811179,0.4114915
BiLSTM+Attention,val,77.454776_13.087869,2023-09-01,0.38350424,0.43320403
BiLSTM+Attention,val,77.459267_12.822866,2023-09-01,0.481383,0.5118669
BiLSTM+Attention,val,77.459267_12.872273,2023-09-01,0.48749173,0.51675016
BiLSTM+Attention,val,77.459267_12.903714,2023-09-01,0.40603405,0.4407005
BiLSTM+Attention,val,77.459267_13.016004,2023-09-01,0.36637315,0.41506287
BiLSTM+Attention,val,77.459267_13.020495,2023-09-01,0.35136455,0.39696437
BiLSTM+Attention,val,77.463759_12.813883,2023-09-01,0.4606959,0.4879171
BiLSTM+Attention,val,77.463759_12.86329,2023-09-01,0.54808784,0.5691011
BiLSTM+Attention,val,77.463759_12.885748,2023-09-01,0.57999754,0.60284144
BiLSTM+Attention,val,77.463759_12.894731,2023-09-01,0.46619996,0.4924515
BiLSTM+Attention,val,77.463759_12.899223,2023-09-01,0.49296486,0.51602066
BiLSTM+Attention,val,77.463759_12.953122,2023-09-01,0.7433912,0.7620286
BiLSTM+Attention,val,77.46825_12.827358,2023-09-01,0.4123571,0.44116455
BiLSTM+Attention,val,77.46825_12.894731,2023-09-01,0.4332853,0.45584545
BiLSTM+Attention,val,77.46825_12.953122,2023-09-01,0.42841184,0.46652797
BiLSTM+Attention,val,77.46825_12.966596,2023-09-01,0.44256052,0.47646242
BiLSTM+Attention,val,77.46825_13.007021,2023-09-01,0.36379257,0.40614396
BiLSTM+Attention,val,77.46825_13.150751,2023-09-01,0.3892605,0.43512556
BiLSTM+Attention,val,77.477234_12.899223,2023-09-01,0.40811688,0.44230714
BiLSTM+Attention,val,77.481725_12.831849,2023-09-01,0.4545631,0.48128256
BiLSTM+Attention,val,77.481725_12.89024,2023-09-01,0.51199126,0.54091895
BiLSTM+Attention,val,77.481725_12.894731,2023-09-01,0.46523637,0.49318066
BiLSTM+Attention,val,77.481725_13.096852,2023-09-01,0.5736133,0.6043931
BiLSTM+Attention,val,77.481725_13.137276,2023-09-01,0.7454429,0.75498366
BiLSTM+Attention,val,77.486217_13.042953,2023-09-01,0.5036606,0.5448877
BiLSTM+Attention,val,77.490708_12.89024,2023-09-01,0.47029766,0.49376872
BiLSTM+Attention,val,77.499692_12.755492,2023-09-01,0.5765712,0.626217
BiLSTM+Attention,val,77.499692_13.137276,2023-09-01,0.44353113,0.48251936
BiLSTM+Attention,val,77.504183_12.818374,2023-09-01,0.51043415,0.55101717
BiLSTM+Attention,val,77.504183_12.854307,2023-09-01,0.48923215,0.52861613
BiLSTM+Attention,val,77.504183_12.953122,2023-09-01,0.5348598,0.5707058
BiLSTM+Attention,val,77.508675_12.751001,2023-09-01,0.6243603,0.6647921
BiLSTM+Attention,val,77.508675_12.795916,2023-09-01,0.550379,0.5905544
BiLSTM+Attention,val,77.508675_12.831849,2023-09-01,0.5290986,0.56306684
BiLSTM+Attention,val,77.508675_12.845324,2023-09-01,0.5328842,0.57330936
BiLSTM+Attention,val,77.508675_12.903714,2023-09-01,0.44298944,0.47232035
BiLSTM+Attention,val,77.508675_12.912697,2023-09-01,0.48114115,0.5145479
BiLSTM+Attention,val,77.508675_12.917189,2023-09-01,0.51268876,0.5414196
BiLSTM+Attention,val,77.508675_13.114818,2023-09-01,0.43249375,0.47377214
BiLSTM+Attention,val,77.513166_12.77795,2023-09-01,0.62231684,0.65412813
BiLSTM+Attention,val,77.513166_12.822866,2023-09-01,0.6256329,0.6583661
BiLSTM+Attention,val,77.513166_12.908206,2023-09-01,0.42795664,0.45627716
BiLSTM+Attention,val,77.517658_12.77795,2023-09-01,0.5810359,0.6170999
BiLSTM+Attention,val,77.517658_12.782442,2023-09-01,0.5818496,0.6223859
BiLSTM+Attention,val,77.517658_12.827358,2023-09-01,0.53367734,0.56989497
BiLSTM+Attention,val,77.517658_12.849815,2023-09-01,0.50441647,0.5324285
BiLSTM+Attention,val,77.517658_12.899223,2023-09-01,0.52588964,0.5498887
BiLSTM+Attention,val,77.517658_13.11931,2023-09-01,0.39152947,0.4268014
BiLSTM+Attention,val,77.522149_12.813883,2023-09-01,0.49417776,0.5282134
BiLSTM+Attention,val,77.522149_12.818374,2023-09-01,0.46873116,0.50303084
BiLSTM+Attention,val,77.522149_12.845324,2023-09-01,0.5392607,0.56674993
BiLSTM+Attention,val,77.522149_13.056428,2023-09-01,0.6292098,0.67165303
BiLSTM+Attention,val,77.522149_13.200158,2023-09-01,0.46432683,0.49818873
BiLSTM+Attention,val,77.526641_12.89024,2023-09-01,0.64078397,0.6664642
BiLSTM+Attention,val,77.526641_12.899223,2023-09-01,0.58566475,0.6104285
BiLSTM+Attention,val,77.526641_13.105835,2023-09-01,0.4207622,0.45825398
BiLSTM+Attention,val,77.526641_13.110327,2023-09-01,0.40419254,0.43998855
BiLSTM+Attention,val,77.531133_12.795916,2023-09-01,0.57229036,0.61099017
BiLSTM+Attention,val,77.531133_12.822866,2023-09-01,0.50750744,0.55440557
BiLSTM+Attention,val,77.531133_12.894731,2023-09-01,0.505818,0.5401121
BiLSTM+Attention,val,77.531133_13.083377,2023-09-01,0.5726786,0.60553473
BiLSTM+Attention,val,77.535624_12.872273,2023-09-01,0.42767712,0.45375067
BiLSTM+Attention,val,77.535624_12.899223,2023-09-01,0.47073323,0.502594
BiLSTM+Attention,val,77.535624_13.069903,2023-09-01,0.7075544,0.73009753
BiLSTM+Attention,val,77.535624_13.083377,2023-09-01,0.5523871,0.59662324
BiLSTM+Attention,val,77.535624_13.096852,2023-09-01,0.45342168,0.49382463
BiLSTM+Attention,val,77.535624_13.137276,2023-09-01,0.39181265,0.43449062
BiLSTM+Attention,val,77.540116_12.795916,2023-09-01,0.59755546,0.6403727
BiLSTM+Attention,val,77.540116_13.042953,2023-09-01,0.55821204,0.60613066
BiLSTM+Attention,val,77.540116_13.074394,2023-09-01,0.6095248,0.6359731
BiLSTM+Attention,val,77.540116_13.092361,2023-09-01,0.41655418,0.45383424
BiLSTM+Attention,val,77.540116_13.101344,2023-09-01,0.41280147,0.44872612
BiLSTM+Attention,val,77.540116_13.105835,2023-09-01,0.4407175,0.473623
BiLSTM+Attention,val,77.540116_13.114818,2023-09-01,0.4195986,0.4601709
BiLSTM+Attention,val,77.540116_13.155243,2023-09-01,0.4973158,0.52979535
BiLSTM+Attention,val,77.540116_13.182192,2023-09-01,0.40144083,0.44972
BiLSTM+Attention,val,77.549099_12.831849,2023-09-01,0.6232839,0.66802025
BiLSTM+Attention,val,77.549099_12.836341,2023-09-01,0.5931117,0.63499504
BiLSTM+Attention,val,77.549099_12.894731,2023-09-01,0.61666334,0.6434671
BiLSTM+Attention,val,77.549099_13.132785,2023-09-01,0.6242682,0.6611481
BiLSTM+Attention,val,77.55359_12.71956,2023-09-01,0.73398346,0.77975816
BiLSTM+Attention,val,77.55359_13.101344,2023-09-01,0.4167959,0.45964512
BiLSTM+Attention,val,77.55359_13.110327,2023-09-01,0.49493098,0.52103466
BiLSTM+Attention,val,77.55359_13.128293,2023-09-01,0.5965275,0.6359279
BiLSTM+Attention,val,77.558082_12.710577,2023-09-01,0.75209606,0.7930394
BiLSTM+Attention,val,77.558082_13.042953,2023-09-01,0.63997495,0.6841836
BiLSTM+Attention,val,77.558082_13.051936,2023-09-01,0.69284153,0.7255376
BiLSTM+Attention,val,77.558082_13.110327,2023-09-01,0.5124207,0.5445033
BiLSTM+Attention,val,77.562574_12.827358,2023-09-01,0.69625634,0.72437066
BiLSTM+Attention,val,77.562574_12.858799,2023-09-01,0.4385501,0.4647232
BiLSTM+Attention,val,77.562574_12.872273,2023-09-01,0.5809841,0.6082812
BiLSTM+Attention,val,77.562574_13.141768,2023-09-01,0.44574383,0.46160486
BiLSTM+Attention,val,77.567065_13.114818,2023-09-01,0.66036546,0.6864098
BiLSTM+Attention,val,77.576048_12.728543,2023-09-01,0.750082,0.77115077
BiLSTM+Attention,val,77.576048_12.827358,2023-09-01,0.6233299,0.6574793
BiLSTM+Attention,val,77.58054_12.845324,2023-09-01,0.70022243,0.7140908
BiLSTM+Attention,val,77.58054_13.083377,2023-09-01,0.4991482,0.54214525
BiLSTM+Attention,val,77.58054_13.087869,2023-09-01,0.47836542,0.51248956
BiLSTM+Attention,val,77.585031_12.849815,2023-09-01,0.6852661,0.6920106
BiLSTM+Attention,val,77.585031_13.042953,2023-09-01,0.68576837,0.7210915
BiLSTM+Attention,val,77.589523_12.71956,2023-09-01,0.81064713,0.82610226
BiLSTM+Attention,val,77.589523_12.746509,2023-09-01,0.7009541,0.73611885
BiLSTM+Attention,val,77.589523_12.854307,2023-09-01,0.60487616,0.6388677
BiLSTM+Attention,val,77.589523_13.083377,2023-09-01,0.5903867,0.62083316
BiLSTM+Attention,val,77.594015_12.724051,2023-09-01,0.81905484,0.83315796
BiLSTM+Attention,val,77.594015_12.831849,2023-09-01,0.5855835,0.6170152
BiLSTM+Attention,val,77.594015_12.998037,2023-09-01,0.728833,0.7537759
BiLSTM+Attention,val,77.594015_13.087869,2023-09-01,0.60578626,0.64149123
BiLSTM+Attention,val,77.598506_12.665661,2023-09-01,0.7631126,0.79230607
BiLSTM+Attention,val,77.598506_12.710577,2023-09-01,0.6647497,0.7102584
BiLSTM+Attention,val,77.598506_13.083377,2023-09-01,0.5860706,0.6201979
BiLSTM+Attention,val,77.602998_12.710577,2023-09-01,0.68946975,0.7359191
BiLSTM+Attention,val,77.602998_12.827358,2023-09-01,0.49562234,0.5251679
BiLSTM+Attention,val,77.602998_13.114818,2023-09-01,0.56410414,0.60752237
BiLSTM+Attention,val,77.607489_12.768967,2023-09-01,0.6104943,0.64813554
BiLSTM+Attention,val,77.607489_12.773459,2023-09-01,0.58339596,0.6237858
BiLSTM+Attention,val,77.607489_12.791425,2023-09-01,0.5376291,0.5776179
BiLSTM+Attention,val,77.607489_13.087869,2023-09-01,0.7236999,0.7576883
BiLSTM+Attention,val,77.611981_12.674644,2023-09-01,0.7910489,0.81706446
BiLSTM+Attention,val,77.611981_12.831849,2023-09-01,0.540091,0.5804552
BiLSTM+Attention,val,77.611981_12.953122,2023-09-01,0.7347893,0.7553662
BiLSTM+Attention,val,77.611981_13.168717,2023-09-01,0.4247942,0.45740512
BiLSTM+Attention,val,77.620964_12.674644,2023-09-01,0.78737676,0.816341
BiLSTM+Attention,val,77.629947_12.795916,2023-09-01,0.7761451,0.79123616
BiLSTM+Attention,val,77.629947_12.809391,2023-09-01,0.48002076,0.5093749
BiLSTM+Attention,val,77.629947_12.854307,2023-09-01,0.50096995,0.52376664
BiLSTM+Attention,val,77.629947_13.087869,2023-09-01,0.4417917,0.47226632
BiLSTM+Attention,val,77.634439_12.679136,2023-09-01,0.7559315,0.78829145
BiLSTM+Attention,val,77.634439_12.701593,2023-09-01,0.7227732,0.746518
BiLSTM+Attention,val,77.634439_12.733034,2023-09-01,0.4854079,0.5225469
BiLSTM+Attention,val,77.634439_12.746509,2023-09-01,0.5265244,0.55425286
BiLSTM+Attention,val,77.634439_12.751001,2023-09-01,0.52436465,0.5547329
BiLSTM+Attention,val,77.634439_12.849815,2023-09-01,0.5478299,0.56898725
BiLSTM+Attention,val,77.634439_13.083377,2023-09-01,0.4035907,0.4478536
BiLSTM+Attention,val,77.63893_12.688119,2023-09-01,0.6849185,0.7139671
BiLSTM+Attention,val,77.63893_12.742018,2023-09-01,0.5385209,0.570498
BiLSTM+Attention,val,77.63893_12.791425,2023-09-01,0.5359839,0.5644999
BiLSTM+Attention,val,77.63893_12.800408,2023-09-01,0.48327747,0.5113668
BiLSTM+Attention,val,77.63893_12.818374,2023-09-01,0.47755903,0.5013683
BiLSTM+Attention,val,77.63893_12.989054,2023-09-01,0.64315444,0.6794547
BiLSTM+Attention,val,77.63893_13.078886,2023-09-01,0.43279514,0.46766505
BiLSTM+Attention,val,77.63893_13.083377,2023-09-01,0.4047037,0.44454983
BiLSTM+Attention,val,77.643422_12.800408,2023-09-01,0.49223125,0.5192787
BiLSTM+Attention,val,77.643422_12.809391,2023-09-01,0.5092433,0.5344919
BiLSTM+Attention,val,77.643422_13.164226,2023-09-01,0.58110774,0.6045357
BiLSTM+Attention,val,77.647914_12.688119,2023-09-01,0.72580093,0.74308544
BiLSTM+Attention,val,77.647914_12.935155,2023-09-01,0.6642475,0.6861417
BiLSTM+Attention,val,77.652405_12.697102,2023-09-01,0.68773454,0.71674705
BiLSTM+Attention,val,77.652405_12.795916,2023-09-01,0.43237796,0.46234766
BiLSTM+Attention,val,77.656897_12.742018,2023-09-01,0.5428966,0.56912464
BiLSTM+Attention,val,77.656897_12.746509,2023-09-01,0.523511,0.5576084
BiLSTM+Attention,val,77.656897_12.831849,2023-09-01,0.57128567,0.5964043
BiLSTM+Attention,val,77.656897_12.849815,2023-09-01,0.44140005,0.45801592
BiLSTM+Attention,val,77.656897_13.101344,2023-09-01,0.48073116,0.5054833
BiLSTM+Attention,val,77.656897_13.164226,2023-09-01,0.4435821,0.4840627
BiLSTM+Attention,val,77.661388_12.759984,2023-09-01,0.5638616,0.582311
BiLSTM+Attention,val,77.661388_13.056428,2023-09-01,0.45614925,0.49513635
BiLSTM+Attention,val,77.661388_13.074394,2023-09-01,0.52597517,0.56018245
BiLSTM+Attention,val,77.661388_13.087869,2023-09-01,0.4341877,0.47170633
BiLSTM+Attention,val,77.661388_13.101344,2023-09-01,0.4518755,0.4841508
BiLSTM+Attention,val,77.661388_13.110327,2023-09-01,0.5292998,0.554431
BiLSTM+Attention,val,77.661388_13.11931,2023-09-01,0.6036933,0.61720407
BiLSTM+Attention,val,77.66588_12.679136,2023-09-01,0.6406834,0.6767558
BiLSTM+Attention,val,77.66588_12.697102,2023-09-01,0.6175159,0.65342855
BiLSTM+Attention,val,77.66588_12.715068,2023-09-01,0.64661294,0.6623712
BiLSTM+Attention,val,77.66588_12.751001,2023-09-01,0.5007007,0.5335824
BiLSTM+Attention,val,77.66588_12.755492,2023-09-01,0.5669499,0.59427726
BiLSTM+Attention,val,77.66588_12.764475,2023-09-01,0.55495065,0.58797455
BiLSTM+Attention,val,77.66588_12.953122,2023-09-01,0.55974054,0.58763593
BiLSTM+Attention,val,77.66588_13.038462,2023-09-01,0.4615599,0.49511442
BiLSTM+Attention,val,77.66588_13.051936,2023-09-01,0.4954711,0.53418887
BiLSTM+Attention,val,77.670371_13.069903,2023-09-01,0.41335893,0.45415583
BiLSTM+Attention,val,77.670371_13.083377,2023-09-01,0.3729231,0.42866132
BiLSTM+Attention,val,77.670371_13.092361,2023-09-01,0.3866056,0.4332254
BiLSTM+Attention,val,77.670371_13.128293,2023-09-01,0.5063379,0.52994883
BiLSTM+Attention,val,77.674863_12.71956,2023-09-01,0.66591656,0.68746376
BiLSTM+Attention,val,77.674863_12.755492,2023-09-01,0.5144048,0.5375632
BiLSTM+Attention,val,77.674863_12.764475,2023-09-01,0.512635,0.53422654
BiLSTM+Attention,val,77.674863_12.786933,2023-09-01,0.51575977,0.54117477
BiLSTM+Attention,val,77.674863_12.836341,2023-09-01,0.5319623,0.54880166
BiLSTM+Attention,val,77.674863_13.051936,2023-09-01,0.50286406,0.5409351
BiLSTM+Attention,val,77.674863_13.069903,2023-09-01,0.37895417,0.42304295
BiLSTM+Attention,val,77.674863_13.092361,2023-09-01,0.43078324,0.47401503
BiLSTM+Attention,val,77.674863_13.105835,2023-09-01,0.49267328,0.5188405
BiLSTM+Attention,val,77.679355_12.697102,2023-09-01,0.51463026,0.55255264
BiLSTM+Attention,val,77.679355_12.746509,2023-09-01,0.682638,0.7071542
BiLSTM+Attention,val,77.679355_13.056428,2023-09-01,0.4612039,0.49779874
BiLSTM+Attention,val,77.679355_13.074394,2023-09-01,0.42758462,0.4745171
BiLSTM+Attention,val,77.679355_13.101344,2023-09-01,0.45393613,0.48635957
BiLSTM+Attention,val,77.679355_13.141768,2023-09-01,0.5038088,0.5293216
BiLSTM+Attention,val,77.679355_13.155243,2023-09-01,0.39835244,0.44534084
BiLSTM+Attention,val,77.679355_13.159734,2023-09-01,0.43618727,0.47579435
BiLSTM+Attention,val,77.683846_12.728543,2023-09-01,0.554969,0.5892195
BiLSTM+Attention,val,77.683846_12.742018,2023-09-01,0.5052792,0.5354309
BiLSTM+Attention,val,77.683846_12.795916,2023-09-01,0.5205618,0.534221
BiLSTM+Attention,val,77.683846_12.8049,2023-09-01,0.4958179,0.51711184
BiLSTM+Attention,val,77.683846_12.836341,2023-09-01,0.59726024,0.61286837
BiLSTM+Attention,val,77.683846_12.840832,2023-09-01,0.60731685,0.62331265
BiLSTM+Attention,val,77.683846_12.917189,2023-09-01,0.4263936,0.45756093
BiLSTM+Attention,val,77.683846_13.06092,2023-09-01,0.43980187,0.48687786
BiLSTM+Attention,val,77.683846_13.074394,2023-09-01,0.38503262,0.43481085
BiLSTM+Attention,val,77.683846_13.11931,2023-09-01,0.38238093,0.41810894
BiLSTM+Attention,val,77.683846_13.123802,2023-09-01,0.44554105,0.47273716
BiLSTM+Attention,val,77.688338_12.69261,2023-09-01,0.789642,0.8119621
BiLSTM+Attention,val,77.688338_12.697102,2023-09-01,0.8039906,0.8175109
BiLSTM+Attention,val,77.688338_12.966596,2023-09-01,0.5688245,0.5990569
BiLSTM+Attention,val,77.692829_12.800408,2023-09-01,0.46033913,0.48579228
BiLSTM+Attention,val,77.692829_12.845324,2023-09-01,0.6379518,0.66160053
BiLSTM+Attention,val,77.692829_12.899223,2023-09-01,0.4723301,0.49220082
BiLSTM+Attention,val,77.692829_13.06092,2023-09-01,0.57410455,0.6070551
BiLSTM+Attention,val,77.692829_13.065411,2023-09-01,0.53958887,0.5763466
BiLSTM+Attention,val,77.692829_13.083377,2023-09-01,0.39173728,0.43361554
BiLSTM+Attention,val,77.692829_13.096852,2023-09-01,0.38984412,0.43734547
BiLSTM+Attention,val,77.692829_13.132785,2023-09-01,0.3952081,0.43047595
BiLSTM+Attention,val,77.692829_13.155243,2023-09-01,0.39687887,0.43846923
BiLSTM+Attention,val,77.697321_12.697102,2023-09-01,0.7987222,0.81588817
BiLSTM+Attention,val,77.697321_12.894731,2023-09-01,0.49882725,0.5108416
BiLSTM+Attention,val,77.697321_13.132785,2023-09-01,0.39723742,0.43430418
BiLSTM+Attention,val,77.697321_13.150751,2023-09-01,0.44563305,0.46874955
BiLSTM+Attention,val,77.697321_13.1777,2023-09-01,0.5583977,0.6013624
BiLSTM+Attention,val,77.701812_12.822866,2023-09-01,0.5315119,0.5538457
BiLSTM+Attention,val,77.701812_12.984563,2023-09-01,0.47637448,0.50901383
BiLSTM+Attention,val,77.701812_13.114818,2023-09-01,0.484622,0.52100366
BiLSTM+Attention,val,77.701812_13.164226,2023-09-01,0.4525424,0.47999683
BiLSTM+Attention,val,77.706304_12.984563,2023-09-01,0.4751046,0.51330453
BiLSTM+Attention,val,77.706304_13.038462,2023-09-01,0.424596,0.46033162
BiLSTM+Attention,val,77.706304_13.042953,2023-09-01,0.49655092,0.534794
BiLSTM+Attention,val,77.706304_13.137276,2023-09-01,0.7519395,0.75773984
BiLSTM+Attention,val,77.710796_12.715068,2023-09-01,0.6164061,0.65100104
BiLSTM+Attention,val,77.710796_13.03397,2023-09-01,0.4405052,0.481406
BiLSTM+Attention,val,77.710796_13.11931,2023-09-01,0.43455008,0.4639804
BiLSTM+Attention,val,77.710796_13.123802,2023-09-01,0.40080026,0.4314976
BiLSTM+Attention,val,77.710796_13.132785,2023-09-01,0.46617204,0.49179223
BiLSTM+Attention,val,77.710796_13.150751,2023-09-01,0.3995993,0.43356916
BiLSTM+Attention,val,77.710796_13.168717,2023-09-01,0.5070374,0.5367535
BiLSTM+Attention,val,77.710796_13.173209,2023-09-01,0.5008757,0.5322169
BiLSTM+Attention,val,77.715287_12.679136,2023-09-01,0.6907454,0.71154374
BiLSTM+Attention,val,77.715287_12.742018,2023-09-01,0.48905024,0.5197664
BiLSTM+Attention,val,77.715287_12.822866,2023-09-01,0.5124833,0.5464476
BiLSTM+Attention,val,77.715287_12.827358,2023-09-01,0.46613774,0.49805668
BiLSTM+Attention,val,77.715287_12.845324,2023-09-01,0.404893,0.4433376
BiLSTM+Attention,val,77.715287_12.885748,2023-09-01,0.559465,0.5851892
BiLSTM+Attention,val,77.715287_13.029478,2023-09-01,0.36908165,0.41895872
BiLSTM+Attention,val,77.715287_13.038462,2023-09-01,0.5089624,0.54104435
BiLSTM+Attention,val,77.715287_13.051936,2023-09-01,0.49680772,0.5328764
BiLSTM+Attention,val,77.715287_13.056428,2023-09-01,0.40547958,0.44983795
BiLSTM+Attention,val,77.715287_13.096852,2023-09-01,0.3495015,0.3886062
BiLSTM+Attention,val,77.715287_13.114818,2023-09-01,0.5094948,0.54133517
BiLSTM+Attention,val,77.715287_13.128293,2023-09-01,0.46768153,0.49292424
BiLSTM+Attention,val,77.719779_12.746509,2023-09-01,0.69554704,0.72092927
BiLSTM+Attention,val,77.719779_12.795916,2023-09-01,0.48138717,0.50799745
BiLSTM+Attention,val,77.719779_12.840832,2023-09-01,0.5133897,0.55291766
BiLSTM+Attention,val,77.719779_13.069903,2023-09-01,0.40390489,0.44203135
BiLSTM+Attention,val,77.719779_13.105835,2023-09-01,0.43530437,0.47098917
BiLSTM+Attention,val,77.719779_13.123802,2023-09-01,0.4184505,0.45306194
BiLSTM+Attention,val,77.719779_13.137276,2023-09-01,0.43321395,0.46820152
BiLSTM+Attention,val,77.719779_13.155243,2023-09-01,0.41348743,0.45576778
BiLSTM+Attention,val,77.72427_12.674644,2023-09-01,0.53156483,0.57358295
BiLSTM+Attention,val,77.72427_12.840832,2023-09-01,0.4885904,0.5302073
BiLSTM+Attention,val,77.72427_13.06092,2023-09-01,0.40947598,0.45231277
BiLSTM+Attention,val,77.72427_13.074394,2023-09-01,0.44111526,0.48000002
BiLSTM+Attention,val,77.728762_12.759984,2023-09-01,0.49694574,0.53420556
BiLSTM+Attention,val,77.728762_12.782442,2023-09-01,0.5448478,0.56353545
BiLSTM+Attention,val,77.728762_12.809391,2023-09-01,0.48482963,0.52265686
BiLSTM+Attention,val,77.728762_13.047445,2023-09-01,0.48270282,0.51608175
BiLSTM+Attention,val,77.728762_13.087869,2023-09-01,0.47827297,0.51029944
BiLSTM+Attention,val,77.728762_13.092361,2023-09-01,0.44170266,0.48066005
BiLSTM+Attention,val,77.733253_13.056428,2023-09-01,0.375571,0.42103407
BiLSTM+Attention,val,77.737745_12.764475,2023-09-01,0.44718805,0.47634345
BiLSTM+Attention,val,77.737745_12.791425,2023-09-01,0.48368174,0.50790596
BiLSTM+Attention,val,77.737745_12.809391,2023-09-01,0.4580345,0.4896793
BiLSTM+Attention,val,77.737745_12.858799,2023-09-01,0.4968354,0.518808
BiLSTM+Attention,val,77.737745_12.881256,2023-09-01,0.5736178,0.611343
BiLSTM+Attention,val,77.737745_13.051936,2023-09-01,0.3840005,0.42472568
BiLSTM+Attention,val,77.737745_13.06092,2023-09-01,0.4226049,0.46277505
BiLSTM+Attention,val,77.737745_13.078886,2023-09-01,0.44909865,0.47848937
BiLSTM+Attention,val,77.737745_13.101344,2023-09-01,0.37087816,0.42108494
BiLSTM+Attention,val,77.742237_12.697102,2023-09-01,0.661718,0.68297404
BiLSTM+Attention,val,77.742237_12.86329,2023-09-01,0.41792747,0.45433423
BiLSTM+Attention,val,77.742237_12.89024,2023-09-01,0.55483717,0.5886829
BiLSTM+Attention,val,77.742237_12.980071,2023-09-01,0.50839555,0.5510431
BiLSTM+Attention,val,77.742237_13.016004,2023-09-01,0.5325118,0.5815192
BiLSTM+Attention,val,77.742237_13.038462,2023-09-01,0.39123467,0.44052818
BiLSTM+Attention,val,77.742237_13.074394,2023-09-01,0.35460722,0.41097227
BiLSTM+Attention,val,77.742237_13.078886,2023-09-01,0.43744346,0.47903755
BiLSTM+Attention,val,77.742237_13.101344,2023-09-01,0.41060483,0.4453294
BiLSTM+Attention,val,77.746728_12.782442,2023-09-01,0.5510178,0.57909495
BiLSTM+Attention,val,77.746728_12.97558,2023-09-01,0.53667265,0.5768556
BiLSTM+Attention,val,77.746728_12.984563,2023-09-01,0.52000207,0.55864555
BiLSTM+Attention,val,77.746728_13.016004,2023-09-01,0.56515,0.5994658
BiLSTM+Attention,val,77.746728_13.020495,2023-09-01,0.60099065,0.63780314
BiLSTM+Attention,val,77.746728_13.024987,2023-09-01,0.48916796,0.524951
BiLSTM+Attention,val,77.746728_13.038462,2023-09-01,0.4082474,0.44880852
BiLSTM+Attention,val,77.746728_13.06092,2023-09-01,0.35225093,0.39644718
BiLSTM+Attention,val,77.746728_13.083377,2023-09-01,0.45579547,0.4929458
BiLSTM+Attention,val,77.746728_13.092361,2023-09-01,0.43747136,0.4739882
BiLSTM+Attention,val,77.75122_12.751001,2023-09-01,0.4947572,0.52010274
BiLSTM+Attention,val,77.75122_12.77795,2023-09-01,0.5049694,0.534942
BiLSTM+Attention,val,77.75122_12.993546,2023-09-01,0.45501807,0.49233195
BiLSTM+Attention,val,77.75122_13.020495,2023-09-01,0.51426333,0.5474355
BiLSTM+Attention,val,77.75122_13.03397,2023-09-01,0.43850717,0.48313358
BiLSTM+Attention,val,77.75122_13.038462,2023-09-01,0.36734945,0.4113811
BiLSTM+Attention,val,77.755711_12.77795,2023-09-01,0.48289093,0.5079938
BiLSTM+Attention,val,77.755711_12.831849,2023-09-01,0.43243802,0.47594157
BiLSTM+Attention,val,77.755711_12.858799,2023-09-01,0.509747,0.53561854
BiLSTM+Attention,val,77.755711_12.885748,2023-09-01,0.5067201,0.53850037
BiLSTM+Attention,val,77.760203_12.751001,2023-09-01,0.490535,0.52376044
BiLSTM+Attention,val,77.760203_12.795916,2023-09-01,0.42935085,0.47296038
BiLSTM+Attention,val,77.760203_12.867782,2023-09-01,0.45314282,0.4822073
BiLSTM+Attention,val,77.760203_12.872273,2023-09-01,0.4729391,0.5060721
BiLSTM+Attention,val,77.760203_12.876765,2023-09-01,0.44078583,0.4703086
BiLSTM+Attention,val,77.760203_12.984563,2023-09-01,0.5098758,0.5542073
BiLSTM+Attention,val,77.764695_12.813883,2023-09-01,0.516611,0.5456923
BiLSTM+Attention,val,77.764695_12.849815,2023-09-01,0.48433295,0.51108944
BiLSTM+Attention,val,77.764695_12.912697,2023-09-01,0.49385402,0.5363888
BiLSTM+Attention,val,77.764695_13.03397,2023-09-01,0.3660798,0.4116508
BiLSTM+Attention,val,77.769186_12.751001,2023-09-01,0.7081102,0.7141159
BiLSTM+Attention,val,77.769186_12.791425,2023-09-01,0.44402424,0.47637755
BiLSTM+Attention,val,77.769186_12.800408,2023-09-01,0.5174088,0.54734874
BiLSTM+Attention,val,77.769186_12.8049,2023-09-01,0.565654,0.5951679
BiLSTM+Attention,val,77.769186_12.809391,2023-09-01,0.470556,0.50526804
BiLSTM+Attention,val,77.769186_12.876765,2023-09-01,0.5057363,0.5329506
BiLSTM+Attention,val,77.769186_13.016004,2023-09-01,0.44333375,0.48121986
BiLSTM+Attention,val,77.787152_12.867782,2023-09-01,0.44025227,0.46532878
BiLSTM+Attention,val,77.791644_12.8049,2023-09-01,0.48003894,0.51434314
BiLSTM+Attention,val,77.80961_12.858799,2023-09-01,0.4776062,0.51619935
BiLSTM+Attention,val,77.80961_12.86329,2023-09-01,0.4604829,0.49115798
BiLSTM+Attention,val,77.329012_12.944139,2023-10-01,0.4841025,0.49867138
BiLSTM+Attention,val,77.329012_12.962105,2023-10-01,0.75376517,0.7647023
BiLSTM+Attention,val,77.342486_12.935155,2023-10-01,0.78559023,0.788215
BiLSTM+Attention,val,77.342486_12.944139,2023-10-01,0.72860384,0.73964417
BiLSTM+Attention,val,77.351469_12.89024,2023-10-01,0.5636628,0.5886453
BiLSTM+Attention,val,77.351469_12.930664,2023-10-01,0.7495563,0.76666635
BiLSTM+Attention,val,77.351469_12.939647,2023-10-01,0.7619149,0.76777273
BiLSTM+Attention,val,77.355961_12.899223,2023-10-01,0.5736489,0.5903269
BiLSTM+Attention,val,77.355961_12.94863,2023-10-01,0.47994307,0.4847508
BiLSTM+Attention,val,77.360453_12.867782,2023-10-01,0.41888794,0.43825248
BiLSTM+Attention,val,77.360453_12.908206,2023-10-01,0.5849801,0.6086826
BiLSTM+Attention,val,77.360453_12.926172,2023-10-01,0.7673314,0.7809492
BiLSTM+Attention,val,77.364944_12.854307,2023-10-01,0.45432878,0.4686739
BiLSTM+Attention,val,77.364944_12.962105,2023-10-01,0.46695837,0.47539636
BiLSTM+Attention,val,77.369436_12.881256,2023-10-01,0.46135402,0.4801369
BiLSTM+Attention,val,77.369436_12.89024,2023-10-01,0.43560192,0.4597592
BiLSTM+Attention,val,77.369436_12.935155,2023-10-01,0.4131129,0.41885206
BiLSTM+Attention,val,77.369436_12.998037,2023-10-01,0.4543855,0.45350865
BiLSTM+Attention,val,77.369436_13.007021,2023-10-01,0.52006096,0.51731455
BiLSTM+Attention,val,77.373927_12.971088,2023-10-01,0.46459526,0.48404837
BiLSTM+Attention,val,77.373927_13.011512,2023-10-01,0.4547788,0.46889725
BiLSTM+Attention,val,77.373927_13.016004,2023-10-01,0.45752028,0.4711675
BiLSTM+Attention,val,77.378419_12.966596,2023-10-01,0.44894782,0.46755114
BiLSTM+Attention,val,77.382911_12.953122,2023-10-01,0.45149338,0.4645451
BiLSTM+Attention,val,77.382911_12.957613,2023-10-01,0.4557746,0.4696881
BiLSTM+Attention,val,77.387402_12.962105,2023-10-01,0.4319292,0.44512773
BiLSTM+Attention,val,77.387402_12.97558,2023-10-01,0.51115054,0.5055421
BiLSTM+Attention,val,77.387402_12.980071,2023-10-01,0.5068283,0.49898902
BiLSTM+Attention,val,77.391894_12.867782,2023-10-01,0.5249948,0.5361356
BiLSTM+Attention,val,77.391894_12.881256,2023-10-01,0.46053067,0.50065404
BiLSTM+Attention,val,77.391894_12.885748,2023-10-01,0.5072375,0.5363999
BiLSTM+Attention,val,77.396385_12.894731,2023-10-01,0.5039936,0.52860504
BiLSTM+Attention,val,77.396385_12.908206,2023-10-01,0.42991194,0.45822963
BiLSTM+Attention,val,77.396385_12.944139,2023-10-01,0.5131128,0.51437825
BiLSTM+Attention,val,77.396385_12.971088,2023-10-01,0.42684454,0.45262295
BiLSTM+Attention,val,77.396385_12.97558,2023-10-01,0.41959208,0.4293662
BiLSTM+Attention,val,77.396385_13.029478,2023-10-01,0.4122088,0.42124966
BiLSTM+Attention,val,77.400877_12.957613,2023-10-01,0.44087592,0.45671198
BiLSTM+Attention,val,77.400877_12.966596,2023-10-01,0.3748228,0.41321525
BiLSTM+Attention,val,77.400877_13.029478,2023-10-01,0.38896477,0.39958125
BiLSTM+Attention,val,77.405368_12.881256,2023-10-01,0.41604838,0.4384099
BiLSTM+Attention,val,77.405368_12.89024,2023-10-01,0.40614936,0.43854195
BiLSTM+Attention,val,77.405368_12.903714,2023-10-01,0.3727689,0.4091104
BiLSTM+Attention,val,77.405368_12.930664,2023-10-01,0.54603696,0.5635604
BiLSTM+Attention,val,77.405368_12.998037,2023-10-01,0.46333665,0.4646739
BiLSTM+Attention,val,77.405368_13.105835,2023-10-01,0.4441456,0.44301182
BiLSTM+Attention,val,77.405368_13.11931,2023-10-01,0.4091745,0.41736472
BiLSTM+Attention,val,77.40986_12.872273,2023-10-01,0.3874704,0.41336405
BiLSTM+Attention,val,77.40986_12.881256,2023-10-01,0.35396257,0.3894309
BiLSTM+Attention,val,77.40986_12.962105,2023-10-01,0.49060145,0.49659267
BiLSTM+Attention,val,77.414352_12.930664,2023-10-01,0.47978503,0.49862882
BiLSTM+Attention,val,77.414352_12.989054,2023-10-01,0.389883,0.4179651
BiLSTM+Attention,val,77.414352_12.993546,2023-10-01,0.4353819,0.44202104
BiLSTM+Attention,val,77.414352_13.03397,2023-10-01,0.43376273,0.43231675
BiLSTM+Attention,val,77.414352_13.096852,2023-10-01,0.40529314,0.41671878
BiLSTM+Attention,val,77.414352_13.11931,2023-10-01,0.4256159,0.43871307
BiLSTM+Attention,val,77.418843_12.876765,2023-10-01,0.38589633,0.41358024
BiLSTM+Attention,val,77.418843_12.89024,2023-10-01,0.41231382,0.44155484
BiLSTM+Attention,val,77.418843_12.94863,2023-10-01,0.47338107,0.4771962
BiLSTM+Attention,val,77.418843_12.971088,2023-10-01,0.4120198,0.4313367
BiLSTM+Attention,val,77.418843_12.993546,2023-10-01,0.43665937,0.4529864
BiLSTM+Attention,val,77.418843_13.016004,2023-10-01,0.41893122,0.42779967
BiLSTM+Attention,val,77.418843_13.024987,2023-10-01,0.43547916,0.43520197
BiLSTM+Attention,val,77.418843_13.146259,2023-10-01,0.36524162,0.39043424
BiLSTM+Attention,val,77.423335_12.876765,2023-10-01,0.42118362,0.44465837
BiLSTM+Attention,val,77.423335_12.921681,2023-10-01,0.45183447,0.47097376
BiLSTM+Attention,val,77.423335_12.930664,2023-10-01,0.45397148,0.4670308
BiLSTM+Attention,val,77.423335_13.002529,2023-10-01,0.5309849,0.53582114
BiLSTM+Attention,val,77.423335_13.092361,2023-10-01,0.35980624,0.3695371
BiLSTM+Attention,val,77.423335_13.141768,2023-10-01,0.44896877,0.46375474
BiLSTM+Attention,val,77.423335_13.150751,2023-10-01,0.3724099,0.387467
BiLSTM+Attention,val,77.427826_12.845324,2023-10-01,0.3385492,0.37499467
BiLSTM+Attention,val,77.427826_12.858799,2023-10-01,0.37354788,0.40536144
BiLSTM+Attention,val,77.427826_12.930664,2023-10-01,0.46584508,0.47689638
BiLSTM+Attention,val,77.427826_12.939647,2023-10-01,0.40467846,0.4188455
BiLSTM+Attention,val,77.427826_12.944139,2023-10-01,0.3975787,0.4158713
BiLSTM+Attention,val,77.427826_13.020495,2023-10-01,0.41110772,0.4236395
BiLSTM+Attention,val,77.427826_13.024987,2023-10-01,0.43322015,0.44219622
BiLSTM+Attention,val,77.427826_13.110327,2023-10-01,0.44321728,0.45126173
BiLSTM+Attention,val,77.427826_13.132785,2023-10-01,0.5326227,0.5399056
BiLSTM+Attention,val,77.432318_12.858799,2023-10-01,0.39874122,0.42289352
BiLSTM+Attention,val,77.432318_12.86329,2023-10-01,0.39074463,0.4241373
BiLSTM+Attention,val,77.432318_12.867782,2023-10-01,0.4104624,0.43193537
BiLSTM+Attention,val,77.432318_12.881256,2023-10-01,0.44287753,0.46478787
BiLSTM+Attention,val,77.432318_12.885748,2023-10-01,0.54931456,0.5767398
BiLSTM+Attention,val,77.432318_12.957613,2023-10-01,0.4234412,0.44261986
BiLSTM+Attention,val,77.432318_12.998037,2023-10-01,0.3757747,0.4083931
BiLSTM+Attention,val,77.432318_13.087869,2023-10-01,0.48189157,0.4836959
BiLSTM+Attention,val,77.432318_13.092361,2023-10-01,0.41777018,0.43115523
BiLSTM+Attention,val,77.436809_12.818374,2023-10-01,0.53999,0.5586296
BiLSTM+Attention,val,77.436809_12.840832,2023-10-01,0.47631964,0.49511158
BiLSTM+Attention,val,77.436809_12.854307,2023-10-01,0.40638176,0.42782885
BiLSTM+Attention,val,77.436809_12.912697,2023-10-01,0.5521103,0.57695293
BiLSTM+Attention,val,77.436809_12.926172,2023-10-01,0.48048845,0.4839789
BiLSTM+Attention,val,77.436809_12.944139,2023-10-01,0.4240765,0.440931
BiLSTM+Attention,val,77.436809_13.03397,2023-10-01,0.42478928,0.43519953
BiLSTM+Attention,val,77.441301_12.818374,2023-10-01,0.5236061,0.56323713
BiLSTM+Attention,val,77.441301_12.831849,2023-10-01,0.44083396,0.4684938
BiLSTM+Attention,val,77.441301_12.836341,2023-10-01,0.46666035,0.49169132
BiLSTM+Attention,val,77.441301_12.840832,2023-10-01,0.46180102,0.48583636
BiLSTM+Attention,val,77.441301_12.944139,2023-10-01,0.49181083,0.5095211
BiLSTM+Attention,val,77.441301_12.94863,2023-10-01,0.45397764,0.4779502
BiLSTM+Attention,val,77.441301_13.056428,2023-10-01,0.40891224,0.42585286
BiLSTM+Attention,val,77.441301_13.069903,2023-10-01,0.4208662,0.4400771
BiLSTM+Attention,val,77.441301_13.083377,2023-10-01,0.48347434,0.49260494
BiLSTM+Attention,val,77.441301_13.110327,2023-10-01,0.45524964,0.45899048
BiLSTM+Attention,val,77.445793_12.840832,2023-10-01,0.5231417,0.5479085
BiLSTM+Attention,val,77.445793_12.86329,2023-10-01,0.570239,0.59162277
BiLSTM+Attention,val,77.445793_12.867782,2023-10-01,0.55396813,0.5765623
BiLSTM+Attention,val,77.445793_12.912697,2023-10-01,0.43903494,0.46268016
BiLSTM+Attention,val,77.445793_12.957613,2023-10-01,0.49267185,0.50048125
BiLSTM+Attention,val,77.445793_12.984563,2023-10-01,0.4404552,0.47235844
BiLSTM+Attention,val,77.450284_12.809391,2023-10-01,0.47205552,0.49861804
BiLSTM+Attention,val,77.450284_12.872273,2023-10-01,0.5343625,0.54638714
BiLSTM+Attention,val,77.450284_12.89024,2023-10-01,0.511518,0.5376499
BiLSTM+Attention,val,77.450284_12.971088,2023-10-01,0.46263123,0.48138896
BiLSTM+Attention,val,77.450284_12.993546,2023-10-01,0.34572107,0.3772013
BiLSTM+Attention,val,77.450284_13.029478,2023-10-01,0.46318302,0.46906942
BiLSTM+Attention,val,77.450284_13.047445,2023-10-01,0.45312136,0.45272514
BiLSTM+Attention,val,77.450284_13.146259,2023-10-01,0.5302925,0.54628396
BiLSTM+Attention,val,77.454776_12.809391,2023-10-01,0.4569802,0.4807849
BiLSTM+Attention,val,77.454776_12.885748,2023-10-01,0.4856601,0.5094083
BiLSTM+Attention,val,77.454776_12.980071,2023-10-01,0.40129244,0.4151593
BiLSTM+Attention,val,77.454776_12.993546,2023-10-01,0.4018839,0.41534385
BiLSTM+Attention,val,77.454776_13.078886,2023-10-01,0.433135,0.45911416
BiLSTM+Attention,val,77.454776_13.087869,2023-10-01,0.4119424,0.4349983
BiLSTM+Attention,val,77.454776_13.114818,2023-10-01,0.53906095,0.53379285
BiLSTM+Attention,val,77.454776_13.141768,2023-10-01,0.5319933,0.5402288
BiLSTM+Attention,val,77.459267_12.8049,2023-10-01,0.60830534,0.62599534
BiLSTM+Attention,val,77.459267_12.822866,2023-10-01,0.48954383,0.5175043
BiLSTM+Attention,val,77.459267_12.845324,2023-10-01,0.5026,0.5325535
BiLSTM+Attention,val,77.459267_12.872273,2023-10-01,0.48168647,0.5227622
BiLSTM+Attention,val,77.459267_12.903714,2023-10-01,0.4209424,0.4453375
BiLSTM+Attention,val,77.459267_12.926172,2023-10-01,0.47709373,0.4908171
BiLSTM+Attention,val,77.459267_12.97558,2023-10-01,0.41554314,0.43401456
BiLSTM+Attention,val,77.459267_13.016004,2023-10-01,0.40274385,0.4217033
BiLSTM+Attention,val,77.459267_13.020495,2023-10-01,0.38220158,0.40359637
BiLSTM+Attention,val,77.459267_13.11931,2023-10-01,0.4701668,0.4866121
BiLSTM+Attention,val,77.463759_12.813883,2023-10-01,0.47054315,0.49373004
BiLSTM+Attention,val,77.463759_12.836341,2023-10-01,0.50834686,0.53073215
BiLSTM+Attention,val,77.463759_12.86329,2023-10-01,0.5519119,0.57524866
BiLSTM+Attention,val,77.463759_12.867782,2023-10-01,0.52287126,0.5579205
BiLSTM+Attention,val,77.463759_12.872273,2023-10-01,0.47490272,0.5187094
BiLSTM+Attention,val,77.463759_12.881256,2023-10-01,0.54295087,0.5770246
BiLSTM+Attention,val,77.463759_12.885748,2023-10-01,0.58805436,0.6075635
BiLSTM+Attention,val,77.463759_12.894731,2023-10-01,0.4717527,0.49637276
BiLSTM+Attention,val,77.463759_12.899223,2023-10-01,0.49970454,0.5199757
BiLSTM+Attention,val,77.463759_12.917189,2023-10-01,0.41605076,0.45444992
BiLSTM+Attention,val,77.463759_12.953122,2023-10-01,0.76523936,0.7685683
BiLSTM+Attention,val,77.463759_13.03397,2023-10-01,0.38718912,0.40126386
BiLSTM+Attention,val,77.463759_13.078886,2023-10-01,0.55155474,0.55721587
BiLSTM+Attention,val,77.46825_12.827358,2023-10-01,0.41497782,0.4454672
BiLSTM+Attention,val,77.46825_12.836341,2023-10-01,0.51343095,0.54431355
BiLSTM+Attention,val,77.46825_12.894731,2023-10-01,0.4339978,0.45814282
BiLSTM+Attention,val,77.46825_12.94863,2023-10-01,0.5252026,0.5464082
BiLSTM+Attention,val,77.46825_12.953122,2023-10-01,0.44833785,0.4715567
BiLSTM+Attention,val,77.46825_12.966596,2023-10-01,0.47273713,0.48082247
BiLSTM+Attention,val,77.46825_13.007021,2023-10-01,0.3793614,0.40991497
BiLSTM+Attention,val,77.46825_13.020495,2023-10-01,0.47182542,0.48855326
BiLSTM+Attention,val,77.46825_13.114818,2023-10-01,0.52651495,0.52312016
BiLSTM+Attention,val,77.46825_13.150751,2023-10-01,0.43457547,0.4379479
BiLSTM+Attention,val,77.46825_13.1777,2023-10-01,0.4733799,0.50045407
BiLSTM+Attention,val,77.472742_12.746509,2023-10-01,0.5740847,0.6069299
BiLSTM+Attention,val,77.472742_12.751001,2023-10-01,0.52051383,0.5498529
BiLSTM+Attention,val,77.472742_12.755492,2023-10-01,0.5380154,0.56205976
BiLSTM+Attention,val,77.472742_12.795916,2023-10-01,0.50911015,0.5315392
BiLSTM+Attention,val,77.472742_12.836341,2023-10-01,0.49691465,0.51961756
BiLSTM+Attention,val,77.472742_12.984563,2023-10-01,0.43289083,0.46691987
BiLSTM+Attention,val,77.472742_13.087869,2023-10-01,0.47551104,0.47783282
BiLSTM+Attention,val,77.477234_12.764475,2023-10-01,0.5159798,0.54533905
BiLSTM+Attention,val,77.477234_12.782442,2023-10-01,0.48465568,0.5142696
BiLSTM+Attention,val,77.477234_12.840832,2023-10-01,0.5174452,0.54093516
BiLSTM+Attention,val,77.477234_12.899223,2023-10-01,0.41915843,0.4483951
BiLSTM+Attention,val,77.477234_12.935155,2023-10-01,0.57975554,0.59250337
BiLSTM+Attention,val,77.477234_12.944139,2023-10-01,0.48922104,0.5100761
BiLSTM+Attention,val,77.477234_12.94863,2023-10-01,0.5085629,0.52985716
BiLSTM+Attention,val,77.477234_12.971088,2023-10-01,0.5057337,0.5283528
BiLSTM+Attention,val,77.477234_13.002529,2023-10-01,0.398909,0.41078624
BiLSTM+Attention,val,77.477234_13.056428,2023-10-01,0.43716317,0.4646006
BiLSTM+Attention,val,77.481725_12.737526,2023-10-01,0.5124839,0.54601264
BiLSTM+Attention,val,77.481725_12.768967,2023-10-01,0.5303067,0.565106
BiLSTM+Attention,val,77.481725_12.831849,2023-10-01,0.46041098,0.48398918
BiLSTM+Attention,val,77.481725_12.89024,2023-10-01,0.52421033,0.54252386
BiLSTM+Attention,val,77.481725_12.894731,2023-10-01,0.47672677,0.5010796
BiLSTM+Attention,val,77.481725_12.944139,2023-10-01,0.4961937,0.517309
BiLSTM+Attention,val,77.481725_12.971088,2023-10-01,0.41405553,0.44144148
BiLSTM+Attention,val,77.481725_12.980071,2023-10-01,0.49579722,0.5125509
BiLSTM+Attention,val,77.481725_13.024987,2023-10-01,0.47042364,0.49237567
BiLSTM+Attention,val,77.481725_13.03397,2023-10-01,0.45180973,0.466337
BiLSTM+Attention,val,77.481725_13.096852,2023-10-01,0.5872269,0.610169
BiLSTM+Attention,val,77.481725_13.137276,2023-10-01,0.7736832,0.75920993
BiLSTM+Attention,val,77.486217_12.764475,2023-10-01,0.5058616,0.53782237
BiLSTM+Attention,val,77.486217_12.872273,2023-10-01,0.48308206,0.51283914
BiLSTM+Attention,val,77.486217_12.939647,2023-10-01,0.50795454,0.53198653
BiLSTM+Attention,val,77.486217_12.998037,2023-10-01,0.44124046,0.46171746
BiLSTM+Attention,val,77.486217_13.042953,2023-10-01,0.5351548,0.5482515
BiLSTM+Attention,val,77.486217_13.06092,2023-10-01,0.55431694,0.56492054
BiLSTM+Attention,val,77.486217_13.114818,2023-10-01,0.51818365,0.5214364
BiLSTM+Attention,val,77.486217_13.11931,2023-10-01,0.5375184,0.535629
BiLSTM+Attention,val,77.490708_12.768967,2023-10-01,0.4983473,0.5404227
BiLSTM+Attention,val,77.490708_12.8049,2023-10-01,0.5294981,0.5507522
BiLSTM+Attention,val,77.490708_12.849815,2023-10-01,0.50531715,0.5337119
BiLSTM+Attention,val,77.490708_12.89024,2023-10-01,0.48222274,0.49495044
BiLSTM+Attention,val,77.490708_13.051936,2023-10-01,0.6119613,0.6310343
BiLSTM+Attention,val,77.490708_13.092361,2023-10-01,0.5285848,0.55129
BiLSTM+Attention,val,77.490708_13.096852,2023-10-01,0.566224,0.59466124
BiLSTM+Attention,val,77.490708_13.182192,2023-10-01,0.45956653,0.48486212
BiLSTM+Attention,val,77.490708_13.209142,2023-10-01,0.41990706,0.45748767
BiLSTM+Attention,val,77.4952_12.786933,2023-10-01,0.46983707,0.5024322
BiLSTM+Attention,val,77.4952_12.836341,2023-10-01,0.488204,0.5093347
BiLSTM+Attention,val,77.4952_12.899223,2023-10-01,0.53992677,0.5661833
BiLSTM+Attention,val,77.4952_12.962105,2023-10-01,0.54919267,0.5793191
BiLSTM+Attention,val,77.4952_13.020495,2023-10-01,0.5046518,0.5336517
BiLSTM+Attention,val,77.4952_13.024987,2023-10-01,0.5179424,0.53875947
BiLSTM+Attention,val,77.4952_13.03397,2023-10-01,0.5831867,0.6151749
BiLSTM+Attention,val,77.4952_13.092361,2023-10-01,0.54125243,0.55167687
BiLSTM+Attention,val,77.4952_13.182192,2023-10-01,0.4770454,0.49563852
BiLSTM+Attention,val,77.499692_12.755492,2023-10-01,0.6093676,0.635603
BiLSTM+Attention,val,77.499692_12.858799,2023-10-01,0.62810415,0.64370716
BiLSTM+Attention,val,77.499692_12.899223,2023-10-01,0.51682377,0.54093194
BiLSTM+Attention,val,77.499692_12.984563,2023-10-01,0.54320544,0.54020715
BiLSTM+Attention,val,77.499692_13.114818,2023-10-01,0.5279044,0.54682237
BiLSTM+Attention,val,77.499692_13.137276,2023-10-01,0.49102733,0.48627678
BiLSTM+Attention,val,77.499692_13.168717,2023-10-01,0.47355947,0.4929547
BiLSTM+Attention,val,77.504183_12.764475,2023-10-01,0.56853676,0.5882944
BiLSTM+Attention,val,77.504183_12.786933,2023-10-01,0.54544544,0.569832
BiLSTM+Attention,val,77.504183_12.818374,2023-10-01,0.5287173,0.5582385
BiLSTM+Attention,val,77.504183_12.854307,2023-10-01,0.52216065,0.5342998
BiLSTM+Attention,val,77.504183_12.858799,2023-10-01,0.6301459,0.6444352
BiLSTM+Attention,val,77.504183_12.953122,2023-10-01,0.5705146,0.57798064
BiLSTM+Attention,val,77.504183_13.083377,2023-10-01,0.5994598,0.6259601
BiLSTM+Attention,val,77.504183_13.141768,2023-10-01,0.5212359,0.5225054
BiLSTM+Attention,val,77.504183_13.159734,2023-10-01,0.5507664,0.56311584
BiLSTM+Attention,val,77.504183_13.195667,2023-10-01,0.40576422,0.4400748
BiLSTM+Attention,val,77.508675_12.751001,2023-10-01,0.66149175,0.674526
BiLSTM+Attention,val,77.508675_12.795916,2023-10-01,0.57203376,0.5916783
BiLSTM+Attention,val,77.508675_12.831849,2023-10-01,0.5532785,0.56965375
BiLSTM+Attention,val,77.508675_12.836341,2023-10-01,0.5890907,0.61041623
BiLSTM+Attention,val,77.508675_12.845324,2023-10-01,0.55011606,0.5799358
BiLSTM+Attention,val,77.508675_12.903714,2023-10-01,0.43760064,0.47537413
BiLSTM+Attention,val,77.508675_12.912697,2023-10-01,0.48771504,0.5160987
BiLSTM+Attention,val,77.508675_12.917189,2023-10-01,0.51116204,0.544212
BiLSTM+Attention,val,77.508675_13.114818,2023-10-01,0.45650762,0.47893932
BiLSTM+Attention,val,77.508675_13.137276,2023-10-01,0.46819362,0.47453448
BiLSTM+Attention,val,77.508675_13.159734,2023-10-01,0.5585688,0.574079
BiLSTM+Attention,val,77.508675_13.191175,2023-10-01,0.3883442,0.43703017
BiLSTM+Attention,val,77.513166_12.746509,2023-10-01,0.76965356,0.7852424
BiLSTM+Attention,val,77.513166_12.764475,2023-10-01,0.5310125,0.5596092
BiLSTM+Attention,val,77.513166_12.77795,2023-10-01,0.65376765,0.6577624
BiLSTM+Attention,val,77.513166_12.822866,2023-10-01,0.64479756,0.6670715
BiLSTM+Attention,val,77.513166_12.908206,2023-10-01,0.4246644,0.45866105
BiLSTM+Attention,val,77.513166_13.087869,2023-10-01,0.59804505,0.6239186
BiLSTM+Attention,val,77.513166_13.096852,2023-10-01,0.6129778,0.66548204
BiLSTM+Attention,val,77.513166_13.137276,2023-10-01,0.4243092,0.43799886
BiLSTM+Attention,val,77.513166_13.1777,2023-10-01,0.44158837,0.46300074
BiLSTM+Attention,val,77.517658_12.764475,2023-10-01,0.6189835,0.6344299
BiLSTM+Attention,val,77.517658_12.77795,2023-10-01,0.61715055,0.62204736
BiLSTM+Attention,val,77.517658_12.782442,2023-10-01,0.6162618,0.6260992
BiLSTM+Attention,val,77.517658_12.795916,2023-10-01,0.5880811,0.6025582
BiLSTM+Attention,val,77.517658_12.827358,2023-10-01,0.54106015,0.57674545
BiLSTM+Attention,val,77.517658_12.849815,2023-10-01,0.5197436,0.5367855
BiLSTM+Attention,val,77.517658_12.885748,2023-10-01,0.5399199,0.55690056
BiLSTM+Attention,val,77.517658_12.89024,2023-10-01,0.52057284,0.5373349
BiLSTM+Attention,val,77.517658_12.899223,2023-10-01,0.5349907,0.554054
BiLSTM+Attention,val,77.517658_12.998037,2023-10-01,0.5955737,0.61917037
BiLSTM+Attention,val,77.517658_13.11931,2023-10-01,0.41378605,0.42974195
BiLSTM+Attention,val,77.517658_13.182192,2023-10-01,0.4581004,0.47398004
BiLSTM+Attention,val,77.517658_13.186684,2023-10-01,0.4799977,0.49647877
BiLSTM+Attention,val,77.517658_13.191175,2023-10-01,0.42660198,0.4489431
BiLSTM+Attention,val,77.522149_12.751001,2023-10-01,0.7029783,0.71930575
BiLSTM+Attention,val,77.522149_12.755492,2023-10-01,0.66555303,0.67836463
BiLSTM+Attention,val,77.522149_12.759984,2023-10-01,0.68896556,0.70417947
BiLSTM+Attention,val,77.522149_12.782442,2023-10-01,0.64372516,0.65486705
BiLSTM+Attention,val,77.522149_12.809391,2023-10-01,0.8080542,0.8036738
BiLSTM+Attention,val,77.522149_12.813883,2023-10-01,0.5177243,0.5332985
BiLSTM+Attention,val,77.522149_12.818374,2023-10-01,0.48796937,0.5073324
BiLSTM+Attention,val,77.522149_12.836341,2023-10-01,0.5571795,0.5635122
BiLSTM+Attention,val,77.522149_12.845324,2023-10-01,0.56776005,0.57661325
BiLSTM+Attention,val,77.522149_13.078886,2023-10-01,0.6283363,0.6460278
BiLSTM+Attention,val,77.522149_13.146259,2023-10-01,0.3981698,0.41535467
BiLSTM+Attention,val,77.522149_13.200158,2023-10-01,0.47340998,0.5058836
BiLSTM+Attention,val,77.526641_12.751001,2023-10-01,0.67935777,0.6971043
BiLSTM+Attention,val,77.526641_12.840832,2023-10-01,0.62249357,0.63755846
BiLSTM+Attention,val,77.526641_12.89024,2023-10-01,0.6703935,0.6741193
BiLSTM+Attention,val,77.526641_12.899223,2023-10-01,0.5916288,0.61371374
BiLSTM+Attention,val,77.526641_13.078886,2023-10-01,0.6246875,0.6403538
BiLSTM+Attention,val,77.526641_13.105835,2023-10-01,0.44128612,0.46391633
BiLSTM+Attention,val,77.526641_13.110327,2023-10-01,0.41864923,0.44601277
BiLSTM+Attention,val,77.531133_12.791425,2023-10-01,0.56314623,0.57610106
BiLSTM+Attention,val,77.531133_12.795916,2023-10-01,0.5988275,0.6145607
BiLSTM+Attention,val,77.531133_12.800408,2023-10-01,0.5790587,0.60222304
BiLSTM+Attention,val,77.531133_12.822866,2023-10-01,0.5564982,0.5626813
BiLSTM+Attention,val,77.531133_12.827358,2023-10-01,0.56815505,0.5881213
BiLSTM+Attention,val,77.531133_12.894731,2023-10-01,0.5229766,0.5434729
BiLSTM+Attention,val,77.531133_13.083377,2023-10-01,0.5929664,0.6114711
BiLSTM+Attention,val,77.531133_13.114818,2023-10-01,0.44505355,0.45470005
BiLSTM+Attention,val,77.531133_13.195667,2023-10-01,0.5037014,0.5289744
BiLSTM+Attention,val,77.535624_12.77795,2023-10-01,0.7717815,0.789347
BiLSTM+Attention,val,77.535624_12.822866,2023-10-01,0.7028889,0.70806503
BiLSTM+Attention,val,77.535624_12.872273,2023-10-01,0.43904042,0.45787105
BiLSTM+Attention,val,77.535624_12.899223,2023-10-01,0.49820217,0.5067081
BiLSTM+Attention,val,77.535624_13.069903,2023-10-01,0.73159754,0.7326133
BiLSTM+Attention,val,77.535624_13.083377,2023-10-01,0.56668085,0.6020771
BiLSTM+Attention,val,77.535624_13.096852,2023-10-01,0.47860178,0.50126857
BiLSTM+Attention,val,77.535624_13.114818,2023-10-01,0.48104125,0.49157164
BiLSTM+Attention,val,77.535624_13.132785,2023-10-01,0.50142586,0.5097252
BiLSTM+Attention,val,77.535624_13.137276,2023-10-01,0.41836506,0.43857917
BiLSTM+Attention,val,77.535624_13.195667,2023-10-01,0.40511703,0.43235037
BiLSTM+Attention,val,77.540116_12.77795,2023-10-01,0.60628784,0.6269809
BiLSTM+Attention,val,77.540116_13.042953,2023-10-01,0.5981842,0.6114709
BiLSTM+Attention,val,77.540116_13.074394,2023-10-01,0.6150696,0.63760775
BiLSTM+Attention,val,77.540116_13.092361,2023-10-01,0.43979618,0.45986858
BiLSTM+Attention,val,77.540116_13.101344,2023-10-01,0.44398475,0.45443287
BiLSTM+Attention,val,77.540116_13.105835,2023-10-01,0.47441033,0.47856107
BiLSTM+Attention,val,77.540116_13.114818,2023-10-01,0.47425276,0.46492743
BiLSTM+Attention,val,77.540116_13.132785,2023-10-01,0.4749544,0.48473856
BiLSTM+Attention,val,77.540116_13.155243,2023-10-01,0.512538,0.53817606
BiLSTM+Attention,val,77.540116_13.182192,2023-10-01,0.43692726,0.45670027
BiLSTM+Attention,val,77.544607_12.831849,2023-10-01,0.7567044,0.7659361
BiLSTM+Attention,val,77.544607_13.218125,2023-10-01,0.49994326,0.5139536
BiLSTM+Attention,val,77.549099_12.822866,2023-10-01,0.7762127,0.7796706
BiLSTM+Attention,val,77.549099_12.831849,2023-10-01,0.67251325,0.6778076
BiLSTM+Attention,val,77.549099_12.836341,2023-10-01,0.62266475,0.64145195
BiLSTM+Attention,val,77.549099_12.845324,2023-10-01,0.6456807,0.6550137
BiLSTM+Attention,val,77.549099_12.867782,2023-10-01,0.57224095,0.5793499
BiLSTM+Attention,val,77.549099_12.876765,2023-10-01,0.51325333,0.5328997
BiLSTM+Attention,val,77.549099_12.894731,2023-10-01,0.63265634,0.64942336
BiLSTM+Attention,val,77.549099_13.096852,2023-10-01,0.51956356,0.54319435
BiLSTM+Attention,val,77.549099_13.132785,2023-10-01,0.6684494,0.6736213
BiLSTM+Attention,val,77.55359_12.71956,2023-10-01,0.7975792,0.78963107
BiLSTM+Attention,val,77.55359_12.849815,2023-10-01,0.6194281,0.6397734
BiLSTM+Attention,val,77.55359_12.872273,2023-10-01,0.500014,0.5258645
BiLSTM+Attention,val,77.55359_13.101344,2023-10-01,0.444485,0.46606597
BiLSTM+Attention,val,77.55359_13.110327,2023-10-01,0.5086107,0.52502275
BiLSTM+Attention,val,77.55359_13.128293,2023-10-01,0.6433389,0.6460599
BiLSTM+Attention,val,77.55359_13.168717,2023-10-01,0.50267196,0.52943027
BiLSTM+Attention,val,77.55359_13.173209,2023-10-01,0.43111286,0.45071894
BiLSTM+Attention,val,77.558082_12.710577,2023-10-01,0.8004512,0.802871
BiLSTM+Attention,val,77.558082_12.827358,2023-10-01,0.7175252,0.7272619
BiLSTM+Attention,val,77.558082_12.845324,2023-10-01,0.6901282,0.7100202
BiLSTM+Attention,val,77.558082_13.042953,2023-10-01,0.6916904,0.691061
BiLSTM+Attention,val,77.558082_13.110327,2023-10-01,0.5263403,0.54896927
BiLSTM+Attention,val,77.558082_13.168717,2023-10-01,0.50621814,0.53721094
BiLSTM+Attention,val,77.558082_13.1777,2023-10-01,0.47313747,0.4986602
BiLSTM+Attention,val,77.562574_12.71956,2023-10-01,0.7879602,0.8000983
BiLSTM+Attention,val,77.562574_12.827358,2023-10-01,0.71336865,0.73001397
BiLSTM+Attention,val,77.562574_12.858799,2023-10-01,0.43116307,0.46464008
BiLSTM+Attention,val,77.562574_12.872273,2023-10-01,0.5974399,0.61249155
BiLSTM+Attention,val,77.562574_12.876765,2023-10-01,0.62867635,0.64267254
BiLSTM+Attention,val,77.562574_13.141768,2023-10-01,0.4562004,0.46626082
BiLSTM+Attention,val,77.562574_13.159734,2023-10-01,0.502856,0.527228
BiLSTM+Attention,val,77.562574_13.173209,2023-10-01,0.49399367,0.52604896
BiLSTM+Attention,val,77.567065_12.724051,2023-10-01,0.7650899,0.76719064
BiLSTM+Attention,val,77.567065_12.849815,2023-10-01,0.6849346,0.6953011
BiLSTM+Attention,val,77.567065_13.105835,2023-10-01,0.58966553,0.61344665
BiLSTM+Attention,val,77.567065_13.114818,2023-10-01,0.6713507,0.69125843
BiLSTM+Attention,val,77.567065_13.182192,2023-10-01,0.51395375,0.53464985
BiLSTM+Attention,val,77.571557_12.71956,2023-10-01,0.7729216,0.78287184
BiLSTM+Attention,val,77.571557_12.849815,2023-10-01,0.6931007,0.6999489
BiLSTM+Attention,val,77.571557_13.141768,2023-10-01,0.47270584,0.4858863
BiLSTM+Attention,val,77.571557_13.146259,2023-10-01,0.48222074,0.5006091
BiLSTM+Attention,val,77.576048_12.71956,2023-10-01,0.7449216,0.7593982
BiLSTM+Attention,val,77.576048_12.728543,2023-10-01,0.7769651,0.78111994
BiLSTM+Attention,val,77.576048_12.742018,2023-10-01,0.75742465,0.7655875
BiLSTM+Attention,val,77.576048_12.813883,2023-10-01,0.76577204,0.7796596
BiLSTM+Attention,val,77.576048_12.827358,2023-10-01,0.63819075,0.66030234
BiLSTM+Attention,val,77.58054_12.845324,2023-10-01,0.69595736,0.7167176
BiLSTM+Attention,val,77.58054_13.083377,2023-10-01,0.5478704,0.5494183
BiLSTM+Attention,val,77.58054_13.087869,2023-10-01,0.50614417,0.51728266
BiLSTM+Attention,val,77.585031_12.849815,2023-10-01,0.6967593,0.69787943
BiLSTM+Attention,val,77.585031_13.042953,2023-10-01,0.7193285,0.72786176
BiLSTM+Attention,val,77.585031_13.137276,2023-10-01,0.4895097,0.50398004
BiLSTM+Attention,val,77.589523_12.71956,2023-10-01,0.8422202,0.8349296
BiLSTM+Attention,val,77.589523_12.746509,2023-10-01,0.7302994,0.7443245
BiLSTM+Attention,val,77.589523_12.854307,2023-10-01,0.61866885,0.6437565
BiLSTM+Attention,val,77.589523_12.971088,2023-10-01,0.80373716,0.7803044
BiLSTM+Attention,val,77.589523_13.083377,2023-10-01,0.62175465,0.6269914
BiLSTM+Attention,val,77.589523_13.150751,2023-10-01,0.48948422,0.51044923
BiLSTM+Attention,val,77.594015_12.724051,2023-10-01,0.84607273,0.8431201
BiLSTM+Attention,val,77.594015_12.733034,2023-10-01,0.82311636,0.8276181
BiLSTM+Attention,val,77.594015_12.755492,2023-10-01,0.70077443,0.71774685
BiLSTM+Attention,val,77.594015_12.831849,2023-10-01,0.6033758,0.62447715
BiLSTM+Attention,val,77.594015_12.836341,2023-10-01,0.6473163,0.66281044
BiLSTM+Attention,val,77.594015_12.840832,2023-10-01,0.6497834,0.66720474
BiLSTM+Attention,val,77.594015_12.849815,2023-10-01,0.6363262,0.65883666
BiLSTM+Attention,val,77.594015_12.998037,2023-10-01,0.7849742,0.76726705
BiLSTM+Attention,val,77.594015_13.087869,2023-10-01,0.62540674,0.6466614
BiLSTM+Attention,val,77.598506_12.710577,2023-10-01,0.6997795,0.7159506
BiLSTM+Attention,val,77.598506_12.822866,2023-10-01,0.6398628,0.6501576
BiLSTM+Attention,val,77.598506_12.849815,2023-10-01,0.7341686,0.7403041
BiLSTM+Attention,val,77.598506_13.083377,2023-10-01,0.62189376,0.62589025
BiLSTM+Attention,val,77.598506_13.128293,2023-10-01,0.58494776,0.6012271
BiLSTM+Attention,val,77.598506_13.141768,2023-10-01,0.46128473,0.47404608
BiLSTM+Attention,val,77.598506_13.146259,2023-10-01,0.4357945,0.44816867
BiLSTM+Attention,val,77.602998_12.710577,2023-10-01,0.7174099,0.7415426
BiLSTM+Attention,val,77.602998_12.827358,2023-10-01,0.5120543,0.5299499
BiLSTM+Attention,val,77.602998_12.849815,2023-10-01,0.57644725,0.5903064
BiLSTM+Attention,val,77.602998_12.858799,2023-10-01,0.56865114,0.59492975
BiLSTM+Attention,val,77.602998_13.114818,2023-10-01,0.6056149,0.6135599
BiLSTM+Attention,val,77.602998_13.11931,2023-10-01,0.5963998,0.61300313
BiLSTM+Attention,val,77.602998_13.128293,2023-10-01,0.54121053,0.5656823
BiLSTM+Attention,val,77.602998_13.164226,2023-10-01,0.50148726,0.5115892
BiLSTM+Attention,val,77.607489_12.768967,2023-10-01,0.63212574,0.6572569
BiLSTM+Attention,val,77.607489_12.773459,2023-10-01,0.6048258,0.6297285
BiLSTM+Attention,val,77.607489_12.809391,2023-10-01,0.67043966,0.6825722
BiLSTM+Attention,val,77.607489_12.818374,2023-10-01,0.7170572,0.7364938
BiLSTM+Attention,val,77.607489_13.087869,2023-10-01,0.75719875,0.7640332
BiLSTM+Attention,val,77.611981_12.674644,2023-10-01,0.818107,0.8267819
BiLSTM+Attention,val,77.611981_12.768967,2023-10-01,0.5845421,0.6089097
BiLSTM+Attention,val,77.611981_12.831849,2023-10-01,0.5685754,0.58690184
BiLSTM+Attention,val,77.611981_12.867782,2023-10-01,0.5354548,0.55507445
BiLSTM+Attention,val,77.611981_12.953122,2023-10-01,0.73754925,0.75446707
BiLSTM+Attention,val,77.611981_13.105835,2023-10-01,0.55750966,0.5719148
BiLSTM+Attention,val,77.611981_13.168717,2023-10-01,0.45489755,0.4630809
BiLSTM+Attention,val,77.611981_13.182192,2023-10-01,0.38401586,0.4217485
BiLSTM+Attention,val,77.616473_12.831849,2023-10-01,0.6335274,0.6561482
BiLSTM+Attention,val,77.616473_12.858799,2023-10-01,0.52968574,0.5429296
BiLSTM+Attention,val,77.616473_13.114818,2023-10-01,0.58777136,0.60573745
BiLSTM+Attention,val,77.616473_13.141768,2023-10-01,0.46140277,0.49341923
BiLSTM+Attention,val,77.616473_13.1777,2023-10-01,0.39976585,0.42731145
BiLSTM+Attention,val,77.620964_12.674644,2023-10-01,0.8262293,0.8255848
BiLSTM+Attention,val,77.620964_12.795916,2023-10-01,0.4466131,0.47642478
BiLSTM+Attention,val,77.620964_12.813883,2023-10-01,0.46137002,0.48072842
BiLSTM+Attention,val,77.620964_12.845324,2023-10-01,0.6759104,0.6960636
BiLSTM+Attention,val,77.620964_12.858799,2023-10-01,0.5116649,0.51872444
BiLSTM+Attention,val,77.620964_13.132785,2023-10-01,0.55396825,0.57575274
BiLSTM+Attention,val,77.625456_12.782442,2023-10-01,0.53158784,0.55779165
BiLSTM+Attention,val,77.625456_12.858799,2023-10-01,0.4629754,0.46547595
BiLSTM+Attention,val,77.625456_13.065411,2023-10-01,0.4276789,0.4369968
BiLSTM+Attention,val,77.625456_13.128293,2023-10-01,0.54695696,0.58636385
BiLSTM+Attention,val,77.625456_13.137276,2023-10-01,0.46171212,0.4816263
BiLSTM+Attention,val,77.625456_13.155243,2023-10-01,0.67247605,0.6712019
BiLSTM+Attention,val,77.625456_13.182192,2023-10-01,0.4694135,0.48137015
BiLSTM+Attention,val,77.629947_12.795916,2023-10-01,0.7835975,0.79824936
BiLSTM+Attention,val,77.629947_12.809391,2023-10-01,0.49832982,0.51162404
BiLSTM+Attention,val,77.629947_12.836341,2023-10-01,0.60359013,0.61613476
BiLSTM+Attention,val,77.629947_12.854307,2023-10-01,0.5200248,0.52456665
BiLSTM+Attention,val,77.629947_12.858799,2023-10-01,0.49085566,0.50003326
BiLSTM+Attention,val,77.629947_13.06092,2023-10-01,0.44854861,0.4634621
BiLSTM+Attention,val,77.629947_13.087869,2023-10-01,0.472045,0.47283947
BiLSTM+Attention,val,77.629947_13.1777,2023-10-01,0.48589978,0.4903786
BiLSTM+Attention,val,77.634439_12.679136,2023-10-01,0.7933057,0.79738855
BiLSTM+Attention,val,77.634439_12.701593,2023-10-01,0.74671894,0.755835
BiLSTM+Attention,val,77.634439_12.733034,2023-10-01,0.49284458,0.5255902
BiLSTM+Attention,val,77.634439_12.746509,2023-10-01,0.5368851,0.55574876
BiLSTM+Attention,val,77.634439_12.751001,2023-10-01,0.54266196,0.55975944
BiLSTM+Attention,val,77.634439_12.849815,2023-10-01,0.56078357,0.572931
BiLSTM+Attention,val,77.634439_13.047445,2023-10-01,0.49104065,0.5153014
BiLSTM+Attention,val,77.634439_13.083377,2023-10-01,0.42652237,0.4511568
BiLSTM+Attention,val,77.634439_13.137276,2023-10-01,0.4367147,0.45696962
BiLSTM+Attention,val,77.63893_12.688119,2023-10-01,0.71250784,0.72193533
BiLSTM+Attention,val,77.63893_12.742018,2023-10-01,0.55962205,0.57474804
BiLSTM+Attention,val,77.63893_12.791425,2023-10-01,0.56562227,0.57055813
BiLSTM+Attention,val,77.63893_12.800408,2023-10-01,0.49391264,0.5133182
BiLSTM+Attention,val,77.63893_12.818374,2023-10-01,0.4862368,0.5022316
BiLSTM+Attention,val,77.63893_12.840832,2023-10-01,0.65101707,0.6614611
BiLSTM+Attention,val,77.63893_12.872273,2023-10-01,0.41601646,0.44437668
BiLSTM+Attention,val,77.63893_12.917189,2023-10-01,0.72299355,0.7298229
BiLSTM+Attention,val,77.63893_12.989054,2023-10-01,0.68477374,0.6902964
BiLSTM+Attention,val,77.63893_13.056428,2023-10-01,0.545771,0.5546312
BiLSTM+Attention,val,77.63893_13.078886,2023-10-01,0.4719545,0.47393385
BiLSTM+Attention,val,77.63893_13.083377,2023-10-01,0.42178446,0.44777
BiLSTM+Attention,val,77.63893_13.1777,2023-10-01,0.448551,0.4847916
BiLSTM+Attention,val,77.643422_12.795916,2023-10-01,0.50050515,0.5177097
BiLSTM+Attention,val,77.643422_12.800408,2023-10-01,0.49897012,0.5226631
BiLSTM+Attention,val,77.643422_12.809391,2023-10-01,0.52688414,0.5354369
BiLSTM+Attention,val,77.643422_12.867782,2023-10-01,0.48581567,0.49500424
BiLSTM+Attention,val,77.643422_13.002529,2023-10-01,0.5798934,0.56957704
BiLSTM+Attention,val,77.643422_13.038462,2023-10-01,0.5429914,0.56206954
BiLSTM+Attention,val,77.643422_13.164226,2023-10-01,0.59076756,0.6089083
BiLSTM+Attention,val,77.647914_12.688119,2023-10-01,0.719081,0.74643016
BiLSTM+Attention,val,77.647914_12.733034,2023-10-01,0.5491119,0.58427215
BiLSTM+Attention,val,77.647914_12.881256,2023-10-01,0.49656853,0.5241141
BiLSTM+Attention,val,77.647914_12.935155,2023-10-01,0.6994894,0.69163847
BiLSTM+Attention,val,77.647914_13.141768,2023-10-01,0.70056194,0.71120065
BiLSTM+Attention,val,77.647914_13.168717,2023-10-01,0.747564,0.7423655
BiLSTM+Attention,val,77.652405_12.697102,2023-10-01,0.70236623,0.72196394
BiLSTM+Attention,val,77.652405_12.773459,2023-10-01,0.49912915,0.5114589
BiLSTM+Attention,val,77.652405_12.795916,2023-10-01,0.4454423,0.4656771
BiLSTM+Attention,val,77.652405_12.8049,2023-10-01,0.5502202,0.5605794
BiLSTM+Attention,val,77.652405_12.858799,2023-10-01,0.7232945,0.7347585
BiLSTM+Attention,val,77.652405_12.926172,2023-10-01,0.6565424,0.66118765
BiLSTM+Attention,val,77.652405_13.002529,2023-10-01,0.55983406,0.55772084
BiLSTM+Attention,val,77.656897_12.742018,2023-10-01,0.5428024,0.5690078
BiLSTM+Attention,val,77.656897_12.746509,2023-10-01,0.5501943,0.5625206
BiLSTM+Attention,val,77.656897_12.768967,2023-10-01,0.5443568,0.5590131
BiLSTM+Attention,val,77.656897_12.791425,2023-10-01,0.44562113,0.47937617
BiLSTM+Attention,val,77.656897_12.800408,2023-10-01,0.56063974,0.58038175
BiLSTM+Attention,val,77.656897_12.831849,2023-10-01,0.5722142,0.5984788
BiLSTM+Attention,val,77.656897_12.849815,2023-10-01,0.4388449,0.4623792
BiLSTM+Attention,val,77.656897_13.101344,2023-10-01,0.5070338,0.5091212
BiLSTM+Attention,val,77.656897_13.164226,2023-10-01,0.48277304,0.48968717
BiLSTM+Attention,val,77.656897_13.173209,2023-10-01,0.4364381,0.45183578
BiLSTM+Attention,val,77.661388_12.737526,2023-10-01,0.57931346,0.6009317
BiLSTM+Attention,val,77.661388_12.759984,2023-10-01,0.57806915,0.5882277
BiLSTM+Attention,val,77.661388_13.056428,2023-10-01,0.47855854,0.49526885
BiLSTM+Attention,val,77.661388_13.074394,2023-10-01,0.5662537,0.56794363
BiLSTM+Attention,val,77.661388_13.087869,2023-10-01,0.45980415,0.47512975
BiLSTM+Attention,val,77.661388_13.101344,2023-10-01,0.48217922,0.4871418
BiLSTM+Attention,val,77.661388_13.110327,2023-10-01,0.5283009,0.5578816
BiLSTM+Attention,val,77.661388_13.11931,2023-10-01,0.6015877,0.62217176
BiLSTM+Attention,val,77.66588_12.679136,2023-10-01,0.65891796,0.6841176
BiLSTM+Attention,val,77.66588_12.697102,2023-10-01,0.6376383,0.6605807
BiLSTM+Attention,val,77.66588_12.715068,2023-10-01,0.65075886,0.67181516
BiLSTM+Attention,val,77.66588_12.724051,2023-10-01,0.62265325,0.6509965
BiLSTM+Attention,val,77.66588_12.751001,2023-10-01,0.52913165,0.5376301
BiLSTM+Attention,val,77.66588_12.755492,2023-10-01,0.5756218,0.6003592
BiLSTM+Attention,val,77.66588_12.764475,2023-10-01,0.5723133,0.59487903
BiLSTM+Attention,val,77.66588_12.768967,2023-10-01,0.7117666,0.7358359
BiLSTM+Attention,val,77.66588_12.791425,2023-10-01,0.6055803,0.6322514
BiLSTM+Attention,val,77.66588_12.953122,2023-10-01,0.56023943,0.590206
BiLSTM+Attention,val,77.66588_13.038462,2023-10-01,0.47209406,0.49642602
BiLSTM+Attention,val,77.66588_13.051936,2023-10-01,0.5355434,0.538284
BiLSTM+Attention,val,77.66588_13.173209,2023-10-01,0.42208838,0.44686443
BiLSTM+Attention,val,77.670371_12.71956,2023-10-01,0.6575563,0.6869116
BiLSTM+Attention,val,77.670371_12.86329,2023-10-01,0.53063387,0.5486588
BiLSTM+Attention,val,77.670371_12.881256,2023-10-01,0.48632842,0.50032157
BiLSTM+Attention,val,77.670371_12.894731,2023-10-01,0.4348742,0.45493853
BiLSTM+Attention,val,77.670371_13.069903,2023-10-01,0.4430442,0.45760491
BiLSTM+Attention,val,77.670371_13.083377,2023-10-01,0.41658753,0.43158838
BiLSTM+Attention,val,77.670371_13.092361,2023-10-01,0.41712657,0.4373069
BiLSTM+Attention,val,77.670371_13.128293,2023-10-01,0.5392684,0.5377601
BiLSTM+Attention,val,77.674863_12.674644,2023-10-01,0.73979366,0.75909
BiLSTM+Attention,val,77.674863_12.71956,2023-10-01,0.665562,0.6956488
BiLSTM+Attention,val,77.674863_12.755492,2023-10-01,0.5164859,0.54491657
BiLSTM+Attention,val,77.674863_12.764475,2023-10-01,0.5166781,0.53926677
BiLSTM+Attention,val,77.674863_12.786933,2023-10-01,0.5257429,0.54501015
BiLSTM+Attention,val,77.674863_12.836341,2023-10-01,0.53502184,0.55379415
BiLSTM+Attention,val,77.674863_12.867782,2023-10-01,0.79113775,0.7977239
BiLSTM+Attention,val,77.674863_13.051936,2023-10-01,0.5303149,0.54475206
BiLSTM+Attention,val,77.674863_13.069903,2023-10-01,0.3999669,0.42568812
BiLSTM+Attention,val,77.674863_13.092361,2023-10-01,0.45285052,0.4799637
BiLSTM+Attention,val,77.674863_13.105835,2023-10-01,0.52363914,0.5258736
BiLSTM+Attention,val,77.679355_12.697102,2023-10-01,0.5363697,0.5566384
BiLSTM+Attention,val,77.679355_12.746509,2023-10-01,0.68804383,0.71459836
BiLSTM+Attention,val,77.679355_12.881256,2023-10-01,0.48930746,0.52147055
BiLSTM+Attention,val,77.679355_12.89024,2023-10-01,0.5241386,0.5370116
BiLSTM+Attention,val,77.679355_12.899223,2023-10-01,0.42630166,0.44168216
BiLSTM+Attention,val,77.679355_13.047445,2023-10-01,0.7787445,0.7891165
BiLSTM+Attention,val,77.679355_13.056428,2023-10-01,0.4968013,0.5024192
BiLSTM+Attention,val,77.679355_13.074394,2023-10-01,0.4610749,0.47748017
BiLSTM+Attention,val,77.679355_13.101344,2023-10-01,0.48261768,0.4943638
BiLSTM+Attention,val,77.679355_13.141768,2023-10-01,0.51621497,0.53796947
BiLSTM+Attention,val,77.679355_13.155243,2023-10-01,0.43485996,0.44893378
BiLSTM+Attention,val,77.679355_13.159734,2023-10-01,0.45735887,0.48173812
BiLSTM+Attention,val,77.683846_12.728543,2023-10-01,0.5562422,0.5945937
BiLSTM+Attention,val,77.683846_12.742018,2023-10-01,0.51275235,0.5379619
BiLSTM+Attention,val,77.683846_12.755492,2023-10-01,0.71924865,0.7432413
BiLSTM+Attention,val,77.683846_12.795916,2023-10-01,0.52185804,0.53734636
BiLSTM+Attention,val,77.683846_12.8049,2023-10-01,0.49853566,0.5210337
BiLSTM+Attention,val,77.683846_12.836341,2023-10-01,0.6038854,0.6200303
BiLSTM+Attention,val,77.683846_12.840832,2023-10-01,0.6140677,0.6305581
BiLSTM+Attention,val,77.683846_12.894731,2023-10-01,0.5176294,0.54194593
BiLSTM+Attention,val,77.683846_12.917189,2023-10-01,0.44858694,0.45701346
BiLSTM+Attention,val,77.683846_12.939647,2023-10-01,0.71895283,0.7333639
BiLSTM+Attention,val,77.683846_13.029478,2023-10-01,0.35557276,0.3981222
BiLSTM+Attention,val,77.683846_13.06092,2023-10-01,0.48010677,0.4924657
BiLSTM+Attention,val,77.683846_13.074394,2023-10-01,0.4332583,0.43843302
BiLSTM+Attention,val,77.683846_13.11931,2023-10-01,0.408977,0.4242254
BiLSTM+Attention,val,77.683846_13.123802,2023-10-01,0.47000128,0.4822314
BiLSTM+Attention,val,77.688338_12.656678,2023-10-01,0.72201395,0.7296916
BiLSTM+Attention,val,77.688338_12.69261,2023-10-01,0.8156894,0.82294357
BiLSTM+Attention,val,77.688338_12.697102,2023-10-01,0.8269173,0.8298807
BiLSTM+Attention,val,77.688338_12.710577,2023-10-01,0.8178296,0.8207451
BiLSTM+Attention,val,77.688338_12.751001,2023-10-01,0.59955704,0.6122016
BiLSTM+Attention,val,77.688338_12.755492,2023-10-01,0.5578024,0.57265663
BiLSTM+Attention,val,77.688338_12.876765,2023-10-01,0.80324847,0.78944814
BiLSTM+Attention,val,77.688338_12.885748,2023-10-01,0.5321067,0.5299984
BiLSTM+Attention,val,77.688338_12.966596,2023-10-01,0.58250815,0.59885067
BiLSTM+Attention,val,77.692829_12.746509,2023-10-01,0.4738722,0.50152403
BiLSTM+Attention,val,77.692829_12.800408,2023-10-01,0.4553444,0.48584512
BiLSTM+Attention,val,77.692829_12.845324,2023-10-01,0.66443706,0.66791326
BiLSTM+Attention,val,77.692829_12.885748,2023-10-01,0.5447715,0.56846106
BiLSTM+Attention,val,77.692829_12.899223,2023-10-01,0.47684425,0.49207863
BiLSTM+Attention,val,77.692829_13.047445,2023-10-01,0.7846005,0.7739758
BiLSTM+Attention,val,77.692829_13.06092,2023-10-01,0.6034798,0.6146338
BiLSTM+Attention,val,77.692829_13.065411,2023-10-01,0.5903956,0.58723146
BiLSTM+Attention,val,77.692829_13.083377,2023-10-01,0.43120664,0.44001198
BiLSTM+Attention,val,77.692829_13.096852,2023-10-01,0.4247496,0.4428447
BiLSTM+Attention,val,77.692829_13.132785,2023-10-01,0.4209368,0.4356
BiLSTM+Attention,val,77.692829_13.155243,2023-10-01,0.421234,0.44381192
BiLSTM+Attention,val,77.697321_12.697102,2023-10-01,0.8164615,0.82785255
BiLSTM+Attention,val,77.697321_12.751001,2023-10-01,0.5415596,0.55020744
BiLSTM+Attention,val,77.697321_12.773459,2023-10-01,0.47934967,0.4991388
BiLSTM+Attention,val,77.697321_12.791425,2023-10-01,0.575772,0.59684
BiLSTM+Attention,val,77.697321_12.885748,2023-10-01,0.5515888,0.5697881
BiLSTM+Attention,val,77.697321_12.894731,2023-10-01,0.505832,0.5115508
BiLSTM+Attention,val,77.697321_12.930664,2023-10-01,0.50519776,0.523531
BiLSTM+Attention,val,77.697321_12.966596,2023-10-01,0.5450973,0.5688428
BiLSTM+Attention,val,77.697321_13.132785,2023-10-01,0.42156488,0.44160095
BiLSTM+Attention,val,77.697321_13.150751,2023-10-01,0.46116728,0.4780892
BiLSTM+Attention,val,77.697321_13.1777,2023-10-01,0.601696,0.6125171
BiLSTM+Attention,val,77.701812_12.742018,2023-10-01,0.4988473,0.52723897
BiLSTM+Attention,val,77.701812_12.77795,2023-10-01,0.46905953,0.4999286
BiLSTM+Attention,val,77.701812_12.8049,2023-10-01,0.56116706,0.5845579
BiLSTM+Attention,val,77.701812_12.822866,2023-10-01,0.5509996,0.556141
BiLSTM+Attention,val,77.701812_12.872273,2023-10-01,0.45182988,0.47594568
BiLSTM+Attention,val,77.701812_12.984563,2023-10-01,0.47207054,0.5083838
BiLSTM+Attention,val,77.701812_13.03397,2023-10-01,0.44005173,0.4645565
BiLSTM+Attention,val,77.701812_13.114818,2023-10-01,0.5224545,0.5311921
BiLSTM+Attention,val,77.701812_13.164226,2023-10-01,0.44216788,0.4855521
BiLSTM+Attention,val,77.706304_12.746509,2023-10-01,0.5098293,0.5309829
BiLSTM+Attention,val,77.706304_12.751001,2023-10-01,0.52091044,0.54927367
BiLSTM+Attention,val,77.706304_12.759984,2023-10-01,0.42794028,0.45973942
BiLSTM+Attention,val,77.706304_12.764475,2023-10-01,0.5112099,0.5197704
BiLSTM+Attention,val,77.706304_12.86329,2023-10-01,0.40643743,0.42500117
BiLSTM+Attention,val,77.706304_12.984563,2023-10-01,0.47901946,0.513799
BiLSTM+Attention,val,77.706304_13.038462,2023-10-01,0.44841227,0.46240172
BiLSTM+Attention,val,77.706304_13.042953,2023-10-01,0.52552307,0.54061264
BiLSTM+Attention,val,77.706304_13.137276,2023-10-01,0.7745323,0.77250725
BiLSTM+Attention,val,77.710796_12.715068,2023-10-01,0.62101376,0.65578777
BiLSTM+Attention,val,77.710796_12.894731,2023-10-01,0.58926874,0.6118319
BiLSTM+Attention,val,77.710796_12.899223,2023-10-01,0.51308787,0.53640723
BiLSTM+Attention,val,77.710796_12.912697,2023-10-01,0.45567873,0.46597865
BiLSTM+Attention,val,77.710796_13.03397,2023-10-01,0.4902058,0.4892831
BiLSTM+Attention,val,77.710796_13.11931,2023-10-01,0.4624282,0.47133026
BiLSTM+Attention,val,77.710796_13.123802,2023-10-01,0.42510974,0.4401093
BiLSTM+Attention,val,77.710796_13.132785,2023-10-01,0.4764537,0.5016041
BiLSTM+Attention,val,77.710796_13.150751,2023-10-01,0.39984414,0.43901744
BiLSTM+Attention,val,77.710796_13.168717,2023-10-01,0.50419325,0.54364514
BiLSTM+Attention,val,77.710796_13.173209,2023-10-01,0.52770823,0.5421558
BiLSTM+Attention,val,77.715287_12.679136,2023-10-01,0.70500433,0.72020286
BiLSTM+Attention,val,77.715287_12.742018,2023-10-01,0.49142045,0.5217385
BiLSTM+Attention,val,77.715287_12.773459,2023-10-01,0.4740791,0.4988246
BiLSTM+Attention,val,77.715287_12.822866,2023-10-01,0.5273348,0.5482192
BiLSTM+Attention,val,77.715287_12.827358,2023-10-01,0.4676398,0.49807295
BiLSTM+Attention,val,77.715287_12.845324,2023-10-01,0.412286,0.44251904
BiLSTM+Attention,val,77.715287_12.885748,2023-10-01,0.5799751,0.5897658
BiLSTM+Attention,val,77.715287_12.899223,2023-10-01,0.41394326,0.44266528
BiLSTM+Attention,val,77.715287_12.939647,2023-10-01,0.7023686,0.72627366
BiLSTM+Attention,val,77.715287_12.944139,2023-10-01,0.74043477,0.7678723
BiLSTM+Attention,val,77.715287_12.94863,2023-10-01,0.59311175,0.6291781
BiLSTM+Attention,val,77.715287_13.016004,2023-10-01,0.5327646,0.5614888
BiLSTM+Attention,val,77.715287_13.029478,2023-10-01,0.39902663,0.42080975
BiLSTM+Attention,val,77.715287_13.038462,2023-10-01,0.5539759,0.5478045
BiLSTM+Attention,val,77.715287_13.051936,2023-10-01,0.53477806,0.53960747
BiLSTM+Attention,val,77.715287_13.056428,2023-10-01,0.43966454,0.45457014
BiLSTM+Attention,val,77.715287_13.096852,2023-10-01,0.38273868,0.39264816
BiLSTM+Attention,val,77.715287_13.114818,2023-10-01,0.5389976,0.5479397
BiLSTM+Attention,val,77.715287_13.128293,2023-10-01,0.47380364,0.50288516
BiLSTM+Attention,val,77.719779_12.706085,2023-10-01,0.65198666,0.6715829
BiLSTM+Attention,val,77.719779_12.746509,2023-10-01,0.71824205,0.7294874
BiLSTM+Attention,val,77.719779_12.795916,2023-10-01,0.48697755,0.51031554
BiLSTM+Attention,val,77.719779_12.840832,2023-10-01,0.53555936,0.5528718
BiLSTM+Attention,val,77.719779_12.903714,2023-10-01,0.44518942,0.4533055
BiLSTM+Attention,val,77.719779_13.069903,2023-10-01,0.42398292,0.44891763
BiLSTM+Attention,val,77.719779_13.105835,2023-10-01,0.45649442,0.4754834
BiLSTM+Attention,val,77.719779_13.123802,2023-10-01,0.43535155,0.46090722
BiLSTM+Attention,val,77.719779_13.137276,2023-10-01,0.45540932,0.4745511
BiLSTM+Attention,val,77.719779_13.155243,2023-10-01,0.427691,0.46433923
BiLSTM+Attention,val,77.72427_12.674644,2023-10-01,0.549761,0.57868135
BiLSTM+Attention,val,77.72427_12.697102,2023-10-01,0.50686884,0.53237766
BiLSTM+Attention,val,77.72427_12.701593,2023-10-01,0.55047697,0.5647496
BiLSTM+Attention,val,77.72427_12.724051,2023-10-01,0.5379868,0.55793846
BiLSTM+Attention,val,77.72427_12.786933,2023-10-01,0.5102435,0.5184558
BiLSTM+Attention,val,77.72427_12.791425,2023-10-01,0.51493603,0.5282691
BiLSTM+Attention,val,77.72427_12.840832,2023-10-01,0.50621885,0.5310438
BiLSTM+Attention,val,77.72427_12.867782,2023-10-01,0.46633333,0.4732875
BiLSTM+Attention,val,77.72427_12.885748,2023-10-01,0.4901596,0.5123796
BiLSTM+Attention,val,77.72427_13.024987,2023-10-01,0.82799566,0.81517863
BiLSTM+Attention,val,77.72427_13.06092,2023-10-01,0.44915497,0.4600531
BiLSTM+Attention,val,77.72427_13.074394,2023-10-01,0.46832985,0.48553154
BiLSTM+Attention,val,77.728762_12.706085,2023-10-01,0.64826876,0.6723244
BiLSTM+Attention,val,77.728762_12.724051,2023-10-01,0.6493442,0.67646205
BiLSTM+Attention,val,77.728762_12.759984,2023-10-01,0.5257354,0.5378657
BiLSTM+Attention,val,77.728762_12.782442,2023-10-01,0.56399757,0.5669962
BiLSTM+Attention,val,77.728762_12.809391,2023-10-01,0.52051383,0.5263424
BiLSTM+Attention,val,77.728762_12.858799,2023-10-01,0.5565401,0.5778461
BiLSTM+Attention,val,77.728762_12.876765,2023-10-01,0.5696403,0.5847031
BiLSTM+Attention,val,77.728762_12.885748,2023-10-01,0.49080825,0.50272566
BiLSTM+Attention,val,77.728762_13.016004,2023-10-01,0.80147994,0.80522525
BiLSTM+Attention,val,77.728762_13.047445,2023-10-01,0.5041707,0.5238236
BiLSTM+Attention,val,77.728762_13.087869,2023-10-01,0.5159647,0.51804686
BiLSTM+Attention,val,77.728762_13.092361,2023-10-01,0.48286736,0.4895142
BiLSTM+Attention,val,77.733253_12.755492,2023-10-01,0.46723124,0.48078576
BiLSTM+Attention,val,77.733253_12.795916,2023-10-01,0.49425146,0.5164713
BiLSTM+Attention,val,77.733253_12.86329,2023-10-01,0.5778658,0.5998812
BiLSTM+Attention,val,77.733253_12.872273,2023-10-01,0.5661114,0.595113
BiLSTM+Attention,val,77.733253_12.998037,2023-10-01,0.64340377,0.65744436
BiLSTM+Attention,val,77.733253_13.056428,2023-10-01,0.4131907,0.42483944
BiLSTM+Attention,val,77.737745_12.764475,2023-10-01,0.45134693,0.47982284
BiLSTM+Attention,val,77.737745_12.791425,2023-10-01,0.479519,0.511215
BiLSTM+Attention,val,77.737745_12.809391,2023-10-01,0.4855116,0.49173793
BiLSTM+Attention,val,77.737745_12.858799,2023-10-01,0.50920695,0.51972926
BiLSTM+Attention,val,77.737745_12.872273,2023-10-01,0.56014276,0.57511723
BiLSTM+Attention,val,77.737745_12.881256,2023-10-01,0.5807376,0.6134025
BiLSTM+Attention,val,77.737745_13.051936,2023-10-01,0.41792822,0.43074262
BiLSTM+Attention,val,77.737745_13.06092,2023-10-01,0.45583725,0.4693351
BiLSTM+Attention,val,77.737745_13.078886,2023-10-01,0.47138926,0.48464248
BiLSTM+Attention,val,77.737745_13.101344,2023-10-01,0.41186982,0.42461094
BiLSTM+Attention,val,77.742237_12.697102,2023-10-01,0.6691823,0.69011164
BiLSTM+Attention,val,77.742237_12.764475,2023-10-01,0.478095,0.49833283
BiLSTM+Attention,val,77.742237_12.795916,2023-10-01,0.4801362,0.49869564
BiLSTM+Attention,val,77.742237_12.8049,2023-10-01,0.51063764,0.5267394
BiLSTM+Attention,val,77.742237_12.86329,2023-10-01,0.44587237,0.4536316
BiLSTM+Attention,val,77.742237_12.867782,2023-10-01,0.5767594,0.58525974
BiLSTM+Attention,val,77.742237_12.89024,2023-10-01,0.5841905,0.59405375
BiLSTM+Attention,val,77.742237_12.899223,2023-10-01,0.54669535,0.5884592
BiLSTM+Attention,val,77.742237_12.921681,2023-10-01,0.49148294,0.49538985
BiLSTM+Attention,val,77.742237_12.980071,2023-10-01,0.53947526,0.55297667
BiLSTM+Attention,val,77.742237_13.002529,2023-10-01,0.5660095,0.58519274
BiLSTM+Attention,val,77.742237_13.016004,2023-10-01,0.5362753,0.58781767
BiLSTM+Attention,val,77.742237_13.038462,2023-10-01,0.43915007,0.4467996
BiLSTM+Attention,val,77.742237_13.074394,2023-10-01,0.41526774,0.41837278
BiLSTM+Attention,val,77.742237_13.078886,2023-10-01,0.49316564,0.48878658
BiLSTM+Attention,val,77.742237_13.101344,2023-10-01,0.44319013,0.44953114
BiLSTM+Attention,val,77.746728_12.751001,2023-10-01,0.50288224,0.5283662
BiLSTM+Attention,val,77.746728_12.764475,2023-10-01,0.5055639,0.5169786
BiLSTM+Attention,val,77.746728_12.782442,2023-10-01,0.5507083,0.5848811
BiLSTM+Attention,val,77.746728_12.97558,2023-10-01,0.5753383,0.5818325
BiLSTM+Attention,val,77.746728_12.984563,2023-10-01,0.5348448,0.5601025
BiLSTM+Attention,val,77.746728_13.016004,2023-10-01,0.5936945,0.60881436
BiLSTM+Attention,val,77.746728_13.020495,2023-10-01,0.62197906,0.6457768
BiLSTM+Attention,val,77.746728_13.024987,2023-10-01,0.50761247,0.5282857
BiLSTM+Attention,val,77.746728_13.038462,2023-10-01,0.43319014,0.4524565
BiLSTM+Attention,val,77.746728_13.06092,2023-10-01,0.38063127,0.40096048
BiLSTM+Attention,val,77.746728_13.083377,2023-10-01,0.49811855,0.5025176
BiLSTM+Attention,val,77.746728_13.092361,2023-10-01,0.46870387,0.4815255
BiLSTM+Attention,val,77.75122_12.751001,2023-10-01,0.50302327,0.52317446
BiLSTM+Attention,val,77.75122_12.755492,2023-10-01,0.57672733,0.5824712
BiLSTM+Attention,val,77.75122_12.768967,2023-10-01,0.46597216,0.4846848
BiLSTM+Attention,val,77.75122_12.77795,2023-10-01,0.5170432,0.53953147
BiLSTM+Attention,val,77.75122_12.894731,2023-10-01,0.4812812,0.50216556
BiLSTM+Attention,val,77.75122_12.993546,2023-10-01,0.48554385,0.49476314
BiLSTM+Attention,val,77.75122_13.020495,2023-10-01,0.53229725,0.55208135
BiLSTM+Attention,val,77.75122_13.03397,2023-10-01,0.47665545,0.48668966
BiLSTM+Attention,val,77.75122_13.038462,2023-10-01,0.39617643,0.4149958
BiLSTM+Attention,val,77.755711_12.706085,2023-10-01,0.5744081,0.6021733
BiLSTM+Attention,val,77.755711_12.764475,2023-10-01,0.7990257,0.8107405
BiLSTM+Attention,val,77.755711_12.77795,2023-10-01,0.5009764,0.51267827
BiLSTM+Attention,val,77.755711_12.822866,2023-10-01,0.47838753,0.5014231
BiLSTM+Attention,val,77.755711_12.831849,2023-10-01,0.46103638,0.47797668
BiLSTM+Attention,val,77.755711_12.858799,2023-10-01,0.518132,0.5381474
BiLSTM+Attention,val,77.755711_12.885748,2023-10-01,0.53709674,0.5424955
BiLSTM+Attention,val,77.755711_12.899223,2023-10-01,0.4419692,0.4561331
BiLSTM+Attention,val,77.755711_12.903714,2023-10-01,0.49538293,0.5055833
BiLSTM+Attention,val,77.755711_12.926172,2023-10-01,0.50697446,0.54481196
BiLSTM+Attention,val,77.760203_12.751001,2023-10-01,0.5071637,0.5280994
BiLSTM+Attention,val,77.760203_12.795916,2023-10-01,0.43956903,0.47407773
BiLSTM+Attention,val,77.760203_12.818374,2023-10-01,0.57499754,0.60485226
BiLSTM+Attention,val,77.760203_12.867782,2023-10-01,0.47377756,0.48284075
BiLSTM+Attention,val,77.760203_12.872273,2023-10-01,0.4883094,0.5073948
BiLSTM+Attention,val,77.760203_12.876765,2023-10-01,0.4541471,0.47166514
BiLSTM+Attention,val,77.760203_12.885748,2023-10-01,0.5020668,0.50752884
BiLSTM+Attention,val,77.760203_12.984563,2023-10-01,0.5333404,0.55751
BiLSTM+Attention,val,77.764695_12.742018,2023-10-01,0.668392,0.69763285
BiLSTM+Attention,val,77.764695_12.746509,2023-10-01,0.6646615,0.6946123
BiLSTM+Attention,val,77.764695_12.813883,2023-10-01,0.52484244,0.5499081
BiLSTM+Attention,val,77.764695_12.849815,2023-10-01,0.4956324,0.51511043
BiLSTM+Attention,val,77.764695_12.885748,2023-10-01,0.5091786,0.52312195
BiLSTM+Attention,val,77.764695_12.912697,2023-10-01,0.5246806,0.5393517
BiLSTM+Attention,val,77.764695_13.03397,2023-10-01,0.39207995,0.41361776
BiLSTM+Attention,val,77.769186_12.751001,2023-10-01,0.7056449,0.7221513
BiLSTM+Attention,val,77.769186_12.791425,2023-10-01,0.45982444,0.47840676
BiLSTM+Attention,val,77.769186_12.800408,2023-10-01,0.51904976,0.5490508
BiLSTM+Attention,val,77.769186_12.8049,2023-10-01,0.5639331,0.5980193
BiLSTM+Attention,val,77.769186_12.809391,2023-10-01,0.47476876,0.5070549
BiLSTM+Attention,val,77.769186_12.876765,2023-10-01,0.5141021,0.5344561
BiLSTM+Attention,val,77.769186_12.894731,2023-10-01,0.48797816,0.5087427
BiLSTM+Attention,val,77.769186_13.016004,2023-10-01,0.4612166,0.48331615
BiLSTM+Attention,val,77.773678_12.746509,2023-10-01,0.6999712,0.709873
BiLSTM+Attention,val,77.773678_12.858799,2023-10-01,0.4686288,0.47714373
BiLSTM+Attention,val,77.773678_12.885748,2023-10-01,0.5079876,0.50880235
BiLSTM+Attention,val,77.773678_12.899223,2023-10-01,0.45106548,0.4610209
BiLSTM+Attention,val,77.773678_12.908206,2023-10-01,0.530974,0.5288552
BiLSTM+Attention,val,77.778169_12.809391,2023-10-01,0.46266243,0.4789571
BiLSTM+Attention,val,77.778169_12.885748,2023-10-01,0.51302093,0.5332775
BiLSTM+Attention,val,77.782661_12.786933,2023-10-01,0.44680807,0.47125134
BiLSTM+Attention,val,77.782661_12.791425,2023-10-01,0.49128097,0.5257998
BiLSTM+Attention,val,77.782661_12.89024,2023-10-01,0.5104621,0.5285845
BiLSTM+Attention,val,77.787152_12.786933,2023-10-01,0.4534774,0.49312302
BiLSTM+Attention,val,77.787152_12.849815,2023-10-01,0.4871062,0.49383858
BiLSTM+Attention,val,77.787152_12.867782,2023-10-01,0.45269322,0.46698797
BiLSTM+Attention,val,77.791644_12.8049,2023-10-01,0.4901733,0.5185178
BiLSTM+Attention,val,77.791644_12.899223,2023-10-01,0.47068474,0.48021868
BiLSTM+Attention,val,77.796136_12.854307,2023-10-01,0.45478132,0.47089413
BiLSTM+Attention,val,77.796136_12.885748,2023-10-01,0.52914953,0.5331539
BiLSTM+Attention,val,77.800627_12.876765,2023-10-01,0.5346662,0.5384271
BiLSTM+Attention,val,77.800627_12.885748,2023-10-01,0.48970026,0.49900928
BiLSTM+Attention,val,77.805119_12.876765,2023-10-01,0.5400862,0.5493621
BiLSTM+Attention,val,77.805119_12.89024,2023-10-01,0.50461733,0.5147956
BiLSTM+Attention,val,77.80961_12.858799,2023-10-01,0.5017618,0.5208915
BiLSTM+Attention,val,77.80961_12.86329,2023-10-01,0.47643852,0.49263415
BiLSTM+Attention,test,77.342486_12.944139,2024-05-01,0.69430125,0.71661794
BiLSTM+Attention,test,77.346978_12.86329,2024-05-01,0.5657974,0.5681996
BiLSTM+Attention,test,77.346978_12.962105,2024-05-01,0.5048407,0.51665086
BiLSTM+Attention,test,77.355961_12.962105,2024-05-01,0.7396089,0.7564118
BiLSTM+Attention,test,77.360453_12.867782,2024-05-01,0.3942692,0.3843664
BiLSTM+Attention,test,77.364944_12.854307,2024-05-01,0.4313207,0.41133672
BiLSTM+Attention,test,77.364944_12.962105,2024-05-01,0.4258362,0.41645873
BiLSTM+Attention,test,77.369436_12.881256,2024-05-01,0.4362051,0.43629125
BiLSTM+Attention,test,77.373927_12.971088,2024-05-01,0.4342627,0.43240157
BiLSTM+Attention,test,77.391894_12.881256,2024-05-01,0.45056635,0.4631991
BiLSTM+Attention,test,77.396385_12.894731,2024-05-01,0.48152968,0.48228064
BiLSTM+Attention,test,77.396385_12.944139,2024-05-01,0.4652046,0.46974322
BiLSTM+Attention,test,77.396385_12.97558,2024-05-01,0.36928484,0.35582843
BiLSTM+Attention,test,77.396385_13.029478,2024-05-01,0.3694776,0.35098004
BiLSTM+Attention,test,77.400877_12.966596,2024-05-01,0.36297223,0.35372993
BiLSTM+Attention,test,77.400877_13.029478,2024-05-01,0.3418436,0.32192257
BiLSTM+Attention,test,77.405368_12.998037,2024-05-01,0.41854718,0.41060153
BiLSTM+Attention,test,77.40986_12.872273,2024-05-01,0.3577181,0.3441505
BiLSTM+Attention,test,77.40986_12.881256,2024-05-01,0.3312337,0.32265013
BiLSTM+Attention,test,77.40986_12.962105,2024-05-01,0.44746375,0.44780397
BiLSTM+Attention,test,77.414352_12.989054,2024-05-01,0.3630946,0.360104
BiLSTM+Attention,test,77.414352_12.993546,2024-05-01,0.40634865,0.39173946
BiLSTM+Attention,test,77.414352_13.03397,2024-05-01,0.37132132,0.37501374
BiLSTM+Attention,test,77.418843_12.971088,2024-05-01,0.38286778,0.3728585
BiLSTM+Attention,test,77.418843_12.993546,2024-05-01,0.4224037,0.3933309
BiLSTM+Attention,test,77.418843_13.016004,2024-05-01,0.3739458,0.36518064
BiLSTM+Attention,test,77.423335_13.002529,2024-05-01,0.48701823,0.48914477
BiLSTM+Attention,test,77.427826_13.110327,2024-05-01,0.40407267,0.39126906
BiLSTM+Attention,test,77.432318_12.998037,2024-05-01,0.3548194,0.34446517
BiLSTM+Attention,test,77.432318_13.092361,2024-05-01,0.3934669,0.36898506
BiLSTM+Attention,test,77.436809_12.854307,2024-05-01,0.37332395,0.3713127
BiLSTM+Attention,test,77.441301_12.818374,2024-05-01,0.514901,0.5072453
BiLSTM+Attention,test,77.441301_12.831849,2024-05-01,0.41820914,0.4175154
BiLSTM+Attention,test,77.441301_13.083377,2024-05-01,0.43225312,0.4335958
BiLSTM+Attention,test,77.441301_13.110327,2024-05-01,0.41167054,0.40606397
BiLSTM+Attention,test,77.445793_12.840832,2024-05-01,0.5065948,0.49791995
BiLSTM+Attention,test,77.445793_12.86329,2024-05-01,0.5490945,0.5572992
BiLSTM+Attention,test,77.445793_12.867782,2024-05-01,0.5328781,0.54187083
BiLSTM+Attention,test,77.450284_12.872273,2024-05-01,0.5099877,0.51530373
BiLSTM+Attention,test,77.450284_12.993546,2024-05-01,0.3183525,0.3213597
BiLSTM+Attention,test,77.454776_12.993546,2024-05-01,0.3682351,0.35388723
BiLSTM+Attention,test,77.454776_13.087869,2024-05-01,0.3920284,0.36689928
BiLSTM+Attention,test,77.459267_12.822866,2024-05-01,0.47110492,0.4623252
BiLSTM+Attention,test,77.459267_12.872273,2024-05-01,0.4694471,0.47999293
BiLSTM+Attention,test,77.463759_12.813883,2024-05-01,0.4459194,0.45148757
BiLSTM+Attention,test,77.463759_12.86329,2024-05-01,0.5160642,0.5354122
BiLSTM+Attention,test,77.463759_12.953122,2024-05-01,0.74295145,0.7481332
BiLSTM+Attention,test,77.46825_12.827358,2024-05-01,0.39481613,0.3953074
BiLSTM+Attention,test,77.46825_12.953122,2024-05-01,0.4328667,0.42362437
BiLSTM+Attention,test,77.46825_12.966596,2024-05-01,0.43599975,0.43761912
BiLSTM+Attention,test,77.46825_13.007021,2024-05-01,0.35039625,0.34577224
BiLSTM+Attention,test,77.46825_13.150751,2024-05-01,0.37591395,0.38064918
BiLSTM+Attention,test,77.481725_12.831849,2024-05-01,0.42429784,0.4421079
BiLSTM+Attention,test,77.481725_13.096852,2024-05-01,0.54903495,0.5641925
BiLSTM+Attention,test,77.481725_13.137276,2024-05-01,0.7293715,0.7303381
BiLSTM+Attention,test,77.486217_13.042953,2024-05-01,0.5013803,0.501155
BiLSTM+Attention,test,77.499692_12.755492,2024-05-01,0.5749273,0.58951163
BiLSTM+Attention,test,77.499692_13.137276,2024-05-01,0.43582305,0.43393084
BiLSTM+Attention,test,77.504183_12.818374,2024-05-01,0.51145804,0.5130247
BiLSTM+Attention,test,77.504183_12.854307,2024-05-01,0.4887062,0.4782588
BiLSTM+Attention,test,77.508675_12.751001,2024-05-01,0.6289003,0.64172506
BiLSTM+Attention,test,77.508675_12.795916,2024-05-01,0.55481774,0.5435466
BiLSTM+Attention,test,77.508675_12.831849,2024-05-01,0.5170099,0.52314585
BiLSTM+Attention,test,77.508675_12.845324,2024-05-01,0.52450037,0.53481513
BiLSTM+Attention,test,77.508675_13.114818,2024-05-01,0.41456327,0.4203626
BiLSTM+Attention,test,77.513166_12.77795,2024-05-01,0.63765955,0.6159166
BiLSTM+Attention,test,77.513166_12.822866,2024-05-01,0.6168447,0.6250403
BiLSTM+Attention,test,77.517658_12.77795,2024-05-01,0.57812303,0.5776012
BiLSTM+Attention,test,77.517658_12.782442,2024-05-01,0.5905563,0.5788618
BiLSTM+Attention,test,77.517658_12.827358,2024-05-01,0.5239288,0.5327768
BiLSTM+Attention,test,77.517658_12.849815,2024-05-01,0.4959912,0.49574944
BiLSTM+Attention,test,77.517658_13.11931,2024-05-01,0.36663127,0.36094424
BiLSTM+Attention,test,77.522149_12.813883,2024-05-01,0.49572572,0.4835283
BiLSTM+Attention,test,77.522149_12.818374,2024-05-01,0.46658581,0.45839357
BiLSTM+Attention,test,77.522149_12.845324,2024-05-01,0.5381129,0.52822506
BiLSTM+Attention,test,77.522149_13.056428,2024-05-01,0.63550305,0.63935566
BiLSTM+Attention,test,77.526641_13.105835,2024-05-01,0.3937225,0.40588948
BiLSTM+Attention,test,77.526641_13.110327,2024-05-01,0.38093266,0.38818985
BiLSTM+Attention,test,77.531133_12.795916,2024-05-01,0.5791106,0.57272637
BiLSTM+Attention,test,77.531133_12.822866,2024-05-01,0.5273428,0.510567
BiLSTM+Attention,test,77.535624_12.872273,2024-05-01,0.4185432,0.40822896
BiLSTM+Attention,test,77.535624_13.069903,2024-05-01,0.6885126,0.70306146
BiLSTM+Attention,test,77.535624_13.096852,2024-05-01,0.44019312,0.44208273
BiLSTM+Attention,test,77.535624_13.137276,2024-05-01,0.37506196,0.3894161
BiLSTM+Attention,test,77.540116_12.795916,2024-05-01,0.5967371,0.60188055
BiLSTM+Attention,test,77.540116_13.042953,2024-05-01,0.5610191,0.5660539
BiLSTM+Attention,test,77.540116_13.074394,2024-05-01,0.58819026,0.60083705
BiLSTM+Attention,test,77.540116_13.092361,2024-05-01,0.4065136,0.41240683
BiLSTM+Attention,test,77.540116_13.101344,2024-05-01,0.3996505,0.39542708
BiLSTM+Attention,test,77.540116_13.105835,2024-05-01,0.41839117,0.42371428
BiLSTM+Attention,test,77.540116_13.114818,2024-05-01,0.4102614,0.41791347
BiLSTM+Attention,test,77.540116_13.155243,2024-05-01,0.47323105,0.4857507
BiLSTM+Attention,test,77.549099_12.831849,2024-05-01,0.6384704,0.63167906
BiLSTM+Attention,test,77.549099_12.836341,2024-05-01,0.6089187,0.5982354
BiLSTM+Attention,test,77.549099_13.132785,2024-05-01,0.62102824,0.629396
BiLSTM+Attention,test,77.55359_12.71956,2024-05-01,0.7269572,0.73592913
BiLSTM+Attention,test,77.55359_13.101344,2024-05-01,0.40086916,0.40884897
BiLSTM+Attention,test,77.55359_13.110327,2024-05-01,0.47172624,0.4807053
BiLSTM+Attention,test,77.55359_13.128293,2024-05-01,0.59635663,0.6002759
BiLSTM+Attention,test,77.558082_12.710577,2024-05-01,0.7434936,0.74516374
BiLSTM+Attention,test,77.558082_13.042953,2024-05-01,0.6622042,0.65068734
BiLSTM+Attention,test,77.558082_13.051936,2024-05-01,0.70290864,0.69821423
BiLSTM+Attention,test,77.558082_13.110327,2024-05-01,0.4914271,0.49594465
BiLSTM+Attention,test,77.562574_12.827358,2024-05-01,0.68873626,0.683953
BiLSTM+Attention,test,77.562574_12.858799,2024-05-01,0.42105904,0.41769496
BiLSTM+Attention,test,77.562574_13.141768,2024-05-01,0.4179854,0.40745744
BiLSTM+Attention,test,77.567065_13.114818,2024-05-01,0.64383924,0.6518599
BiLSTM+Attention,test,77.576048_12.728543,2024-05-01,0.72699434,0.7353076
BiLSTM+Attention,test,77.576048_12.827358,2024-05-01,0.6044312,0.61344
BiLSTM+Attention,test,77.58054_12.845324,2024-05-01,0.6781179,0.6782362
BiLSTM+Attention,test,77.58054_13.083377,2024-05-01,0.5135216,0.49248207
BiLSTM+Attention,test,77.58054_13.087869,2024-05-01,0.47372505,0.46220547
BiLSTM+Attention,test,77.585031_12.849815,2024-05-01,0.6783921,0.65697783
BiLSTM+Attention,test,77.585031_13.042953,2024-05-01,0.6820679,0.69331694
BiLSTM+Attention,test,77.589523_12.71956,2024-05-01,0.79567784,0.80314773
BiLSTM+Attention,test,77.589523_12.746509,2024-05-01,0.6904744,0.6968658
BiLSTM+Attention,test,77.589523_13.083377,2024-05-01,0.5902668,0.5822529
BiLSTM+Attention,test,77.594015_12.724051,2024-05-01,0.8022373,0.8138062
BiLSTM+Attention,test,77.594015_12.831849,2024-05-01,0.584058,0.568871
BiLSTM+Attention,test,77.594015_12.998037,2024-05-01,0.75426,0.735973
BiLSTM+Attention,test,77.594015_13.087869,2024-05-01,0.5908649,0.6038102
BiLSTM+Attention,test,77.598506_12.665661,2024-05-01,0.7536956,0.7499921
BiLSTM+Attention,test,77.598506_12.710577,2024-05-01,0.6568016,0.6814082
BiLSTM+Attention,test,77.598506_13.083377,2024-05-01,0.5809312,0.581787
BiLSTM+Attention,test,77.602998_12.710577,2024-05-01,0.67750317,0.6999467
BiLSTM+Attention,test,77.602998_12.827358,2024-05-01,0.4776307,0.47570238
BiLSTM+Attention,test,77.602998_13.114818,2024-05-01,0.555235,0.5597529
BiLSTM+Attention,test,77.607489_12.768967,2024-05-01,0.6035167,0.5975144
BiLSTM+Attention,test,77.607489_12.773459,2024-05-01,0.57010883,0.57262814
BiLSTM+Attention,test,77.607489_12.791425,2024-05-01,0.5252184,0.522179
BiLSTM+Attention,test,77.607489_13.087869,2024-05-01,0.7204129,0.7400017
BiLSTM+Attention,test,77.611981_12.831849,2024-05-01,0.5375151,0.5314427
BiLSTM+Attention,test,77.611981_12.953122,2024-05-01,0.7209774,0.73861337
BiLSTM+Attention,test,77.611981_13.168717,2024-05-01,0.40398163,0.41163006
BiLSTM+Attention,test,77.629947_12.795916,2024-05-01,0.7772246,0.7446134
BiLSTM+Attention,test,77.629947_12.809391,2024-05-01,0.45523277,0.44513866
BiLSTM+Attention,test,77.629947_13.087869,2024-05-01,0.44247475,0.4220541
BiLSTM+Attention,test,77.634439_12.679136,2024-05-01,0.7447908,0.7481428
BiLSTM+Attention,test,77.634439_12.701593,2024-05-01,0.7001217,0.70681065
BiLSTM+Attention,test,77.634439_12.733034,2024-05-01,0.4740666,0.463868
BiLSTM+Attention,test,77.634439_12.746509,2024-05-01,0.5146054,0.49387634
BiLSTM+Attention,test,77.634439_12.751001,2024-05-01,0.5003082,0.49391773
BiLSTM+Attention,test,77.634439_13.083377,2024-05-01,0.39883798,0.40868333
BiLSTM+Attention,test,77.63893_12.688119,2024-05-01,0.66795546,0.6739704
BiLSTM+Attention,test,77.63893_12.742018,2024-05-01,0.521731,0.5108901
BiLSTM+Attention,test,77.63893_12.791425,2024-05-01,0.52800655,0.5023666
BiLSTM+Attention,test,77.63893_12.800408,2024-05-01,0.46015158,0.44768226
BiLSTM+Attention,test,77.63893_12.818374,2024-05-01,0.45906815,0.44020155
BiLSTM+Attention,test,77.63893_12.989054,2024-05-01,0.652758,0.662647
BiLSTM+Attention,test,77.63893_13.078886,2024-05-01,0.42989036,0.42108402
BiLSTM+Attention,test,77.63893_13.083377,2024-05-01,0.39191592,0.40517917
BiLSTM+Attention,test,77.643422_12.800408,2024-05-01,0.46691594,0.4534214
BiLSTM+Attention,test,77.643422_12.809391,2024-05-01,0.4916308,0.4744737
BiLSTM+Attention,test,77.643422_13.164226,2024-05-01,0.5684824,0.57020897
BiLSTM+Attention,test,77.647914_12.688119,2024-05-01,0.7023183,0.70122975
BiLSTM+Attention,test,77.652405_12.697102,2024-05-01,0.65806645,0.67645353
BiLSTM+Attention,test,77.652405_12.795916,2024-05-01,0.4222453,0.39255503
BiLSTM+Attention,test,77.656897_12.742018,2024-05-01,0.5289014,0.5227365
BiLSTM+Attention,test,77.656897_12.746509,2024-05-01,0.50450003,0.50341594
BiLSTM+Attention,test,77.656897_12.849815,2024-05-01,0.4203709,0.41243544
BiLSTM+Attention,test,77.656897_13.101344,2024-05-01,0.4656875,0.46184805
BiLSTM+Attention,test,77.656897_13.164226,2024-05-01,0.4383159,0.43742535
BiLSTM+Attention,test,77.661388_12.759984,2024-05-01,0.53702414,0.53040534
BiLSTM+Attention,test,77.661388_13.074394,2024-05-01,0.5219679,0.51694596
BiLSTM+Attention,test,77.661388_13.087869,2024-05-01,0.42468488,0.41856882
BiLSTM+Attention,test,77.661388_13.101344,2024-05-01,0.43647084,0.43951485
BiLSTM+Attention,test,77.661388_13.110327,2024-05-01,0.50409424,0.51473993
BiLSTM+Attention,test,77.661388_13.11931,2024-05-01,0.58138657,0.58596635
BiLSTM+Attention,test,77.66588_12.679136,2024-05-01,0.63452715,0.62910444
BiLSTM+Attention,test,77.66588_12.697102,2024-05-01,0.60800564,0.608159
BiLSTM+Attention,test,77.66588_12.715068,2024-05-01,0.6152173,0.619974
BiLSTM+Attention,test,77.66588_12.751001,2024-05-01,0.48853365,0.47787812
BiLSTM+Attention,test,77.66588_12.755492,2024-05-01,0.5495606,0.54790455
BiLSTM+Attention,test,77.66588_12.764475,2024-05-01,0.53070664,0.5382335
BiLSTM+Attention,test,77.66588_12.953122,2024-05-01,0.5436336,0.5380659
BiLSTM+Attention,test,77.670371_13.069903,2024-05-01,0.416733,0.39636135
BiLSTM+Attention,test,77.670371_13.083377,2024-05-01,0.37033388,0.35914603
BiLSTM+Attention,test,77.670371_13.092361,2024-05-01,0.3860312,0.37326446
BiLSTM+Attention,test,77.670371_13.128293,2024-05-01,0.4833439,0.48574898
BiLSTM+Attention,test,77.674863_12.71956,2024-05-01,0.63684106,0.6438914
BiLSTM+Attention,test,77.674863_12.755492,2024-05-01,0.49678597,0.48365307
BiLSTM+Attention,test,77.674863_12.764475,2024-05-01,0.49085417,0.47491238
BiLSTM+Attention,test,77.674863_12.786933,2024-05-01,0.51128197,0.47417593
BiLSTM+Attention,test,77.674863_12.836341,2024-05-01,0.50362796,0.4977441
BiLSTM+Attention,test,77.674863_13.069903,2024-05-01,0.38213703,0.35747638
BiLSTM+Attention,test,77.674863_13.092361,2024-05-01,0.42581764,0.41834036
BiLSTM+Attention,test,77.674863_13.105835,2024-05-01,0.4758884,0.47498104
BiLSTM+Attention,test,77.679355_12.697102,2024-05-01,0.50343174,0.50043
BiLSTM+Attention,test,77.679355_12.746509,2024-05-01,0.65999234,0.6618641
BiLSTM+Attention,test,77.679355_13.074394,2024-05-01,0.42596394,0.4281365
BiLSTM+Attention,test,77.679355_13.101344,2024-05-01,0.44500518,0.44898376
BiLSTM+Attention,test,77.679355_13.141768,2024-05-01,0.5001569,0.48443323
BiLSTM+Attention,test,77.679355_13.155243,2024-05-01,0.39455935,0.37990126
BiLSTM+Attention,test,77.683846_12.728543,2024-05-01,0.5379503,0.5342935
BiLSTM+Attention,test,77.683846_12.742018,2024-05-01,0.4820482,0.47947884
BiLSTM+Attention,test,77.683846_12.795916,2024-05-01,0.5059065,0.4746476
BiLSTM+Attention,test,77.683846_12.8049,2024-05-01,0.48358363,0.46729589
BiLSTM+Attention,test,77.683846_12.836341,2024-05-01,0.5774884,0.5680531
BiLSTM+Attention,test,77.683846_12.840832,2024-05-01,0.5866139,0.5782601
BiLSTM+Attention,test,77.683846_12.917189,2024-05-01,0.4010715,0.43562493
BiLSTM+Attention,test,77.683846_13.06092,2024-05-01,0.45747098,0.4322972
BiLSTM+Attention,test,77.683846_13.074394,2024-05-01,0.39722154,0.36764827
BiLSTM+Attention,test,77.683846_13.11931,2024-05-01,0.35756487,0.35358706
BiLSTM+Attention,test,77.683846_13.123802,2024-05-01,0.42699805,0.42483416
BiLSTM+Attention,test,77.688338_12.69261,2024-05-01,0.77878207,0.77536654
BiLSTM+Attention,test,77.688338_12.697102,2024-05-01,0.7921215,0.78432095
BiLSTM+Attention,test,77.688338_12.966596,2024-05-01,0.5486527,0.5534179
BiLSTM+Attention,test,77.692829_12.800408,2024-05-01,0.44574285,0.4282134
BiLSTM+Attention,test,77.692829_12.845324,2024-05-01,0.6200508,0.61752033
BiLSTM+Attention,test,77.692829_12.899223,2024-05-01,0.45874405,0.43281502
BiLSTM+Attention,test,77.692829_13.06092,2024-05-01,0.5749445,0.5638836
BiLSTM+Attention,test,77.692829_13.065411,2024-05-01,0.546371,0.5294583
BiLSTM+Attention,test,77.692829_13.083377,2024-05-01,0.39268917,0.38431957
BiLSTM+Attention,test,77.692829_13.096852,2024-05-01,0.38624918,0.3807787
BiLSTM+Attention,test,77.692829_13.132785,2024-05-01,0.38459778,0.37426743
BiLSTM+Attention,test,77.692829_13.155243,2024-05-01,0.37622687,0.36907247
BiLSTM+Attention,test,77.697321_12.697102,2024-05-01,0.77324873,0.78302026
BiLSTM+Attention,test,77.697321_12.894731,2024-05-01,0.46926084,0.45652947
BiLSTM+Attention,test,77.697321_13.132785,2024-05-01,0.39775878,0.37203452
BiLSTM+Attention,test,77.697321_13.150751,2024-05-01,0.43119925,0.42425078
BiLSTM+Attention,test,77.701812_12.822866,2024-05-01,0.5123822,0.49270925
BiLSTM+Attention,test,77.701812_12.984563,2024-05-01,0.4582104,0.4608201
BiLSTM+Attention,test,77.701812_13.114818,2024-05-01,0.49810106,0.47932476
BiLSTM+Attention,test,77.706304_12.984563,2024-05-01,0.46187654,0.45971993
BiLSTM+Attention,test,77.706304_13.137276,2024-05-01,0.7426618,0.73638076
BiLSTM+Attention,test,77.710796_12.715068,2024-05-01,0.59320396,0.5984408
BiLSTM+Attention,test,77.710796_13.03397,2024-05-01,0.4607548,0.435698
BiLSTM+Attention,test,77.710796_13.11931,2024-05-01,0.42337638,0.41881028
BiLSTM+Attention,test,77.710796_13.123802,2024-05-01,0.38685414,0.38485983
BiLSTM+Attention,test,77.710796_13.132785,2024-05-01,0.4530146,0.45069346
BiLSTM+Attention,test,77.710796_13.150751,2024-05-01,0.37514925,0.38453704
BiLSTM+Attention,test,77.715287_12.679136,2024-05-01,0.6775897,0.6605171
BiLSTM+Attention,test,77.715287_12.742018,2024-05-01,0.46619228,0.4519707
BiLSTM+Attention,test,77.715287_12.822866,2024-05-01,0.5059477,0.4795231
BiLSTM+Attention,test,77.715287_12.827358,2024-05-01,0.44856074,0.43123162
BiLSTM+Attention,test,77.715287_12.845324,2024-05-01,0.38528663,0.3819384
BiLSTM+Attention,test,77.715287_12.885748,2024-05-01,0.5287314,0.5226842
BiLSTM+Attention,test,77.715287_13.029478,2024-05-01,0.36463776,0.36157864
BiLSTM+Attention,test,77.715287_13.038462,2024-05-01,0.4910398,0.48806858
BiLSTM+Attention,test,77.715287_13.096852,2024-05-01,0.34250882,0.3410155
BiLSTM+Attention,test,77.715287_13.114818,2024-05-01,0.49920306,0.49437985
BiLSTM+Attention,test,77.715287_13.128293,2024-05-01,0.4474011,0.44667804
BiLSTM+Attention,test,77.719779_12.746509,2024-05-01,0.6723256,0.6822185
BiLSTM+Attention,test,77.719779_12.795916,2024-05-01,0.4690838,0.44528076
BiLSTM+Attention,test,77.719779_12.840832,2024-05-01,0.52319825,0.48798028
BiLSTM+Attention,test,77.719779_13.069903,2024-05-01,0.3931212,0.38510922
BiLSTM+Attention,test,77.719779_13.105835,2024-05-01,0.42423132,0.41852465
BiLSTM+Attention,test,77.719779_13.123802,2024-05-01,0.40068954,0.40693823
BiLSTM+Attention,test,77.719779_13.137276,2024-05-01,0.4314211,0.41357738
BiLSTM+Attention,test,77.72427_12.674644,2024-05-01,0.519558,0.51400995
BiLSTM+Attention,test,77.72427_12.840832,2024-05-01,0.49004835,0.46029675
BiLSTM+Attention,test,77.72427_13.06092,2024-05-01,0.41374323,0.40431473
BiLSTM+Attention,test,77.72427_13.074394,2024-05-01,0.43545395,0.43262053
BiLSTM+Attention,test,77.728762_12.759984,2024-05-01,0.48332974,0.4792702
BiLSTM+Attention,test,77.728762_12.782442,2024-05-01,0.5139742,0.51373446
BiLSTM+Attention,test,77.728762_12.809391,2024-05-01,0.4738484,0.4547118
BiLSTM+Attention,test,77.728762_13.047445,2024-05-01,0.47083122,0.46319133
BiLSTM+Attention,test,77.728762_13.087869,2024-05-01,0.4768572,0.46144933
BiLSTM+Attention,test,77.728762_13.092361,2024-05-01,0.45257822,0.43310794
BiLSTM+Attention,test,77.733253_13.056428,2024-05-01,0.37175664,0.36177742
BiLSTM+Attention,test,77.737745_12.764475,2024-05-01,0.42292964,0.41027674
BiLSTM+Attention,test,77.737745_12.791425,2024-05-01,0.45995584,0.44422975
BiLSTM+Attention,test,77.737745_12.809391,2024-05-01,0.4566364,0.42173824
BiLSTM+Attention,test,77.737745_12.858799,2024-05-01,0.474353,0.46123174
BiLSTM+Attention,test,77.737745_12.881256,2024-05-01,0.55145514,0.5582101
BiLSTM+Attention,test,77.737745_13.051936,2024-05-01,0.375767,0.3711016
BiLSTM+Attention,test,77.737745_13.06092,2024-05-01,0.4274435,0.40886232
BiLSTM+Attention,test,77.737745_13.101344,2024-05-01,0.36413553,0.34713733
BiLSTM+Attention,test,77.742237_12.697102,2024-05-01,0.6366429,0.6357098
BiLSTM+Attention,test,77.742237_12.86329,2024-05-01,0.39767662,0.38737282
BiLSTM+Attention,test,77.742237_12.89024,2024-05-01,0.5390613,0.5351015
BiLSTM+Attention,test,77.742237_12.980071,2024-05-01,0.49657357,0.48784158
BiLSTM+Attention,test,77.742237_13.016004,2024-05-01,0.52329993,0.51874465
BiLSTM+Attention,test,77.742237_13.038462,2024-05-01,0.39016327,0.38825735
BiLSTM+Attention,test,77.742237_13.074394,2024-05-01,0.35783723,0.3567589
BiLSTM+Attention,test,77.742237_13.101344,2024-05-01,0.40472353,0.37994003
BiLSTM+Attention,test,77.746728_12.782442,2024-05-01,0.53690875,0.51822364
BiLSTM+Attention,test,77.746728_12.97558,2024-05-01,0.5246623,0.51652884
BiLSTM+Attention,test,77.746728_12.984563,2024-05-01,0.5096895,0.50240165
BiLSTM+Attention,test,77.746728_13.016004,2024-05-01,0.55628985,0.54782206
BiLSTM+Attention,test,77.746728_13.020495,2024-05-01,0.5955646,0.5889774
BiLSTM+Attention,test,77.746728_13.024987,2024-05-01,0.48212114,0.46428677
BiLSTM+Attention,test,77.746728_13.038462,2024-05-01,0.38861284,0.39818385
BiLSTM+Attention,test,77.746728_13.06092,2024-05-01,0.34469303,0.34022477
BiLSTM+Attention,test,77.75122_12.751001,2024-05-01,0.46669745,0.46043792
BiLSTM+Attention,test,77.75122_12.77795,2024-05-01,0.48937127,0.4745763
BiLSTM+Attention,test,77.75122_12.993546,2024-05-01,0.44269386,0.42903408
BiLSTM+Attention,test,77.75122_13.020495,2024-05-01,0.5057113,0.49207565
BiLSTM+Attention,test,77.75122_13.03397,2024-05-01,0.41820788,0.43107423
BiLSTM+Attention,test,77.75122_13.038462,2024-05-01,0.34991392,0.35952732
BiLSTM+Attention,test,77.755711_12.77795,2024-05-01,0.4600517,0.448249
BiLSTM+Attention,test,77.755711_12.831849,2024-05-01,0.41958246,0.4062016
BiLSTM+Attention,test,77.755711_12.858799,2024-05-01,0.48049673,0.48097685
BiLSTM+Attention,test,77.755711_12.885748,2024-05-01,0.48999006,0.4792936
BiLSTM+Attention,test,77.760203_12.751001,2024-05-01,0.46361035,0.4619653
BiLSTM+Attention,test,77.760203_12.795916,2024-05-01,0.4205363,0.39985186
BiLSTM+Attention,test,77.760203_12.867782,2024-05-01,0.42582485,0.42173547
BiLSTM+Attention,test,77.760203_12.872273,2024-05-01,0.45046315,0.44619784
BiLSTM+Attention,test,77.760203_12.876765,2024-05-01,0.42158878,0.40285334
BiLSTM+Attention,test,77.760203_12.984563,2024-05-01,0.50148,0.49334726
BiLSTM+Attention,test,77.764695_12.813883,2024-05-01,0.5093087,0.4846513
BiLSTM+Attention,test,77.764695_12.849815,2024-05-01,0.4671664,0.45251876
BiLSTM+Attention,test,77.764695_12.912697,2024-05-01,0.4762846,0.47723728
BiLSTM+Attention,test,77.764695_13.03397,2024-05-01,0.35957342,0.35468045
BiLSTM+Attention,test,77.769186_12.791425,2024-05-01,0.42428353,0.4047648
BiLSTM+Attention,test,77.769186_12.800408,2024-05-01,0.4975923,0.48427773
BiLSTM+Attention,test,77.769186_12.8049,2024-05-01,0.5468492,0.53642565
BiLSTM+Attention,test,77.769186_12.809391,2024-05-01,0.4562422,0.43832964
BiLSTM+Attention,test,77.769186_12.876765,2024-05-01,0.48945874,0.47983232
BiLSTM+Attention,test,77.769186_13.016004,2024-05-01,0.4323985,0.42097902
BiLSTM+Attention,test,77.787152_12.867782,2024-05-01,0.42314819,0.40039653
BiLSTM+Attention,test,77.80961_12.858799,2024-05-01,0.47032028,0.45883325
BiLSTM+Attention,test,77.80961_12.86329,2024-05-01,0.44635564,0.43805447
BiLSTM+Attention,test,77.342486_12.944139,2024-06-01,0.7126106,0.70584106
BiLSTM+Attention,test,77.346978_12.962105,2024-06-01,0.5354051,0.531714
BiLSTM+Attention,test,77.355961_12.962105,2024-06-01,0.77406,0.74736565
BiLSTM+Attention,test,77.360453_12.867782,2024-06-01,0.41586515,0.40225422
BiLSTM+Attention,test,77.364944_12.962105,2024-06-01,0.45309243,0.44480166
BiLSTM+Attention,test,77.369436_12.881256,2024-06-01,0.45807126,0.45798108
BiLSTM+Attention,test,77.373927_12.971088,2024-06-01,0.4593065,0.45472047
BiLSTM+Attention,test,77.391894_12.881256,2024-06-01,0.47404382,0.47645313
BiLSTM+Attention,test,77.396385_13.029478,2024-06-01,0.37789297,0.3787184
BiLSTM+Attention,test,77.400877_12.966596,2024-06-01,0.38557813,0.37906072
BiLSTM+Attention,test,77.400877_13.029478,2024-06-01,0.35640264,0.3497635
BiLSTM+Attention,test,77.40986_12.962105,2024-06-01,0.48337305,0.4698971
BiLSTM+Attention,test,77.414352_12.989054,2024-06-01,0.37960854,0.38429818
BiLSTM+Attention,test,77.414352_12.993546,2024-06-01,0.41492152,0.41491517
BiLSTM+Attention,test,77.414352_13.03397,2024-06-01,0.40148768,0.40089333
BiLSTM+Attention,test,77.414352_13.096852,2024-06-01,0.37785923,0.37775967
BiLSTM+Attention,test,77.418843_12.971088,2024-06-01,0.40299165,0.40232337
BiLSTM+Attention,test,77.418843_12.993546,2024-06-01,0.42418203,0.41849926
BiLSTM+Attention,test,77.418843_13.016004,2024-06-01,0.39384165,0.39237297
BiLSTM+Attention,test,77.423335_13.002529,2024-06-01,0.50726557,0.5173505
BiLSTM+Attention,test,77.423335_13.092361,2024-06-01,0.32589486,0.32468313
BiLSTM+Attention,test,77.427826_13.110327,2024-06-01,0.4155323,0.4155497
BiLSTM+Attention,test,77.432318_12.998037,2024-06-01,0.3729031,0.3745019
BiLSTM+Attention,test,77.441301_13.110327,2024-06-01,0.42190087,0.43844166
BiLSTM+Attention,test,77.450284_12.971088,2024-06-01,0.45884204,0.45874643
BiLSTM+Attention,test,77.450284_12.993546,2024-06-01,0.34021285,0.3407522
BiLSTM+Attention,test,77.450284_13.029478,2024-06-01,0.42792472,0.43446752
BiLSTM+Attention,test,77.454776_12.993546,2024-06-01,0.38633353,0.38439694
BiLSTM+Attention,test,77.459267_12.872273,2024-06-01,0.49048993,0.48922345
BiLSTM+Attention,test,77.459267_12.903714,2024-06-01,0.41674826,0.4235814
BiLSTM+Attention,test,77.459267_13.016004,2024-06-01,0.37765494,0.38180333
BiLSTM+Attention,test,77.459267_13.020495,2024-06-01,0.3552436,0.35871676
BiLSTM+Attention,test,77.463759_12.885748,2024-06-01,0.5717195,0.59149003
BiLSTM+Attention,test,77.463759_12.894731,2024-06-01,0.46636036,0.47197697
BiLSTM+Attention,test,77.463759_12.899223,2024-06-01,0.4936804,0.5020535
BiLSTM+Attention,test,77.463759_12.953122,2024-06-01,0.74972624,0.7467615
BiLSTM+Attention,test,77.46825_12.894731,2024-06-01,0.43387383,0.43972215
BiLSTM+Attention,test,77.46825_12.953122,2024-06-01,0.4467302,0.45199698
BiLSTM+Attention,test,77.46825_12.966596,2024-06-01,0.45588034,0.46502194
BiLSTM+Attention,test,77.46825_13.007021,2024-06-01,0.37163943,0.37809563
BiLSTM+Attention,test,77.46825_13.150751,2024-06-01,0.39297226,0.3939215
BiLSTM+Attention,test,77.477234_12.899223,2024-06-01,0.4034493,0.42626154
BiLSTM+Attention,test,77.481725_12.89024,2024-06-01,0.50928384,0.5185131
BiLSTM+Attention,test,77.481725_12.894731,2024-06-01,0.46219125,0.4760431
BiLSTM+Attention,test,77.481725_13.137276,2024-06-01,0.74222696,0.7324818
BiLSTM+Attention,test,77.486217_13.042953,2024-06-01,0.51860917,0.52287644
BiLSTM+Attention,test,77.490708_12.89024,2024-06-01,0.4653312,0.477518
BiLSTM+Attention,test,77.499692_13.137276,2024-06-01,0.45628217,0.4660034
BiLSTM+Attention,test,77.504183_12.818374,2024-06-01,0.53060704,0.5164083
BiLSTM+Attention,test,77.504183_12.854307,2024-06-01,0.5000908,0.49559712
BiLSTM+Attention,test,77.504183_12.953122,2024-06-01,0.5439975,0.5476235
BiLSTM+Attention,test,77.508675_12.795916,2024-06-01,0.5649714,0.5443764
BiLSTM+Attention,test,77.508675_12.831849,2024-06-01,0.5361826,0.53411204
BiLSTM+Attention,test,77.508675_12.845324,2024-06-01,0.53761214,0.5444015
BiLSTM+Attention,test,77.508675_12.912697,2024-06-01,0.49386597,0.49787292
BiLSTM+Attention,test,77.508675_12.917189,2024-06-01,0.516459,0.5237008
BiLSTM+Attention,test,77.508675_13.114818,2024-06-01,0.4336297,0.43974897
BiLSTM+Attention,test,77.513166_12.77795,2024-06-01,0.6511277,0.60801244
BiLSTM+Attention,test,77.513166_12.822866,2024-06-01,0.647875,0.6275936
BiLSTM+Attention,test,77.517658_12.77795,2024-06-01,0.600272,0.5725961
BiLSTM+Attention,test,77.517658_12.782442,2024-06-01,0.6046911,0.5763662
BiLSTM+Attention,test,77.517658_12.827358,2024-06-01,0.5362224,0.5371811
BiLSTM+Attention,test,77.517658_12.849815,2024-06-01,0.5052979,0.5060261
BiLSTM+Attention,test,77.517658_13.11931,2024-06-01,0.3817114,0.39351422
BiLSTM+Attention,test,77.522149_12.813883,2024-06-01,0.50503504,0.48637077
BiLSTM+Attention,test,77.522149_12.818374,2024-06-01,0.47782665,0.46384647
BiLSTM+Attention,test,77.522149_12.845324,2024-06-01,0.5394446,0.53740126
BiLSTM+Attention,test,77.522149_13.056428,2024-06-01,0.64692307,0.6471981
BiLSTM+Attention,test,77.522149_13.200158,2024-06-01,0.4597954,0.46005136
BiLSTM+Attention,test,77.526641_12.89024,2024-06-01,0.6563545,0.6320911
BiLSTM+Attention,test,77.526641_12.899223,2024-06-01,0.5925205,0.58566755
BiLSTM+Attention,test,77.526641_13.105835,2024-06-01,0.41828078,0.4285551
BiLSTM+Attention,test,77.526641_13.110327,2024-06-01,0.3988311,0.40846807
BiLSTM+Attention,test,77.531133_12.795916,2024-06-01,0.5935035,0.56817496
BiLSTM+Attention,test,77.531133_12.822866,2024-06-01,0.5250369,0.5104402
BiLSTM+Attention,test,77.531133_12.894731,2024-06-01,0.52576375,0.5156799
BiLSTM+Attention,test,77.531133_13.083377,2024-06-01,0.561417,0.5859417
BiLSTM+Attention,test,77.535624_12.872273,2024-06-01,0.43654603,0.42700225
BiLSTM+Attention,test,77.535624_12.899223,2024-06-01,0.49110255,0.4899716
BiLSTM+Attention,test,77.535624_13.069903,2024-06-01,0.6962882,0.70855504
BiLSTM+Attention,test,77.535624_13.083377,2024-06-01,0.54601777,0.56426746
BiLSTM+Attention,test,77.535624_13.096852,2024-06-01,0.4577058,0.47339225
BiLSTM+Attention,test,77.535624_13.137276,2024-06-01,0.3924465,0.3931992
BiLSTM+Attention,test,77.540116_12.795916,2024-06-01,0.62896913,0.5979102
BiLSTM+Attention,test,77.540116_13.042953,2024-06-01,0.5703564,0.5828971
BiLSTM+Attention,test,77.540116_13.074394,2024-06-01,0.6066263,0.61038935
BiLSTM+Attention,test,77.540116_13.092361,2024-06-01,0.41351807,0.42165485
BiLSTM+Attention,test,77.540116_13.101344,2024-06-01,0.40607473,0.4286604
BiLSTM+Attention,test,77.540116_13.105835,2024-06-01,0.42772934,0.44639802
BiLSTM+Attention,test,77.540116_13.114818,2024-06-01,0.41079488,0.42444396
BiLSTM+Attention,test,77.540116_13.155243,2024-06-01,0.48236886,0.500216
BiLSTM+Attention,test,77.540116_13.182192,2024-06-01,0.41200015,0.40684018
BiLSTM+Attention,test,77.549099_12.831849,2024-06-01,0.63716054,0.6271791
BiLSTM+Attention,test,77.549099_12.836341,2024-06-01,0.61516356,0.602442
BiLSTM+Attention,test,77.549099_12.894731,2024-06-01,0.6261447,0.61890566
BiLSTM+Attention,test,77.549099_13.132785,2024-06-01,0.6410184,0.6299602
BiLSTM+Attention,test,77.55359_12.71956,2024-06-01,0.75913185,0.73492455
BiLSTM+Attention,test,77.55359_13.101344,2024-06-01,0.42167193,0.4341719
BiLSTM+Attention,test,77.55359_13.110327,2024-06-01,0.479479,0.4892115
BiLSTM+Attention,test,77.55359_13.128293,2024-06-01,0.61357915,0.6021831
BiLSTM+Attention,test,77.558082_12.710577,2024-06-01,0.77768,0.7393169
BiLSTM+Attention,test,77.558082_13.042953,2024-06-01,0.6459527,0.6571976
BiLSTM+Attention,test,77.558082_13.051936,2024-06-01,0.69943845,0.7058646
BiLSTM+Attention,test,77.558082_13.110327,2024-06-01,0.5005751,0.5179707
BiLSTM+Attention,test,77.562574_12.827358,2024-06-01,0.7063763,0.6855045
BiLSTM+Attention,test,77.562574_12.858799,2024-06-01,0.44268298,0.4373896
BiLSTM+Attention,test,77.562574_12.872273,2024-06-01,0.5882358,0.58121914
BiLSTM+Attention,test,77.562574_13.141768,2024-06-01,0.43379545,0.43706164
BiLSTM+Attention,test,77.567065_13.114818,2024-06-01,0.6514862,0.65921324
BiLSTM+Attention,test,77.576048_12.728543,2024-06-01,0.7616793,0.73345757
BiLSTM+Attention,test,77.576048_12.827358,2024-06-01,0.6414105,0.61290944
BiLSTM+Attention,test,77.58054_12.845324,2024-06-01,0.70335764,0.6834573
BiLSTM+Attention,test,77.58054_13.083377,2024-06-01,0.5130673,0.51056004
BiLSTM+Attention,test,77.58054_13.087869,2024-06-01,0.479055,0.48302028
BiLSTM+Attention,test,77.585031_12.849815,2024-06-01,0.68870664,0.65608084
BiLSTM+Attention,test,77.585031_13.042953,2024-06-01,0.6998849,0.7043321
BiLSTM+Attention,test,77.589523_12.71956,2024-06-01,0.82710904,0.7934133
BiLSTM+Attention,test,77.589523_12.746509,2024-06-01,0.72824776,0.6935562
BiLSTM+Attention,test,77.589523_12.854307,2024-06-01,0.6138267,0.60776573
BiLSTM+Attention,test,77.589523_13.083377,2024-06-01,0.5960827,0.60004604
BiLSTM+Attention,test,77.594015_12.724051,2024-06-01,0.85047483,0.8083694
BiLSTM+Attention,test,77.594015_12.831849,2024-06-01,0.59485,0.5776885
BiLSTM+Attention,test,77.594015_12.998037,2024-06-01,0.7432793,0.73804235
BiLSTM+Attention,test,77.594015_13.087869,2024-06-01,0.61437345,0.62074786
BiLSTM+Attention,test,77.598506_12.665661,2024-06-01,0.7938287,0.7469611
BiLSTM+Attention,test,77.598506_12.710577,2024-06-01,0.6942983,0.6745608
BiLSTM+Attention,test,77.598506_13.083377,2024-06-01,0.59726405,0.59896415
BiLSTM+Attention,test,77.602998_12.710577,2024-06-01,0.7163201,0.69543135
BiLSTM+Attention,test,77.602998_12.827358,2024-06-01,0.5064967,0.4729686
BiLSTM+Attention,test,77.602998_13.114818,2024-06-01,0.5872549,0.57230824
BiLSTM+Attention,test,77.607489_12.768967,2024-06-01,0.6290858,0.59736675
BiLSTM+Attention,test,77.607489_12.773459,2024-06-01,0.591097,0.5726454
BiLSTM+Attention,test,77.607489_12.791425,2024-06-01,0.5573091,0.531199
BiLSTM+Attention,test,77.607489_13.087869,2024-06-01,0.7323653,0.73939484
BiLSTM+Attention,test,77.611981_12.674644,2024-06-01,0.8019117,0.7803236
BiLSTM+Attention,test,77.611981_12.831849,2024-06-01,0.5723088,0.53595775
BiLSTM+Attention,test,77.611981_12.953122,2024-06-01,0.7295769,0.74185276
BiLSTM+Attention,test,77.611981_13.168717,2024-06-01,0.4168409,0.42524877
BiLSTM+Attention,test,77.620964_12.674644,2024-06-01,0.80383044,0.7811864
BiLSTM+Attention,test,77.629947_12.795916,2024-06-01,0.78951997,0.7377858
BiLSTM+Attention,test,77.629947_12.809391,2024-06-01,0.48696625,0.4535307
BiLSTM+Attention,test,77.629947_12.854307,2024-06-01,0.5098515,0.483601
BiLSTM+Attention,test,77.629947_13.087869,2024-06-01,0.44286674,0.45004186
BiLSTM+Attention,test,77.634439_12.679136,2024-06-01,0.7858605,0.748834
BiLSTM+Attention,test,77.634439_12.701593,2024-06-01,0.74379957,0.70029986
BiLSTM+Attention,test,77.634439_12.733034,2024-06-01,0.4897638,0.45978627
BiLSTM+Attention,test,77.634439_12.746509,2024-06-01,0.53553164,0.5015572
BiLSTM+Attention,test,77.634439_12.751001,2024-06-01,0.5392511,0.49968615
BiLSTM+Attention,test,77.634439_12.849815,2024-06-01,0.5577028,0.5232734
BiLSTM+Attention,test,77.634439_13.083377,2024-06-01,0.41160628,0.4375086
BiLSTM+Attention,test,77.63893_12.688119,2024-06-01,0.70089746,0.6727276
BiLSTM+Attention,test,77.63893_12.742018,2024-06-01,0.5450406,0.5154736
BiLSTM+Attention,test,77.63893_12.791425,2024-06-01,0.5636005,0.5126071
BiLSTM+Attention,test,77.63893_12.800408,2024-06-01,0.485208,0.4556618
BiLSTM+Attention,test,77.63893_12.818374,2024-06-01,0.4990018,0.45670244
BiLSTM+Attention,test,77.63893_12.989054,2024-06-01,0.6718054,0.6702919
BiLSTM+Attention,test,77.63893_13.078886,2024-06-01,0.4421182,0.44641843
BiLSTM+Attention,test,77.63893_13.083377,2024-06-01,0.4095436,0.433979
BiLSTM+Attention,test,77.643422_12.800408,2024-06-01,0.49958375,0.46658617
BiLSTM+Attention,test,77.643422_12.809391,2024-06-01,0.5335021,0.49014097
BiLSTM+Attention,test,77.643422_13.164226,2024-06-01,0.5810511,0.57808554
BiLSTM+Attention,test,77.647914_12.688119,2024-06-01,0.73122215,0.7019625
BiLSTM+Attention,test,77.647914_12.935155,2024-06-01,0.690093,0.66405046
BiLSTM+Attention,test,77.652405_12.697102,2024-06-01,0.6948792,0.67596555
BiLSTM+Attention,test,77.652405_12.795916,2024-06-01,0.45890862,0.41614845
BiLSTM+Attention,test,77.656897_12.742018,2024-06-01,0.55529267,0.52095973
BiLSTM+Attention,test,77.656897_12.746509,2024-06-01,0.5454338,0.5006509
BiLSTM+Attention,test,77.656897_12.831849,2024-06-01,0.5811082,0.5619984
BiLSTM+Attention,test,77.656897_12.849815,2024-06-01,0.44755945,0.41062355
BiLSTM+Attention,test,77.656897_13.164226,2024-06-01,0.45280114,0.4561731
BiLSTM+Attention,test,77.661388_12.759984,2024-06-01,0.5838355,0.5344016
BiLSTM+Attention,test,77.661388_13.056428,2024-06-01,0.46257216,0.47197118
BiLSTM+Attention,test,77.661388_13.074394,2024-06-01,0.53773683,0.5340946
BiLSTM+Attention,test,77.661388_13.110327,2024-06-01,0.5202825,0.5375078
BiLSTM+Attention,test,77.661388_13.11931,2024-06-01,0.6002077,0.59398127
BiLSTM+Attention,test,77.66588_12.679136,2024-06-01,0.66367507,0.6227163
BiLSTM+Attention,test,77.66588_12.697102,2024-06-01,0.64439416,0.6044641
BiLSTM+Attention,test,77.66588_12.715068,2024-06-01,0.65675974,0.61374867
BiLSTM+Attention,test,77.66588_12.751001,2024-06-01,0.52137893,0.47127548
BiLSTM+Attention,test,77.66588_12.755492,2024-06-01,0.5826032,0.5464292
BiLSTM+Attention,test,77.66588_12.764475,2024-06-01,0.5677794,0.53879905
BiLSTM+Attention,test,77.66588_12.953122,2024-06-01,0.5608876,0.56016415
BiLSTM+Attention,test,77.66588_13.038462,2024-06-01,0.4592281,0.4720512
BiLSTM+Attention,test,77.66588_13.051936,2024-06-01,0.5087257,0.5088146
BiLSTM+Attention,test,77.670371_13.083377,2024-06-01,0.38222626,0.39976552
BiLSTM+Attention,test,77.670371_13.128293,2024-06-01,0.49427587,0.506978
BiLSTM+Attention,test,77.674863_12.71956,2024-06-01,0.6803884,0.6388709
BiLSTM+Attention,test,77.674863_12.755492,2024-06-01,0.5270001,0.4830514
BiLSTM+Attention,test,77.674863_12.764475,2024-06-01,0.53318113,0.48709598
BiLSTM+Attention,test,77.674863_12.786933,2024-06-01,0.5402719,0.48790255
BiLSTM+Attention,test,77.674863_12.836341,2024-06-01,0.5339811,0.5090003
BiLSTM+Attention,test,77.674863_13.051936,2024-06-01,0.50628406,0.51741564
BiLSTM+Attention,test,77.679355_12.697102,2024-06-01,0.5368674,0.50051355
BiLSTM+Attention,test,77.679355_12.746509,2024-06-01,0.69299376,0.65847117
BiLSTM+Attention,test,77.679355_13.056428,2024-06-01,0.45292768,0.47901896
BiLSTM+Attention,test,77.679355_13.141768,2024-06-01,0.49737695,0.5033258
BiLSTM+Attention,test,77.679355_13.155243,2024-06-01,0.39139304,0.41581336
BiLSTM+Attention,test,77.679355_13.159734,2024-06-01,0.4351387,0.45267984
BiLSTM+Attention,test,77.683846_12.728543,2024-06-01,0.5653396,0.5328206
BiLSTM+Attention,test,77.683846_12.742018,2024-06-01,0.52013886,0.4780101
BiLSTM+Attention,test,77.683846_12.795916,2024-06-01,0.52335685,0.4872552
BiLSTM+Attention,test,77.683846_12.8049,2024-06-01,0.5085331,0.47730672
BiLSTM+Attention,test,77.683846_12.836341,2024-06-01,0.6069918,0.5702671
BiLSTM+Attention,test,77.683846_12.840832,2024-06-01,0.61598045,0.58312374
BiLSTM+Attention,test,77.683846_12.917189,2024-06-01,0.438151,0.45347124
BiLSTM+Attention,test,77.683846_13.06092,2024-06-01,0.46459126,0.45896113
BiLSTM+Attention,test,77.683846_13.074394,2024-06-01,0.38367584,0.4089609
BiLSTM+Attention,test,77.683846_13.11931,2024-06-01,0.37723455,0.3938041
BiLSTM+Attention,test,77.683846_13.123802,2024-06-01,0.44268474,0.45458898
BiLSTM+Attention,test,77.688338_12.69261,2024-06-01,0.8069923,0.77433324
BiLSTM+Attention,test,77.688338_12.697102,2024-06-01,0.82445914,0.7812532
BiLSTM+Attention,test,77.688338_12.966596,2024-06-01,0.5793743,0.57433844
BiLSTM+Attention,test,77.692829_12.800408,2024-06-01,0.4682178,0.4487545
BiLSTM+Attention,test,77.692829_12.845324,2024-06-01,0.64786077,0.6177184
BiLSTM+Attention,test,77.692829_12.899223,2024-06-01,0.47383416,0.46287298
BiLSTM+Attention,test,77.692829_13.06092,2024-06-01,0.58281535,0.577517
BiLSTM+Attention,test,77.692829_13.065411,2024-06-01,0.5484072,0.5446155
BiLSTM+Attention,test,77.692829_13.083377,2024-06-01,0.4086335,0.40956852
BiLSTM+Attention,test,77.692829_13.096852,2024-06-01,0.39005512,0.41284654
BiLSTM+Attention,test,77.692829_13.132785,2024-06-01,0.39177743,0.41092142
BiLSTM+Attention,test,77.692829_13.155243,2024-06-01,0.3995225,0.40775716
BiLSTM+Attention,test,77.697321_12.697102,2024-06-01,0.8082083,0.77811474
BiLSTM+Attention,test,77.697321_12.894731,2024-06-01,0.49758342,0.48097306
BiLSTM+Attention,test,77.697321_13.132785,2024-06-01,0.3965301,0.40826735
BiLSTM+Attention,test,77.697321_13.150751,2024-06-01,0.44564277,0.45402217
BiLSTM+Attention,test,77.697321_13.1777,2024-06-01,0.57694775,0.57234365
BiLSTM+Attention,test,77.701812_12.822866,2024-06-01,0.53154063,0.5024817
BiLSTM+Attention,test,77.701812_12.984563,2024-06-01,0.4738212,0.48751068
BiLSTM+Attention,test,77.701812_13.164226,2024-06-01,0.44435143,0.45476028
BiLSTM+Attention,test,77.706304_12.984563,2024-06-01,0.4765291,0.48694783
BiLSTM+Attention,test,77.706304_13.038462,2024-06-01,0.42832878,0.44340396
BiLSTM+Attention,test,77.706304_13.042953,2024-06-01,0.5019162,0.50705004
BiLSTM+Attention,test,77.706304_13.137276,2024-06-01,0.7461196,0.73501426
BiLSTM+Attention,test,77.710796_12.715068,2024-06-01,0.62431425,0.5960097
BiLSTM+Attention,test,77.710796_13.03397,2024-06-01,0.4421225,0.45589548
BiLSTM+Attention,test,77.710796_13.150751,2024-06-01,0.39092946,0.39634368
BiLSTM+Attention,test,77.710796_13.168717,2024-06-01,0.49847192,0.5065031
BiLSTM+Attention,test,77.710796_13.173209,2024-06-01,0.5041603,0.49408796
BiLSTM+Attention,test,77.715287_12.679136,2024-06-01,0.7059156,0.65487146
BiLSTM+Attention,test,77.715287_12.742018,2024-06-01,0.508213,0.46995348
BiLSTM+Attention,test,77.715287_12.822866,2024-06-01,0.5120771,0.49700335
BiLSTM+Attention,test,77.715287_12.827358,2024-06-01,0.46756712,0.45183662
BiLSTM+Attention,test,77.715287_12.845324,2024-06-01,0.4049117,0.40574655
BiLSTM+Attention,test,77.715287_12.885748,2024-06-01,0.56340396,0.5407266
BiLSTM+Attention,test,77.715287_13.029478,2024-06-01,0.38453588,0.39265645
BiLSTM+Attention,test,77.715287_13.038462,2024-06-01,0.5073515,0.50826645
BiLSTM+Attention,test,77.715287_13.051936,2024-06-01,0.5082701,0.5082669
BiLSTM+Attention,test,77.715287_13.056428,2024-06-01,0.418044,0.4209442
BiLSTM+Attention,test,77.719779_12.746509,2024-06-01,0.7132772,0.68008786
BiLSTM+Attention,test,77.719779_12.795916,2024-06-01,0.49727643,0.44772923
BiLSTM+Attention,test,77.719779_12.840832,2024-06-01,0.53140974,0.5025767
BiLSTM+Attention,test,77.719779_13.123802,2024-06-01,0.4122229,0.4295639
BiLSTM+Attention,test,77.719779_13.155243,2024-06-01,0.40613708,0.4254848
BiLSTM+Attention,test,77.72427_12.674644,2024-06-01,0.5437469,0.50750005
BiLSTM+Attention,test,77.72427_12.840832,2024-06-01,0.50447387,0.48340765
BiLSTM+Attention,test,77.728762_12.759984,2024-06-01,0.5214676,0.47983173
BiLSTM+Attention,test,77.728762_12.782442,2024-06-01,0.55415756,0.51473916
BiLSTM+Attention,test,77.728762_12.809391,2024-06-01,0.51316226,0.4601622
BiLSTM+Attention,test,77.728762_13.047445,2024-06-01,0.47840628,0.48797253
BiLSTM+Attention,test,77.737745_12.764475,2024-06-01,0.45262983,0.42010647
BiLSTM+Attention,test,77.737745_12.791425,2024-06-01,0.49000645,0.4471639
BiLSTM+Attention,test,77.737745_12.809391,2024-06-01,0.48110646,0.43087372
BiLSTM+Attention,test,77.737745_12.858799,2024-06-01,0.50109273,0.47820818
BiLSTM+Attention,test,77.737745_12.881256,2024-06-01,0.58134675,0.56786853
BiLSTM+Attention,test,77.742237_12.697102,2024-06-01,0.66367656,0.6336337
BiLSTM+Attention,test,77.742237_12.86329,2024-06-01,0.43147576,0.4189266
BiLSTM+Attention,test,77.742237_12.89024,2024-06-01,0.55893254,0.5395428
BiLSTM+Attention,test,77.742237_12.980071,2024-06-01,0.52149403,0.5064956
BiLSTM+Attention,test,77.742237_13.016004,2024-06-01,0.5323132,0.53691214
BiLSTM+Attention,test,77.742237_13.038462,2024-06-01,0.4012411,0.40684396
BiLSTM+Attention,test,77.746728_12.782442,2024-06-01,0.55605227,0.52612513
BiLSTM+Attention,test,77.746728_12.97558,2024-06-01,0.5582777,0.53036
BiLSTM+Attention,test,77.746728_12.984563,2024-06-01,0.5251264,0.5227592
BiLSTM+Attention,test,77.746728_13.016004,2024-06-01,0.56983477,0.56285703
BiLSTM+Attention,test,77.746728_13.020495,2024-06-01,0.60369444,0.6060616
BiLSTM+Attention,test,77.746728_13.024987,2024-06-01,0.49853027,0.49012434
BiLSTM+Attention,test,77.746728_13.038462,2024-06-01,0.4088324,0.41616645
BiLSTM+Attention,test,77.75122_12.751001,2024-06-01,0.4952337,0.4606202
BiLSTM+Attention,test,77.75122_12.77795,2024-06-01,0.5132757,0.47673234
BiLSTM+Attention,test,77.75122_12.993546,2024-06-01,0.4609672,0.44549492
BiLSTM+Attention,test,77.75122_13.020495,2024-06-01,0.5165817,0.51146585
BiLSTM+Attention,test,77.75122_13.03397,2024-06-01,0.4413899,0.44530135
BiLSTM+Attention,test,77.75122_13.038462,2024-06-01,0.36718327,0.38459548
BiLSTM+Attention,test,77.755711_12.77795,2024-06-01,0.49348453,0.45081383
BiLSTM+Attention,test,77.755711_12.831849,2024-06-01,0.4453274,0.42987427
BiLSTM+Attention,test,77.755711_12.858799,2024-06-01,0.5089352,0.49754724
BiLSTM+Attention,test,77.755711_12.885748,2024-06-01,0.5039401,0.4934399
BiLSTM+Attention,test,77.760203_12.751001,2024-06-01,0.4958004,0.46281433
BiLSTM+Attention,test,77.760203_12.795916,2024-06-01,0.44826746,0.41235015
BiLSTM+Attention,test,77.760203_12.867782,2024-06-01,0.46404883,0.44038603
BiLSTM+Attention,test,77.760203_12.872273,2024-06-01,0.48423713,0.4655085
BiLSTM+Attention,test,77.760203_12.876765,2024-06-01,0.45090196,0.43455663
BiLSTM+Attention,test,77.760203_12.984563,2024-06-01,0.52051765,0.50503427
BiLSTM+Attention,test,77.764695_12.813883,2024-06-01,0.5220076,0.49899474
BiLSTM+Attention,test,77.764695_12.849815,2024-06-01,0.48689744,0.4682242
BiLSTM+Attention,test,77.764695_12.912697,2024-06-01,0.4986011,0.49173504
BiLSTM+Attention,test,77.764695_13.03397,2024-06-01,0.37600765,0.3732359
BiLSTM+Attention,test,77.769186_12.751001,2024-06-01,0.697415,0.6794293
BiLSTM+Attention,test,77.769186_12.791425,2024-06-01,0.45618555,0.41355774
BiLSTM+Attention,test,77.769186_12.800408,2024-06-01,0.51835674,0.49984688
BiLSTM+Attention,test,77.769186_12.8049,2024-06-01,0.56532496,0.5500299
BiLSTM+Attention,test,77.769186_12.809391,2024-06-01,0.47262585,0.45296037
BiLSTM+Attention,test,77.769186_12.876765,2024-06-01,0.50259006,0.4934951
BiLSTM+Attention,test,77.769186_13.016004,2024-06-01,0.44776547,0.44100887
BiLSTM+Attention,test,77.787152_12.867782,2024-06-01,0.4450353,0.42159414
BiLSTM+Attention,test,77.791644_12.8049,2024-06-01,0.4885897,0.46351576
BiLSTM+Attention,test,77.80961_12.858799,2024-06-01,0.4868103,0.46556103
BiLSTM+Attention,test,77.80961_12.86329,2024-06-01,0.46204555,0.4413672
BiLSTM+Attention,test,77.342486_12.926172,2024-07-01,0.730952,0.7201733
BiLSTM+Attention,test,77.346978_12.86329,2024-07-01,0.58358437,0.56932855
BiLSTM+Attention,test,77.369436_12.881256,2024-07-01,0.4489219,0.45774713
BiLSTM+Attention,test,77.369436_12.89024,2024-07-01,0.4284828,0.42608455
BiLSTM+Attention,test,77.382911_12.894731,2024-07-01,0.48428866,0.49978098
BiLSTM+Attention,test,77.391894_12.881256,2024-07-01,0.47475746,0.47988066
BiLSTM+Attention,test,77.391894_12.885748,2024-07-01,0.51417726,0.51454407
BiLSTM+Attention,test,77.396385_12.894731,2024-07-01,0.49417323,0.50317496
BiLSTM+Attention,test,77.396385_12.908206,2024-07-01,0.41772458,0.42215666
BiLSTM+Attention,test,77.396385_12.944139,2024-07-01,0.47627583,0.49774924
BiLSTM+Attention,test,77.405368_12.903714,2024-07-01,0.36219776,0.36716118
BiLSTM+Attention,test,77.405368_13.105835,2024-07-01,0.39922574,0.4071602
BiLSTM+Attention,test,77.405368_13.11931,2024-07-01,0.36458072,0.37746516
BiLSTM+Attention,test,77.414352_12.930664,2024-07-01,0.44873303,0.4753892
BiLSTM+Attention,test,77.414352_12.989054,2024-07-01,0.36687583,0.38338754
BiLSTM+Attention,test,77.414352_12.993546,2024-07-01,0.38813597,0.41281345
BiLSTM+Attention,test,77.414352_13.11931,2024-07-01,0.3945662,0.40674332
BiLSTM+Attention,test,77.418843_12.993546,2024-07-01,0.39700705,0.4205036
BiLSTM+Attention,test,77.423335_12.921681,2024-07-01,0.43009126,0.45275792
BiLSTM+Attention,test,77.432318_12.957613,2024-07-01,0.39602983,0.4231938
BiLSTM+Attention,test,77.432318_12.998037,2024-07-01,0.35799837,0.37834722
BiLSTM+Attention,test,77.436809_12.944139,2024-07-01,0.3968319,0.4137918
BiLSTM+Attention,test,77.441301_12.944139,2024-07-01,0.46495593,0.4907761
BiLSTM+Attention,test,77.441301_12.94863,2024-07-01,0.43332425,0.45968023
BiLSTM+Attention,test,77.441301_13.110327,2024-07-01,0.41618788,0.44646066
BiLSTM+Attention,test,77.445793_12.957613,2024-07-01,0.4508821,0.4821947
BiLSTM+Attention,test,77.445793_12.984563,2024-07-01,0.43633503,0.45692512
BiLSTM+Attention,test,77.450284_12.809391,2024-07-01,0.4587418,0.46194932
BiLSTM+Attention,test,77.450284_12.971088,2024-07-01,0.43381017,0.4602659
BiLSTM+Attention,test,77.450284_12.993546,2024-07-01,0.33191475,0.34524217
BiLSTM+Attention,test,77.450284_13.146259,2024-07-01,0.49621615,0.5183868
BiLSTM+Attention,test,77.454776_12.993546,2024-07-01,0.3724607,0.38828316
BiLSTM+Attention,test,77.454776_13.141768,2024-07-01,0.48693928,0.51262933
BiLSTM+Attention,test,77.459267_12.822866,2024-07-01,0.47458887,0.4800577
BiLSTM+Attention,test,77.459267_13.11931,2024-07-01,0.42846945,0.4572632
BiLSTM+Attention,test,77.46825_12.94863,2024-07-01,0.50744677,0.52931446
BiLSTM+Attention,test,77.46825_12.966596,2024-07-01,0.44229868,0.46499124
BiLSTM+Attention,test,77.46825_13.1777,2024-07-01,0.44959682,0.47924355
BiLSTM+Attention,test,77.472742_12.746509,2024-07-01,0.5571577,0.54747915
BiLSTM+Attention,test,77.472742_12.751001,2024-07-01,0.50561357,0.49679875
BiLSTM+Attention,test,77.472742_12.755492,2024-07-01,0.5151509,0.5057917
BiLSTM+Attention,test,77.472742_12.984563,2024-07-01,0.43086955,0.44717517
BiLSTM+Attention,test,77.477234_12.764475,2024-07-01,0.50069785,0.49454126
BiLSTM+Attention,test,77.477234_12.782442,2024-07-01,0.47257254,0.47620243
BiLSTM+Attention,test,77.477234_12.944139,2024-07-01,0.46150675,0.49429432
BiLSTM+Attention,test,77.477234_12.94863,2024-07-01,0.48864442,0.5126592
BiLSTM+Attention,test,77.477234_12.971088,2024-07-01,0.49145493,0.5023928
BiLSTM+Attention,test,77.481725_12.768967,2024-07-01,0.52219486,0.51472104
BiLSTM+Attention,test,77.481725_12.944139,2024-07-01,0.47007054,0.501781
BiLSTM+Attention,test,77.481725_12.971088,2024-07-01,0.39658263,0.41556033
BiLSTM+Attention,test,77.486217_12.764475,2024-07-01,0.48978156,0.4835307
BiLSTM+Attention,test,77.490708_12.768967,2024-07-01,0.48836064,0.4836773
BiLSTM+Attention,test,77.490708_13.182192,2024-07-01,0.43712455,0.46210763
BiLSTM+Attention,test,77.490708_13.209142,2024-07-01,0.39707264,0.4236546
BiLSTM+Attention,test,77.4952_12.786933,2024-07-01,0.46217507,0.44943857
BiLSTM+Attention,test,77.4952_13.182192,2024-07-01,0.45016348,0.47463042
BiLSTM+Attention,test,77.499692_12.755492,2024-07-01,0.5869441,0.5785234
BiLSTM+Attention,test,77.499692_13.168717,2024-07-01,0.4623303,0.47427925
BiLSTM+Attention,test,77.504183_12.764475,2024-07-01,0.54911727,0.53086036
BiLSTM+Attention,test,77.504183_12.786933,2024-07-01,0.5373829,0.5215125
BiLSTM+Attention,test,77.504183_13.159734,2024-07-01,0.50131387,0.52846885
BiLSTM+Attention,test,77.504183_13.195667,2024-07-01,0.3828206,0.4136837
BiLSTM+Attention,test,77.508675_12.751001,2024-07-01,0.62890774,0.6238853
BiLSTM+Attention,test,77.508675_12.795916,2024-07-01,0.5562023,0.5427085
BiLSTM+Attention,test,77.508675_13.159734,2024-07-01,0.5212343,0.54871905
BiLSTM+Attention,test,77.508675_13.191175,2024-07-01,0.3798701,0.40169853
BiLSTM+Attention,test,77.513166_12.746509,2024-07-01,0.7514606,0.7446968
BiLSTM+Attention,test,77.513166_12.764475,2024-07-01,0.5177627,0.5019122
BiLSTM+Attention,test,77.513166_12.77795,2024-07-01,0.6324057,0.60444456
BiLSTM+Attention,test,77.513166_13.1777,2024-07-01,0.41230348,0.4379997
BiLSTM+Attention,test,77.517658_12.77795,2024-07-01,0.58524704,0.5710014
BiLSTM+Attention,test,77.517658_13.186684,2024-07-01,0.4425457,0.46976572
BiLSTM+Attention,test,77.517658_13.191175,2024-07-01,0.3877817,0.41635573
BiLSTM+Attention,test,77.522149_12.782442,2024-07-01,0.6163713,0.5986225
BiLSTM+Attention,test,77.522149_13.146259,2024-07-01,0.34782082,0.387032
BiLSTM+Attention,test,77.522149_13.200158,2024-07-01,0.448981,0.4773169
BiLSTM+Attention,test,77.531133_13.083377,2024-07-01,0.56321204,0.5835741
BiLSTM+Attention,test,77.531133_13.195667,2024-07-01,0.4788182,0.5056077
BiLSTM+Attention,test,77.535624_13.083377,2024-07-01,0.5503372,0.5646615
BiLSTM+Attention,test,77.535624_13.195667,2024-07-01,0.39370975,0.41965982
BiLSTM+Attention,test,77.540116_13.042953,2024-07-01,0.56127167,0.580602
BiLSTM+Attention,test,77.540116_13.114818,2024-07-01,0.4067633,0.43503165
BiLSTM+Attention,test,77.544607_13.218125,2024-07-01,0.45689893,0.48578104
BiLSTM+Attention,test,77.549099_12.845324,2024-07-01,0.60417336,0.6153784
BiLSTM+Attention,test,77.55359_12.71956,2024-07-01,0.74308455,0.7307017
BiLSTM+Attention,test,77.55359_12.849815,2024-07-01,0.5888095,0.5959534
BiLSTM+Attention,test,77.55359_13.069903,2024-07-01,0.72536504,0.7237587
BiLSTM+Attention,test,77.55359_13.110327,2024-07-01,0.4828934,0.49409002
BiLSTM+Attention,test,77.55359_13.168717,2024-07-01,0.47446388,0.49939373
BiLSTM+Attention,test,77.55359_13.173209,2024-07-01,0.3934341,0.41410765
BiLSTM+Attention,test,77.558082_13.042953,2024-07-01,0.64197934,0.653131
BiLSTM+Attention,test,77.558082_13.051936,2024-07-01,0.6966235,0.69984937
BiLSTM+Attention,test,77.558082_13.110327,2024-07-01,0.4998074,0.5205802
BiLSTM+Attention,test,77.558082_13.1777,2024-07-01,0.44638345,0.47491685
BiLSTM+Attention,test,77.562574_12.71956,2024-07-01,0.7488489,0.7381765
BiLSTM+Attention,test,77.567065_12.724051,2024-07-01,0.7263767,0.7060031
BiLSTM+Attention,test,77.567065_13.105835,2024-07-01,0.574749,0.5870951
BiLSTM+Attention,test,77.567065_13.114818,2024-07-01,0.65104544,0.65784895
BiLSTM+Attention,test,77.567065_13.182192,2024-07-01,0.48175955,0.50910825
BiLSTM+Attention,test,77.571557_12.71956,2024-07-01,0.74869406,0.7241658
BiLSTM+Attention,test,77.576048_12.71956,2024-07-01,0.72571075,0.699516
BiLSTM+Attention,test,77.576048_12.728543,2024-07-01,0.7513061,0.7290176
BiLSTM+Attention,test,77.585031_13.042953,2024-07-01,0.6863884,0.69300556
BiLSTM+Attention,test,77.585031_13.137276,2024-07-01,0.45587543,0.4842979
BiLSTM+Attention,test,77.589523_12.71956,2024-07-01,0.81205827,0.7868147
BiLSTM+Attention,test,77.589523_12.746509,2024-07-01,0.7073031,0.6922691
BiLSTM+Attention,test,77.589523_12.971088,2024-07-01,0.7386757,0.7365016
BiLSTM+Attention,test,77.594015_12.724051,2024-07-01,0.8136198,0.80005467
BiLSTM+Attention,test,77.594015_12.733034,2024-07-01,0.78645825,0.779893
BiLSTM+Attention,test,77.594015_12.831849,2024-07-01,0.5795222,0.57504773
BiLSTM+Attention,test,77.594015_12.998037,2024-07-01,0.72978497,0.72477597
BiLSTM+Attention,test,77.598506_12.665661,2024-07-01,0.76877564,0.7449086
BiLSTM+Attention,test,77.598506_12.710577,2024-07-01,0.66955507,0.6697315
BiLSTM+Attention,test,77.598506_12.822866,2024-07-01,0.60708296,0.5969858
BiLSTM+Attention,test,77.598506_13.083377,2024-07-01,0.58545136,0.59747267
BiLSTM+Attention,test,77.598506_13.128293,2024-07-01,0.5558738,0.56921715
BiLSTM+Attention,test,77.602998_12.710577,2024-07-01,0.6936119,0.6916412
BiLSTM+Attention,test,77.602998_12.827358,2024-07-01,0.4904875,0.47606912
BiLSTM+Attention,test,77.602998_13.114818,2024-07-01,0.5654588,0.5759935
BiLSTM+Attention,test,77.602998_13.11931,2024-07-01,0.57140183,0.5856458
BiLSTM+Attention,test,77.602998_13.128293,2024-07-01,0.50863874,0.5285697
BiLSTM+Attention,test,77.602998_13.164226,2024-07-01,0.4550533,0.47276515
BiLSTM+Attention,test,77.607489_12.768967,2024-07-01,0.6134332,0.5994421
BiLSTM+Attention,test,77.607489_12.773459,2024-07-01,0.584421,0.5752934
BiLSTM+Attention,test,77.607489_12.791425,2024-07-01,0.53781885,0.53437006
BiLSTM+Attention,test,77.607489_12.809391,2024-07-01,0.6366474,0.6380013
BiLSTM+Attention,test,77.607489_12.818374,2024-07-01,0.6874362,0.6886999
BiLSTM+Attention,test,77.607489_13.087869,2024-07-01,0.72685796,0.73400325
BiLSTM+Attention,test,77.611981_12.674644,2024-07-01,0.7881149,0.77855724
BiLSTM+Attention,test,77.611981_12.768967,2024-07-01,0.56890404,0.55069286
BiLSTM+Attention,test,77.611981_12.953122,2024-07-01,0.72732276,0.73054194
BiLSTM+Attention,test,77.611981_13.168717,2024-07-01,0.40497407,0.44082582
BiLSTM+Attention,test,77.611981_13.182192,2024-07-01,0.356623,0.38193104
BiLSTM+Attention,test,77.616473_13.114818,2024-07-01,0.55666894,0.5742601
BiLSTM+Attention,test,77.616473_13.141768,2024-07-01,0.44874784,0.46811843
BiLSTM+Attention,test,77.616473_13.1777,2024-07-01,0.36060798,0.38711438
BiLSTM+Attention,test,77.620964_12.674644,2024-07-01,0.79117715,0.7798371
BiLSTM+Attention,test,77.620964_12.795916,2024-07-01,0.44594735,0.43075585
BiLSTM+Attention,test,77.620964_12.813883,2024-07-01,0.44882232,0.44203666
BiLSTM+Attention,test,77.625456_12.782442,2024-07-01,0.5180788,0.50572497
BiLSTM+Attention,test,77.625456_13.065411,2024-07-01,0.39120847,0.42695293
BiLSTM+Attention,test,77.625456_13.155243,2024-07-01,0.6334212,0.63560265
BiLSTM+Attention,test,77.625456_13.182192,2024-07-01,0.41782036,0.44567552
BiLSTM+Attention,test,77.629947_12.795916,2024-07-01,0.77346206,0.73146015
BiLSTM+Attention,test,77.629947_12.809391,2024-07-01,0.47165278,0.46435475
BiLSTM+Attention,test,77.629947_12.854307,2024-07-01,0.4919485,0.49018374
BiLSTM+Attention,test,77.629947_13.06092,2024-07-01,0.41925728,0.44999897
BiLSTM+Attention,test,77.629947_13.087869,2024-07-01,0.4384478,0.45918384
BiLSTM+Attention,test,77.629947_13.1777,2024-07-01,0.4428985,0.47002685
BiLSTM+Attention,test,77.634439_12.679136,2024-07-01,0.7601884,0.7523623
BiLSTM+Attention,test,77.634439_12.701593,2024-07-01,0.7231029,0.69880855
BiLSTM+Attention,test,77.634439_12.733034,2024-07-01,0.4878605,0.46635038
BiLSTM+Attention,test,77.634439_12.746509,2024-07-01,0.5224989,0.5071327
BiLSTM+Attention,test,77.634439_12.751001,2024-07-01,0.5185341,0.5073094
BiLSTM+Attention,test,77.634439_13.047445,2024-07-01,0.481405,0.5027554
BiLSTM+Attention,test,77.634439_13.083377,2024-07-01,0.40969208,0.44672567
BiLSTM+Attention,test,77.634439_13.137276,2024-07-01,0.39996043,0.439237
BiLSTM+Attention,test,77.63893_12.688119,2024-07-01,0.6849667,0.67275757
BiLSTM+Attention,test,77.63893_12.742018,2024-07-01,0.5335707,0.5213898
BiLSTM+Attention,test,77.63893_12.791425,2024-07-01,0.5329046,0.5177073
BiLSTM+Attention,test,77.63893_12.800408,2024-07-01,0.4749073,0.46672615
BiLSTM+Attention,test,77.63893_12.840832,2024-07-01,0.6250522,0.6179948
BiLSTM+Attention,test,77.63893_13.056428,2024-07-01,0.5153401,0.5385682
BiLSTM+Attention,test,77.63893_13.078886,2024-07-01,0.43096128,0.45979023
BiLSTM+Attention,test,77.63893_13.083377,2024-07-01,0.404384,0.44271085
BiLSTM+Attention,test,77.643422_12.795916,2024-07-01,0.4824938,0.4692892
BiLSTM+Attention,test,77.643422_12.800408,2024-07-01,0.48590446,0.4770786
BiLSTM+Attention,test,77.643422_12.809391,2024-07-01,0.50810593,0.49789873
BiLSTM+Attention,test,77.643422_13.002529,2024-07-01,0.5249159,0.53951484
BiLSTM+Attention,test,77.643422_13.164226,2024-07-01,0.57790923,0.5842269
BiLSTM+Attention,test,77.647914_12.688119,2024-07-01,0.7239974,0.7028142
BiLSTM+Attention,test,77.647914_12.733034,2024-07-01,0.5415316,0.52446043
BiLSTM+Attention,test,77.647914_13.141768,2024-07-01,0.66328096,0.6751077
BiLSTM+Attention,test,77.647914_13.168717,2024-07-01,0.7092961,0.7100876
BiLSTM+Attention,test,77.652405_12.697102,2024-07-01,0.68577033,0.6757595
BiLSTM+Attention,test,77.652405_12.773459,2024-07-01,0.4639747,0.4553332
BiLSTM+Attention,test,77.652405_12.795916,2024-07-01,0.43665278,0.42597
BiLSTM+Attention,test,77.652405_12.8049,2024-07-01,0.52822554,0.52045643
BiLSTM+Attention,test,77.652405_13.002529,2024-07-01,0.52101725,0.51472646
BiLSTM+Attention,test,77.656897_12.742018,2024-07-01,0.5437534,0.52552974
BiLSTM+Attention,test,77.656897_12.746509,2024-07-01,0.5156818,0.50484425
BiLSTM+Attention,test,77.656897_12.768967,2024-07-01,0.5184289,0.5180958
BiLSTM+Attention,test,77.656897_12.791425,2024-07-01,0.45748526,0.4442646
BiLSTM+Attention,test,77.656897_12.800408,2024-07-01,0.5491965,0.53782153
BiLSTM+Attention,test,77.656897_12.831849,2024-07-01,0.5733138,0.56212443
BiLSTM+Attention,test,77.656897_13.101344,2024-07-01,0.46931705,0.48938668
BiLSTM+Attention,test,77.656897_13.164226,2024-07-01,0.44489762,0.46955714
BiLSTM+Attention,test,77.656897_13.173209,2024-07-01,0.3886852,0.43001118
BiLSTM+Attention,test,77.661388_12.737526,2024-07-01,0.56117374,0.54337656
BiLSTM+Attention,test,77.661388_12.759984,2024-07-01,0.5510249,0.5380984
BiLSTM+Attention,test,77.661388_13.056428,2024-07-01,0.45636684,0.4837004
BiLSTM+Attention,test,77.661388_13.074394,2024-07-01,0.52130926,0.5408242
BiLSTM+Attention,test,77.661388_13.087869,2024-07-01,0.43462244,0.4513253
BiLSTM+Attention,test,77.661388_13.101344,2024-07-01,0.4433662,0.46709368
BiLSTM+Attention,test,77.661388_13.110327,2024-07-01,0.519806,0.5392725
BiLSTM+Attention,test,77.661388_13.11931,2024-07-01,0.5914859,0.5961187
BiLSTM+Attention,test,77.66588_12.679136,2024-07-01,0.65164024,0.62484044
BiLSTM+Attention,test,77.66588_12.697102,2024-07-01,0.6244716,0.6061073
BiLSTM+Attention,test,77.66588_12.715068,2024-07-01,0.6312543,0.6085366
BiLSTM+Attention,test,77.66588_12.724051,2024-07-01,0.6178569,0.58926594
BiLSTM+Attention,test,77.66588_12.751001,2024-07-01,0.495129,0.48105162
BiLSTM+Attention,test,77.66588_12.755492,2024-07-01,0.5606359,0.54852396
BiLSTM+Attention,test,77.66588_12.764475,2024-07-01,0.54762477,0.540928
BiLSTM+Attention,test,77.66588_12.768967,2024-07-01,0.69752115,0.68557674
BiLSTM+Attention,test,77.66588_12.791425,2024-07-01,0.5966804,0.5830965
BiLSTM+Attention,test,77.66588_13.038462,2024-07-01,0.45423055,0.48354718
BiLSTM+Attention,test,77.66588_13.051936,2024-07-01,0.49279705,0.5193006
BiLSTM+Attention,test,77.66588_13.173209,2024-07-01,0.39708456,0.4315369
BiLSTM+Attention,test,77.670371_12.71956,2024-07-01,0.6486139,0.6226501
BiLSTM+Attention,test,77.670371_12.881256,2024-07-01,0.47406235,0.47768214
BiLSTM+Attention,test,77.670371_13.069903,2024-07-01,0.411465,0.44208524
BiLSTM+Attention,test,77.670371_13.083377,2024-07-01,0.37745613,0.41545522
BiLSTM+Attention,test,77.670371_13.092361,2024-07-01,0.38714164,0.4152914
BiLSTM+Attention,test,77.670371_13.128293,2024-07-01,0.4949032,0.5150945
BiLSTM+Attention,test,77.674863_12.674644,2024-07-01,0.71545917,0.69803894
BiLSTM+Attention,test,77.674863_12.71956,2024-07-01,0.6563633,0.6365552
BiLSTM+Attention,test,77.674863_12.755492,2024-07-01,0.5007429,0.48894784
BiLSTM+Attention,test,77.674863_12.764475,2024-07-01,0.50456226,0.49483976
BiLSTM+Attention,test,77.674863_12.786933,2024-07-01,0.5138907,0.50031763
BiLSTM+Attention,test,77.674863_12.836341,2024-07-01,0.5173492,0.51255375
BiLSTM+Attention,test,77.674863_13.051936,2024-07-01,0.4995529,0.5258367
BiLSTM+Attention,test,77.674863_13.069903,2024-07-01,0.3777329,0.41023606
BiLSTM+Attention,test,77.674863_13.092361,2024-07-01,0.43015078,0.4559714
BiLSTM+Attention,test,77.674863_13.105835,2024-07-01,0.48186612,0.50244075
BiLSTM+Attention,test,77.679355_12.697102,2024-07-01,0.5181608,0.503388
BiLSTM+Attention,test,77.679355_12.746509,2024-07-01,0.6806701,0.6559297
BiLSTM+Attention,test,77.679355_12.89024,2024-07-01,0.5112747,0.5138251
BiLSTM+Attention,test,77.679355_13.056428,2024-07-01,0.45435816,0.48818198
BiLSTM+Attention,test,77.679355_13.074394,2024-07-01,0.42692754,0.4651127
BiLSTM+Attention,test,77.679355_13.101344,2024-07-01,0.44395083,0.46745485
BiLSTM+Attention,test,77.679355_13.141768,2024-07-01,0.49446306,0.5102687
BiLSTM+Attention,test,77.679355_13.155243,2024-07-01,0.3935868,0.4289782
BiLSTM+Attention,test,77.679355_13.159734,2024-07-01,0.4296708,0.46381482
BiLSTM+Attention,test,77.683846_12.728543,2024-07-01,0.5519702,0.53740555
BiLSTM+Attention,test,77.683846_12.742018,2024-07-01,0.50605863,0.48109344
BiLSTM+Attention,test,77.683846_12.755492,2024-07-01,0.7104129,0.6887403
BiLSTM+Attention,test,77.683846_12.795916,2024-07-01,0.5042044,0.4949922
BiLSTM+Attention,test,77.683846_12.8049,2024-07-01,0.48986486,0.47959372
BiLSTM+Attention,test,77.683846_12.836341,2024-07-01,0.5855433,0.5719003
BiLSTM+Attention,test,77.683846_12.840832,2024-07-01,0.59509474,0.5823338
BiLSTM+Attention,test,77.683846_13.029478,2024-07-01,0.3459188,0.37525356
BiLSTM+Attention,test,77.683846_13.06092,2024-07-01,0.4418206,0.46959323
BiLSTM+Attention,test,77.683846_13.074394,2024-07-01,0.38378453,0.42332664
BiLSTM+Attention,test,77.683846_13.11931,2024-07-01,0.36675,0.40646476
BiLSTM+Attention,test,77.683846_13.123802,2024-07-01,0.43175668,0.46181175
BiLSTM+Attention,test,77.688338_12.656678,2024-07-01,0.7057599,0.66940796
BiLSTM+Attention,test,77.688338_12.69261,2024-07-01,0.79425186,0.774984
BiLSTM+Attention,test,77.688338_12.697102,2024-07-01,0.80209595,0.780767
BiLSTM+Attention,test,77.688338_12.710577,2024-07-01,0.80113035,0.7754821
BiLSTM+Attention,test,77.688338_12.751001,2024-07-01,0.5838901,0.5624465
BiLSTM+Attention,test,77.688338_12.755492,2024-07-01,0.54488266,0.52315164
BiLSTM+Attention,test,77.688338_12.876765,2024-07-01,0.7698141,0.7367482
BiLSTM+Attention,test,77.688338_12.885748,2024-07-01,0.49520388,0.4975474
BiLSTM+Attention,test,77.688338_12.966596,2024-07-01,0.56180793,0.5763919
BiLSTM+Attention,test,77.692829_12.746509,2024-07-01,0.46062046,0.44384742
BiLSTM+Attention,test,77.692829_12.800408,2024-07-01,0.4558244,0.4568276
BiLSTM+Attention,test,77.692829_12.845324,2024-07-01,0.6305879,0.6201161
BiLSTM+Attention,test,77.692829_12.885748,2024-07-01,0.53766525,0.5335036
BiLSTM+Attention,test,77.692829_12.899223,2024-07-01,0.45835066,0.4701249
BiLSTM+Attention,test,77.692829_13.047445,2024-07-01,0.7337707,0.72174376
BiLSTM+Attention,test,77.692829_13.06092,2024-07-01,0.56909686,0.5796989
BiLSTM+Attention,test,77.692829_13.065411,2024-07-01,0.5351815,0.54693973
BiLSTM+Attention,test,77.692829_13.083377,2024-07-01,0.3899366,0.4218124
BiLSTM+Attention,test,77.692829_13.096852,2024-07-01,0.38885924,0.42578605
BiLSTM+Attention,test,77.692829_13.132785,2024-07-01,0.3871965,0.42230976
BiLSTM+Attention,test,77.692829_13.155243,2024-07-01,0.39003298,0.42274097
BiLSTM+Attention,test,77.697321_12.697102,2024-07-01,0.79978085,0.7790424
BiLSTM+Attention,test,77.697321_12.751001,2024-07-01,0.52148557,0.5090491
BiLSTM+Attention,test,77.697321_12.773459,2024-07-01,0.46232608,0.46330902
BiLSTM+Attention,test,77.697321_12.791425,2024-07-01,0.5588512,0.5483285
BiLSTM+Attention,test,77.697321_12.885748,2024-07-01,0.5393055,0.5340981
BiLSTM+Attention,test,77.697321_12.894731,2024-07-01,0.4774827,0.4880735
BiLSTM+Attention,test,77.697321_12.930664,2024-07-01,0.4930411,0.49866924
BiLSTM+Attention,test,77.697321_13.132785,2024-07-01,0.3886996,0.4236602
BiLSTM+Attention,test,77.697321_13.150751,2024-07-01,0.43497837,0.46255356
BiLSTM+Attention,test,77.701812_12.742018,2024-07-01,0.48577768,0.47721004
BiLSTM+Attention,test,77.701812_12.77795,2024-07-01,0.46711758,0.4557471
BiLSTM+Attention,test,77.701812_12.8049,2024-07-01,0.5479547,0.54346216
BiLSTM+Attention,test,77.701812_12.822866,2024-07-01,0.5142441,0.50752187
BiLSTM+Attention,test,77.701812_12.872273,2024-07-01,0.4402613,0.4524505
BiLSTM+Attention,test,77.701812_12.984563,2024-07-01,0.4701079,0.49090305
BiLSTM+Attention,test,77.701812_13.03397,2024-07-01,0.41543338,0.4411474
BiLSTM+Attention,test,77.701812_13.114818,2024-07-01,0.47502983,0.49453267
BiLSTM+Attention,test,77.701812_13.164226,2024-07-01,0.4458077,0.46304262
BiLSTM+Attention,test,77.706304_12.746509,2024-07-01,0.4908645,0.4895105
BiLSTM+Attention,test,77.706304_12.751001,2024-07-01,0.51120263,0.5058227
BiLSTM+Attention,test,77.706304_12.759984,2024-07-01,0.41383165,0.40335807
BiLSTM+Attention,test,77.706304_12.764475,2024-07-01,0.48262912,0.463569
BiLSTM+Attention,test,77.706304_12.86329,2024-07-01,0.3831257,0.39328548
BiLSTM+Attention,test,77.706304_12.984563,2024-07-01,0.47110587,0.4904748
BiLSTM+Attention,test,77.706304_13.038462,2024-07-01,0.41777086,0.4461308
BiLSTM+Attention,test,77.706304_13.042953,2024-07-01,0.48896992,0.5094939
BiLSTM+Attention,test,77.706304_13.137276,2024-07-01,0.739066,0.7312902
BiLSTM+Attention,test,77.710796_12.715068,2024-07-01,0.60528517,0.5950396
BiLSTM+Attention,test,77.710796_12.894731,2024-07-01,0.5741591,0.5699407
BiLSTM+Attention,test,77.710796_12.899223,2024-07-01,0.50109273,0.4999992
BiLSTM+Attention,test,77.710796_12.912697,2024-07-01,0.4245745,0.44288328
BiLSTM+Attention,test,77.710796_13.03397,2024-07-01,0.4279783,0.4645938
BiLSTM+Attention,test,77.710796_13.11931,2024-07-01,0.42438152,0.4483216
BiLSTM+Attention,test,77.710796_13.123802,2024-07-01,0.38917947,0.41754904
BiLSTM+Attention,test,77.710796_13.132785,2024-07-01,0.45491177,0.47838402
BiLSTM+Attention,test,77.710796_13.150751,2024-07-01,0.38809258,0.4104697
BiLSTM+Attention,test,77.710796_13.168717,2024-07-01,0.49542728,0.50842875
BiLSTM+Attention,test,77.710796_13.173209,2024-07-01,0.4851137,0.50499403
BiLSTM+Attention,test,77.715287_12.679136,2024-07-01,0.6872907,0.65175563
BiLSTM+Attention,test,77.715287_12.742018,2024-07-01,0.47867727,0.4772586
BiLSTM+Attention,test,77.715287_12.773459,2024-07-01,0.45432836,0.45736223
BiLSTM+Attention,test,77.715287_12.822866,2024-07-01,0.4965551,0.50322515
BiLSTM+Attention,test,77.715287_12.827358,2024-07-01,0.45355433,0.45882836
BiLSTM+Attention,test,77.715287_12.845324,2024-07-01,0.39987358,0.41029704
BiLSTM+Attention,test,77.715287_12.885748,2024-07-01,0.545665,0.5449493
BiLSTM+Attention,test,77.715287_12.899223,2024-07-01,0.40443137,0.41692415
BiLSTM+Attention,test,77.715287_12.939647,2024-07-01,0.68562937,0.69483024
BiLSTM+Attention,test,77.715287_12.944139,2024-07-01,0.7236151,0.73760384
BiLSTM+Attention,test,77.715287_12.94863,2024-07-01,0.58893883,0.6004815
BiLSTM+Attention,test,77.715287_13.016004,2024-07-01,0.51415753,0.535251
BiLSTM+Attention,test,77.715287_13.029478,2024-07-01,0.3675331,0.40327004
BiLSTM+Attention,test,77.715287_13.038462,2024-07-01,0.4929032,0.51402354
BiLSTM+Attention,test,77.715287_13.051936,2024-07-01,0.49211824,0.51277465
BiLSTM+Attention,test,77.715287_13.056428,2024-07-01,0.4011941,0.4305567
BiLSTM+Attention,test,77.715287_13.096852,2024-07-01,0.33052787,0.3668734
BiLSTM+Attention,test,77.715287_13.114818,2024-07-01,0.502352,0.51569396
BiLSTM+Attention,test,77.715287_13.128293,2024-07-01,0.45813286,0.4735182
BiLSTM+Attention,test,77.719779_12.706085,2024-07-01,0.6279674,0.6161391
BiLSTM+Attention,test,77.719779_12.746509,2024-07-01,0.6885707,0.67704964
BiLSTM+Attention,test,77.719779_12.795916,2024-07-01,0.47269893,0.4583955
BiLSTM+Attention,test,77.719779_12.840832,2024-07-01,0.5156505,0.5099732
BiLSTM+Attention,test,77.719779_12.903714,2024-07-01,0.41384512,0.43484077
BiLSTM+Attention,test,77.719779_13.069903,2024-07-01,0.3951693,0.42262828
BiLSTM+Attention,test,77.719779_13.105835,2024-07-01,0.42086062,0.4520949
BiLSTM+Attention,test,77.719779_13.123802,2024-07-01,0.4092238,0.4388147
BiLSTM+Attention,test,77.719779_13.137276,2024-07-01,0.4221678,0.45435414
BiLSTM+Attention,test,77.719779_13.155243,2024-07-01,0.40396523,0.43704206
BiLSTM+Attention,test,77.72427_12.674644,2024-07-01,0.5360341,0.5082666
BiLSTM+Attention,test,77.72427_12.697102,2024-07-01,0.48808077,0.47013775
BiLSTM+Attention,test,77.72427_12.701593,2024-07-01,0.527248,0.50630367
BiLSTM+Attention,test,77.72427_12.724051,2024-07-01,0.5213174,0.49946252
BiLSTM+Attention,test,77.72427_12.786933,2024-07-01,0.48051754,0.4717693
BiLSTM+Attention,test,77.72427_12.791425,2024-07-01,0.4909815,0.47766796
BiLSTM+Attention,test,77.72427_12.840832,2024-07-01,0.49097648,0.49182191
BiLSTM+Attention,test,77.72427_12.867782,2024-07-01,0.42495212,0.43777123
BiLSTM+Attention,test,77.72427_12.885748,2024-07-01,0.47142735,0.47667158
BiLSTM+Attention,test,77.72427_13.024987,2024-07-01,0.77258956,0.78017986
BiLSTM+Attention,test,77.72427_13.06092,2024-07-01,0.4040892,0.43848786
BiLSTM+Attention,test,77.72427_13.074394,2024-07-01,0.43481514,0.4657405
BiLSTM+Attention,test,77.728762_12.706085,2024-07-01,0.62615067,0.6132673
BiLSTM+Attention,test,77.728762_12.724051,2024-07-01,0.63657796,0.61790097
BiLSTM+Attention,test,77.728762_12.759984,2024-07-01,0.49500525,0.48414502
BiLSTM+Attention,test,77.728762_12.782442,2024-07-01,0.53221995,0.51967627
BiLSTM+Attention,test,77.728762_12.809391,2024-07-01,0.48335338,0.4747034
BiLSTM+Attention,test,77.728762_12.858799,2024-07-01,0.5334001,0.5344181
BiLSTM+Attention,test,77.728762_12.876765,2024-07-01,0.54129714,0.5400246
BiLSTM+Attention,test,77.728762_12.885748,2024-07-01,0.46424207,0.4689649
BiLSTM+Attention,test,77.728762_13.047445,2024-07-01,0.4672297,0.49475643
BiLSTM+Attention,test,77.728762_13.087869,2024-07-01,0.4718362,0.49206236
BiLSTM+Attention,test,77.728762_13.092361,2024-07-01,0.43585014,0.46715876
BiLSTM+Attention,test,77.733253_12.755492,2024-07-01,0.43881303,0.42787185
BiLSTM+Attention,test,77.733253_12.795916,2024-07-01,0.47505653,0.4723472
BiLSTM+Attention,test,77.733253_12.86329,2024-07-01,0.5544792,0.55130774
BiLSTM+Attention,test,77.733253_12.872273,2024-07-01,0.5469476,0.5452356
BiLSTM+Attention,test,77.733253_12.998037,2024-07-01,0.6084364,0.61951125
BiLSTM+Attention,test,77.733253_13.056428,2024-07-01,0.3710241,0.4042156
BiLSTM+Attention,test,77.737745_12.764475,2024-07-01,0.43733075,0.43529025
BiLSTM+Attention,test,77.737745_12.791425,2024-07-01,0.4759661,0.46084538
BiLSTM+Attention,test,77.737745_12.809391,2024-07-01,0.45020074,0.4442676
BiLSTM+Attention,test,77.737745_12.858799,2024-07-01,0.47935387,0.4823992
BiLSTM+Attention,test,77.737745_12.872273,2024-07-01,0.53434134,0.5271382
BiLSTM+Attention,test,77.737745_12.881256,2024-07-01,0.5727118,0.5705846
BiLSTM+Attention,test,77.737745_13.051936,2024-07-01,0.37653977,0.40560952
BiLSTM+Attention,test,77.737745_13.06092,2024-07-01,0.4133086,0.4450787
BiLSTM+Attention,test,77.737745_13.078886,2024-07-01,0.44401065,0.45882672
BiLSTM+Attention,test,77.737745_13.101344,2024-07-01,0.3660852,0.39236054
BiLSTM+Attention,test,77.742237_12.697102,2024-07-01,0.6533088,0.631172
BiLSTM+Attention,test,77.742237_12.764475,2024-07-01,0.45721206,0.44925597
BiLSTM+Attention,test,77.742237_12.795916,2024-07-01,0.4549574,0.4547476
BiLSTM+Attention,test,77.742237_12.8049,2024-07-01,0.4850512,0.47853142
BiLSTM+Attention,test,77.742237_12.86329,2024-07-01,0.40437043,0.4244718
BiLSTM+Attention,test,77.742237_12.867782,2024-07-01,0.5392845,0.5358562
BiLSTM+Attention,test,77.742237_12.89024,2024-07-01,0.54804873,0.54506886
BiLSTM+Attention,test,77.742237_12.899223,2024-07-01,0.53892726,0.53712696
BiLSTM+Attention,test,77.742237_12.921681,2024-07-01,0.45490298,0.46386033
BiLSTM+Attention,test,77.742237_12.980071,2024-07-01,0.5078972,0.5176478
BiLSTM+Attention,test,77.742237_13.002529,2024-07-01,0.5415411,0.55271673
BiLSTM+Attention,test,77.742237_13.016004,2024-07-01,0.52385783,0.5415029
BiLSTM+Attention,test,77.742237_13.038462,2024-07-01,0.38035756,0.41978398
BiLSTM+Attention,test,77.742237_13.074394,2024-07-01,0.3538655,0.38216946
BiLSTM+Attention,test,77.742237_13.078886,2024-07-01,0.43712848,0.45870876
BiLSTM+Attention,test,77.742237_13.101344,2024-07-01,0.40369508,0.4310409
BiLSTM+Attention,test,77.746728_12.751001,2024-07-01,0.4901284,0.47821036
BiLSTM+Attention,test,77.746728_12.764475,2024-07-01,0.4747327,0.46165577
BiLSTM+Attention,test,77.746728_12.782442,2024-07-01,0.5436681,0.53227246
BiLSTM+Attention,test,77.746728_12.97558,2024-07-01,0.5307591,0.5406657
BiLSTM+Attention,test,77.746728_12.984563,2024-07-01,0.5195742,0.53029495
BiLSTM+Attention,test,77.746728_13.016004,2024-07-01,0.5477466,0.5670262
BiLSTM+Attention,test,77.746728_13.020495,2024-07-01,0.58903885,0.6069482
BiLSTM+Attention,test,77.746728_13.024987,2024-07-01,0.4796922,0.49750924
BiLSTM+Attention,test,77.746728_13.038462,2024-07-01,0.39727312,0.42724416
BiLSTM+Attention,test,77.746728_13.06092,2024-07-01,0.344522,0.3787082
BiLSTM+Attention,test,77.746728_13.083377,2024-07-01,0.45202696,0.4690931
BiLSTM+Attention,test,77.746728_13.092361,2024-07-01,0.42656213,0.4583049
BiLSTM+Attention,test,77.75122_12.751001,2024-07-01,0.48016596,0.46975404
BiLSTM+Attention,test,77.75122_12.755492,2024-07-01,0.543731,0.5282194
BiLSTM+Attention,test,77.75122_12.768967,2024-07-01,0.44254458,0.4295509
BiLSTM+Attention,test,77.75122_12.894731,2024-07-01,0.4569431,0.46642646
BiLSTM+Attention,test,77.75122_12.993546,2024-07-01,0.4473167,0.45878872
BiLSTM+Attention,test,77.75122_13.020495,2024-07-01,0.50560653,0.51890117
BiLSTM+Attention,test,77.75122_13.03397,2024-07-01,0.43113232,0.45636475
BiLSTM+Attention,test,77.75122_13.038462,2024-07-01,0.3547818,0.3903831
BiLSTM+Attention,test,77.755711_12.706085,2024-07-01,0.5581739,0.54224735
BiLSTM+Attention,test,77.755711_12.764475,2024-07-01,0.7943023,0.76869285
BiLSTM+Attention,test,77.755711_12.822866,2024-07-01,0.45216647,0.46147764
BiLSTM+Attention,test,77.755711_12.831849,2024-07-01,0.42625594,0.44016048
BiLSTM+Attention,test,77.755711_12.858799,2024-07-01,0.4966119,0.5027642
BiLSTM+Attention,test,77.755711_12.885748,2024-07-01,0.4956932,0.498
BiLSTM+Attention,test,77.755711_12.899223,2024-07-01,0.41762364,0.427628
BiLSTM+Attention,test,77.755711_12.903714,2024-07-01,0.45569777,0.46332598
BiLSTM+Attention,test,77.755711_12.926172,2024-07-01,0.49740747,0.5001583
BiLSTM+Attention,test,77.760203_12.751001,2024-07-01,0.4850767,0.47723228
BiLSTM+Attention,test,77.760203_12.795916,2024-07-01,0.42593727,0.42486587
BiLSTM+Attention,test,77.760203_12.818374,2024-07-01,0.55797195,0.5547045
BiLSTM+Attention,test,77.760203_12.867782,2024-07-01,0.43889055,0.44861582
BiLSTM+Attention,test,77.760203_12.872273,2024-07-01,0.4633394,0.4709561
BiLSTM+Attention,test,77.760203_12.876765,2024-07-01,0.43530115,0.44139472
BiLSTM+Attention,test,77.760203_12.885748,2024-07-01,0.45945343,0.46843085
BiLSTM+Attention,test,77.760203_12.984563,2024-07-01,0.5094159,0.516055
BiLSTM+Attention,test,77.764695_12.742018,2024-07-01,0.65691406,0.63773006
BiLSTM+Attention,test,77.764695_12.746509,2024-07-01,0.64904016,0.63215595
BiLSTM+Attention,test,77.764695_12.813883,2024-07-01,0.50064003,0.5039815
BiLSTM+Attention,test,77.764695_12.849815,2024-07-01,0.4647766,0.47377604
BiLSTM+Attention,test,77.764695_12.885748,2024-07-01,0.47972894,0.4807845
BiLSTM+Attention,test,77.764695_12.912697,2024-07-01,0.48923627,0.5007943
BiLSTM+Attention,test,77.764695_13.03397,2024-07-01,0.35296914,0.38705632
BiLSTM+Attention,test,77.769186_12.751001,2024-07-01,0.6863622,0.67030495
BiLSTM+Attention,test,77.769186_12.791425,2024-07-01,0.42855495,0.427404
BiLSTM+Attention,test,77.769186_12.800408,2024-07-01,0.49982056,0.5046377
BiLSTM+Attention,test,77.769186_12.8049,2024-07-01,0.5471527,0.55207944
BiLSTM+Attention,test,77.769186_12.809391,2024-07-01,0.45515707,0.46176776
BiLSTM+Attention,test,77.769186_12.876765,2024-07-01,0.49488732,0.4970446
BiLSTM+Attention,test,77.769186_12.894731,2024-07-01,0.46352708,0.4734464
BiLSTM+Attention,test,77.769186_13.016004,2024-07-01,0.43321556,0.45350954
BiLSTM+Attention,test,77.773678_12.746509,2024-07-01,0.6677371,0.6562864
BiLSTM+Attention,test,77.773678_12.858799,2024-07-01,0.43488413,0.44668034
BiLSTM+Attention,test,77.773678_12.885748,2024-07-01,0.47073248,0.4719138
BiLSTM+Attention,test,77.773678_12.899223,2024-07-01,0.42037427,0.4296586
BiLSTM+Attention,test,77.773678_12.908206,2024-07-01,0.47472638,0.48501918
BiLSTM+Attention,test,77.778169_12.809391,2024-07-01,0.43322277,0.43531132
BiLSTM+Attention,test,77.778169_12.885748,2024-07-01,0.48916015,0.4932809
BiLSTM+Attention,test,77.782661_12.786933,2024-07-01,0.4253432,0.421045
BiLSTM+Attention,test,77.782661_12.791425,2024-07-01,0.47836456,0.47330964
BiLSTM+Attention,test,77.782661_12.89024,2024-07-01,0.4797148,0.48342365
BiLSTM+Attention,test,77.787152_12.786933,2024-07-01,0.44555837,0.44157037
BiLSTM+Attention,test,77.787152_12.849815,2024-07-01,0.44366026,0.45835328
BiLSTM+Attention,test,77.787152_12.867782,2024-07-01,0.41963792,0.42567185
BiLSTM+Attention,test,77.791644_12.8049,2024-07-01,0.47023097,0.47082618
BiLSTM+Attention,test,77.791644_12.899223,2024-07-01,0.4302263,0.44277495
BiLSTM+Attention,test,77.796136_12.854307,2024-07-01,0.41654736,0.4344157
BiLSTM+Attention,test,77.796136_12.885748,2024-07-01,0.4841303,0.49118468
BiLSTM+Attention,test,77.800627_12.876765,2024-07-01,0.48597568,0.49436572
BiLSTM+Attention,test,77.800627_12.885748,2024-07-01,0.44418848,0.45406756
BiLSTM+Attention,test,77.805119_12.876765,2024-07-01,0.4976048,0.50636965
BiLSTM+Attention,test,77.805119_12.89024,2024-07-01,0.46287656,0.47332326
BiLSTM+Attention,test,77.80961_12.858799,2024-07-01,0.46385056,0.47563457
BiLSTM+Attention,test,77.80961_12.86329,2024-07-01,0.43857926,0.4512188
BiLSTM+Attention,test,77.329012_12.944139,2024-08-01,0.45868742,0.4594254
BiLSTM+Attention,test,77.342486_12.935155,2024-08-01,0.7520024,0.73245436
BiLSTM+Attention,test,77.342486_12.944139,2024-08-01,0.7032296,0.6815872
BiLSTM+Attention,test,77.346978_12.86329,2024-08-01,0.59881467,0.5577677
BiLSTM+Attention,test,77.360453_12.867782,2024-08-01,0.4130161,0.39792666
BiLSTM+Attention,test,77.364944_12.854307,2024-08-01,0.44756585,0.432399
BiLSTM+Attention,test,77.364944_12.962105,2024-08-01,0.442921,0.4413953
BiLSTM+Attention,test,77.369436_12.998037,2024-08-01,0.40058804,0.418571
BiLSTM+Attention,test,77.369436_13.007021,2024-08-01,0.46164685,0.48014805
BiLSTM+Attention,test,77.373927_12.971088,2024-08-01,0.44247952,0.44249913
BiLSTM+Attention,test,77.373927_13.011512,2024-08-01,0.42439553,0.43009105
BiLSTM+Attention,test,77.373927_13.016004,2024-08-01,0.43556428,0.43482223
BiLSTM+Attention,test,77.387402_12.97558,2024-08-01,0.47377732,0.4668896
BiLSTM+Attention,test,77.387402_12.980071,2024-08-01,0.46437323,0.46154192
BiLSTM+Attention,test,77.396385_12.97558,2024-08-01,0.40029722,0.37877193
BiLSTM+Attention,test,77.396385_13.029478,2024-08-01,0.3778795,0.37525335
BiLSTM+Attention,test,77.400877_13.029478,2024-08-01,0.35579285,0.35087857
BiLSTM+Attention,test,77.405368_12.998037,2024-08-01,0.43118346,0.43420395
BiLSTM+Attention,test,77.405368_13.105835,2024-08-01,0.43005902,0.40876523
BiLSTM+Attention,test,77.405368_13.11931,2024-08-01,0.38556013,0.3812285
BiLSTM+Attention,test,77.414352_12.989054,2024-08-01,0.37528375,0.37585467
BiLSTM+Attention,test,77.414352_12.993546,2024-08-01,0.40598962,0.40413415
BiLSTM+Attention,test,77.414352_13.03397,2024-08-01,0.38485953,0.40118164
BiLSTM+Attention,test,77.414352_13.096852,2024-08-01,0.3914796,0.38296068
BiLSTM+Attention,test,77.414352_13.11931,2024-08-01,0.41392943,0.4056069
BiLSTM+Attention,test,77.418843_12.993546,2024-08-01,0.42504185,0.41527987
BiLSTM+Attention,test,77.418843_13.016004,2024-08-01,0.38135633,0.3924298
BiLSTM+Attention,test,77.418843_13.024987,2024-08-01,0.40048575,0.4048967
BiLSTM+Attention,test,77.418843_13.029478,2024-08-01,0.40418556,0.4166215
BiLSTM+Attention,test,77.418843_13.146259,2024-08-01,0.3430283,0.36028257
BiLSTM+Attention,test,77.423335_13.002529,2024-08-01,0.49965826,0.4979335
BiLSTM+Attention,test,77.423335_13.092361,2024-08-01,0.32311732,0.32824418
BiLSTM+Attention,test,77.423335_13.150751,2024-08-01,0.32376808,0.35323843
BiLSTM+Attention,test,77.427826_13.020495,2024-08-01,0.38454902,0.37828505
BiLSTM+Attention,test,77.427826_13.024987,2024-08-01,0.40327355,0.40672195
BiLSTM+Attention,test,77.427826_13.110327,2024-08-01,0.41520116,0.4232737
BiLSTM+Attention,test,77.427826_13.132785,2024-08-01,0.49387777,0.4981312
BiLSTM+Attention,test,77.432318_12.998037,2024-08-01,0.3706223,0.37434116
BiLSTM+Attention,test,77.432318_13.087869,2024-08-01,0.46538767,0.44213498
BiLSTM+Attention,test,77.432318_13.092361,2024-08-01,0.40214133,0.3929946
BiLSTM+Attention,test,77.436809_12.818374,2024-08-01,0.5238083,0.49541613
BiLSTM+Attention,test,77.436809_13.03397,2024-08-01,0.39414135,0.40007573
BiLSTM+Attention,test,77.441301_13.083377,2024-08-01,0.45782194,0.45700288
BiLSTM+Attention,test,77.441301_13.110327,2024-08-01,0.42973927,0.437406
BiLSTM+Attention,test,77.450284_13.029478,2024-08-01,0.43850467,0.42966452
BiLSTM+Attention,test,77.450284_13.047445,2024-08-01,0.42113578,0.41336596
BiLSTM+Attention,test,77.450284_13.146259,2024-08-01,0.51698506,0.5100961
BiLSTM+Attention,test,77.454776_13.078886,2024-08-01,0.43259603,0.42652252
BiLSTM+Attention,test,77.454776_13.087869,2024-08-01,0.41189453,0.4054319
BiLSTM+Attention,test,77.454776_13.114818,2024-08-01,0.5041404,0.49088448
BiLSTM+Attention,test,77.454776_13.141768,2024-08-01,0.50607866,0.50238
BiLSTM+Attention,test,77.459267_13.020495,2024-08-01,0.36883134,0.35699317
BiLSTM+Attention,test,77.459267_13.11931,2024-08-01,0.4432281,0.44661218
BiLSTM+Attention,test,77.463759_13.03397,2024-08-01,0.3613501,0.35889181
BiLSTM+Attention,test,77.463759_13.078886,2024-08-01,0.52377737,0.5130214
BiLSTM+Attention,test,77.46825_13.020495,2024-08-01,0.45994118,0.45787027
BiLSTM+Attention,test,77.46825_13.114818,2024-08-01,0.49393037,0.4926529
BiLSTM+Attention,test,77.46825_13.150751,2024-08-01,0.37952328,0.41160563
BiLSTM+Attention,test,77.46825_13.1777,2024-08-01,0.46914527,0.47651246
BiLSTM+Attention,test,77.472742_13.087869,2024-08-01,0.44811344,0.4461335
BiLSTM+Attention,test,77.481725_13.03397,2024-08-01,0.4365329,0.43431115
BiLSTM+Attention,test,77.481725_13.096852,2024-08-01,0.57223135,0.5714004
BiLSTM+Attention,test,77.481725_13.137276,2024-08-01,0.75417054,0.72021925
BiLSTM+Attention,test,77.486217_13.042953,2024-08-01,0.52052784,0.5021535
BiLSTM+Attention,test,77.486217_13.114818,2024-08-01,0.48691562,0.4855193
BiLSTM+Attention,test,77.486217_13.11931,2024-08-01,0.49818018,0.4986312
BiLSTM+Attention,test,77.490708_13.051936,2024-08-01,0.5941694,0.58071333
BiLSTM+Attention,test,77.490708_13.087869,2024-08-01,0.5442606,0.5263561
BiLSTM+Attention,test,77.490708_13.092361,2024-08-01,0.5223509,0.5144997
BiLSTM+Attention,test,77.490708_13.096852,2024-08-01,0.5616871,0.5617447
BiLSTM+Attention,test,77.490708_13.182192,2024-08-01,0.4551118,0.46054325
BiLSTM+Attention,test,77.490708_13.209142,2024-08-01,0.41771075,0.4245077
BiLSTM+Attention,test,77.4952_13.020495,2024-08-01,0.5029066,0.49736872
BiLSTM+Attention,test,77.4952_13.024987,2024-08-01,0.5140541,0.49771398
BiLSTM+Attention,test,77.4952_13.03397,2024-08-01,0.58332485,0.5738017
BiLSTM+Attention,test,77.4952_13.087869,2024-08-01,0.48712513,0.48184732
BiLSTM+Attention,test,77.4952_13.092361,2024-08-01,0.5127402,0.5222826
BiLSTM+Attention,test,77.4952_13.182192,2024-08-01,0.46954226,0.47232175
BiLSTM+Attention,test,77.499692_13.114818,2024-08-01,0.51086104,0.5098004
BiLSTM+Attention,test,77.499692_13.137276,2024-08-01,0.4543945,0.4765121
BiLSTM+Attention,test,77.499692_13.168717,2024-08-01,0.47897753,0.4726715
BiLSTM+Attention,test,77.504183_13.083377,2024-08-01,0.58508027,0.5805467
BiLSTM+Attention,test,77.504183_13.141768,2024-08-01,0.4960441,0.5046824
BiLSTM+Attention,test,77.504183_13.159734,2024-08-01,0.52151626,0.52382386
BiLSTM+Attention,test,77.504183_13.195667,2024-08-01,0.3926525,0.4147439
BiLSTM+Attention,test,77.508675_13.114818,2024-08-01,0.43903038,0.44651076
BiLSTM+Attention,test,77.508675_13.137276,2024-08-01,0.44450065,0.45723203
BiLSTM+Attention,test,77.508675_13.159734,2024-08-01,0.5408219,0.5413524
BiLSTM+Attention,test,77.513166_13.087869,2024-08-01,0.5827398,0.5738458
BiLSTM+Attention,test,77.513166_13.096852,2024-08-01,0.6223487,0.61514133
BiLSTM+Attention,test,77.513166_13.137276,2024-08-01,0.39456838,0.42540005
BiLSTM+Attention,test,77.513166_13.1777,2024-08-01,0.41508895,0.4400911
BiLSTM+Attention,test,77.517658_12.795916,2024-08-01,0.58062404,0.5424202
BiLSTM+Attention,test,77.517658_12.998037,2024-08-01,0.5851645,0.5758571
BiLSTM+Attention,test,77.517658_13.11931,2024-08-01,0.38682553,0.40843803
BiLSTM+Attention,test,77.517658_13.182192,2024-08-01,0.43363017,0.4457927
BiLSTM+Attention,test,77.517658_13.186684,2024-08-01,0.46249425,0.46841112
BiLSTM+Attention,test,77.517658_13.191175,2024-08-01,0.41248897,0.42050466
BiLSTM+Attention,test,77.522149_13.056428,2024-08-01,0.64229083,0.62354153
BiLSTM+Attention,test,77.522149_13.078886,2024-08-01,0.6080862,0.59383726
BiLSTM+Attention,test,77.522149_13.146259,2024-08-01,0.36746678,0.39030838
BiLSTM+Attention,test,77.522149_13.200158,2024-08-01,0.45348233,0.47410846
BiLSTM+Attention,test,77.526641_13.078886,2024-08-01,0.5978498,0.593832
BiLSTM+Attention,test,77.526641_13.105835,2024-08-01,0.42494705,0.43500707
BiLSTM+Attention,test,77.526641_13.110327,2024-08-01,0.39992964,0.41676995
BiLSTM+Attention,test,77.531133_13.083377,2024-08-01,0.5619757,0.56532776
BiLSTM+Attention,test,77.531133_13.114818,2024-08-01,0.40739882,0.42785564
BiLSTM+Attention,test,77.531133_13.195667,2024-08-01,0.5021534,0.5017592
BiLSTM+Attention,test,77.535624_13.069903,2024-08-01,0.70455676,0.688075
BiLSTM+Attention,test,77.535624_13.083377,2024-08-01,0.5565858,0.55230105
BiLSTM+Attention,test,77.535624_13.096852,2024-08-01,0.4661661,0.47125828
BiLSTM+Attention,test,77.535624_13.114818,2024-08-01,0.45693406,0.46002492
BiLSTM+Attention,test,77.535624_13.132785,2024-08-01,0.4738618,0.48057818
BiLSTM+Attention,test,77.535624_13.137276,2024-08-01,0.39949912,0.40713218
BiLSTM+Attention,test,77.535624_13.195667,2024-08-01,0.4070503,0.42439505
BiLSTM+Attention,test,77.540116_12.77795,2024-08-01,0.58289796,0.56400365
BiLSTM+Attention,test,77.540116_13.042953,2024-08-01,0.5723421,0.56475586
BiLSTM+Attention,test,77.540116_13.074394,2024-08-01,0.60989666,0.5988442
BiLSTM+Attention,test,77.540116_13.092361,2024-08-01,0.4272661,0.42221594
BiLSTM+Attention,test,77.540116_13.101344,2024-08-01,0.41667247,0.43132576
BiLSTM+Attention,test,77.540116_13.105835,2024-08-01,0.43035898,0.44616157
BiLSTM+Attention,test,77.540116_13.114818,2024-08-01,0.42757356,0.4302455
BiLSTM+Attention,test,77.540116_13.132785,2024-08-01,0.45160553,0.4527545
BiLSTM+Attention,test,77.540116_13.155243,2024-08-01,0.48710817,0.50025576
BiLSTM+Attention,test,77.540116_13.182192,2024-08-01,0.4176922,0.4257246
BiLSTM+Attention,test,77.544607_13.218125,2024-08-01,0.48205045,0.47912523
BiLSTM+Attention,test,77.549099_13.096852,2024-08-01,0.5041008,0.5070218
BiLSTM+Attention,test,77.549099_13.132785,2024-08-01,0.6408927,0.62778324
BiLSTM+Attention,test,77.55359_12.71956,2024-08-01,0.77234167,0.72078013
BiLSTM+Attention,test,77.55359_13.069903,2024-08-01,0.72454345,0.71354854
BiLSTM+Attention,test,77.55359_13.101344,2024-08-01,0.42340216,0.43385914
BiLSTM+Attention,test,77.55359_13.110327,2024-08-01,0.48646253,0.48825622
BiLSTM+Attention,test,77.55359_13.128293,2024-08-01,0.596323,0.5992221
BiLSTM+Attention,test,77.55359_13.168717,2024-08-01,0.48690012,0.49113813
BiLSTM+Attention,test,77.55359_13.173209,2024-08-01,0.40371823,0.4170658
BiLSTM+Attention,test,77.558082_12.710577,2024-08-01,0.7825556,0.7347207
BiLSTM+Attention,test,77.558082_13.042953,2024-08-01,0.6418993,0.6394005
BiLSTM+Attention,test,77.558082_13.051936,2024-08-01,0.70277786,0.684379
BiLSTM+Attention,test,77.558082_13.110327,2024-08-01,0.5065839,0.50811183
BiLSTM+Attention,test,77.558082_13.168717,2024-08-01,0.494575,0.49978855
BiLSTM+Attention,test,77.558082_13.1777,2024-08-01,0.46259958,0.4705893
BiLSTM+Attention,test,77.562574_12.71956,2024-08-01,0.7716548,0.7256929
BiLSTM+Attention,test,77.562574_13.141768,2024-08-01,0.4409836,0.44337752
BiLSTM+Attention,test,77.562574_13.159734,2024-08-01,0.4895959,0.4936804
BiLSTM+Attention,test,77.562574_13.173209,2024-08-01,0.49211422,0.49778196
BiLSTM+Attention,test,77.567065_12.724051,2024-08-01,0.73750395,0.6965977
BiLSTM+Attention,test,77.567065_13.105835,2024-08-01,0.5770164,0.575298
BiLSTM+Attention,test,77.567065_13.114818,2024-08-01,0.66048986,0.65268904
BiLSTM+Attention,test,77.567065_13.182192,2024-08-01,0.4925906,0.50051737
BiLSTM+Attention,test,77.571557_12.71956,2024-08-01,0.7763724,0.7152347
BiLSTM+Attention,test,77.571557_13.141768,2024-08-01,0.4421618,0.4603752
BiLSTM+Attention,test,77.571557_13.146259,2024-08-01,0.45247322,0.4689706
BiLSTM+Attention,test,77.576048_12.71956,2024-08-01,0.7367026,0.69108754
BiLSTM+Attention,test,77.576048_12.728543,2024-08-01,0.7577753,0.7193325
BiLSTM+Attention,test,77.576048_12.742018,2024-08-01,0.74253094,0.7012111
BiLSTM+Attention,test,77.58054_12.845324,2024-08-01,0.69887716,0.6647483
BiLSTM+Attention,test,77.58054_13.083377,2024-08-01,0.512046,0.5097338
BiLSTM+Attention,test,77.58054_13.087869,2024-08-01,0.47330597,0.48734164
BiLSTM+Attention,test,77.585031_13.042953,2024-08-01,0.69834864,0.67926633
BiLSTM+Attention,test,77.585031_13.137276,2024-08-01,0.47171575,0.4762076
BiLSTM+Attention,test,77.589523_12.71956,2024-08-01,0.831557,0.7701523
BiLSTM+Attention,test,77.589523_12.746509,2024-08-01,0.7171926,0.6817192
BiLSTM+Attention,test,77.589523_13.083377,2024-08-01,0.5974092,0.59093946
BiLSTM+Attention,test,77.589523_13.150751,2024-08-01,0.46091262,0.4771624
BiLSTM+Attention,test,77.594015_12.724051,2024-08-01,0.82986176,0.78245044
BiLSTM+Attention,test,77.594015_12.733034,2024-08-01,0.7969613,0.7655586
BiLSTM+Attention,test,77.594015_12.755492,2024-08-01,0.6699354,0.64956224
BiLSTM+Attention,test,77.594015_13.087869,2024-08-01,0.60482717,0.60766166
BiLSTM+Attention,test,77.598506_12.665661,2024-08-01,0.7931297,0.7343193
BiLSTM+Attention,test,77.598506_13.083377,2024-08-01,0.5973662,0.587543
BiLSTM+Attention,test,77.598506_13.128293,2024-08-01,0.5565566,0.56324995
BiLSTM+Attention,test,77.598506_13.141768,2024-08-01,0.41573438,0.4424289
BiLSTM+Attention,test,77.598506_13.146259,2024-08-01,0.39509392,0.42047206
BiLSTM+Attention,test,77.602998_12.710577,2024-08-01,0.7061608,0.68141717
BiLSTM+Attention,test,77.602998_13.11931,2024-08-01,0.57837546,0.5728572
BiLSTM+Attention,test,77.602998_13.128293,2024-08-01,0.5123613,0.5205775
BiLSTM+Attention,test,77.602998_13.164226,2024-08-01,0.47544625,0.47201738
BiLSTM+Attention,test,77.607489_12.768967,2024-08-01,0.62260467,0.5943115
BiLSTM+Attention,test,77.607489_12.773459,2024-08-01,0.59407115,0.5690105
BiLSTM+Attention,test,77.607489_12.791425,2024-08-01,0.55090624,0.526548
BiLSTM+Attention,test,77.607489_13.087869,2024-08-01,0.73089164,0.7217288
BiLSTM+Attention,test,77.611981_12.674644,2024-08-01,0.80387443,0.767907
BiLSTM+Attention,test,77.611981_12.953122,2024-08-01,0.724975,0.71394473
BiLSTM+Attention,test,77.611981_13.105835,2024-08-01,0.5214669,0.53427434
BiLSTM+Attention,test,77.611981_13.168717,2024-08-01,0.4308193,0.43753973
BiLSTM+Attention,test,77.611981_13.182192,2024-08-01,0.36562774,0.39500344
BiLSTM+Attention,test,77.616473_13.114818,2024-08-01,0.5670684,0.56579256
BiLSTM+Attention,test,77.616473_13.141768,2024-08-01,0.46128702,0.4649277
BiLSTM+Attention,test,77.616473_13.1777,2024-08-01,0.3749833,0.3971819
BiLSTM+Attention,test,77.620964_12.674644,2024-08-01,0.80906147,0.76785636
BiLSTM+Attention,test,77.620964_12.845324,2024-08-01,0.6609352,0.6456888
BiLSTM+Attention,test,77.620964_13.132785,2024-08-01,0.55066043,0.5392907
BiLSTM+Attention,test,77.625456_13.065411,2024-08-01,0.40943965,0.4211431
BiLSTM+Attention,test,77.625456_13.128293,2024-08-01,0.529539,0.543098
BiLSTM+Attention,test,77.625456_13.137276,2024-08-01,0.44989634,0.4535044
BiLSTM+Attention,test,77.625456_13.155243,2024-08-01,0.65116453,0.6319797
BiLSTM+Attention,test,77.625456_13.182192,2024-08-01,0.45734864,0.4441226
BiLSTM+Attention,test,77.629947_12.836341,2024-08-01,0.5714467,0.5593165
BiLSTM+Attention,test,77.629947_12.854307,2024-08-01,0.49287447,0.4842329
BiLSTM+Attention,test,77.629947_13.06092,2024-08-01,0.42902887,0.4485205
BiLSTM+Attention,test,77.629947_13.087869,2024-08-01,0.44533288,0.45467827
BiLSTM+Attention,test,77.629947_13.1777,2024-08-01,0.46940318,0.46726683
BiLSTM+Attention,test,77.634439_12.679136,2024-08-01,0.7737979,0.7428935
BiLSTM+Attention,test,77.634439_12.701593,2024-08-01,0.72822547,0.69048494
BiLSTM+Attention,test,77.634439_12.746509,2024-08-01,0.52287716,0.50300497
BiLSTM+Attention,test,77.634439_12.751001,2024-08-01,0.5141723,0.5042709
BiLSTM+Attention,test,77.634439_12.849815,2024-08-01,0.5415011,0.5163579
BiLSTM+Attention,test,77.634439_13.047445,2024-08-01,0.4901734,0.49563727
BiLSTM+Attention,test,77.634439_13.083377,2024-08-01,0.41134092,0.4429808
BiLSTM+Attention,test,77.634439_13.137276,2024-08-01,0.41386202,0.43980148
BiLSTM+Attention,test,77.63893_12.688119,2024-08-01,0.70680267,0.66334987
BiLSTM+Attention,test,77.63893_12.742018,2024-08-01,0.53587043,0.5161806
BiLSTM+Attention,test,77.63893_12.791425,2024-08-01,0.5339344,0.51180434
BiLSTM+Attention,test,77.63893_12.800408,2024-08-01,0.47651017,0.4653909
BiLSTM+Attention,test,77.63893_12.818374,2024-08-01,0.47273254,0.46312833
BiLSTM+Attention,test,77.63893_12.840832,2024-08-01,0.6235705,0.60736036
BiLSTM+Attention,test,77.63893_12.872273,2024-08-01,0.41314304,0.4245729
BiLSTM+Attention,test,77.63893_12.917189,2024-08-01,0.71089697,0.6927049
BiLSTM+Attention,test,77.63893_12.989054,2024-08-01,0.6452103,0.6449007
BiLSTM+Attention,test,77.63893_13.056428,2024-08-01,0.5281736,0.532862
BiLSTM+Attention,test,77.63893_13.078886,2024-08-01,0.4311598,0.4572035
BiLSTM+Attention,test,77.63893_13.083377,2024-08-01,0.40230793,0.43885607
BiLSTM+Attention,test,77.63893_13.1777,2024-08-01,0.45356762,0.46108785
BiLSTM+Attention,test,77.643422_12.795916,2024-08-01,0.48125857,0.46815202
BiLSTM+Attention,test,77.643422_12.800408,2024-08-01,0.48322982,0.47462815
BiLSTM+Attention,test,77.643422_12.809391,2024-08-01,0.50610816,0.49275213
BiLSTM+Attention,test,77.643422_12.867782,2024-08-01,0.4652069,0.47283006
BiLSTM+Attention,test,77.643422_13.002529,2024-08-01,0.5237413,0.5278617
BiLSTM+Attention,test,77.643422_13.038462,2024-08-01,0.5208824,0.54084545
BiLSTM+Attention,test,77.643422_13.164226,2024-08-01,0.5900838,0.5769929
BiLSTM+Attention,test,77.647914_12.688119,2024-08-01,0.73056895,0.69678175
BiLSTM+Attention,test,77.647914_12.881256,2024-08-01,0.49011377,0.4897389
BiLSTM+Attention,test,77.647914_12.935155,2024-08-01,0.65479624,0.64093
BiLSTM+Attention,test,77.647914_13.141768,2024-08-01,0.6700238,0.66933125
BiLSTM+Attention,test,77.647914_13.168717,2024-08-01,0.72331804,0.69674975
BiLSTM+Attention,test,77.652405_12.697102,2024-08-01,0.68921876,0.6683259
BiLSTM+Attention,test,77.652405_12.773459,2024-08-01,0.46272266,0.456841
BiLSTM+Attention,test,77.652405_12.795916,2024-08-01,0.4348443,0.43027362
BiLSTM+Attention,test,77.652405_12.8049,2024-08-01,0.52223444,0.5153439
BiLSTM+Attention,test,77.652405_12.858799,2024-08-01,0.70105255,0.68049496
BiLSTM+Attention,test,77.652405_12.926172,2024-08-01,0.62445015,0.61488646
BiLSTM+Attention,test,77.652405_13.002529,2024-08-01,0.52583295,0.513571
BiLSTM+Attention,test,77.656897_12.742018,2024-08-01,0.5431038,0.5248115
BiLSTM+Attention,test,77.656897_12.746509,2024-08-01,0.5175509,0.50431836
BiLSTM+Attention,test,77.656897_12.791425,2024-08-01,0.4544434,0.44567147
BiLSTM+Attention,test,77.656897_12.800408,2024-08-01,0.5474613,0.531876
BiLSTM+Attention,test,77.656897_12.831849,2024-08-01,0.5719109,0.55537295
BiLSTM+Attention,test,77.656897_12.849815,2024-08-01,0.43089142,0.42121658
BiLSTM+Attention,test,77.656897_12.939647,2024-08-01,0.53120023,0.5486353
BiLSTM+Attention,test,77.656897_13.101344,2024-08-01,0.4729932,0.4793955
BiLSTM+Attention,test,77.656897_13.164226,2024-08-01,0.45030987,0.46473438
BiLSTM+Attention,test,77.656897_13.173209,2024-08-01,0.3873019,0.4284333
BiLSTM+Attention,test,77.661388_12.737526,2024-08-01,0.55435455,0.5398583
BiLSTM+Attention,test,77.661388_12.759984,2024-08-01,0.55619895,0.53347313
BiLSTM+Attention,test,77.661388_13.056428,2024-08-01,0.4576473,0.47907525
BiLSTM+Attention,test,77.661388_13.074394,2024-08-01,0.52722067,0.52914906
BiLSTM+Attention,test,77.661388_13.087869,2024-08-01,0.43890908,0.44461375
BiLSTM+Attention,test,77.661388_13.101344,2024-08-01,0.44911543,0.45915383
BiLSTM+Attention,test,77.661388_13.110327,2024-08-01,0.52296424,0.53046274
BiLSTM+Attention,test,77.661388_13.11931,2024-08-01,0.5939135,0.5934914
BiLSTM+Attention,test,77.66588_12.679136,2024-08-01,0.65914524,0.62072635
BiLSTM+Attention,test,77.66588_12.697102,2024-08-01,0.61970925,0.6033234
BiLSTM+Attention,test,77.66588_12.715068,2024-08-01,0.6406982,0.6054363
BiLSTM+Attention,test,77.66588_12.724051,2024-08-01,0.61606747,0.5837313
BiLSTM+Attention,test,77.66588_12.751001,2024-08-01,0.5018129,0.48163855
BiLSTM+Attention,test,77.66588_12.755492,2024-08-01,0.5620506,0.5434937
BiLSTM+Attention,test,77.66588_12.764475,2024-08-01,0.5487734,0.53601944
BiLSTM+Attention,test,77.66588_12.768967,2024-08-01,0.7038608,0.6794706
BiLSTM+Attention,test,77.66588_12.791425,2024-08-01,0.5957302,0.5751937
BiLSTM+Attention,test,77.66588_12.953122,2024-08-01,0.55643284,0.5630183
BiLSTM+Attention,test,77.66588_13.038462,2024-08-01,0.45760086,0.4848017
BiLSTM+Attention,test,77.66588_13.051936,2024-08-01,0.49408025,0.51204115
BiLSTM+Attention,test,77.66588_13.173209,2024-08-01,0.398914,0.42872253
BiLSTM+Attention,test,77.670371_12.71956,2024-08-01,0.64438146,0.61794174
BiLSTM+Attention,test,77.670371_12.86329,2024-08-01,0.5170545,0.5114684
BiLSTM+Attention,test,77.670371_12.881256,2024-08-01,0.4711756,0.47352418
BiLSTM+Attention,test,77.670371_12.894731,2024-08-01,0.42064264,0.44282588
BiLSTM+Attention,test,77.670371_13.069903,2024-08-01,0.40765682,0.43924752
BiLSTM+Attention,test,77.670371_13.083377,2024-08-01,0.3837739,0.4126709
BiLSTM+Attention,test,77.670371_13.092361,2024-08-01,0.40081182,0.41205063
BiLSTM+Attention,test,77.670371_13.128293,2024-08-01,0.5016795,0.50503784
BiLSTM+Attention,test,77.674863_12.674644,2024-08-01,0.72579515,0.6905648
BiLSTM+Attention,test,77.674863_12.755492,2024-08-01,0.49663347,0.48599425
BiLSTM+Attention,test,77.674863_12.764475,2024-08-01,0.5005566,0.49265912
BiLSTM+Attention,test,77.674863_12.786933,2024-08-01,0.5101448,0.4960494
BiLSTM+Attention,test,77.674863_12.836341,2024-08-01,0.5172102,0.50809056
BiLSTM+Attention,test,77.674863_12.867782,2024-08-01,0.7681983,0.74470687
BiLSTM+Attention,test,77.674863_13.051936,2024-08-01,0.5135139,0.51871765
BiLSTM+Attention,test,77.674863_13.069903,2024-08-01,0.37703294,0.41476405
BiLSTM+Attention,test,77.674863_13.092361,2024-08-01,0.447451,0.45089218
BiLSTM+Attention,test,77.674863_13.105835,2024-08-01,0.49927732,0.49674794
BiLSTM+Attention,test,77.679355_12.697102,2024-08-01,0.521007,0.5074522
BiLSTM+Attention,test,77.679355_12.746509,2024-08-01,0.66970325,0.6521523
BiLSTM+Attention,test,77.679355_12.881256,2024-08-01,0.49022257,0.4894066
BiLSTM+Attention,test,77.679355_12.89024,2024-08-01,0.5075174,0.50811744
BiLSTM+Attention,test,77.679355_12.899223,2024-08-01,0.40731505,0.42990342
BiLSTM+Attention,test,77.679355_13.047445,2024-08-01,0.7546685,0.7415449
BiLSTM+Attention,test,77.679355_13.056428,2024-08-01,0.4708157,0.48294172
BiLSTM+Attention,test,77.679355_13.074394,2024-08-01,0.4377275,0.4625756
BiLSTM+Attention,test,77.679355_13.101344,2024-08-01,0.45324126,0.46391234
BiLSTM+Attention,test,77.679355_13.141768,2024-08-01,0.4963412,0.5043151
BiLSTM+Attention,test,77.679355_13.155243,2024-08-01,0.40645626,0.4263866
BiLSTM+Attention,test,77.679355_13.159734,2024-08-01,0.44371888,0.45891806
BiLSTM+Attention,test,77.683846_12.742018,2024-08-01,0.4986225,0.479421
BiLSTM+Attention,test,77.683846_12.8049,2024-08-01,0.49025264,0.47603035
BiLSTM+Attention,test,77.683846_12.840832,2024-08-01,0.5920419,0.58071464
BiLSTM+Attention,test,77.683846_12.894731,2024-08-01,0.50999105,0.5054759
BiLSTM+Attention,test,77.683846_12.917189,2024-08-01,0.4067524,0.45557693
BiLSTM+Attention,test,77.683846_12.939647,2024-08-01,0.6967396,0.69089913
BiLSTM+Attention,test,77.683846_13.029478,2024-08-01,0.34627485,0.38565934
BiLSTM+Attention,test,77.683846_13.06092,2024-08-01,0.45169437,0.4677417
BiLSTM+Attention,test,77.683846_13.074394,2024-08-01,0.39255574,0.42421675
BiLSTM+Attention,test,77.683846_13.11931,2024-08-01,0.36836508,0.41223505
BiLSTM+Attention,test,77.683846_13.123802,2024-08-01,0.43642423,0.4545558
BiLSTM+Attention,test,77.688338_12.656678,2024-08-01,0.71702003,0.6637267
BiLSTM+Attention,test,77.688338_12.69261,2024-08-01,0.79907787,0.76194775
BiLSTM+Attention,test,77.688338_12.697102,2024-08-01,0.8085953,0.7682797
BiLSTM+Attention,test,77.688338_12.710577,2024-08-01,0.8026755,0.7629613
BiLSTM+Attention,test,77.688338_12.876765,2024-08-01,0.76401275,0.72572327
BiLSTM+Attention,test,77.688338_12.885748,2024-08-01,0.49199572,0.4934469
BiLSTM+Attention,test,77.688338_12.966596,2024-08-01,0.56536573,0.56982344
BiLSTM+Attention,test,77.692829_12.800408,2024-08-01,0.45600703,0.4586754
BiLSTM+Attention,test,77.692829_12.845324,2024-08-01,0.62282914,0.6142352
BiLSTM+Attention,test,77.692829_12.885748,2024-08-01,0.5380292,0.5291277
BiLSTM+Attention,test,77.692829_12.899223,2024-08-01,0.4549432,0.4684419
BiLSTM+Attention,test,77.692829_13.047445,2024-08-01,0.748884,0.71377915
BiLSTM+Attention,test,77.692829_13.06092,2024-08-01,0.5844861,0.57408535
BiLSTM+Attention,test,77.692829_13.065411,2024-08-01,0.55316883,0.5435494
BiLSTM+Attention,test,77.692829_13.083377,2024-08-01,0.39439484,0.42043385
BiLSTM+Attention,test,77.692829_13.096852,2024-08-01,0.40754732,0.42227978
BiLSTM+Attention,test,77.692829_13.132785,2024-08-01,0.3910621,0.41960102
BiLSTM+Attention,test,77.692829_13.155243,2024-08-01,0.3968322,0.41590294
BiLSTM+Attention,test,77.697321_12.697102,2024-08-01,0.8164707,0.76609075
BiLSTM+Attention,test,77.697321_12.773459,2024-08-01,0.4660214,0.46332133
BiLSTM+Attention,test,77.697321_12.791425,2024-08-01,0.556708,0.5424199
BiLSTM+Attention,test,77.697321_12.885748,2024-08-01,0.5385962,0.5299725
BiLSTM+Attention,test,77.697321_12.894731,2024-08-01,0.47101757,0.48542213
BiLSTM+Attention,test,77.697321_12.930664,2024-08-01,0.48858193,0.49716827
BiLSTM+Attention,test,77.697321_12.966596,2024-08-01,0.53302133,0.5406486
BiLSTM+Attention,test,77.697321_13.132785,2024-08-01,0.39837253,0.42263615
BiLSTM+Attention,test,77.697321_13.150751,2024-08-01,0.44474787,0.45452234
BiLSTM+Attention,test,77.697321_13.1777,2024-08-01,0.5660335,0.5718831
BiLSTM+Attention,test,77.701812_12.77795,2024-08-01,0.46845275,0.45686063
BiLSTM+Attention,test,77.701812_12.8049,2024-08-01,0.5499163,0.54057586
BiLSTM+Attention,test,77.701812_12.822866,2024-08-01,0.5104624,0.50861573
BiLSTM+Attention,test,77.701812_12.872273,2024-08-01,0.43953586,0.44835153
BiLSTM+Attention,test,77.701812_12.984563,2024-08-01,0.47262764,0.48896003
BiLSTM+Attention,test,77.701812_13.03397,2024-08-01,0.4217175,0.44265512
BiLSTM+Attention,test,77.701812_13.114818,2024-08-01,0.48808858,0.4978163
BiLSTM+Attention,test,77.706304_12.984563,2024-08-01,0.47375432,0.48993877
BiLSTM+Attention,test,77.706304_13.038462,2024-08-01,0.42371097,0.44732675
BiLSTM+Attention,test,77.706304_13.042953,2024-08-01,0.4882946,0.5097451
BiLSTM+Attention,test,77.706304_13.137276,2024-08-01,0.7456065,0.7247329
BiLSTM+Attention,test,77.710796_12.715068,2024-08-01,0.6150689,0.5901123
BiLSTM+Attention,test,77.710796_12.894731,2024-08-01,0.575972,0.5702646
BiLSTM+Attention,test,77.710796_12.899223,2024-08-01,0.506206,0.4969084
BiLSTM+Attention,test,77.710796_12.912697,2024-08-01,0.42603615,0.44160652
BiLSTM+Attention,test,77.710796_13.03397,2024-08-01,0.43945387,0.46233618
BiLSTM+Attention,test,77.710796_13.11931,2024-08-01,0.429272,0.44720343
BiLSTM+Attention,test,77.710796_13.123802,2024-08-01,0.39593145,0.41584465
BiLSTM+Attention,test,77.710796_13.132785,2024-08-01,0.46324712,0.46941993
BiLSTM+Attention,test,77.710796_13.150751,2024-08-01,0.38941804,0.4115211
BiLSTM+Attention,test,77.710796_13.168717,2024-08-01,0.50456053,0.5063895
BiLSTM+Attention,test,77.710796_13.173209,2024-08-01,0.4939998,0.50000185
BiLSTM+Attention,test,77.715287_12.822866,2024-08-01,0.49602026,0.5049384
BiLSTM+Attention,test,77.715287_12.827358,2024-08-01,0.4520458,0.4621249
BiLSTM+Attention,test,77.715287_12.845324,2024-08-01,0.4011548,0.41418335
BiLSTM+Attention,test,77.715287_12.885748,2024-08-01,0.54851997,0.5423143
BiLSTM+Attention,test,77.715287_12.899223,2024-08-01,0.4082605,0.427686
BiLSTM+Attention,test,77.715287_12.939647,2024-08-01,0.68183386,0.6888105
BiLSTM+Attention,test,77.715287_12.944139,2024-08-01,0.72587895,0.72925025
BiLSTM+Attention,test,77.715287_12.94863,2024-08-01,0.59024334,0.5944085
BiLSTM+Attention,test,77.715287_13.016004,2024-08-01,0.5191037,0.5311739
BiLSTM+Attention,test,77.715287_13.029478,2024-08-01,0.37906706,0.41101384
BiLSTM+Attention,test,77.715287_13.038462,2024-08-01,0.504235,0.5079523
BiLSTM+Attention,test,77.715287_13.051936,2024-08-01,0.5101142,0.5080457
BiLSTM+Attention,test,77.715287_13.056428,2024-08-01,0.41830865,0.43221945
BiLSTM+Attention,test,77.715287_13.096852,2024-08-01,0.3368161,0.3777258
BiLSTM+Attention,test,77.715287_13.114818,2024-08-01,0.5125501,0.51897836
BiLSTM+Attention,test,77.715287_13.128293,2024-08-01,0.46398568,0.4719229
BiLSTM+Attention,test,77.719779_12.706085,2024-08-01,0.6279566,0.60947174
BiLSTM+Attention,test,77.719779_12.795916,2024-08-01,0.47137707,0.46239403
BiLSTM+Attention,test,77.719779_12.840832,2024-08-01,0.5163635,0.506474
BiLSTM+Attention,test,77.719779_12.903714,2024-08-01,0.41065726,0.43273047
BiLSTM+Attention,test,77.719779_13.069903,2024-08-01,0.40319082,0.42260075
BiLSTM+Attention,test,77.719779_13.105835,2024-08-01,0.43340755,0.45252895
BiLSTM+Attention,test,77.719779_13.123802,2024-08-01,0.4160183,0.43594304
BiLSTM+Attention,test,77.719779_13.137276,2024-08-01,0.43885672,0.44845167
BiLSTM+Attention,test,77.719779_13.155243,2024-08-01,0.41311747,0.43148655
BiLSTM+Attention,test,77.72427_12.674644,2024-08-01,0.5364425,0.51456124
BiLSTM+Attention,test,77.72427_12.697102,2024-08-01,0.4887397,0.4747832
BiLSTM+Attention,test,77.72427_12.701593,2024-08-01,0.5226074,0.5073111
BiLSTM+Attention,test,77.72427_12.786933,2024-08-01,0.48152626,0.47633746
BiLSTM+Attention,test,77.72427_12.791425,2024-08-01,0.48914373,0.48102307
BiLSTM+Attention,test,77.72427_12.840832,2024-08-01,0.49309954,0.48864326
BiLSTM+Attention,test,77.72427_12.867782,2024-08-01,0.43146324,0.43731835
BiLSTM+Attention,test,77.72427_12.885748,2024-08-01,0.47295925,0.47137505
BiLSTM+Attention,test,77.72427_13.024987,2024-08-01,0.78529,0.76760375
BiLSTM+Attention,test,77.72427_13.06092,2024-08-01,0.4161416,0.4339495
BiLSTM+Attention,test,77.72427_13.074394,2024-08-01,0.4417011,0.4624497
BiLSTM+Attention,test,77.728762_12.706085,2024-08-01,0.6353113,0.6068379
BiLSTM+Attention,test,77.728762_12.724051,2024-08-01,0.63821286,0.61354613
BiLSTM+Attention,test,77.728762_12.858799,2024-08-01,0.53289896,0.53300315
BiLSTM+Attention,test,77.728762_12.876765,2024-08-01,0.5374888,0.53705233
BiLSTM+Attention,test,77.728762_12.885748,2024-08-01,0.46555635,0.46453115
BiLSTM+Attention,test,77.728762_13.016004,2024-08-01,0.77192706,0.7617525
BiLSTM+Attention,test,77.728762_13.047445,2024-08-01,0.4645076,0.4952974
BiLSTM+Attention,test,77.728762_13.087869,2024-08-01,0.49786025,0.49022856
BiLSTM+Attention,test,77.728762_13.092361,2024-08-01,0.44332615,0.46752128
BiLSTM+Attention,test,77.733253_12.795916,2024-08-01,0.47198027,0.47388375
BiLSTM+Attention,test,77.733253_12.86329,2024-08-01,0.557144,0.5523155
BiLSTM+Attention,test,77.733253_12.872273,2024-08-01,0.55129546,0.54603136
BiLSTM+Attention,test,77.733253_12.998037,2024-08-01,0.609042,0.615809
BiLSTM+Attention,test,77.733253_13.056428,2024-08-01,0.37646836,0.40607968
BiLSTM+Attention,test,77.737745_12.791425,2024-08-01,0.47352347,0.4647502
BiLSTM+Attention,test,77.737745_12.858799,2024-08-01,0.4857489,0.4792321
BiLSTM+Attention,test,77.737745_12.872273,2024-08-01,0.54009134,0.5266227
BiLSTM+Attention,test,77.737745_12.881256,2024-08-01,0.57040393,0.5692821
BiLSTM+Attention,test,77.737745_13.051936,2024-08-01,0.38658366,0.4087309
BiLSTM+Attention,test,77.737745_13.06092,2024-08-01,0.41938487,0.4429902
BiLSTM+Attention,test,77.737745_13.078886,2024-08-01,0.45363048,0.46021935
BiLSTM+Attention,test,77.737745_13.101344,2024-08-01,0.37047824,0.4064149
BiLSTM+Attention,test,77.742237_12.697102,2024-08-01,0.6500951,0.62622356
BiLSTM+Attention,test,77.742237_12.795916,2024-08-01,0.45273438,0.45569775
BiLSTM+Attention,test,77.742237_12.8049,2024-08-01,0.48959303,0.47978774
BiLSTM+Attention,test,77.742237_12.86329,2024-08-01,0.40740734,0.42915732
BiLSTM+Attention,test,77.742237_12.867782,2024-08-01,0.5430793,0.5371634
BiLSTM+Attention,test,77.742237_12.89024,2024-08-01,0.5511888,0.5476589
BiLSTM+Attention,test,77.742237_12.899223,2024-08-01,0.5410833,0.5357915
BiLSTM+Attention,test,77.742237_12.921681,2024-08-01,0.44918928,0.46701238
BiLSTM+Attention,test,77.742237_12.980071,2024-08-01,0.51826787,0.51651335
BiLSTM+Attention,test,77.742237_13.038462,2024-08-01,0.39657944,0.4199424
BiLSTM+Attention,test,77.742237_13.074394,2024-08-01,0.37138215,0.39290136
BiLSTM+Attention,test,77.742237_13.078886,2024-08-01,0.44784412,0.45580903
BiLSTM+Attention,test,77.742237_13.101344,2024-08-01,0.4046766,0.4315544
BiLSTM+Attention,test,77.746728_12.97558,2024-08-01,0.53729093,0.53982514
BiLSTM+Attention,test,77.746728_12.984563,2024-08-01,0.5207706,0.5279624
BiLSTM+Attention,test,77.746728_13.020495,2024-08-01,0.5916665,0.602371
BiLSTM+Attention,test,77.746728_13.024987,2024-08-01,0.49132937,0.49698105
BiLSTM+Attention,test,77.746728_13.038462,2024-08-01,0.4003842,0.43008623
BiLSTM+Attention,test,77.746728_13.06092,2024-08-01,0.34767792,0.38732556
BiLSTM+Attention,test,77.746728_13.083377,2024-08-01,0.4720579,0.46869236
BiLSTM+Attention,test,77.746728_13.092361,2024-08-01,0.4252723,0.45747915
BiLSTM+Attention,test,77.75122_12.768967,2024-08-01,0.43697608,0.4389616
BiLSTM+Attention,test,77.75122_12.894731,2024-08-01,0.46220607,0.4675397
BiLSTM+Attention,test,77.75122_12.993546,2024-08-01,0.45011127,0.46383348
BiLSTM+Attention,test,77.75122_13.020495,2024-08-01,0.516002,0.5187483
BiLSTM+Attention,test,77.75122_13.03397,2024-08-01,0.43391764,0.45920014
BiLSTM+Attention,test,77.75122_13.038462,2024-08-01,0.36182237,0.4013833
BiLSTM+Attention,test,77.755711_12.706085,2024-08-01,0.55916876,0.54285413
BiLSTM+Attention,test,77.755711_12.764475,2024-08-01,0.7899001,0.7535816
BiLSTM+Attention,test,77.755711_12.831849,2024-08-01,0.42391175,0.44217262
BiLSTM+Attention,test,77.755711_12.858799,2024-08-01,0.49833125,0.5015428
BiLSTM+Attention,test,77.755711_12.903714,2024-08-01,0.45474756,0.466814
BiLSTM+Attention,test,77.755711_12.926172,2024-08-01,0.4975487,0.50484204
BiLSTM+Attention,test,77.760203_12.795916,2024-08-01,0.4322995,0.43501213
BiLSTM+Attention,test,77.760203_12.818374,2024-08-01,0.561102,0.5519657
BiLSTM+Attention,test,77.760203_12.867782,2024-08-01,0.434176,0.45228988
BiLSTM+Attention,test,77.760203_12.872273,2024-08-01,0.45904183,0.47202134
BiLSTM+Attention,test,77.760203_12.876765,2024-08-01,0.43296817,0.44393823
BiLSTM+Attention,test,77.760203_12.885748,2024-08-01,0.45535573,0.4723332
BiLSTM+Attention,test,77.760203_12.984563,2024-08-01,0.50972277,0.5200155
BiLSTM+Attention,test,77.764695_12.813883,2024-08-01,0.4984925,0.49892923
BiLSTM+Attention,test,77.764695_12.849815,2024-08-01,0.4700494,0.47452047
BiLSTM+Attention,test,77.764695_12.885748,2024-08-01,0.47521833,0.48351398
BiLSTM+Attention,test,77.764695_12.912697,2024-08-01,0.4917708,0.50474644
BiLSTM+Attention,test,77.764695_13.03397,2024-08-01,0.36777392,0.39610377
BiLSTM+Attention,test,77.769186_12.876765,2024-08-01,0.4951641,0.5015816
BiLSTM+Attention,test,77.769186_12.894731,2024-08-01,0.4617474,0.4759754
BiLSTM+Attention,test,77.769186_13.016004,2024-08-01,0.43345585,0.4563174
BiLSTM+Attention,test,77.773678_12.858799,2024-08-01,0.44335508,0.44576123
BiLSTM+Attention,test,77.773678_12.885748,2024-08-01,0.46420065,0.4757285
BiLSTM+Attention,test,77.773678_12.899223,2024-08-01,0.42291644,0.43523318
BiLSTM+Attention,test,77.773678_12.908206,2024-08-01,0.47260505,0.48593137
BiLSTM+Attention,test,77.778169_12.809391,2024-08-01,0.43081757,0.4413263
BiLSTM+Attention,test,77.778169_12.885748,2024-08-01,0.48488128,0.4952902
BiLSTM+Attention,test,77.782661_12.89024,2024-08-01,0.47446358,0.48706535
BiLSTM+Attention,test,77.787152_12.849815,2024-08-01,0.45212802,0.4609431
BiLSTM+Attention,test,77.791644_12.8049,2024-08-01,0.46879372,0.4754049
BiLSTM+Attention,test,77.791644_12.899223,2024-08-01,0.43232557,0.45162717
BiLSTM+Attention,test,77.796136_12.854307,2024-08-01,0.43466645,0.4411757
BiLSTM+Attention,test,77.796136_12.885748,2024-08-01,0.48234826,0.49846986
BiLSTM+Attention,test,77.800627_12.876765,2024-08-01,0.49397987,0.5000073
BiLSTM+Attention,test,77.800627_12.885748,2024-08-01,0.44162992,0.46392044
BiLSTM+Attention,test,77.805119_12.876765,2024-08-01,0.5051932,0.5110207
BiLSTM+Attention,test,77.805119_12.89024,2024-08-01,0.47045273,0.48161927
BiLSTM+Attention,test,77.329012_12.944139,2024-09-01,0.4765203,0.46461204
BiLSTM+Attention,test,77.329012_12.962105,2024-09-01,0.7374009,0.7329552
BiLSTM+Attention,test,77.337995_12.921681,2024-09-01,0.6905771,0.6717627
BiLSTM+Attention,test,77.342486_12.926172,2024-09-01,0.7531625,0.72487533
BiLSTM+Attention,test,77.342486_12.935155,2024-09-01,0.7826244,0.7480159
BiLSTM+Attention,test,77.342486_12.944139,2024-09-01,0.72418416,0.69699144
BiLSTM+Attention,test,77.346978_12.86329,2024-09-01,0.5725343,0.57711494
BiLSTM+Attention,test,77.346978_12.962105,2024-09-01,0.52666265,0.5282046
BiLSTM+Attention,test,77.351469_12.89024,2024-09-01,0.5710889,0.56655407
BiLSTM+Attention,test,77.351469_12.930664,2024-09-01,0.7565117,0.7413726
BiLSTM+Attention,test,77.351469_12.939647,2024-09-01,0.75979984,0.7388326
BiLSTM+Attention,test,77.355961_12.899223,2024-09-01,0.5700682,0.55567783
BiLSTM+Attention,test,77.355961_12.94863,2024-09-01,0.47935423,0.45402986
BiLSTM+Attention,test,77.355961_12.962105,2024-09-01,0.7737729,0.7382217
BiLSTM+Attention,test,77.360453_12.867782,2024-09-01,0.41112778,0.41181138
BiLSTM+Attention,test,77.360453_12.908206,2024-09-01,0.5773057,0.57418925
BiLSTM+Attention,test,77.360453_12.926172,2024-09-01,0.75704753,0.75458074
BiLSTM+Attention,test,77.364944_12.854307,2024-09-01,0.44603306,0.4380557
BiLSTM+Attention,test,77.364944_12.962105,2024-09-01,0.4531214,0.4421043
BiLSTM+Attention,test,77.369436_12.881256,2024-09-01,0.4579891,0.45413774
BiLSTM+Attention,test,77.369436_12.89024,2024-09-01,0.43829754,0.43504462
BiLSTM+Attention,test,77.369436_12.935155,2024-09-01,0.41094851,0.39973494
BiLSTM+Attention,test,77.369436_12.998037,2024-09-01,0.4076375,0.42699483
BiLSTM+Attention,test,77.369436_13.007021,2024-09-01,0.50052464,0.48526332
BiLSTM+Attention,test,77.373927_12.912697,2024-09-01,0.5779058,0.5785804
BiLSTM+Attention,test,77.373927_12.971088,2024-09-01,0.44851196,0.4512217
BiLSTM+Attention,test,77.373927_13.011512,2024-09-01,0.4566683,0.44005474
BiLSTM+Attention,test,77.373927_13.016004,2024-09-01,0.4575822,0.444478
BiLSTM+Attention,test,77.378419_12.966596,2024-09-01,0.45408323,0.43953606
BiLSTM+Attention,test,77.382911_12.894731,2024-09-01,0.49989954,0.49220172
BiLSTM+Attention,test,77.382911_12.953122,2024-09-01,0.43300956,0.43604255
BiLSTM+Attention,test,77.382911_12.957613,2024-09-01,0.44545025,0.44114536
BiLSTM+Attention,test,77.387402_12.962105,2024-09-01,0.40623537,0.42072675
BiLSTM+Attention,test,77.387402_12.97558,2024-09-01,0.4880073,0.4752961
BiLSTM+Attention,test,77.387402_12.980071,2024-09-01,0.48276544,0.4700315
BiLSTM+Attention,test,77.391894_12.867782,2024-09-01,0.5137524,0.5038648
BiLSTM+Attention,test,77.391894_12.881256,2024-09-01,0.46831286,0.47520152
BiLSTM+Attention,test,77.391894_12.885748,2024-09-01,0.51092017,0.5101398
BiLSTM+Attention,test,77.396385_12.894731,2024-09-01,0.5035293,0.49626142
BiLSTM+Attention,test,77.396385_12.908206,2024-09-01,0.4401798,0.43028903
BiLSTM+Attention,test,77.396385_12.944139,2024-09-01,0.49514836,0.4889402
BiLSTM+Attention,test,77.396385_12.971088,2024-09-01,0.42113727,0.42242798
BiLSTM+Attention,test,77.396385_12.97558,2024-09-01,0.4017461,0.39575347
BiLSTM+Attention,test,77.396385_13.029478,2024-09-01,0.38639784,0.38775364
BiLSTM+Attention,test,77.400877_12.957613,2024-09-01,0.43468165,0.4295058
BiLSTM+Attention,test,77.400877_12.966596,2024-09-01,0.37088698,0.38611898
BiLSTM+Attention,test,77.400877_13.029478,2024-09-01,0.36353818,0.36055878
BiLSTM+Attention,test,77.405368_12.881256,2024-09-01,0.412394,0.40638557
BiLSTM+Attention,test,77.405368_12.89024,2024-09-01,0.41245738,0.4112477
BiLSTM+Attention,test,77.405368_12.930664,2024-09-01,0.53592974,0.53382874
BiLSTM+Attention,test,77.405368_12.998037,2024-09-01,0.43969142,0.43919572
BiLSTM+Attention,test,77.405368_13.105835,2024-09-01,0.42141494,0.4248615
BiLSTM+Attention,test,77.405368_13.11931,2024-09-01,0.3943532,0.3993111
BiLSTM+Attention,test,77.40986_12.872273,2024-09-01,0.39172837,0.38404223
BiLSTM+Attention,test,77.40986_12.881256,2024-09-01,0.35110196,0.34766063
BiLSTM+Attention,test,77.40986_12.962105,2024-09-01,0.467694,0.46770516
BiLSTM+Attention,test,77.414352_12.930664,2024-09-01,0.4747503,0.466522
BiLSTM+Attention,test,77.414352_12.989054,2024-09-01,0.3738378,0.38994238
BiLSTM+Attention,test,77.414352_12.993546,2024-09-01,0.40460086,0.4163552
BiLSTM+Attention,test,77.414352_13.03397,2024-09-01,0.39360034,0.40952143
BiLSTM+Attention,test,77.414352_13.11931,2024-09-01,0.3945066,0.42306945
BiLSTM+Attention,test,77.418843_12.876765,2024-09-01,0.3814352,0.38783073
BiLSTM+Attention,test,77.418843_12.89024,2024-09-01,0.41700253,0.41835073
BiLSTM+Attention,test,77.418843_12.94863,2024-09-01,0.45644817,0.4488016
BiLSTM+Attention,test,77.418843_12.971088,2024-09-01,0.39491197,0.4106919
BiLSTM+Attention,test,77.418843_12.993546,2024-09-01,0.42453262,0.4252502
BiLSTM+Attention,test,77.418843_13.016004,2024-09-01,0.39380127,0.39625028
BiLSTM+Attention,test,77.418843_13.024987,2024-09-01,0.4076209,0.41155824
BiLSTM+Attention,test,77.418843_13.029478,2024-09-01,0.41905963,0.42081967
BiLSTM+Attention,test,77.418843_13.146259,2024-09-01,0.3489685,0.37793368
BiLSTM+Attention,test,77.423335_12.876765,2024-09-01,0.41568118,0.41317856
BiLSTM+Attention,test,77.423335_12.921681,2024-09-01,0.45359528,0.44661614
BiLSTM+Attention,test,77.423335_12.930664,2024-09-01,0.45086092,0.4417601
BiLSTM+Attention,test,77.423335_13.002529,2024-09-01,0.5114132,0.5045737
BiLSTM+Attention,test,77.423335_13.092361,2024-09-01,0.3428014,0.34172782
BiLSTM+Attention,test,77.423335_13.141768,2024-09-01,0.4358001,0.44490817
BiLSTM+Attention,test,77.423335_13.150751,2024-09-01,0.34716126,0.37348422
BiLSTM+Attention,test,77.427826_12.845324,2024-09-01,0.3351206,0.3216618
BiLSTM+Attention,test,77.427826_12.858799,2024-09-01,0.38062674,0.37113175
BiLSTM+Attention,test,77.427826_12.930664,2024-09-01,0.4533433,0.4566278
BiLSTM+Attention,test,77.427826_12.939647,2024-09-01,0.38215804,0.38503444
BiLSTM+Attention,test,77.427826_12.944139,2024-09-01,0.37630117,0.38047734
BiLSTM+Attention,test,77.427826_13.020495,2024-09-01,0.38290817,0.3854386
BiLSTM+Attention,test,77.427826_13.024987,2024-09-01,0.40319532,0.41633034
BiLSTM+Attention,test,77.427826_13.132785,2024-09-01,0.50539684,0.5127965
BiLSTM+Attention,test,77.432318_12.858799,2024-09-01,0.4002212,0.39995864
BiLSTM+Attention,test,77.432318_12.86329,2024-09-01,0.39923328,0.4008952
BiLSTM+Attention,test,77.432318_12.867782,2024-09-01,0.41555893,0.40714893
BiLSTM+Attention,test,77.432318_12.881256,2024-09-01,0.44326746,0.43635103
BiLSTM+Attention,test,77.432318_12.885748,2024-09-01,0.5609973,0.5517295
BiLSTM+Attention,test,77.432318_12.957613,2024-09-01,0.40048447,0.41778493
BiLSTM+Attention,test,77.432318_12.998037,2024-09-01,0.36931458,0.38286132
BiLSTM+Attention,test,77.432318_13.087869,2024-09-01,0.4583564,0.46014255
BiLSTM+Attention,test,77.436809_12.818374,2024-09-01,0.5497023,0.52048457
BiLSTM+Attention,test,77.436809_12.840832,2024-09-01,0.45607424,0.46362358
BiLSTM+Attention,test,77.436809_12.854307,2024-09-01,0.41053146,0.40261734
BiLSTM+Attention,test,77.436809_12.912697,2024-09-01,0.5500233,0.54901564
BiLSTM+Attention,test,77.436809_12.926172,2024-09-01,0.46123293,0.4546033
BiLSTM+Attention,test,77.436809_12.944139,2024-09-01,0.40146127,0.41783845
BiLSTM+Attention,test,77.436809_13.03397,2024-09-01,0.40035102,0.4089578
BiLSTM+Attention,test,77.441301_12.818374,2024-09-01,0.5407908,0.525931
BiLSTM+Attention,test,77.441301_12.831849,2024-09-01,0.45184848,0.442705
BiLSTM+Attention,test,77.441301_12.836341,2024-09-01,0.47676396,0.46109018
BiLSTM+Attention,test,77.441301_12.840832,2024-09-01,0.4603361,0.45612752
BiLSTM+Attention,test,77.441301_12.944139,2024-09-01,0.47393125,0.48097125
BiLSTM+Attention,test,77.441301_12.94863,2024-09-01,0.43929175,0.45219672
BiLSTM+Attention,test,77.441301_13.056428,2024-09-01,0.38072103,0.40251908
BiLSTM+Attention,test,77.441301_13.069903,2024-09-01,0.41135895,0.42137346
BiLSTM+Attention,test,77.441301_13.083377,2024-09-01,0.46098876,0.4689703
BiLSTM+Attention,test,77.441301_13.110327,2024-09-01,0.41201952,0.44208458
BiLSTM+Attention,test,77.445793_12.840832,2024-09-01,0.5356093,0.5120074
BiLSTM+Attention,test,77.445793_12.86329,2024-09-01,0.57517755,0.5579128
BiLSTM+Attention,test,77.445793_12.867782,2024-09-01,0.55707294,0.543006
BiLSTM+Attention,test,77.445793_12.912697,2024-09-01,0.4286245,0.4346797
BiLSTM+Attention,test,77.445793_12.957613,2024-09-01,0.4689435,0.46903774
BiLSTM+Attention,test,77.445793_12.984563,2024-09-01,0.43848917,0.45229366
BiLSTM+Attention,test,77.450284_12.809391,2024-09-01,0.480788,0.46834043
BiLSTM+Attention,test,77.450284_12.872273,2024-09-01,0.52219313,0.516857
BiLSTM+Attention,test,77.450284_12.993546,2024-09-01,0.336807,0.3460123
BiLSTM+Attention,test,77.450284_13.029478,2024-09-01,0.42906678,0.43944225
BiLSTM+Attention,test,77.450284_13.047445,2024-09-01,0.40762264,0.42482647
BiLSTM+Attention,test,77.450284_13.146259,2024-09-01,0.5316035,0.52347356
BiLSTM+Attention,test,77.454776_12.809391,2024-09-01,0.47132188,0.45353886
BiLSTM+Attention,test,77.454776_12.885748,2024-09-01,0.48492903,0.47808293
BiLSTM+Attention,test,77.454776_12.980071,2024-09-01,0.38107777,0.38595083
BiLSTM+Attention,test,77.454776_12.993546,2024-09-01,0.38179085,0.39430135
BiLSTM+Attention,test,77.454776_13.078886,2024-09-01,0.41824228,0.43678808
BiLSTM+Attention,test,77.454776_13.087869,2024-09-01,0.3991539,0.41454977
BiLSTM+Attention,test,77.454776_13.114818,2024-09-01,0.5082952,0.50611544
BiLSTM+Attention,test,77.454776_13.141768,2024-09-01,0.514756,0.5166156
BiLSTM+Attention,test,77.459267_12.8049,2024-09-01,0.61465585,0.595792
BiLSTM+Attention,test,77.459267_12.822866,2024-09-01,0.49052313,0.48567972
BiLSTM+Attention,test,77.459267_12.845324,2024-09-01,0.5073009,0.5012056
BiLSTM+Attention,test,77.459267_12.926172,2024-09-01,0.4641015,0.46123007
BiLSTM+Attention,test,77.459267_12.97558,2024-09-01,0.38564694,0.401537
BiLSTM+Attention,test,77.459267_13.016004,2024-09-01,0.3905031,0.394573
BiLSTM+Attention,test,77.459267_13.020495,2024-09-01,0.365322,0.36743888
BiLSTM+Attention,test,77.459267_13.11931,2024-09-01,0.46322122,0.45956722
BiLSTM+Attention,test,77.463759_12.813883,2024-09-01,0.4586885,0.46505502
BiLSTM+Attention,test,77.463759_12.836341,2024-09-01,0.5161388,0.49841043
BiLSTM+Attention,test,77.463759_12.86329,2024-09-01,0.54496276,0.53938955
BiLSTM+Attention,test,77.463759_12.867782,2024-09-01,0.518475,0.5191834
BiLSTM+Attention,test,77.463759_12.872273,2024-09-01,0.47539055,0.47872293
BiLSTM+Attention,test,77.463759_12.885748,2024-09-01,0.58039576,0.5748191
BiLSTM+Attention,test,77.463759_12.894731,2024-09-01,0.46757656,0.4626318
BiLSTM+Attention,test,77.463759_12.899223,2024-09-01,0.4907972,0.48958337
BiLSTM+Attention,test,77.463759_12.917189,2024-09-01,0.4168845,0.42474434
BiLSTM+Attention,test,77.463759_12.953122,2024-09-01,0.74409425,0.74378425
BiLSTM+Attention,test,77.463759_13.078886,2024-09-01,0.5275798,0.52524126
BiLSTM+Attention,test,77.46825_12.827358,2024-09-01,0.41803935,0.41979477
BiLSTM+Attention,test,77.46825_12.836341,2024-09-01,0.54112726,0.5077146
BiLSTM+Attention,test,77.46825_12.894731,2024-09-01,0.4325522,0.43230298
BiLSTM+Attention,test,77.46825_12.94863,2024-09-01,0.50635767,0.518664
BiLSTM+Attention,test,77.46825_12.953122,2024-09-01,0.4281338,0.44373748
BiLSTM+Attention,test,77.46825_12.966596,2024-09-01,0.44332698,0.4570714
BiLSTM+Attention,test,77.46825_13.007021,2024-09-01,0.36766738,0.38270107
BiLSTM+Attention,test,77.46825_13.020495,2024-09-01,0.45273694,0.4610458
BiLSTM+Attention,test,77.46825_13.114818,2024-09-01,0.48717108,0.50157505
BiLSTM+Attention,test,77.46825_13.150751,2024-09-01,0.41012865,0.4212565
BiLSTM+Attention,test,77.46825_13.1777,2024-09-01,0.4667883,0.48082086
BiLSTM+Attention,test,77.472742_12.746509,2024-09-01,0.5684295,0.5673635
BiLSTM+Attention,test,77.472742_12.751001,2024-09-01,0.5217083,0.5149307
BiLSTM+Attention,test,77.472742_12.755492,2024-09-01,0.5405493,0.52489746
BiLSTM+Attention,test,77.472742_12.795916,2024-09-01,0.5129055,0.4977913
BiLSTM+Attention,test,77.472742_12.836341,2024-09-01,0.5116571,0.4909165
BiLSTM+Attention,test,77.472742_12.984563,2024-09-01,0.42480755,0.44729057
BiLSTM+Attention,test,77.472742_13.087869,2024-09-01,0.45029882,0.4552113
BiLSTM+Attention,test,77.477234_12.764475,2024-09-01,0.52373403,0.5095351
BiLSTM+Attention,test,77.477234_12.782442,2024-09-01,0.48947266,0.48178837
BiLSTM+Attention,test,77.477234_12.840832,2024-09-01,0.51577073,0.5065321
BiLSTM+Attention,test,77.477234_12.899223,2024-09-01,0.4129665,0.42231777
BiLSTM+Attention,test,77.477234_12.935155,2024-09-01,0.56847477,0.56309974
BiLSTM+Attention,test,77.477234_12.94863,2024-09-01,0.4923961,0.50296265
BiLSTM+Attention,test,77.477234_12.971088,2024-09-01,0.49201864,0.5016331
BiLSTM+Attention,test,77.477234_13.002529,2024-09-01,0.36951524,0.3793548
BiLSTM+Attention,test,77.477234_13.056428,2024-09-01,0.42592362,0.4409171
BiLSTM+Attention,test,77.481725_12.737526,2024-09-01,0.51332617,0.507156
BiLSTM+Attention,test,77.481725_12.768967,2024-09-01,0.53761494,0.5259578
BiLSTM+Attention,test,77.481725_12.831849,2024-09-01,0.45045158,0.4559782
BiLSTM+Attention,test,77.481725_12.89024,2024-09-01,0.5199587,0.511362
BiLSTM+Attention,test,77.481725_12.894731,2024-09-01,0.46796736,0.4683682
BiLSTM+Attention,test,77.481725_12.971088,2024-09-01,0.39747283,0.41819355
BiLSTM+Attention,test,77.481725_13.024987,2024-09-01,0.44712213,0.4662313
BiLSTM+Attention,test,77.481725_13.137276,2024-09-01,0.7398145,0.73528355
BiLSTM+Attention,test,77.486217_12.764475,2024-09-01,0.51174307,0.49766225
BiLSTM+Attention,test,77.486217_12.872273,2024-09-01,0.4826468,0.47929183
BiLSTM+Attention,test,77.486217_12.939647,2024-09-01,0.49595687,0.5054579
BiLSTM+Attention,test,77.486217_12.998037,2024-09-01,0.41525105,0.44445142
BiLSTM+Attention,test,77.486217_13.042953,2024-09-01,0.5058629,0.5166736
BiLSTM+Attention,test,77.486217_13.06092,2024-09-01,0.5290195,0.53142625
BiLSTM+Attention,test,77.486217_13.114818,2024-09-01,0.486333,0.49650744
BiLSTM+Attention,test,77.486217_13.11931,2024-09-01,0.5012091,0.5097504
BiLSTM+Attention,test,77.490708_12.768967,2024-09-01,0.50327784,0.5023703
BiLSTM+Attention,test,77.490708_12.8049,2024-09-01,0.51759636,0.51983184
BiLSTM+Attention,test,77.490708_12.849815,2024-09-01,0.50843805,0.50626767
BiLSTM+Attention,test,77.490708_12.89024,2024-09-01,0.47738296,0.46560934
BiLSTM+Attention,test,77.490708_13.051936,2024-09-01,0.5982775,0.5976585
BiLSTM+Attention,test,77.490708_13.087869,2024-09-01,0.53391767,0.5372258
BiLSTM+Attention,test,77.490708_13.182192,2024-09-01,0.46846378,0.46621627
BiLSTM+Attention,test,77.490708_13.209142,2024-09-01,0.40885937,0.43841758
BiLSTM+Attention,test,77.4952_12.786933,2024-09-01,0.46417132,0.4664783
BiLSTM+Attention,test,77.4952_12.836341,2024-09-01,0.4731647,0.47703966
BiLSTM+Attention,test,77.4952_12.899223,2024-09-01,0.5420581,0.53907967
BiLSTM+Attention,test,77.4952_12.962105,2024-09-01,0.53981227,0.5505705
BiLSTM+Attention,test,77.4952_13.020495,2024-09-01,0.48523632,0.5046647
BiLSTM+Attention,test,77.4952_13.024987,2024-09-01,0.5018964,0.509306
BiLSTM+Attention,test,77.4952_13.03397,2024-09-01,0.5734056,0.58704597
BiLSTM+Attention,test,77.4952_13.087869,2024-09-01,0.47328645,0.4898167
BiLSTM+Attention,test,77.4952_13.182192,2024-09-01,0.4665857,0.47954598
BiLSTM+Attention,test,77.499692_12.755492,2024-09-01,0.59252363,0.5959587
BiLSTM+Attention,test,77.499692_12.858799,2024-09-01,0.6336018,0.606091
BiLSTM+Attention,test,77.499692_12.899223,2024-09-01,0.5204621,0.5059597
BiLSTM+Attention,test,77.499692_12.984563,2024-09-01,0.5083228,0.50503075
BiLSTM+Attention,test,77.499692_13.114818,2024-09-01,0.50763065,0.52249074
BiLSTM+Attention,test,77.499692_13.137276,2024-09-01,0.45447764,0.47569
BiLSTM+Attention,test,77.499692_13.168717,2024-09-01,0.46641356,0.48229757
BiLSTM+Attention,test,77.504183_12.764475,2024-09-01,0.56061107,0.5567009
BiLSTM+Attention,test,77.504183_12.786933,2024-09-01,0.5448378,0.53132224
BiLSTM+Attention,test,77.504183_12.818374,2024-09-01,0.53039724,0.52243984
BiLSTM+Attention,test,77.504183_12.854307,2024-09-01,0.5310915,0.49527046
BiLSTM+Attention,test,77.504183_12.858799,2024-09-01,0.6388226,0.6074585
BiLSTM+Attention,test,77.504183_13.083377,2024-09-01,0.58400977,0.5976363
BiLSTM+Attention,test,77.504183_13.141768,2024-09-01,0.4915938,0.5088962
BiLSTM+Attention,test,77.504183_13.159734,2024-09-01,0.52602214,0.5338297
BiLSTM+Attention,test,77.504183_13.195667,2024-09-01,0.39357635,0.42897016
BiLSTM+Attention,test,77.508675_12.751001,2024-09-01,0.64717764,0.63573134
BiLSTM+Attention,test,77.508675_12.795916,2024-09-01,0.5617808,0.5548125
BiLSTM+Attention,test,77.508675_12.831849,2024-09-01,0.5400956,0.5342832
BiLSTM+Attention,test,77.508675_12.836341,2024-09-01,0.58062667,0.57812715
BiLSTM+Attention,test,77.508675_12.845324,2024-09-01,0.5418398,0.54199606
BiLSTM+Attention,test,77.508675_12.912697,2024-09-01,0.4798547,0.49230275
BiLSTM+Attention,test,77.508675_13.114818,2024-09-01,0.44086242,0.4569752
BiLSTM+Attention,test,77.508675_13.137276,2024-09-01,0.44327644,0.45970437
BiLSTM+Attention,test,77.508675_13.159734,2024-09-01,0.53571546,0.5491147
BiLSTM+Attention,test,77.508675_13.191175,2024-09-01,0.39432347,0.42262462
BiLSTM+Attention,test,77.513166_12.746509,2024-09-01,0.76601535,0.750857
BiLSTM+Attention,test,77.513166_12.764475,2024-09-01,0.5238957,0.524757
BiLSTM+Attention,test,77.513166_12.77795,2024-09-01,0.6249439,0.62006384
BiLSTM+Attention,test,77.513166_12.822866,2024-09-01,0.6219499,0.6317373
BiLSTM+Attention,test,77.513166_13.087869,2024-09-01,0.57316244,0.58854896
BiLSTM+Attention,test,77.513166_13.137276,2024-09-01,0.4078477,0.42697468
BiLSTM+Attention,test,77.513166_13.1777,2024-09-01,0.43805665,0.44803596
BiLSTM+Attention,test,77.517658_12.764475,2024-09-01,0.60012734,0.5975012
BiLSTM+Attention,test,77.517658_12.77795,2024-09-01,0.5835332,0.58520275
BiLSTM+Attention,test,77.517658_12.782442,2024-09-01,0.58640456,0.58713484
BiLSTM+Attention,test,77.517658_12.795916,2024-09-01,0.57036334,0.5637817
BiLSTM+Attention,test,77.517658_12.827358,2024-09-01,0.5298831,0.5418626
BiLSTM+Attention,test,77.517658_12.849815,2024-09-01,0.5022383,0.5039682
BiLSTM+Attention,test,77.517658_12.885748,2024-09-01,0.53566635,0.5233045
BiLSTM+Attention,test,77.517658_12.89024,2024-09-01,0.51965714,0.5013173
BiLSTM+Attention,test,77.517658_12.899223,2024-09-01,0.5375605,0.5185541
BiLSTM+Attention,test,77.517658_12.998037,2024-09-01,0.5716302,0.5903825
BiLSTM+Attention,test,77.517658_13.11931,2024-09-01,0.3711862,0.41095576
BiLSTM+Attention,test,77.517658_13.182192,2024-09-01,0.43264014,0.45450696
BiLSTM+Attention,test,77.517658_13.186684,2024-09-01,0.45210046,0.47593138
BiLSTM+Attention,test,77.517658_13.191175,2024-09-01,0.40372786,0.43421844
BiLSTM+Attention,test,77.522149_12.751001,2024-09-01,0.6813953,0.6738992
BiLSTM+Attention,test,77.522149_12.755492,2024-09-01,0.63182914,0.6371691
BiLSTM+Attention,test,77.522149_12.759984,2024-09-01,0.6669319,0.6683106
BiLSTM+Attention,test,77.522149_12.782442,2024-09-01,0.61484885,0.611945
BiLSTM+Attention,test,77.522149_12.809391,2024-09-01,0.7709156,0.7661047
BiLSTM+Attention,test,77.522149_12.813883,2024-09-01,0.49752757,0.4982763
BiLSTM+Attention,test,77.522149_12.818374,2024-09-01,0.46532565,0.47692248
BiLSTM+Attention,test,77.522149_12.836341,2024-09-01,0.5382614,0.5303084
BiLSTM+Attention,test,77.522149_12.845324,2024-09-01,0.5370486,0.536697
BiLSTM+Attention,test,77.522149_13.056428,2024-09-01,0.6547849,0.64409226
BiLSTM+Attention,test,77.522149_13.146259,2024-09-01,0.37067977,0.4016839
BiLSTM+Attention,test,77.522149_13.200158,2024-09-01,0.47594348,0.48868224
BiLSTM+Attention,test,77.526641_12.751001,2024-09-01,0.6531001,0.6566987
BiLSTM+Attention,test,77.526641_12.840832,2024-09-01,0.61321217,0.6047231
BiLSTM+Attention,test,77.526641_12.89024,2024-09-01,0.65252393,0.63721704
BiLSTM+Attention,test,77.526641_12.899223,2024-09-01,0.59044516,0.58211887
BiLSTM+Attention,test,77.526641_13.105835,2024-09-01,0.42065525,0.44356373
BiLSTM+Attention,test,77.526641_13.110327,2024-09-01,0.40205202,0.42687908
BiLSTM+Attention,test,77.531133_12.791425,2024-09-01,0.550818,0.5387035
BiLSTM+Attention,test,77.531133_12.795916,2024-09-01,0.5816596,0.58145964
BiLSTM+Attention,test,77.531133_12.800408,2024-09-01,0.56291825,0.56839967
BiLSTM+Attention,test,77.531133_12.822866,2024-09-01,0.5199797,0.5229539
BiLSTM+Attention,test,77.531133_12.827358,2024-09-01,0.5429555,0.5498794
BiLSTM+Attention,test,77.531133_12.894731,2024-09-01,0.5133446,0.5112442
BiLSTM+Attention,test,77.531133_13.114818,2024-09-01,0.42190278,0.43726662
BiLSTM+Attention,test,77.531133_13.195667,2024-09-01,0.50371,0.5105874
BiLSTM+Attention,test,77.535624_12.77795,2024-09-01,0.7507337,0.74474746
BiLSTM+Attention,test,77.535624_12.822866,2024-09-01,0.6580734,0.6712561
BiLSTM+Attention,test,77.535624_12.872273,2024-09-01,0.42757085,0.43212113
BiLSTM+Attention,test,77.535624_12.899223,2024-09-01,0.47448534,0.4791351
BiLSTM+Attention,test,77.535624_13.069903,2024-09-01,0.70497847,0.7051395
BiLSTM+Attention,test,77.535624_13.096852,2024-09-01,0.47047633,0.47613677
BiLSTM+Attention,test,77.535624_13.114818,2024-09-01,0.46113086,0.4700835
BiLSTM+Attention,test,77.535624_13.132785,2024-09-01,0.48706004,0.48922506
BiLSTM+Attention,test,77.535624_13.137276,2024-09-01,0.40023714,0.42198372
BiLSTM+Attention,test,77.535624_13.195667,2024-09-01,0.4068231,0.43461284
BiLSTM+Attention,test,77.540116_12.77795,2024-09-01,0.58439165,0.5850533
BiLSTM+Attention,test,77.540116_12.795916,2024-09-01,0.6120467,0.6084885
BiLSTM+Attention,test,77.540116_13.042953,2024-09-01,0.59410065,0.57689804
BiLSTM+Attention,test,77.540116_13.074394,2024-09-01,0.6068447,0.61462265
BiLSTM+Attention,test,77.540116_13.092361,2024-09-01,0.42713317,0.43933728
BiLSTM+Attention,test,77.540116_13.101344,2024-09-01,0.41834378,0.4337062
BiLSTM+Attention,test,77.540116_13.105835,2024-09-01,0.43943426,0.45809257
BiLSTM+Attention,test,77.540116_13.132785,2024-09-01,0.44590414,0.46669242
BiLSTM+Attention,test,77.540116_13.155243,2024-09-01,0.50003225,0.5144472
BiLSTM+Attention,test,77.540116_13.182192,2024-09-01,0.4156516,0.43805674
BiLSTM+Attention,test,77.544607_12.831849,2024-09-01,0.7227911,0.7280666
BiLSTM+Attention,test,77.549099_12.822866,2024-09-01,0.7473947,0.74819505
BiLSTM+Attention,test,77.549099_12.831849,2024-09-01,0.6257141,0.6382057
BiLSTM+Attention,test,77.549099_12.836341,2024-09-01,0.6001387,0.60554546
BiLSTM+Attention,test,77.549099_12.845324,2024-09-01,0.606571,0.61952853
BiLSTM+Attention,test,77.549099_12.894731,2024-09-01,0.6224396,0.62123984
BiLSTM+Attention,test,77.549099_13.096852,2024-09-01,0.49747917,0.52002954
BiLSTM+Attention,test,77.549099_13.132785,2024-09-01,0.63324386,0.6434103
BiLSTM+Attention,test,77.55359_12.71956,2024-09-01,0.74583757,0.7556428
BiLSTM+Attention,test,77.55359_12.782442,2024-09-01,0.691269,0.6835149
BiLSTM+Attention,test,77.55359_12.849815,2024-09-01,0.5974404,0.6028161
BiLSTM+Attention,test,77.55359_13.069903,2024-09-01,0.73064494,0.7281349
BiLSTM+Attention,test,77.55359_13.101344,2024-09-01,0.41775662,0.44638327
BiLSTM+Attention,test,77.55359_13.110327,2024-09-01,0.50454074,0.50338924
BiLSTM+Attention,test,77.55359_13.128293,2024-09-01,0.59726334,0.61766964
BiLSTM+Attention,test,77.558082_12.710577,2024-09-01,0.7878442,0.7743092
BiLSTM+Attention,test,77.558082_12.827358,2024-09-01,0.69764745,0.6931048
BiLSTM+Attention,test,77.558082_12.845324,2024-09-01,0.67045915,0.67597234
BiLSTM+Attention,test,77.558082_13.042953,2024-09-01,0.66160905,0.65930855
BiLSTM+Attention,test,77.558082_13.051936,2024-09-01,0.70925295,0.7008792
BiLSTM+Attention,test,77.558082_13.110327,2024-09-01,0.5220807,0.5236616
BiLSTM+Attention,test,77.558082_13.168717,2024-09-01,0.4962849,0.5156841
BiLSTM+Attention,test,77.562574_12.71956,2024-09-01,0.7627747,0.76689106
BiLSTM+Attention,test,77.562574_12.827358,2024-09-01,0.6999104,0.699659
BiLSTM+Attention,test,77.562574_12.858799,2024-09-01,0.42990527,0.4488096
BiLSTM+Attention,test,77.562574_12.872273,2024-09-01,0.5867213,0.5832807
BiLSTM+Attention,test,77.562574_13.141768,2024-09-01,0.43999276,0.451225
BiLSTM+Attention,test,77.562574_13.159734,2024-09-01,0.4869493,0.5107207
BiLSTM+Attention,test,77.562574_13.173209,2024-09-01,0.48590258,0.5075311
BiLSTM+Attention,test,77.567065_12.724051,2024-09-01,0.74225754,0.7383263
BiLSTM+Attention,test,77.567065_12.813883,2024-09-01,0.6736348,0.6838679
BiLSTM+Attention,test,77.567065_12.849815,2024-09-01,0.6624568,0.66197944
BiLSTM+Attention,test,77.567065_13.105835,2024-09-01,0.5755027,0.58876437
BiLSTM+Attention,test,77.567065_13.114818,2024-09-01,0.655835,0.6665728
BiLSTM+Attention,test,77.567065_13.182192,2024-09-01,0.5018883,0.5155799
BiLSTM+Attention,test,77.571557_12.71956,2024-09-01,0.7646148,0.75285006
BiLSTM+Attention,test,77.571557_12.800408,2024-09-01,0.6735641,0.6745761
BiLSTM+Attention,test,77.571557_12.813883,2024-09-01,0.7555518,0.74415594
BiLSTM+Attention,test,77.571557_12.849815,2024-09-01,0.6642963,0.6689144
BiLSTM+Attention,test,77.571557_13.141768,2024-09-01,0.45617056,0.47068277
BiLSTM+Attention,test,77.571557_13.146259,2024-09-01,0.4590895,0.48183435
BiLSTM+Attention,test,77.576048_12.71956,2024-09-01,0.7347517,0.72931296
BiLSTM+Attention,test,77.576048_12.728543,2024-09-01,0.7649996,0.75188553
BiLSTM+Attention,test,77.576048_12.742018,2024-09-01,0.7369621,0.7383763
BiLSTM+Attention,test,77.576048_12.813883,2024-09-01,0.7604607,0.7532494
BiLSTM+Attention,test,77.576048_12.827358,2024-09-01,0.6223578,0.6302286
BiLSTM+Attention,test,77.58054_12.800408,2024-09-01,0.7205403,0.71747524
BiLSTM+Attention,test,77.58054_12.845324,2024-09-01,0.6892062,0.68809116
BiLSTM+Attention,test,77.58054_13.083377,2024-09-01,0.51994365,0.525112
BiLSTM+Attention,test,77.58054_13.087869,2024-09-01,0.49488643,0.49918756
BiLSTM+Attention,test,77.585031_12.849815,2024-09-01,0.6800154,0.666459
BiLSTM+Attention,test,77.585031_13.042953,2024-09-01,0.7031246,0.6911467
BiLSTM+Attention,test,77.585031_13.137276,2024-09-01,0.4759956,0.4865769
BiLSTM+Attention,test,77.589523_12.71956,2024-09-01,0.836947,0.8046429
BiLSTM+Attention,test,77.589523_12.746509,2024-09-01,0.7264728,0.7113669
BiLSTM+Attention,test,77.589523_12.854307,2024-09-01,0.5945823,0.6113409
BiLSTM+Attention,test,77.589523_12.971088,2024-09-01,0.7511806,0.73696953
BiLSTM+Attention,test,77.589523_13.083377,2024-09-01,0.6039037,0.60436475
BiLSTM+Attention,test,77.589523_13.150751,2024-09-01,0.4728418,0.49340323
BiLSTM+Attention,test,77.594015_12.724051,2024-09-01,0.83499587,0.8160803
BiLSTM+Attention,test,77.594015_12.733034,2024-09-01,0.80169207,0.79968417
BiLSTM+Attention,test,77.594015_12.755492,2024-09-01,0.6717796,0.68066084
BiLSTM+Attention,test,77.594015_12.831849,2024-09-01,0.58508015,0.59061325
BiLSTM+Attention,test,77.594015_12.836341,2024-09-01,0.6188653,0.63406795
BiLSTM+Attention,test,77.594015_12.840832,2024-09-01,0.62847733,0.63748676
BiLSTM+Attention,test,77.594015_12.849815,2024-09-01,0.6178161,0.62712485
BiLSTM+Attention,test,77.594015_13.087869,2024-09-01,0.6060754,0.620382
BiLSTM+Attention,test,77.598506_12.665661,2024-09-01,0.77708554,0.76903147
BiLSTM+Attention,test,77.598506_12.710577,2024-09-01,0.6962752,0.69053704
BiLSTM+Attention,test,77.598506_12.822866,2024-09-01,0.61135906,0.6165816
BiLSTM+Attention,test,77.598506_12.849815,2024-09-01,0.7063225,0.7034589
BiLSTM+Attention,test,77.598506_13.083377,2024-09-01,0.5747739,0.5993987
BiLSTM+Attention,test,77.598506_13.128293,2024-09-01,0.56609863,0.57952535
BiLSTM+Attention,test,77.598506_13.141768,2024-09-01,0.43641332,0.4559758
BiLSTM+Attention,test,77.598506_13.146259,2024-09-01,0.420108,0.43348038
BiLSTM+Attention,test,77.602998_12.710577,2024-09-01,0.7125113,0.7140212
BiLSTM+Attention,test,77.602998_12.827358,2024-09-01,0.48991606,0.49388197
BiLSTM+Attention,test,77.602998_12.849815,2024-09-01,0.5508102,0.55488193
BiLSTM+Attention,test,77.602998_12.858799,2024-09-01,0.56076974,0.5693896
BiLSTM+Attention,test,77.602998_13.114818,2024-09-01,0.5816119,0.5825643
BiLSTM+Attention,test,77.602998_13.11931,2024-09-01,0.5746151,0.5861501
BiLSTM+Attention,test,77.602998_13.128293,2024-09-01,0.5183933,0.540718
BiLSTM+Attention,test,77.602998_13.164226,2024-09-01,0.46857136,0.4885278
BiLSTM+Attention,test,77.607489_12.768967,2024-09-01,0.61996806,0.6201717
BiLSTM+Attention,test,77.607489_12.773459,2024-09-01,0.58815426,0.5954598
BiLSTM+Attention,test,77.607489_12.791425,2024-09-01,0.5441043,0.5478376
BiLSTM+Attention,test,77.607489_12.809391,2024-09-01,0.6400981,0.6518278
BiLSTM+Attention,test,77.607489_12.818374,2024-09-01,0.6906372,0.7056758
BiLSTM+Attention,test,77.607489_13.087869,2024-09-01,0.72802514,0.7332363
BiLSTM+Attention,test,77.611981_12.768967,2024-09-01,0.5644852,0.56889546
BiLSTM+Attention,test,77.611981_12.831849,2024-09-01,0.53941476,0.5516459
BiLSTM+Attention,test,77.611981_12.867782,2024-09-01,0.51856947,0.5292966
BiLSTM+Attention,test,77.611981_12.953122,2024-09-01,0.7215079,0.7283122
BiLSTM+Attention,test,77.611981_13.105835,2024-09-01,0.53962314,0.5440873
BiLSTM+Attention,test,77.611981_13.168717,2024-09-01,0.42549166,0.4476368
BiLSTM+Attention,test,77.611981_13.182192,2024-09-01,0.37227076,0.40589783
BiLSTM+Attention,test,77.616473_12.831849,2024-09-01,0.6164922,0.62671906
BiLSTM+Attention,test,77.616473_12.858799,2024-09-01,0.50683844,0.5200398
BiLSTM+Attention,test,77.616473_13.114818,2024-09-01,0.57065344,0.58047533
BiLSTM+Attention,test,77.616473_13.141768,2024-09-01,0.45580116,0.4781723
BiLSTM+Attention,test,77.616473_13.1777,2024-09-01,0.38683027,0.41052476
BiLSTM+Attention,test,77.620964_12.795916,2024-09-01,0.43758506,0.45371574
BiLSTM+Attention,test,77.620964_12.813883,2024-09-01,0.44414684,0.45782718
BiLSTM+Attention,test,77.620964_12.845324,2024-09-01,0.6420261,0.66587687
BiLSTM+Attention,test,77.620964_12.858799,2024-09-01,0.4829801,0.49209777
BiLSTM+Attention,test,77.620964_13.132785,2024-09-01,0.52169144,0.55293757
BiLSTM+Attention,test,77.625456_12.782442,2024-09-01,0.523752,0.52402055
BiLSTM+Attention,test,77.625456_12.858799,2024-09-01,0.42577907,0.44017187
BiLSTM+Attention,test,77.625456_13.065411,2024-09-01,0.39119592,0.42818794
BiLSTM+Attention,test,77.625456_13.128293,2024-09-01,0.5256227,0.5584599
BiLSTM+Attention,test,77.625456_13.137276,2024-09-01,0.4279713,0.4625238
BiLSTM+Attention,test,77.625456_13.155243,2024-09-01,0.6337867,0.6460663
BiLSTM+Attention,test,77.625456_13.182192,2024-09-01,0.4332093,0.46258396
BiLSTM+Attention,test,77.629947_12.795916,2024-09-01,0.7722281,0.7561424
BiLSTM+Attention,test,77.629947_12.809391,2024-09-01,0.47214922,0.48394716
BiLSTM+Attention,test,77.629947_12.836341,2024-09-01,0.57018346,0.5820167
BiLSTM+Attention,test,77.629947_12.854307,2024-09-01,0.4927167,0.49580738
BiLSTM+Attention,test,77.629947_12.858799,2024-09-01,0.46263194,0.4710206
BiLSTM+Attention,test,77.629947_13.06092,2024-09-01,0.41400382,0.45222825
BiLSTM+Attention,test,77.629947_13.087869,2024-09-01,0.43559998,0.46289632
BiLSTM+Attention,test,77.629947_13.1777,2024-09-01,0.45919564,0.47172162
BiLSTM+Attention,test,77.634439_12.679136,2024-09-01,0.7820927,0.77465844
BiLSTM+Attention,test,77.634439_12.701593,2024-09-01,0.73201704,0.7273064
BiLSTM+Attention,test,77.634439_12.733034,2024-09-01,0.48607686,0.49372938
BiLSTM+Attention,test,77.634439_12.746509,2024-09-01,0.5350511,0.5256027
BiLSTM+Attention,test,77.634439_12.751001,2024-09-01,0.523544,0.5264366
BiLSTM+Attention,test,77.634439_12.849815,2024-09-01,0.53249264,0.5407397
BiLSTM+Attention,test,77.634439_13.047445,2024-09-01,0.4715871,0.50241387
BiLSTM+Attention,test,77.634439_13.083377,2024-09-01,0.4008575,0.44542214
BiLSTM+Attention,test,77.634439_13.137276,2024-09-01,0.40227675,0.4439994
BiLSTM+Attention,test,77.63893_12.688119,2024-09-01,0.6928973,0.6956243
BiLSTM+Attention,test,77.63893_12.742018,2024-09-01,0.54385245,0.5398793
BiLSTM+Attention,test,77.63893_12.791425,2024-09-01,0.53828,0.5340172
BiLSTM+Attention,test,77.63893_12.800408,2024-09-01,0.47549713,0.4860024
BiLSTM+Attention,test,77.63893_12.818374,2024-09-01,0.47474077,0.4779471
BiLSTM+Attention,test,77.63893_12.840832,2024-09-01,0.62043405,0.6303037
BiLSTM+Attention,test,77.63893_12.872273,2024-09-01,0.40646112,0.43271413
BiLSTM+Attention,test,77.63893_12.917189,2024-09-01,0.7074091,0.70331275
BiLSTM+Attention,test,77.63893_13.056428,2024-09-01,0.53432745,0.5423897
BiLSTM+Attention,test,77.63893_13.078886,2024-09-01,0.4247465,0.4618548
BiLSTM+Attention,test,77.63893_13.083377,2024-09-01,0.39619043,0.44180873
BiLSTM+Attention,test,77.63893_13.1777,2024-09-01,0.45149356,0.47356606
BiLSTM+Attention,test,77.643422_12.795916,2024-09-01,0.4800319,0.4854094
BiLSTM+Attention,test,77.643422_12.800408,2024-09-01,0.48666665,0.49399936
BiLSTM+Attention,test,77.643422_12.809391,2024-09-01,0.5061194,0.50934273
BiLSTM+Attention,test,77.643422_12.867782,2024-09-01,0.46273825,0.4761512
BiLSTM+Attention,test,77.643422_13.002529,2024-09-01,0.5221461,0.5460112
BiLSTM+Attention,test,77.643422_13.038462,2024-09-01,0.5196169,0.5471796
BiLSTM+Attention,test,77.643422_13.164226,2024-09-01,0.58008283,0.58855075
BiLSTM+Attention,test,77.647914_12.688119,2024-09-01,0.71944785,0.7225232
BiLSTM+Attention,test,77.647914_12.733034,2024-09-01,0.54734486,0.55180377
BiLSTM+Attention,test,77.647914_12.881256,2024-09-01,0.48689005,0.50372714
BiLSTM+Attention,test,77.647914_12.935155,2024-09-01,0.6535387,0.66170305
BiLSTM+Attention,test,77.647914_13.141768,2024-09-01,0.681564,0.68167645
BiLSTM+Attention,test,77.647914_13.168717,2024-09-01,0.7254324,0.71267337
BiLSTM+Attention,test,77.652405_12.697102,2024-09-01,0.6948991,0.69688404
BiLSTM+Attention,test,77.652405_12.773459,2024-09-01,0.47847813,0.47795606
BiLSTM+Attention,test,77.652405_12.795916,2024-09-01,0.43012843,0.4382527
BiLSTM+Attention,test,77.652405_12.8049,2024-09-01,0.52855664,0.53552306
BiLSTM+Attention,test,77.652405_12.858799,2024-09-01,0.69357204,0.7011445
BiLSTM+Attention,test,77.652405_12.926172,2024-09-01,0.61419666,0.6324469
BiLSTM+Attention,test,77.652405_13.002529,2024-09-01,0.5197715,0.5323975
BiLSTM+Attention,test,77.656897_12.742018,2024-09-01,0.5518302,0.5433921
BiLSTM+Attention,test,77.656897_12.746509,2024-09-01,0.5383912,0.530116
BiLSTM+Attention,test,77.656897_12.768967,2024-09-01,0.52857834,0.5306023
BiLSTM+Attention,test,77.656897_12.791425,2024-09-01,0.4490848,0.45686838
BiLSTM+Attention,test,77.656897_12.800408,2024-09-01,0.5508499,0.55107105
BiLSTM+Attention,test,77.656897_12.831849,2024-09-01,0.5629018,0.57737446
BiLSTM+Attention,test,77.656897_12.849815,2024-09-01,0.4248857,0.44901472
BiLSTM+Attention,test,77.656897_12.939647,2024-09-01,0.5274551,0.5542556
BiLSTM+Attention,test,77.656897_13.101344,2024-09-01,0.47261703,0.49221578
BiLSTM+Attention,test,77.656897_13.164226,2024-09-01,0.45767912,0.47116286
BiLSTM+Attention,test,77.656897_13.173209,2024-09-01,0.40316993,0.43839687
BiLSTM+Attention,test,77.661388_12.737526,2024-09-01,0.5718227,0.5686507
BiLSTM+Attention,test,77.661388_12.759984,2024-09-01,0.57098055,0.5575247
BiLSTM+Attention,test,77.661388_13.056428,2024-09-01,0.46360555,0.4817293
BiLSTM+Attention,test,77.661388_13.074394,2024-09-01,0.52829325,0.5426751
BiLSTM+Attention,test,77.661388_13.087869,2024-09-01,0.4262454,0.45587572
BiLSTM+Attention,test,77.661388_13.101344,2024-09-01,0.44119722,0.46914762
BiLSTM+Attention,test,77.661388_13.110327,2024-09-01,0.51447237,0.54419285
BiLSTM+Attention,test,77.661388_13.11931,2024-09-01,0.5869751,0.6080939
BiLSTM+Attention,test,77.66588_12.679136,2024-09-01,0.6727874,0.6500538
BiLSTM+Attention,test,77.66588_12.697102,2024-09-01,0.6333018,0.6320685
BiLSTM+Attention,test,77.66588_12.715068,2024-09-01,0.63695693,0.6407335
BiLSTM+Attention,test,77.66588_12.724051,2024-09-01,0.6192877,0.61842483
BiLSTM+Attention,test,77.66588_12.751001,2024-09-01,0.502037,0.5102332
BiLSTM+Attention,test,77.66588_12.755492,2024-09-01,0.5655632,0.5721444
BiLSTM+Attention,test,77.66588_12.764475,2024-09-01,0.56180084,0.56161094
BiLSTM+Attention,test,77.66588_12.768967,2024-09-01,0.7083749,0.70282394
BiLSTM+Attention,test,77.66588_12.791425,2024-09-01,0.6130693,0.60004133
BiLSTM+Attention,test,77.66588_12.953122,2024-09-01,0.5451971,0.56539464
BiLSTM+Attention,test,77.66588_13.038462,2024-09-01,0.45276988,0.48186883
BiLSTM+Attention,test,77.66588_13.051936,2024-09-01,0.5113659,0.5184362
BiLSTM+Attention,test,77.66588_13.173209,2024-09-01,0.40269682,0.43245295
BiLSTM+Attention,test,77.670371_12.71956,2024-09-01,0.66204506,0.6539014
BiLSTM+Attention,test,77.670371_12.86329,2024-09-01,0.510775,0.5294785
BiLSTM+Attention,test,77.670371_12.881256,2024-09-01,0.46815956,0.48169935
BiLSTM+Attention,test,77.670371_12.894731,2024-09-01,0.41666195,0.4390855
BiLSTM+Attention,test,77.670371_13.069903,2024-09-01,0.41516563,0.44177258
BiLSTM+Attention,test,77.670371_13.083377,2024-09-01,0.38006634,0.4174086
BiLSTM+Attention,test,77.670371_13.092361,2024-09-01,0.3828383,0.41980925
BiLSTM+Attention,test,77.670371_13.128293,2024-09-01,0.49742374,0.5180332
BiLSTM+Attention,test,77.674863_12.674644,2024-09-01,0.7340603,0.7223326
BiLSTM+Attention,test,77.674863_12.71956,2024-09-01,0.6689644,0.66575336
BiLSTM+Attention,test,77.674863_12.755492,2024-09-01,0.5080582,0.5139577
BiLSTM+Attention,test,77.674863_12.764475,2024-09-01,0.51332355,0.5116617
BiLSTM+Attention,test,77.674863_12.786933,2024-09-01,0.5213704,0.51623607
BiLSTM+Attention,test,77.674863_12.836341,2024-09-01,0.5163718,0.52844524
BiLSTM+Attention,test,77.674863_12.867782,2024-09-01,0.7741528,0.7663481
BiLSTM+Attention,test,77.674863_13.051936,2024-09-01,0.5048142,0.52500194
BiLSTM+Attention,test,77.674863_13.069903,2024-09-01,0.38476738,0.41221127
BiLSTM+Attention,test,77.674863_13.092361,2024-09-01,0.43218246,0.46048447
BiLSTM+Attention,test,77.674863_13.105835,2024-09-01,0.499111,0.5139203
BiLSTM+Attention,test,77.679355_12.697102,2024-09-01,0.5259461,0.5313695
BiLSTM+Attention,test,77.679355_12.746509,2024-09-01,0.68946844,0.6831546
BiLSTM+Attention,test,77.679355_12.881256,2024-09-01,0.48813146,0.50258154
BiLSTM+Attention,test,77.679355_12.89024,2024-09-01,0.5190029,0.5204271
BiLSTM+Attention,test,77.679355_12.899223,2024-09-01,0.40984648,0.42946097
BiLSTM+Attention,test,77.679355_13.047445,2024-09-01,0.7655249,0.75518167
BiLSTM+Attention,test,77.679355_13.056428,2024-09-01,0.45640302,0.4819454
BiLSTM+Attention,test,77.679355_13.074394,2024-09-01,0.44060516,0.46588877
BiLSTM+Attention,test,77.679355_13.101344,2024-09-01,0.46920663,0.4786489
BiLSTM+Attention,test,77.679355_13.141768,2024-09-01,0.4890411,0.5164193
BiLSTM+Attention,test,77.679355_13.155243,2024-09-01,0.40231767,0.4330782
BiLSTM+Attention,test,77.679355_13.159734,2024-09-01,0.43881342,0.4639124
BiLSTM+Attention,test,77.683846_12.728543,2024-09-01,0.55207705,0.56308424
BiLSTM+Attention,test,77.683846_12.742018,2024-09-01,0.5128317,0.5084479
BiLSTM+Attention,test,77.683846_12.755492,2024-09-01,0.7099152,0.71425015
BiLSTM+Attention,test,77.683846_12.795916,2024-09-01,0.51043344,0.5081884
BiLSTM+Attention,test,77.683846_12.8049,2024-09-01,0.49539655,0.49751952
BiLSTM+Attention,test,77.683846_12.836341,2024-09-01,0.5865712,0.5977355
BiLSTM+Attention,test,77.683846_12.840832,2024-09-01,0.5988589,0.60610455
BiLSTM+Attention,test,77.683846_12.894731,2024-09-01,0.50670975,0.51609546
BiLSTM+Attention,test,77.683846_12.917189,2024-09-01,0.41151562,0.45337814
BiLSTM+Attention,test,77.683846_12.939647,2024-09-01,0.70290405,0.7030311
BiLSTM+Attention,test,77.683846_13.06092,2024-09-01,0.4401477,0.47596836
BiLSTM+Attention,test,77.683846_13.074394,2024-09-01,0.40757918,0.4253395
BiLSTM+Attention,test,77.683846_13.11931,2024-09-01,0.374553,0.41135132
BiLSTM+Attention,test,77.683846_13.123802,2024-09-01,0.44296506,0.46240082
BiLSTM+Attention,test,77.688338_12.656678,2024-09-01,0.7160085,0.6998161
BiLSTM+Attention,test,77.688338_12.69261,2024-09-01,0.80842364,0.7948743
BiLSTM+Attention,test,77.688338_12.697102,2024-09-01,0.8167097,0.8027489
BiLSTM+Attention,test,77.688338_12.710577,2024-09-01,0.8000717,0.79108745
BiLSTM+Attention,test,77.688338_12.751001,2024-09-01,0.58184475,0.5859499
BiLSTM+Attention,test,77.688338_12.755492,2024-09-01,0.54757214,0.54316986
BiLSTM+Attention,test,77.688338_12.876765,2024-09-01,0.76703966,0.75675005
BiLSTM+Attention,test,77.688338_12.885748,2024-09-01,0.48968208,0.5061138
BiLSTM+Attention,test,77.688338_12.966596,2024-09-01,0.5632017,0.5764381
BiLSTM+Attention,test,77.692829_12.746509,2024-09-01,0.47102845,0.47108626
BiLSTM+Attention,test,77.692829_12.800408,2024-09-01,0.45722237,0.46614486
BiLSTM+Attention,test,77.692829_12.845324,2024-09-01,0.64300853,0.6403109
BiLSTM+Attention,test,77.692829_12.885748,2024-09-01,0.5302709,0.54413855
BiLSTM+Attention,test,77.692829_12.899223,2024-09-01,0.45163512,0.47465977
BiLSTM+Attention,test,77.692829_13.047445,2024-09-01,0.75698936,0.73822004
BiLSTM+Attention,test,77.692829_13.06092,2024-09-01,0.5692368,0.59126556
BiLSTM+Attention,test,77.692829_13.065411,2024-09-01,0.5376576,0.56253034
BiLSTM+Attention,test,77.692829_13.083377,2024-09-01,0.3957044,0.42342785
BiLSTM+Attention,test,77.692829_13.096852,2024-09-01,0.3945456,0.4310867
BiLSTM+Attention,test,77.692829_13.132785,2024-09-01,0.38349164,0.42155558
BiLSTM+Attention,test,77.692829_13.155243,2024-09-01,0.39355192,0.42505315
BiLSTM+Attention,test,77.697321_12.697102,2024-09-01,0.7930394,0.7992423
BiLSTM+Attention,test,77.697321_12.751001,2024-09-01,0.527487,0.5269355
BiLSTM+Attention,test,77.697321_12.773459,2024-09-01,0.46310976,0.47249204
BiLSTM+Attention,test,77.697321_12.791425,2024-09-01,0.56350374,0.5625621
BiLSTM+Attention,test,77.697321_12.885748,2024-09-01,0.527945,0.544511
BiLSTM+Attention,test,77.697321_12.894731,2024-09-01,0.4717083,0.49131596
BiLSTM+Attention,test,77.697321_12.930664,2024-09-01,0.48295143,0.5108572
BiLSTM+Attention,test,77.697321_12.966596,2024-09-01,0.53344196,0.5471826
BiLSTM+Attention,test,77.697321_13.132785,2024-09-01,0.39512366,0.42613992
BiLSTM+Attention,test,77.697321_13.150751,2024-09-01,0.44638857,0.46329084
BiLSTM+Attention,test,77.697321_13.1777,2024-09-01,0.5590882,0.58208
BiLSTM+Attention,test,77.701812_12.742018,2024-09-01,0.4903023,0.49785355
BiLSTM+Attention,test,77.701812_12.77795,2024-09-01,0.46538487,0.47096264
BiLSTM+Attention,test,77.701812_12.8049,2024-09-01,0.54785,0.5571454
BiLSTM+Attention,test,77.701812_12.822866,2024-09-01,0.50969225,0.52642983
BiLSTM+Attention,test,77.701812_12.872273,2024-09-01,0.4293443,0.45662275
BiLSTM+Attention,test,77.701812_12.984563,2024-09-01,0.46421298,0.49268234
BiLSTM+Attention,test,77.701812_13.03397,2024-09-01,0.41984138,0.45246574
BiLSTM+Attention,test,77.701812_13.114818,2024-09-01,0.47743183,0.5129909
BiLSTM+Attention,test,77.701812_13.164226,2024-09-01,0.4355542,0.47048
BiLSTM+Attention,test,77.706304_12.746509,2024-09-01,0.49622494,0.5033405
BiLSTM+Attention,test,77.706304_12.751001,2024-09-01,0.51502186,0.51757616
BiLSTM+Attention,test,77.706304_12.759984,2024-09-01,0.41573635,0.4334758
BiLSTM+Attention,test,77.706304_12.764475,2024-09-01,0.49556157,0.48823133
BiLSTM+Attention,test,77.706304_12.86329,2024-09-01,0.3773624,0.40283048
BiLSTM+Attention,test,77.706304_12.984563,2024-09-01,0.46758214,0.49455687
BiLSTM+Attention,test,77.706304_13.038462,2024-09-01,0.41630527,0.44959745
BiLSTM+Attention,test,77.706304_13.042953,2024-09-01,0.49524873,0.51896936
BiLSTM+Attention,test,77.706304_13.137276,2024-09-01,0.7403088,0.7421024
BiLSTM+Attention,test,77.710796_12.715068,2024-09-01,0.6077296,0.62175196
BiLSTM+Attention,test,77.710796_12.894731,2024-09-01,0.57436955,0.5875644
BiLSTM+Attention,test,77.710796_12.899223,2024-09-01,0.49871564,0.51268154
BiLSTM+Attention,test,77.710796_12.912697,2024-09-01,0.42653555,0.45624912
BiLSTM+Attention,test,77.710796_13.03397,2024-09-01,0.4355596,0.47055823
BiLSTM+Attention,test,77.710796_13.11931,2024-09-01,0.42935836,0.4565005
BiLSTM+Attention,test,77.710796_13.123802,2024-09-01,0.38811332,0.42607173
BiLSTM+Attention,test,77.710796_13.132785,2024-09-01,0.4631149,0.48233053
BiLSTM+Attention,test,77.710796_13.150751,2024-09-01,0.38099808,0.4229699
BiLSTM+Attention,test,77.710796_13.168717,2024-09-01,0.49104157,0.5189376
BiLSTM+Attention,test,77.710796_13.173209,2024-09-01,0.48839208,0.5147454
BiLSTM+Attention,test,77.715287_12.679136,2024-09-01,0.69085807,0.6795599
BiLSTM+Attention,test,77.715287_12.742018,2024-09-01,0.49559584,0.4917799
BiLSTM+Attention,test,77.715287_12.773459,2024-09-01,0.45315132,0.47127312
BiLSTM+Attention,test,77.715287_12.822866,2024-09-01,0.50674397,0.51987803
BiLSTM+Attention,test,77.715287_12.827358,2024-09-01,0.45181015,0.47489217
BiLSTM+Attention,test,77.715287_12.845324,2024-09-01,0.39434737,0.42326596
BiLSTM+Attention,test,77.715287_12.885748,2024-09-01,0.5446036,0.5616692
BiLSTM+Attention,test,77.715287_12.899223,2024-09-01,0.4013396,0.42756426
BiLSTM+Attention,test,77.715287_12.939647,2024-09-01,0.68149066,0.6959901
BiLSTM+Attention,test,77.715287_12.944139,2024-09-01,0.71516937,0.7339282
BiLSTM+Attention,test,77.715287_12.94863,2024-09-01,0.5781745,0.6036153
BiLSTM+Attention,test,77.715287_13.016004,2024-09-01,0.51666695,0.53955835
BiLSTM+Attention,test,77.715287_13.029478,2024-09-01,0.37895,0.4104875
BiLSTM+Attention,test,77.715287_13.038462,2024-09-01,0.49662897,0.520738
BiLSTM+Attention,test,77.715287_13.051936,2024-09-01,0.49249116,0.51817805
BiLSTM+Attention,test,77.715287_13.056428,2024-09-01,0.3987209,0.43663368
BiLSTM+Attention,test,77.715287_13.096852,2024-09-01,0.33181238,0.38312855
BiLSTM+Attention,test,77.715287_13.114818,2024-09-01,0.52138186,0.5310953
BiLSTM+Attention,test,77.715287_13.128293,2024-09-01,0.47091997,0.48568207
BiLSTM+Attention,test,77.719779_12.706085,2024-09-01,0.6250802,0.6388436
BiLSTM+Attention,test,77.719779_12.746509,2024-09-01,0.69974434,0.6966306
BiLSTM+Attention,test,77.719779_12.795916,2024-09-01,0.4642734,0.48228836
BiLSTM+Attention,test,77.719779_12.840832,2024-09-01,0.5157086,0.52487254
BiLSTM+Attention,test,77.719779_12.903714,2024-09-01,0.4077352,0.43764487
BiLSTM+Attention,test,77.719779_13.069903,2024-09-01,0.40284362,0.43455765
BiLSTM+Attention,test,77.719779_13.105835,2024-09-01,0.44385785,0.46219665
BiLSTM+Attention,test,77.719779_13.123802,2024-09-01,0.42196026,0.4486654
BiLSTM+Attention,test,77.719779_13.137276,2024-09-01,0.43537614,0.4586552
BiLSTM+Attention,test,77.719779_13.155243,2024-09-01,0.40657327,0.44156167
BiLSTM+Attention,test,77.72427_12.674644,2024-09-01,0.5329511,0.5428419
BiLSTM+Attention,test,77.72427_12.697102,2024-09-01,0.47503754,0.50467986
BiLSTM+Attention,test,77.72427_12.701593,2024-09-01,0.5143376,0.53688294
BiLSTM+Attention,test,77.72427_12.724051,2024-09-01,0.52358603,0.5257219
BiLSTM+Attention,test,77.72427_12.786933,2024-09-01,0.4831843,0.49240857
BiLSTM+Attention,test,77.72427_12.791425,2024-09-01,0.48551062,0.49861467
BiLSTM+Attention,test,77.72427_12.840832,2024-09-01,0.48840734,0.5020866
BiLSTM+Attention,test,77.72427_12.867782,2024-09-01,0.42403567,0.4508173
BiLSTM+Attention,test,77.72427_12.885748,2024-09-01,0.47152334,0.48905173
BiLSTM+Attention,test,77.72427_13.024987,2024-09-01,0.78745335,0.78217757
BiLSTM+Attention,test,77.72427_13.06092,2024-09-01,0.40328023,0.43894476
BiLSTM+Attention,test,77.72427_13.074394,2024-09-01,0.43957824,0.47363952
BiLSTM+Attention,test,77.728762_12.706085,2024-09-01,0.62791455,0.635271
BiLSTM+Attention,test,77.728762_12.724051,2024-09-01,0.63235486,0.6438091
BiLSTM+Attention,test,77.728762_12.759984,2024-09-01,0.5139261,0.50825113
BiLSTM+Attention,test,77.728762_12.782442,2024-09-01,0.53140247,0.53907627
BiLSTM+Attention,test,77.728762_12.809391,2024-09-01,0.49557975,0.4947572
BiLSTM+Attention,test,77.728762_12.858799,2024-09-01,0.52994114,0.5508927
BiLSTM+Attention,test,77.728762_12.876765,2024-09-01,0.53392833,0.5569929
BiLSTM+Attention,test,77.728762_12.885748,2024-09-01,0.46918496,0.4822184
BiLSTM+Attention,test,77.728762_13.016004,2024-09-01,0.7775319,0.7739298
BiLSTM+Attention,test,77.728762_13.047445,2024-09-01,0.47369504,0.5068106
BiLSTM+Attention,test,77.728762_13.087869,2024-09-01,0.47254097,0.5018476
BiLSTM+Attention,test,77.728762_13.092361,2024-09-01,0.43866563,0.47482377
BiLSTM+Attention,test,77.733253_12.755492,2024-09-01,0.4475016,0.45217538
BiLSTM+Attention,test,77.733253_12.795916,2024-09-01,0.4796786,0.48744723
BiLSTM+Attention,test,77.733253_12.86329,2024-09-01,0.5551914,0.5713787
BiLSTM+Attention,test,77.733253_12.872273,2024-09-01,0.5447843,0.56780225
BiLSTM+Attention,test,77.733253_12.998037,2024-09-01,0.60436845,0.629225
BiLSTM+Attention,test,77.733253_13.056428,2024-09-01,0.37144768,0.41253087
BiLSTM+Attention,test,77.737745_12.764475,2024-09-01,0.43995944,0.4493581
BiLSTM+Attention,test,77.737745_12.791425,2024-09-01,0.47368345,0.48198903
BiLSTM+Attention,test,77.737745_12.809391,2024-09-01,0.46033415,0.46424708
BiLSTM+Attention,test,77.737745_12.858799,2024-09-01,0.4731735,0.49853227
BiLSTM+Attention,test,77.737745_12.872273,2024-09-01,0.54318374,0.5462002
BiLSTM+Attention,test,77.737745_12.881256,2024-09-01,0.5658534,0.58741796
BiLSTM+Attention,test,77.737745_13.051936,2024-09-01,0.3712322,0.41683897
BiLSTM+Attention,test,77.737745_13.06092,2024-09-01,0.41376182,0.45454243
BiLSTM+Attention,test,77.737745_13.078886,2024-09-01,0.44154182,0.47357407
BiLSTM+Attention,test,77.737745_13.101344,2024-09-01,0.3783145,0.41212812
BiLSTM+Attention,test,77.742237_12.697102,2024-09-01,0.6654232,0.6529143
BiLSTM+Attention,test,77.742237_12.764475,2024-09-01,0.46057907,0.46629843
BiLSTM+Attention,test,77.742237_12.795916,2024-09-01,0.4631485,0.4686866
BiLSTM+Attention,test,77.742237_12.8049,2024-09-01,0.4907028,0.49670425
BiLSTM+Attention,test,77.742237_12.86329,2024-09-01,0.40602824,0.43801603
BiLSTM+Attention,test,77.742237_12.867782,2024-09-01,0.54071754,0.55911094
BiLSTM+Attention,test,77.742237_12.89024,2024-09-01,0.55255115,0.5683595
BiLSTM+Attention,test,77.742237_12.899223,2024-09-01,0.530134,0.5557817
BiLSTM+Attention,test,77.742237_12.921681,2024-09-01,0.45286962,0.47829434
BiLSTM+Attention,test,77.742237_12.980071,2024-09-01,0.5160812,0.5314361
BiLSTM+Attention,test,77.742237_13.002529,2024-09-01,0.5422494,0.5636466
BiLSTM+Attention,test,77.742237_13.016004,2024-09-01,0.5402425,0.55145353
BiLSTM+Attention,test,77.742237_13.038462,2024-09-01,0.3903258,0.42899865
BiLSTM+Attention,test,77.742237_13.074394,2024-09-01,0.3715678,0.40063152
BiLSTM+Attention,test,77.742237_13.078886,2024-09-01,0.45515305,0.4679333
BiLSTM+Attention,test,77.742237_13.101344,2024-09-01,0.40516463,0.43930474
BiLSTM+Attention,test,77.746728_12.751001,2024-09-01,0.4805039,0.5002507
BiLSTM+Attention,test,77.746728_12.764475,2024-09-01,0.47957885,0.4834797
BiLSTM+Attention,test,77.746728_12.782442,2024-09-01,0.5321402,0.5506885
BiLSTM+Attention,test,77.746728_12.97558,2024-09-01,0.538399,0.55659974
BiLSTM+Attention,test,77.746728_12.984563,2024-09-01,0.5176953,0.53970796
BiLSTM+Attention,test,77.746728_13.016004,2024-09-01,0.57130116,0.58438647
BiLSTM+Attention,test,77.746728_13.020495,2024-09-01,0.6029848,0.6188855
BiLSTM+Attention,test,77.746728_13.024987,2024-09-01,0.47975412,0.51041263
BiLSTM+Attention,test,77.746728_13.038462,2024-09-01,0.39583397,0.4413901
BiLSTM+Attention,test,77.746728_13.06092,2024-09-01,0.34672916,0.3934454
BiLSTM+Attention,test,77.746728_13.083377,2024-09-01,0.44689083,0.4823372
BiLSTM+Attention,test,77.746728_13.092361,2024-09-01,0.4270338,0.4644654
BiLSTM+Attention,test,77.75122_12.751001,2024-09-01,0.4767833,0.4917412
BiLSTM+Attention,test,77.75122_12.755492,2024-09-01,0.55779517,0.5482017
BiLSTM+Attention,test,77.75122_12.768967,2024-09-01,0.44287077,0.45782956
BiLSTM+Attention,test,77.75122_12.77795,2024-09-01,0.4933231,0.5083967
BiLSTM+Attention,test,77.75122_12.894731,2024-09-01,0.4575964,0.4820873
BiLSTM+Attention,test,77.75122_12.993546,2024-09-01,0.46043417,0.4764694
BiLSTM+Attention,test,77.75122_13.020495,2024-09-01,0.5111349,0.5323882
BiLSTM+Attention,test,77.75122_13.03397,2024-09-01,0.427272,0.47180253
BiLSTM+Attention,test,77.75122_13.038462,2024-09-01,0.3537412,0.41003522
BiLSTM+Attention,test,77.755711_12.706085,2024-09-01,0.54867685,0.5666031
BiLSTM+Attention,test,77.755711_12.764475,2024-09-01,0.79560405,0.77666575
BiLSTM+Attention,test,77.755711_12.77795,2024-09-01,0.46577492,0.48495403
BiLSTM+Attention,test,77.755711_12.822866,2024-09-01,0.45963717,0.47784513
BiLSTM+Attention,test,77.755711_12.831849,2024-09-01,0.42058888,0.4547111
BiLSTM+Attention,test,77.755711_12.858799,2024-09-01,0.4954363,0.5173716
BiLSTM+Attention,test,77.755711_12.885748,2024-09-01,0.49043715,0.5162839
BiLSTM+Attention,test,77.755711_12.899223,2024-09-01,0.4101412,0.44258296
BiLSTM+Attention,test,77.755711_12.903714,2024-09-01,0.44939512,0.48555106
BiLSTM+Attention,test,77.755711_12.926172,2024-09-01,0.49314392,0.52123463
BiLSTM+Attention,test,77.760203_12.751001,2024-09-01,0.49202284,0.4937859
BiLSTM+Attention,test,77.760203_12.795916,2024-09-01,0.4227131,0.4465817
BiLSTM+Attention,test,77.760203_12.818374,2024-09-01,0.57049006,0.57764506
BiLSTM+Attention,test,77.760203_12.867782,2024-09-01,0.44873402,0.4675254
BiLSTM+Attention,test,77.760203_12.872273,2024-09-01,0.4702129,0.48864874
BiLSTM+Attention,test,77.760203_12.876765,2024-09-01,0.43465078,0.45580986
BiLSTM+Attention,test,77.760203_12.885748,2024-09-01,0.45640075,0.4861072
BiLSTM+Attention,test,77.760203_12.984563,2024-09-01,0.50200117,0.5362579
BiLSTM+Attention,test,77.764695_12.742018,2024-09-01,0.6553807,0.6607749
BiLSTM+Attention,test,77.764695_12.746509,2024-09-01,0.6493056,0.6532683
BiLSTM+Attention,test,77.764695_12.813883,2024-09-01,0.50720197,0.5203873
BiLSTM+Attention,test,77.764695_12.849815,2024-09-01,0.46066418,0.49084052
BiLSTM+Attention,test,77.764695_12.885748,2024-09-01,0.47603855,0.49900478
BiLSTM+Attention,test,77.764695_12.912697,2024-09-01,0.49472195,0.5193323
BiLSTM+Attention,test,77.764695_13.03397,2024-09-01,0.3589688,0.40406728
BiLSTM+Attention,test,77.769186_12.751001,2024-09-01,0.6837282,0.6810186
BiLSTM+Attention,test,77.769186_12.791425,2024-09-01,0.44133386,0.44921353
BiLSTM+Attention,test,77.769186_12.800408,2024-09-01,0.5013759,0.51962346
BiLSTM+Attention,test,77.769186_12.8049,2024-09-01,0.558481,0.5665884
BiLSTM+Attention,test,77.769186_12.809391,2024-09-01,0.46208236,0.48008165
BiLSTM+Attention,test,77.769186_12.876765,2024-09-01,0.4953847,0.5158688
BiLSTM+Attention,test,77.769186_12.894731,2024-09-01,0.45166367,0.49181148
BiLSTM+Attention,test,77.769186_13.016004,2024-09-01,0.43926227,0.4692301
BiLSTM+Attention,test,77.773678_12.746509,2024-09-01,0.66961735,0.672508
BiLSTM+Attention,test,77.773678_12.858799,2024-09-01,0.43844402,0.459766
BiLSTM+Attention,test,77.773678_12.885748,2024-09-01,0.476916,0.48923475
BiLSTM+Attention,test,77.773678_12.899223,2024-09-01,0.4197505,0.44541383
BiLSTM+Attention,test,77.773678_12.908206,2024-09-01,0.49326327,0.50447905
BiLSTM+Attention,test,77.778169_12.809391,2024-09-01,0.45626307,0.45177248
BiLSTM+Attention,test,77.778169_12.885748,2024-09-01,0.48631626,0.5109777
BiLSTM+Attention,test,77.782661_12.786933,2024-09-01,0.4333404,0.44362637
BiLSTM+Attention,test,77.782661_12.791425,2024-09-01,0.4775112,0.49435803
BiLSTM+Attention,test,77.782661_12.89024,2024-09-01,0.47833776,0.5054328
BiLSTM+Attention,test,77.787152_12.786933,2024-09-01,0.45388168,0.46337894
BiLSTM+Attention,test,77.787152_12.849815,2024-09-01,0.44667825,0.47567615
BiLSTM+Attention,test,77.787152_12.867782,2024-09-01,0.42800787,0.44986832
BiLSTM+Attention,test,77.791644_12.8049,2024-09-01,0.49404162,0.4928116
BiLSTM+Attention,test,77.791644_12.899223,2024-09-01,0.4252762,0.46873924
BiLSTM+Attention,test,77.796136_12.854307,2024-09-01,0.41904214,0.45648155
BiLSTM+Attention,test,77.796136_12.885748,2024-09-01,0.48174992,0.51402867
BiLSTM+Attention,test,77.800627_12.876765,2024-09-01,0.4795136,0.5171569
BiLSTM+Attention,test,77.800627_12.885748,2024-09-01,0.44495618,0.47930127
BiLSTM+Attention,test,77.805119_12.876765,2024-09-01,0.49299416,0.5286396
BiLSTM+Attention,test,77.805119_12.89024,2024-09-01,0.458723,0.49717483
BiLSTM+Attention,test,77.80961_12.858799,2024-09-01,0.46954447,0.4988104
BiLSTM+Attention,test,77.80961_12.86329,2024-09-01,0.43928424,0.47413254
BiLSTM+Attention,test,77.329012_12.944139,2024-10-01,0.48454958,0.48864844
BiLSTM+Attention,test,77.329012_12.962105,2024-10-01,0.74791867,0.7514254
BiLSTM+Attention,test,77.337995_12.921681,2024-10-01,0.6728813,0.7045418
BiLSTM+Attention,test,77.342486_12.926172,2024-10-01,0.747555,0.75378734
BiLSTM+Attention,test,77.342486_12.935155,2024-10-01,0.778321,0.7741376
BiLSTM+Attention,test,77.342486_12.944139,2024-10-01,0.7184898,0.72471154
BiLSTM+Attention,test,77.346978_12.962105,2024-10-01,0.54422265,0.54870075
BiLSTM+Attention,test,77.351469_12.939647,2024-10-01,0.76587284,0.7627101
BiLSTM+Attention,test,77.355961_12.962105,2024-10-01,0.77719116,0.7600459
BiLSTM+Attention,test,77.360453_12.867782,2024-10-01,0.4110873,0.43888924
BiLSTM+Attention,test,77.364944_12.962105,2024-10-01,0.46597636,0.46472037
BiLSTM+Attention,test,77.369436_12.881256,2024-10-01,0.46353963,0.47806585
BiLSTM+Attention,test,77.369436_12.935155,2024-10-01,0.39658466,0.41932365
BiLSTM+Attention,test,77.369436_12.998037,2024-10-01,0.42945668,0.443971
BiLSTM+Attention,test,77.369436_13.007021,2024-10-01,0.49466196,0.5086851
BiLSTM+Attention,test,77.373927_12.971088,2024-10-01,0.4803542,0.47486752
BiLSTM+Attention,test,77.373927_13.011512,2024-10-01,0.43550318,0.46002766
BiLSTM+Attention,test,77.373927_13.016004,2024-10-01,0.43419436,0.46439913
BiLSTM+Attention,test,77.378419_12.966596,2024-10-01,0.45390514,0.46226475
BiLSTM+Attention,test,77.382911_12.953122,2024-10-01,0.45308042,0.4553444
BiLSTM+Attention,test,77.382911_12.957613,2024-10-01,0.4546507,0.4622207
BiLSTM+Attention,test,77.387402_12.962105,2024-10-01,0.43113896,0.4385179
BiLSTM+Attention,test,77.391894_12.881256,2024-10-01,0.4816217,0.500192
BiLSTM+Attention,test,77.391894_12.885748,2024-10-01,0.52349347,0.5330967
BiLSTM+Attention,test,77.396385_12.971088,2024-10-01,0.41737133,0.4465591
BiLSTM+Attention,test,77.396385_13.029478,2024-10-01,0.37924063,0.41327354
BiLSTM+Attention,test,77.400877_12.957613,2024-10-01,0.4403526,0.45446
BiLSTM+Attention,test,77.400877_12.966596,2024-10-01,0.38471854,0.41227213
BiLSTM+Attention,test,77.400877_13.029478,2024-10-01,0.3551822,0.39380372
BiLSTM+Attention,test,77.405368_13.105835,2024-10-01,0.41860113,0.44463158
BiLSTM+Attention,test,77.405368_13.11931,2024-10-01,0.38889492,0.41960606
BiLSTM+Attention,test,77.40986_12.962105,2024-10-01,0.4723506,0.49023315
BiLSTM+Attention,test,77.414352_12.989054,2024-10-01,0.39609087,0.4160997
BiLSTM+Attention,test,77.414352_12.993546,2024-10-01,0.4186175,0.44024268
BiLSTM+Attention,test,77.414352_13.03397,2024-10-01,0.40137804,0.42627296
BiLSTM+Attention,test,77.414352_13.096852,2024-10-01,0.385155,0.41422424
BiLSTM+Attention,test,77.414352_13.11931,2024-10-01,0.41290718,0.44196513
BiLSTM+Attention,test,77.418843_12.94863,2024-10-01,0.45995057,0.4738433
BiLSTM+Attention,test,77.418843_12.971088,2024-10-01,0.41080898,0.43166494
BiLSTM+Attention,test,77.418843_12.993546,2024-10-01,0.42848256,0.4504641
BiLSTM+Attention,test,77.418843_13.016004,2024-10-01,0.40223736,0.42230788
BiLSTM+Attention,test,77.418843_13.024987,2024-10-01,0.4086787,0.42897847
BiLSTM+Attention,test,77.418843_13.029478,2024-10-01,0.4242613,0.43782666
BiLSTM+Attention,test,77.418843_13.146259,2024-10-01,0.35224167,0.39185002
BiLSTM+Attention,test,77.423335_13.002529,2024-10-01,0.49862814,0.52776563
BiLSTM+Attention,test,77.423335_13.092361,2024-10-01,0.33981845,0.36408153
BiLSTM+Attention,test,77.423335_13.141768,2024-10-01,0.43196595,0.46125183
BiLSTM+Attention,test,77.423335_13.150751,2024-10-01,0.3355961,0.38526192
BiLSTM+Attention,test,77.427826_12.939647,2024-10-01,0.40345752,0.41465297
BiLSTM+Attention,test,77.427826_12.944139,2024-10-01,0.3967879,0.40886673
BiLSTM+Attention,test,77.427826_13.020495,2024-10-01,0.37532675,0.41208342
BiLSTM+Attention,test,77.427826_13.024987,2024-10-01,0.4113439,0.4353282
BiLSTM+Attention,test,77.427826_13.110327,2024-10-01,0.41378045,0.4495463
BiLSTM+Attention,test,77.427826_13.132785,2024-10-01,0.5182505,0.5287629
BiLSTM+Attention,test,77.432318_12.957613,2024-10-01,0.42400646,0.4398552
BiLSTM+Attention,test,77.432318_12.998037,2024-10-01,0.38104522,0.4088619
BiLSTM+Attention,test,77.436809_12.912697,2024-10-01,0.55742157,0.5727401
BiLSTM+Attention,test,77.436809_12.926172,2024-10-01,0.4654634,0.47693685
BiLSTM+Attention,test,77.436809_12.944139,2024-10-01,0.41320953,0.43747798
BiLSTM+Attention,test,77.436809_13.03397,2024-10-01,0.40244782,0.42957044
BiLSTM+Attention,test,77.441301_12.944139,2024-10-01,0.49519768,0.5047491
BiLSTM+Attention,test,77.441301_12.94863,2024-10-01,0.45468307,0.4749516
BiLSTM+Attention,test,77.441301_13.056428,2024-10-01,0.39988157,0.41998872
BiLSTM+Attention,test,77.441301_13.069903,2024-10-01,0.41133684,0.43735817
BiLSTM+Attention,test,77.441301_13.110327,2024-10-01,0.4363315,0.45710316
BiLSTM+Attention,test,77.445793_12.912697,2024-10-01,0.4335854,0.45778996
BiLSTM+Attention,test,77.445793_12.957613,2024-10-01,0.47491536,0.4953903
BiLSTM+Attention,test,77.445793_12.984563,2024-10-01,0.44461155,0.47371992
BiLSTM+Attention,test,77.450284_12.993546,2024-10-01,0.34548205,0.36897197
BiLSTM+Attention,test,77.450284_13.029478,2024-10-01,0.44525716,0.46304464
BiLSTM+Attention,test,77.450284_13.047445,2024-10-01,0.4082905,0.44417986
BiLSTM+Attention,test,77.450284_13.146259,2024-10-01,0.50682396,0.53885233
BiLSTM+Attention,test,77.454776_12.980071,2024-10-01,0.3812596,0.41414216
BiLSTM+Attention,test,77.454776_12.993546,2024-10-01,0.386945,0.41689202
BiLSTM+Attention,test,77.454776_13.078886,2024-10-01,0.42432368,0.4515532
BiLSTM+Attention,test,77.454776_13.114818,2024-10-01,0.4989201,0.52750176
BiLSTM+Attention,test,77.454776_13.141768,2024-10-01,0.502808,0.53097117
BiLSTM+Attention,test,77.459267_12.872273,2024-10-01,0.4953414,0.512026
BiLSTM+Attention,test,77.459267_12.903714,2024-10-01,0.42545828,0.44252157
BiLSTM+Attention,test,77.459267_12.926172,2024-10-01,0.46853796,0.48710313
BiLSTM+Attention,test,77.459267_12.97558,2024-10-01,0.4016331,0.42984053
BiLSTM+Attention,test,77.459267_13.016004,2024-10-01,0.38446447,0.41965535
BiLSTM+Attention,test,77.459267_13.020495,2024-10-01,0.36205232,0.39747792
BiLSTM+Attention,test,77.459267_13.11931,2024-10-01,0.44114268,0.48078528
BiLSTM+Attention,test,77.463759_12.867782,2024-10-01,0.5278946,0.546953
BiLSTM+Attention,test,77.463759_12.872273,2024-10-01,0.48869058,0.507612
BiLSTM+Attention,test,77.463759_12.881256,2024-10-01,0.55581415,0.5709695
BiLSTM+Attention,test,77.463759_12.885748,2024-10-01,0.58996975,0.60786784
BiLSTM+Attention,test,77.463759_12.894731,2024-10-01,0.46995482,0.48952684
BiLSTM+Attention,test,77.463759_12.899223,2024-10-01,0.4979908,0.5163786
BiLSTM+Attention,test,77.463759_12.917189,2024-10-01,0.42319658,0.4482759
BiLSTM+Attention,test,77.463759_12.953122,2024-10-01,0.760204,0.7667051
BiLSTM+Attention,test,77.463759_13.03397,2024-10-01,0.36931902,0.3977122
BiLSTM+Attention,test,77.463759_13.078886,2024-10-01,0.51162046,0.54498726
BiLSTM+Attention,test,77.46825_12.894731,2024-10-01,0.4353605,0.45707962
BiLSTM+Attention,test,77.46825_12.94863,2024-10-01,0.5223234,0.5435315
BiLSTM+Attention,test,77.46825_12.953122,2024-10-01,0.44200525,0.46667978
BiLSTM+Attention,test,77.46825_12.966596,2024-10-01,0.46749365,0.47807607
BiLSTM+Attention,test,77.46825_13.007021,2024-10-01,0.3743434,0.40509933
BiLSTM+Attention,test,77.46825_13.020495,2024-10-01,0.45452192,0.48218814
BiLSTM+Attention,test,77.46825_13.114818,2024-10-01,0.4909454,0.5225746
BiLSTM+Attention,test,77.46825_13.150751,2024-10-01,0.3995842,0.43599322
BiLSTM+Attention,test,77.46825_13.1777,2024-10-01,0.46147993,0.49584264
BiLSTM+Attention,test,77.472742_12.984563,2024-10-01,0.43754634,0.4674316
BiLSTM+Attention,test,77.477234_12.899223,2024-10-01,0.42421436,0.4502648
BiLSTM+Attention,test,77.477234_12.935155,2024-10-01,0.56449115,0.5867525
BiLSTM+Attention,test,77.477234_12.944139,2024-10-01,0.4755805,0.50740063
BiLSTM+Attention,test,77.477234_12.94863,2024-10-01,0.504214,0.525018
BiLSTM+Attention,test,77.477234_12.971088,2024-10-01,0.49965817,0.52589417
BiLSTM+Attention,test,77.477234_13.002529,2024-10-01,0.3779345,0.40347692
BiLSTM+Attention,test,77.477234_13.056428,2024-10-01,0.42516714,0.45951495
BiLSTM+Attention,test,77.481725_12.737526,2024-10-01,0.51972866,0.53731376
BiLSTM+Attention,test,77.481725_12.89024,2024-10-01,0.5221925,0.5393669
BiLSTM+Attention,test,77.481725_12.894731,2024-10-01,0.4764519,0.5010546
BiLSTM+Attention,test,77.481725_12.944139,2024-10-01,0.4880447,0.5159062
BiLSTM+Attention,test,77.481725_12.971088,2024-10-01,0.40174672,0.43779886
BiLSTM+Attention,test,77.481725_12.980071,2024-10-01,0.48644978,0.5114115
BiLSTM+Attention,test,77.481725_13.024987,2024-10-01,0.4527475,0.4874059
BiLSTM+Attention,test,77.481725_13.03397,2024-10-01,0.42542663,0.46064493
BiLSTM+Attention,test,77.481725_13.137276,2024-10-01,0.7517572,0.7543443
BiLSTM+Attention,test,77.486217_12.764475,2024-10-01,0.5120787,0.5260647
BiLSTM+Attention,test,77.486217_12.872273,2024-10-01,0.48375064,0.50438803
BiLSTM+Attention,test,77.486217_12.939647,2024-10-01,0.50024295,0.52923906
BiLSTM+Attention,test,77.486217_12.998037,2024-10-01,0.42787588,0.4646432
BiLSTM+Attention,test,77.486217_13.042953,2024-10-01,0.5157817,0.5384766
BiLSTM+Attention,test,77.486217_13.06092,2024-10-01,0.5288581,0.5532979
BiLSTM+Attention,test,77.486217_13.114818,2024-10-01,0.4822901,0.51382726
BiLSTM+Attention,test,77.486217_13.11931,2024-10-01,0.49347848,0.5298514
BiLSTM+Attention,test,77.490708_12.849815,2024-10-01,0.51993406,0.5253456
BiLSTM+Attention,test,77.490708_12.89024,2024-10-01,0.47896186,0.49497077
BiLSTM+Attention,test,77.490708_13.051936,2024-10-01,0.6038487,0.6191561
BiLSTM+Attention,test,77.490708_13.087869,2024-10-01,0.52535594,0.55385303
BiLSTM+Attention,test,77.490708_13.092361,2024-10-01,0.5099824,0.5439405
BiLSTM+Attention,test,77.490708_13.096852,2024-10-01,0.5570113,0.58360505
BiLSTM+Attention,test,77.490708_13.182192,2024-10-01,0.43930805,0.48371002
BiLSTM+Attention,test,77.490708_13.209142,2024-10-01,0.4129879,0.4617093
BiLSTM+Attention,test,77.4952_12.786933,2024-10-01,0.4724444,0.49707875
BiLSTM+Attention,test,77.4952_12.836341,2024-10-01,0.48593736,0.5005646
BiLSTM+Attention,test,77.4952_12.899223,2024-10-01,0.54992807,0.5652335
BiLSTM+Attention,test,77.4952_12.962105,2024-10-01,0.5511323,0.57445014
BiLSTM+Attention,test,77.4952_13.020495,2024-10-01,0.49498814,0.52838165
BiLSTM+Attention,test,77.4952_13.024987,2024-10-01,0.5155209,0.53231883
BiLSTM+Attention,test,77.4952_13.03397,2024-10-01,0.583033,0.6089885
BiLSTM+Attention,test,77.4952_13.087869,2024-10-01,0.47777846,0.50676024
BiLSTM+Attention,test,77.4952_13.092361,2024-10-01,0.50700784,0.5425637
BiLSTM+Attention,test,77.4952_13.182192,2024-10-01,0.45664927,0.49837598
BiLSTM+Attention,test,77.499692_12.858799,2024-10-01,0.6295545,0.6328607
BiLSTM+Attention,test,77.499692_12.984563,2024-10-01,0.5197426,0.5282189
BiLSTM+Attention,test,77.499692_13.114818,2024-10-01,0.5116971,0.54042053
BiLSTM+Attention,test,77.499692_13.137276,2024-10-01,0.4513465,0.48820853
BiLSTM+Attention,test,77.499692_13.168717,2024-10-01,0.47296715,0.49921307
BiLSTM+Attention,test,77.504183_12.786933,2024-10-01,0.5488117,0.5668607
BiLSTM+Attention,test,77.504183_12.818374,2024-10-01,0.5277078,0.5481962
BiLSTM+Attention,test,77.504183_12.854307,2024-10-01,0.5184313,0.5255563
BiLSTM+Attention,test,77.504183_12.858799,2024-10-01,0.633477,0.6363919
BiLSTM+Attention,test,77.504183_12.953122,2024-10-01,0.5449126,0.5617921
BiLSTM+Attention,test,77.504183_13.083377,2024-10-01,0.59304863,0.6197961
BiLSTM+Attention,test,77.504183_13.141768,2024-10-01,0.4885752,0.52328676
BiLSTM+Attention,test,77.504183_13.159734,2024-10-01,0.51893246,0.5534749
BiLSTM+Attention,test,77.504183_13.195667,2024-10-01,0.3879095,0.44956633
BiLSTM+Attention,test,77.508675_12.795916,2024-10-01,0.5740653,0.5889218
BiLSTM+Attention,test,77.508675_12.831849,2024-10-01,0.5476568,0.5601383
BiLSTM+Attention,test,77.508675_12.836341,2024-10-01,0.5907186,0.6039417
BiLSTM+Attention,test,77.508675_12.845324,2024-10-01,0.5461062,0.57062984
BiLSTM+Attention,test,77.508675_12.912697,2024-10-01,0.491009,0.51645464
BiLSTM+Attention,test,77.508675_12.917189,2024-10-01,0.5202096,0.541976
BiLSTM+Attention,test,77.508675_13.114818,2024-10-01,0.44216916,0.47451612
BiLSTM+Attention,test,77.508675_13.137276,2024-10-01,0.43961996,0.47544262
BiLSTM+Attention,test,77.508675_13.159734,2024-10-01,0.5403622,0.5664059
BiLSTM+Attention,test,77.508675_13.191175,2024-10-01,0.3909618,0.4416985
BiLSTM+Attention,test,77.513166_12.746509,2024-10-01,0.77275074,0.78233504
BiLSTM+Attention,test,77.513166_12.77795,2024-10-01,0.64763814,0.6519068
BiLSTM+Attention,test,77.513166_12.822866,2024-10-01,0.6300944,0.65712327
BiLSTM+Attention,test,77.513166_13.087869,2024-10-01,0.58205235,0.6070936
BiLSTM+Attention,test,77.513166_13.096852,2024-10-01,0.6253112,0.643932
BiLSTM+Attention,test,77.513166_13.137276,2024-10-01,0.40179121,0.44145426
BiLSTM+Attention,test,77.513166_13.1777,2024-10-01,0.42684573,0.4634195
BiLSTM+Attention,test,77.517658_12.77795,2024-10-01,0.60091716,0.6142582
BiLSTM+Attention,test,77.517658_12.782442,2024-10-01,0.60647815,0.6151145
BiLSTM+Attention,test,77.517658_12.795916,2024-10-01,0.5813923,0.5989959
BiLSTM+Attention,test,77.517658_12.827358,2024-10-01,0.54819506,0.5701456
BiLSTM+Attention,test,77.517658_12.849815,2024-10-01,0.51633626,0.53083336
BiLSTM+Attention,test,77.517658_12.998037,2024-10-01,0.5774971,0.610148
BiLSTM+Attention,test,77.517658_13.11931,2024-10-01,0.38905054,0.42539546
BiLSTM+Attention,test,77.517658_13.182192,2024-10-01,0.4321292,0.47070944
BiLSTM+Attention,test,77.517658_13.186684,2024-10-01,0.46782532,0.49230585
BiLSTM+Attention,test,77.517658_13.191175,2024-10-01,0.41747886,0.45043626
BiLSTM+Attention,test,77.522149_12.809391,2024-10-01,0.79422456,0.8018096
BiLSTM+Attention,test,77.522149_12.813883,2024-10-01,0.511808,0.5298288
BiLSTM+Attention,test,77.522149_12.818374,2024-10-01,0.48075166,0.5030052
BiLSTM+Attention,test,77.522149_12.836341,2024-10-01,0.547713,0.5572628
BiLSTM+Attention,test,77.522149_12.845324,2024-10-01,0.5495256,0.569235
BiLSTM+Attention,test,77.522149_13.056428,2024-10-01,0.64107144,0.6663273
BiLSTM+Attention,test,77.522149_13.078886,2024-10-01,0.60244614,0.62559867
BiLSTM+Attention,test,77.522149_13.146259,2024-10-01,0.3552202,0.4151373
BiLSTM+Attention,test,77.522149_13.200158,2024-10-01,0.45351034,0.51140475
BiLSTM+Attention,test,77.526641_12.840832,2024-10-01,0.61390394,0.63155127
BiLSTM+Attention,test,77.526641_12.89024,2024-10-01,0.65329653,0.66474754
BiLSTM+Attention,test,77.526641_12.899223,2024-10-01,0.5913438,0.6068385
BiLSTM+Attention,test,77.526641_13.078886,2024-10-01,0.5944725,0.62702215
BiLSTM+Attention,test,77.526641_13.105835,2024-10-01,0.4256654,0.45961705
BiLSTM+Attention,test,77.526641_13.110327,2024-10-01,0.40199202,0.4432337
BiLSTM+Attention,test,77.531133_12.791425,2024-10-01,0.5577906,0.5691585
BiLSTM+Attention,test,77.531133_12.795916,2024-10-01,0.6011601,0.61244273
BiLSTM+Attention,test,77.531133_12.800408,2024-10-01,0.5809924,0.60112906
BiLSTM+Attention,test,77.531133_12.822866,2024-10-01,0.52952164,0.55584407
BiLSTM+Attention,test,77.531133_12.827358,2024-10-01,0.5564971,0.58399045
BiLSTM+Attention,test,77.531133_12.894731,2024-10-01,0.5200607,0.5391003
BiLSTM+Attention,test,77.531133_13.114818,2024-10-01,0.40749046,0.45501176
BiLSTM+Attention,test,77.531133_13.195667,2024-10-01,0.49863413,0.5294383
BiLSTM+Attention,test,77.535624_12.822866,2024-10-01,0.68079,0.69641155
BiLSTM+Attention,test,77.535624_12.872273,2024-10-01,0.44181043,0.45605263
BiLSTM+Attention,test,77.535624_12.899223,2024-10-01,0.4929276,0.5013076
BiLSTM+Attention,test,77.535624_13.069903,2024-10-01,0.70290303,0.72049487
BiLSTM+Attention,test,77.535624_13.096852,2024-10-01,0.45702526,0.49055535
BiLSTM+Attention,test,77.535624_13.114818,2024-10-01,0.46024805,0.4861891
BiLSTM+Attention,test,77.535624_13.132785,2024-10-01,0.4716381,0.5081667
BiLSTM+Attention,test,77.535624_13.137276,2024-10-01,0.40484947,0.43893978
BiLSTM+Attention,test,77.535624_13.195667,2024-10-01,0.4109009,0.45097512
BiLSTM+Attention,test,77.540116_12.795916,2024-10-01,0.62830174,0.63730586
BiLSTM+Attention,test,77.540116_13.042953,2024-10-01,0.58193016,0.5967947
BiLSTM+Attention,test,77.540116_13.074394,2024-10-01,0.60807645,0.62918025
BiLSTM+Attention,test,77.540116_13.092361,2024-10-01,0.42559433,0.45694128
BiLSTM+Attention,test,77.540116_13.101344,2024-10-01,0.41344467,0.45043758
BiLSTM+Attention,test,77.540116_13.105835,2024-10-01,0.4318744,0.4743727
BiLSTM+Attention,test,77.540116_13.114818,2024-10-01,0.41964978,0.46413052
BiLSTM+Attention,test,77.540116_13.132785,2024-10-01,0.4390127,0.4832688
BiLSTM+Attention,test,77.540116_13.155243,2024-10-01,0.5017617,0.5310011
BiLSTM+Attention,test,77.540116_13.182192,2024-10-01,0.41461426,0.45502463
BiLSTM+Attention,test,77.544607_12.831849,2024-10-01,0.73986685,0.76111
BiLSTM+Attention,test,77.544607_13.218125,2024-10-01,0.4792043,0.5132947
BiLSTM+Attention,test,77.549099_12.822866,2024-10-01,0.76400167,0.7746298
BiLSTM+Attention,test,77.549099_12.831849,2024-10-01,0.6512662,0.6709538
BiLSTM+Attention,test,77.549099_12.836341,2024-10-01,0.6206265,0.6375506
BiLSTM+Attention,test,77.549099_12.845324,2024-10-01,0.6332431,0.6462176
BiLSTM+Attention,test,77.549099_12.867782,2024-10-01,0.55463666,0.5674012
BiLSTM+Attention,test,77.549099_12.876765,2024-10-01,0.5177369,0.5319771
BiLSTM+Attention,test,77.549099_12.894731,2024-10-01,0.63682616,0.6465993
BiLSTM+Attention,test,77.549099_13.096852,2024-10-01,0.505448,0.53519064
BiLSTM+Attention,test,77.549099_13.132785,2024-10-01,0.6299365,0.66339844
BiLSTM+Attention,test,77.55359_12.71956,2024-10-01,0.77435994,0.78021073
BiLSTM+Attention,test,77.55359_12.782442,2024-10-01,0.6930751,0.70931715
BiLSTM+Attention,test,77.55359_12.849815,2024-10-01,0.6141639,0.6305062
BiLSTM+Attention,test,77.55359_12.872273,2024-10-01,0.50797784,0.5220396
BiLSTM+Attention,test,77.55359_13.069903,2024-10-01,0.7335343,0.74605113
BiLSTM+Attention,test,77.55359_13.101344,2024-10-01,0.42624742,0.46185836
BiLSTM+Attention,test,77.55359_13.110327,2024-10-01,0.49257547,0.5217965
BiLSTM+Attention,test,77.55359_13.128293,2024-10-01,0.61599517,0.6385829
BiLSTM+Attention,test,77.55359_13.168717,2024-10-01,0.4937628,0.5232239
BiLSTM+Attention,test,77.55359_13.173209,2024-10-01,0.4107676,0.4443826
BiLSTM+Attention,test,77.558082_12.710577,2024-10-01,0.7910363,0.79802704
BiLSTM+Attention,test,77.558082_12.827358,2024-10-01,0.7008445,0.718317
BiLSTM+Attention,test,77.558082_12.845324,2024-10-01,0.6934883,0.70036894
BiLSTM+Attention,test,77.558082_13.042953,2024-10-01,0.6562917,0.68091017
BiLSTM+Attention,test,77.558082_13.051936,2024-10-01,0.7114675,0.723006
BiLSTM+Attention,test,77.558082_13.110327,2024-10-01,0.50779074,0.5415877
BiLSTM+Attention,test,77.558082_13.168717,2024-10-01,0.49787265,0.53045595
BiLSTM+Attention,test,77.558082_13.1777,2024-10-01,0.46401092,0.4946132
BiLSTM+Attention,test,77.562574_12.71956,2024-10-01,0.781675,0.7910702
BiLSTM+Attention,test,77.562574_12.827358,2024-10-01,0.71369654,0.7225052
BiLSTM+Attention,test,77.562574_12.858799,2024-10-01,0.4456572,0.46753833
BiLSTM+Attention,test,77.562574_12.872273,2024-10-01,0.60063493,0.6111829
BiLSTM+Attention,test,77.562574_12.876765,2024-10-01,0.6196882,0.6370431
BiLSTM+Attention,test,77.562574_13.141768,2024-10-01,0.42301342,0.46813396
BiLSTM+Attention,test,77.562574_13.159734,2024-10-01,0.49218893,0.5271583
BiLSTM+Attention,test,77.562574_13.173209,2024-10-01,0.4974264,0.52133274
BiLSTM+Attention,test,77.567065_12.724051,2024-10-01,0.7548337,0.7629652
BiLSTM+Attention,test,77.567065_12.813883,2024-10-01,0.6891146,0.7092289
BiLSTM+Attention,test,77.567065_12.849815,2024-10-01,0.67621064,0.6885084
BiLSTM+Attention,test,77.567065_13.105835,2024-10-01,0.58505195,0.6044804
BiLSTM+Attention,test,77.567065_13.114818,2024-10-01,0.6661732,0.68388194
BiLSTM+Attention,test,77.567065_13.182192,2024-10-01,0.4991782,0.5310173
BiLSTM+Attention,test,77.571557_12.71956,2024-10-01,0.77516115,0.7777386
BiLSTM+Attention,test,77.571557_12.800408,2024-10-01,0.6836274,0.7011167
BiLSTM+Attention,test,77.571557_12.813883,2024-10-01,0.76737475,0.766791
BiLSTM+Attention,test,77.571557_12.849815,2024-10-01,0.68345135,0.69637966
BiLSTM+Attention,test,77.571557_13.141768,2024-10-01,0.44692785,0.48797897
BiLSTM+Attention,test,77.571557_13.146259,2024-10-01,0.46177855,0.4996617
BiLSTM+Attention,test,77.576048_12.71956,2024-10-01,0.7492897,0.75504386
BiLSTM+Attention,test,77.576048_12.728543,2024-10-01,0.770464,0.7756267
BiLSTM+Attention,test,77.576048_12.742018,2024-10-01,0.7497797,0.76085424
BiLSTM+Attention,test,77.576048_12.813883,2024-10-01,0.77988297,0.77791524
BiLSTM+Attention,test,77.576048_12.827358,2024-10-01,0.6364662,0.6532576
BiLSTM+Attention,test,77.58054_12.800408,2024-10-01,0.7330707,0.7430065
BiLSTM+Attention,test,77.58054_12.845324,2024-10-01,0.70823824,0.7151249
BiLSTM+Attention,test,77.58054_13.083377,2024-10-01,0.51519006,0.5436517
BiLSTM+Attention,test,77.58054_13.087869,2024-10-01,0.48639116,0.51471287
BiLSTM+Attention,test,77.585031_12.849815,2024-10-01,0.69435716,0.6961591
BiLSTM+Attention,test,77.585031_13.042953,2024-10-01,0.68768203,0.70275354
BiLSTM+Attention,test,77.585031_13.137276,2024-10-01,0.47300363,0.50093657
BiLSTM+Attention,test,77.589523_12.71956,2024-10-01,0.8388069,0.8321368
BiLSTM+Attention,test,77.589523_12.746509,2024-10-01,0.7316669,0.73434836
BiLSTM+Attention,test,77.589523_12.854307,2024-10-01,0.61311007,0.63878715
BiLSTM+Attention,test,77.589523_12.971088,2024-10-01,0.76088613,0.7667789
BiLSTM+Attention,test,77.589523_13.083377,2024-10-01,0.5908652,0.62298405
BiLSTM+Attention,test,77.589523_13.150751,2024-10-01,0.45724797,0.5105624
BiLSTM+Attention,test,77.594015_12.724051,2024-10-01,0.8416166,0.8397161
BiLSTM+Attention,test,77.594015_12.733034,2024-10-01,0.80942625,0.8249954
BiLSTM+Attention,test,77.594015_12.755492,2024-10-01,0.6844993,0.7069037
BiLSTM+Attention,test,77.594015_12.831849,2024-10-01,0.6024604,0.6161521
BiLSTM+Attention,test,77.594015_12.836341,2024-10-01,0.64964426,0.65942967
BiLSTM+Attention,test,77.594015_12.840832,2024-10-01,0.6534144,0.6625553
BiLSTM+Attention,test,77.594015_12.849815,2024-10-01,0.63775,0.6494867
BiLSTM+Attention,test,77.594015_12.998037,2024-10-01,0.73968774,0.7567933
BiLSTM+Attention,test,77.594015_13.087869,2024-10-01,0.6179705,0.635625
BiLSTM+Attention,test,77.598506_12.665661,2024-10-01,0.7925373,0.796374
BiLSTM+Attention,test,77.598506_12.710577,2024-10-01,0.7013792,0.7151298
BiLSTM+Attention,test,77.598506_12.822866,2024-10-01,0.6311487,0.6444276
BiLSTM+Attention,test,77.598506_12.849815,2024-10-01,0.72638655,0.72803974
BiLSTM+Attention,test,77.598506_13.083377,2024-10-01,0.6039226,0.6182053
BiLSTM+Attention,test,77.598506_13.128293,2024-10-01,0.5664689,0.5966865
BiLSTM+Attention,test,77.598506_13.141768,2024-10-01,0.4302431,0.47443637
BiLSTM+Attention,test,77.598506_13.146259,2024-10-01,0.40678263,0.44982484
BiLSTM+Attention,test,77.602998_12.710577,2024-10-01,0.7149974,0.7384618
BiLSTM+Attention,test,77.602998_12.827358,2024-10-01,0.5070173,0.5155274
BiLSTM+Attention,test,77.602998_12.849815,2024-10-01,0.57218784,0.5794828
BiLSTM+Attention,test,77.602998_12.858799,2024-10-01,0.57899755,0.5921616
BiLSTM+Attention,test,77.602998_13.114818,2024-10-01,0.574797,0.59721684
BiLSTM+Attention,test,77.602998_13.11931,2024-10-01,0.5798161,0.6023994
BiLSTM+Attention,test,77.602998_13.128293,2024-10-01,0.53290457,0.5622786
BiLSTM+Attention,test,77.602998_13.164226,2024-10-01,0.46976215,0.5077275
BiLSTM+Attention,test,77.607489_12.768967,2024-10-01,0.63738686,0.645878
BiLSTM+Attention,test,77.607489_12.773459,2024-10-01,0.607553,0.6225065
BiLSTM+Attention,test,77.607489_12.791425,2024-10-01,0.5602118,0.5729029
BiLSTM+Attention,test,77.607489_12.809391,2024-10-01,0.6572768,0.6740406
BiLSTM+Attention,test,77.607489_12.818374,2024-10-01,0.7068934,0.7286029
BiLSTM+Attention,test,77.607489_13.087869,2024-10-01,0.7335657,0.7530418
BiLSTM+Attention,test,77.611981_12.768967,2024-10-01,0.57715595,0.59990466
BiLSTM+Attention,test,77.611981_12.831849,2024-10-01,0.5621769,0.57599694
BiLSTM+Attention,test,77.611981_12.867782,2024-10-01,0.5343545,0.5501814
BiLSTM+Attention,test,77.611981_12.953122,2024-10-01,0.74044186,0.749681
BiLSTM+Attention,test,77.611981_13.105835,2024-10-01,0.5365555,0.55994606
BiLSTM+Attention,test,77.611981_13.168717,2024-10-01,0.43415117,0.46201274
BiLSTM+Attention,test,77.611981_13.182192,2024-10-01,0.37534845,0.4208289
BiLSTM+Attention,test,77.616473_12.831849,2024-10-01,0.6403908,0.6509807
BiLSTM+Attention,test,77.616473_12.858799,2024-10-01,0.5304245,0.5417039
BiLSTM+Attention,test,77.616473_13.114818,2024-10-01,0.5735209,0.5994923
BiLSTM+Attention,test,77.616473_13.141768,2024-10-01,0.4665265,0.49269322
BiLSTM+Attention,test,77.616473_13.1777,2024-10-01,0.38476172,0.4276816
BiLSTM+Attention,test,77.620964_12.795916,2024-10-01,0.45408648,0.47492784
BiLSTM+Attention,test,77.620964_12.813883,2024-10-01,0.4613139,0.4790223
BiLSTM+Attention,test,77.620964_12.845324,2024-10-01,0.67856467,0.6897146
BiLSTM+Attention,test,77.620964_12.858799,2024-10-01,0.5012456,0.5145316
BiLSTM+Attention,test,77.620964_13.132785,2024-10-01,0.5428728,0.5724597
BiLSTM+Attention,test,77.625456_12.782442,2024-10-01,0.531815,0.5461997
BiLSTM+Attention,test,77.625456_12.858799,2024-10-01,0.44882745,0.4594808
BiLSTM+Attention,test,77.625456_13.065411,2024-10-01,0.39473116,0.43934476
BiLSTM+Attention,test,77.625456_13.128293,2024-10-01,0.5330254,0.5786806
BiLSTM+Attention,test,77.625456_13.137276,2024-10-01,0.44421488,0.48048446
BiLSTM+Attention,test,77.625456_13.155243,2024-10-01,0.655197,0.66238433
BiLSTM+Attention,test,77.625456_13.182192,2024-10-01,0.44474924,0.4812933
BiLSTM+Attention,test,77.629947_12.795916,2024-10-01,0.7862606,0.7900769
BiLSTM+Attention,test,77.629947_12.809391,2024-10-01,0.49453095,0.5058535
BiLSTM+Attention,test,77.629947_12.836341,2024-10-01,0.5926185,0.60889167
BiLSTM+Attention,test,77.629947_12.854307,2024-10-01,0.516448,0.5161985
BiLSTM+Attention,test,77.629947_12.858799,2024-10-01,0.4840551,0.49076906
BiLSTM+Attention,test,77.629947_13.06092,2024-10-01,0.43764502,0.46441337
BiLSTM+Attention,test,77.629947_13.087869,2024-10-01,0.4613164,0.47958717
BiLSTM+Attention,test,77.629947_13.1777,2024-10-01,0.4573873,0.48540038
BiLSTM+Attention,test,77.634439_12.679136,2024-10-01,0.7893312,0.7967894
BiLSTM+Attention,test,77.634439_12.701593,2024-10-01,0.74356145,0.7543171
BiLSTM+Attention,test,77.634439_12.733034,2024-10-01,0.5021511,0.5192427
BiLSTM+Attention,test,77.634439_12.746509,2024-10-01,0.5460352,0.5503992
BiLSTM+Attention,test,77.634439_12.751001,2024-10-01,0.5449909,0.54780465
BiLSTM+Attention,test,77.634439_12.849815,2024-10-01,0.5538272,0.56462485
BiLSTM+Attention,test,77.634439_13.047445,2024-10-01,0.49255642,0.51387304
BiLSTM+Attention,test,77.634439_13.083377,2024-10-01,0.42409635,0.45755014
BiLSTM+Attention,test,77.634439_13.137276,2024-10-01,0.4178861,0.46048483
BiLSTM+Attention,test,77.63893_12.688119,2024-10-01,0.7090827,0.7208879
BiLSTM+Attention,test,77.63893_12.742018,2024-10-01,0.5548341,0.5638123
BiLSTM+Attention,test,77.63893_12.791425,2024-10-01,0.5558942,0.55735415
BiLSTM+Attention,test,77.63893_12.800408,2024-10-01,0.49393323,0.50726014
BiLSTM+Attention,test,77.63893_12.818374,2024-10-01,0.4903516,0.49625745
BiLSTM+Attention,test,77.63893_12.840832,2024-10-01,0.64363426,0.65287215
BiLSTM+Attention,test,77.63893_12.872273,2024-10-01,0.42695996,0.44342682
BiLSTM+Attention,test,77.63893_12.917189,2024-10-01,0.7265992,0.72137946
BiLSTM+Attention,test,77.63893_12.989054,2024-10-01,0.6613327,0.6761264
BiLSTM+Attention,test,77.63893_13.056428,2024-10-01,0.530438,0.55895734
BiLSTM+Attention,test,77.63893_13.078886,2024-10-01,0.44923675,0.47741768
BiLSTM+Attention,test,77.63893_13.083377,2024-10-01,0.42053863,0.45366836
BiLSTM+Attention,test,77.63893_13.1777,2024-10-01,0.44537058,0.48785454
BiLSTM+Attention,test,77.643422_12.795916,2024-10-01,0.5021481,0.5039678
BiLSTM+Attention,test,77.643422_12.800408,2024-10-01,0.504382,0.514467
BiLSTM+Attention,test,77.643422_12.809391,2024-10-01,0.5284473,0.5292995
BiLSTM+Attention,test,77.643422_12.867782,2024-10-01,0.4841524,0.49390203
BiLSTM+Attention,test,77.643422_13.002529,2024-10-01,0.5417809,0.5667992
BiLSTM+Attention,test,77.643422_13.038462,2024-10-01,0.52686316,0.5598236
BiLSTM+Attention,test,77.643422_13.164226,2024-10-01,0.58910584,0.6043232
BiLSTM+Attention,test,77.647914_12.688119,2024-10-01,0.7388496,0.7447567
BiLSTM+Attention,test,77.647914_12.733034,2024-10-01,0.5554889,0.57717896
BiLSTM+Attention,test,77.647914_12.881256,2024-10-01,0.504435,0.5232944
BiLSTM+Attention,test,77.647914_12.935155,2024-10-01,0.67333937,0.6800543
BiLSTM+Attention,test,77.647914_13.141768,2024-10-01,0.6809878,0.702358
BiLSTM+Attention,test,77.647914_13.168717,2024-10-01,0.7312437,0.73303795
BiLSTM+Attention,test,77.652405_12.697102,2024-10-01,0.706487,0.7186561
BiLSTM+Attention,test,77.652405_12.773459,2024-10-01,0.49291578,0.5009233
BiLSTM+Attention,test,77.652405_12.795916,2024-10-01,0.45200944,0.456593
BiLSTM+Attention,test,77.652405_12.8049,2024-10-01,0.54825556,0.55753416
BiLSTM+Attention,test,77.652405_12.858799,2024-10-01,0.72266346,0.72301686
BiLSTM+Attention,test,77.652405_12.926172,2024-10-01,0.6320249,0.6498928
BiLSTM+Attention,test,77.652405_13.002529,2024-10-01,0.5384619,0.55245453
BiLSTM+Attention,test,77.656897_12.742018,2024-10-01,0.5577819,0.5655981
BiLSTM+Attention,test,77.656897_12.746509,2024-10-01,0.5456343,0.55172247
BiLSTM+Attention,test,77.656897_12.768967,2024-10-01,0.53812325,0.54680634
BiLSTM+Attention,test,77.656897_12.791425,2024-10-01,0.46538284,0.47408578
BiLSTM+Attention,test,77.656897_12.800408,2024-10-01,0.56807584,0.5765636
BiLSTM+Attention,test,77.656897_12.831849,2024-10-01,0.5847424,0.5994563
BiLSTM+Attention,test,77.656897_12.849815,2024-10-01,0.4467235,0.46320784
BiLSTM+Attention,test,77.656897_12.939647,2024-10-01,0.5551167,0.5675509
BiLSTM+Attention,test,77.656897_13.164226,2024-10-01,0.45220459,0.48718417
BiLSTM+Attention,test,77.656897_13.173209,2024-10-01,0.42228428,0.45151165
BiLSTM+Attention,test,77.661388_12.737526,2024-10-01,0.57477796,0.5920804
BiLSTM+Attention,test,77.661388_12.759984,2024-10-01,0.57954323,0.5764972
BiLSTM+Attention,test,77.661388_13.056428,2024-10-01,0.46682253,0.49189243
BiLSTM+Attention,test,77.661388_13.074394,2024-10-01,0.54516256,0.5582661
BiLSTM+Attention,test,77.661388_13.110327,2024-10-01,0.528647,0.555134
BiLSTM+Attention,test,77.661388_13.11931,2024-10-01,0.6117728,0.6241773
BiLSTM+Attention,test,77.66588_12.679136,2024-10-01,0.6681413,0.679787
BiLSTM+Attention,test,77.66588_12.697102,2024-10-01,0.6359056,0.6574242
BiLSTM+Attention,test,77.66588_12.715068,2024-10-01,0.65814185,0.6694499
BiLSTM+Attention,test,77.66588_12.724051,2024-10-01,0.6299981,0.6449832
BiLSTM+Attention,test,77.66588_12.751001,2024-10-01,0.52088195,0.53234553
BiLSTM+Attention,test,77.66588_12.755492,2024-10-01,0.5803115,0.5949333
BiLSTM+Attention,test,77.66588_12.764475,2024-10-01,0.5759142,0.5840392
BiLSTM+Attention,test,77.66588_12.768967,2024-10-01,0.7227179,0.7242091
BiLSTM+Attention,test,77.66588_12.791425,2024-10-01,0.6183697,0.6243088
BiLSTM+Attention,test,77.66588_12.953122,2024-10-01,0.5684466,0.5831293
BiLSTM+Attention,test,77.66588_13.038462,2024-10-01,0.46593145,0.49203888
BiLSTM+Attention,test,77.66588_13.051936,2024-10-01,0.5005721,0.53023374
BiLSTM+Attention,test,77.66588_13.173209,2024-10-01,0.41399074,0.44412553
BiLSTM+Attention,test,77.670371_12.71956,2024-10-01,0.6599897,0.68363905
BiLSTM+Attention,test,77.670371_12.86329,2024-10-01,0.5310069,0.54620546
BiLSTM+Attention,test,77.670371_12.881256,2024-10-01,0.48343018,0.49987242
BiLSTM+Attention,test,77.670371_12.894731,2024-10-01,0.4305201,0.45317176
BiLSTM+Attention,test,77.670371_13.083377,2024-10-01,0.38709903,0.43096602
BiLSTM+Attention,test,77.670371_13.128293,2024-10-01,0.5219493,0.5321438
BiLSTM+Attention,test,77.674863_12.674644,2024-10-01,0.73538446,0.7536237
BiLSTM+Attention,test,77.674863_12.71956,2024-10-01,0.6684644,0.692857
BiLSTM+Attention,test,77.674863_12.755492,2024-10-01,0.5199681,0.53833455
BiLSTM+Attention,test,77.674863_12.764475,2024-10-01,0.52380806,0.53012955
BiLSTM+Attention,test,77.674863_12.786933,2024-10-01,0.5300246,0.5384757
BiLSTM+Attention,test,77.674863_12.836341,2024-10-01,0.5355948,0.54931873
BiLSTM+Attention,test,77.674863_12.867782,2024-10-01,0.78413194,0.7900375
BiLSTM+Attention,test,77.674863_13.051936,2024-10-01,0.51198447,0.53638124
BiLSTM+Attention,test,77.679355_12.697102,2024-10-01,0.53899646,0.55275625
BiLSTM+Attention,test,77.679355_12.746509,2024-10-01,0.69629616,0.7062156
BiLSTM+Attention,test,77.679355_12.881256,2024-10-01,0.501432,0.51886666
BiLSTM+Attention,test,77.679355_12.89024,2024-10-01,0.5262099,0.5342735
BiLSTM+Attention,test,77.679355_12.899223,2024-10-01,0.41610518,0.44010076
BiLSTM+Attention,test,77.679355_13.047445,2024-10-01,0.76547897,0.77268815
BiLSTM+Attention,test,77.679355_13.056428,2024-10-01,0.4581396,0.48989356
BiLSTM+Attention,test,77.679355_13.141768,2024-10-01,0.50781184,0.53633267
BiLSTM+Attention,test,77.679355_13.155243,2024-10-01,0.4094318,0.44909605
BiLSTM+Attention,test,77.679355_13.159734,2024-10-01,0.44605973,0.48195672
BiLSTM+Attention,test,77.683846_12.728543,2024-10-01,0.56534123,0.5887613
BiLSTM+Attention,test,77.683846_12.742018,2024-10-01,0.52113247,0.5311192
BiLSTM+Attention,test,77.683846_12.755492,2024-10-01,0.7285051,0.73777723
BiLSTM+Attention,test,77.683846_12.795916,2024-10-01,0.52488697,0.5289404
BiLSTM+Attention,test,77.683846_12.8049,2024-10-01,0.50743884,0.521082
BiLSTM+Attention,test,77.683846_12.836341,2024-10-01,0.60001934,0.6218208
BiLSTM+Attention,test,77.683846_12.840832,2024-10-01,0.6088722,0.63105524
BiLSTM+Attention,test,77.683846_12.894731,2024-10-01,0.51989603,0.5317032
BiLSTM+Attention,test,77.683846_12.917189,2024-10-01,0.43298823,0.45299122
BiLSTM+Attention,test,77.683846_12.939647,2024-10-01,0.716581,0.7231656
BiLSTM+Attention,test,77.683846_13.06092,2024-10-01,0.45348904,0.49008176
BiLSTM+Attention,test,77.683846_13.074394,2024-10-01,0.40061378,0.43842033
BiLSTM+Attention,test,77.683846_13.11931,2024-10-01,0.3859374,0.42046145
BiLSTM+Attention,test,77.683846_13.123802,2024-10-01,0.45092887,0.4762313
BiLSTM+Attention,test,77.688338_12.656678,2024-10-01,0.7254554,0.7301922
BiLSTM+Attention,test,77.688338_12.69261,2024-10-01,0.8137677,0.8201314
BiLSTM+Attention,test,77.688338_12.697102,2024-10-01,0.816667,0.8279898
BiLSTM+Attention,test,77.688338_12.710577,2024-10-01,0.81652343,0.81935513
BiLSTM+Attention,test,77.688338_12.751001,2024-10-01,0.5985375,0.6092743
BiLSTM+Attention,test,77.688338_12.755492,2024-10-01,0.55437416,0.56556433
BiLSTM+Attention,test,77.688338_12.876765,2024-10-01,0.7868649,0.78606296
BiLSTM+Attention,test,77.688338_12.885748,2024-10-01,0.50425774,0.519248
BiLSTM+Attention,test,77.688338_12.966596,2024-10-01,0.5720633,0.59249455
BiLSTM+Attention,test,77.692829_12.746509,2024-10-01,0.47429982,0.49064052
BiLSTM+Attention,test,77.692829_12.800408,2024-10-01,0.47170478,0.48578918
BiLSTM+Attention,test,77.692829_12.845324,2024-10-01,0.6451535,0.6631439
BiLSTM+Attention,test,77.692829_12.885748,2024-10-01,0.5523399,0.5597984
BiLSTM+Attention,test,77.692829_12.899223,2024-10-01,0.4733558,0.49129975
BiLSTM+Attention,test,77.692829_13.047445,2024-10-01,0.7504079,0.76570535
BiLSTM+Attention,test,77.692829_13.06092,2024-10-01,0.5885662,0.6080197
BiLSTM+Attention,test,77.692829_13.065411,2024-10-01,0.5571324,0.5820423
BiLSTM+Attention,test,77.692829_13.083377,2024-10-01,0.41516382,0.4345853
BiLSTM+Attention,test,77.692829_13.096852,2024-10-01,0.41049832,0.44158527
BiLSTM+Attention,test,77.692829_13.132785,2024-10-01,0.40570918,0.4350294
BiLSTM+Attention,test,77.692829_13.155243,2024-10-01,0.40748847,0.4383822
BiLSTM+Attention,test,77.697321_12.697102,2024-10-01,0.8179161,0.82688826
BiLSTM+Attention,test,77.697321_12.751001,2024-10-01,0.53683543,0.5462212
BiLSTM+Attention,test,77.697321_12.773459,2024-10-01,0.4806636,0.48941362
BiLSTM+Attention,test,77.697321_12.791425,2024-10-01,0.5797749,0.5880524
BiLSTM+Attention,test,77.697321_12.885748,2024-10-01,0.54870206,0.5589609
BiLSTM+Attention,test,77.697321_12.894731,2024-10-01,0.49356103,0.5069899
BiLSTM+Attention,test,77.697321_12.930664,2024-10-01,0.5054375,0.5252806
BiLSTM+Attention,test,77.697321_12.966596,2024-10-01,0.5442291,0.56053805
BiLSTM+Attention,test,77.697321_13.132785,2024-10-01,0.41380757,0.44277295
BiLSTM+Attention,test,77.697321_13.150751,2024-10-01,0.445365,0.48133713
BiLSTM+Attention,test,77.697321_13.1777,2024-10-01,0.584413,0.5987445
BiLSTM+Attention,test,77.701812_12.742018,2024-10-01,0.50813335,0.51204276
BiLSTM+Attention,test,77.701812_12.77795,2024-10-01,0.4832132,0.48868635
BiLSTM+Attention,test,77.701812_12.8049,2024-10-01,0.5622249,0.57888764
BiLSTM+Attention,test,77.701812_12.822866,2024-10-01,0.5301314,0.54956967
BiLSTM+Attention,test,77.701812_12.872273,2024-10-01,0.4516538,0.47071248
BiLSTM+Attention,test,77.701812_12.984563,2024-10-01,0.48387414,0.50491476
BiLSTM+Attention,test,77.701812_13.03397,2024-10-01,0.43072668,0.46134278
BiLSTM+Attention,test,77.701812_13.164226,2024-10-01,0.45735213,0.48282197
BiLSTM+Attention,test,77.706304_12.746509,2024-10-01,0.5158152,0.5168081
BiLSTM+Attention,test,77.706304_12.751001,2024-10-01,0.5284622,0.5358833
BiLSTM+Attention,test,77.706304_12.759984,2024-10-01,0.42986575,0.44948122
BiLSTM+Attention,test,77.706304_12.764475,2024-10-01,0.50730014,0.50691307
BiLSTM+Attention,test,77.706304_12.86329,2024-10-01,0.39598742,0.42474756
BiLSTM+Attention,test,77.706304_12.984563,2024-10-01,0.48697,0.5070111
BiLSTM+Attention,test,77.706304_13.038462,2024-10-01,0.43825445,0.45954937
BiLSTM+Attention,test,77.706304_13.042953,2024-10-01,0.5151874,0.53399146
BiLSTM+Attention,test,77.706304_13.137276,2024-10-01,0.7672491,0.7642227
BiLSTM+Attention,test,77.710796_12.715068,2024-10-01,0.63018924,0.6490448
BiLSTM+Attention,test,77.710796_12.894731,2024-10-01,0.59377277,0.60527027
BiLSTM+Attention,test,77.710796_12.899223,2024-10-01,0.5146437,0.52959687
BiLSTM+Attention,test,77.710796_12.912697,2024-10-01,0.44928014,0.4697567
BiLSTM+Attention,test,77.710796_13.03397,2024-10-01,0.4531619,0.4871321
BiLSTM+Attention,test,77.710796_13.150751,2024-10-01,0.40058142,0.4345603
BiLSTM+Attention,test,77.710796_13.168717,2024-10-01,0.50671464,0.53346175
BiLSTM+Attention,test,77.710796_13.173209,2024-10-01,0.5105777,0.5327711
BiLSTM+Attention,test,77.715287_12.679136,2024-10-01,0.7092333,0.71330166
BiLSTM+Attention,test,77.715287_12.742018,2024-10-01,0.5046527,0.50695026
BiLSTM+Attention,test,77.715287_12.773459,2024-10-01,0.48025528,0.4906939
BiLSTM+Attention,test,77.715287_12.822866,2024-10-01,0.5267262,0.54367197
BiLSTM+Attention,test,77.715287_12.827358,2024-10-01,0.47674087,0.4924306
BiLSTM+Attention,test,77.715287_12.845324,2024-10-01,0.41587502,0.43975654
BiLSTM+Attention,test,77.715287_12.885748,2024-10-01,0.5604804,0.5769042
BiLSTM+Attention,test,77.715287_12.899223,2024-10-01,0.4165748,0.44211218
BiLSTM+Attention,test,77.715287_12.939647,2024-10-01,0.7031835,0.7151877
BiLSTM+Attention,test,77.715287_12.944139,2024-10-01,0.7406348,0.74560773
BiLSTM+Attention,test,77.715287_12.94863,2024-10-01,0.60313964,0.6170802
BiLSTM+Attention,test,77.715287_13.016004,2024-10-01,0.52641875,0.5516841
BiLSTM+Attention,test,77.715287_13.029478,2024-10-01,0.38321823,0.41890782
BiLSTM+Attention,test,77.715287_13.038462,2024-10-01,0.51430523,0.5358133
BiLSTM+Attention,test,77.715287_13.051936,2024-10-01,0.5163601,0.53318465
BiLSTM+Attention,test,77.715287_13.056428,2024-10-01,0.41882488,0.4486921
BiLSTM+Attention,test,77.719779_12.706085,2024-10-01,0.64505863,0.6660155
BiLSTM+Attention,test,77.719779_12.746509,2024-10-01,0.7115295,0.71154904
BiLSTM+Attention,test,77.719779_12.795916,2024-10-01,0.48860902,0.5033832
BiLSTM+Attention,test,77.719779_12.840832,2024-10-01,0.5338382,0.54837424
BiLSTM+Attention,test,77.719779_12.903714,2024-10-01,0.43477848,0.45075968
BiLSTM+Attention,test,77.719779_13.123802,2024-10-01,0.4309334,0.46365646
BiLSTM+Attention,test,77.719779_13.155243,2024-10-01,0.4125407,0.45707914
BiLSTM+Attention,test,77.72427_12.674644,2024-10-01,0.5548697,0.5705291
BiLSTM+Attention,test,77.72427_12.697102,2024-10-01,0.5056781,0.52690923
BiLSTM+Attention,test,77.72427_12.701593,2024-10-01,0.5382376,0.5636221
BiLSTM+Attention,test,77.72427_12.724051,2024-10-01,0.5404825,0.54880774
BiLSTM+Attention,test,77.72427_12.786933,2024-10-01,0.5027672,0.50358653
BiLSTM+Attention,test,77.72427_12.791425,2024-10-01,0.5077758,0.5173351
BiLSTM+Attention,test,77.72427_12.840832,2024-10-01,0.50710064,0.5238679
BiLSTM+Attention,test,77.72427_12.867782,2024-10-01,0.44342858,0.46637422
BiLSTM+Attention,test,77.72427_12.885748,2024-10-01,0.4837952,0.5092895
BiLSTM+Attention,test,77.72427_13.024987,2024-10-01,0.78563815,0.8049885
BiLSTM+Attention,test,77.728762_12.706085,2024-10-01,0.6522808,0.66512084
BiLSTM+Attention,test,77.728762_12.724051,2024-10-01,0.65215933,0.666158
BiLSTM+Attention,test,77.728762_12.759984,2024-10-01,0.52393496,0.5285946
BiLSTM+Attention,test,77.728762_12.782442,2024-10-01,0.5580951,0.5525001
BiLSTM+Attention,test,77.728762_12.809391,2024-10-01,0.50098276,0.51098084
BiLSTM+Attention,test,77.728762_12.858799,2024-10-01,0.5520775,0.56694245
BiLSTM+Attention,test,77.728762_12.876765,2024-10-01,0.560972,0.5752605
BiLSTM+Attention,test,77.728762_12.885748,2024-10-01,0.48018646,0.4997909
BiLSTM+Attention,test,77.728762_13.016004,2024-10-01,0.7870056,0.795052
BiLSTM+Attention,test,77.728762_13.047445,2024-10-01,0.48683417,0.5195766
BiLSTM+Attention,test,77.733253_12.755492,2024-10-01,0.46267286,0.47276288
BiLSTM+Attention,test,77.733253_12.795916,2024-10-01,0.49585438,0.50844926
BiLSTM+Attention,test,77.733253_12.86329,2024-10-01,0.57149,0.5888075
BiLSTM+Attention,test,77.733253_12.872273,2024-10-01,0.5654621,0.58920807
BiLSTM+Attention,test,77.733253_12.998037,2024-10-01,0.6290834,0.64707357
BiLSTM+Attention,test,77.737745_12.764475,2024-10-01,0.45574525,0.470587
BiLSTM+Attention,test,77.737745_12.791425,2024-10-01,0.48847106,0.501999
BiLSTM+Attention,test,77.737745_12.809391,2024-10-01,0.46741086,0.4860401
BiLSTM+Attention,test,77.737745_12.858799,2024-10-01,0.49442288,0.5156942
BiLSTM+Attention,test,77.737745_12.872273,2024-10-01,0.55462205,0.56529665
BiLSTM+Attention,test,77.737745_12.881256,2024-10-01,0.58564043,0.605976
BiLSTM+Attention,test,77.742237_12.697102,2024-10-01,0.66827154,0.6837454
BiLSTM+Attention,test,77.742237_12.764475,2024-10-01,0.47702125,0.48897642
BiLSTM+Attention,test,77.742237_12.795916,2024-10-01,0.47145346,0.49073282
BiLSTM+Attention,test,77.742237_12.8049,2024-10-01,0.5098838,0.5184451
BiLSTM+Attention,test,77.742237_12.86329,2024-10-01,0.42301735,0.45149446
BiLSTM+Attention,test,77.742237_12.867782,2024-10-01,0.5580377,0.5767059
BiLSTM+Attention,test,77.742237_12.89024,2024-10-01,0.5657492,0.5909958
BiLSTM+Attention,test,77.742237_12.899223,2024-10-01,0.55809563,0.57822037
BiLSTM+Attention,test,77.742237_12.921681,2024-10-01,0.48032406,0.49389318
BiLSTM+Attention,test,77.742237_12.980071,2024-10-01,0.53307825,0.54818946
BiLSTM+Attention,test,77.742237_13.002529,2024-10-01,0.5584352,0.58007026
BiLSTM+Attention,test,77.742237_13.016004,2024-10-01,0.5526444,0.5671225
BiLSTM+Attention,test,77.742237_13.038462,2024-10-01,0.404862,0.44073018
BiLSTM+Attention,test,77.746728_12.751001,2024-10-01,0.5104405,0.52016073
BiLSTM+Attention,test,77.746728_12.764475,2024-10-01,0.4991511,0.5053771
BiLSTM+Attention,test,77.746728_12.782442,2024-10-01,0.5567578,0.5761275
BiLSTM+Attention,test,77.746728_12.97558,2024-10-01,0.5537647,0.5727597
BiLSTM+Attention,test,77.746728_12.984563,2024-10-01,0.53120464,0.555438
BiLSTM+Attention,test,77.746728_13.016004,2024-10-01,0.57017374,0.60498637
BiLSTM+Attention,test,77.746728_13.020495,2024-10-01,0.6100088,0.63737494
BiLSTM+Attention,test,77.746728_13.024987,2024-10-01,0.50252587,0.52441984
BiLSTM+Attention,test,77.746728_13.038462,2024-10-01,0.41547087,0.45071164
BiLSTM+Attention,test,77.75122_12.751001,2024-10-01,0.49952462,0.5147276
BiLSTM+Attention,test,77.75122_12.755492,2024-10-01,0.5673344,0.5712616
BiLSTM+Attention,test,77.75122_12.768967,2024-10-01,0.46423206,0.47522625
BiLSTM+Attention,test,77.75122_12.77795,2024-10-01,0.51281214,0.5306779
BiLSTM+Attention,test,77.75122_12.894731,2024-10-01,0.48171547,0.5017762
BiLSTM+Attention,test,77.75122_12.993546,2024-10-01,0.4704757,0.4904922
BiLSTM+Attention,test,77.75122_13.020495,2024-10-01,0.5276034,0.54857105
BiLSTM+Attention,test,77.75122_13.03397,2024-10-01,0.45376152,0.4810938
BiLSTM+Attention,test,77.75122_13.038462,2024-10-01,0.37482798,0.4198703
BiLSTM+Attention,test,77.755711_12.706085,2024-10-01,0.57806015,0.59330124
BiLSTM+Attention,test,77.755711_12.764475,2024-10-01,0.81189656,0.7985446
BiLSTM+Attention,test,77.755711_12.77795,2024-10-01,0.49327683,0.5059263
BiLSTM+Attention,test,77.755711_12.822866,2024-10-01,0.47098026,0.4983597
BiLSTM+Attention,test,77.755711_12.831849,2024-10-01,0.4505232,0.47147933
BiLSTM+Attention,test,77.755711_12.858799,2024-10-01,0.5131321,0.53563285
BiLSTM+Attention,test,77.755711_12.885748,2024-10-01,0.5106776,0.5402553
BiLSTM+Attention,test,77.755711_12.899223,2024-10-01,0.44225696,0.4586073
BiLSTM+Attention,test,77.755711_12.903714,2024-10-01,0.4798232,0.50288266
BiLSTM+Attention,test,77.755711_12.926172,2024-10-01,0.5172033,0.53562737
BiLSTM+Attention,test,77.760203_12.751001,2024-10-01,0.5099259,0.515969
BiLSTM+Attention,test,77.760203_12.795916,2024-10-01,0.45019677,0.46602356
BiLSTM+Attention,test,77.760203_12.818374,2024-10-01,0.5777064,0.60147774
BiLSTM+Attention,test,77.760203_12.867782,2024-10-01,0.46804738,0.48159832
BiLSTM+Attention,test,77.760203_12.872273,2024-10-01,0.4825928,0.5040027
BiLSTM+Attention,test,77.760203_12.876765,2024-10-01,0.45341676,0.47159126
BiLSTM+Attention,test,77.760203_12.885748,2024-10-01,0.4766032,0.5080313
BiLSTM+Attention,test,77.760203_12.984563,2024-10-01,0.52420694,0.55229396
BiLSTM+Attention,test,77.764695_12.742018,2024-10-01,0.67904973,0.6917861
BiLSTM+Attention,test,77.764695_12.746509,2024-10-01,0.675337,0.6841957
BiLSTM+Attention,test,77.764695_12.813883,2024-10-01,0.5234559,0.5450782
BiLSTM+Attention,test,77.764695_12.849815,2024-10-01,0.48914772,0.5112916
BiLSTM+Attention,test,77.764695_12.885748,2024-10-01,0.50307643,0.5206187
BiLSTM+Attention,test,77.764695_12.912697,2024-10-01,0.5134743,0.53688896
BiLSTM+Attention,test,77.764695_13.03397,2024-10-01,0.37363017,0.415821
BiLSTM+Attention,test,77.769186_12.751001,2024-10-01,0.70948684,0.7094624
BiLSTM+Attention,test,77.769186_12.791425,2024-10-01,0.452721,0.46967566
BiLSTM+Attention,test,77.769186_12.800408,2024-10-01,0.51470804,0.54220474
BiLSTM+Attention,test,77.769186_12.8049,2024-10-01,0.5684792,0.5908776
BiLSTM+Attention,test,77.769186_12.809391,2024-10-01,0.47485417,0.502703
BiLSTM+Attention,test,77.769186_12.876765,2024-10-01,0.5178404,0.53607845
BiLSTM+Attention,test,77.769186_12.894731,2024-10-01,0.48106983,0.5097999
BiLSTM+Attention,test,77.769186_13.016004,2024-10-01,0.45822284,0.4825294
BiLSTM+Attention,test,77.773678_12.746509,2024-10-01,0.6905796,0.7033026
BiLSTM+Attention,test,77.773678_12.858799,2024-10-01,0.46030098,0.4790453
BiLSTM+Attention,test,77.773678_12.885748,2024-10-01,0.48582402,0.50888747
BiLSTM+Attention,test,77.773678_12.899223,2024-10-01,0.4439601,0.46309787
BiLSTM+Attention,test,77.773678_12.908206,2024-10-01,0.500414,0.52591085
BiLSTM+Attention,test,77.778169_12.809391,2024-10-01,0.45868725,0.4730293
BiLSTM+Attention,test,77.778169_12.885748,2024-10-01,0.5123311,0.53068966
BiLSTM+Attention,test,77.782661_12.786933,2024-10-01,0.4414761,0.46037897
BiLSTM+Attention,test,77.782661_12.791425,2024-10-01,0.49373454,0.51232594
BiLSTM+Attention,test,77.782661_12.89024,2024-10-01,0.50389427,0.52534604
BiLSTM+Attention,test,77.787152_12.786933,2024-10-01,0.46587253,0.4797835
BiLSTM+Attention,test,77.787152_12.849815,2024-10-01,0.47000092,0.49083653
BiLSTM+Attention,test,77.787152_12.867782,2024-10-01,0.44901046,0.4670536
BiLSTM+Attention,test,77.791644_12.8049,2024-10-01,0.48891792,0.5108679
BiLSTM+Attention,test,77.791644_12.899223,2024-10-01,0.46027634,0.48406366
BiLSTM+Attention,test,77.796136_12.854307,2024-10-01,0.44675073,0.47228432
BiLSTM+Attention,test,77.796136_12.885748,2024-10-01,0.5236128,0.5306555
BiLSTM+Attention,test,77.800627_12.876765,2024-10-01,0.51576823,0.534695
BiLSTM+Attention,test,77.800627_12.885748,2024-10-01,0.47686538,0.4964636
BiLSTM+Attention,test,77.805119_12.876765,2024-10-01,0.5288068,0.54674315
BiLSTM+Attention,test,77.805119_12.89024,2024-10-01,0.49891824,0.51417655
BiLSTM+Attention,test,77.80961_12.858799,2024-10-01,0.49718702,0.52010024
BiLSTM+Attention,test,77.80961_12.86329,2024-10-01,0.46756658,0.49442443
BiLSTM+Attention,test,77.342486_12.926172,2024-11-01,0.7632813,0.7574421
BiLSTM+Attention,test,77.369436_12.881256,2024-11-01,0.45741054,0.4901276
BiLSTM+Attention,test,77.391894_12.881256,2024-11-01,0.47286192,0.5073272
BiLSTM+Attention,test,77.391894_12.885748,2024-11-01,0.5179057,0.5388074
BiLSTM+Attention,test,77.405368_13.105835,2024-11-01,0.42957568,0.44812647
BiLSTM+Attention,test,77.405368_13.11931,2024-11-01,0.4047144,0.42547438
BiLSTM+Attention,test,77.414352_12.989054,2024-11-01,0.40721357,0.42003042
BiLSTM+Attention,test,77.414352_12.993546,2024-11-01,0.42477256,0.44752112
BiLSTM+Attention,test,77.414352_13.11931,2024-11-01,0.42029455,0.4467865
BiLSTM+Attention,test,77.418843_12.993546,2024-11-01,0.44274625,0.45984486
BiLSTM+Attention,test,77.432318_12.957613,2024-11-01,0.42986244,0.44574764
BiLSTM+Attention,test,77.432318_12.998037,2024-11-01,0.3897278,0.41571704
BiLSTM+Attention,test,77.436809_12.944139,2024-11-01,0.41709706,0.44337955
BiLSTM+Attention,test,77.441301_12.944139,2024-11-01,0.4967908,0.5127602
BiLSTM+Attention,test,77.441301_12.94863,2024-11-01,0.4588516,0.4819535
BiLSTM+Attention,test,77.441301_13.110327,2024-11-01,0.44406956,0.45500836
BiLSTM+Attention,test,77.445793_12.957613,2024-11-01,0.4848856,0.50693625
BiLSTM+Attention,test,77.445793_12.984563,2024-11-01,0.4478249,0.47784147
BiLSTM+Attention,test,77.450284_12.993546,2024-11-01,0.3480504,0.3882424
BiLSTM+Attention,test,77.450284_13.146259,2024-11-01,0.54384035,0.54326844
BiLSTM+Attention,test,77.454776_12.993546,2024-11-01,0.394244,0.42210785
BiLSTM+Attention,test,77.454776_13.141768,2024-11-01,0.5255121,0.5333039
BiLSTM+Attention,test,77.459267_13.11931,2024-11-01,0.47756276,0.48068365
BiLSTM+Attention,test,77.46825_12.94863,2024-11-01,0.5247546,0.5506837
BiLSTM+Attention,test,77.46825_12.966596,2024-11-01,0.46736753,0.48413518
BiLSTM+Attention,test,77.46825_13.1777,2024-11-01,0.48191044,0.4991827
BiLSTM+Attention,test,77.472742_12.984563,2024-11-01,0.43379655,0.4723585
BiLSTM+Attention,test,77.477234_12.944139,2024-11-01,0.4795702,0.51135164
BiLSTM+Attention,test,77.477234_12.94863,2024-11-01,0.50239486,0.5292787
BiLSTM+Attention,test,77.477234_12.971088,2024-11-01,0.51187986,0.5317355
BiLSTM+Attention,test,77.481725_12.944139,2024-11-01,0.48739448,0.52016085
BiLSTM+Attention,test,77.481725_12.971088,2024-11-01,0.41517192,0.44104233
BiLSTM+Attention,test,77.486217_12.764475,2024-11-01,0.510813,0.5509207
BiLSTM+Attention,test,77.490708_13.182192,2024-11-01,0.4595536,0.48170522
BiLSTM+Attention,test,77.490708_13.209142,2024-11-01,0.42860374,0.46846345
BiLSTM+Attention,test,77.4952_12.786933,2024-11-01,0.4684805,0.5184906
BiLSTM+Attention,test,77.4952_13.182192,2024-11-01,0.48316303,0.49792197
BiLSTM+Attention,test,77.499692_13.168717,2024-11-01,0.50347865,0.50081104
BiLSTM+Attention,test,77.504183_12.786933,2024-11-01,0.54495937,0.58836335
BiLSTM+Attention,test,77.504183_13.159734,2024-11-01,0.5580061,0.5556456
BiLSTM+Attention,test,77.504183_13.195667,2024-11-01,0.41602418,0.45542413
BiLSTM+Attention,test,77.508675_12.795916,2024-11-01,0.5764559,0.6086699
BiLSTM+Attention,test,77.508675_13.159734,2024-11-01,0.56595606,0.5681525
BiLSTM+Attention,test,77.508675_13.191175,2024-11-01,0.40284318,0.44758826
BiLSTM+Attention,test,77.513166_12.746509,2024-11-01,0.7716024,0.8018073
BiLSTM+Attention,test,77.513166_12.77795,2024-11-01,0.646156,0.67185235
BiLSTM+Attention,test,77.513166_13.1777,2024-11-01,0.46738032,0.46400246
BiLSTM+Attention,test,77.517658_12.77795,2024-11-01,0.6118076,0.63527167
BiLSTM+Attention,test,77.517658_13.186684,2024-11-01,0.48491302,0.49318597
BiLSTM+Attention,test,77.517658_13.191175,2024-11-01,0.4293765,0.4535745
BiLSTM+Attention,test,77.522149_13.146259,2024-11-01,0.39770755,0.42202902
BiLSTM+Attention,test,77.522149_13.200158,2024-11-01,0.48548722,0.51588756
BiLSTM+Attention,test,77.531133_13.195667,2024-11-01,0.5078817,0.53628564
BiLSTM+Attention,test,77.535624_13.195667,2024-11-01,0.41479215,0.45677635
BiLSTM+Attention,test,77.540116_13.042953,2024-11-01,0.6065753,0.5994442
BiLSTM+Attention,test,77.540116_13.114818,2024-11-01,0.47001296,0.4662865
BiLSTM+Attention,test,77.544607_13.218125,2024-11-01,0.52082974,0.51890135
BiLSTM+Attention,test,77.549099_12.845324,2024-11-01,0.65547127,0.6543748
BiLSTM+Attention,test,77.55359_12.71956,2024-11-01,0.7604232,0.7960445
BiLSTM+Attention,test,77.55359_12.849815,2024-11-01,0.6262806,0.6429979
BiLSTM+Attention,test,77.55359_13.069903,2024-11-01,0.7428908,0.75319755
BiLSTM+Attention,test,77.55359_13.110327,2024-11-01,0.509425,0.5231442
BiLSTM+Attention,test,77.55359_13.168717,2024-11-01,0.5051654,0.5297192
BiLSTM+Attention,test,77.55359_13.173209,2024-11-01,0.42827582,0.4535378
BiLSTM+Attention,test,77.558082_13.042953,2024-11-01,0.67858535,0.68721026
BiLSTM+Attention,test,77.558082_13.051936,2024-11-01,0.70814806,0.72798854
BiLSTM+Attention,test,77.558082_13.110327,2024-11-01,0.5254784,0.543972
BiLSTM+Attention,test,77.558082_13.1777,2024-11-01,0.47749966,0.50064206
BiLSTM+Attention,test,77.562574_12.71956,2024-11-01,0.7680658,0.80723184
BiLSTM+Attention,test,77.567065_12.724051,2024-11-01,0.7352932,0.7818976
BiLSTM+Attention,test,77.567065_13.105835,2024-11-01,0.5922704,0.606716
BiLSTM+Attention,test,77.567065_13.114818,2024-11-01,0.67070043,0.6879485
BiLSTM+Attention,test,77.567065_13.182192,2024-11-01,0.5243762,0.53708655
BiLSTM+Attention,test,77.571557_12.71956,2024-11-01,0.771338,0.79005516
BiLSTM+Attention,test,77.576048_12.71956,2024-11-01,0.74999017,0.7682475
BiLSTM+Attention,test,77.576048_12.728543,2024-11-01,0.7696467,0.7845809
BiLSTM+Attention,test,77.585031_13.042953,2024-11-01,0.7238471,0.7096714
BiLSTM+Attention,test,77.585031_13.137276,2024-11-01,0.5019368,0.5032789
BiLSTM+Attention,test,77.589523_12.71956,2024-11-01,0.8355901,0.85105056
BiLSTM+Attention,test,77.589523_12.746509,2024-11-01,0.7398836,0.752001
BiLSTM+Attention,test,77.589523_12.971088,2024-11-01,0.7850397,0.78765076
BiLSTM+Attention,test,77.594015_12.724051,2024-11-01,0.8342254,0.8620971
BiLSTM+Attention,test,77.594015_12.733034,2024-11-01,0.80791986,0.841119
BiLSTM+Attention,test,77.594015_12.831849,2024-11-01,0.61114234,0.63259953
BiLSTM+Attention,test,77.594015_12.998037,2024-11-01,0.7737882,0.76802367
BiLSTM+Attention,test,77.598506_12.665661,2024-11-01,0.7970948,0.8161383
BiLSTM+Attention,test,77.598506_12.710577,2024-11-01,0.6898863,0.73413444
BiLSTM+Attention,test,77.598506_12.822866,2024-11-01,0.63660747,0.6606594
BiLSTM+Attention,test,77.598506_13.083377,2024-11-01,0.6231235,0.6242563
BiLSTM+Attention,test,77.598506_13.128293,2024-11-01,0.5890149,0.60279065
BiLSTM+Attention,test,77.602998_12.710577,2024-11-01,0.7222606,0.75256205
BiLSTM+Attention,test,77.602998_12.827358,2024-11-01,0.5142034,0.52647644
BiLSTM+Attention,test,77.602998_13.114818,2024-11-01,0.6156023,0.603919
BiLSTM+Attention,test,77.602998_13.11931,2024-11-01,0.60051244,0.6064069
BiLSTM+Attention,test,77.602998_13.128293,2024-11-01,0.5448289,0.56835735
BiLSTM+Attention,test,77.602998_13.164226,2024-11-01,0.49648196,0.51645505
BiLSTM+Attention,test,77.607489_12.768967,2024-11-01,0.6356362,0.6570495
BiLSTM+Attention,test,77.607489_12.773459,2024-11-01,0.61184937,0.63395053
BiLSTM+Attention,test,77.607489_12.791425,2024-11-01,0.5608954,0.5879662
BiLSTM+Attention,test,77.607489_12.809391,2024-11-01,0.6750495,0.6895859
BiLSTM+Attention,test,77.607489_12.818374,2024-11-01,0.719409,0.7427343
BiLSTM+Attention,test,77.607489_13.087869,2024-11-01,0.75938267,0.76466846
BiLSTM+Attention,test,77.611981_12.768967,2024-11-01,0.5878373,0.61658376
BiLSTM+Attention,test,77.611981_12.953122,2024-11-01,0.7459075,0.76089597
BiLSTM+Attention,test,77.611981_13.168717,2024-11-01,0.455794,0.46856984
BiLSTM+Attention,test,77.611981_13.182192,2024-11-01,0.40144762,0.42694
BiLSTM+Attention,test,77.616473_13.114818,2024-11-01,0.5900251,0.6028727
BiLSTM+Attention,test,77.616473_13.141768,2024-11-01,0.47507036,0.4940246
BiLSTM+Attention,test,77.616473_13.1777,2024-11-01,0.4158293,0.43764746
BiLSTM+Attention,test,77.620964_12.795916,2024-11-01,0.45306566,0.48471758
BiLSTM+Attention,test,77.620964_12.813883,2024-11-01,0.46252775,0.49296853
BiLSTM+Attention,test,77.625456_12.782442,2024-11-01,0.53284925,0.56478983
BiLSTM+Attention,test,77.625456_13.065411,2024-11-01,0.41093034,0.43973055
BiLSTM+Attention,test,77.625456_13.155243,2024-11-01,0.66965145,0.6719266
BiLSTM+Attention,test,77.625456_13.182192,2024-11-01,0.47691363,0.49008808
BiLSTM+Attention,test,77.629947_12.795916,2024-11-01,0.7994481,0.8128553
BiLSTM+Attention,test,77.629947_12.809391,2024-11-01,0.5025118,0.5189883
BiLSTM+Attention,test,77.629947_12.854307,2024-11-01,0.51614183,0.527052
BiLSTM+Attention,test,77.629947_13.06092,2024-11-01,0.43701312,0.46323773
BiLSTM+Attention,test,77.629947_13.087869,2024-11-01,0.4730787,0.48308182
BiLSTM+Attention,test,77.629947_13.1777,2024-11-01,0.49089244,0.4881496
BiLSTM+Attention,test,77.634439_12.679136,2024-11-01,0.79247195,0.8146887
BiLSTM+Attention,test,77.634439_12.701593,2024-11-01,0.7552579,0.765509
BiLSTM+Attention,test,77.634439_12.733034,2024-11-01,0.5007944,0.5308316
BiLSTM+Attention,test,77.634439_12.746509,2024-11-01,0.5414724,0.5645988
BiLSTM+Attention,test,77.634439_12.751001,2024-11-01,0.53596324,0.56279266
BiLSTM+Attention,test,77.634439_13.047445,2024-11-01,0.49635345,0.5134304
BiLSTM+Attention,test,77.634439_13.083377,2024-11-01,0.42900664,0.4603437
BiLSTM+Attention,test,77.634439_13.137276,2024-11-01,0.44582316,0.461477
BiLSTM+Attention,test,77.63893_12.688119,2024-11-01,0.71155214,0.7360957
BiLSTM+Attention,test,77.63893_12.742018,2024-11-01,0.5429613,0.57588726
BiLSTM+Attention,test,77.63893_12.791425,2024-11-01,0.55287087,0.57929486
BiLSTM+Attention,test,77.63893_12.800408,2024-11-01,0.4932808,0.51954204
BiLSTM+Attention,test,77.63893_12.840832,2024-11-01,0.63833004,0.67244714
BiLSTM+Attention,test,77.63893_13.056428,2024-11-01,0.5466285,0.5608556
BiLSTM+Attention,test,77.63893_13.078886,2024-11-01,0.45188174,0.4802281
BiLSTM+Attention,test,77.63893_13.083377,2024-11-01,0.43105367,0.45710522
BiLSTM+Attention,test,77.643422_12.795916,2024-11-01,0.50487715,0.5215452
BiLSTM+Attention,test,77.643422_12.800408,2024-11-01,0.5036784,0.5279753
BiLSTM+Attention,test,77.643422_12.809391,2024-11-01,0.52812636,0.54627705
BiLSTM+Attention,test,77.643422_13.002529,2024-11-01,0.5585703,0.57030165
BiLSTM+Attention,test,77.643422_13.164226,2024-11-01,0.5938317,0.60846317
BiLSTM+Attention,test,77.647914_12.688119,2024-11-01,0.7340462,0.7475262
BiLSTM+Attention,test,77.647914_12.733034,2024-11-01,0.55567455,0.5869549
BiLSTM+Attention,test,77.647914_13.141768,2024-11-01,0.7022757,0.71234566
BiLSTM+Attention,test,77.647914_13.168717,2024-11-01,0.74439996,0.74141926
BiLSTM+Attention,test,77.652405_12.697102,2024-11-01,0.714149,0.72505665
BiLSTM+Attention,test,77.652405_12.773459,2024-11-01,0.49669492,0.5229131
BiLSTM+Attention,test,77.652405_12.795916,2024-11-01,0.4485187,0.47169295
BiLSTM+Attention,test,77.652405_12.8049,2024-11-01,0.5475122,0.57463884
BiLSTM+Attention,test,77.652405_13.002529,2024-11-01,0.55414855,0.5540026
BiLSTM+Attention,test,77.656897_12.742018,2024-11-01,0.55776715,0.5813635
BiLSTM+Attention,test,77.656897_12.746509,2024-11-01,0.5486053,0.5714642
BiLSTM+Attention,test,77.656897_12.768967,2024-11-01,0.5398651,0.5660117
BiLSTM+Attention,test,77.656897_12.791425,2024-11-01,0.45500112,0.48562196
BiLSTM+Attention,test,77.656897_12.800408,2024-11-01,0.56365895,0.59462166
BiLSTM+Attention,test,77.656897_12.831849,2024-11-01,0.5816595,0.6120044
BiLSTM+Attention,test,77.656897_13.164226,2024-11-01,0.48644733,0.48934838
BiLSTM+Attention,test,77.656897_13.173209,2024-11-01,0.4320922,0.45521262
BiLSTM+Attention,test,77.661388_12.737526,2024-11-01,0.5786986,0.6133306
BiLSTM+Attention,test,77.661388_12.759984,2024-11-01,0.5848953,0.5957811
BiLSTM+Attention,test,77.661388_13.056428,2024-11-01,0.47631317,0.492821
BiLSTM+Attention,test,77.661388_13.074394,2024-11-01,0.5608006,0.5656802
BiLSTM+Attention,test,77.661388_13.110327,2024-11-01,0.5359808,0.55808693
BiLSTM+Attention,test,77.661388_13.11931,2024-11-01,0.6145886,0.6313544
BiLSTM+Attention,test,77.66588_12.679136,2024-11-01,0.6766311,0.69698715
BiLSTM+Attention,test,77.66588_12.697102,2024-11-01,0.65261716,0.6729408
BiLSTM+Attention,test,77.66588_12.715068,2024-11-01,0.66025645,0.68536425
BiLSTM+Attention,test,77.66588_12.724051,2024-11-01,0.6292343,0.6624772
BiLSTM+Attention,test,77.66588_12.751001,2024-11-01,0.5277801,0.5510694
BiLSTM+Attention,test,77.66588_12.755492,2024-11-01,0.58188236,0.61305535
BiLSTM+Attention,test,77.66588_12.764475,2024-11-01,0.57366025,0.6020464
BiLSTM+Attention,test,77.66588_12.768967,2024-11-01,0.7201108,0.7415022
BiLSTM+Attention,test,77.66588_12.791425,2024-11-01,0.6176407,0.64830995
BiLSTM+Attention,test,77.66588_13.038462,2024-11-01,0.4748714,0.4919253
BiLSTM+Attention,test,77.66588_13.051936,2024-11-01,0.52999014,0.5325624
BiLSTM+Attention,test,77.66588_13.173209,2024-11-01,0.42310485,0.44363543
BiLSTM+Attention,test,77.670371_12.71956,2024-11-01,0.66295016,0.69923055
BiLSTM+Attention,test,77.670371_12.881256,2024-11-01,0.47923404,0.5077707
BiLSTM+Attention,test,77.670371_13.083377,2024-11-01,0.411287,0.43446505
BiLSTM+Attention,test,77.670371_13.128293,2024-11-01,0.5336076,0.53475195
BiLSTM+Attention,test,77.674863_12.674644,2024-11-01,0.7302005,0.76982576
BiLSTM+Attention,test,77.674863_12.71956,2024-11-01,0.6721378,0.708103
BiLSTM+Attention,test,77.674863_12.755492,2024-11-01,0.5289079,0.55841434
BiLSTM+Attention,test,77.674863_12.764475,2024-11-01,0.5218844,0.5499665
BiLSTM+Attention,test,77.674863_12.786933,2024-11-01,0.5178961,0.55291045
BiLSTM+Attention,test,77.674863_12.836341,2024-11-01,0.52958935,0.5634665
BiLSTM+Attention,test,77.674863_13.051936,2024-11-01,0.53547513,0.538578
BiLSTM+Attention,test,77.679355_12.697102,2024-11-01,0.54489976,0.5671141
BiLSTM+Attention,test,77.679355_12.746509,2024-11-01,0.6995814,0.7232817
BiLSTM+Attention,test,77.679355_12.89024,2024-11-01,0.53201985,0.54321855
BiLSTM+Attention,test,77.679355_13.056428,2024-11-01,0.49174532,0.48936924
BiLSTM+Attention,test,77.679355_13.141768,2024-11-01,0.51536703,0.54168665
BiLSTM+Attention,test,77.679355_13.155243,2024-11-01,0.43377236,0.45104256
BiLSTM+Attention,test,77.679355_13.159734,2024-11-01,0.4627152,0.4857418
BiLSTM+Attention,test,77.683846_12.728543,2024-11-01,0.56319296,0.6046643
BiLSTM+Attention,test,77.683846_12.742018,2024-11-01,0.5345584,0.54928726
BiLSTM+Attention,test,77.683846_12.755492,2024-11-01,0.73342735,0.7554419
BiLSTM+Attention,test,77.683846_12.795916,2024-11-01,0.5224298,0.5434599
BiLSTM+Attention,test,77.683846_12.8049,2024-11-01,0.5050227,0.53497255
BiLSTM+Attention,test,77.683846_12.836341,2024-11-01,0.59680516,0.6344569
BiLSTM+Attention,test,77.683846_12.840832,2024-11-01,0.61015564,0.64422697
BiLSTM+Attention,test,77.683846_13.06092,2024-11-01,0.48447087,0.49509183
BiLSTM+Attention,test,77.683846_13.074394,2024-11-01,0.42506757,0.43957397
BiLSTM+Attention,test,77.683846_13.11931,2024-11-01,0.40773574,0.42261663
BiLSTM+Attention,test,77.683846_13.123802,2024-11-01,0.47032797,0.48106876
BiLSTM+Attention,test,77.688338_12.656678,2024-11-01,0.7417195,0.7476322
BiLSTM+Attention,test,77.688338_12.69261,2024-11-01,0.82035524,0.8371589
BiLSTM+Attention,test,77.688338_12.697102,2024-11-01,0.83142287,0.8484467
BiLSTM+Attention,test,77.688338_12.710577,2024-11-01,0.8203603,0.83832616
BiLSTM+Attention,test,77.688338_12.751001,2024-11-01,0.59866285,0.62961733
BiLSTM+Attention,test,77.688338_12.755492,2024-11-01,0.5658831,0.5836009
BiLSTM+Attention,test,77.688338_12.876765,2024-11-01,0.79572666,0.8055012
BiLSTM+Attention,test,77.688338_12.885748,2024-11-01,0.50206065,0.527924
BiLSTM+Attention,test,77.688338_12.966596,2024-11-01,0.5807492,0.5934952
BiLSTM+Attention,test,77.692829_12.746509,2024-11-01,0.47781375,0.5092628
BiLSTM+Attention,test,77.692829_12.800408,2024-11-01,0.4644025,0.4990584
BiLSTM+Attention,test,77.692829_12.845324,2024-11-01,0.65801203,0.66913617
BiLSTM+Attention,test,77.692829_12.885748,2024-11-01,0.5548106,0.56940323
BiLSTM+Attention,test,77.692829_12.899223,2024-11-01,0.48738363,0.50129956
BiLSTM+Attention,test,77.692829_13.047445,2024-11-01,0.80146986,0.7829415
BiLSTM+Attention,test,77.692829_13.06092,2024-11-01,0.59688413,0.6151148
BiLSTM+Attention,test,77.692829_13.065411,2024-11-01,0.5758993,0.5890043
BiLSTM+Attention,test,77.692829_13.083377,2024-11-01,0.4262384,0.4397909
BiLSTM+Attention,test,77.692829_13.096852,2024-11-01,0.42388085,0.44263402
BiLSTM+Attention,test,77.692829_13.132785,2024-11-01,0.4209108,0.4384521
BiLSTM+Attention,test,77.692829_13.155243,2024-11-01,0.41604188,0.44292918
BiLSTM+Attention,test,77.697321_12.697102,2024-11-01,0.83556336,0.84279686
BiLSTM+Attention,test,77.697321_12.751001,2024-11-01,0.5352675,0.56471103
BiLSTM+Attention,test,77.697321_12.773459,2024-11-01,0.4722314,0.50309163
BiLSTM+Attention,test,77.697321_12.791425,2024-11-01,0.5794685,0.6061925
BiLSTM+Attention,test,77.697321_12.885748,2024-11-01,0.5494374,0.56750464
BiLSTM+Attention,test,77.697321_12.894731,2024-11-01,0.5087093,0.51822376
BiLSTM+Attention,test,77.697321_12.930664,2024-11-01,0.5003923,0.5227357
BiLSTM+Attention,test,77.697321_13.132785,2024-11-01,0.41758856,0.44707742
BiLSTM+Attention,test,77.697321_13.150751,2024-11-01,0.46551812,0.48704174
BiLSTM+Attention,test,77.701812_12.742018,2024-11-01,0.50374645,0.53390765
BiLSTM+Attention,test,77.701812_12.77795,2024-11-01,0.47858095,0.5016639
BiLSTM+Attention,test,77.701812_12.8049,2024-11-01,0.55915076,0.59346026
BiLSTM+Attention,test,77.701812_12.822866,2024-11-01,0.54325634,0.5642494
BiLSTM+Attention,test,77.701812_12.872273,2024-11-01,0.4561019,0.47929558
BiLSTM+Attention,test,77.701812_12.984563,2024-11-01,0.48644972,0.5063726
BiLSTM+Attention,test,77.701812_13.03397,2024-11-01,0.44430298,0.4567012
BiLSTM+Attention,test,77.701812_13.164226,2024-11-01,0.45311508,0.48753706
BiLSTM+Attention,test,77.706304_12.746509,2024-11-01,0.5147805,0.54084873
BiLSTM+Attention,test,77.706304_12.751001,2024-11-01,0.5305838,0.55530596
BiLSTM+Attention,test,77.706304_12.759984,2024-11-01,0.42067227,0.46675053
BiLSTM+Attention,test,77.706304_12.764475,2024-11-01,0.4910533,0.52346164
BiLSTM+Attention,test,77.706304_12.86329,2024-11-01,0.39766878,0.43144378
BiLSTM+Attention,test,77.706304_12.984563,2024-11-01,0.48910677,0.50981486
BiLSTM+Attention,test,77.706304_13.038462,2024-11-01,0.44243753,0.4559088
BiLSTM+Attention,test,77.706304_13.042953,2024-11-01,0.520511,0.5342488
BiLSTM+Attention,test,77.706304_13.137276,2024-11-01,0.7757012,0.77711165
BiLSTM+Attention,test,77.710796_12.715068,2024-11-01,0.62335724,0.6686446
BiLSTM+Attention,test,77.710796_12.894731,2024-11-01,0.5944267,0.611138
BiLSTM+Attention,test,77.710796_12.899223,2024-11-01,0.51698685,0.53701055
BiLSTM+Attention,test,77.710796_12.912697,2024-11-01,0.45417795,0.47552672
BiLSTM+Attention,test,77.710796_13.03397,2024-11-01,0.45924503,0.48555174
BiLSTM+Attention,test,77.710796_13.150751,2024-11-01,0.40833846,0.43820962
BiLSTM+Attention,test,77.710796_13.168717,2024-11-01,0.51095915,0.54054666
BiLSTM+Attention,test,77.710796_13.173209,2024-11-01,0.5176168,0.5416975
BiLSTM+Attention,test,77.715287_12.679136,2024-11-01,0.71182543,0.732173
BiLSTM+Attention,test,77.715287_12.742018,2024-11-01,0.49674812,0.531587
BiLSTM+Attention,test,77.715287_12.773459,2024-11-01,0.4820237,0.5058887
BiLSTM+Attention,test,77.715287_12.822866,2024-11-01,0.51526767,0.55666274
BiLSTM+Attention,test,77.715287_12.827358,2024-11-01,0.46467555,0.50435257
BiLSTM+Attention,test,77.715287_12.845324,2024-11-01,0.41794184,0.45210868
BiLSTM+Attention,test,77.715287_12.885748,2024-11-01,0.56902224,0.58217144
BiLSTM+Attention,test,77.715287_12.899223,2024-11-01,0.4169954,0.44746122
BiLSTM+Attention,test,77.715287_12.939647,2024-11-01,0.7121486,0.7254814
BiLSTM+Attention,test,77.715287_12.944139,2024-11-01,0.7470546,0.74996865
BiLSTM+Attention,test,77.715287_12.94863,2024-11-01,0.60145086,0.6202893
BiLSTM+Attention,test,77.715287_13.016004,2024-11-01,0.53970474,0.5531849
BiLSTM+Attention,test,77.715287_13.029478,2024-11-01,0.39674637,0.41704267
BiLSTM+Attention,test,77.715287_13.038462,2024-11-01,0.52296555,0.533778
BiLSTM+Attention,test,77.715287_13.051936,2024-11-01,0.5413638,0.5357415
BiLSTM+Attention,test,77.715287_13.056428,2024-11-01,0.43787876,0.44987866
BiLSTM+Attention,test,77.719779_12.706085,2024-11-01,0.6447338,0.68848723
BiLSTM+Attention,test,77.719779_12.746509,2024-11-01,0.7124427,0.73583835
BiLSTM+Attention,test,77.719779_12.795916,2024-11-01,0.48961604,0.51904947
BiLSTM+Attention,test,77.719779_12.840832,2024-11-01,0.5342929,0.56519175
BiLSTM+Attention,test,77.719779_12.903714,2024-11-01,0.4339651,0.45911878
BiLSTM+Attention,test,77.719779_13.123802,2024-11-01,0.43590075,0.4656243
BiLSTM+Attention,test,77.719779_13.155243,2024-11-01,0.43618277,0.4610972
BiLSTM+Attention,test,77.72427_12.674644,2024-11-01,0.56759053,0.5860792
BiLSTM+Attention,test,77.72427_12.697102,2024-11-01,0.5108112,0.54116213
BiLSTM+Attention,test,77.72427_12.701593,2024-11-01,0.54767925,0.5795877
BiLSTM+Attention,test,77.72427_12.724051,2024-11-01,0.538399,0.5694293
BiLSTM+Attention,test,77.72427_12.786933,2024-11-01,0.4995859,0.5179987
BiLSTM+Attention,test,77.72427_12.791425,2024-11-01,0.4988699,0.5325909
BiLSTM+Attention,test,77.72427_12.840832,2024-11-01,0.50492716,0.54106206
BiLSTM+Attention,test,77.72427_12.867782,2024-11-01,0.45356885,0.47585312
BiLSTM+Attention,test,77.72427_12.885748,2024-11-01,0.49413627,0.5154271
BiLSTM+Attention,test,77.72427_13.024987,2024-11-01,0.8097614,0.81613165
BiLSTM+Attention,test,77.728762_12.706085,2024-11-01,0.66192687,0.68322045
BiLSTM+Attention,test,77.728762_12.724051,2024-11-01,0.6485745,0.68548065
BiLSTM+Attention,test,77.728762_12.759984,2024-11-01,0.5292431,0.5487607
BiLSTM+Attention,test,77.728762_12.782442,2024-11-01,0.55500865,0.5649159
BiLSTM+Attention,test,77.728762_12.809391,2024-11-01,0.52249783,0.525022
BiLSTM+Attention,test,77.728762_12.858799,2024-11-01,0.5497581,0.57568395
BiLSTM+Attention,test,77.728762_12.876765,2024-11-01,0.56293845,0.58313715
BiLSTM+Attention,test,77.728762_12.885748,2024-11-01,0.4919955,0.50586605
BiLSTM+Attention,test,77.728762_13.047445,2024-11-01,0.509112,0.51479596
BiLSTM+Attention,test,77.733253_12.755492,2024-11-01,0.4672803,0.4899138
BiLSTM+Attention,test,77.733253_12.795916,2024-11-01,0.4977003,0.52161103
BiLSTM+Attention,test,77.733253_12.86329,2024-11-01,0.57875943,0.59475815
BiLSTM+Attention,test,77.733253_12.872273,2024-11-01,0.5620788,0.59772253
BiLSTM+Attention,test,77.733253_12.998037,2024-11-01,0.63220197,0.6491827
BiLSTM+Attention,test,77.737745_12.764475,2024-11-01,0.4510896,0.4861065
BiLSTM+Attention,test,77.737745_12.791425,2024-11-01,0.48667294,0.51414883
BiLSTM+Attention,test,77.737745_12.809391,2024-11-01,0.4706669,0.4996009
BiLSTM+Attention,test,77.737745_12.858799,2024-11-01,0.50340414,0.5277029
BiLSTM+Attention,test,77.737745_12.872273,2024-11-01,0.5601566,0.57944053
BiLSTM+Attention,test,77.737745_12.881256,2024-11-01,0.58671695,0.61250854
BiLSTM+Attention,test,77.742237_12.697102,2024-11-01,0.67511755,0.6988949
BiLSTM+Attention,test,77.742237_12.764475,2024-11-01,0.48260552,0.50760263
BiLSTM+Attention,test,77.742237_12.795916,2024-11-01,0.47771332,0.50811756
BiLSTM+Attention,test,77.742237_12.8049,2024-11-01,0.51325995,0.5323233
BiLSTM+Attention,test,77.742237_12.86329,2024-11-01,0.43453482,0.46562222
BiLSTM+Attention,test,77.742237_12.867782,2024-11-01,0.5770792,0.5910131
BiLSTM+Attention,test,77.742237_12.89024,2024-11-01,0.57364583,0.58783865
BiLSTM+Attention,test,77.742237_12.899223,2024-11-01,0.5569029,0.58018047
BiLSTM+Attention,test,77.742237_12.921681,2024-11-01,0.4860578,0.5006985
BiLSTM+Attention,test,77.742237_12.980071,2024-11-01,0.5332822,0.5521458
BiLSTM+Attention,test,77.742237_13.002529,2024-11-01,0.5619521,0.583548
BiLSTM+Attention,test,77.742237_13.016004,2024-11-01,0.56106275,0.57006854
BiLSTM+Attention,test,77.742237_13.038462,2024-11-01,0.42842633,0.4425153
BiLSTM+Attention,test,77.746728_12.751001,2024-11-01,0.50724816,0.5383167
BiLSTM+Attention,test,77.746728_12.764475,2024-11-01,0.5018512,0.52431524
BiLSTM+Attention,test,77.746728_12.782442,2024-11-01,0.54905915,0.5897584
BiLSTM+Attention,test,77.746728_12.97558,2024-11-01,0.5561316,0.5805588
BiLSTM+Attention,test,77.746728_12.984563,2024-11-01,0.541909,0.5595559
BiLSTM+Attention,test,77.746728_13.016004,2024-11-01,0.5897732,0.6103457
BiLSTM+Attention,test,77.746728_13.020495,2024-11-01,0.62608653,0.64206874
BiLSTM+Attention,test,77.746728_13.024987,2024-11-01,0.52096415,0.5254106
BiLSTM+Attention,test,77.746728_13.038462,2024-11-01,0.43214333,0.45034382
BiLSTM+Attention,test,77.75122_12.751001,2024-11-01,0.5005856,0.53412163
BiLSTM+Attention,test,77.75122_12.755492,2024-11-01,0.5825438,0.5906133
BiLSTM+Attention,test,77.75122_12.768967,2024-11-01,0.46825606,0.4908835
BiLSTM+Attention,test,77.75122_12.894731,2024-11-01,0.47710848,0.5126947
BiLSTM+Attention,test,77.75122_12.993546,2024-11-01,0.5019732,0.4931557
BiLSTM+Attention,test,77.75122_13.020495,2024-11-01,0.5438279,0.55105835
BiLSTM+Attention,test,77.75122_13.03397,2024-11-01,0.47451717,0.48074958
BiLSTM+Attention,test,77.75122_13.038462,2024-11-01,0.388633,0.41761154
BiLSTM+Attention,test,77.755711_12.706085,2024-11-01,0.5734636,0.6133985
BiLSTM+Attention,test,77.755711_12.764475,2024-11-01,0.80436516,0.82162035
BiLSTM+Attention,test,77.755711_12.822866,2024-11-01,0.47538987,0.5100992
BiLSTM+Attention,test,77.755711_12.831849,2024-11-01,0.44924158,0.48162302
BiLSTM+Attention,test,77.755711_12.858799,2024-11-01,0.5067963,0.5463352
BiLSTM+Attention,test,77.755711_12.885748,2024-11-01,0.52144784,0.5409567
BiLSTM+Attention,test,77.755711_12.899223,2024-11-01,0.44353944,0.47094586
BiLSTM+Attention,test,77.755711_12.903714,2024-11-01,0.49554867,0.5110336
BiLSTM+Attention,test,77.755711_12.926172,2024-11-01,0.5219762,0.5435154
BiLSTM+Attention,test,77.760203_12.751001,2024-11-01,0.51788735,0.532451
BiLSTM+Attention,test,77.760203_12.795916,2024-11-01,0.45475617,0.48209468
BiLSTM+Attention,test,77.760203_12.818374,2024-11-01,0.5754231,0.61721724
BiLSTM+Attention,test,77.760203_12.867782,2024-11-01,0.46800527,0.48947233
BiLSTM+Attention,test,77.760203_12.872273,2024-11-01,0.49468035,0.5136464
BiLSTM+Attention,test,77.760203_12.876765,2024-11-01,0.45489785,0.47800913
BiLSTM+Attention,test,77.760203_12.885748,2024-11-01,0.49561244,0.51617163
BiLSTM+Attention,test,77.760203_12.984563,2024-11-01,0.53933,0.5523525
BiLSTM+Attention,test,77.764695_12.742018,2024-11-01,0.67418927,0.71645874
BiLSTM+Attention,test,77.764695_12.746509,2024-11-01,0.66820514,0.7084704
BiLSTM+Attention,test,77.764695_12.813883,2024-11-01,0.5281007,0.5594187
BiLSTM+Attention,test,77.764695_12.849815,2024-11-01,0.4816842,0.5238491
BiLSTM+Attention,test,77.764695_12.885748,2024-11-01,0.508009,0.52710676
BiLSTM+Attention,test,77.764695_12.912697,2024-11-01,0.5249883,0.5440118
BiLSTM+Attention,test,77.764695_13.03397,2024-11-01,0.40790495,0.41681197
BiLSTM+Attention,test,77.769186_12.751001,2024-11-01,0.71304095,0.73611915
BiLSTM+Attention,test,77.769186_12.791425,2024-11-01,0.4544473,0.48707828
BiLSTM+Attention,test,77.769186_12.800408,2024-11-01,0.5323019,0.55345774
BiLSTM+Attention,test,77.769186_12.8049,2024-11-01,0.57921773,0.60288525
BiLSTM+Attention,test,77.769186_12.809391,2024-11-01,0.48825887,0.5145999
BiLSTM+Attention,test,77.769186_12.876765,2024-11-01,0.5102668,0.54481846
BiLSTM+Attention,test,77.769186_12.894731,2024-11-01,0.4836322,0.5198858
BiLSTM+Attention,test,77.769186_13.016004,2024-11-01,0.46386513,0.48387304
BiLSTM+Attention,test,77.773678_12.746509,2024-11-01,0.6910793,0.72923094
BiLSTM+Attention,test,77.773678_12.858799,2024-11-01,0.4593287,0.4896374
BiLSTM+Attention,test,77.773678_12.885748,2024-11-01,0.49380854,0.5208527
BiLSTM+Attention,test,77.773678_12.899223,2024-11-01,0.45196214,0.47806612
BiLSTM+Attention,test,77.773678_12.908206,2024-11-01,0.5184208,0.5359948
BiLSTM+Attention,test,77.778169_12.809391,2024-11-01,0.4731305,0.48230648
BiLSTM+Attention,test,77.778169_12.885748,2024-11-01,0.50905216,0.5417443
BiLSTM+Attention,test,77.782661_12.786933,2024-11-01,0.46529278,0.47319826
BiLSTM+Attention,test,77.782661_12.791425,2024-11-01,0.51047766,0.52746546
BiLSTM+Attention,test,77.782661_12.89024,2024-11-01,0.50369936,0.5378011
BiLSTM+Attention,test,77.787152_12.786933,2024-11-01,0.4693288,0.49283847
BiLSTM+Attention,test,77.787152_12.849815,2024-11-01,0.47203702,0.50415504
BiLSTM+Attention,test,77.787152_12.867782,2024-11-01,0.44804546,0.4768297
BiLSTM+Attention,test,77.791644_12.8049,2024-11-01,0.50703275,0.52289873
BiLSTM+Attention,test,77.791644_12.899223,2024-11-01,0.46327183,0.49698633
BiLSTM+Attention,test,77.796136_12.854307,2024-11-01,0.4455416,0.48254782
BiLSTM+Attention,test,77.796136_12.885748,2024-11-01,0.52451205,0.5403002
BiLSTM+Attention,test,77.800627_12.876765,2024-11-01,0.5218404,0.5462452
BiLSTM+Attention,test,77.800627_12.885748,2024-11-01,0.47747114,0.50613105
BiLSTM+Attention,test,77.805119_12.876765,2024-11-01,0.5351398,0.56095034
BiLSTM+Attention,test,77.805119_12.89024,2024-11-01,0.4990622,0.5242575
BiLSTM+Attention,test,77.80961_12.858799,2024-11-01,0.49599043,0.532949
BiLSTM+Attention,test,77.80961_12.86329,2024-11-01,0.4665721,0.50645834
BiLSTM+Attention,test,77.405368_13.105835,2024-12-01,0.4026398,0.43463182
BiLSTM+Attention,test,77.405368_13.11931,2024-12-01,0.3752482,0.4146984
BiLSTM+Attention,test,77.414352_12.989054,2024-12-01,0.37945995,0.4068449
BiLSTM+Attention,test,77.414352_12.993546,2024-12-01,0.4064357,0.43043646
BiLSTM+Attention,test,77.414352_13.11931,2024-12-01,0.39678216,0.43641892
BiLSTM+Attention,test,77.418843_12.993546,2024-12-01,0.41260195,0.44223708
BiLSTM+Attention,test,77.432318_12.998037,2024-12-01,0.35659322,0.40005997
BiLSTM+Attention,test,77.441301_13.110327,2024-12-01,0.4107613,0.44391027
BiLSTM+Attention,test,77.450284_13.146259,2024-12-01,0.49269027,0.52987844
BiLSTM+Attention,test,77.454776_13.141768,2024-12-01,0.48425484,0.52068824
BiLSTM+Attention,test,77.459267_13.11931,2024-12-01,0.4347061,0.47054216
BiLSTM+Attention,test,77.46825_13.1777,2024-12-01,0.4494153,0.48627535
BiLSTM+Attention,test,77.490708_13.182192,2024-12-01,0.4344709,0.4623021
BiLSTM+Attention,test,77.490708_13.209142,2024-12-01,0.39617062,0.45436546
BiLSTM+Attention,test,77.4952_13.182192,2024-12-01,0.45402923,0.4786152
BiLSTM+Attention,test,77.499692_13.168717,2024-12-01,0.45459688,0.4860613
BiLSTM+Attention,test,77.504183_13.159734,2024-12-01,0.50916463,0.54046017
BiLSTM+Attention,test,77.504183_13.195667,2024-12-01,0.37697294,0.44116327
BiLSTM+Attention,test,77.508675_13.159734,2024-12-01,0.5283575,0.5542724
BiLSTM+Attention,test,77.513166_13.1777,2024-12-01,0.41231966,0.4478278
BiLSTM+Attention,test,77.517658_13.186684,2024-12-01,0.45344034,0.47710162
BiLSTM+Attention,test,77.517658_13.191175,2024-12-01,0.40423584,0.4392888
BiLSTM+Attention,test,77.522149_13.146259,2024-12-01,0.35698652,0.40707836
BiLSTM+Attention,test,77.522149_13.200158,2024-12-01,0.45953655,0.5049301
BiLSTM+Attention,test,77.531133_13.195667,2024-12-01,0.48990837,0.5242408
BiLSTM+Attention,test,77.535624_13.195667,2024-12-01,0.40089622,0.44576994
BiLSTM+Attention,test,77.540116_13.042953,2024-12-01,0.55843115,0.5846833
BiLSTM+Attention,test,77.540116_13.114818,2024-12-01,0.42953777,0.45346996
BiLSTM+Attention,test,77.544607_13.218125,2024-12-01,0.47542247,0.50646937
BiLSTM+Attention,test,77.55359_12.71956,2024-12-01,0.7666159,0.78389996
BiLSTM+Attention,test,77.55359_13.069903,2024-12-01,0.7231412,0.74412376
BiLSTM+Attention,test,77.55359_13.110327,2024-12-01,0.4865921,0.5142178
BiLSTM+Attention,test,77.55359_13.168717,2024-12-01,0.48504966,0.5190692
BiLSTM+Attention,test,77.55359_13.173209,2024-12-01,0.4040793,0.44396946
BiLSTM+Attention,test,77.558082_13.042953,2024-12-01,0.6397694,0.67412245
BiLSTM+Attention,test,77.558082_13.051936,2024-12-01,0.69871193,0.7170199
BiLSTM+Attention,test,77.558082_13.110327,2024-12-01,0.5010256,0.5341843
BiLSTM+Attention,test,77.558082_13.1777,2024-12-01,0.4607098,0.485537
BiLSTM+Attention,test,77.562574_12.71956,2024-12-01,0.759409,0.79481375
BiLSTM+Attention,test,77.567065_12.724051,2024-12-01,0.73085976,0.7709515
BiLSTM+Attention,test,77.567065_13.105835,2024-12-01,0.5724958,0.59797394
BiLSTM+Attention,test,77.567065_13.114818,2024-12-01,0.654456,0.68111
BiLSTM+Attention,test,77.567065_13.182192,2024-12-01,0.49285707,0.5250315
BiLSTM+Attention,test,77.571557_12.71956,2024-12-01,0.75489336,0.7777217
BiLSTM+Attention,test,77.576048_12.71956,2024-12-01,0.7300076,0.7581352
BiLSTM+Attention,test,77.576048_12.728543,2024-12-01,0.75288796,0.7747618
BiLSTM+Attention,test,77.585031_13.042953,2024-12-01,0.6969535,0.7017787
BiLSTM+Attention,test,77.585031_13.137276,2024-12-01,0.4771084,0.48881063
BiLSTM+Attention,test,77.589523_12.71956,2024-12-01,0.8324883,0.8420667
BiLSTM+Attention,test,77.589523_12.746509,2024-12-01,0.7144875,0.7406797
BiLSTM+Attention,test,77.594015_12.724051,2024-12-01,0.8249349,0.85303897
BiLSTM+Attention,test,77.594015_12.733034,2024-12-01,0.7919212,0.83165073
BiLSTM+Attention,test,77.598506_12.665661,2024-12-01,0.7712763,0.80401224
BiLSTM+Attention,test,77.598506_13.083377,2024-12-01,0.58735293,0.61341184
BiLSTM+Attention,test,77.598506_13.128293,2024-12-01,0.561536,0.5909601
BiLSTM+Attention,test,77.602998_12.710577,2024-12-01,0.7040614,0.7393577
BiLSTM+Attention,test,77.602998_13.11931,2024-12-01,0.57150155,0.59258544
BiLSTM+Attention,test,77.602998_13.128293,2024-12-01,0.5186202,0.55654794
BiLSTM+Attention,test,77.602998_13.164226,2024-12-01,0.46571308,0.505337
BiLSTM+Attention,test,77.607489_12.768967,2024-12-01,0.6253954,0.6497879
BiLSTM+Attention,test,77.607489_12.773459,2024-12-01,0.6030172,0.6231109
BiLSTM+Attention,test,77.607489_12.791425,2024-12-01,0.54731476,0.57599044
BiLSTM+Attention,test,77.607489_13.087869,2024-12-01,0.73225856,0.7526311
BiLSTM+Attention,test,77.611981_12.953122,2024-12-01,0.72456336,0.75236493
BiLSTM+Attention,test,77.611981_13.168717,2024-12-01,0.43446606,0.45566627
BiLSTM+Attention,test,77.611981_13.182192,2024-12-01,0.37214395,0.4172643
BiLSTM+Attention,test,77.616473_13.114818,2024-12-01,0.5650577,0.58785397
BiLSTM+Attention,test,77.616473_13.141768,2024-12-01,0.4519274,0.4838542
BiLSTM+Attention,test,77.616473_13.1777,2024-12-01,0.38450232,0.42809385
BiLSTM+Attention,test,77.625456_13.065411,2024-12-01,0.39345726,0.42499274
BiLSTM+Attention,test,77.625456_13.155243,2024-12-01,0.6480061,0.660854
BiLSTM+Attention,test,77.625456_13.182192,2024-12-01,0.44482052,0.47479624
BiLSTM+Attention,test,77.629947_12.854307,2024-12-01,0.4854545,0.5146479
BiLSTM+Attention,test,77.629947_13.06092,2024-12-01,0.4233785,0.44858238
BiLSTM+Attention,test,77.629947_13.087869,2024-12-01,0.4450165,0.47364765
BiLSTM+Attention,test,77.629947_13.1777,2024-12-01,0.4564476,0.4745365
BiLSTM+Attention,test,77.634439_12.679136,2024-12-01,0.7710902,0.79981697
BiLSTM+Attention,test,77.634439_12.701593,2024-12-01,0.7283838,0.7514073
BiLSTM+Attention,test,77.634439_12.746509,2024-12-01,0.5298264,0.5604048
BiLSTM+Attention,test,77.634439_12.751001,2024-12-01,0.5199097,0.55880916
BiLSTM+Attention,test,77.634439_13.047445,2024-12-01,0.4789836,0.50201005
BiLSTM+Attention,test,77.634439_13.083377,2024-12-01,0.40642616,0.45155296
BiLSTM+Attention,test,77.634439_13.137276,2024-12-01,0.40605894,0.44700328
BiLSTM+Attention,test,77.63893_12.688119,2024-12-01,0.6958861,0.722443
BiLSTM+Attention,test,77.63893_12.742018,2024-12-01,0.5279211,0.5689319
BiLSTM+Attention,test,77.63893_12.791425,2024-12-01,0.53090477,0.56585276
BiLSTM+Attention,test,77.63893_12.800408,2024-12-01,0.46969655,0.5075728
BiLSTM+Attention,test,77.63893_12.840832,2024-12-01,0.62113696,0.6581915
BiLSTM+Attention,test,77.63893_13.056428,2024-12-01,0.5245197,0.5445374
BiLSTM+Attention,test,77.63893_13.078886,2024-12-01,0.441256,0.46531054
BiLSTM+Attention,test,77.63893_13.083377,2024-12-01,0.40514404,0.44904366
BiLSTM+Attention,test,77.643422_12.795916,2024-12-01,0.4818113,0.5072224
BiLSTM+Attention,test,77.643422_12.800408,2024-12-01,0.48199597,0.5159674
BiLSTM+Attention,test,77.643422_12.809391,2024-12-01,0.50589716,0.5341261
BiLSTM+Attention,test,77.643422_13.002529,2024-12-01,0.53292155,0.56056494
BiLSTM+Attention,test,77.643422_13.164226,2024-12-01,0.57243586,0.59876716
BiLSTM+Attention,test,77.647914_12.688119,2024-12-01,0.71795785,0.73465925
BiLSTM+Attention,test,77.647914_13.141768,2024-12-01,0.6730733,0.70450914
BiLSTM+Attention,test,77.647914_13.168717,2024-12-01,0.7116246,0.73300904
BiLSTM+Attention,test,77.652405_12.697102,2024-12-01,0.68416464,0.7114332
BiLSTM+Attention,test,77.652405_12.773459,2024-12-01,0.47542652,0.5166875
BiLSTM+Attention,test,77.652405_12.795916,2024-12-01,0.43101016,0.46217355
BiLSTM+Attention,test,77.652405_12.8049,2024-12-01,0.53262854,0.5634855
BiLSTM+Attention,test,77.652405_13.002529,2024-12-01,0.5263109,0.5436
BiLSTM+Attention,test,77.656897_12.742018,2024-12-01,0.5424392,0.5789339
BiLSTM+Attention,test,77.656897_12.746509,2024-12-01,0.52141964,0.566674
BiLSTM+Attention,test,77.656897_12.791425,2024-12-01,0.44540316,0.47635671
BiLSTM+Attention,test,77.656897_12.800408,2024-12-01,0.54154825,0.5828371
BiLSTM+Attention,test,77.656897_12.831849,2024-12-01,0.56502795,0.6029408
BiLSTM+Attention,test,77.656897_13.164226,2024-12-01,0.45461565,0.4801938
BiLSTM+Attention,test,77.656897_13.173209,2024-12-01,0.40484142,0.44562325
BiLSTM+Attention,test,77.661388_12.737526,2024-12-01,0.57405233,0.6040993
BiLSTM+Attention,test,77.661388_12.759984,2024-12-01,0.55487776,0.5865701
BiLSTM+Attention,test,77.661388_13.056428,2024-12-01,0.45849323,0.4798343
BiLSTM+Attention,test,77.661388_13.074394,2024-12-01,0.5316389,0.5515882
BiLSTM+Attention,test,77.661388_13.110327,2024-12-01,0.51896834,0.54682535
BiLSTM+Attention,test,77.661388_13.11931,2024-12-01,0.5869468,0.62068325
BiLSTM+Attention,test,77.66588_12.679136,2024-12-01,0.65700835,0.6866392
BiLSTM+Attention,test,77.66588_12.697102,2024-12-01,0.62583095,0.66194195
BiLSTM+Attention,test,77.66588_12.715068,2024-12-01,0.6383668,0.6708983
BiLSTM+Attention,test,77.66588_12.724051,2024-12-01,0.61340445,0.6524237
BiLSTM+Attention,test,77.66588_12.751001,2024-12-01,0.4933237,0.5420499
BiLSTM+Attention,test,77.66588_12.755492,2024-12-01,0.5557365,0.6055729
BiLSTM+Attention,test,77.66588_12.764475,2024-12-01,0.55207074,0.59291947
BiLSTM+Attention,test,77.66588_12.768967,2024-12-01,0.6983312,0.7353475
BiLSTM+Attention,test,77.66588_12.791425,2024-12-01,0.59723264,0.6387326
BiLSTM+Attention,test,77.66588_13.038462,2024-12-01,0.45693132,0.48073095
BiLSTM+Attention,test,77.66588_13.051936,2024-12-01,0.5020516,0.5186033
BiLSTM+Attention,test,77.66588_13.173209,2024-12-01,0.39533705,0.43568903
BiLSTM+Attention,test,77.670371_12.71956,2024-12-01,0.64471686,0.68779767
BiLSTM+Attention,test,77.670371_12.881256,2024-12-01,0.46887827,0.49695304
BiLSTM+Attention,test,77.670371_13.083377,2024-12-01,0.38862693,0.4208042
BiLSTM+Attention,test,77.670371_13.128293,2024-12-01,0.50046134,0.52350175
BiLSTM+Attention,test,77.674863_12.674644,2024-12-01,0.71398824,0.761611
BiLSTM+Attention,test,77.674863_12.755492,2024-12-01,0.50397915,0.551125
BiLSTM+Attention,test,77.674863_12.764475,2024-12-01,0.50412804,0.5411793
BiLSTM+Attention,test,77.674863_12.786933,2024-12-01,0.5069503,0.5433627
BiLSTM+Attention,test,77.674863_12.836341,2024-12-01,0.512399,0.55519706
BiLSTM+Attention,test,77.674863_13.051936,2024-12-01,0.5078689,0.524654
BiLSTM+Attention,test,77.679355_12.697102,2024-12-01,0.5249433,0.5571829
BiLSTM+Attention,test,77.679355_12.746509,2024-12-01,0.68391436,0.7139687
BiLSTM+Attention,test,77.679355_12.89024,2024-12-01,0.50364673,0.5303375
BiLSTM+Attention,test,77.679355_13.056428,2024-12-01,0.46063268,0.47584602
BiLSTM+Attention,test,77.679355_13.141768,2024-12-01,0.48882902,0.53223294
BiLSTM+Attention,test,77.679355_13.155243,2024-12-01,0.3975843,0.43906388
BiLSTM+Attention,test,77.679355_13.159734,2024-12-01,0.42952293,0.4737168
BiLSTM+Attention,test,77.683846_12.742018,2024-12-01,0.5091643,0.5415821
BiLSTM+Attention,test,77.683846_12.8049,2024-12-01,0.48094708,0.5235529
BiLSTM+Attention,test,77.683846_12.840832,2024-12-01,0.5872594,0.6317097
BiLSTM+Attention,test,77.683846_13.06092,2024-12-01,0.4453168,0.48135918
BiLSTM+Attention,test,77.683846_13.074394,2024-12-01,0.38885015,0.42642486
BiLSTM+Attention,test,77.683846_13.11931,2024-12-01,0.37187874,0.41214183
BiLSTM+Attention,test,77.683846_13.123802,2024-12-01,0.43565306,0.47039685
BiLSTM+Attention,test,77.688338_12.656678,2024-12-01,0.7095217,0.7344734
BiLSTM+Attention,test,77.688338_12.69261,2024-12-01,0.79305243,0.82668823
BiLSTM+Attention,test,77.688338_12.697102,2024-12-01,0.80391014,0.8384159
BiLSTM+Attention,test,77.688338_12.710577,2024-12-01,0.8018277,0.82948714
BiLSTM+Attention,test,77.688338_12.876765,2024-12-01,0.78636223,0.7983051
BiLSTM+Attention,test,77.688338_12.885748,2024-12-01,0.48467782,0.51495963
BiLSTM+Attention,test,77.688338_12.966596,2024-12-01,0.56433207,0.58170843
BiLSTM+Attention,test,77.692829_12.800408,2024-12-01,0.4506077,0.48646647
BiLSTM+Attention,test,77.692829_12.845324,2024-12-01,0.6462899,0.6556554
BiLSTM+Attention,test,77.692829_12.885748,2024-12-01,0.5273003,0.5561019
BiLSTM+Attention,test,77.692829_12.899223,2024-12-01,0.4511799,0.48832405
BiLSTM+Attention,test,77.692829_13.047445,2024-12-01,0.7478972,0.77429587
BiLSTM+Attention,test,77.692829_13.06092,2024-12-01,0.57149756,0.6032774
BiLSTM+Attention,test,77.692829_13.065411,2024-12-01,0.5434113,0.5757883
BiLSTM+Attention,test,77.692829_13.083377,2024-12-01,0.38971037,0.43069968
BiLSTM+Attention,test,77.692829_13.096852,2024-12-01,0.39411208,0.4288354
BiLSTM+Attention,test,77.692829_13.132785,2024-12-01,0.39377066,0.4294886
BiLSTM+Attention,test,77.692829_13.155243,2024-12-01,0.39241517,0.43323356
BiLSTM+Attention,test,77.697321_12.697102,2024-12-01,0.79939747,0.83274406
BiLSTM+Attention,test,77.697321_12.773459,2024-12-01,0.45328045,0.4939749
BiLSTM+Attention,test,77.697321_12.791425,2024-12-01,0.5485421,0.59930634
BiLSTM+Attention,test,77.697321_12.885748,2024-12-01,0.5305588,0.5543437
BiLSTM+Attention,test,77.697321_12.894731,2024-12-01,0.47049963,0.5070919
BiLSTM+Attention,test,77.697321_12.930664,2024-12-01,0.48822927,0.5160968
BiLSTM+Attention,test,77.697321_13.132785,2024-12-01,0.39299673,0.43434343
BiLSTM+Attention,test,77.697321_13.150751,2024-12-01,0.4431745,0.47496167
BiLSTM+Attention,test,77.701812_12.77795,2024-12-01,0.45845476,0.4970217
BiLSTM+Attention,test,77.701812_12.8049,2024-12-01,0.555044,0.5868161
BiLSTM+Attention,test,77.701812_12.822866,2024-12-01,0.5275622,0.5563536
BiLSTM+Attention,test,77.701812_12.872273,2024-12-01,0.4430972,0.4726896
BiLSTM+Attention,test,77.701812_12.984563,2024-12-01,0.4704044,0.4961125
BiLSTM+Attention,test,77.701812_13.03397,2024-12-01,0.4202481,0.44717658
BiLSTM+Attention,test,77.706304_12.984563,2024-12-01,0.4716399,0.49976563
BiLSTM+Attention,test,77.706304_13.038462,2024-12-01,0.4220925,0.44638667
BiLSTM+Attention,test,77.706304_13.042953,2024-12-01,0.49995294,0.5233421
BiLSTM+Attention,test,77.706304_13.137276,2024-12-01,0.74955857,0.76755095
BiLSTM+Attention,test,77.710796_12.715068,2024-12-01,0.6106936,0.6581086
BiLSTM+Attention,test,77.710796_12.894731,2024-12-01,0.57788914,0.5915295
BiLSTM+Attention,test,77.710796_12.899223,2024-12-01,0.4996465,0.52216744
BiLSTM+Attention,test,77.710796_12.912697,2024-12-01,0.42174974,0.4637673
BiLSTM+Attention,test,77.710796_13.03397,2024-12-01,0.43446085,0.47452635
BiLSTM+Attention,test,77.710796_13.150751,2024-12-01,0.38875702,0.42958727
BiLSTM+Attention,test,77.710796_13.168717,2024-12-01,0.49604326,0.5322677
BiLSTM+Attention,test,77.710796_13.173209,2024-12-01,0.5011664,0.5320677
BiLSTM+Attention,test,77.715287_12.822866,2024-12-01,0.5120109,0.5487197
BiLSTM+Attention,test,77.715287_12.827358,2024-12-01,0.45934135,0.49932376
BiLSTM+Attention,test,77.715287_12.845324,2024-12-01,0.40104827,0.44431958
BiLSTM+Attention,test,77.715287_12.885748,2024-12-01,0.5555119,0.56513083
BiLSTM+Attention,test,77.715287_12.899223,2024-12-01,0.40308133,0.44411126
BiLSTM+Attention,test,77.715287_12.939647,2024-12-01,0.6971083,0.71483046
BiLSTM+Attention,test,77.715287_12.944139,2024-12-01,0.73384094,0.73016244
BiLSTM+Attention,test,77.715287_12.94863,2024-12-01,0.58828825,0.60711825
BiLSTM+Attention,test,77.715287_13.016004,2024-12-01,0.5201429,0.5407468
BiLSTM+Attention,test,77.715287_13.029478,2024-12-01,0.37317288,0.4064524
BiLSTM+Attention,test,77.715287_13.038462,2024-12-01,0.5050709,0.5224223
BiLSTM+Attention,test,77.715287_13.051936,2024-12-01,0.503745,0.51961505
BiLSTM+Attention,test,77.715287_13.056428,2024-12-01,0.41188562,0.4331302
BiLSTM+Attention,test,77.719779_12.706085,2024-12-01,0.62212837,0.68235683
BiLSTM+Attention,test,77.719779_12.795916,2024-12-01,0.48220086,0.5175308
BiLSTM+Attention,test,77.719779_12.840832,2024-12-01,0.5171673,0.5538144
BiLSTM+Attention,test,77.719779_12.903714,2024-12-01,0.42949793,0.44938964
BiLSTM+Attention,test,77.719779_13.123802,2024-12-01,0.41664818,0.45563558
BiLSTM+Attention,test,77.719779_13.155243,2024-12-01,0.41186738,0.44936743
BiLSTM+Attention,test,77.72427_12.674644,2024-12-01,0.5345452,0.5796912
BiLSTM+Attention,test,77.72427_12.697102,2024-12-01,0.4859202,0.5350955
BiLSTM+Attention,test,77.72427_12.701593,2024-12-01,0.5174008,0.5745365
BiLSTM+Attention,test,77.72427_12.786933,2024-12-01,0.48296168,0.51583624
BiLSTM+Attention,test,77.72427_12.791425,2024-12-01,0.48907,0.5284418
BiLSTM+Attention,test,77.72427_12.840832,2024-12-01,0.49325815,0.5308434
BiLSTM+Attention,test,77.72427_12.867782,2024-12-01,0.43761972,0.46630085
BiLSTM+Attention,test,77.72427_12.885748,2024-12-01,0.4789389,0.5020101
BiLSTM+Attention,test,77.72427_13.024987,2024-12-01,0.786102,0.8050389
BiLSTM+Attention,test,77.728762_12.706085,2024-12-01,0.6195572,0.67644095
BiLSTM+Attention,test,77.728762_12.724051,2024-12-01,0.6275738,0.67705464
BiLSTM+Attention,test,77.728762_12.858799,2024-12-01,0.5388683,0.5632036
BiLSTM+Attention,test,77.728762_12.876765,2024-12-01,0.5431706,0.5704093
BiLSTM+Attention,test,77.728762_12.885748,2024-12-01,0.47059944,0.4928186
BiLSTM+Attention,test,77.728762_13.047445,2024-12-01,0.4775358,0.5017702
BiLSTM+Attention,test,77.733253_12.795916,2024-12-01,0.48156238,0.5159837
BiLSTM+Attention,test,77.733253_12.86329,2024-12-01,0.5632363,0.5792893
BiLSTM+Attention,test,77.733253_12.872273,2024-12-01,0.5489259,0.5839513
BiLSTM+Attention,test,77.733253_12.998037,2024-12-01,0.6078799,0.63912296
BiLSTM+Attention,test,77.737745_12.791425,2024-12-01,0.47337654,0.5098558
BiLSTM+Attention,test,77.737745_12.858799,2024-12-01,0.4934156,0.5174655
BiLSTM+Attention,test,77.737745_12.872273,2024-12-01,0.53622746,0.5676099
BiLSTM+Attention,test,77.737745_12.881256,2024-12-01,0.5726353,0.59849226
BiLSTM+Attention,test,77.742237_12.697102,2024-12-01,0.6542768,0.69242024
BiLSTM+Attention,test,77.742237_12.795916,2024-12-01,0.46600527,0.50218815
BiLSTM+Attention,test,77.742237_12.8049,2024-12-01,0.49138895,0.5255089
BiLSTM+Attention,test,77.742237_12.86329,2024-12-01,0.41660443,0.45568666
BiLSTM+Attention,test,77.742237_12.867782,2024-12-01,0.5533854,0.5782382
BiLSTM+Attention,test,77.742237_12.89024,2024-12-01,0.55547446,0.5734557
BiLSTM+Attention,test,77.742237_12.899223,2024-12-01,0.53707933,0.5678309
BiLSTM+Attention,test,77.742237_12.921681,2024-12-01,0.4628441,0.49233186
BiLSTM+Attention,test,77.742237_12.980071,2024-12-01,0.50988436,0.5403293
BiLSTM+Attention,test,77.742237_13.038462,2024-12-01,0.3923183,0.42960787
BiLSTM+Attention,test,77.746728_12.97558,2024-12-01,0.5318301,0.5681885
BiLSTM+Attention,test,77.746728_12.984563,2024-12-01,0.5197995,0.55053574
BiLSTM+Attention,test,77.746728_13.020495,2024-12-01,0.60841286,0.6311909
BiLSTM+Attention,test,77.746728_13.024987,2024-12-01,0.4888189,0.5146957
BiLSTM+Attention,test,77.746728_13.038462,2024-12-01,0.4029163,0.4413196
BiLSTM+Attention,test,77.75122_12.768967,2024-12-01,0.4479067,0.4850116
BiLSTM+Attention,test,77.75122_12.894731,2024-12-01,0.45372078,0.50606656
BiLSTM+Attention,test,77.75122_12.993546,2024-12-01,0.46170422,0.4838777
BiLSTM+Attention,test,77.75122_13.020495,2024-12-01,0.5215776,0.54186755
BiLSTM+Attention,test,77.75122_13.03397,2024-12-01,0.440858,0.4707183
BiLSTM+Attention,test,77.75122_13.038462,2024-12-01,0.36383367,0.40493327
BiLSTM+Attention,test,77.755711_12.706085,2024-12-01,0.5568955,0.6057339
BiLSTM+Attention,test,77.755711_12.764475,2024-12-01,0.79671705,0.816843
BiLSTM+Attention,test,77.755711_12.831849,2024-12-01,0.44248152,0.48202738
BiLSTM+Attention,test,77.755711_12.858799,2024-12-01,0.4961882,0.537381
BiLSTM+Attention,test,77.755711_12.903714,2024-12-01,0.45727032,0.50195277
BiLSTM+Attention,test,77.755711_12.926172,2024-12-01,0.5010651,0.5343017
BiLSTM+Attention,test,77.760203_12.795916,2024-12-01,0.44053593,0.4767349
BiLSTM+Attention,test,77.760203_12.818374,2024-12-01,0.57035065,0.6095487
BiLSTM+Attention,test,77.760203_12.867782,2024-12-01,0.4466998,0.4847639
BiLSTM+Attention,test,77.760203_12.872273,2024-12-01,0.474569,0.50497615
BiLSTM+Attention,test,77.760203_12.876765,2024-12-01,0.43785274,0.47171727
BiLSTM+Attention,test,77.760203_12.885748,2024-12-01,0.46615574,0.5105812
BiLSTM+Attention,test,77.760203_12.984563,2024-12-01,0.5086384,0.5416271
BiLSTM+Attention,test,77.764695_12.813883,2024-12-01,0.5053552,0.5546053
BiLSTM+Attention,test,77.764695_12.849815,2024-12-01,0.46830553,0.51625204
BiLSTM+Attention,test,77.764695_12.885748,2024-12-01,0.4803156,0.519606
BiLSTM+Attention,test,77.764695_12.912697,2024-12-01,0.49201393,0.5339454
BiLSTM+Attention,test,77.764695_13.03397,2024-12-01,0.3702746,0.40460348
BiLSTM+Attention,test,77.769186_12.876765,2024-12-01,0.4962616,0.537086
BiLSTM+Attention,test,77.769186_12.894731,2024-12-01,0.4603388,0.51248276
BiLSTM+Attention,test,77.769186_13.016004,2024-12-01,0.43672097,0.47601655
BiLSTM+Attention,test,77.773678_12.858799,2024-12-01,0.44220927,0.48296282
BiLSTM+Attention,test,77.773678_12.885748,2024-12-01,0.47128466,0.5142462
BiLSTM+Attention,test,77.773678_12.899223,2024-12-01,0.424029,0.47224608
BiLSTM+Attention,test,77.773678_12.908206,2024-12-01,0.49185154,0.5268149
BiLSTM+Attention,test,77.778169_12.809391,2024-12-01,0.43412098,0.47759512
BiLSTM+Attention,test,77.778169_12.885748,2024-12-01,0.4875875,0.53299975
BiLSTM+Attention,test,77.782661_12.89024,2024-12-01,0.48541707,0.52931786
BiLSTM+Attention,test,77.787152_12.849815,2024-12-01,0.45660907,0.4981216
BiLSTM+Attention,test,77.791644_12.8049,2024-12-01,0.4842443,0.5161384
BiLSTM+Attention,test,77.791644_12.899223,2024-12-01,0.4351496,0.48954612
BiLSTM+Attention,test,77.796136_12.854307,2024-12-01,0.42709592,0.4760943
BiLSTM+Attention,test,77.796136_12.885748,2024-12-01,0.4953479,0.531944
BiLSTM+Attention,test,77.800627_12.876765,2024-12-01,0.5075808,0.53999615
BiLSTM+Attention,test,77.800627_12.885748,2024-12-01,0.46163157,0.50193614
BiLSTM+Attention,test,77.805119_12.876765,2024-12-01,0.5168317,0.5552663
BiLSTM+Attention,test,77.805119_12.89024,2024-12-01,0.48223662,0.51590407
