model,split,site_id,target_date,actual,predicted
BiLSTM+Attention,val,77.329012_12.944139,2023-10-01,0.52688426,0.5286355
BiLSTM+Attention,val,77.329012_12.962105,2023-10-01,0.69757694,0.68442535
BiLSTM+Attention,val,77.337995_12.921681,2023-10-01,0.64715296,0.63910043
BiLSTM+Attention,val,77.342486_12.926172,2023-10-01,0.68555945,0.667261
BiLSTM+Attention,val,77.342486_12.935155,2023-10-01,0.70658594,0.7165783
BiLSTM+Attention,val,77.342486_12.944139,2023-10-01,0.6750065,0.6745075
BiLSTM+Attention,val,77.346978_12.86329,2023-10-01,0.57277626,0.58384216
BiLSTM+Attention,val,77.346978_12.962105,2023-10-01,0.53435403,0.53706956
BiLSTM+Attention,val,77.351469_12.89024,2023-10-01,0.5474742,0.5526882
BiLSTM+Attention,val,77.351469_12.930664,2023-10-01,0.7104706,0.70753485
BiLSTM+Attention,val,77.351469_12.939647,2023-10-01,0.6910957,0.68501204
BiLSTM+Attention,val,77.355961_12.899223,2023-10-01,0.56234396,0.56783646
BiLSTM+Attention,val,77.355961_12.94863,2023-10-01,0.5020662,0.5139829
BiLSTM+Attention,val,77.355961_12.962105,2023-10-01,0.70771664,0.7026604
BiLSTM+Attention,val,77.360453_12.867782,2023-10-01,0.4609214,0.4764264
BiLSTM+Attention,val,77.360453_12.908206,2023-10-01,0.5828083,0.58839774
BiLSTM+Attention,val,77.360453_12.926172,2023-10-01,0.70649713,0.69636005
BiLSTM+Attention,val,77.364944_12.854307,2023-10-01,0.5025861,0.5236989
BiLSTM+Attention,val,77.364944_12.962105,2023-10-01,0.49104595,0.5010937
BiLSTM+Attention,val,77.369436_12.881256,2023-10-01,0.5034735,0.515019
BiLSTM+Attention,val,77.369436_12.89024,2023-10-01,0.50120527,0.5109921
BiLSTM+Attention,val,77.369436_12.935155,2023-10-01,0.46420854,0.469092
BiLSTM+Attention,val,77.369436_12.998037,2023-10-01,0.500736,0.5111515
BiLSTM+Attention,val,77.369436_13.007021,2023-10-01,0.54570127,0.54598445
BiLSTM+Attention,val,77.373927_12.912697,2023-10-01,0.6045957,0.6071672
BiLSTM+Attention,val,77.373927_12.971088,2023-10-01,0.4845034,0.4872108
BiLSTM+Attention,val,77.373927_13.011512,2023-10-01,0.49624735,0.51360464
BiLSTM+Attention,val,77.373927_13.016004,2023-10-01,0.48054734,0.50218797
BiLSTM+Attention,val,77.378419_12.966596,2023-10-01,0.45988742,0.4529667
BiLSTM+Attention,val,77.382911_12.894731,2023-10-01,0.5446692,0.56382453
BiLSTM+Attention,val,77.382911_12.953122,2023-10-01,0.5196265,0.5298545
BiLSTM+Attention,val,77.382911_12.957613,2023-10-01,0.5142554,0.5204007
BiLSTM+Attention,val,77.387402_12.962105,2023-10-01,0.50509834,0.5019622
BiLSTM+Attention,val,77.387402_12.97558,2023-10-01,0.5059745,0.51315564
BiLSTM+Attention,val,77.387402_12.980071,2023-10-01,0.50849503,0.5167493
BiLSTM+Attention,val,77.391894_12.867782,2023-10-01,0.544304,0.5535872
BiLSTM+Attention,val,77.391894_12.881256,2023-10-01,0.51116395,0.5118523
BiLSTM+Attention,val,77.391894_12.885748,2023-10-01,0.543327,0.5468236
BiLSTM+Attention,val,77.396385_12.894731,2023-10-01,0.5463483,0.5593293
BiLSTM+Attention,val,77.396385_12.908206,2023-10-01,0.50473,0.5094495
BiLSTM+Attention,val,77.396385_12.944139,2023-10-01,0.55231553,0.55236167
BiLSTM+Attention,val,77.396385_12.971088,2023-10-01,0.47593728,0.48511112
BiLSTM+Attention,val,77.396385_12.97558,2023-10-01,0.45205724,0.45974052
BiLSTM+Attention,val,77.396385_13.029478,2023-10-01,0.38488892,0.39937344
BiLSTM+Attention,val,77.400877_12.957613,2023-10-01,0.5198046,0.51712656
BiLSTM+Attention,val,77.400877_12.966596,2023-10-01,0.47278893,0.48465884
BiLSTM+Attention,val,77.400877_13.029478,2023-10-01,0.3725496,0.38891864
BiLSTM+Attention,val,77.405368_12.881256,2023-10-01,0.4719709,0.49231067
BiLSTM+Attention,val,77.405368_12.89024,2023-10-01,0.49483392,0.50498724
BiLSTM+Attention,val,77.405368_12.903714,2023-10-01,0.46807933,0.4808627
BiLSTM+Attention,val,77.405368_12.930664,2023-10-01,0.59367985,0.59330744
BiLSTM+Attention,val,77.405368_12.998037,2023-10-01,0.493515,0.5039518
BiLSTM+Attention,val,77.405368_13.105835,2023-10-01,0.41586718,0.4374122
BiLSTM+Attention,val,77.405368_13.11931,2023-10-01,0.3782258,0.3928373
BiLSTM+Attention,val,77.40986_12.872273,2023-10-01,0.4373971,0.4503287
BiLSTM+Attention,val,77.40986_12.881256,2023-10-01,0.4394341,0.45653266
BiLSTM+Attention,val,77.40986_12.962105,2023-10-01,0.52908945,0.5463878
BiLSTM+Attention,val,77.414352_12.930664,2023-10-01,0.54253125,0.5380894
BiLSTM+Attention,val,77.414352_12.989054,2023-10-01,0.46012488,0.4598078
BiLSTM+Attention,val,77.414352_12.993546,2023-10-01,0.46778056,0.46825933
BiLSTM+Attention,val,77.414352_13.03397,2023-10-01,0.43777236,0.44282183
BiLSTM+Attention,val,77.414352_13.096852,2023-10-01,0.4052665,0.4171542
BiLSTM+Attention,val,77.414352_13.11931,2023-10-01,0.40148816,0.41206908
BiLSTM+Attention,val,77.418843_12.876765,2023-10-01,0.4540717,0.46689016
BiLSTM+Attention,val,77.418843_12.89024,2023-10-01,0.48226425,0.48735428
BiLSTM+Attention,val,77.418843_12.94863,2023-10-01,0.53544074,0.536515
BiLSTM+Attention,val,77.418843_12.971088,2023-10-01,0.49821687,0.5033924
BiLSTM+Attention,val,77.418843_12.993546,2023-10-01,0.49952826,0.4922955
BiLSTM+Attention,val,77.418843_13.016004,2023-10-01,0.4644296,0.46166122
BiLSTM+Attention,val,77.418843_13.024987,2023-10-01,0.45556128,0.4711905
BiLSTM+Attention,val,77.418843_13.029478,2023-10-01,0.45509228,0.46689087
BiLSTM+Attention,val,77.418843_13.146259,2023-10-01,0.36653677,0.38010675
BiLSTM+Attention,val,77.423335_12.876765,2023-10-01,0.45584992,0.4541318
BiLSTM+Attention,val,77.423335_12.921681,2023-10-01,0.5498063,0.54861635
BiLSTM+Attention,val,77.423335_12.930664,2023-10-01,0.5324907,0.5364292
BiLSTM+Attention,val,77.423335_13.002529,2023-10-01,0.5476149,0.55339414
BiLSTM+Attention,val,77.423335_13.092361,2023-10-01,0.34222862,0.35476464
BiLSTM+Attention,val,77.423335_13.141768,2023-10-01,0.42531708,0.44521284
BiLSTM+Attention,val,77.423335_13.150751,2023-10-01,0.3752922,0.38781735
BiLSTM+Attention,val,77.427826_12.845324,2023-10-01,0.3978338,0.4245388
BiLSTM+Attention,val,77.427826_12.858799,2023-10-01,0.45055047,0.450109
BiLSTM+Attention,val,77.427826_12.930664,2023-10-01,0.5399763,0.5443644
BiLSTM+Attention,val,77.427826_12.939647,2023-10-01,0.48738664,0.48417485
BiLSTM+Attention,val,77.427826_12.944139,2023-10-01,0.50076956,0.5061844
BiLSTM+Attention,val,77.427826_13.020495,2023-10-01,0.46609715,0.4703849
BiLSTM+Attention,val,77.427826_13.024987,2023-10-01,0.45698595,0.46252406
BiLSTM+Attention,val,77.427826_13.110327,2023-10-01,0.4230321,0.4354655
BiLSTM+Attention,val,77.427826_13.132785,2023-10-01,0.4782565,0.49582773
BiLSTM+Attention,val,77.432318_12.858799,2023-10-01,0.4651434,0.47296664
BiLSTM+Attention,val,77.432318_12.86329,2023-10-01,0.47126502,0.47213975
BiLSTM+Attention,val,77.432318_12.867782,2023-10-01,0.46292284,0.47365713
BiLSTM+Attention,val,77.432318_12.881256,2023-10-01,0.50565165,0.508349
BiLSTM+Attention,val,77.432318_12.885748,2023-10-01,0.59573597,0.5905668
BiLSTM+Attention,val,77.432318_12.957613,2023-10-01,0.487297,0.49369574
BiLSTM+Attention,val,77.432318_12.998037,2023-10-01,0.4183873,0.426253
BiLSTM+Attention,val,77.432318_13.087869,2023-10-01,0.42704737,0.43769485
BiLSTM+Attention,val,77.432318_13.092361,2023-10-01,0.38342214,0.39193243
BiLSTM+Attention,val,77.436809_12.818374,2023-10-01,0.595497,0.61083925
BiLSTM+Attention,val,77.436809_12.840832,2023-10-01,0.5125641,0.51329947
BiLSTM+Attention,val,77.436809_12.854307,2023-10-01,0.47876015,0.49686348
BiLSTM+Attention,val,77.436809_12.912697,2023-10-01,0.6089453,0.59187496
BiLSTM+Attention,val,77.436809_12.926172,2023-10-01,0.54187423,0.5423612
BiLSTM+Attention,val,77.436809_12.944139,2023-10-01,0.5080604,0.51102364
BiLSTM+Attention,val,77.436809_13.03397,2023-10-01,0.4400424,0.4515955
BiLSTM+Attention,val,77.441301_12.818374,2023-10-01,0.6039852,0.6063633
BiLSTM+Attention,val,77.441301_12.831849,2023-10-01,0.4973293,0.5068959
BiLSTM+Attention,val,77.441301_12.836341,2023-10-01,0.52623796,0.5332843
BiLSTM+Attention,val,77.441301_12.840832,2023-10-01,0.49955368,0.50024545
BiLSTM+Attention,val,77.441301_12.944139,2023-10-01,0.54542077,0.539412
BiLSTM+Attention,val,77.441301_12.94863,2023-10-01,0.49942818,0.4914097
BiLSTM+Attention,val,77.441301_13.056428,2023-10-01,0.42920408,0.4365726
BiLSTM+Attention,val,77.441301_13.069903,2023-10-01,0.44595844,0.45000148
BiLSTM+Attention,val,77.441301_13.083377,2023-10-01,0.43276173,0.4485834
BiLSTM+Attention,val,77.441301_13.110327,2023-10-01,0.41842481,0.42815182
BiLSTM+Attention,val,77.445793_12.840832,2023-10-01,0.5722134,0.57503974
BiLSTM+Attention,val,77.445793_12.86329,2023-10-01,0.587668,0.6019219
BiLSTM+Attention,val,77.445793_12.867782,2023-10-01,0.5668917,0.577698
BiLSTM+Attention,val,77.445793_12.912697,2023-10-01,0.51486003,0.50127774
BiLSTM+Attention,val,77.445793_12.957613,2023-10-01,0.4879351,0.48958594
BiLSTM+Attention,val,77.445793_12.984563,2023-10-01,0.5059188,0.48890096
BiLSTM+Attention,val,77.450284_12.809391,2023-10-01,0.552888,0.57514477
BiLSTM+Attention,val,77.450284_12.872273,2023-10-01,0.5663901,0.583823
BiLSTM+Attention,val,77.450284_12.89024,2023-10-01,0.566974,0.5744226
BiLSTM+Attention,val,77.450284_12.971088,2023-10-01,0.4754177,0.46928185
BiLSTM+Attention,val,77.450284_12.993546,2023-10-01,0.38721418,0.3755865
BiLSTM+Attention,val,77.450284_13.029478,2023-10-01,0.42746836,0.43873864
BiLSTM+Attention,val,77.450284_13.047445,2023-10-01,0.44001195,0.46441495
BiLSTM+Attention,val,77.450284_13.146259,2023-10-01,0.49304852,0.51319504
BiLSTM+Attention,val,77.454776_12.809391,2023-10-01,0.51784515,0.54317224
BiLSTM+Attention,val,77.454776_12.885748,2023-10-01,0.54830027,0.56470305
BiLSTM+Attention,val,77.454776_12.980071,2023-10-01,0.4274242,0.42697474
BiLSTM+Attention,val,77.454776_12.993546,2023-10-01,0.41308522,0.4028762
BiLSTM+Attention,val,77.454776_13.078886,2023-10-01,0.43879667,0.44443613
BiLSTM+Attention,val,77.454776_13.087869,2023-10-01,0.40250304,0.4209875
BiLSTM+Attention,val,77.454776_13.114818,2023-10-01,0.47960258,0.50723237
BiLSTM+Attention,val,77.454776_13.141768,2023-10-01,0.49643287,0.5158895
BiLSTM+Attention,val,77.459267_12.8049,2023-10-01,0.5868081,0.6138226
BiLSTM+Attention,val,77.459267_12.822866,2023-10-01,0.5562972,0.57167816
BiLSTM+Attention,val,77.459267_12.845324,2023-10-01,0.56014067,0.5731945
BiLSTM+Attention,val,77.459267_12.872273,2023-10-01,0.5377075,0.5581933
BiLSTM+Attention,val,77.459267_12.903714,2023-10-01,0.49107847,0.49518424
BiLSTM+Attention,val,77.459267_12.926172,2023-10-01,0.5361264,0.5350902
BiLSTM+Attention,val,77.459267_12.97558,2023-10-01,0.44215447,0.44303924
BiLSTM+Attention,val,77.459267_13.016004,2023-10-01,0.40285456,0.4071864
BiLSTM+Attention,val,77.459267_13.020495,2023-10-01,0.3964107,0.4086452
BiLSTM+Attention,val,77.459267_13.11931,2023-10-01,0.4764637,0.49775767
BiLSTM+Attention,val,77.463759_12.813883,2023-10-01,0.49807334,0.52215165
BiLSTM+Attention,val,77.463759_12.836341,2023-10-01,0.5571365,0.57663286
BiLSTM+Attention,val,77.463759_12.86329,2023-10-01,0.5740324,0.59678006
BiLSTM+Attention,val,77.463759_12.867782,2023-10-01,0.5560071,0.573766
BiLSTM+Attention,val,77.463759_12.872273,2023-10-01,0.531788,0.55227214
BiLSTM+Attention,val,77.463759_12.881256,2023-10-01,0.5836872,0.60255235
BiLSTM+Attention,val,77.463759_12.885748,2023-10-01,0.5872505,0.60505503
BiLSTM+Attention,val,77.463759_12.894731,2023-10-01,0.52685887,0.54256886
BiLSTM+Attention,val,77.463759_12.899223,2023-10-01,0.5294661,0.53832775
BiLSTM+Attention,val,77.463759_12.917189,2023-10-01,0.4845095,0.49835443
BiLSTM+Attention,val,77.463759_12.953122,2023-10-01,0.7391087,0.76328754
BiLSTM+Attention,val,77.463759_13.03397,2023-10-01,0.3953208,0.40328974
BiLSTM+Attention,val,77.463759_13.078886,2023-10-01,0.50726527,0.5479225
BiLSTM+Attention,val,77.46825_12.827358,2023-10-01,0.46972245,0.48390538
BiLSTM+Attention,val,77.46825_12.836341,2023-10-01,0.56452566,0.5828767
BiLSTM+Attention,val,77.46825_12.894731,2023-10-01,0.5070008,0.5186556
BiLSTM+Attention,val,77.46825_12.94863,2023-10-01,0.57875484,0.5767073
BiLSTM+Attention,val,77.46825_12.953122,2023-10-01,0.5141679,0.5084451
BiLSTM+Attention,val,77.46825_12.966596,2023-10-01,0.49223727,0.48616058
BiLSTM+Attention,val,77.46825_13.007021,2023-10-01,0.41281408,0.4192745
BiLSTM+Attention,val,77.46825_13.020495,2023-10-01,0.48054117,0.4725949
BiLSTM+Attention,val,77.46825_13.114818,2023-10-01,0.5205473,0.5410451
BiLSTM+Attention,val,77.46825_13.150751,2023-10-01,0.4311907,0.44717246
BiLSTM+Attention,val,77.46825_13.1777,2023-10-01,0.5216501,0.55023366
BiLSTM+Attention,val,77.472742_12.746509,2023-10-01,0.6244673,0.62330973
BiLSTM+Attention,val,77.472742_12.751001,2023-10-01,0.57827646,0.5796158
BiLSTM+Attention,val,77.472742_12.755492,2023-10-01,0.5952891,0.60761
BiLSTM+Attention,val,77.472742_12.795916,2023-10-01,0.5318464,0.5474411
BiLSTM+Attention,val,77.472742_12.836341,2023-10-01,0.5545846,0.5746889
BiLSTM+Attention,val,77.472742_12.984563,2023-10-01,0.4541449,0.43131757
BiLSTM+Attention,val,77.472742_13.087869,2023-10-01,0.46144992,0.5054895
BiLSTM+Attention,val,77.477234_12.764475,2023-10-01,0.5896442,0.59849477
BiLSTM+Attention,val,77.477234_12.782442,2023-10-01,0.52546173,0.5437576
BiLSTM+Attention,val,77.477234_12.840832,2023-10-01,0.55633575,0.5762961
BiLSTM+Attention,val,77.477234_12.899223,2023-10-01,0.46729416,0.47483635
BiLSTM+Attention,val,77.477234_12.935155,2023-10-01,0.6052589,0.58773327
BiLSTM+Attention,val,77.477234_12.944139,2023-10-01,0.53534204,0.5306624
BiLSTM+Attention,val,77.477234_12.94863,2023-10-01,0.5461842,0.5363326
BiLSTM+Attention,val,77.477234_12.971088,2023-10-01,0.5049061,0.5027124
BiLSTM+Attention,val,77.477234_13.002529,2023-10-01,0.408375,0.4189516
BiLSTM+Attention,val,77.477234_13.056428,2023-10-01,0.4631865,0.46448982
BiLSTM+Attention,val,77.481725_12.737526,2023-10-01,0.60106575,0.60129946
BiLSTM+Attention,val,77.481725_12.768967,2023-10-01,0.5845832,0.59726876
BiLSTM+Attention,val,77.481725_12.831849,2023-10-01,0.4983265,0.51875716
BiLSTM+Attention,val,77.481725_12.89024,2023-10-01,0.5465629,0.5683768
BiLSTM+Attention,val,77.481725_12.894731,2023-10-01,0.5137352,0.52792436
BiLSTM+Attention,val,77.481725_12.944139,2023-10-01,0.5481263,0.5440543
BiLSTM+Attention,val,77.481725_12.971088,2023-10-01,0.42969972,0.4288923
BiLSTM+Attention,val,77.481725_12.980071,2023-10-01,0.48294502,0.47065172
BiLSTM+Attention,val,77.481725_13.024987,2023-10-01,0.46192583,0.47368258
BiLSTM+Attention,val,77.481725_13.03397,2023-10-01,0.43899837,0.43359178
BiLSTM+Attention,val,77.481725_13.096852,2023-10-01,0.5447823,0.54753196
BiLSTM+Attention,val,77.481725_13.137276,2023-10-01,0.61994773,0.6284679
BiLSTM+Attention,val,77.486217_12.764475,2023-10-01,0.57948565,0.5897309
BiLSTM+Attention,val,77.486217_12.872273,2023-10-01,0.50320584,0.5312313
BiLSTM+Attention,val,77.486217_12.939647,2023-10-01,0.56359637,0.5614959
BiLSTM+Attention,val,77.486217_12.998037,2023-10-01,0.45580336,0.44788066
BiLSTM+Attention,val,77.486217_13.042953,2023-10-01,0.50959104,0.48906547
BiLSTM+Attention,val,77.486217_13.06092,2023-10-01,0.5278262,0.52223283
BiLSTM+Attention,val,77.486217_13.114818,2023-10-01,0.46101168,0.47027403
BiLSTM+Attention,val,77.486217_13.11931,2023-10-01,0.47828656,0.4872711
BiLSTM+Attention,val,77.490708_12.768967,2023-10-01,0.57124,0.59265226
BiLSTM+Attention,val,77.490708_12.8049,2023-10-01,0.54929894,0.5671168
BiLSTM+Attention,val,77.490708_12.849815,2023-10-01,0.5735866,0.5736457
BiLSTM+Attention,val,77.490708_12.89024,2023-10-01,0.5056101,0.5245345
BiLSTM+Attention,val,77.490708_13.051936,2023-10-01,0.5762403,0.57149124
BiLSTM+Attention,val,77.490708_13.087869,2023-10-01,0.5172814,0.53491575
BiLSTM+Attention,val,77.490708_13.092361,2023-10-01,0.5127595,0.50051886
BiLSTM+Attention,val,77.490708_13.096852,2023-10-01,0.54283327,0.519201
BiLSTM+Attention,val,77.490708_13.182192,2023-10-01,0.56013936,0.57573664
BiLSTM+Attention,val,77.490708_13.209142,2023-10-01,0.5168113,0.5340979
BiLSTM+Attention,val,77.4952_12.786933,2023-10-01,0.5315457,0.5460485
BiLSTM+Attention,val,77.4952_12.836341,2023-10-01,0.530009,0.53948736
BiLSTM+Attention,val,77.4952_12.899223,2023-10-01,0.5528527,0.5590796
BiLSTM+Attention,val,77.4952_12.962105,2023-10-01,0.5477268,0.53419775
BiLSTM+Attention,val,77.4952_13.020495,2023-10-01,0.50435597,0.50349534
BiLSTM+Attention,val,77.4952_13.024987,2023-10-01,0.4939803,0.48825976
BiLSTM+Attention,val,77.4952_13.03397,2023-10-01,0.54720414,0.55143964
BiLSTM+Attention,val,77.4952_13.087869,2023-10-01,0.49154463,0.5146577
BiLSTM+Attention,val,77.4952_13.092361,2023-10-01,0.51799333,0.5013488
BiLSTM+Attention,val,77.4952_13.182192,2023-10-01,0.5596944,0.5680547
BiLSTM+Attention,val,77.499692_12.755492,2023-10-01,0.6371216,0.65471077
BiLSTM+Attention,val,77.499692_12.858799,2023-10-01,0.6210776,0.63391495
BiLSTM+Attention,val,77.499692_12.899223,2023-10-01,0.5348475,0.55315256
BiLSTM+Attention,val,77.499692_12.984563,2023-10-01,0.49795854,0.48071563
BiLSTM+Attention,val,77.499692_13.114818,2023-10-01,0.48017502,0.48114136
BiLSTM+Attention,val,77.499692_13.137276,2023-10-01,0.47309268,0.4823531
BiLSTM+Attention,val,77.499692_13.168717,2023-10-01,0.6085393,0.6066215
BiLSTM+Attention,val,77.504183_12.764475,2023-10-01,0.6421601,0.67003804
BiLSTM+Attention,val,77.504183_12.786933,2023-10-01,0.5995925,0.6227821
BiLSTM+Attention,val,77.504183_12.818374,2023-10-01,0.57067853,0.58493394
BiLSTM+Attention,val,77.504183_12.854307,2023-10-01,0.5630152,0.58436924
BiLSTM+Attention,val,77.504183_12.858799,2023-10-01,0.61984134,0.6358349
BiLSTM+Attention,val,77.504183_12.953122,2023-10-01,0.5259163,0.5274579
BiLSTM+Attention,val,77.504183_13.083377,2023-10-01,0.5497366,0.56798583
BiLSTM+Attention,val,77.504183_13.141768,2023-10-01,0.5502601,0.5597249
BiLSTM+Attention,val,77.504183_13.159734,2023-10-01,0.6391949,0.6453935
BiLSTM+Attention,val,77.504183_13.195667,2023-10-01,0.49235305,0.50985426
BiLSTM+Attention,val,77.508675_12.751001,2023-10-01,0.6442521,0.6525252
BiLSTM+Attention,val,77.508675_12.795916,2023-10-01,0.6292141,0.6581033
BiLSTM+Attention,val,77.508675_12.831849,2023-10-01,0.57298017,0.58418775
BiLSTM+Attention,val,77.508675_12.836341,2023-10-01,0.5981759,0.6039293
BiLSTM+Attention,val,77.508675_12.845324,2023-10-01,0.56267697,0.56041515
BiLSTM+Attention,val,77.508675_12.903714,2023-10-01,0.4898173,0.5037244
BiLSTM+Attention,val,77.508675_12.912697,2023-10-01,0.5325133,0.5281928
BiLSTM+Attention,val,77.508675_12.917189,2023-10-01,0.5976066,0.604208
BiLSTM+Attention,val,77.508675_13.114818,2023-10-01,0.4431215,0.45634276
BiLSTM+Attention,val,77.508675_13.137276,2023-10-01,0.501317,0.52892
BiLSTM+Attention,val,77.508675_13.159734,2023-10-01,0.6264453,0.6248889
BiLSTM+Attention,val,77.508675_13.191175,2023-10-01,0.51834637,0.5243562
BiLSTM+Attention,val,77.513166_12.746509,2023-10-01,0.7386282,0.78885186
BiLSTM+Attention,val,77.513166_12.764475,2023-10-01,0.6048866,0.61713237
BiLSTM+Attention,val,77.513166_12.77795,2023-10-01,0.6979815,0.72309047
BiLSTM+Attention,val,77.513166_12.822866,2023-10-01,0.6455489,0.66414785
BiLSTM+Attention,val,77.513166_12.908206,2023-10-01,0.49165642,0.51176363
BiLSTM+Attention,val,77.513166_13.087869,2023-10-01,0.55244637,0.5550971
BiLSTM+Attention,val,77.513166_13.096852,2023-10-01,0.6163121,0.62531877
BiLSTM+Attention,val,77.513166_13.137276,2023-10-01,0.4654924,0.483338
BiLSTM+Attention,val,77.513166_13.1777,2023-10-01,0.5436854,0.56185055
BiLSTM+Attention,val,77.517658_12.764475,2023-10-01,0.65076935,0.6646602
BiLSTM+Attention,val,77.517658_12.77795,2023-10-01,0.67335093,0.70201796
BiLSTM+Attention,val,77.517658_12.782442,2023-10-01,0.67218715,0.70087475
BiLSTM+Attention,val,77.517658_12.795916,2023-10-01,0.63456845,0.6595154
BiLSTM+Attention,val,77.517658_12.827358,2023-10-01,0.5728536,0.5769758
BiLSTM+Attention,val,77.517658_12.849815,2023-10-01,0.5677635,0.57039475
BiLSTM+Attention,val,77.517658_12.885748,2023-10-01,0.5635982,0.57566065
BiLSTM+Attention,val,77.517658_12.89024,2023-10-01,0.5551161,0.57104975
BiLSTM+Attention,val,77.517658_12.899223,2023-10-01,0.5478304,0.57801604
BiLSTM+Attention,val,77.517658_12.998037,2023-10-01,0.568976,0.58263326
BiLSTM+Attention,val,77.517658_13.11931,2023-10-01,0.40996805,0.42860383
BiLSTM+Attention,val,77.517658_13.182192,2023-10-01,0.54713273,0.56581765
BiLSTM+Attention,val,77.517658_13.186684,2023-10-01,0.5560079,0.57135063
BiLSTM+Attention,val,77.517658_13.191175,2023-10-01,0.49964947,0.5101155
BiLSTM+Attention,val,77.522149_12.751001,2023-10-01,0.68322587,0.71376467
BiLSTM+Attention,val,77.522149_12.755492,2023-10-01,0.6592737,0.6745863
BiLSTM+Attention,val,77.522149_12.759984,2023-10-01,0.6921151,0.7017539
BiLSTM+Attention,val,77.522149_12.782442,2023-10-01,0.6864484,0.7123746
BiLSTM+Attention,val,77.522149_12.809391,2023-10-01,0.74926865,0.7880007
BiLSTM+Attention,val,77.522149_12.813883,2023-10-01,0.5640285,0.58379674
BiLSTM+Attention,val,77.522149_12.818374,2023-10-01,0.55155206,0.5605607
BiLSTM+Attention,val,77.522149_12.836341,2023-10-01,0.5628443,0.5720931
BiLSTM+Attention,val,77.522149_12.845324,2023-10-01,0.578746,0.5880436
BiLSTM+Attention,val,77.522149_13.056428,2023-10-01,0.57850283,0.58268195
BiLSTM+Attention,val,77.522149_13.078886,2023-10-01,0.5530943,0.5486264
BiLSTM+Attention,val,77.522149_13.146259,2023-10-01,0.42925027,0.43610525
BiLSTM+Attention,val,77.522149_13.200158,2023-10-01,0.53738195,0.5433742
BiLSTM+Attention,val,77.526641_12.751001,2023-10-01,0.6952253,0.7118795
BiLSTM+Attention,val,77.526641_12.840832,2023-10-01,0.63312805,0.64166355
BiLSTM+Attention,val,77.526641_12.89024,2023-10-01,0.59951806,0.6233927
BiLSTM+Attention,val,77.526641_12.899223,2023-10-01,0.5711594,0.6157701
BiLSTM+Attention,val,77.526641_13.078886,2023-10-01,0.5669612,0.5598973
BiLSTM+Attention,val,77.526641_13.105835,2023-10-01,0.42168775,0.43859923
BiLSTM+Attention,val,77.526641_13.110327,2023-10-01,0.4176181,0.42478794
BiLSTM+Attention,val,77.531133_12.791425,2023-10-01,0.58963567,0.6067774
BiLSTM+Attention,val,77.531133_12.795916,2023-10-01,0.6290673,0.6410716
BiLSTM+Attention,val,77.531133_12.800408,2023-10-01,0.60476977,0.6173758
BiLSTM+Attention,val,77.531133_12.822866,2023-10-01,0.5803548,0.59170234
BiLSTM+Attention,val,77.531133_12.827358,2023-10-01,0.5931704,0.6021286
BiLSTM+Attention,val,77.531133_12.894731,2023-10-01,0.5234436,0.53722876
BiLSTM+Attention,val,77.531133_13.083377,2023-10-01,0.53555125,0.5316635
BiLSTM+Attention,val,77.531133_13.114818,2023-10-01,0.4293202,0.44723997
BiLSTM+Attention,val,77.531133_13.195667,2023-10-01,0.5506544,0.56810004
BiLSTM+Attention,val,77.535624_12.77795,2023-10-01,0.7331202,0.7693455
BiLSTM+Attention,val,77.535624_12.822866,2023-10-01,0.68332714,0.6908984
BiLSTM+Attention,val,77.535624_12.872273,2023-10-01,0.48830724,0.5002471
BiLSTM+Attention,val,77.535624_12.899223,2023-10-01,0.5044068,0.51657933
BiLSTM+Attention,val,77.535624_13.069903,2023-10-01,0.6393351,0.6252067
BiLSTM+Attention,val,77.535624_13.083377,2023-10-01,0.5281621,0.5268223
BiLSTM+Attention,val,77.535624_13.096852,2023-10-01,0.46902478,0.46191543
BiLSTM+Attention,val,77.535624_13.114818,2023-10-01,0.45500892,0.46306992
BiLSTM+Attention,val,77.535624_13.132785,2023-10-01,0.48025483,0.49412525
BiLSTM+Attention,val,77.535624_13.137276,2023-10-01,0.42251596,0.4184187
BiLSTM+Attention,val,77.535624_13.195667,2023-10-01,0.49274388,0.49842107
BiLSTM+Attention,val,77.540116_12.77795,2023-10-01,0.63277733,0.6519817
BiLSTM+Attention,val,77.540116_12.795916,2023-10-01,0.64911115,0.6713776
BiLSTM+Attention,val,77.540116_13.042953,2023-10-01,0.56836826,0.5617816
BiLSTM+Attention,val,77.540116_13.074394,2023-10-01,0.58656955,0.575399
BiLSTM+Attention,val,77.540116_13.092361,2023-10-01,0.42701986,0.41161743
BiLSTM+Attention,val,77.540116_13.101344,2023-10-01,0.45692107,0.44903284
BiLSTM+Attention,val,77.540116_13.105835,2023-10-01,0.46620336,0.47508413
BiLSTM+Attention,val,77.540116_13.114818,2023-10-01,0.4270936,0.4353729
BiLSTM+Attention,val,77.540116_13.132785,2023-10-01,0.4654765,0.46445403
BiLSTM+Attention,val,77.540116_13.155243,2023-10-01,0.4917213,0.4916794
BiLSTM+Attention,val,77.540116_13.182192,2023-10-01,0.45802638,0.48474282
BiLSTM+Attention,val,77.544607_12.831849,2023-10-01,0.7410455,0.7387141
BiLSTM+Attention,val,77.544607_13.218125,2023-10-01,0.5429534,0.5717267
BiLSTM+Attention,val,77.549099_12.822866,2023-10-01,0.7612429,0.7544184
BiLSTM+Attention,val,77.549099_12.831849,2023-10-01,0.6742383,0.6661927
BiLSTM+Attention,val,77.549099_12.836341,2023-10-01,0.64645386,0.6407776
BiLSTM+Attention,val,77.549099_12.845324,2023-10-01,0.629052,0.6275625
BiLSTM+Attention,val,77.549099_12.867782,2023-10-01,0.5535254,0.55397147
BiLSTM+Attention,val,77.549099_12.876765,2023-10-01,0.5194777,0.53563374
BiLSTM+Attention,val,77.549099_12.894731,2023-10-01,0.59939444,0.62694234
BiLSTM+Attention,val,77.549099_13.096852,2023-10-01,0.49381968,0.48078716
BiLSTM+Attention,val,77.549099_13.132785,2023-10-01,0.5968028,0.6071114
BiLSTM+Attention,val,77.55359_12.71956,2023-10-01,0.7678286,0.7728137
BiLSTM+Attention,val,77.55359_12.782442,2023-10-01,0.70409906,0.7183573
BiLSTM+Attention,val,77.55359_12.849815,2023-10-01,0.62339944,0.6280737
BiLSTM+Attention,val,77.55359_12.872273,2023-10-01,0.51062965,0.5177971
BiLSTM+Attention,val,77.55359_13.069903,2023-10-01,0.7047962,0.69079936
BiLSTM+Attention,val,77.55359_13.101344,2023-10-01,0.44943663,0.44540325
BiLSTM+Attention,val,77.55359_13.110327,2023-10-01,0.50399196,0.5092768
BiLSTM+Attention,val,77.55359_13.128293,2023-10-01,0.57568747,0.58207184
BiLSTM+Attention,val,77.55359_13.168717,2023-10-01,0.5028102,0.50061965
BiLSTM+Attention,val,77.55359_13.173209,2023-10-01,0.4260358,0.42284605
BiLSTM+Attention,val,77.558082_12.710577,2023-10-01,0.7958165,0.7952955
BiLSTM+Attention,val,77.558082_12.827358,2023-10-01,0.69180584,0.702421
BiLSTM+Attention,val,77.558082_12.845324,2023-10-01,0.670342,0.671421
BiLSTM+Attention,val,77.558082_13.042953,2023-10-01,0.64601713,0.6587583
BiLSTM+Attention,val,77.558082_13.051936,2023-10-01,0.6762265,0.6613556
BiLSTM+Attention,val,77.558082_13.110327,2023-10-01,0.5121934,0.5195178
BiLSTM+Attention,val,77.558082_13.168717,2023-10-01,0.516499,0.5139722
BiLSTM+Attention,val,77.558082_13.1777,2023-10-01,0.49814066,0.5025353
BiLSTM+Attention,val,77.562574_12.71956,2023-10-01,0.77007747,0.7802932
BiLSTM+Attention,val,77.562574_12.827358,2023-10-01,0.69919497,0.6986053
BiLSTM+Attention,val,77.562574_12.858799,2023-10-01,0.51999015,0.5331146
BiLSTM+Attention,val,77.562574_12.872273,2023-10-01,0.6022746,0.6103445
BiLSTM+Attention,val,77.562574_12.876765,2023-10-01,0.6251025,0.6464708
BiLSTM+Attention,val,77.562574_13.141768,2023-10-01,0.49055886,0.49492276
BiLSTM+Attention,val,77.562574_13.159734,2023-10-01,0.51900285,0.5247777
BiLSTM+Attention,val,77.562574_13.173209,2023-10-01,0.5256625,0.52513796
BiLSTM+Attention,val,77.567065_12.724051,2023-10-01,0.72117144,0.7219277
BiLSTM+Attention,val,77.567065_12.813883,2023-10-01,0.68060005,0.6853461
BiLSTM+Attention,val,77.567065_12.849815,2023-10-01,0.66632044,0.6752599
BiLSTM+Attention,val,77.567065_13.105835,2023-10-01,0.57476187,0.5727346
BiLSTM+Attention,val,77.567065_13.114818,2023-10-01,0.62021077,0.6127478
BiLSTM+Attention,val,77.567065_13.182192,2023-10-01,0.5222091,0.51769084
BiLSTM+Attention,val,77.571557_12.71956,2023-10-01,0.7530043,0.7538959
BiLSTM+Attention,val,77.571557_12.800408,2023-10-01,0.6785168,0.6785485
BiLSTM+Attention,val,77.571557_12.813883,2023-10-01,0.74965227,0.74318105
BiLSTM+Attention,val,77.571557_12.849815,2023-10-01,0.67011166,0.6692786
BiLSTM+Attention,val,77.571557_13.141768,2023-10-01,0.49472502,0.4944889
BiLSTM+Attention,val,77.571557_13.146259,2023-10-01,0.4980999,0.5061713
BiLSTM+Attention,val,77.576048_12.71956,2023-10-01,0.7192175,0.72098315
BiLSTM+Attention,val,77.576048_12.728543,2023-10-01,0.7193422,0.72436583
BiLSTM+Attention,val,77.576048_12.742018,2023-10-01,0.71660835,0.7120129
BiLSTM+Attention,val,77.576048_12.813883,2023-10-01,0.7692331,0.75395846
BiLSTM+Attention,val,77.576048_12.827358,2023-10-01,0.65584916,0.64952874
BiLSTM+Attention,val,77.58054_12.800408,2023-10-01,0.7177167,0.71869886
BiLSTM+Attention,val,77.58054_12.845324,2023-10-01,0.67247164,0.6578592
BiLSTM+Attention,val,77.58054_13.083377,2023-10-01,0.53869873,0.53529716
BiLSTM+Attention,val,77.58054_13.087869,2023-10-01,0.51269466,0.5078262
BiLSTM+Attention,val,77.585031_12.849815,2023-10-01,0.66991556,0.66001344
BiLSTM+Attention,val,77.585031_13.042953,2023-10-01,0.67447317,0.67501765
BiLSTM+Attention,val,77.585031_13.137276,2023-10-01,0.5017748,0.51310366
BiLSTM+Attention,val,77.589523_12.71956,2023-10-01,0.8260903,0.8260511
BiLSTM+Attention,val,77.589523_12.746509,2023-10-01,0.71767426,0.72358
BiLSTM+Attention,val,77.589523_12.854307,2023-10-01,0.6176031,0.61036396
BiLSTM+Attention,val,77.589523_12.971088,2023-10-01,0.7375635,0.71845347
BiLSTM+Attention,val,77.589523_13.083377,2023-10-01,0.6224993,0.6297511
BiLSTM+Attention,val,77.589523_13.150751,2023-10-01,0.5072531,0.5091223
BiLSTM+Attention,val,77.594015_12.724051,2023-10-01,0.80728835,0.81420076
BiLSTM+Attention,val,77.594015_12.733034,2023-10-01,0.7779999,0.7868998
BiLSTM+Attention,val,77.594015_12.755492,2023-10-01,0.67993844,0.69402695
BiLSTM+Attention,val,77.594015_12.831849,2023-10-01,0.63240504,0.6176927
BiLSTM+Attention,val,77.594015_12.836341,2023-10-01,0.65205497,0.630131
BiLSTM+Attention,val,77.594015_12.840832,2023-10-01,0.6525793,0.6328464
BiLSTM+Attention,val,77.594015_12.849815,2023-10-01,0.64341885,0.63629633
BiLSTM+Attention,val,77.594015_12.998037,2023-10-01,0.7314255,0.72362655
BiLSTM+Attention,val,77.594015_13.087869,2023-10-01,0.607173,0.6081662
BiLSTM+Attention,val,77.598506_12.665661,2023-10-01,0.8056614,0.806587
BiLSTM+Attention,val,77.598506_12.710577,2023-10-01,0.7337605,0.7397989
BiLSTM+Attention,val,77.598506_12.822866,2023-10-01,0.6572334,0.64405644
BiLSTM+Attention,val,77.598506_12.849815,2023-10-01,0.6833868,0.68378615
BiLSTM+Attention,val,77.598506_13.083377,2023-10-01,0.6001881,0.5956699
BiLSTM+Attention,val,77.598506_13.128293,2023-10-01,0.5632215,0.5797256
BiLSTM+Attention,val,77.598506_13.141768,2023-10-01,0.4770013,0.4784834
BiLSTM+Attention,val,77.598506_13.146259,2023-10-01,0.45696515,0.46298233
BiLSTM+Attention,val,77.602998_12.710577,2023-10-01,0.7709664,0.774222
BiLSTM+Attention,val,77.602998_12.827358,2023-10-01,0.5749813,0.558284
BiLSTM+Attention,val,77.602998_12.849815,2023-10-01,0.58518666,0.5756035
BiLSTM+Attention,val,77.602998_12.858799,2023-10-01,0.59397,0.5745741
BiLSTM+Attention,val,77.602998_13.114818,2023-10-01,0.5920166,0.60183907
BiLSTM+Attention,val,77.602998_13.11931,2023-10-01,0.58576196,0.5901257
BiLSTM+Attention,val,77.602998_13.128293,2023-10-01,0.5326582,0.543979
BiLSTM+Attention,val,77.602998_13.164226,2023-10-01,0.49231476,0.48807245
BiLSTM+Attention,val,77.607489_12.768967,2023-10-01,0.6428302,0.648109
BiLSTM+Attention,val,77.607489_12.773459,2023-10-01,0.61636055,0.61684793
BiLSTM+Attention,val,77.607489_12.791425,2023-10-01,0.60441816,0.60366225
BiLSTM+Attention,val,77.607489_12.809391,2023-10-01,0.690959,0.6804935
BiLSTM+Attention,val,77.607489_12.818374,2023-10-01,0.7205839,0.7118503
BiLSTM+Attention,val,77.607489_13.087869,2023-10-01,0.6955823,0.7069399
BiLSTM+Attention,val,77.611981_12.674644,2023-10-01,0.80042267,0.80337954
BiLSTM+Attention,val,77.611981_12.768967,2023-10-01,0.5991432,0.5944859
BiLSTM+Attention,val,77.611981_12.831849,2023-10-01,0.6084767,0.5960449
BiLSTM+Attention,val,77.611981_12.867782,2023-10-01,0.563129,0.5516354
BiLSTM+Attention,val,77.611981_12.953122,2023-10-01,0.739374,0.7257204
BiLSTM+Attention,val,77.611981_13.105835,2023-10-01,0.56014144,0.5473854
BiLSTM+Attention,val,77.611981_13.168717,2023-10-01,0.4645805,0.4792296
BiLSTM+Attention,val,77.611981_13.182192,2023-10-01,0.4375715,0.44657314
BiLSTM+Attention,val,77.616473_12.831849,2023-10-01,0.64975303,0.63884914
BiLSTM+Attention,val,77.616473_12.858799,2023-10-01,0.5742072,0.56671566
BiLSTM+Attention,val,77.616473_13.114818,2023-10-01,0.5866832,0.5912727
BiLSTM+Attention,val,77.616473_13.141768,2023-10-01,0.51262426,0.50598496
BiLSTM+Attention,val,77.616473_13.1777,2023-10-01,0.4305046,0.43813023
BiLSTM+Attention,val,77.620964_12.674644,2023-10-01,0.8074247,0.8138145
BiLSTM+Attention,val,77.620964_12.795916,2023-10-01,0.55306655,0.5401592
BiLSTM+Attention,val,77.620964_12.813883,2023-10-01,0.5443355,0.5410153
BiLSTM+Attention,val,77.620964_12.845324,2023-10-01,0.6855098,0.67445534
BiLSTM+Attention,val,77.620964_12.858799,2023-10-01,0.55544204,0.555147
BiLSTM+Attention,val,77.620964_13.132785,2023-10-01,0.56419307,0.56240755
BiLSTM+Attention,val,77.625456_12.782442,2023-10-01,0.5821614,0.5747502
BiLSTM+Attention,val,77.625456_12.858799,2023-10-01,0.52093524,0.52029395
BiLSTM+Attention,val,77.625456_13.065411,2023-10-01,0.4622319,0.4691424
BiLSTM+Attention,val,77.625456_13.128293,2023-10-01,0.5679272,0.5733583
BiLSTM+Attention,val,77.625456_13.137276,2023-10-01,0.50261676,0.5155788
BiLSTM+Attention,val,77.625456_13.155243,2023-10-01,0.62257814,0.61923313
BiLSTM+Attention,val,77.625456_13.182192,2023-10-01,0.46498734,0.47509497
BiLSTM+Attention,val,77.629947_12.795916,2023-10-01,0.7616438,0.7442356
BiLSTM+Attention,val,77.629947_12.809391,2023-10-01,0.56672186,0.56482
BiLSTM+Attention,val,77.629947_12.836341,2023-10-01,0.625516,0.6146443
BiLSTM+Attention,val,77.629947_12.854307,2023-10-01,0.5746041,0.57362247
BiLSTM+Attention,val,77.629947_12.858799,2023-10-01,0.5430062,0.5454478
BiLSTM+Attention,val,77.629947_13.06092,2023-10-01,0.48547432,0.47863647
BiLSTM+Attention,val,77.629947_13.087869,2023-10-01,0.48577678,0.48290023
BiLSTM+Attention,val,77.629947_13.1777,2023-10-01,0.49228603,0.50142246
BiLSTM+Attention,val,77.634439_12.679136,2023-10-01,0.75221586,0.7573989
BiLSTM+Attention,val,77.634439_12.701593,2023-10-01,0.69874686,0.7041092
BiLSTM+Attention,val,77.634439_12.733034,2023-10-01,0.55751413,0.5579484
BiLSTM+Attention,val,77.634439_12.746509,2023-10-01,0.5914378,0.58943886
BiLSTM+Attention,val,77.634439_12.751001,2023-10-01,0.58750504,0.5863031
BiLSTM+Attention,val,77.634439_12.849815,2023-10-01,0.5800906,0.57115364
BiLSTM+Attention,val,77.634439_13.047445,2023-10-01,0.54592985,0.5379586
BiLSTM+Attention,val,77.634439_13.083377,2023-10-01,0.44801652,0.4366281
BiLSTM+Attention,val,77.634439_13.137276,2023-10-01,0.46099585,0.46443146
BiLSTM+Attention,val,77.63893_12.688119,2023-10-01,0.69171226,0.69920194
BiLSTM+Attention,val,77.63893_12.742018,2023-10-01,0.6068872,0.6027014
BiLSTM+Attention,val,77.63893_12.791425,2023-10-01,0.5999984,0.59108394
BiLSTM+Attention,val,77.63893_12.800408,2023-10-01,0.55378354,0.5547727
BiLSTM+Attention,val,77.63893_12.818374,2023-10-01,0.5736202,0.5679071
BiLSTM+Attention,val,77.63893_12.840832,2023-10-01,0.6518165,0.633773
BiLSTM+Attention,val,77.63893_12.872273,2023-10-01,0.4957113,0.4874392
BiLSTM+Attention,val,77.63893_12.917189,2023-10-01,0.7374129,0.72152853
BiLSTM+Attention,val,77.63893_12.989054,2023-10-01,0.64794266,0.63990307
BiLSTM+Attention,val,77.63893_13.056428,2023-10-01,0.50672865,0.4880448
BiLSTM+Attention,val,77.63893_13.078886,2023-10-01,0.4535001,0.44299486
BiLSTM+Attention,val,77.63893_13.083377,2023-10-01,0.4422824,0.43309253
BiLSTM+Attention,val,77.63893_13.1777,2023-10-01,0.47370586,0.48268056
BiLSTM+Attention,val,77.643422_12.795916,2023-10-01,0.5762892,0.5712936
BiLSTM+Attention,val,77.643422_12.800408,2023-10-01,0.5587096,0.5523592
BiLSTM+Attention,val,77.643422_12.809391,2023-10-01,0.58601904,0.5753052
BiLSTM+Attention,val,77.643422_12.867782,2023-10-01,0.53398985,0.52378064
BiLSTM+Attention,val,77.643422_13.002529,2023-10-01,0.5733517,0.57201433
BiLSTM+Attention,val,77.643422_13.038462,2023-10-01,0.5696636,0.5638523
BiLSTM+Attention,val,77.643422_13.164226,2023-10-01,0.5799386,0.5801117
BiLSTM+Attention,val,77.647914_12.688119,2023-10-01,0.7306238,0.7305391
BiLSTM+Attention,val,77.647914_12.733034,2023-10-01,0.59016377,0.5901706
BiLSTM+Attention,val,77.647914_12.881256,2023-10-01,0.54877126,0.550608
BiLSTM+Attention,val,77.647914_12.935155,2023-10-01,0.6842187,0.69000417
BiLSTM+Attention,val,77.647914_13.141768,2023-10-01,0.61100656,0.63165957
BiLSTM+Attention,val,77.647914_13.168717,2023-10-01,0.6499515,0.64589643
BiLSTM+Attention,val,77.652405_12.697102,2023-10-01,0.6955214,0.70431423
BiLSTM+Attention,val,77.652405_12.773459,2023-10-01,0.5625763,0.5644971
BiLSTM+Attention,val,77.652405_12.795916,2023-10-01,0.5374527,0.5343031
BiLSTM+Attention,val,77.652405_12.8049,2023-10-01,0.5930555,0.58774185
BiLSTM+Attention,val,77.652405_12.858799,2023-10-01,0.685569,0.6719836
BiLSTM+Attention,val,77.652405_12.926172,2023-10-01,0.6735272,0.6621494
BiLSTM+Attention,val,77.652405_13.002529,2023-10-01,0.5619513,0.5518085
BiLSTM+Attention,val,77.656897_12.742018,2023-10-01,0.61750245,0.6094881
BiLSTM+Attention,val,77.656897_12.746509,2023-10-01,0.5974663,0.5961857
BiLSTM+Attention,val,77.656897_12.768967,2023-10-01,0.61360186,0.6134903
BiLSTM+Attention,val,77.656897_12.791425,2023-10-01,0.55572826,0.545347
BiLSTM+Attention,val,77.656897_12.800408,2023-10-01,0.60817885,0.6070669
BiLSTM+Attention,val,77.656897_12.831849,2023-10-01,0.61376405,0.6100322
BiLSTM+Attention,val,77.656897_12.849815,2023-10-01,0.5062951,0.50303733
BiLSTM+Attention,val,77.656897_12.939647,2023-10-01,0.61898726,0.6063647
BiLSTM+Attention,val,77.656897_13.101344,2023-10-01,0.47308987,0.478155
BiLSTM+Attention,val,77.656897_13.164226,2023-10-01,0.48246512,0.49794188
BiLSTM+Attention,val,77.656897_13.173209,2023-10-01,0.4542851,0.46435162
BiLSTM+Attention,val,77.661388_12.737526,2023-10-01,0.62033623,0.61873555
BiLSTM+Attention,val,77.661388_12.759984,2023-10-01,0.6274241,0.6276438
BiLSTM+Attention,val,77.661388_13.056428,2023-10-01,0.5274042,0.51603556
BiLSTM+Attention,val,77.661388_13.074394,2023-10-01,0.52856356,0.5279986
BiLSTM+Attention,val,77.661388_13.087869,2023-10-01,0.48106915,0.4762113
BiLSTM+Attention,val,77.661388_13.101344,2023-10-01,0.46896452,0.46886635
BiLSTM+Attention,val,77.661388_13.110327,2023-10-01,0.5285878,0.5119564
BiLSTM+Attention,val,77.661388_13.11931,2023-10-01,0.5819974,0.58472663
BiLSTM+Attention,val,77.66588_12.679136,2023-10-01,0.684209,0.68386185
BiLSTM+Attention,val,77.66588_12.697102,2023-10-01,0.6496035,0.65932965
BiLSTM+Attention,val,77.66588_12.715068,2023-10-01,0.62622017,0.6383603
BiLSTM+Attention,val,77.66588_12.724051,2023-10-01,0.6237677,0.622138
BiLSTM+Attention,val,77.66588_12.751001,2023-10-01,0.58743644,0.5892396
BiLSTM+Attention,val,77.66588_12.755492,2023-10-01,0.63098013,0.6273793
BiLSTM+Attention,val,77.66588_12.764475,2023-10-01,0.60918295,0.60519165
BiLSTM+Attention,val,77.66588_12.768967,2023-10-01,0.7376278,0.7369917
BiLSTM+Attention,val,77.66588_12.791425,2023-10-01,0.6445355,0.6465988
BiLSTM+Attention,val,77.66588_12.953122,2023-10-01,0.6399718,0.63322675
BiLSTM+Attention,val,77.66588_13.038462,2023-10-01,0.539147,0.5302643
BiLSTM+Attention,val,77.66588_13.051936,2023-10-01,0.5650271,0.55531687
BiLSTM+Attention,val,77.66588_13.173209,2023-10-01,0.46099278,0.47474134
BiLSTM+Attention,val,77.670371_12.71956,2023-10-01,0.6193009,0.63376766
BiLSTM+Attention,val,77.670371_12.86329,2023-10-01,0.5403865,0.5215222
BiLSTM+Attention,val,77.670371_12.881256,2023-10-01,0.5312839,0.53014284
BiLSTM+Attention,val,77.670371_12.894731,2023-10-01,0.47858402,0.48307565
BiLSTM+Attention,val,77.670371_13.069903,2023-10-01,0.46874055,0.4671623
BiLSTM+Attention,val,77.670371_13.083377,2023-10-01,0.4296612,0.4336299
BiLSTM+Attention,val,77.670371_13.092361,2023-10-01,0.43300134,0.43902427
BiLSTM+Attention,val,77.670371_13.128293,2023-10-01,0.5124904,0.520418
BiLSTM+Attention,val,77.674863_12.674644,2023-10-01,0.72213143,0.72843313
BiLSTM+Attention,val,77.674863_12.71956,2023-10-01,0.62845975,0.6423238
BiLSTM+Attention,val,77.674863_12.755492,2023-10-01,0.575104,0.56611913
BiLSTM+Attention,val,77.674863_12.764475,2023-10-01,0.58968663,0.5927362
BiLSTM+Attention,val,77.674863_12.786933,2023-10-01,0.61887336,0.6224766
BiLSTM+Attention,val,77.674863_12.836341,2023-10-01,0.5630402,0.5628183
BiLSTM+Attention,val,77.674863_12.867782,2023-10-01,0.7147738,0.705239
BiLSTM+Attention,val,77.674863_13.051936,2023-10-01,0.57386196,0.5510614
BiLSTM+Attention,val,77.674863_13.069903,2023-10-01,0.45077273,0.44363296
BiLSTM+Attention,val,77.674863_13.092361,2023-10-01,0.45277786,0.45348713
BiLSTM+Attention,val,77.674863_13.105835,2023-10-01,0.505457,0.50844216
BiLSTM+Attention,val,77.679355_12.697102,2023-10-01,0.5951589,0.5991743
BiLSTM+Attention,val,77.679355_12.746509,2023-10-01,0.68686694,0.6847276
BiLSTM+Attention,val,77.679355_12.881256,2023-10-01,0.5571542,0.5469689
BiLSTM+Attention,val,77.679355_12.89024,2023-10-01,0.57013714,0.5621239
BiLSTM+Attention,val,77.679355_12.899223,2023-10-01,0.49151507,0.49382496
BiLSTM+Attention,val,77.679355_13.047445,2023-10-01,0.75115895,0.72619474
BiLSTM+Attention,val,77.679355_13.056428,2023-10-01,0.5456621,0.5244695
BiLSTM+Attention,val,77.679355_13.074394,2023-10-01,0.4695391,0.45916957
BiLSTM+Attention,val,77.679355_13.101344,2023-10-01,0.4708307,0.47167525
BiLSTM+Attention,val,77.679355_13.141768,2023-10-01,0.50289565,0.5026004
BiLSTM+Attention,val,77.679355_13.155243,2023-10-01,0.43078262,0.43597776
BiLSTM+Attention,val,77.679355_13.159734,2023-10-01,0.455163,0.46555623
BiLSTM+Attention,val,77.683846_12.728543,2023-10-01,0.61743,0.61073
BiLSTM+Attention,val,77.683846_12.742018,2023-10-01,0.55309564,0.5477855
BiLSTM+Attention,val,77.683846_12.755492,2023-10-01,0.72912854,0.72900265
BiLSTM+Attention,val,77.683846_12.795916,2023-10-01,0.59722215,0.5922266
BiLSTM+Attention,val,77.683846_12.8049,2023-10-01,0.5561242,0.55827624
BiLSTM+Attention,val,77.683846_12.836341,2023-10-01,0.60733014,0.6072345
BiLSTM+Attention,val,77.683846_12.840832,2023-10-01,0.6156886,0.6108459
BiLSTM+Attention,val,77.683846_12.894731,2023-10-01,0.5838427,0.58746344
BiLSTM+Attention,val,77.683846_12.917189,2023-10-01,0.4975171,0.5063031
BiLSTM+Attention,val,77.683846_12.939647,2023-10-01,0.7338725,0.7352569
BiLSTM+Attention,val,77.683846_13.029478,2023-10-01,0.42502648,0.435032
BiLSTM+Attention,val,77.683846_13.06092,2023-10-01,0.5185213,0.5133848
BiLSTM+Attention,val,77.683846_13.074394,2023-10-01,0.43709117,0.43060565
BiLSTM+Attention,val,77.683846_13.11931,2023-10-01,0.4143733,0.43046182
BiLSTM+Attention,val,77.683846_13.123802,2023-10-01,0.46271953,0.47320515
BiLSTM+Attention,val,77.688338_12.656678,2023-10-01,0.73285383,0.726148
BiLSTM+Attention,val,77.688338_12.69261,2023-10-01,0.77558017,0.7798628
BiLSTM+Attention,val,77.688338_12.697102,2023-10-01,0.78095084,0.7821518
BiLSTM+Attention,val,77.688338_12.710577,2023-10-01,0.7782857,0.7750187
BiLSTM+Attention,val,77.688338_12.751001,2023-10-01,0.6291345,0.62611717
BiLSTM+Attention,val,77.688338_12.755492,2023-10-01,0.6015886,0.60233057
BiLSTM+Attention,val,77.688338_12.876765,2023-10-01,0.7729954,0.75291526
BiLSTM+Attention,val,77.688338_12.885748,2023-10-01,0.5960954,0.59519696
BiLSTM+Attention,val,77.688338_12.966596,2023-10-01,0.6112141,0.621329
BiLSTM+Attention,val,77.692829_12.746509,2023-10-01,0.5301369,0.52991605
BiLSTM+Attention,val,77.692829_12.800408,2023-10-01,0.55930096,0.555189
BiLSTM+Attention,val,77.692829_12.845324,2023-10-01,0.62499934,0.63051826
BiLSTM+Attention,val,77.692829_12.885748,2023-10-01,0.6217193,0.61334765
BiLSTM+Attention,val,77.692829_12.899223,2023-10-01,0.5468351,0.5337868
BiLSTM+Attention,val,77.692829_13.047445,2023-10-01,0.72403485,0.70152646
BiLSTM+Attention,val,77.692829_13.06092,2023-10-01,0.61359346,0.6078261
BiLSTM+Attention,val,77.692829_13.065411,2023-10-01,0.5668611,0.56456727
BiLSTM+Attention,val,77.692829_13.083377,2023-10-01,0.43395394,0.44282675
BiLSTM+Attention,val,77.692829_13.096852,2023-10-01,0.4158016,0.4167713
BiLSTM+Attention,val,77.692829_13.132785,2023-10-01,0.39263874,0.40317208
BiLSTM+Attention,val,77.692829_13.155243,2023-10-01,0.4319133,0.44016448
BiLSTM+Attention,val,77.697321_12.697102,2023-10-01,0.7837533,0.7895793
BiLSTM+Attention,val,77.697321_12.751001,2023-10-01,0.59385276,0.587228
BiLSTM+Attention,val,77.697321_12.773459,2023-10-01,0.5611581,0.56859434
BiLSTM+Attention,val,77.697321_12.791425,2023-10-01,0.6442227,0.6476112
BiLSTM+Attention,val,77.697321_12.885748,2023-10-01,0.6251517,0.6178179
BiLSTM+Attention,val,77.697321_12.894731,2023-10-01,0.56226784,0.5505556
BiLSTM+Attention,val,77.697321_12.930664,2023-10-01,0.58192354,0.5778317
BiLSTM+Attention,val,77.697321_12.966596,2023-10-01,0.58649427,0.5871471
BiLSTM+Attention,val,77.697321_13.132785,2023-10-01,0.39263874,0.4030012
BiLSTM+Attention,val,77.697321_13.150751,2023-10-01,0.44764382,0.44814312
BiLSTM+Attention,val,77.697321_13.1777,2023-10-01,0.54131114,0.5516646
BiLSTM+Attention,val,77.701812_12.742018,2023-10-01,0.5958339,0.5875794
BiLSTM+Attention,val,77.701812_12.77795,2023-10-01,0.562205,0.5580194
BiLSTM+Attention,val,77.701812_12.8049,2023-10-01,0.63279605,0.63082993
BiLSTM+Attention,val,77.701812_12.822866,2023-10-01,0.6037188,0.61166775
BiLSTM+Attention,val,77.701812_12.872273,2023-10-01,0.55885047,0.547355
BiLSTM+Attention,val,77.701812_12.984563,2023-10-01,0.5188461,0.49786407
BiLSTM+Attention,val,77.701812_13.03397,2023-10-01,0.48754436,0.49058518
BiLSTM+Attention,val,77.701812_13.114818,2023-10-01,0.47837278,0.47744423
BiLSTM+Attention,val,77.701812_13.164226,2023-10-01,0.47479618,0.45931974
BiLSTM+Attention,val,77.706304_12.746509,2023-10-01,0.6090571,0.605553
BiLSTM+Attention,val,77.706304_12.751001,2023-10-01,0.6157919,0.6043837
BiLSTM+Attention,val,77.706304_12.759984,2023-10-01,0.532587,0.53670144
BiLSTM+Attention,val,77.706304_12.764475,2023-10-01,0.5700465,0.57223135
BiLSTM+Attention,val,77.706304_12.86329,2023-10-01,0.51068956,0.51235384
BiLSTM+Attention,val,77.706304_12.984563,2023-10-01,0.52616316,0.50761855
BiLSTM+Attention,val,77.706304_13.038462,2023-10-01,0.49425855,0.48152316
BiLSTM+Attention,val,77.706304_13.042953,2023-10-01,0.5457702,0.54289407
BiLSTM+Attention,val,77.706304_13.137276,2023-10-01,0.6414196,0.63409036
BiLSTM+Attention,val,77.710796_12.715068,2023-10-01,0.66418666,0.6805165
BiLSTM+Attention,val,77.710796_12.894731,2023-10-01,0.6412134,0.63088375
BiLSTM+Attention,val,77.710796_12.899223,2023-10-01,0.5903363,0.58706355
BiLSTM+Attention,val,77.710796_12.912697,2023-10-01,0.5244459,0.5184852
BiLSTM+Attention,val,77.710796_13.03397,2023-10-01,0.47914466,0.48278916
BiLSTM+Attention,val,77.710796_13.11931,2023-10-01,0.44922596,0.4583484
BiLSTM+Attention,val,77.710796_13.123802,2023-10-01,0.4186184,0.4270084
BiLSTM+Attention,val,77.710796_13.132785,2023-10-01,0.446553,0.45076072
BiLSTM+Attention,val,77.710796_13.150751,2023-10-01,0.42567623,0.4274141
BiLSTM+Attention,val,77.710796_13.168717,2023-10-01,0.494241,0.48918357
BiLSTM+Attention,val,77.710796_13.173209,2023-10-01,0.5028561,0.5175422
BiLSTM+Attention,val,77.715287_12.679136,2023-10-01,0.7220491,0.7235215
BiLSTM+Attention,val,77.715287_12.742018,2023-10-01,0.59678996,0.59207994
BiLSTM+Attention,val,77.715287_12.773459,2023-10-01,0.56179696,0.561965
BiLSTM+Attention,val,77.715287_12.822866,2023-10-01,0.62256515,0.61231494
BiLSTM+Attention,val,77.715287_12.827358,2023-10-01,0.59081966,0.5793419
BiLSTM+Attention,val,77.715287_12.845324,2023-10-01,0.5385599,0.533861
BiLSTM+Attention,val,77.715287_12.885748,2023-10-01,0.60961556,0.61208755
BiLSTM+Attention,val,77.715287_12.899223,2023-10-01,0.5063024,0.50153804
BiLSTM+Attention,val,77.715287_12.939647,2023-10-01,0.7488285,0.7423657
BiLSTM+Attention,val,77.715287_12.944139,2023-10-01,0.77765864,0.77569914
BiLSTM+Attention,val,77.715287_12.94863,2023-10-01,0.6248973,0.6183716
BiLSTM+Attention,val,77.715287_13.016004,2023-10-01,0.5597343,0.52518135
BiLSTM+Attention,val,77.715287_13.029478,2023-10-01,0.44120547,0.44085777
BiLSTM+Attention,val,77.715287_13.038462,2023-10-01,0.5638501,0.5651179
BiLSTM+Attention,val,77.715287_13.051936,2023-10-01,0.55224454,0.5431037
BiLSTM+Attention,val,77.715287_13.056428,2023-10-01,0.48546147,0.4742809
BiLSTM+Attention,val,77.715287_13.096852,2023-10-01,0.37993547,0.38204578
BiLSTM+Attention,val,77.715287_13.114818,2023-10-01,0.5142759,0.5153936
BiLSTM+Attention,val,77.715287_13.128293,2023-10-01,0.4591412,0.46981102
BiLSTM+Attention,val,77.719779_12.706085,2023-10-01,0.6799026,0.6972568
BiLSTM+Attention,val,77.719779_12.746509,2023-10-01,0.71960324,0.73004925
BiLSTM+Attention,val,77.719779_12.795916,2023-10-01,0.5808367,0.5858991
BiLSTM+Attention,val,77.719779_12.840832,2023-10-01,0.6195077,0.61765146
BiLSTM+Attention,val,77.719779_12.903714,2023-10-01,0.5040727,0.5083811
BiLSTM+Attention,val,77.719779_13.069903,2023-10-01,0.45039424,0.4488408
BiLSTM+Attention,val,77.719779_13.105835,2023-10-01,0.47238338,0.46736324
BiLSTM+Attention,val,77.719779_13.123802,2023-10-01,0.4294232,0.43538272
BiLSTM+Attention,val,77.719779_13.137276,2023-10-01,0.43493286,0.4492396
BiLSTM+Attention,val,77.719779_13.155243,2023-10-01,0.42620364,0.4322305
BiLSTM+Attention,val,77.72427_12.674644,2023-10-01,0.62893844,0.63336766
BiLSTM+Attention,val,77.72427_12.697102,2023-10-01,0.556265,0.56847453
BiLSTM+Attention,val,77.72427_12.701593,2023-10-01,0.5831492,0.5973932
BiLSTM+Attention,val,77.72427_12.724051,2023-10-01,0.6283153,0.62511337
BiLSTM+Attention,val,77.72427_12.786933,2023-10-01,0.6049207,0.59909534
BiLSTM+Attention,val,77.72427_12.791425,2023-10-01,0.60332865,0.6025432
BiLSTM+Attention,val,77.72427_12.840832,2023-10-01,0.5991596,0.5979314
BiLSTM+Attention,val,77.72427_12.867782,2023-10-01,0.5436679,0.5380046
BiLSTM+Attention,val,77.72427_12.885748,2023-10-01,0.5800005,0.5704277
BiLSTM+Attention,val,77.72427_13.024987,2023-10-01,0.74948984,0.7398554
BiLSTM+Attention,val,77.72427_13.06092,2023-10-01,0.46857366,0.46690506
BiLSTM+Attention,val,77.72427_13.074394,2023-10-01,0.47836065,0.47654507
BiLSTM+Attention,val,77.728762_12.706085,2023-10-01,0.65404266,0.6780187
BiLSTM+Attention,val,77.728762_12.724051,2023-10-01,0.6948899,0.6985703
BiLSTM+Attention,val,77.728762_12.759984,2023-10-01,0.60224944,0.59739405
BiLSTM+Attention,val,77.728762_12.782442,2023-10-01,0.6252623,0.6183061
BiLSTM+Attention,val,77.728762_12.809391,2023-10-01,0.615637,0.6134417
BiLSTM+Attention,val,77.728762_12.858799,2023-10-01,0.6153634,0.60465026
BiLSTM+Attention,val,77.728762_12.876765,2023-10-01,0.62600726,0.6250774
BiLSTM+Attention,val,77.728762_12.885748,2023-10-01,0.5688155,0.5640294
BiLSTM+Attention,val,77.728762_13.016004,2023-10-01,0.73756933,0.7300297
BiLSTM+Attention,val,77.728762_13.047445,2023-10-01,0.53294694,0.5270378
BiLSTM+Attention,val,77.728762_13.087869,2023-10-01,0.502254,0.5055494
BiLSTM+Attention,val,77.728762_13.092361,2023-10-01,0.4641471,0.47597954
BiLSTM+Attention,val,77.733253_12.755492,2023-10-01,0.5728842,0.5638421
BiLSTM+Attention,val,77.733253_12.795916,2023-10-01,0.57487947,0.5694015
BiLSTM+Attention,val,77.733253_12.86329,2023-10-01,0.6286072,0.62403077
BiLSTM+Attention,val,77.733253_12.872273,2023-10-01,0.6121751,0.60790277
BiLSTM+Attention,val,77.733253_12.998037,2023-10-01,0.6440426,0.64697146
BiLSTM+Attention,val,77.733253_13.056428,2023-10-01,0.4452755,0.44755983
BiLSTM+Attention,val,77.737745_12.764475,2023-10-01,0.5507012,0.5465369
BiLSTM+Attention,val,77.737745_12.791425,2023-10-01,0.59363776,0.5951174
BiLSTM+Attention,val,77.737745_12.809391,2023-10-01,0.58939046,0.59013796
BiLSTM+Attention,val,77.737745_12.858799,2023-10-01,0.59439176,0.58742607
BiLSTM+Attention,val,77.737745_12.872273,2023-10-01,0.61957073,0.6222202
BiLSTM+Attention,val,77.737745_12.881256,2023-10-01,0.6398326,0.63029945
BiLSTM+Attention,val,77.737745_13.051936,2023-10-01,0.4692375,0.46950933
BiLSTM+Attention,val,77.737745_13.06092,2023-10-01,0.4741057,0.46940607
BiLSTM+Attention,val,77.737745_13.078886,2023-10-01,0.50111645,0.49500537
BiLSTM+Attention,val,77.737745_13.101344,2023-10-01,0.42668763,0.44283944
BiLSTM+Attention,val,77.742237_12.697102,2023-10-01,0.69630885,0.70766056
BiLSTM+Attention,val,77.742237_12.764475,2023-10-01,0.5654555,0.5713601
BiLSTM+Attention,val,77.742237_12.795916,2023-10-01,0.5600604,0.5595494
BiLSTM+Attention,val,77.742237_12.8049,2023-10-01,0.60286003,0.5990158
BiLSTM+Attention,val,77.742237_12.86329,2023-10-01,0.53441596,0.5283075
BiLSTM+Attention,val,77.742237_12.867782,2023-10-01,0.6245616,0.6175134
BiLSTM+Attention,val,77.742237_12.89024,2023-10-01,0.62544173,0.62228423
BiLSTM+Attention,val,77.742237_12.899223,2023-10-01,0.6060428,0.6067733
BiLSTM+Attention,val,77.742237_12.921681,2023-10-01,0.5559039,0.54318446
BiLSTM+Attention,val,77.742237_12.980071,2023-10-01,0.59495234,0.5870087
BiLSTM+Attention,val,77.742237_13.002529,2023-10-01,0.61163586,0.60942626
BiLSTM+Attention,val,77.742237_13.016004,2023-10-01,0.6179708,0.61225355
BiLSTM+Attention,val,77.742237_13.038462,2023-10-01,0.44740683,0.45594162
BiLSTM+Attention,val,77.742237_13.074394,2023-10-01,0.4243271,0.42821133
BiLSTM+Attention,val,77.742237_13.078886,2023-10-01,0.48704785,0.48338714
BiLSTM+Attention,val,77.742237_13.101344,2023-10-01,0.44885513,0.46148258
BiLSTM+Attention,val,77.746728_12.751001,2023-10-01,0.59357256,0.58731717
BiLSTM+Attention,val,77.746728_12.764475,2023-10-01,0.5847862,0.5962082
BiLSTM+Attention,val,77.746728_12.782442,2023-10-01,0.6202169,0.6180178
BiLSTM+Attention,val,77.746728_12.97558,2023-10-01,0.61548156,0.61158055
BiLSTM+Attention,val,77.746728_12.984563,2023-10-01,0.6056126,0.58323526
BiLSTM+Attention,val,77.746728_13.016004,2023-10-01,0.63005996,0.62643147
BiLSTM+Attention,val,77.746728_13.020495,2023-10-01,0.6585344,0.6590547
BiLSTM+Attention,val,77.746728_13.024987,2023-10-01,0.56799746,0.5572904
BiLSTM+Attention,val,77.746728_13.038462,2023-10-01,0.4758998,0.47158203
BiLSTM+Attention,val,77.746728_13.06092,2023-10-01,0.43419647,0.43374577
BiLSTM+Attention,val,77.746728_13.083377,2023-10-01,0.48634502,0.48013592
BiLSTM+Attention,val,77.746728_13.092361,2023-10-01,0.44407743,0.43576956
BiLSTM+Attention,val,77.75122_12.751001,2023-10-01,0.58329207,0.58711046
BiLSTM+Attention,val,77.75122_12.755492,2023-10-01,0.62739366,0.63192534
BiLSTM+Attention,val,77.75122_12.768967,2023-10-01,0.548494,0.5640116
BiLSTM+Attention,val,77.75122_12.77795,2023-10-01,0.5867889,0.5897124
BiLSTM+Attention,val,77.75122_12.894731,2023-10-01,0.54823184,0.54736984
BiLSTM+Attention,val,77.75122_12.993546,2023-10-01,0.5462637,0.5501651
BiLSTM+Attention,val,77.75122_13.020495,2023-10-01,0.59164834,0.58430684
BiLSTM+Attention,val,77.75122_13.03397,2023-10-01,0.4868415,0.487275
BiLSTM+Attention,val,77.75122_13.038462,2023-10-01,0.45597267,0.44900757
BiLSTM+Attention,val,77.755711_12.706085,2023-10-01,0.6115,0.63000643
BiLSTM+Attention,val,77.755711_12.764475,2023-10-01,0.7815002,0.7954365
BiLSTM+Attention,val,77.755711_12.77795,2023-10-01,0.56954753,0.5729494
BiLSTM+Attention,val,77.755711_12.822866,2023-10-01,0.57484406,0.5722498
BiLSTM+Attention,val,77.755711_12.831849,2023-10-01,0.5492274,0.54252875
BiLSTM+Attention,val,77.755711_12.858799,2023-10-01,0.59731746,0.58631074
BiLSTM+Attention,val,77.755711_12.885748,2023-10-01,0.5847756,0.57909274
BiLSTM+Attention,val,77.755711_12.899223,2023-10-01,0.5152699,0.51051444
BiLSTM+Attention,val,77.755711_12.903714,2023-10-01,0.5699252,0.5766465
BiLSTM+Attention,val,77.755711_12.926172,2023-10-01,0.5915882,0.5790928
BiLSTM+Attention,val,77.760203_12.751001,2023-10-01,0.5798189,0.5809885
BiLSTM+Attention,val,77.760203_12.795916,2023-10-01,0.5609835,0.55653507
BiLSTM+Attention,val,77.760203_12.818374,2023-10-01,0.65147936,0.65588224
BiLSTM+Attention,val,77.760203_12.867782,2023-10-01,0.55577683,0.55017364
BiLSTM+Attention,val,77.760203_12.872273,2023-10-01,0.56805134,0.56109196
BiLSTM+Attention,val,77.760203_12.876765,2023-10-01,0.53920746,0.5331744
BiLSTM+Attention,val,77.760203_12.885748,2023-10-01,0.5553666,0.55023444
BiLSTM+Attention,val,77.760203_12.984563,2023-10-01,0.60409486,0.59880805
BiLSTM+Attention,val,77.764695_12.742018,2023-10-01,0.6926268,0.6993228
BiLSTM+Attention,val,77.764695_12.746509,2023-10-01,0.6802223,0.6899745
BiLSTM+Attention,val,77.764695_12.813883,2023-10-01,0.60691637,0.61485183
BiLSTM+Attention,val,77.764695_12.849815,2023-10-01,0.58232975,0.57127804
BiLSTM+Attention,val,77.764695_12.885748,2023-10-01,0.5800306,0.5807954
BiLSTM+Attention,val,77.764695_12.912697,2023-10-01,0.58749413,0.57815933
BiLSTM+Attention,val,77.764695_13.03397,2023-10-01,0.43491527,0.44292656
BiLSTM+Attention,val,77.769186_12.751001,2023-10-01,0.7029098,0.7153201
BiLSTM+Attention,val,77.769186_12.791425,2023-10-01,0.5506455,0.5585761
BiLSTM+Attention,val,77.769186_12.800408,2023-10-01,0.6032909,0.60051316
BiLSTM+Attention,val,77.769186_12.8049,2023-10-01,0.6360855,0.63853043
BiLSTM+Attention,val,77.769186_12.809391,2023-10-01,0.57240915,0.56964505
BiLSTM+Attention,val,77.769186_12.876765,2023-10-01,0.5982791,0.5934213
BiLSTM+Attention,val,77.769186_12.894731,2023-10-01,0.56060463,0.5453043
BiLSTM+Attention,val,77.769186_13.016004,2023-10-01,0.54507947,0.5339945
BiLSTM+Attention,val,77.773678_12.746509,2023-10-01,0.6965308,0.7081219
BiLSTM+Attention,val,77.773678_12.858799,2023-10-01,0.54023254,0.5306644
BiLSTM+Attention,val,77.773678_12.885748,2023-10-01,0.55130386,0.548185
BiLSTM+Attention,val,77.773678_12.899223,2023-10-01,0.52765036,0.5300154
BiLSTM+Attention,val,77.773678_12.908206,2023-10-01,0.56539345,0.5693134
BiLSTM+Attention,val,77.778169_12.809391,2023-10-01,0.53469694,0.5364908
BiLSTM+Attention,val,77.778169_12.885748,2023-10-01,0.56989133,0.56832254
BiLSTM+Attention,val,77.782661_12.786933,2023-10-01,0.5526807,0.55610615
BiLSTM+Attention,val,77.782661_12.791425,2023-10-01,0.5806784,0.5894285
BiLSTM+Attention,val,77.782661_12.89024,2023-10-01,0.56281716,0.5609795
BiLSTM+Attention,val,77.787152_12.786933,2023-10-01,0.56653047,0.5759053
BiLSTM+Attention,val,77.787152_12.849815,2023-10-01,0.54235315,0.5447397
BiLSTM+Attention,val,77.787152_12.867782,2023-10-01,0.5527444,0.5511814
BiLSTM+Attention,val,77.791644_12.8049,2023-10-01,0.5660927,0.57315767
BiLSTM+Attention,val,77.791644_12.899223,2023-10-01,0.5515532,0.55245936
BiLSTM+Attention,val,77.796136_12.854307,2023-10-01,0.5432289,0.5343955
BiLSTM+Attention,val,77.796136_12.885748,2023-10-01,0.6060403,0.59805965
BiLSTM+Attention,val,77.800627_12.876765,2023-10-01,0.59889525,0.5994642
BiLSTM+Attention,val,77.800627_12.885748,2023-10-01,0.56631,0.56582403
BiLSTM+Attention,val,77.805119_12.876765,2023-10-01,0.60628444,0.6045149
BiLSTM+Attention,val,77.805119_12.89024,2023-10-01,0.5953968,0.59354013
BiLSTM+Attention,val,77.80961_12.858799,2023-10-01,0.6114873,0.6082643
BiLSTM+Attention,val,77.80961_12.86329,2023-10-01,0.589909,0.5864591
BiLSTM+Attention,val,77.329012_12.944139,2023-11-01,0.5460043,0.5333998
BiLSTM+Attention,val,77.329012_12.962105,2023-11-01,0.7166969,0.6848359
BiLSTM+Attention,val,77.337995_12.921681,2023-11-01,0.666273,0.64384043
BiLSTM+Attention,val,77.342486_12.926172,2023-11-01,0.7046795,0.67998976
BiLSTM+Attention,val,77.342486_12.935155,2023-11-01,0.725706,0.72294426
BiLSTM+Attention,val,77.342486_12.944139,2023-11-01,0.69412655,0.67710763
BiLSTM+Attention,val,77.346978_12.86329,2023-11-01,0.59140396,0.59046674
BiLSTM+Attention,val,77.346978_12.962105,2023-11-01,0.55347407,0.5376556
BiLSTM+Attention,val,77.351469_12.89024,2023-11-01,0.56610185,0.5597105
BiLSTM+Attention,val,77.351469_12.930664,2023-11-01,0.72959065,0.713558
BiLSTM+Attention,val,77.351469_12.939647,2023-11-01,0.71021575,0.6903093
BiLSTM+Attention,val,77.355961_12.899223,2023-11-01,0.5809716,0.5747037
BiLSTM+Attention,val,77.355961_12.94863,2023-11-01,0.5211862,0.5166724
BiLSTM+Attention,val,77.355961_12.962105,2023-11-01,0.7268367,0.7065748
BiLSTM+Attention,val,77.360453_12.867782,2023-11-01,0.47954908,0.47844967
BiLSTM+Attention,val,77.360453_12.908206,2023-11-01,0.601436,0.59015375
BiLSTM+Attention,val,77.360453_12.926172,2023-11-01,0.7256172,0.69544625
BiLSTM+Attention,val,77.364944_12.854307,2023-11-01,0.5212138,0.5243584
BiLSTM+Attention,val,77.364944_12.962105,2023-11-01,0.510166,0.5035447
BiLSTM+Attention,val,77.369436_12.881256,2023-11-01,0.5221012,0.52142173
BiLSTM+Attention,val,77.369436_12.89024,2023-11-01,0.51983297,0.517378
BiLSTM+Attention,val,77.369436_12.935155,2023-11-01,0.48332855,0.47149956
BiLSTM+Attention,val,77.369436_12.998037,2023-11-01,0.519856,0.5151144
BiLSTM+Attention,val,77.369436_13.007021,2023-11-01,0.5648213,0.54659677
BiLSTM+Attention,val,77.373927_12.912697,2023-11-01,0.62371576,0.6094047
BiLSTM+Attention,val,77.373927_12.971088,2023-11-01,0.5036234,0.4905293
BiLSTM+Attention,val,77.373927_13.011512,2023-11-01,0.5180581,0.5158646
BiLSTM+Attention,val,77.373927_13.016004,2023-11-01,0.5023581,0.50442284
BiLSTM+Attention,val,77.378419_12.966596,2023-11-01,0.47900742,0.4564523
BiLSTM+Attention,val,77.382911_12.894731,2023-11-01,0.5632969,0.5665161
BiLSTM+Attention,val,77.382911_12.953122,2023-11-01,0.53874654,0.53070766
BiLSTM+Attention,val,77.382911_12.957613,2023-11-01,0.53337544,0.5217806
BiLSTM+Attention,val,77.387402_12.962105,2023-11-01,0.5242184,0.5062661
BiLSTM+Attention,val,77.387402_12.97558,2023-11-01,0.5250945,0.5146887
BiLSTM+Attention,val,77.387402_12.980071,2023-11-01,0.5276151,0.5188501
BiLSTM+Attention,val,77.391894_12.867782,2023-11-01,0.5629317,0.56184334
BiLSTM+Attention,val,77.391894_12.881256,2023-11-01,0.52979165,0.5177301
BiLSTM+Attention,val,77.391894_12.885748,2023-11-01,0.5619547,0.55325216
BiLSTM+Attention,val,77.396385_12.894731,2023-11-01,0.564976,0.56237525
BiLSTM+Attention,val,77.396385_12.908206,2023-11-01,0.5233577,0.5150904
BiLSTM+Attention,val,77.396385_12.944139,2023-11-01,0.5714356,0.5550486
BiLSTM+Attention,val,77.396385_12.971088,2023-11-01,0.4950573,0.48998266
BiLSTM+Attention,val,77.396385_12.97558,2023-11-01,0.47117725,0.4657787
BiLSTM+Attention,val,77.396385_13.029478,2023-11-01,0.4066997,0.40244305
BiLSTM+Attention,val,77.400877_12.957613,2023-11-01,0.5389246,0.5219432
BiLSTM+Attention,val,77.400877_12.966596,2023-11-01,0.49190897,0.48807067
BiLSTM+Attention,val,77.400877_13.029478,2023-11-01,0.3943604,0.39061415
BiLSTM+Attention,val,77.405368_12.881256,2023-11-01,0.4905986,0.49159876
BiLSTM+Attention,val,77.405368_12.89024,2023-11-01,0.51346165,0.5085269
BiLSTM+Attention,val,77.405368_12.903714,2023-11-01,0.48670703,0.4839211
BiLSTM+Attention,val,77.405368_12.930664,2023-11-01,0.6127999,0.5964929
BiLSTM+Attention,val,77.405368_12.998037,2023-11-01,0.51263505,0.50873286
BiLSTM+Attention,val,77.405368_13.105835,2023-11-01,0.43743375,0.43885392
BiLSTM+Attention,val,77.405368_13.11931,2023-11-01,0.3997924,0.3991915
BiLSTM+Attention,val,77.40986_12.872273,2023-11-01,0.4560248,0.45357078
BiLSTM+Attention,val,77.40986_12.881256,2023-11-01,0.45806178,0.4595923
BiLSTM+Attention,val,77.40986_12.962105,2023-11-01,0.5482095,0.5491802
BiLSTM+Attention,val,77.414352_12.930664,2023-11-01,0.5569997,0.54239875
BiLSTM+Attention,val,77.414352_12.989054,2023-11-01,0.4745933,0.4682645
BiLSTM+Attention,val,77.414352_12.993546,2023-11-01,0.482249,0.47287905
BiLSTM+Attention,val,77.414352_13.03397,2023-11-01,0.45153028,0.44703212
BiLSTM+Attention,val,77.414352_13.096852,2023-11-01,0.4190244,0.42262474
BiLSTM+Attention,val,77.414352_13.11931,2023-11-01,0.41905224,0.41677845
BiLSTM+Attention,val,77.418843_12.876765,2023-11-01,0.4724151,0.46462566
BiLSTM+Attention,val,77.418843_12.89024,2023-11-01,0.50060767,0.49015412
BiLSTM+Attention,val,77.418843_12.94863,2023-11-01,0.5538844,0.5403175
BiLSTM+Attention,val,77.418843_12.971088,2023-11-01,0.5166606,0.51114666
BiLSTM+Attention,val,77.418843_12.993546,2023-11-01,0.51797193,0.49922484
BiLSTM+Attention,val,77.418843_13.016004,2023-11-01,0.48474002,0.46883973
BiLSTM+Attention,val,77.418843_13.024987,2023-11-01,0.4758717,0.47686476
BiLSTM+Attention,val,77.418843_13.029478,2023-11-01,0.47540268,0.4734938
BiLSTM+Attention,val,77.418843_13.146259,2023-11-01,0.38816458,0.38310927
BiLSTM+Attention,val,77.423335_12.876765,2023-11-01,0.4741933,0.45761734
BiLSTM+Attention,val,77.423335_12.921681,2023-11-01,0.56825,0.55225754
BiLSTM+Attention,val,77.423335_12.930664,2023-11-01,0.5509343,0.54153496
BiLSTM+Attention,val,77.423335_13.002529,2023-11-01,0.5660585,0.5564383
BiLSTM+Attention,val,77.423335_13.092361,2023-11-01,0.36253902,0.3568204
BiLSTM+Attention,val,77.423335_13.141768,2023-11-01,0.4469449,0.44928387
BiLSTM+Attention,val,77.423335_13.150751,2023-11-01,0.39692003,0.3905009
BiLSTM+Attention,val,77.427826_12.845324,2023-11-01,0.41617718,0.42278844
BiLSTM+Attention,val,77.427826_12.858799,2023-11-01,0.46889383,0.4538735
BiLSTM+Attention,val,77.427826_12.930664,2023-11-01,0.55842,0.54769534
BiLSTM+Attention,val,77.427826_12.939647,2023-11-01,0.5058303,0.49073052
BiLSTM+Attention,val,77.427826_12.944139,2023-11-01,0.51921326,0.5120959
BiLSTM+Attention,val,77.427826_13.020495,2023-11-01,0.48640755,0.47868913
BiLSTM+Attention,val,77.427826_13.024987,2023-11-01,0.47729635,0.46853247
BiLSTM+Attention,val,77.427826_13.110327,2023-11-01,0.44465992,0.44092643
BiLSTM+Attention,val,77.427826_13.132785,2023-11-01,0.4998843,0.49518424
BiLSTM+Attention,val,77.432318_12.858799,2023-11-01,0.4834868,0.47520295
BiLSTM+Attention,val,77.432318_12.86329,2023-11-01,0.4896084,0.4760728
BiLSTM+Attention,val,77.432318_12.867782,2023-11-01,0.48126623,0.47412688
BiLSTM+Attention,val,77.432318_12.881256,2023-11-01,0.52399504,0.5106778
BiLSTM+Attention,val,77.432318_12.885748,2023-11-01,0.6140793,0.5916096
BiLSTM+Attention,val,77.432318_12.957613,2023-11-01,0.5057407,0.49554038
BiLSTM+Attention,val,77.432318_12.998037,2023-11-01,0.43683097,0.43228057
BiLSTM+Attention,val,77.432318_13.087869,2023-11-01,0.4473578,0.4401133
BiLSTM+Attention,val,77.432318_13.092361,2023-11-01,0.40373254,0.3959915
BiLSTM+Attention,val,77.436809_12.818374,2023-11-01,0.6138404,0.60771626
BiLSTM+Attention,val,77.436809_12.840832,2023-11-01,0.5309075,0.51688784
BiLSTM+Attention,val,77.436809_12.854307,2023-11-01,0.49710354,0.49544322
BiLSTM+Attention,val,77.436809_12.912697,2023-11-01,0.62738895,0.59686846
BiLSTM+Attention,val,77.436809_12.926172,2023-11-01,0.56031793,0.5448285
BiLSTM+Attention,val,77.436809_12.944139,2023-11-01,0.5265041,0.5152865
BiLSTM+Attention,val,77.436809_13.03397,2023-11-01,0.4603528,0.45536017
BiLSTM+Attention,val,77.441301_12.818374,2023-11-01,0.6223285,0.60971457
BiLSTM+Attention,val,77.441301_12.831849,2023-11-01,0.5156727,0.50806457
BiLSTM+Attention,val,77.441301_12.836341,2023-11-01,0.54458135,0.53505665
BiLSTM+Attention,val,77.441301_12.840832,2023-11-01,0.51789707,0.5039845
BiLSTM+Attention,val,77.441301_12.944139,2023-11-01,0.56386447,0.5415325
BiLSTM+Attention,val,77.441301_12.94863,2023-11-01,0.51787186,0.49784875
BiLSTM+Attention,val,77.441301_13.056428,2023-11-01,0.4495145,0.43690303
BiLSTM+Attention,val,77.441301_13.069903,2023-11-01,0.46626887,0.45196044
BiLSTM+Attention,val,77.441301_13.083377,2023-11-01,0.45307213,0.44985962
BiLSTM+Attention,val,77.441301_13.110327,2023-11-01,0.44005263,0.43116283
BiLSTM+Attention,val,77.445793_12.840832,2023-11-01,0.5905568,0.57872725
BiLSTM+Attention,val,77.445793_12.86329,2023-11-01,0.6060114,0.6006464
BiLSTM+Attention,val,77.445793_12.867782,2023-11-01,0.58523506,0.5759257
BiLSTM+Attention,val,77.445793_12.912697,2023-11-01,0.5333037,0.50891024
BiLSTM+Attention,val,77.445793_12.957613,2023-11-01,0.50637877,0.4922297
BiLSTM+Attention,val,77.445793_12.984563,2023-11-01,0.5243625,0.4954873
BiLSTM+Attention,val,77.450284_12.809391,2023-11-01,0.57145953,0.57246566
BiLSTM+Attention,val,77.450284_12.872273,2023-11-01,0.5847334,0.58182764
BiLSTM+Attention,val,77.450284_12.89024,2023-11-01,0.5853174,0.57489204
BiLSTM+Attention,val,77.450284_12.971088,2023-11-01,0.49386138,0.47618514
BiLSTM+Attention,val,77.450284_12.993546,2023-11-01,0.40565786,0.38508818
BiLSTM+Attention,val,77.450284_13.029478,2023-11-01,0.44777876,0.43878815
BiLSTM+Attention,val,77.450284_13.047445,2023-11-01,0.46032235,0.45899564
BiLSTM+Attention,val,77.450284_13.146259,2023-11-01,0.51467633,0.51852083
BiLSTM+Attention,val,77.454776_12.809391,2023-11-01,0.5364167,0.5430059
BiLSTM+Attention,val,77.454776_12.885748,2023-11-01,0.56664366,0.56511474
BiLSTM+Attention,val,77.454776_12.980071,2023-11-01,0.44586787,0.43530804
BiLSTM+Attention,val,77.454776_12.993546,2023-11-01,0.4315289,0.40936288
BiLSTM+Attention,val,77.454776_13.078886,2023-11-01,0.45910707,0.4462613
BiLSTM+Attention,val,77.454776_13.087869,2023-11-01,0.42281345,0.4216842
BiLSTM+Attention,val,77.454776_13.114818,2023-11-01,0.5012304,0.50803924
BiLSTM+Attention,val,77.454776_13.141768,2023-11-01,0.5180607,0.521323
BiLSTM+Attention,val,77.459267_12.8049,2023-11-01,0.60537964,0.6105701
BiLSTM+Attention,val,77.459267_12.822866,2023-11-01,0.5746405,0.572242
BiLSTM+Attention,val,77.459267_12.845324,2023-11-01,0.57848406,0.5730217
BiLSTM+Attention,val,77.459267_12.872273,2023-11-01,0.5560509,0.5570808
BiLSTM+Attention,val,77.459267_12.903714,2023-11-01,0.5094219,0.50265425
BiLSTM+Attention,val,77.459267_12.926172,2023-11-01,0.5545701,0.53632754
BiLSTM+Attention,val,77.459267_12.97558,2023-11-01,0.46059814,0.44896162
BiLSTM+Attention,val,77.459267_13.016004,2023-11-01,0.42316496,0.4095847
BiLSTM+Attention,val,77.459267_13.020495,2023-11-01,0.41672114,0.40999818
BiLSTM+Attention,val,77.459267_13.11931,2023-11-01,0.49809152,0.50036913
BiLSTM+Attention,val,77.463759_12.813883,2023-11-01,0.5166449,0.52458537
BiLSTM+Attention,val,77.463759_12.836341,2023-11-01,0.57547987,0.57515526
BiLSTM+Attention,val,77.463759_12.86329,2023-11-01,0.5923758,0.59484947
BiLSTM+Attention,val,77.463759_12.867782,2023-11-01,0.5743505,0.572327
BiLSTM+Attention,val,77.463759_12.872273,2023-11-01,0.5501314,0.5519694
BiLSTM+Attention,val,77.463759_12.881256,2023-11-01,0.6020306,0.6005412
BiLSTM+Attention,val,77.463759_12.885748,2023-11-01,0.60559386,0.60287035
BiLSTM+Attention,val,77.463759_12.894731,2023-11-01,0.54520226,0.54637665
BiLSTM+Attention,val,77.463759_12.899223,2023-11-01,0.5478095,0.54336625
BiLSTM+Attention,val,77.463759_12.917189,2023-11-01,0.5029532,0.49841082
BiLSTM+Attention,val,77.463759_12.953122,2023-11-01,0.7575523,0.76894355
BiLSTM+Attention,val,77.463759_13.03397,2023-11-01,0.41563123,0.4032941
BiLSTM+Attention,val,77.463759_13.078886,2023-11-01,0.52757573,0.56741
BiLSTM+Attention,val,77.46825_12.827358,2023-11-01,0.48806584,0.48627737
BiLSTM+Attention,val,77.46825_12.836341,2023-11-01,0.58286905,0.5815418
BiLSTM+Attention,val,77.46825_12.894731,2023-11-01,0.5253442,0.52440745
BiLSTM+Attention,val,77.46825_12.94863,2023-11-01,0.59719855,0.57664686
BiLSTM+Attention,val,77.46825_12.953122,2023-11-01,0.5326116,0.5106548
BiLSTM+Attention,val,77.46825_12.966596,2023-11-01,0.510681,0.49240413
BiLSTM+Attention,val,77.46825_13.007021,2023-11-01,0.43125775,0.42202723
BiLSTM+Attention,val,77.46825_13.020495,2023-11-01,0.5008516,0.47335115
BiLSTM+Attention,val,77.46825_13.114818,2023-11-01,0.54217505,0.543771
BiLSTM+Attention,val,77.46825_13.150751,2023-11-01,0.4528185,0.45405042
BiLSTM+Attention,val,77.46825_13.1777,2023-11-01,0.54327786,0.5573199
BiLSTM+Attention,val,77.472742_12.746509,2023-11-01,0.64303887,0.6286915
BiLSTM+Attention,val,77.472742_12.751001,2023-11-01,0.596848,0.58060265
BiLSTM+Attention,val,77.472742_12.755492,2023-11-01,0.6138606,0.6080015
BiLSTM+Attention,val,77.472742_12.795916,2023-11-01,0.5504179,0.55020195
BiLSTM+Attention,val,77.472742_12.836341,2023-11-01,0.57292795,0.572692
BiLSTM+Attention,val,77.472742_12.984563,2023-11-01,0.47258857,0.43756673
BiLSTM+Attention,val,77.472742_13.087869,2023-11-01,0.48176032,0.50023925
BiLSTM+Attention,val,77.477234_12.764475,2023-11-01,0.60821575,0.6033605
BiLSTM+Attention,val,77.477234_12.782442,2023-11-01,0.5440333,0.54696685
BiLSTM+Attention,val,77.477234_12.840832,2023-11-01,0.57467914,0.57519174
BiLSTM+Attention,val,77.477234_12.899223,2023-11-01,0.48563755,0.47967508
BiLSTM+Attention,val,77.477234_12.935155,2023-11-01,0.6237025,0.5899352
BiLSTM+Attention,val,77.477234_12.944139,2023-11-01,0.5537857,0.5327722
BiLSTM+Attention,val,77.477234_12.94863,2023-11-01,0.5646278,0.53797823
BiLSTM+Attention,val,77.477234_12.971088,2023-11-01,0.52334976,0.50692534
BiLSTM+Attention,val,77.477234_13.002529,2023-11-01,0.42681867,0.42116427
BiLSTM+Attention,val,77.477234_13.056428,2023-11-01,0.48349693,0.46501732
BiLSTM+Attention,val,77.481725_12.737526,2023-11-01,0.6196373,0.60583085
BiLSTM+Attention,val,77.481725_12.768967,2023-11-01,0.6031548,0.5993962
BiLSTM+Attention,val,77.481725_12.831849,2023-11-01,0.51666987,0.5185075
BiLSTM+Attention,val,77.481725_12.89024,2023-11-01,0.5649063,0.5667767
BiLSTM+Attention,val,77.481725_12.894731,2023-11-01,0.53207856,0.53018385
BiLSTM+Attention,val,77.481725_12.944139,2023-11-01,0.56657,0.5451295
BiLSTM+Attention,val,77.481725_12.971088,2023-11-01,0.4481434,0.43339685
BiLSTM+Attention,val,77.481725_12.980071,2023-11-01,0.5013887,0.47410426
BiLSTM+Attention,val,77.481725_13.024987,2023-11-01,0.48223624,0.47201377
BiLSTM+Attention,val,77.481725_13.03397,2023-11-01,0.45930877,0.44102335
BiLSTM+Attention,val,77.481725_13.096852,2023-11-01,0.5650927,0.5491384
BiLSTM+Attention,val,77.481725_13.137276,2023-11-01,0.6415755,0.6255921
BiLSTM+Attention,val,77.486217_12.764475,2023-11-01,0.5980572,0.5930019
BiLSTM+Attention,val,77.486217_12.872273,2023-11-01,0.52154917,0.5295308
BiLSTM+Attention,val,77.486217_12.939647,2023-11-01,0.58204,0.5640747
BiLSTM+Attention,val,77.486217_12.998037,2023-11-01,0.47424704,0.4512778
BiLSTM+Attention,val,77.486217_13.042953,2023-11-01,0.52990144,0.49448985
BiLSTM+Attention,val,77.486217_13.06092,2023-11-01,0.5481366,0.5231986
BiLSTM+Attention,val,77.486217_13.114818,2023-11-01,0.4826395,0.47397617
BiLSTM+Attention,val,77.486217_13.11931,2023-11-01,0.49991438,0.4906544
BiLSTM+Attention,val,77.490708_12.768967,2023-11-01,0.58981156,0.59271
BiLSTM+Attention,val,77.490708_12.8049,2023-11-01,0.5678705,0.572767
BiLSTM+Attention,val,77.490708_12.849815,2023-11-01,0.59193,0.57522845
BiLSTM+Attention,val,77.490708_12.89024,2023-11-01,0.52395344,0.52735853
BiLSTM+Attention,val,77.490708_13.051936,2023-11-01,0.5965507,0.5676103
BiLSTM+Attention,val,77.490708_13.087869,2023-11-01,0.5375918,0.56966424
BiLSTM+Attention,val,77.490708_13.092361,2023-11-01,0.5330699,0.5145965
BiLSTM+Attention,val,77.490708_13.096852,2023-11-01,0.5631437,0.53707945
BiLSTM+Attention,val,77.490708_13.182192,2023-11-01,0.5817672,0.57754755
BiLSTM+Attention,val,77.490708_13.209142,2023-11-01,0.538945,0.5344469
BiLSTM+Attention,val,77.4952_12.786933,2023-11-01,0.55011725,0.5506175
BiLSTM+Attention,val,77.4952_12.836341,2023-11-01,0.54835236,0.54170805
BiLSTM+Attention,val,77.4952_12.899223,2023-11-01,0.5711961,0.56374276
BiLSTM+Attention,val,77.4952_12.962105,2023-11-01,0.56617045,0.53577584
BiLSTM+Attention,val,77.4952_13.020495,2023-11-01,0.5246664,0.50203115
BiLSTM+Attention,val,77.4952_13.024987,2023-11-01,0.5142907,0.48529604
BiLSTM+Attention,val,77.4952_13.03397,2023-11-01,0.56751454,0.55300367
BiLSTM+Attention,val,77.4952_13.087869,2023-11-01,0.51185507,0.55391264
BiLSTM+Attention,val,77.4952_13.092361,2023-11-01,0.53830373,0.5213835
BiLSTM+Attention,val,77.4952_13.182192,2023-11-01,0.5813222,0.5705475
BiLSTM+Attention,val,77.499692_12.755492,2023-11-01,0.6556932,0.6570852
BiLSTM+Attention,val,77.499692_12.858799,2023-11-01,0.639421,0.6342344
BiLSTM+Attention,val,77.499692_12.899223,2023-11-01,0.5531909,0.5573024
BiLSTM+Attention,val,77.499692_12.984563,2023-11-01,0.51640224,0.48701733
BiLSTM+Attention,val,77.499692_13.114818,2023-11-01,0.5018028,0.48844087
BiLSTM+Attention,val,77.499692_13.137276,2023-11-01,0.4947205,0.4846262
BiLSTM+Attention,val,77.499692_13.168717,2023-11-01,0.6301671,0.62219405
BiLSTM+Attention,val,77.504183_12.764475,2023-11-01,0.6607317,0.6689681
BiLSTM+Attention,val,77.504183_12.786933,2023-11-01,0.61816406,0.6234586
BiLSTM+Attention,val,77.504183_12.818374,2023-11-01,0.5890219,0.5866508
BiLSTM+Attention,val,77.504183_12.854307,2023-11-01,0.58135855,0.58627665
BiLSTM+Attention,val,77.504183_12.858799,2023-11-01,0.6381847,0.6354088
BiLSTM+Attention,val,77.504183_12.953122,2023-11-01,0.54436,0.5276223
BiLSTM+Attention,val,77.504183_13.083377,2023-11-01,0.5700471,0.566849
BiLSTM+Attention,val,77.504183_13.141768,2023-11-01,0.57188797,0.57035154
BiLSTM+Attention,val,77.504183_13.159734,2023-11-01,0.66082275,0.6482266
BiLSTM+Attention,val,77.504183_13.195667,2023-11-01,0.51398087,0.51458895
BiLSTM+Attention,val,77.508675_12.751001,2023-11-01,0.6605763,0.65251386
BiLSTM+Attention,val,77.508675_12.795916,2023-11-01,0.6455383,0.65457994
BiLSTM+Attention,val,77.508675_12.831849,2023-11-01,0.589385,0.58608794
BiLSTM+Attention,val,77.508675_12.836341,2023-11-01,0.61458063,0.6086756
BiLSTM+Attention,val,77.508675_12.845324,2023-11-01,0.5790817,0.5654728
BiLSTM+Attention,val,77.508675_12.903714,2023-11-01,0.50622207,0.5003447
BiLSTM+Attention,val,77.508675_12.912697,2023-11-01,0.549623,0.528186
BiLSTM+Attention,val,77.508675_12.917189,2023-11-01,0.6147163,0.6038788
BiLSTM+Attention,val,77.508675_13.114818,2023-11-01,0.46301663,0.45953408
BiLSTM+Attention,val,77.508675_13.137276,2023-11-01,0.52121216,0.5349758
BiLSTM+Attention,val,77.508675_13.159734,2023-11-01,0.6463404,0.6351258
BiLSTM+Attention,val,77.508675_13.191175,2023-11-01,0.5382415,0.52523583
BiLSTM+Attention,val,77.513166_12.746509,2023-11-01,0.759353,0.788103
BiLSTM+Attention,val,77.513166_12.764475,2023-11-01,0.62561136,0.61897075
BiLSTM+Attention,val,77.513166_12.77795,2023-11-01,0.71870625,0.7200392
BiLSTM+Attention,val,77.513166_12.822866,2023-11-01,0.66267437,0.6651455
BiLSTM+Attention,val,77.513166_12.908206,2023-11-01,0.5087819,0.5091427
BiLSTM+Attention,val,77.513166_13.087869,2023-11-01,0.57279783,0.5584282
BiLSTM+Attention,val,77.513166_13.096852,2023-11-01,0.63666356,0.6253182
BiLSTM+Attention,val,77.513166_13.137276,2023-11-01,0.48804548,0.49257055
BiLSTM+Attention,val,77.513166_13.1777,2023-11-01,0.5662384,0.56747395
BiLSTM+Attention,val,77.517658_12.764475,2023-11-01,0.6714941,0.6628008
BiLSTM+Attention,val,77.517658_12.77795,2023-11-01,0.6940757,0.7007002
BiLSTM+Attention,val,77.517658_12.782442,2023-11-01,0.6929119,0.6996675
BiLSTM+Attention,val,77.517658_12.795916,2023-11-01,0.6552932,0.6579445
BiLSTM+Attention,val,77.517658_12.827358,2023-11-01,0.58997905,0.5808735
BiLSTM+Attention,val,77.517658_12.849815,2023-11-01,0.584889,0.5760579
BiLSTM+Attention,val,77.517658_12.885748,2023-11-01,0.5807237,0.5768429
BiLSTM+Attention,val,77.517658_12.89024,2023-11-01,0.5722416,0.57469094
BiLSTM+Attention,val,77.517658_12.899223,2023-11-01,0.56495583,0.5749716
BiLSTM+Attention,val,77.517658_12.998037,2023-11-01,0.5889673,0.5894036
BiLSTM+Attention,val,77.517658_13.11931,2023-11-01,0.43252113,0.43223265
BiLSTM+Attention,val,77.517658_13.182192,2023-11-01,0.5696858,0.5735576
BiLSTM+Attention,val,77.517658_13.186684,2023-11-01,0.578561,0.57717824
BiLSTM+Attention,val,77.517658_13.191175,2023-11-01,0.52220255,0.5163619
BiLSTM+Attention,val,77.522149_12.751001,2023-11-01,0.7039506,0.71471983
BiLSTM+Attention,val,77.522149_12.755492,2023-11-01,0.67999846,0.6748888
BiLSTM+Attention,val,77.522149_12.759984,2023-11-01,0.7128399,0.7029363
BiLSTM+Attention,val,77.522149_12.782442,2023-11-01,0.70717317,0.7107343
BiLSTM+Attention,val,77.522149_12.809391,2023-11-01,0.7699934,0.78734803
BiLSTM+Attention,val,77.522149_12.813883,2023-11-01,0.5847533,0.58434844
BiLSTM+Attention,val,77.522149_12.818374,2023-11-01,0.56867754,0.56285685
BiLSTM+Attention,val,77.522149_12.836341,2023-11-01,0.57996976,0.57571805
BiLSTM+Attention,val,77.522149_12.845324,2023-11-01,0.59587145,0.5932995
BiLSTM+Attention,val,77.522149_13.056428,2023-11-01,0.5988543,0.58076
BiLSTM+Attention,val,77.522149_13.078886,2023-11-01,0.5734458,0.5513437
BiLSTM+Attention,val,77.522149_13.146259,2023-11-01,0.45180336,0.44548357
BiLSTM+Attention,val,77.522149_13.200158,2023-11-01,0.5611671,0.5470389
BiLSTM+Attention,val,77.526641_12.751001,2023-11-01,0.7159501,0.7110033
BiLSTM+Attention,val,77.526641_12.840832,2023-11-01,0.6502535,0.6445041
BiLSTM+Attention,val,77.526641_12.89024,2023-11-01,0.6166435,0.6234254
BiLSTM+Attention,val,77.526641_12.899223,2023-11-01,0.5882849,0.61019206
BiLSTM+Attention,val,77.526641_13.078886,2023-11-01,0.5873127,0.56467354
BiLSTM+Attention,val,77.526641_13.105835,2023-11-01,0.4442408,0.46708798
BiLSTM+Attention,val,77.526641_13.110327,2023-11-01,0.44017118,0.42449254
BiLSTM+Attention,val,77.531133_12.791425,2023-11-01,0.61036044,0.60860205
BiLSTM+Attention,val,77.531133_12.795916,2023-11-01,0.6497921,0.64383256
BiLSTM+Attention,val,77.531133_12.800408,2023-11-01,0.62549454,0.6181318
BiLSTM+Attention,val,77.531133_12.822866,2023-11-01,0.59748024,0.59242785
BiLSTM+Attention,val,77.531133_12.827358,2023-11-01,0.61029583,0.6027639
BiLSTM+Attention,val,77.531133_12.894731,2023-11-01,0.540569,0.5331863
BiLSTM+Attention,val,77.531133_13.083377,2023-11-01,0.5559027,0.5336258
BiLSTM+Attention,val,77.531133_13.114818,2023-11-01,0.45187324,0.44643033
BiLSTM+Attention,val,77.531133_13.195667,2023-11-01,0.5732075,0.57449424
BiLSTM+Attention,val,77.535624_12.77795,2023-11-01,0.753845,0.77171063
BiLSTM+Attention,val,77.535624_12.822866,2023-11-01,0.7004526,0.6905415
BiLSTM+Attention,val,77.535624_12.872273,2023-11-01,0.50543267,0.4921925
BiLSTM+Attention,val,77.535624_12.899223,2023-11-01,0.5215323,0.5135249
BiLSTM+Attention,val,77.535624_13.069903,2023-11-01,0.65968657,0.6267065
BiLSTM+Attention,val,77.535624_13.083377,2023-11-01,0.5485136,0.5313736
BiLSTM+Attention,val,77.535624_13.096852,2023-11-01,0.48937625,0.46480027
BiLSTM+Attention,val,77.535624_13.114818,2023-11-01,0.47756198,0.46783948
BiLSTM+Attention,val,77.535624_13.132785,2023-11-01,0.5028079,0.4974487
BiLSTM+Attention,val,77.535624_13.137276,2023-11-01,0.44506902,0.42000714
BiLSTM+Attention,val,77.535624_13.195667,2023-11-01,0.51529694,0.50552857
BiLSTM+Attention,val,77.540116_12.77795,2023-11-01,0.6535021,0.6527855
BiLSTM+Attention,val,77.540116_12.795916,2023-11-01,0.6698359,0.67262375
BiLSTM+Attention,val,77.540116_13.042953,2023-11-01,0.5887197,0.564803
BiLSTM+Attention,val,77.540116_13.074394,2023-11-01,0.606921,0.57572263
BiLSTM+Attention,val,77.540116_13.092361,2023-11-01,0.44737133,0.41592842
BiLSTM+Attention,val,77.540116_13.101344,2023-11-01,0.47727254,0.4543941
BiLSTM+Attention,val,77.540116_13.105835,2023-11-01,0.48875645,0.47819442
BiLSTM+Attention,val,77.540116_13.114818,2023-11-01,0.44964665,0.43662634
BiLSTM+Attention,val,77.540116_13.132785,2023-11-01,0.48802957,0.47432116
BiLSTM+Attention,val,77.540116_13.155243,2023-11-01,0.51427436,0.49389738
BiLSTM+Attention,val,77.540116_13.182192,2023-11-01,0.48057944,0.49126577
BiLSTM+Attention,val,77.544607_12.831849,2023-11-01,0.7581709,0.7404458
BiLSTM+Attention,val,77.544607_13.218125,2023-11-01,0.56673855,0.578299
BiLSTM+Attention,val,77.549099_12.822866,2023-11-01,0.7783684,0.7534787
BiLSTM+Attention,val,77.549099_12.831849,2023-11-01,0.6913638,0.6685043
BiLSTM+Attention,val,77.549099_12.836341,2023-11-01,0.6635793,0.642557
BiLSTM+Attention,val,77.549099_12.845324,2023-11-01,0.6461774,0.6326665
BiLSTM+Attention,val,77.549099_12.867782,2023-11-01,0.5706508,0.55453664
BiLSTM+Attention,val,77.549099_12.876765,2023-11-01,0.5366032,0.5302921
BiLSTM+Attention,val,77.549099_12.894731,2023-11-01,0.61651987,0.6270769
BiLSTM+Attention,val,77.549099_13.096852,2023-11-01,0.5141712,0.48597664
BiLSTM+Attention,val,77.549099_13.132785,2023-11-01,0.61935586,0.60955
BiLSTM+Attention,val,77.55359_12.71956,2023-11-01,0.79294163,0.7728235
BiLSTM+Attention,val,77.55359_12.782442,2023-11-01,0.72482383,0.7184239
BiLSTM+Attention,val,77.55359_12.849815,2023-11-01,0.64052486,0.6308809
BiLSTM+Attention,val,77.55359_12.872273,2023-11-01,0.5277551,0.5218496
BiLSTM+Attention,val,77.55359_13.069903,2023-11-01,0.72514766,0.691284
BiLSTM+Attention,val,77.55359_13.101344,2023-11-01,0.46978813,0.4522866
BiLSTM+Attention,val,77.55359_13.110327,2023-11-01,0.52654505,0.5119021
BiLSTM+Attention,val,77.55359_13.128293,2023-11-01,0.5982405,0.5823235
BiLSTM+Attention,val,77.55359_13.168717,2023-11-01,0.52536327,0.5075907
BiLSTM+Attention,val,77.55359_13.173209,2023-11-01,0.44858885,0.42922324
BiLSTM+Attention,val,77.558082_12.710577,2023-11-01,0.8209295,0.7966578
BiLSTM+Attention,val,77.558082_12.827358,2023-11-01,0.70893127,0.701961
BiLSTM+Attention,val,77.558082_12.845324,2023-11-01,0.68746746,0.67338145
BiLSTM+Attention,val,77.558082_13.042953,2023-11-01,0.6663686,0.655512
BiLSTM+Attention,val,77.558082_13.051936,2023-11-01,0.69657797,0.6607015
BiLSTM+Attention,val,77.558082_13.110327,2023-11-01,0.53474647,0.5220537
BiLSTM+Attention,val,77.558082_13.168717,2023-11-01,0.53905207,0.5196079
BiLSTM+Attention,val,77.558082_13.1777,2023-11-01,0.5206937,0.50973535
BiLSTM+Attention,val,77.562574_12.71956,2023-11-01,0.7951906,0.7792785
BiLSTM+Attention,val,77.562574_12.827358,2023-11-01,0.71632046,0.6983951
BiLSTM+Attention,val,77.562574_12.858799,2023-11-01,0.5371156,0.5345969
BiLSTM+Attention,val,77.562574_12.872273,2023-11-01,0.6194001,0.61115557
BiLSTM+Attention,val,77.562574_12.876765,2023-11-01,0.64222795,0.6464828
BiLSTM+Attention,val,77.562574_13.141768,2023-11-01,0.51311195,0.50067645
BiLSTM+Attention,val,77.562574_13.159734,2023-11-01,0.5415559,0.5303215
BiLSTM+Attention,val,77.562574_13.173209,2023-11-01,0.54821557,0.53167164
BiLSTM+Attention,val,77.567065_12.724051,2023-11-01,0.7418962,0.7248043
BiLSTM+Attention,val,77.567065_12.813883,2023-11-01,0.7013248,0.68874174
BiLSTM+Attention,val,77.567065_12.849815,2023-11-01,0.68344593,0.6739042
BiLSTM+Attention,val,77.567065_13.105835,2023-11-01,0.59731495,0.57767856
BiLSTM+Attention,val,77.567065_13.114818,2023-11-01,0.64276385,0.6141435
BiLSTM+Attention,val,77.567065_13.182192,2023-11-01,0.5447622,0.52432555
BiLSTM+Attention,val,77.571557_12.71956,2023-11-01,0.77811736,0.7558599
BiLSTM+Attention,val,77.571557_12.800408,2023-11-01,0.6992416,0.6820868
BiLSTM+Attention,val,77.571557_12.813883,2023-11-01,0.77037704,0.74607134
BiLSTM+Attention,val,77.571557_12.849815,2023-11-01,0.6872371,0.6710624
BiLSTM+Attention,val,77.571557_13.141768,2023-11-01,0.5172781,0.49939185
BiLSTM+Attention,val,77.571557_13.146259,2023-11-01,0.52065295,0.5103793
BiLSTM+Attention,val,77.576048_12.71956,2023-11-01,0.7443305,0.7229217
BiLSTM+Attention,val,77.576048_12.728543,2023-11-01,0.74006695,0.72633624
BiLSTM+Attention,val,77.576048_12.742018,2023-11-01,0.7373331,0.7140758
BiLSTM+Attention,val,77.576048_12.813883,2023-11-01,0.7899579,0.75699025
BiLSTM+Attention,val,77.576048_12.827358,2023-11-01,0.6729746,0.6548438
BiLSTM+Attention,val,77.58054_12.800408,2023-11-01,0.73844147,0.72052085
BiLSTM+Attention,val,77.58054_12.845324,2023-11-01,0.68959713,0.6613803
BiLSTM+Attention,val,77.58054_13.083377,2023-11-01,0.5590502,0.53882205
BiLSTM+Attention,val,77.58054_13.087869,2023-11-01,0.5330461,0.5118332
BiLSTM+Attention,val,77.585031_12.849815,2023-11-01,0.687041,0.6626628
BiLSTM+Attention,val,77.585031_13.042953,2023-11-01,0.69482464,0.6713809
BiLSTM+Attention,val,77.585031_13.137276,2023-11-01,0.5243278,0.5170809
BiLSTM+Attention,val,77.589523_12.71956,2023-11-01,0.8512033,0.8261394
BiLSTM+Attention,val,77.589523_12.746509,2023-11-01,0.738399,0.7263586
BiLSTM+Attention,val,77.589523_12.854307,2023-11-01,0.63472855,0.6157052
BiLSTM+Attention,val,77.589523_12.971088,2023-11-01,0.7575548,0.7215265
BiLSTM+Attention,val,77.589523_13.083377,2023-11-01,0.64285076,0.6272655
BiLSTM+Attention,val,77.589523_13.150751,2023-11-01,0.5298062,0.513263
BiLSTM+Attention,val,77.594015_12.724051,2023-11-01,0.8280131,0.813779
BiLSTM+Attention,val,77.594015_12.733034,2023-11-01,0.79872465,0.7870605
BiLSTM+Attention,val,77.594015_12.755492,2023-11-01,0.7006632,0.69579047
BiLSTM+Attention,val,77.594015_12.831849,2023-11-01,0.6495305,0.62229836
BiLSTM+Attention,val,77.594015_12.836341,2023-11-01,0.6691804,0.634797
BiLSTM+Attention,val,77.594015_12.840832,2023-11-01,0.6697048,0.6375748
BiLSTM+Attention,val,77.594015_12.849815,2023-11-01,0.6605443,0.64057815
BiLSTM+Attention,val,77.594015_12.998037,2023-11-01,0.75141686,0.7236442
BiLSTM+Attention,val,77.594015_13.087869,2023-11-01,0.6275245,0.6077478
BiLSTM+Attention,val,77.598506_12.665661,2023-11-01,0.8307745,0.8056704
BiLSTM+Attention,val,77.598506_12.710577,2023-11-01,0.7588735,0.741377
BiLSTM+Attention,val,77.598506_12.822866,2023-11-01,0.6743589,0.6493769
BiLSTM+Attention,val,77.598506_12.849815,2023-11-01,0.70051223,0.6851839
BiLSTM+Attention,val,77.598506_13.083377,2023-11-01,0.62053955,0.5963725
BiLSTM+Attention,val,77.598506_13.128293,2023-11-01,0.5857746,0.57892466
BiLSTM+Attention,val,77.598506_13.141768,2023-11-01,0.49955437,0.48608214
BiLSTM+Attention,val,77.598506_13.146259,2023-11-01,0.4795182,0.46997383
BiLSTM+Attention,val,77.602998_12.710577,2023-11-01,0.79575366,0.7754344
BiLSTM+Attention,val,77.602998_12.827358,2023-11-01,0.59012926,0.56486845
BiLSTM+Attention,val,77.602998_12.849815,2023-11-01,0.60033464,0.5798412
BiLSTM+Attention,val,77.602998_12.858799,2023-11-01,0.609118,0.5815737
BiLSTM+Attention,val,77.602998_13.114818,2023-11-01,0.6133741,0.6028799
BiLSTM+Attention,val,77.602998_13.11931,2023-11-01,0.6071195,0.59000397
BiLSTM+Attention,val,77.602998_13.128293,2023-11-01,0.55401576,0.5443077
BiLSTM+Attention,val,77.602998_13.164226,2023-11-01,0.5136723,0.4911935
BiLSTM+Attention,val,77.607489_12.768967,2023-11-01,0.6630679,0.6526954
BiLSTM+Attention,val,77.607489_12.773459,2023-11-01,0.6365982,0.622095
BiLSTM+Attention,val,77.607489_12.791425,2023-11-01,0.62465584,0.60707223
BiLSTM+Attention,val,77.607489_12.809391,2023-11-01,0.71119666,0.6842615
BiLSTM+Attention,val,77.607489_12.818374,2023-11-01,0.7391262,0.71494603
BiLSTM+Attention,val,77.607489_13.087869,2023-11-01,0.7169698,0.70419097
BiLSTM+Attention,val,77.611981_12.674644,2023-11-01,0.826278,0.8033188
BiLSTM+Attention,val,77.611981_12.768967,2023-11-01,0.6193809,0.60146517
BiLSTM+Attention,val,77.611981_12.831849,2023-11-01,0.627019,0.600734
BiLSTM+Attention,val,77.611981_12.867782,2023-11-01,0.5816713,0.5561165
BiLSTM+Attention,val,77.611981_12.953122,2023-11-01,0.76053715,0.7283404
BiLSTM+Attention,val,77.611981_13.105835,2023-11-01,0.583891,0.5496204
BiLSTM+Attention,val,77.611981_13.168717,2023-11-01,0.48833,0.48321906
BiLSTM+Attention,val,77.611981_13.182192,2023-11-01,0.461321,0.4521264
BiLSTM+Attention,val,77.616473_12.831849,2023-11-01,0.6682953,0.642308
BiLSTM+Attention,val,77.616473_12.858799,2023-11-01,0.5927495,0.5713858
BiLSTM+Attention,val,77.616473_13.114818,2023-11-01,0.61043274,0.59227234
BiLSTM+Attention,val,77.616473_13.141768,2023-11-01,0.53637373,0.5121866
BiLSTM+Attention,val,77.616473_13.1777,2023-11-01,0.4542541,0.44308802
BiLSTM+Attention,val,77.620964_12.674644,2023-11-01,0.8332801,0.81328565
BiLSTM+Attention,val,77.620964_12.795916,2023-11-01,0.57330424,0.5494749
BiLSTM+Attention,val,77.620964_12.813883,2023-11-01,0.56457317,0.5478782
BiLSTM+Attention,val,77.620964_12.845324,2023-11-01,0.7040521,0.6776578
BiLSTM+Attention,val,77.620964_12.858799,2023-11-01,0.5739843,0.5596559
BiLSTM+Attention,val,77.620964_13.132785,2023-11-01,0.5879426,0.56606483
BiLSTM+Attention,val,77.625456_12.782442,2023-11-01,0.6023991,0.5826269
BiLSTM+Attention,val,77.625456_12.858799,2023-11-01,0.5394775,0.5258307
BiLSTM+Attention,val,77.625456_13.065411,2023-11-01,0.4836194,0.4731303
BiLSTM+Attention,val,77.625456_13.128293,2023-11-01,0.59167665,0.57430977
BiLSTM+Attention,val,77.625456_13.137276,2023-11-01,0.52636623,0.51835066
BiLSTM+Attention,val,77.625456_13.155243,2023-11-01,0.6463277,0.62045014
BiLSTM+Attention,val,77.625456_13.182192,2023-11-01,0.48873687,0.4801823
BiLSTM+Attention,val,77.629947_12.795916,2023-11-01,0.7818815,0.7474376
BiLSTM+Attention,val,77.629947_12.809391,2023-11-01,0.58695954,0.571585
BiLSTM+Attention,val,77.629947_12.836341,2023-11-01,0.6440583,0.62043417
BiLSTM+Attention,val,77.629947_12.854307,2023-11-01,0.5931464,0.57885087
BiLSTM+Attention,val,77.629947_12.858799,2023-11-01,0.56154853,0.5499201
BiLSTM+Attention,val,77.629947_13.06092,2023-11-01,0.5068618,0.4833438
BiLSTM+Attention,val,77.629947_13.087869,2023-11-01,0.5071643,0.485804
BiLSTM+Attention,val,77.629947_13.1777,2023-11-01,0.51603556,0.50463283
BiLSTM+Attention,val,77.634439_12.679136,2023-11-01,0.7780712,0.75882685
BiLSTM+Attention,val,77.634439_12.701593,2023-11-01,0.72460216,0.7071953
BiLSTM+Attention,val,77.634439_12.733034,2023-11-01,0.5777518,0.56413716
BiLSTM+Attention,val,77.634439_12.746509,2023-11-01,0.6116755,0.5961901
BiLSTM+Attention,val,77.634439_12.751001,2023-11-01,0.6077427,0.59170556
BiLSTM+Attention,val,77.634439_12.849815,2023-11-01,0.5986329,0.57610947
BiLSTM+Attention,val,77.634439_13.047445,2023-11-01,0.56731737,0.54159373
BiLSTM+Attention,val,77.634439_13.083377,2023-11-01,0.46940404,0.4422214
BiLSTM+Attention,val,77.634439_13.137276,2023-11-01,0.48474535,0.46875125
BiLSTM+Attention,val,77.63893_12.688119,2023-11-01,0.7175676,0.7024585
BiLSTM+Attention,val,77.63893_12.742018,2023-11-01,0.6271249,0.6096044
BiLSTM+Attention,val,77.63893_12.791425,2023-11-01,0.6202361,0.5988411
BiLSTM+Attention,val,77.63893_12.800408,2023-11-01,0.5740212,0.56148356
BiLSTM+Attention,val,77.63893_12.818374,2023-11-01,0.5921625,0.5710543
BiLSTM+Attention,val,77.63893_12.840832,2023-11-01,0.6703588,0.6386088
BiLSTM+Attention,val,77.63893_12.872273,2023-11-01,0.51425356,0.49693152
BiLSTM+Attention,val,77.63893_12.917189,2023-11-01,0.7585761,0.7225416
BiLSTM+Attention,val,77.63893_12.989054,2023-11-01,0.6691059,0.64755625
BiLSTM+Attention,val,77.63893_13.056428,2023-11-01,0.52811617,0.49410057
BiLSTM+Attention,val,77.63893_13.078886,2023-11-01,0.4748876,0.44720867
BiLSTM+Attention,val,77.63893_13.083377,2023-11-01,0.4636699,0.4384507
BiLSTM+Attention,val,77.63893_13.1777,2023-11-01,0.49745536,0.48633653
BiLSTM+Attention,val,77.643422_12.795916,2023-11-01,0.59652686,0.5800612
BiLSTM+Attention,val,77.643422_12.800408,2023-11-01,0.5789473,0.56156135
BiLSTM+Attention,val,77.643422_12.809391,2023-11-01,0.6062567,0.5833659
BiLSTM+Attention,val,77.643422_12.867782,2023-11-01,0.5525322,0.5324623
BiLSTM+Attention,val,77.643422_13.002529,2023-11-01,0.59451485,0.57455313
BiLSTM+Attention,val,77.643422_13.038462,2023-11-01,0.59105104,0.56742454
BiLSTM+Attention,val,77.643422_13.164226,2023-11-01,0.60368806,0.58268064
BiLSTM+Attention,val,77.647914_12.688119,2023-11-01,0.75647914,0.7335156
BiLSTM+Attention,val,77.647914_12.733034,2023-11-01,0.61040145,0.5969262
BiLSTM+Attention,val,77.647914_12.881256,2023-11-01,0.56731355,0.55500484
BiLSTM+Attention,val,77.647914_12.935155,2023-11-01,0.7053819,0.6865977
BiLSTM+Attention,val,77.647914_13.141768,2023-11-01,0.634756,0.6293774
BiLSTM+Attention,val,77.647914_13.168717,2023-11-01,0.67370105,0.6448685
BiLSTM+Attention,val,77.652405_12.697102,2023-11-01,0.7213768,0.709715
BiLSTM+Attention,val,77.652405_12.773459,2023-11-01,0.582814,0.5734552
BiLSTM+Attention,val,77.652405_12.795916,2023-11-01,0.5576904,0.5441948
BiLSTM+Attention,val,77.652405_12.8049,2023-11-01,0.6132932,0.5974499
BiLSTM+Attention,val,77.652405_12.858799,2023-11-01,0.7041113,0.67676103
BiLSTM+Attention,val,77.652405_12.926172,2023-11-01,0.69469035,0.66627866
BiLSTM+Attention,val,77.652405_13.002529,2023-11-01,0.58311445,0.55471766
BiLSTM+Attention,val,77.656897_12.742018,2023-11-01,0.63774014,0.6173297
BiLSTM+Attention,val,77.656897_12.746509,2023-11-01,0.617704,0.60347825
BiLSTM+Attention,val,77.656897_12.768967,2023-11-01,0.63383955,0.6207049
BiLSTM+Attention,val,77.656897_12.791425,2023-11-01,0.57596594,0.5558278
BiLSTM+Attention,val,77.656897_12.800408,2023-11-01,0.62841654,0.6161202
BiLSTM+Attention,val,77.656897_12.831849,2023-11-01,0.63230634,0.61206365
BiLSTM+Attention,val,77.656897_12.849815,2023-11-01,0.5248374,0.51011723
BiLSTM+Attention,val,77.656897_12.939647,2023-11-01,0.6401504,0.6084709
BiLSTM+Attention,val,77.656897_13.101344,2023-11-01,0.49447736,0.4814892
BiLSTM+Attention,val,77.656897_13.164226,2023-11-01,0.5062146,0.5025488
BiLSTM+Attention,val,77.656897_13.173209,2023-11-01,0.4780346,0.46954468
BiLSTM+Attention,val,77.661388_12.737526,2023-11-01,0.6405739,0.62575376
BiLSTM+Attention,val,77.661388_12.759984,2023-11-01,0.6476618,0.6346081
BiLSTM+Attention,val,77.661388_13.056428,2023-11-01,0.54879165,0.5235717
BiLSTM+Attention,val,77.661388_13.074394,2023-11-01,0.5499511,0.5342806
BiLSTM+Attention,val,77.661388_13.087869,2023-11-01,0.50245667,0.4821234
BiLSTM+Attention,val,77.661388_13.101344,2023-11-01,0.490352,0.4732448
BiLSTM+Attention,val,77.661388_13.110327,2023-11-01,0.5523373,0.51706696
BiLSTM+Attention,val,77.661388_13.11931,2023-11-01,0.6057469,0.5833833
BiLSTM+Attention,val,77.66588_12.679136,2023-11-01,0.71006435,0.6898387
BiLSTM+Attention,val,77.66588_12.697102,2023-11-01,0.67545885,0.6649464
BiLSTM+Attention,val,77.66588_12.715068,2023-11-01,0.6520755,0.64439505
BiLSTM+Attention,val,77.66588_12.724051,2023-11-01,0.64400536,0.6292756
BiLSTM+Attention,val,77.66588_12.751001,2023-11-01,0.6076741,0.5957442
BiLSTM+Attention,val,77.66588_12.755492,2023-11-01,0.6512178,0.63447654
BiLSTM+Attention,val,77.66588_12.764475,2023-11-01,0.62942064,0.61383533
BiLSTM+Attention,val,77.66588_12.768967,2023-11-01,0.7578655,0.74025494
BiLSTM+Attention,val,77.66588_12.791425,2023-11-01,0.66477317,0.6546422
BiLSTM+Attention,val,77.66588_12.953122,2023-11-01,0.66113496,0.6322067
BiLSTM+Attention,val,77.66588_13.038462,2023-11-01,0.56053454,0.5347922
BiLSTM+Attention,val,77.66588_13.051936,2023-11-01,0.58641464,0.56106573
BiLSTM+Attention,val,77.66588_13.173209,2023-11-01,0.4847423,0.4781342
BiLSTM+Attention,val,77.670371_12.71956,2023-11-01,0.64515626,0.63900435
BiLSTM+Attention,val,77.670371_12.86329,2023-11-01,0.55892885,0.53196377
BiLSTM+Attention,val,77.670371_12.881256,2023-11-01,0.54982626,0.53785837
BiLSTM+Attention,val,77.670371_12.894731,2023-11-01,0.49712634,0.48979908
BiLSTM+Attention,val,77.670371_13.069903,2023-11-01,0.49012807,0.47456706
BiLSTM+Attention,val,77.670371_13.083377,2023-11-01,0.45104873,0.439036
BiLSTM+Attention,val,77.670371_13.092361,2023-11-01,0.45438886,0.4435906
BiLSTM+Attention,val,77.670371_13.128293,2023-11-01,0.5362399,0.523271
BiLSTM+Attention,val,77.674863_12.674644,2023-11-01,0.7479868,0.7338049
BiLSTM+Attention,val,77.674863_12.71956,2023-11-01,0.6543151,0.6475923
BiLSTM+Attention,val,77.674863_12.755492,2023-11-01,0.5953417,0.5741936
BiLSTM+Attention,val,77.674863_12.764475,2023-11-01,0.6099243,0.59966063
BiLSTM+Attention,val,77.674863_12.786933,2023-11-01,0.63911104,0.6283214
BiLSTM+Attention,val,77.674863_12.836341,2023-11-01,0.5815825,0.5706138
BiLSTM+Attention,val,77.674863_12.867782,2023-11-01,0.7333161,0.70905745
BiLSTM+Attention,val,77.674863_13.051936,2023-11-01,0.5952495,0.55805427
BiLSTM+Attention,val,77.674863_13.069903,2023-11-01,0.47216022,0.45121694
BiLSTM+Attention,val,77.674863_13.092361,2023-11-01,0.47416538,0.4580515
BiLSTM+Attention,val,77.674863_13.105835,2023-11-01,0.5292065,0.51427305
BiLSTM+Attention,val,77.679355_12.697102,2023-11-01,0.6210142,0.6069995
BiLSTM+Attention,val,77.679355_12.746509,2023-11-01,0.7071046,0.69002646
BiLSTM+Attention,val,77.679355_12.881256,2023-11-01,0.57569647,0.5534443
BiLSTM+Attention,val,77.679355_12.89024,2023-11-01,0.58867943,0.56773615
BiLSTM+Attention,val,77.679355_12.899223,2023-11-01,0.5100574,0.5005511
BiLSTM+Attention,val,77.679355_13.047445,2023-11-01,0.7725464,0.72735363
BiLSTM+Attention,val,77.679355_13.056428,2023-11-01,0.5670496,0.5316253
BiLSTM+Attention,val,77.679355_13.074394,2023-11-01,0.49092662,0.46561235
BiLSTM+Attention,val,77.679355_13.101344,2023-11-01,0.49221823,0.47641307
BiLSTM+Attention,val,77.679355_13.141768,2023-11-01,0.5266451,0.5066187
BiLSTM+Attention,val,77.679355_13.155243,2023-11-01,0.45453215,0.43984228
BiLSTM+Attention,val,77.679355_13.159734,2023-11-01,0.4789125,0.46937627
BiLSTM+Attention,val,77.683846_12.728543,2023-11-01,0.63766766,0.61892414
BiLSTM+Attention,val,77.683846_12.742018,2023-11-01,0.5733333,0.5572348
BiLSTM+Attention,val,77.683846_12.755492,2023-11-01,0.7493662,0.7319618
BiLSTM+Attention,val,77.683846_12.795916,2023-11-01,0.61745983,0.5998087
BiLSTM+Attention,val,77.683846_12.8049,2023-11-01,0.5763619,0.5666673
BiLSTM+Attention,val,77.683846_12.836341,2023-11-01,0.62587243,0.61368304
BiLSTM+Attention,val,77.683846_12.840832,2023-11-01,0.6342309,0.6173192
BiLSTM+Attention,val,77.683846_12.894731,2023-11-01,0.60238504,0.59115016
BiLSTM+Attention,val,77.683846_12.917189,2023-11-01,0.5186803,0.5134107
BiLSTM+Attention,val,77.683846_12.939647,2023-11-01,0.75503564,0.73549116
BiLSTM+Attention,val,77.683846_13.029478,2023-11-01,0.44641396,0.43604556
BiLSTM+Attention,val,77.683846_13.06092,2023-11-01,0.5399088,0.52117544
BiLSTM+Attention,val,77.683846_13.074394,2023-11-01,0.45847866,0.43788588
BiLSTM+Attention,val,77.683846_13.11931,2023-11-01,0.4381228,0.43429232
BiLSTM+Attention,val,77.683846_13.123802,2023-11-01,0.48646903,0.4756288
BiLSTM+Attention,val,77.688338_12.656678,2023-11-01,0.7587092,0.7291357
BiLSTM+Attention,val,77.688338_12.69261,2023-11-01,0.8014355,0.7820387
BiLSTM+Attention,val,77.688338_12.697102,2023-11-01,0.8068062,0.78419554
BiLSTM+Attention,val,77.688338_12.710577,2023-11-01,0.80414104,0.77857316
BiLSTM+Attention,val,77.688338_12.751001,2023-11-01,0.64937216,0.632485
BiLSTM+Attention,val,77.688338_12.755492,2023-11-01,0.6218263,0.6091906
BiLSTM+Attention,val,77.688338_12.876765,2023-11-01,0.7915377,0.7554831
BiLSTM+Attention,val,77.688338_12.885748,2023-11-01,0.6146377,0.6025507
BiLSTM+Attention,val,77.688338_12.966596,2023-11-01,0.63237727,0.6173729
BiLSTM+Attention,val,77.692829_12.746509,2023-11-01,0.55037457,0.53790766
BiLSTM+Attention,val,77.692829_12.800408,2023-11-01,0.57953864,0.56337017
BiLSTM+Attention,val,77.692829_12.845324,2023-11-01,0.64354163,0.63560015
BiLSTM+Attention,val,77.692829_12.885748,2023-11-01,0.6402616,0.6206566
BiLSTM+Attention,val,77.692829_12.899223,2023-11-01,0.5653774,0.542578
BiLSTM+Attention,val,77.692829_13.047445,2023-11-01,0.74542236,0.70093554
BiLSTM+Attention,val,77.692829_13.06092,2023-11-01,0.634981,0.6125076
BiLSTM+Attention,val,77.692829_13.065411,2023-11-01,0.5882486,0.57155806
BiLSTM+Attention,val,77.692829_13.083377,2023-11-01,0.45534146,0.4480627
BiLSTM+Attention,val,77.692829_13.096852,2023-11-01,0.4371891,0.42471147
BiLSTM+Attention,val,77.692829_13.132785,2023-11-01,0.41638824,0.40706974
BiLSTM+Attention,val,77.692829_13.155243,2023-11-01,0.45566282,0.4441623
BiLSTM+Attention,val,77.697321_12.697102,2023-11-01,0.80960864,0.7924856
BiLSTM+Attention,val,77.697321_12.751001,2023-11-01,0.61409044,0.5944509
BiLSTM+Attention,val,77.697321_12.773459,2023-11-01,0.5813958,0.57640034
BiLSTM+Attention,val,77.697321_12.791425,2023-11-01,0.66446036,0.6537514
BiLSTM+Attention,val,77.697321_12.885748,2023-11-01,0.643694,0.62540305
BiLSTM+Attention,val,77.697321_12.894731,2023-11-01,0.5808101,0.5583072
BiLSTM+Attention,val,77.697321_12.930664,2023-11-01,0.6030867,0.5813128
BiLSTM+Attention,val,77.697321_12.966596,2023-11-01,0.6076575,0.5857542
BiLSTM+Attention,val,77.697321_13.132785,2023-11-01,0.41638824,0.40660372
BiLSTM+Attention,val,77.697321_13.150751,2023-11-01,0.47139335,0.4522384
BiLSTM+Attention,val,77.697321_13.1777,2023-11-01,0.5650606,0.5526571
BiLSTM+Attention,val,77.701812_12.742018,2023-11-01,0.61708856,0.59438205
BiLSTM+Attention,val,77.701812_12.77795,2023-11-01,0.5834597,0.56637573
BiLSTM+Attention,val,77.701812_12.8049,2023-11-01,0.6540507,0.6373
BiLSTM+Attention,val,77.701812_12.822866,2023-11-01,0.62397045,0.61774856
BiLSTM+Attention,val,77.701812_12.872273,2023-11-01,0.57910204,0.55495536
BiLSTM+Attention,val,77.701812_12.984563,2023-11-01,0.5381535,0.50427926
BiLSTM+Attention,val,77.701812_13.03397,2023-11-01,0.5077952,0.49457234
BiLSTM+Attention,val,77.701812_13.114818,2023-11-01,0.50098807,0.48104388
BiLSTM+Attention,val,77.701812_13.164226,2023-11-01,0.4974115,0.46606576
BiLSTM+Attention,val,77.706304_12.746509,2023-11-01,0.6303118,0.61177474
BiLSTM+Attention,val,77.706304_12.751001,2023-11-01,0.6370466,0.61091244
BiLSTM+Attention,val,77.706304_12.759984,2023-11-01,0.55384165,0.54270685
BiLSTM+Attention,val,77.706304_12.764475,2023-11-01,0.59130114,0.57841074
BiLSTM+Attention,val,77.706304_12.86329,2023-11-01,0.5309412,0.51888734
BiLSTM+Attention,val,77.706304_12.984563,2023-11-01,0.5454706,0.5135718
BiLSTM+Attention,val,77.706304_13.038462,2023-11-01,0.5145094,0.48835337
BiLSTM+Attention,val,77.706304_13.042953,2023-11-01,0.5660211,0.5485805
BiLSTM+Attention,val,77.706304_13.137276,2023-11-01,0.6640349,0.63359326
BiLSTM+Attention,val,77.710796_12.715068,2023-11-01,0.6897172,0.6854531
BiLSTM+Attention,val,77.710796_12.894731,2023-11-01,0.66146505,0.6383426
BiLSTM+Attention,val,77.710796_12.899223,2023-11-01,0.6105879,0.59487855
BiLSTM+Attention,val,77.710796_12.912697,2023-11-01,0.5437533,0.5260662
BiLSTM+Attention,val,77.710796_13.03397,2023-11-01,0.49939552,0.4894019
BiLSTM+Attention,val,77.710796_13.11931,2023-11-01,0.47184125,0.46067357
BiLSTM+Attention,val,77.710796_13.123802,2023-11-01,0.4412337,0.43009752
BiLSTM+Attention,val,77.710796_13.132785,2023-11-01,0.46916828,0.45452464
BiLSTM+Attention,val,77.710796_13.150751,2023-11-01,0.44829154,0.43041524
BiLSTM+Attention,val,77.710796_13.168717,2023-11-01,0.51685625,0.49394208
BiLSTM+Attention,val,77.710796_13.173209,2023-11-01,0.5254714,0.5193053
BiLSTM+Attention,val,77.715287_12.679136,2023-11-01,0.7475797,0.72791445
BiLSTM+Attention,val,77.715287_12.742018,2023-11-01,0.6180446,0.59910893
BiLSTM+Attention,val,77.715287_12.773459,2023-11-01,0.5830516,0.5696729
BiLSTM+Attention,val,77.715287_12.822866,2023-11-01,0.6428168,0.62019813
BiLSTM+Attention,val,77.715287_12.827358,2023-11-01,0.6110712,0.5876245
BiLSTM+Attention,val,77.715287_12.845324,2023-11-01,0.5588115,0.5411621
BiLSTM+Attention,val,77.715287_12.885748,2023-11-01,0.62986714,0.61992824
BiLSTM+Attention,val,77.715287_12.899223,2023-11-01,0.526554,0.5123823
BiLSTM+Attention,val,77.715287_12.939647,2023-11-01,0.76813585,0.7422122
BiLSTM+Attention,val,77.715287_12.944139,2023-11-01,0.7969661,0.7750466
BiLSTM+Attention,val,77.715287_12.94863,2023-11-01,0.64420474,0.6218191
BiLSTM+Attention,val,77.715287_13.016004,2023-11-01,0.57998514,0.53317475
BiLSTM+Attention,val,77.715287_13.029478,2023-11-01,0.46145633,0.45025533
BiLSTM+Attention,val,77.715287_13.038462,2023-11-01,0.58410096,0.5703912
BiLSTM+Attention,val,77.715287_13.051936,2023-11-01,0.5724954,0.55020714
BiLSTM+Attention,val,77.715287_13.056428,2023-11-01,0.50571233,0.4843559
BiLSTM+Attention,val,77.715287_13.096852,2023-11-01,0.40018633,0.39111504
BiLSTM+Attention,val,77.715287_13.114818,2023-11-01,0.53689116,0.5166337
BiLSTM+Attention,val,77.715287_13.128293,2023-11-01,0.48175648,0.4705118
BiLSTM+Attention,val,77.719779_12.706085,2023-11-01,0.70543313,0.70154965
BiLSTM+Attention,val,77.719779_12.746509,2023-11-01,0.7408579,0.7318054
BiLSTM+Attention,val,77.719779_12.795916,2023-11-01,0.6020914,0.5915039
BiLSTM+Attention,val,77.719779_12.840832,2023-11-01,0.6397593,0.6235436
BiLSTM+Attention,val,77.719779_12.903714,2023-11-01,0.52432436,0.517288
BiLSTM+Attention,val,77.719779_13.069903,2023-11-01,0.4706451,0.45746952
BiLSTM+Attention,val,77.719779_13.105835,2023-11-01,0.49499866,0.472672
BiLSTM+Attention,val,77.719779_13.123802,2023-11-01,0.4520385,0.4379863
BiLSTM+Attention,val,77.719779_13.137276,2023-11-01,0.45754814,0.45105106
BiLSTM+Attention,val,77.719779_13.155243,2023-11-01,0.44881892,0.43397513
BiLSTM+Attention,val,77.72427_12.674644,2023-11-01,0.65446895,0.64058405
BiLSTM+Attention,val,77.72427_12.697102,2023-11-01,0.5817955,0.57697445
BiLSTM+Attention,val,77.72427_12.701593,2023-11-01,0.6086798,0.60471356
BiLSTM+Attention,val,77.72427_12.724051,2023-11-01,0.64957,0.6286863
BiLSTM+Attention,val,77.72427_12.786933,2023-11-01,0.62617534,0.6057817
BiLSTM+Attention,val,77.72427_12.791425,2023-11-01,0.6245833,0.6082917
BiLSTM+Attention,val,77.72427_12.840832,2023-11-01,0.61941123,0.60410714
BiLSTM+Attention,val,77.72427_12.867782,2023-11-01,0.5639195,0.54423153
BiLSTM+Attention,val,77.72427_12.885748,2023-11-01,0.60025215,0.5773645
BiLSTM+Attention,val,77.72427_13.024987,2023-11-01,0.7697407,0.7428963
BiLSTM+Attention,val,77.72427_13.06092,2023-11-01,0.48882452,0.4752359
BiLSTM+Attention,val,77.72427_13.074394,2023-11-01,0.4986115,0.48323444
BiLSTM+Attention,val,77.728762_12.706085,2023-11-01,0.67957324,0.6834785
BiLSTM+Attention,val,77.728762_12.724051,2023-11-01,0.71614456,0.7010311
BiLSTM+Attention,val,77.728762_12.759984,2023-11-01,0.6235041,0.6035579
BiLSTM+Attention,val,77.728762_12.782442,2023-11-01,0.646517,0.6260984
BiLSTM+Attention,val,77.728762_12.809391,2023-11-01,0.63689166,0.61880904
BiLSTM+Attention,val,77.728762_12.858799,2023-11-01,0.635615,0.61139596
BiLSTM+Attention,val,77.728762_12.876765,2023-11-01,0.6462589,0.63085634
BiLSTM+Attention,val,77.728762_12.885748,2023-11-01,0.5890671,0.5706863
BiLSTM+Attention,val,77.728762_13.016004,2023-11-01,0.7578201,0.7325512
BiLSTM+Attention,val,77.728762_13.047445,2023-11-01,0.5531978,0.5340844
BiLSTM+Attention,val,77.728762_13.087869,2023-11-01,0.52250487,0.510841
BiLSTM+Attention,val,77.728762_13.092361,2023-11-01,0.48439792,0.4816371
BiLSTM+Attention,val,77.733253_12.755492,2023-11-01,0.59413886,0.57107496
BiLSTM+Attention,val,77.733253_12.795916,2023-11-01,0.5961341,0.57738775
BiLSTM+Attention,val,77.733253_12.86329,2023-11-01,0.64885885,0.6300479
BiLSTM+Attention,val,77.733253_12.872273,2023-11-01,0.63242674,0.61358166
BiLSTM+Attention,val,77.733253_12.998037,2023-11-01,0.66335005,0.65166765
BiLSTM+Attention,val,77.733253_13.056428,2023-11-01,0.46552634,0.45599663
BiLSTM+Attention,val,77.737745_12.764475,2023-11-01,0.57195586,0.553981
BiLSTM+Attention,val,77.737745_12.791425,2023-11-01,0.6148924,0.6009158
BiLSTM+Attention,val,77.737745_12.809391,2023-11-01,0.6106451,0.5955001
BiLSTM+Attention,val,77.737745_12.858799,2023-11-01,0.6146434,0.5926939
BiLSTM+Attention,val,77.737745_12.872273,2023-11-01,0.6398223,0.62730986
BiLSTM+Attention,val,77.737745_12.881256,2023-11-01,0.6600842,0.6362666
BiLSTM+Attention,val,77.737745_13.051936,2023-11-01,0.48948833,0.47820723
BiLSTM+Attention,val,77.737745_13.06092,2023-11-01,0.49435654,0.47791344
BiLSTM+Attention,val,77.737745_13.078886,2023-11-01,0.5213673,0.49938044
BiLSTM+Attention,val,77.737745_13.101344,2023-11-01,0.44693848,0.44672072
BiLSTM+Attention,val,77.742237_12.697102,2023-11-01,0.7218394,0.7120123
BiLSTM+Attention,val,77.742237_12.764475,2023-11-01,0.58671016,0.573316
BiLSTM+Attention,val,77.742237_12.795916,2023-11-01,0.58131504,0.566789
BiLSTM+Attention,val,77.742237_12.8049,2023-11-01,0.6241147,0.6059949
BiLSTM+Attention,val,77.742237_12.86329,2023-11-01,0.5546676,0.53634673
BiLSTM+Attention,val,77.742237_12.867782,2023-11-01,0.64481324,0.6236139
BiLSTM+Attention,val,77.742237_12.89024,2023-11-01,0.64569336,0.6289584
BiLSTM+Attention,val,77.742237_12.899223,2023-11-01,0.62629443,0.61343277
BiLSTM+Attention,val,77.742237_12.921681,2023-11-01,0.57521135,0.5505253
BiLSTM+Attention,val,77.742237_12.980071,2023-11-01,0.6142598,0.5936833
BiLSTM+Attention,val,77.742237_13.002529,2023-11-01,0.6309433,0.6132101
BiLSTM+Attention,val,77.742237_13.016004,2023-11-01,0.6382217,0.61511207
BiLSTM+Attention,val,77.742237_13.038462,2023-11-01,0.4676577,0.46266693
BiLSTM+Attention,val,77.742237_13.074394,2023-11-01,0.44457796,0.43471658
BiLSTM+Attention,val,77.742237_13.078886,2023-11-01,0.5072987,0.48795173
BiLSTM+Attention,val,77.742237_13.101344,2023-11-01,0.46910596,0.4669484
BiLSTM+Attention,val,77.746728_12.751001,2023-11-01,0.6148272,0.5939292
BiLSTM+Attention,val,77.746728_12.764475,2023-11-01,0.60604084,0.5972065
BiLSTM+Attention,val,77.746728_12.782442,2023-11-01,0.64147156,0.6256596
BiLSTM+Attention,val,77.746728_12.97558,2023-11-01,0.63478893,0.61685604
BiLSTM+Attention,val,77.746728_12.984563,2023-11-01,0.62492,0.59054655
BiLSTM+Attention,val,77.746728_13.016004,2023-11-01,0.6503108,0.62960273
BiLSTM+Attention,val,77.746728_13.020495,2023-11-01,0.67878526,0.65880775
BiLSTM+Attention,val,77.746728_13.024987,2023-11-01,0.5882483,0.56306076
BiLSTM+Attention,val,77.746728_13.038462,2023-11-01,0.49615064,0.47965774
BiLSTM+Attention,val,77.746728_13.06092,2023-11-01,0.45444733,0.44219375
BiLSTM+Attention,val,77.746728_13.083377,2023-11-01,0.50659585,0.48605114
BiLSTM+Attention,val,77.746728_13.092361,2023-11-01,0.46432826,0.44387436
BiLSTM+Attention,val,77.75122_12.751001,2023-11-01,0.6045467,0.5926602
BiLSTM+Attention,val,77.75122_12.755492,2023-11-01,0.6486483,0.63714564
BiLSTM+Attention,val,77.75122_12.768967,2023-11-01,0.56974864,0.56461465
BiLSTM+Attention,val,77.75122_12.77795,2023-11-01,0.60804355,0.5969477
BiLSTM+Attention,val,77.75122_12.894731,2023-11-01,0.5684834,0.55587834
BiLSTM+Attention,val,77.75122_12.993546,2023-11-01,0.56557107,0.5560429
BiLSTM+Attention,val,77.75122_13.020495,2023-11-01,0.6118992,0.5894672
BiLSTM+Attention,val,77.75122_13.03397,2023-11-01,0.50709236,0.49557778
BiLSTM+Attention,val,77.75122_13.038462,2023-11-01,0.47622353,0.45794111
BiLSTM+Attention,val,77.755711_12.706085,2023-11-01,0.6370306,0.6334745
BiLSTM+Attention,val,77.755711_12.764475,2023-11-01,0.8027549,0.7923255
BiLSTM+Attention,val,77.755711_12.77795,2023-11-01,0.5908022,0.57972723
BiLSTM+Attention,val,77.755711_12.822866,2023-11-01,0.59509563,0.5802369
BiLSTM+Attention,val,77.755711_12.831849,2023-11-01,0.569479,0.5519425
BiLSTM+Attention,val,77.755711_12.858799,2023-11-01,0.617569,0.5941882
BiLSTM+Attention,val,77.755711_12.885748,2023-11-01,0.60502726,0.58818257
BiLSTM+Attention,val,77.755711_12.899223,2023-11-01,0.53552145,0.5196038
BiLSTM+Attention,val,77.755711_12.903714,2023-11-01,0.5901768,0.5834898
BiLSTM+Attention,val,77.755711_12.926172,2023-11-01,0.6108956,0.5858811
BiLSTM+Attention,val,77.760203_12.751001,2023-11-01,0.60107356,0.58717495
BiLSTM+Attention,val,77.760203_12.795916,2023-11-01,0.58223814,0.56469035
BiLSTM+Attention,val,77.760203_12.818374,2023-11-01,0.67173094,0.6615216
BiLSTM+Attention,val,77.760203_12.867782,2023-11-01,0.57602847,0.55907476
BiLSTM+Attention,val,77.760203_12.872273,2023-11-01,0.5883029,0.5699703
BiLSTM+Attention,val,77.760203_12.876765,2023-11-01,0.55945903,0.5414505
BiLSTM+Attention,val,77.760203_12.885748,2023-11-01,0.5756182,0.5585597
BiLSTM+Attention,val,77.760203_12.984563,2023-11-01,0.62340224,0.60355526
BiLSTM+Attention,val,77.764695_12.742018,2023-11-01,0.71388143,0.70221186
BiLSTM+Attention,val,77.764695_12.746509,2023-11-01,0.70147693,0.6931963
BiLSTM+Attention,val,77.764695_12.813883,2023-11-01,0.628171,0.6209452
BiLSTM+Attention,val,77.764695_12.849815,2023-11-01,0.6025813,0.58101535
BiLSTM+Attention,val,77.764695_12.885748,2023-11-01,0.60028225,0.58929104
BiLSTM+Attention,val,77.764695_12.912697,2023-11-01,0.60680157,0.58560777
BiLSTM+Attention,val,77.764695_13.03397,2023-11-01,0.45516613,0.4502148
BiLSTM+Attention,val,77.769186_12.751001,2023-11-01,0.7241645,0.7180881
BiLSTM+Attention,val,77.769186_12.791425,2023-11-01,0.5719001,0.5654403
BiLSTM+Attention,val,77.769186_12.800408,2023-11-01,0.6245456,0.60839427
BiLSTM+Attention,val,77.769186_12.8049,2023-11-01,0.65734017,0.64466584
BiLSTM+Attention,val,77.769186_12.809391,2023-11-01,0.5936638,0.5773766
BiLSTM+Attention,val,77.769186_12.876765,2023-11-01,0.6185307,0.6004789
BiLSTM+Attention,val,77.769186_12.894731,2023-11-01,0.58085626,0.5540282
BiLSTM+Attention,val,77.769186_13.016004,2023-11-01,0.5653303,0.5411171
BiLSTM+Attention,val,77.773678_12.746509,2023-11-01,0.7177855,0.7110238
BiLSTM+Attention,val,77.773678_12.858799,2023-11-01,0.5604841,0.53972155
BiLSTM+Attention,val,77.773678_12.885748,2023-11-01,0.57155544,0.5566345
BiLSTM+Attention,val,77.773678_12.899223,2023-11-01,0.5479019,0.5388496
BiLSTM+Attention,val,77.773678_12.908206,2023-11-01,0.5856451,0.5780729
BiLSTM+Attention,val,77.778169_12.809391,2023-11-01,0.5559516,0.5439545
BiLSTM+Attention,val,77.778169_12.885748,2023-11-01,0.5901429,0.5771851
BiLSTM+Attention,val,77.782661_12.786933,2023-11-01,0.57393533,0.5645237
BiLSTM+Attention,val,77.782661_12.791425,2023-11-01,0.60193306,0.59630394
BiLSTM+Attention,val,77.782661_12.89024,2023-11-01,0.5830687,0.57016623
BiLSTM+Attention,val,77.787152_12.786933,2023-11-01,0.5877851,0.5828087
BiLSTM+Attention,val,77.787152_12.849815,2023-11-01,0.5626047,0.55253726
BiLSTM+Attention,val,77.787152_12.867782,2023-11-01,0.572996,0.5587273
BiLSTM+Attention,val,77.791644_12.8049,2023-11-01,0.5873474,0.5795487
BiLSTM+Attention,val,77.791644_12.899223,2023-11-01,0.57180476,0.55928576
BiLSTM+Attention,val,77.796136_12.854307,2023-11-01,0.5661256,0.54351693
BiLSTM+Attention,val,77.796136_12.885748,2023-11-01,0.62893695,0.604906
BiLSTM+Attention,val,77.800627_12.876765,2023-11-01,0.6217919,0.60664535
BiLSTM+Attention,val,77.800627_12.885748,2023-11-01,0.5892067,0.5730655
BiLSTM+Attention,val,77.805119_12.876765,2023-11-01,0.6291811,0.61111
BiLSTM+Attention,val,77.805119_12.89024,2023-11-01,0.61829346,0.5989947
BiLSTM+Attention,val,77.80961_12.858799,2023-11-01,0.634384,0.6139598
BiLSTM+Attention,val,77.80961_12.86329,2023-11-01,0.61280566,0.5930663
BiLSTM+Attention,val,77.329012_12.944139,2023-12-01,0.51621276,0.5229139
BiLSTM+Attention,val,77.329012_12.962105,2023-12-01,0.68690544,0.67044765
BiLSTM+Attention,val,77.337995_12.921681,2023-12-01,0.63648146,0.6292252
BiLSTM+Attention,val,77.342486_12.926172,2023-12-01,0.67488796,0.67113346
BiLSTM+Attention,val,77.342486_12.935155,2023-12-01,0.69591445,0.6987972
BiLSTM+Attention,val,77.342486_12.944139,2023-12-01,0.664335,0.6614507
BiLSTM+Attention,val,77.346978_12.86329,2023-12-01,0.56027734,0.5796957
BiLSTM+Attention,val,77.346978_12.962105,2023-12-01,0.52368253,0.5256774
BiLSTM+Attention,val,77.351469_12.89024,2023-12-01,0.5349753,0.55056363
BiLSTM+Attention,val,77.351469_12.930664,2023-12-01,0.6997991,0.69798297
BiLSTM+Attention,val,77.351469_12.939647,2023-12-01,0.6804242,0.6729225
BiLSTM+Attention,val,77.355961_12.899223,2023-12-01,0.54984504,0.56242377
BiLSTM+Attention,val,77.355961_12.94863,2023-12-01,0.49139467,0.505358
BiLSTM+Attention,val,77.355961_12.962105,2023-12-01,0.69704515,0.68308824
BiLSTM+Attention,val,77.360453_12.867782,2023-12-01,0.4484225,0.46843866
BiLSTM+Attention,val,77.360453_12.908206,2023-12-01,0.5703094,0.5768412
BiLSTM+Attention,val,77.360453_12.926172,2023-12-01,0.69582564,0.68082494
BiLSTM+Attention,val,77.364944_12.854307,2023-12-01,0.4900872,0.51098096
BiLSTM+Attention,val,77.364944_12.962105,2023-12-01,0.48037446,0.49554318
BiLSTM+Attention,val,77.369436_12.881256,2023-12-01,0.4909746,0.51112276
BiLSTM+Attention,val,77.369436_12.89024,2023-12-01,0.48870638,0.50666434
BiLSTM+Attention,val,77.369436_12.935155,2023-12-01,0.45353705,0.46339333
BiLSTM+Attention,val,77.369436_12.998037,2023-12-01,0.49006447,0.50293523
BiLSTM+Attention,val,77.369436_13.007021,2023-12-01,0.5350298,0.5345048
BiLSTM+Attention,val,77.373927_12.912697,2023-12-01,0.5939242,0.5943062
BiLSTM+Attention,val,77.373927_12.971088,2023-12-01,0.4738319,0.48246413
BiLSTM+Attention,val,77.373927_13.011512,2023-12-01,0.48699063,0.50391126
BiLSTM+Attention,val,77.373927_13.016004,2023-12-01,0.47129062,0.491055
BiLSTM+Attention,val,77.378419_12.966596,2023-12-01,0.44921592,0.44990313
BiLSTM+Attention,val,77.382911_12.894731,2023-12-01,0.5321703,0.55096865
BiLSTM+Attention,val,77.382911_12.953122,2023-12-01,0.508955,0.5193588
BiLSTM+Attention,val,77.382911_12.957613,2023-12-01,0.5035839,0.51049626
BiLSTM+Attention,val,77.387402_12.962105,2023-12-01,0.49442685,0.4956945
BiLSTM+Attention,val,77.387402_12.97558,2023-12-01,0.49530298,0.5034267
BiLSTM+Attention,val,77.387402_12.980071,2023-12-01,0.49782357,0.507049
BiLSTM+Attention,val,77.391894_12.867782,2023-12-01,0.5318051,0.5526415
BiLSTM+Attention,val,77.391894_12.881256,2023-12-01,0.49866503,0.5112664
BiLSTM+Attention,val,77.391894_12.885748,2023-12-01,0.53082806,0.5450525
BiLSTM+Attention,val,77.396385_12.894731,2023-12-01,0.53384936,0.5491236
BiLSTM+Attention,val,77.396385_12.908206,2023-12-01,0.49223107,0.50555503
BiLSTM+Attention,val,77.396385_12.944139,2023-12-01,0.54164404,0.5454452
BiLSTM+Attention,val,77.396385_12.971088,2023-12-01,0.46526578,0.48088664
BiLSTM+Attention,val,77.396385_12.97558,2023-12-01,0.44138575,0.45770007
BiLSTM+Attention,val,77.396385_13.029478,2023-12-01,0.3756322,0.39624518
BiLSTM+Attention,val,77.400877_12.957613,2023-12-01,0.5091331,0.5148632
BiLSTM+Attention,val,77.400877_12.966596,2023-12-01,0.46211746,0.47570366
BiLSTM+Attention,val,77.400877_13.029478,2023-12-01,0.3632929,0.3845921
BiLSTM+Attention,val,77.405368_12.881256,2023-12-01,0.45947197,0.47749585
BiLSTM+Attention,val,77.405368_12.89024,2023-12-01,0.48233503,0.49761596
BiLSTM+Attention,val,77.405368_12.903714,2023-12-01,0.45558044,0.4725166
BiLSTM+Attention,val,77.405368_12.930664,2023-12-01,0.58300835,0.5853072
BiLSTM+Attention,val,77.405368_12.998037,2023-12-01,0.48284352,0.4992157
BiLSTM+Attention,val,77.405368_13.105835,2023-12-01,0.40824735,0.42691135
BiLSTM+Attention,val,77.405368_13.11931,2023-12-01,0.370606,0.39192453
BiLSTM+Attention,val,77.40986_12.872273,2023-12-01,0.4248982,0.4436762
BiLSTM+Attention,val,77.40986_12.881256,2023-12-01,0.4269352,0.44720384
BiLSTM+Attention,val,77.40986_12.962105,2023-12-01,0.51841795,0.53620356
BiLSTM+Attention,val,77.414352_12.930664,2023-12-01,0.52720815,0.53090835
BiLSTM+Attention,val,77.414352_12.989054,2023-12-01,0.4448018,0.4603427
BiLSTM+Attention,val,77.414352_12.993546,2023-12-01,0.45245746,0.46563393
BiLSTM+Attention,val,77.414352_13.03397,2023-12-01,0.42046282,0.43994218
BiLSTM+Attention,val,77.414352_13.096852,2023-12-01,0.38795695,0.41343206
BiLSTM+Attention,val,77.414352_13.11931,2023-12-01,0.38986585,0.41087675
BiLSTM+Attention,val,77.418843_12.876765,2023-12-01,0.44198686,0.4510615
BiLSTM+Attention,val,77.418843_12.89024,2023-12-01,0.4701794,0.47829753
BiLSTM+Attention,val,77.418843_12.94863,2023-12-01,0.52424604,0.5294215
BiLSTM+Attention,val,77.418843_12.971088,2023-12-01,0.48702222,0.5006558
BiLSTM+Attention,val,77.418843_12.993546,2023-12-01,0.4883336,0.49333566
BiLSTM+Attention,val,77.418843_13.016004,2023-12-01,0.45529065,0.4613969
BiLSTM+Attention,val,77.418843_13.024987,2023-12-01,0.44642234,0.4673993
BiLSTM+Attention,val,77.418843_13.029478,2023-12-01,0.44595334,0.46676302
BiLSTM+Attention,val,77.418843_13.146259,2023-12-01,0.35952312,0.37665233
BiLSTM+Attention,val,77.423335_12.876765,2023-12-01,0.44376507,0.44844526
BiLSTM+Attention,val,77.423335_12.921681,2023-12-01,0.53861165,0.53888357
BiLSTM+Attention,val,77.423335_12.930664,2023-12-01,0.52129596,0.52971417
BiLSTM+Attention,val,77.423335_13.002529,2023-12-01,0.53642017,0.5424746
BiLSTM+Attention,val,77.423335_13.092361,2023-12-01,0.33308968,0.3506236
BiLSTM+Attention,val,77.423335_13.141768,2023-12-01,0.41830346,0.4385574
BiLSTM+Attention,val,77.423335_13.150751,2023-12-01,0.36827856,0.38350093
BiLSTM+Attention,val,77.427826_12.845324,2023-12-01,0.38574895,0.41010028
BiLSTM+Attention,val,77.427826_12.858799,2023-12-01,0.43846563,0.44405586
BiLSTM+Attention,val,77.427826_12.930664,2023-12-01,0.52878165,0.5343765
BiLSTM+Attention,val,77.427826_12.939647,2023-12-01,0.47619197,0.4817936
BiLSTM+Attention,val,77.427826_12.944139,2023-12-01,0.4895749,0.50346863
BiLSTM+Attention,val,77.427826_13.020495,2023-12-01,0.4569582,0.47261176
BiLSTM+Attention,val,77.427826_13.024987,2023-12-01,0.447847,0.4604934
BiLSTM+Attention,val,77.427826_13.110327,2023-12-01,0.4160185,0.4315635
BiLSTM+Attention,val,77.427826_13.132785,2023-12-01,0.47124287,0.4838829
BiLSTM+Attention,val,77.432318_12.858799,2023-12-01,0.4530586,0.46308917
BiLSTM+Attention,val,77.432318_12.86329,2023-12-01,0.45918018,0.46520898
BiLSTM+Attention,val,77.432318_12.867782,2023-12-01,0.45083803,0.4608836
BiLSTM+Attention,val,77.432318_12.881256,2023-12-01,0.4935668,0.49714273
BiLSTM+Attention,val,77.432318_12.885748,2023-12-01,0.5836511,0.577602
BiLSTM+Attention,val,77.432318_12.957613,2023-12-01,0.47610235,0.48654068
BiLSTM+Attention,val,77.432318_12.998037,2023-12-01,0.40719262,0.42533654
BiLSTM+Attention,val,77.432318_13.087869,2023-12-01,0.41790846,0.4302659
BiLSTM+Attention,val,77.432318_13.092361,2023-12-01,0.3742832,0.38821125
BiLSTM+Attention,val,77.436809_12.818374,2023-12-01,0.5834122,0.587734
BiLSTM+Attention,val,77.436809_12.840832,2023-12-01,0.5004793,0.50280285
BiLSTM+Attention,val,77.436809_12.854307,2023-12-01,0.46667534,0.47874573
BiLSTM+Attention,val,77.436809_12.912697,2023-12-01,0.5977506,0.5821595
BiLSTM+Attention,val,77.436809_12.926172,2023-12-01,0.5306796,0.5301586
BiLSTM+Attention,val,77.436809_12.944139,2023-12-01,0.49686575,0.5063722
BiLSTM+Attention,val,77.436809_13.03397,2023-12-01,0.43090346,0.4458652
BiLSTM+Attention,val,77.441301_12.818374,2023-12-01,0.59190035,0.5940914
BiLSTM+Attention,val,77.441301_12.831849,2023-12-01,0.48524445,0.49268585
BiLSTM+Attention,val,77.441301_12.836341,2023-12-01,0.5141531,0.5206542
BiLSTM+Attention,val,77.441301_12.840832,2023-12-01,0.48746887,0.4908957
BiLSTM+Attention,val,77.441301_12.944139,2023-12-01,0.5342261,0.5328421
BiLSTM+Attention,val,77.441301_12.94863,2023-12-01,0.4882335,0.49181145
BiLSTM+Attention,val,77.441301_13.056428,2023-12-01,0.42006513,0.42915365
BiLSTM+Attention,val,77.441301_13.069903,2023-12-01,0.4368195,0.4410146
BiLSTM+Attention,val,77.441301_13.083377,2023-12-01,0.4236228,0.43822205
BiLSTM+Attention,val,77.441301_13.110327,2023-12-01,0.41141117,0.41989172
BiLSTM+Attention,val,77.445793_12.840832,2023-12-01,0.56012857,0.5623832
BiLSTM+Attention,val,77.445793_12.86329,2023-12-01,0.57558316,0.5828365
BiLSTM+Attention,val,77.445793_12.867782,2023-12-01,0.5548068,0.55837417
BiLSTM+Attention,val,77.445793_12.912697,2023-12-01,0.5036653,0.4977475
BiLSTM+Attention,val,77.445793_12.957613,2023-12-01,0.47674042,0.481454
BiLSTM+Attention,val,77.445793_12.984563,2023-12-01,0.49472415,0.4865731
BiLSTM+Attention,val,77.450284_12.809391,2023-12-01,0.53987813,0.5536034
BiLSTM+Attention,val,77.450284_12.872273,2023-12-01,0.55430526,0.565506
BiLSTM+Attention,val,77.450284_12.89024,2023-12-01,0.55488914,0.5582429
BiLSTM+Attention,val,77.450284_12.971088,2023-12-01,0.46422306,0.4706079
BiLSTM+Attention,val,77.450284_12.993546,2023-12-01,0.37601954,0.38305974
BiLSTM+Attention,val,77.450284_13.029478,2023-12-01,0.41832942,0.42873544
BiLSTM+Attention,val,77.450284_13.047445,2023-12-01,0.430873,0.44830954
BiLSTM+Attention,val,77.450284_13.146259,2023-12-01,0.4860349,0.50473416
BiLSTM+Attention,val,77.454776_12.809391,2023-12-01,0.5048353,0.5262182
BiLSTM+Attention,val,77.454776_12.885748,2023-12-01,0.5362154,0.5472821
BiLSTM+Attention,val,77.454776_12.980071,2023-12-01,0.41622955,0.43047702
BiLSTM+Attention,val,77.454776_12.993546,2023-12-01,0.40189058,0.4052591
BiLSTM+Attention,val,77.454776_13.078886,2023-12-01,0.42965773,0.43736017
BiLSTM+Attention,val,77.454776_13.087869,2023-12-01,0.3933641,0.4065327
BiLSTM+Attention,val,77.454776_13.114818,2023-12-01,0.47258896,0.49205017
BiLSTM+Attention,val,77.454776_13.141768,2023-12-01,0.48941925,0.5113711
BiLSTM+Attention,val,77.459267_12.8049,2023-12-01,0.57379824,0.59240484
BiLSTM+Attention,val,77.459267_12.822866,2023-12-01,0.54421234,0.5542804
BiLSTM+Attention,val,77.459267_12.845324,2023-12-01,0.5480558,0.5550596
BiLSTM+Attention,val,77.459267_12.872273,2023-12-01,0.52562267,0.5400644
BiLSTM+Attention,val,77.459267_12.903714,2023-12-01,0.47899365,0.48999238
BiLSTM+Attention,val,77.459267_12.926172,2023-12-01,0.5249317,0.52286947
BiLSTM+Attention,val,77.459267_12.97558,2023-12-01,0.4309598,0.4429921
BiLSTM+Attention,val,77.459267_13.016004,2023-12-01,0.39371562,0.40428802
BiLSTM+Attention,val,77.459267_13.020495,2023-12-01,0.38727176,0.40236053
BiLSTM+Attention,val,77.459267_13.11931,2023-12-01,0.4694501,0.48726794
BiLSTM+Attention,val,77.463759_12.813883,2023-12-01,0.48506352,0.5079765
BiLSTM+Attention,val,77.463759_12.836341,2023-12-01,0.54505163,0.5573622
BiLSTM+Attention,val,77.463759_12.86329,2023-12-01,0.5619476,0.5750962
BiLSTM+Attention,val,77.463759_12.867782,2023-12-01,0.54392225,0.55492437
BiLSTM+Attention,val,77.463759_12.872273,2023-12-01,0.5197032,0.5355915
BiLSTM+Attention,val,77.463759_12.881256,2023-12-01,0.57160234,0.58315915
BiLSTM+Attention,val,77.463759_12.885748,2023-12-01,0.5751656,0.58333033
BiLSTM+Attention,val,77.463759_12.894731,2023-12-01,0.514774,0.5327417
BiLSTM+Attention,val,77.463759_12.899223,2023-12-01,0.51738125,0.5299484
BiLSTM+Attention,val,77.463759_12.917189,2023-12-01,0.47331485,0.48376116
BiLSTM+Attention,val,77.463759_12.953122,2023-12-01,0.727914,0.758796
BiLSTM+Attention,val,77.463759_13.03397,2023-12-01,0.3861819,0.39517725
BiLSTM+Attention,val,77.463759_13.078886,2023-12-01,0.49812636,0.49721703
BiLSTM+Attention,val,77.46825_12.827358,2023-12-01,0.4576376,0.47273296
BiLSTM+Attention,val,77.46825_12.836341,2023-12-01,0.5524408,0.56426066
BiLSTM+Attention,val,77.46825_12.894731,2023-12-01,0.49491596,0.5130754
BiLSTM+Attention,val,77.46825_12.94863,2023-12-01,0.5675602,0.5646645
BiLSTM+Attention,val,77.46825_12.953122,2023-12-01,0.50297326,0.50077945
BiLSTM+Attention,val,77.46825_12.966596,2023-12-01,0.48104262,0.48749858
BiLSTM+Attention,val,77.46825_13.007021,2023-12-01,0.4016194,0.41200113
BiLSTM+Attention,val,77.46825_13.020495,2023-12-01,0.47140223,0.46187606
BiLSTM+Attention,val,77.46825_13.114818,2023-12-01,0.51353365,0.526896
BiLSTM+Attention,val,77.46825_13.150751,2023-12-01,0.42417708,0.44375783
BiLSTM+Attention,val,77.46825_13.1777,2023-12-01,0.51463646,0.5417623
BiLSTM+Attention,val,77.472742_12.746509,2023-12-01,0.6114575,0.6175666
BiLSTM+Attention,val,77.472742_12.751001,2023-12-01,0.56526667,0.56547356
BiLSTM+Attention,val,77.472742_12.755492,2023-12-01,0.58227926,0.5906175
BiLSTM+Attention,val,77.472742_12.795916,2023-12-01,0.51883656,0.53673846
BiLSTM+Attention,val,77.472742_12.836341,2023-12-01,0.5424998,0.5554526
BiLSTM+Attention,val,77.472742_12.984563,2023-12-01,0.44295022,0.439794
BiLSTM+Attention,val,77.472742_13.087869,2023-12-01,0.45231098,0.46609598
BiLSTM+Attention,val,77.477234_12.764475,2023-12-01,0.57663435,0.588476
BiLSTM+Attention,val,77.477234_12.782442,2023-12-01,0.5124519,0.53283876
BiLSTM+Attention,val,77.477234_12.840832,2023-12-01,0.5442509,0.55818415
BiLSTM+Attention,val,77.477234_12.899223,2023-12-01,0.4552093,0.47044358
BiLSTM+Attention,val,77.477234_12.935155,2023-12-01,0.59406424,0.58176494
BiLSTM+Attention,val,77.477234_12.944139,2023-12-01,0.52414733,0.5237662
BiLSTM+Attention,val,77.477234_12.94863,2023-12-01,0.5349895,0.52921724
BiLSTM+Attention,val,77.477234_12.971088,2023-12-01,0.49371144,0.50025463
BiLSTM+Attention,val,77.477234_13.002529,2023-12-01,0.39718032,0.41028178
BiLSTM+Attention,val,77.477234_13.056428,2023-12-01,0.4540476,0.45407417
BiLSTM+Attention,val,77.481725_12.737526,2023-12-01,0.58805597,0.5928831
BiLSTM+Attention,val,77.481725_12.768967,2023-12-01,0.5715734,0.5836205
BiLSTM+Attention,val,77.481725_12.831849,2023-12-01,0.48624167,0.5023289
BiLSTM+Attention,val,77.481725_12.89024,2023-12-01,0.53447807,0.5489496
BiLSTM+Attention,val,77.481725_12.894731,2023-12-01,0.50165033,0.51853204
BiLSTM+Attention,val,77.481725_12.944139,2023-12-01,0.53693163,0.5355313
BiLSTM+Attention,val,77.481725_12.971088,2023-12-01,0.41850504,0.42964196
BiLSTM+Attention,val,77.481725_12.980071,2023-12-01,0.47175035,0.46603632
BiLSTM+Attention,val,77.481725_13.024987,2023-12-01,0.4527869,0.4588313
BiLSTM+Attention,val,77.481725_13.03397,2023-12-01,0.42985943,0.4391405
BiLSTM+Attention,val,77.481725_13.096852,2023-12-01,0.53564334,0.53909075
BiLSTM+Attention,val,77.481725_13.137276,2023-12-01,0.6129341,0.6051278
BiLSTM+Attention,val,77.486217_12.764475,2023-12-01,0.56647587,0.57875794
BiLSTM+Attention,val,77.486217_12.872273,2023-12-01,0.49112096,0.51369077
BiLSTM+Attention,val,77.486217_12.939647,2023-12-01,0.55240166,0.5536036
BiLSTM+Attention,val,77.486217_12.998037,2023-12-01,0.4446087,0.44767952
BiLSTM+Attention,val,77.486217_13.042953,2023-12-01,0.5004521,0.49444905
BiLSTM+Attention,val,77.486217_13.06092,2023-12-01,0.51868725,0.50998825
BiLSTM+Attention,val,77.486217_13.114818,2023-12-01,0.45399806,0.46184754
BiLSTM+Attention,val,77.486217_13.11931,2023-12-01,0.47127292,0.47833166
BiLSTM+Attention,val,77.490708_12.768967,2023-12-01,0.5582302,0.5754277
BiLSTM+Attention,val,77.490708_12.8049,2023-12-01,0.5362891,0.55955356
BiLSTM+Attention,val,77.490708_12.849815,2023-12-01,0.56150174,0.5593968
BiLSTM+Attention,val,77.490708_12.89024,2023-12-01,0.49352524,0.5164046
BiLSTM+Attention,val,77.490708_13.051936,2023-12-01,0.56710136,0.55597764
BiLSTM+Attention,val,77.490708_13.087869,2023-12-01,0.5081425,0.52602917
BiLSTM+Attention,val,77.490708_13.092361,2023-12-01,0.50362056,0.5095664
BiLSTM+Attention,val,77.490708_13.096852,2023-12-01,0.5336943,0.53104633
BiLSTM+Attention,val,77.490708_13.182192,2023-12-01,0.55312574,0.5628777
BiLSTM+Attention,val,77.490708_13.209142,2023-12-01,0.5115324,0.5223214
BiLSTM+Attention,val,77.4952_12.786933,2023-12-01,0.51853585,0.53633934
BiLSTM+Attention,val,77.4952_12.836341,2023-12-01,0.5179242,0.5288108
BiLSTM+Attention,val,77.4952_12.899223,2023-12-01,0.54076785,0.55391777
BiLSTM+Attention,val,77.4952_12.962105,2023-12-01,0.5365321,0.5293699
BiLSTM+Attention,val,77.4952_13.020495,2023-12-01,0.49521706,0.49273276
BiLSTM+Attention,val,77.4952_13.024987,2023-12-01,0.48484135,0.47664493
BiLSTM+Attention,val,77.4952_13.03397,2023-12-01,0.5380652,0.54747164
BiLSTM+Attention,val,77.4952_13.087869,2023-12-01,0.4824057,0.4838502
BiLSTM+Attention,val,77.4952_13.092361,2023-12-01,0.5088544,0.50804895
BiLSTM+Attention,val,77.4952_13.182192,2023-12-01,0.5526808,0.5596949
BiLSTM+Attention,val,77.499692_12.755492,2023-12-01,0.6241118,0.6390731
BiLSTM+Attention,val,77.499692_12.858799,2023-12-01,0.60899276,0.61907876
BiLSTM+Attention,val,77.499692_12.899223,2023-12-01,0.52276266,0.54271954
BiLSTM+Attention,val,77.499692_12.984563,2023-12-01,0.4867639,0.4861299
BiLSTM+Attention,val,77.499692_13.114818,2023-12-01,0.47316137,0.4828146
BiLSTM+Attention,val,77.499692_13.137276,2023-12-01,0.46607906,0.46917015
BiLSTM+Attention,val,77.499692_13.168717,2023-12-01,0.60152566,0.61595416
BiLSTM+Attention,val,77.504183_12.764475,2023-12-01,0.62915033,0.6521546
BiLSTM+Attention,val,77.504183_12.786933,2023-12-01,0.5865827,0.60666764
BiLSTM+Attention,val,77.504183_12.818374,2023-12-01,0.5585937,0.5689029
BiLSTM+Attention,val,77.504183_12.854307,2023-12-01,0.5509304,0.571606
BiLSTM+Attention,val,77.504183_12.858799,2023-12-01,0.6077565,0.6207696
BiLSTM+Attention,val,77.504183_12.953122,2023-12-01,0.51472163,0.5143079
BiLSTM+Attention,val,77.504183_13.083377,2023-12-01,0.54059774,0.5512272
BiLSTM+Attention,val,77.504183_13.141768,2023-12-01,0.5432465,0.5619272
BiLSTM+Attention,val,77.504183_13.159734,2023-12-01,0.6321813,0.63137174
BiLSTM+Attention,val,77.504183_13.195667,2023-12-01,0.48533943,0.49742413
BiLSTM+Attention,val,77.508675_12.751001,2023-12-01,0.62899494,0.6364126
BiLSTM+Attention,val,77.508675_12.795916,2023-12-01,0.6139569,0.6343617
BiLSTM+Attention,val,77.508675_12.831849,2023-12-01,0.55895674,0.5707465
BiLSTM+Attention,val,77.508675_12.836341,2023-12-01,0.5841524,0.5943313
BiLSTM+Attention,val,77.508675_12.845324,2023-12-01,0.54865354,0.5531977
BiLSTM+Attention,val,77.508675_12.903714,2023-12-01,0.47579387,0.48658925
BiLSTM+Attention,val,77.508675_12.912697,2023-12-01,0.51998466,0.51601326
BiLSTM+Attention,val,77.508675_12.917189,2023-12-01,0.58507794,0.5927594
BiLSTM+Attention,val,77.508675_13.114818,2023-12-01,0.43437517,0.44623172
BiLSTM+Attention,val,77.508675_13.137276,2023-12-01,0.4925707,0.52779734
BiLSTM+Attention,val,77.508675_13.159734,2023-12-01,0.61769897,0.61973584
BiLSTM+Attention,val,77.508675_13.191175,2023-12-01,0.50960004,0.5111738
BiLSTM+Attention,val,77.513166_12.746509,2023-12-01,0.7271143,0.77193105
BiLSTM+Attention,val,77.513166_12.764475,2023-12-01,0.5933727,0.60282874
BiLSTM+Attention,val,77.513166_12.77795,2023-12-01,0.6864676,0.70061713
BiLSTM+Attention,val,77.513166_12.822866,2023-12-01,0.6339288,0.647817
BiLSTM+Attention,val,77.513166_12.908206,2023-12-01,0.48003632,0.4955358
BiLSTM+Attention,val,77.513166_13.087869,2023-12-01,0.54639816,0.54704684
BiLSTM+Attention,val,77.513166_13.096852,2023-12-01,0.6102639,0.61274874
BiLSTM+Attention,val,77.513166_13.137276,2023-12-01,0.46045932,0.4861132
BiLSTM+Attention,val,77.513166_13.1777,2023-12-01,0.5386523,0.55394626
BiLSTM+Attention,val,77.517658_12.764475,2023-12-01,0.63925546,0.64582676
BiLSTM+Attention,val,77.517658_12.77795,2023-12-01,0.66183704,0.68220305
BiLSTM+Attention,val,77.517658_12.782442,2023-12-01,0.66067326,0.6786159
BiLSTM+Attention,val,77.517658_12.795916,2023-12-01,0.62305456,0.6374746
BiLSTM+Attention,val,77.517658_12.827358,2023-12-01,0.5612335,0.56666905
BiLSTM+Attention,val,77.517658_12.849815,2023-12-01,0.5561434,0.563727
BiLSTM+Attention,val,77.517658_12.885748,2023-12-01,0.5519781,0.5743266
BiLSTM+Attention,val,77.517658_12.89024,2023-12-01,0.543496,0.56387615
BiLSTM+Attention,val,77.517658_12.899223,2023-12-01,0.53621024,0.5588439
BiLSTM+Attention,val,77.517658_12.998037,2023-12-01,0.56042945,0.5773315
BiLSTM+Attention,val,77.517658_13.11931,2023-12-01,0.40493497,0.4239354
BiLSTM+Attention,val,77.517658_13.182192,2023-12-01,0.54209965,0.5604971
BiLSTM+Attention,val,77.517658_13.186684,2023-12-01,0.55097485,0.56506103
BiLSTM+Attention,val,77.517658_13.191175,2023-12-01,0.4946164,0.50813526
BiLSTM+Attention,val,77.522149_12.751001,2023-12-01,0.6717119,0.6942614
BiLSTM+Attention,val,77.522149_12.755492,2023-12-01,0.6477598,0.65856594
BiLSTM+Attention,val,77.522149_12.759984,2023-12-01,0.68060124,0.68696505
BiLSTM+Attention,val,77.522149_12.782442,2023-12-01,0.6749345,0.6887028
BiLSTM+Attention,val,77.522149_12.809391,2023-12-01,0.73775476,0.7519828
BiLSTM+Attention,val,77.522149_12.813883,2023-12-01,0.5525146,0.5678715
BiLSTM+Attention,val,77.522149_12.818374,2023-12-01,0.53993195,0.54763305
BiLSTM+Attention,val,77.522149_12.836341,2023-12-01,0.5512242,0.56024724
BiLSTM+Attention,val,77.522149_12.845324,2023-12-01,0.5671259,0.57881606
BiLSTM+Attention,val,77.522149_13.056428,2023-12-01,0.57245463,0.5707145
BiLSTM+Attention,val,77.522149_13.078886,2023-12-01,0.5470461,0.53958285
BiLSTM+Attention,val,77.522149_13.146259,2023-12-01,0.4242172,0.43571818
BiLSTM+Attention,val,77.522149_13.200158,2023-12-01,0.5344952,0.540737
BiLSTM+Attention,val,77.526641_12.751001,2023-12-01,0.6837114,0.6945133
BiLSTM+Attention,val,77.526641_12.840832,2023-12-01,0.62150794,0.62903225
BiLSTM+Attention,val,77.526641_12.89024,2023-12-01,0.5878979,0.61827016
BiLSTM+Attention,val,77.526641_12.899223,2023-12-01,0.5595393,0.5912086
BiLSTM+Attention,val,77.526641_13.078886,2023-12-01,0.560913,0.55394197
BiLSTM+Attention,val,77.526641_13.105835,2023-12-01,0.41665465,0.41825646
BiLSTM+Attention,val,77.526641_13.110327,2023-12-01,0.41258502,0.41377318
BiLSTM+Attention,val,77.531133_12.791425,2023-12-01,0.5781218,0.59003603
BiLSTM+Attention,val,77.531133_12.795916,2023-12-01,0.6175534,0.6266209
BiLSTM+Attention,val,77.531133_12.800408,2023-12-01,0.5932559,0.59907424
BiLSTM+Attention,val,77.531133_12.822866,2023-12-01,0.56873465,0.5761473
BiLSTM+Attention,val,77.531133_12.827358,2023-12-01,0.58155024,0.5856979
BiLSTM+Attention,val,77.531133_12.894731,2023-12-01,0.5118235,0.51774657
BiLSTM+Attention,val,77.531133_13.083377,2023-12-01,0.5295031,0.5237735
BiLSTM+Attention,val,77.531133_13.114818,2023-12-01,0.42428708,0.43327808
BiLSTM+Attention,val,77.531133_13.195667,2023-12-01,0.54562134,0.5603396
BiLSTM+Attention,val,77.535624_12.77795,2023-12-01,0.7216063,0.74389577
BiLSTM+Attention,val,77.535624_12.822866,2023-12-01,0.67170703,0.67184234
BiLSTM+Attention,val,77.535624_12.872273,2023-12-01,0.4766871,0.4795926
BiLSTM+Attention,val,77.535624_12.899223,2023-12-01,0.4927867,0.50020945
BiLSTM+Attention,val,77.535624_13.069903,2023-12-01,0.6332869,0.6191213
BiLSTM+Attention,val,77.535624_13.083377,2023-12-01,0.5221139,0.52201885
BiLSTM+Attention,val,77.535624_13.096852,2023-12-01,0.46297657,0.45731705
BiLSTM+Attention,val,77.535624_13.114818,2023-12-01,0.44997582,0.45903867
BiLSTM+Attention,val,77.535624_13.132785,2023-12-01,0.47522175,0.48122746
BiLSTM+Attention,val,77.535624_13.137276,2023-12-01,0.41748285,0.40533745
BiLSTM+Attention,val,77.535624_13.195667,2023-12-01,0.4877108,0.49338055
BiLSTM+Attention,val,77.540116_12.77795,2023-12-01,0.62126344,0.63455546
BiLSTM+Attention,val,77.540116_12.795916,2023-12-01,0.63759726,0.65386736
BiLSTM+Attention,val,77.540116_13.042953,2023-12-01,0.5623201,0.55743027
BiLSTM+Attention,val,77.540116_13.074394,2023-12-01,0.58052135,0.5658007
BiLSTM+Attention,val,77.540116_13.092361,2023-12-01,0.42097166,0.41070884
BiLSTM+Attention,val,77.540116_13.101344,2023-12-01,0.4508729,0.44528043
BiLSTM+Attention,val,77.540116_13.105835,2023-12-01,0.4611703,0.46992654
BiLSTM+Attention,val,77.540116_13.114818,2023-12-01,0.4220605,0.42526197
BiLSTM+Attention,val,77.540116_13.132785,2023-12-01,0.4604434,0.4681993
BiLSTM+Attention,val,77.540116_13.155243,2023-12-01,0.48668823,0.49158353
BiLSTM+Attention,val,77.540116_13.182192,2023-12-01,0.4529933,0.47338802
BiLSTM+Attention,val,77.544607_12.831849,2023-12-01,0.7294253,0.7237971
BiLSTM+Attention,val,77.544607_13.218125,2023-12-01,0.5400666,0.5664894
BiLSTM+Attention,val,77.549099_12.822866,2023-12-01,0.7496228,0.73643845
BiLSTM+Attention,val,77.549099_12.831849,2023-12-01,0.6626182,0.6537681
BiLSTM+Attention,val,77.549099_12.836341,2023-12-01,0.6348337,0.6306546
BiLSTM+Attention,val,77.549099_12.845324,2023-12-01,0.6174319,0.6239968
BiLSTM+Attention,val,77.549099_12.867782,2023-12-01,0.5419053,0.5453231
BiLSTM+Attention,val,77.549099_12.876765,2023-12-01,0.5078576,0.5131457
BiLSTM+Attention,val,77.549099_12.894731,2023-12-01,0.58777434,0.61153257
BiLSTM+Attention,val,77.549099_13.096852,2023-12-01,0.4877715,0.4807214
BiLSTM+Attention,val,77.549099_13.132785,2023-12-01,0.5917697,0.5968735
BiLSTM+Attention,val,77.55359_12.71956,2023-12-01,0.75744975,0.75927866
BiLSTM+Attention,val,77.55359_12.782442,2023-12-01,0.6925852,0.70015836
BiLSTM+Attention,val,77.55359_12.849815,2023-12-01,0.6117793,0.62114936
BiLSTM+Attention,val,77.55359_12.872273,2023-12-01,0.49900952,0.5121957
BiLSTM+Attention,val,77.55359_13.069903,2023-12-01,0.698748,0.68123686
BiLSTM+Attention,val,77.55359_13.101344,2023-12-01,0.44338846,0.44503993
BiLSTM+Attention,val,77.55359_13.110327,2023-12-01,0.49895886,0.50174135
BiLSTM+Attention,val,77.55359_13.128293,2023-12-01,0.57065433,0.57177305
BiLSTM+Attention,val,77.55359_13.168717,2023-12-01,0.4977771,0.5008789
BiLSTM+Attention,val,77.55359_13.173209,2023-12-01,0.42100272,0.4217589
BiLSTM+Attention,val,77.558082_12.710577,2023-12-01,0.78543764,0.7841512
BiLSTM+Attention,val,77.558082_12.827358,2023-12-01,0.6801857,0.68795645
BiLSTM+Attention,val,77.558082_12.845324,2023-12-01,0.6587219,0.6629908
BiLSTM+Attention,val,77.558082_13.042953,2023-12-01,0.63996893,0.6394131
BiLSTM+Attention,val,77.558082_13.051936,2023-12-01,0.6701783,0.6505197
BiLSTM+Attention,val,77.558082_13.110327,2023-12-01,0.5071603,0.511024
BiLSTM+Attention,val,77.558082_13.168717,2023-12-01,0.5114659,0.51537323
BiLSTM+Attention,val,77.558082_13.1777,2023-12-01,0.4931076,0.5008324
BiLSTM+Attention,val,77.562574_12.71956,2023-12-01,0.7596987,0.7665895
BiLSTM+Attention,val,77.562574_12.827358,2023-12-01,0.68757486,0.6866856
BiLSTM+Attention,val,77.562574_12.858799,2023-12-01,0.50837,0.52397746
BiLSTM+Attention,val,77.562574_12.872273,2023-12-01,0.5906545,0.59863514
BiLSTM+Attention,val,77.562574_12.876765,2023-12-01,0.6134824,0.6327927
BiLSTM+Attention,val,77.562574_13.141768,2023-12-01,0.4855258,0.4946998
BiLSTM+Attention,val,77.562574_13.159734,2023-12-01,0.5139698,0.5236157
BiLSTM+Attention,val,77.562574_13.173209,2023-12-01,0.5206294,0.5238714
BiLSTM+Attention,val,77.567065_12.724051,2023-12-01,0.70965755,0.7141886
BiLSTM+Attention,val,77.567065_12.813883,2023-12-01,0.66908616,0.6782056
BiLSTM+Attention,val,77.567065_12.849815,2023-12-01,0.65470034,0.6612585
BiLSTM+Attention,val,77.567065_13.105835,2023-12-01,0.5697288,0.5675201
BiLSTM+Attention,val,77.567065_13.114818,2023-12-01,0.6151777,0.6033362
BiLSTM+Attention,val,77.567065_13.182192,2023-12-01,0.51717603,0.51835376
BiLSTM+Attention,val,77.571557_12.71956,2023-12-01,0.74262553,0.7466291
BiLSTM+Attention,val,77.571557_12.800408,2023-12-01,0.6670029,0.67203593
BiLSTM+Attention,val,77.571557_12.813883,2023-12-01,0.7381384,0.7355681
BiLSTM+Attention,val,77.571557_12.849815,2023-12-01,0.65849155,0.65990025
BiLSTM+Attention,val,77.571557_13.141768,2023-12-01,0.4896919,0.49324906
BiLSTM+Attention,val,77.571557_13.146259,2023-12-01,0.4930668,0.5026858
BiLSTM+Attention,val,77.576048_12.71956,2023-12-01,0.7088387,0.71308434
BiLSTM+Attention,val,77.576048_12.728543,2023-12-01,0.7078283,0.7147105
BiLSTM+Attention,val,77.576048_12.742018,2023-12-01,0.70509446,0.70271766
BiLSTM+Attention,val,77.576048_12.813883,2023-12-01,0.7577192,0.74672914
BiLSTM+Attention,val,77.576048_12.827358,2023-12-01,0.64422905,0.64676833
BiLSTM+Attention,val,77.58054_12.800408,2023-12-01,0.7062028,0.7095324
BiLSTM+Attention,val,77.58054_12.845324,2023-12-01,0.66085154,0.6530326
BiLSTM+Attention,val,77.58054_13.083377,2023-12-01,0.5326506,0.53221625
BiLSTM+Attention,val,77.58054_13.087869,2023-12-01,0.50664645,0.50459135
BiLSTM+Attention,val,77.585031_12.849815,2023-12-01,0.6582954,0.65396804
BiLSTM+Attention,val,77.585031_13.042953,2023-12-01,0.66842496,0.65830916
BiLSTM+Attention,val,77.585031_13.137276,2023-12-01,0.49674168,0.509241
BiLSTM+Attention,val,77.589523_12.71956,2023-12-01,0.81571144,0.8138455
BiLSTM+Attention,val,77.589523_12.746509,2023-12-01,0.70616037,0.7145762
BiLSTM+Attention,val,77.589523_12.854307,2023-12-01,0.605983,0.6091249
BiLSTM+Attention,val,77.589523_12.971088,2023-12-01,0.72901696,0.70940375
BiLSTM+Attention,val,77.589523_13.083377,2023-12-01,0.6164511,0.616062
BiLSTM+Attention,val,77.589523_13.150751,2023-12-01,0.50222003,0.5049448
BiLSTM+Attention,val,77.594015_12.724051,2023-12-01,0.79577446,0.79974025
BiLSTM+Attention,val,77.594015_12.733034,2023-12-01,0.766486,0.77382135
BiLSTM+Attention,val,77.594015_12.755492,2023-12-01,0.66842455,0.6822486
BiLSTM+Attention,val,77.594015_12.831849,2023-12-01,0.6207849,0.6164518
BiLSTM+Attention,val,77.594015_12.836341,2023-12-01,0.64043486,0.62979627
BiLSTM+Attention,val,77.594015_12.840832,2023-12-01,0.6409592,0.63146657
BiLSTM+Attention,val,77.594015_12.849815,2023-12-01,0.6317987,0.6324871
BiLSTM+Attention,val,77.594015_12.998037,2023-12-01,0.722879,0.71061563
BiLSTM+Attention,val,77.594015_13.087869,2023-12-01,0.6011248,0.59840924
BiLSTM+Attention,val,77.598506_12.665661,2023-12-01,0.7952826,0.79107153
BiLSTM+Attention,val,77.598506_12.710577,2023-12-01,0.7233817,0.7289728
BiLSTM+Attention,val,77.598506_12.822866,2023-12-01,0.6456133,0.6428859
BiLSTM+Attention,val,77.598506_12.849815,2023-12-01,0.6717667,0.6752098
BiLSTM+Attention,val,77.598506_13.083377,2023-12-01,0.5941399,0.58822626
BiLSTM+Attention,val,77.598506_13.128293,2023-12-01,0.55818844,0.5688196
BiLSTM+Attention,val,77.598506_13.141768,2023-12-01,0.4719682,0.47940695
BiLSTM+Attention,val,77.598506_13.146259,2023-12-01,0.45193207,0.46297193
BiLSTM+Attention,val,77.602998_12.710577,2023-12-01,0.76026183,0.76292753
BiLSTM+Attention,val,77.602998_12.827358,2023-12-01,0.5613837,0.5604213
BiLSTM+Attention,val,77.602998_12.849815,2023-12-01,0.57158905,0.5729959
BiLSTM+Attention,val,77.602998_12.858799,2023-12-01,0.5803724,0.5762476
BiLSTM+Attention,val,77.602998_13.114818,2023-12-01,0.58578795,0.5904094
BiLSTM+Attention,val,77.602998_13.11931,2023-12-01,0.57953334,0.5797324
BiLSTM+Attention,val,77.602998_13.128293,2023-12-01,0.5264296,0.5349052
BiLSTM+Attention,val,77.602998_13.164226,2023-12-01,0.48608613,0.4855519
BiLSTM+Attention,val,77.607489_12.768967,2023-12-01,0.6323896,0.64267
BiLSTM+Attention,val,77.607489_12.773459,2023-12-01,0.60591996,0.6132334
BiLSTM+Attention,val,77.607489_12.791425,2023-12-01,0.5939776,0.59879833
BiLSTM+Attention,val,77.607489_12.809391,2023-12-01,0.6805184,0.67680895
BiLSTM+Attention,val,77.607489_12.818374,2023-12-01,0.7112522,0.70570076
BiLSTM+Attention,val,77.607489_13.087869,2023-12-01,0.6902644,0.6923328
BiLSTM+Attention,val,77.611981_12.674644,2023-12-01,0.790991,0.7902673
BiLSTM+Attention,val,77.611981_12.768967,2023-12-01,0.5887026,0.59521246
BiLSTM+Attention,val,77.611981_12.831849,2023-12-01,0.599145,0.59576654
BiLSTM+Attention,val,77.611981_12.867782,2023-12-01,0.5537973,0.55017513
BiLSTM+Attention,val,77.611981_12.953122,2023-12-01,0.73112863,0.71984655
BiLSTM+Attention,val,77.611981_13.105835,2023-12-01,0.5576221,0.5440247
BiLSTM+Attention,val,77.611981_13.168717,2023-12-01,0.46206114,0.4757771
BiLSTM+Attention,val,77.611981_13.182192,2023-12-01,0.43505213,0.4480117
BiLSTM+Attention,val,77.616473_12.831849,2023-12-01,0.64042133,0.63565934
BiLSTM+Attention,val,77.616473_12.858799,2023-12-01,0.5648754,0.56551635
BiLSTM+Attention,val,77.616473_13.114818,2023-12-01,0.58416384,0.5806369
BiLSTM+Attention,val,77.616473_13.141768,2023-12-01,0.5101049,0.50746113
BiLSTM+Attention,val,77.616473_13.1777,2023-12-01,0.42798522,0.44030908
BiLSTM+Attention,val,77.620964_12.674644,2023-12-01,0.79799306,0.8001406
BiLSTM+Attention,val,77.620964_12.795916,2023-12-01,0.54262596,0.5457423
BiLSTM+Attention,val,77.620964_12.813883,2023-12-01,0.5338949,0.54349315
BiLSTM+Attention,val,77.620964_12.845324,2023-12-01,0.6761781,0.6693087
BiLSTM+Attention,val,77.620964_12.858799,2023-12-01,0.54611033,0.5535456
BiLSTM+Attention,val,77.620964_13.132785,2023-12-01,0.5616737,0.5596844
BiLSTM+Attention,val,77.625456_12.782442,2023-12-01,0.57172084,0.577201
BiLSTM+Attention,val,77.625456_12.858799,2023-12-01,0.51160353,0.5210206
BiLSTM+Attention,val,77.625456_13.065411,2023-12-01,0.456914,0.46664077
BiLSTM+Attention,val,77.625456_13.128293,2023-12-01,0.5654078,0.566304
BiLSTM+Attention,val,77.625456_13.137276,2023-12-01,0.5000974,0.5114425
BiLSTM+Attention,val,77.625456_13.155243,2023-12-01,0.6200588,0.6115652
BiLSTM+Attention,val,77.625456_13.182192,2023-12-01,0.46246797,0.47552723
BiLSTM+Attention,val,77.629947_12.795916,2023-12-01,0.75120324,0.7375134
BiLSTM+Attention,val,77.629947_12.809391,2023-12-01,0.55628127,0.5655779
BiLSTM+Attention,val,77.629947_12.836341,2023-12-01,0.61618423,0.6151199
BiLSTM+Attention,val,77.629947_12.854307,2023-12-01,0.5652724,0.572189
BiLSTM+Attention,val,77.629947_12.858799,2023-12-01,0.5336745,0.5434684
BiLSTM+Attention,val,77.629947_13.06092,2023-12-01,0.48015645,0.47956777
BiLSTM+Attention,val,77.629947_13.087869,2023-12-01,0.48045892,0.4787148
BiLSTM+Attention,val,77.629947_13.1777,2023-12-01,0.48976666,0.49925226
BiLSTM+Attention,val,77.634439_12.679136,2023-12-01,0.7427842,0.7465118
BiLSTM+Attention,val,77.634439_12.701593,2023-12-01,0.68931514,0.69766355
BiLSTM+Attention,val,77.634439_12.733034,2023-12-01,0.54707354,0.5568791
BiLSTM+Attention,val,77.634439_12.746509,2023-12-01,0.5809972,0.58764917
BiLSTM+Attention,val,77.634439_12.751001,2023-12-01,0.57706445,0.5845721
BiLSTM+Attention,val,77.634439_12.849815,2023-12-01,0.5707589,0.57006735
BiLSTM+Attention,val,77.634439_13.047445,2023-12-01,0.540612,0.5371304
BiLSTM+Attention,val,77.634439_13.083377,2023-12-01,0.44269866,0.44167215
BiLSTM+Attention,val,77.634439_13.137276,2023-12-01,0.45847648,0.46370733
BiLSTM+Attention,val,77.63893_12.688119,2023-12-01,0.6822806,0.6921233
BiLSTM+Attention,val,77.63893_12.742018,2023-12-01,0.59644663,0.60178196
BiLSTM+Attention,val,77.63893_12.791425,2023-12-01,0.5895578,0.593499
BiLSTM+Attention,val,77.63893_12.800408,2023-12-01,0.54334295,0.5552112
BiLSTM+Attention,val,77.63893_12.818374,2023-12-01,0.5642885,0.5632083
BiLSTM+Attention,val,77.63893_12.840832,2023-12-01,0.6424848,0.631892
BiLSTM+Attention,val,77.63893_12.872273,2023-12-01,0.48637956,0.49426505
BiLSTM+Attention,val,77.63893_12.917189,2023-12-01,0.7291676,0.7138847
BiLSTM+Attention,val,77.63893_12.989054,2023-12-01,0.6396974,0.6371548
BiLSTM+Attention,val,77.63893_13.056428,2023-12-01,0.5014108,0.4901303
BiLSTM+Attention,val,77.63893_13.078886,2023-12-01,0.44818223,0.44363055
BiLSTM+Attention,val,77.63893_13.083377,2023-12-01,0.4369645,0.43728197
BiLSTM+Attention,val,77.63893_13.1777,2023-12-01,0.4711865,0.4798378
BiLSTM+Attention,val,77.643422_12.795916,2023-12-01,0.5658486,0.5738981
BiLSTM+Attention,val,77.643422_12.800408,2023-12-01,0.54826903,0.55635077
BiLSTM+Attention,val,77.643422_12.809391,2023-12-01,0.57557845,0.57726717
BiLSTM+Attention,val,77.643422_12.867782,2023-12-01,0.52465814,0.52731544
BiLSTM+Attention,val,77.643422_13.002529,2023-12-01,0.56510633,0.5680711
BiLSTM+Attention,val,77.643422_13.038462,2023-12-01,0.56434566,0.5587555
BiLSTM+Attention,val,77.643422_13.164226,2023-12-01,0.5774192,0.57394695
BiLSTM+Attention,val,77.647914_12.688119,2023-12-01,0.7211921,0.72244525
BiLSTM+Attention,val,77.647914_12.733034,2023-12-01,0.5797232,0.5891448
BiLSTM+Attention,val,77.647914_12.881256,2023-12-01,0.53943956,0.54444844
BiLSTM+Attention,val,77.647914_12.935155,2023-12-01,0.67597336,0.67487603
BiLSTM+Attention,val,77.647914_13.141768,2023-12-01,0.6084872,0.6142662
BiLSTM+Attention,val,77.647914_13.168717,2023-12-01,0.64743215,0.6353715
BiLSTM+Attention,val,77.652405_12.697102,2023-12-01,0.68608975,0.6998472
BiLSTM+Attention,val,77.652405_12.773459,2023-12-01,0.5521357,0.5675525
BiLSTM+Attention,val,77.652405_12.795916,2023-12-01,0.5270121,0.538636
BiLSTM+Attention,val,77.652405_12.8049,2023-12-01,0.5826149,0.59096587
BiLSTM+Attention,val,77.652405_12.858799,2023-12-01,0.6762372,0.66800684
BiLSTM+Attention,val,77.652405_12.926172,2023-12-01,0.66528183,0.6589478
BiLSTM+Attention,val,77.652405_13.002529,2023-12-01,0.55370593,0.547953
BiLSTM+Attention,val,77.656897_12.742018,2023-12-01,0.60706186,0.61009884
BiLSTM+Attention,val,77.656897_12.746509,2023-12-01,0.5870257,0.5965072
BiLSTM+Attention,val,77.656897_12.768967,2023-12-01,0.6031613,0.6113813
BiLSTM+Attention,val,77.656897_12.791425,2023-12-01,0.54528767,0.5514249
BiLSTM+Attention,val,77.656897_12.800408,2023-12-01,0.59773827,0.6083689
BiLSTM+Attention,val,77.656897_12.831849,2023-12-01,0.60443234,0.60248774
BiLSTM+Attention,val,77.656897_12.849815,2023-12-01,0.49696335,0.50564724
BiLSTM+Attention,val,77.656897_12.939647,2023-12-01,0.6107419,0.60201293
BiLSTM+Attention,val,77.656897_13.101344,2023-12-01,0.46777198,0.4769639
BiLSTM+Attention,val,77.656897_13.164226,2023-12-01,0.47994575,0.4913599
BiLSTM+Attention,val,77.656897_13.173209,2023-12-01,0.45176572,0.46380323
BiLSTM+Attention,val,77.661388_12.737526,2023-12-01,0.60989565,0.61826307
BiLSTM+Attention,val,77.661388_12.759984,2023-12-01,0.61698353,0.6263429
BiLSTM+Attention,val,77.661388_13.056428,2023-12-01,0.52208626,0.52022
BiLSTM+Attention,val,77.661388_13.074394,2023-12-01,0.5232457,0.52791667
BiLSTM+Attention,val,77.661388_13.087869,2023-12-01,0.47575125,0.47833562
BiLSTM+Attention,val,77.661388_13.101344,2023-12-01,0.46364662,0.4709304
BiLSTM+Attention,val,77.661388_13.110327,2023-12-01,0.52606845,0.5081108
BiLSTM+Attention,val,77.661388_13.11931,2023-12-01,0.5794781,0.5756739
BiLSTM+Attention,val,77.66588_12.679136,2023-12-01,0.6747773,0.6794338
BiLSTM+Attention,val,77.66588_12.697102,2023-12-01,0.6401718,0.6544358
BiLSTM+Attention,val,77.66588_12.715068,2023-12-01,0.6167885,0.6349128
BiLSTM+Attention,val,77.66588_12.724051,2023-12-01,0.6133271,0.621936
BiLSTM+Attention,val,77.66588_12.751001,2023-12-01,0.57699585,0.58722633
BiLSTM+Attention,val,77.66588_12.755492,2023-12-01,0.62053955,0.6264399
BiLSTM+Attention,val,77.66588_12.764475,2023-12-01,0.59874237,0.6074034
BiLSTM+Attention,val,77.66588_12.768967,2023-12-01,0.7271872,0.72779113
BiLSTM+Attention,val,77.66588_12.791425,2023-12-01,0.6340949,0.6449959
BiLSTM+Attention,val,77.66588_12.953122,2023-12-01,0.63172644,0.62495494
BiLSTM+Attention,val,77.66588_13.038462,2023-12-01,0.53382915,0.5282321
BiLSTM+Attention,val,77.66588_13.051936,2023-12-01,0.55970925,0.55590326
BiLSTM+Attention,val,77.66588_13.173209,2023-12-01,0.4584734,0.4707823
BiLSTM+Attention,val,77.670371_12.71956,2023-12-01,0.60986924,0.6294781
BiLSTM+Attention,val,77.670371_12.86329,2023-12-01,0.5310548,0.5278078
BiLSTM+Attention,val,77.670371_12.881256,2023-12-01,0.5219522,0.5287311
BiLSTM+Attention,val,77.670371_12.894731,2023-12-01,0.46925232,0.48053282
BiLSTM+Attention,val,77.670371_13.069903,2023-12-01,0.4634227,0.47033477
BiLSTM+Attention,val,77.670371_13.083377,2023-12-01,0.42434335,0.4354643
BiLSTM+Attention,val,77.670371_13.092361,2023-12-01,0.42768347,0.44005215
BiLSTM+Attention,val,77.670371_13.128293,2023-12-01,0.509971,0.5161882
BiLSTM+Attention,val,77.674863_12.674644,2023-12-01,0.7126998,0.72295904
BiLSTM+Attention,val,77.674863_12.71956,2023-12-01,0.6190281,0.6373577
BiLSTM+Attention,val,77.674863_12.755492,2023-12-01,0.5646634,0.5704996
BiLSTM+Attention,val,77.674863_12.764475,2023-12-01,0.57924604,0.5916742
BiLSTM+Attention,val,77.674863_12.786933,2023-12-01,0.60843277,0.6181591
BiLSTM+Attention,val,77.674863_12.836341,2023-12-01,0.55370843,0.5647535
BiLSTM+Attention,val,77.674863_12.867782,2023-12-01,0.7054421,0.6976316
BiLSTM+Attention,val,77.674863_13.051936,2023-12-01,0.5685441,0.5546518
BiLSTM+Attention,val,77.674863_13.069903,2023-12-01,0.44545484,0.44822034
BiLSTM+Attention,val,77.674863_13.092361,2023-12-01,0.44746,0.454996
BiLSTM+Attention,val,77.674863_13.105835,2023-12-01,0.5029376,0.5048283
BiLSTM+Attention,val,77.679355_12.697102,2023-12-01,0.58572716,0.60049164
BiLSTM+Attention,val,77.679355_12.746509,2023-12-01,0.67642635,0.6808907
BiLSTM+Attention,val,77.679355_12.881256,2023-12-01,0.5478225,0.54456204
BiLSTM+Attention,val,77.679355_12.89024,2023-12-01,0.56080544,0.55776787
BiLSTM+Attention,val,77.679355_12.899223,2023-12-01,0.48218337,0.49168676
BiLSTM+Attention,val,77.679355_13.047445,2023-12-01,0.745841,0.7174028
BiLSTM+Attention,val,77.679355_13.056428,2023-12-01,0.54034424,0.5292156
BiLSTM+Attention,val,77.679355_13.074394,2023-12-01,0.46422124,0.46219295
BiLSTM+Attention,val,77.679355_13.101344,2023-12-01,0.4655128,0.46717945
BiLSTM+Attention,val,77.679355_13.141768,2023-12-01,0.5003763,0.50081724
BiLSTM+Attention,val,77.679355_13.155243,2023-12-01,0.42826325,0.4359574
BiLSTM+Attention,val,77.679355_13.159734,2023-12-01,0.45264363,0.46458632
BiLSTM+Attention,val,77.683846_12.728543,2023-12-01,0.6069894,0.6123262
BiLSTM+Attention,val,77.683846_12.742018,2023-12-01,0.54265505,0.55269676
BiLSTM+Attention,val,77.683846_12.755492,2023-12-01,0.71868795,0.7213818
BiLSTM+Attention,val,77.683846_12.795916,2023-12-01,0.58678156,0.5925237
BiLSTM+Attention,val,77.683846_12.8049,2023-12-01,0.5456836,0.5617614
BiLSTM+Attention,val,77.683846_12.836341,2023-12-01,0.59799844,0.608013
BiLSTM+Attention,val,77.683846_12.840832,2023-12-01,0.6063569,0.6116595
BiLSTM+Attention,val,77.683846_12.894731,2023-12-01,0.574511,0.5789756
BiLSTM+Attention,val,77.683846_12.917189,2023-12-01,0.48927176,0.50459826
BiLSTM+Attention,val,77.683846_12.939647,2023-12-01,0.7256271,0.7252232
BiLSTM+Attention,val,77.683846_13.029478,2023-12-01,0.41970858,0.42835006
BiLSTM+Attention,val,77.683846_13.06092,2023-12-01,0.51320344,0.5150264
BiLSTM+Attention,val,77.683846_13.074394,2023-12-01,0.43177328,0.42740873
BiLSTM+Attention,val,77.683846_13.11931,2023-12-01,0.41185394,0.42445055
BiLSTM+Attention,val,77.683846_13.123802,2023-12-01,0.46020016,0.46670854
BiLSTM+Attention,val,77.688338_12.656678,2023-12-01,0.72342217,0.71741277
BiLSTM+Attention,val,77.688338_12.69261,2023-12-01,0.76614845,0.7696016
BiLSTM+Attention,val,77.688338_12.697102,2023-12-01,0.7715192,0.7719261
BiLSTM+Attention,val,77.688338_12.710577,2023-12-01,0.768854,0.76825786
BiLSTM+Attention,val,77.688338_12.751001,2023-12-01,0.6186939,0.62464386
BiLSTM+Attention,val,77.688338_12.755492,2023-12-01,0.591148,0.6024952
BiLSTM+Attention,val,77.688338_12.876765,2023-12-01,0.7636637,0.7425326
BiLSTM+Attention,val,77.688338_12.885748,2023-12-01,0.5867637,0.59332335
BiLSTM+Attention,val,77.688338_12.966596,2023-12-01,0.60296875,0.60696703
BiLSTM+Attention,val,77.692829_12.746509,2023-12-01,0.5196963,0.5323901
BiLSTM+Attention,val,77.692829_12.800408,2023-12-01,0.5488604,0.5579713
BiLSTM+Attention,val,77.692829_12.845324,2023-12-01,0.61566764,0.62754273
BiLSTM+Attention,val,77.692829_12.885748,2023-12-01,0.6123876,0.6105772
BiLSTM+Attention,val,77.692829_12.899223,2023-12-01,0.5375034,0.5355179
BiLSTM+Attention,val,77.692829_13.047445,2023-12-01,0.718717,0.68825984
BiLSTM+Attention,val,77.692829_13.06092,2023-12-01,0.6082756,0.6035268
BiLSTM+Attention,val,77.692829_13.065411,2023-12-01,0.5615432,0.562747
BiLSTM+Attention,val,77.692829_13.083377,2023-12-01,0.42863607,0.43835288
BiLSTM+Attention,val,77.692829_13.096852,2023-12-01,0.41048372,0.4229931
BiLSTM+Attention,val,77.692829_13.132785,2023-12-01,0.39011937,0.4049327
BiLSTM+Attention,val,77.692829_13.155243,2023-12-01,0.42939392,0.4384644
BiLSTM+Attention,val,77.697321_12.697102,2023-12-01,0.7743216,0.7806601
BiLSTM+Attention,val,77.697321_12.751001,2023-12-01,0.58341223,0.58733726
BiLSTM+Attention,val,77.697321_12.773459,2023-12-01,0.55071753,0.5695923
BiLSTM+Attention,val,77.697321_12.791425,2023-12-01,0.6337821,0.64479625
BiLSTM+Attention,val,77.697321_12.885748,2023-12-01,0.61582,0.615186
BiLSTM+Attention,val,77.697321_12.894731,2023-12-01,0.55293614,0.5502802
BiLSTM+Attention,val,77.697321_12.930664,2023-12-01,0.5736782,0.5743265
BiLSTM+Attention,val,77.697321_12.966596,2023-12-01,0.578249,0.57654786
BiLSTM+Attention,val,77.697321_13.132785,2023-12-01,0.39011937,0.4046246
BiLSTM+Attention,val,77.697321_13.150751,2023-12-01,0.44512445,0.447838
BiLSTM+Attention,val,77.697321_13.1777,2023-12-01,0.5387918,0.5423282
BiLSTM+Attention,val,77.701812_12.742018,2023-12-01,0.58676344,0.5879977
BiLSTM+Attention,val,77.701812_12.77795,2023-12-01,0.55313456,0.5606003
BiLSTM+Attention,val,77.701812_12.8049,2023-12-01,0.6237256,0.6293184
BiLSTM+Attention,val,77.701812_12.822866,2023-12-01,0.59326303,0.6099754
BiLSTM+Attention,val,77.701812_12.872273,2023-12-01,0.5483946,0.5486179
BiLSTM+Attention,val,77.701812_12.984563,2023-12-01,0.5098481,0.499452
BiLSTM+Attention,val,77.701812_13.03397,2023-12-01,0.48104477,0.4855041
BiLSTM+Attention,val,77.701812_13.114818,2023-12-01,0.4748371,0.47772467
BiLSTM+Attention,val,77.701812_13.164226,2023-12-01,0.47126052,0.46500194
BiLSTM+Attention,val,77.706304_12.746509,2023-12-01,0.5999867,0.60434675
BiLSTM+Attention,val,77.706304_12.751001,2023-12-01,0.60672146,0.6041062
BiLSTM+Attention,val,77.706304_12.759984,2023-12-01,0.52351654,0.53698224
BiLSTM+Attention,val,77.706304_12.764475,2023-12-01,0.560976,0.57172316
BiLSTM+Attention,val,77.706304_12.86329,2023-12-01,0.50023377,0.51470464
BiLSTM+Attention,val,77.706304_12.984563,2023-12-01,0.5171652,0.5084156
BiLSTM+Attention,val,77.706304_13.038462,2023-12-01,0.487759,0.48219872
BiLSTM+Attention,val,77.706304_13.042953,2023-12-01,0.5392707,0.5394567
BiLSTM+Attention,val,77.706304_13.137276,2023-12-01,0.6378839,0.62417126
BiLSTM+Attention,val,77.710796_12.715068,2023-12-01,0.6539739,0.6766054
BiLSTM+Attention,val,77.710796_12.894731,2023-12-01,0.63075763,0.6298282
BiLSTM+Attention,val,77.710796_12.899223,2023-12-01,0.5798805,0.585736
BiLSTM+Attention,val,77.710796_12.912697,2023-12-01,0.5154479,0.5200068
BiLSTM+Attention,val,77.710796_13.03397,2023-12-01,0.4726451,0.48166028
BiLSTM+Attention,val,77.710796_13.11931,2023-12-01,0.44569027,0.45853812
BiLSTM+Attention,val,77.710796_13.123802,2023-12-01,0.41508272,0.43052065
BiLSTM+Attention,val,77.710796_13.132785,2023-12-01,0.4430173,0.45143804
BiLSTM+Attention,val,77.710796_13.150751,2023-12-01,0.42214057,0.42671093
BiLSTM+Attention,val,77.710796_13.168717,2023-12-01,0.4907053,0.48837978
BiLSTM+Attention,val,77.710796_13.173209,2023-12-01,0.49932042,0.50967944
BiLSTM+Attention,val,77.715287_12.679136,2023-12-01,0.71183634,0.7193639
BiLSTM+Attention,val,77.715287_12.742018,2023-12-01,0.5877195,0.5922421
BiLSTM+Attention,val,77.715287_12.773459,2023-12-01,0.5527265,0.56319696
BiLSTM+Attention,val,77.715287_12.822866,2023-12-01,0.6121093,0.61352146
BiLSTM+Attention,val,77.715287_12.827358,2023-12-01,0.5803638,0.5816897
BiLSTM+Attention,val,77.715287_12.845324,2023-12-01,0.52810407,0.53539544
BiLSTM+Attention,val,77.715287_12.885748,2023-12-01,0.5991597,0.6109298
BiLSTM+Attention,val,77.715287_12.899223,2023-12-01,0.49584654,0.5070803
BiLSTM+Attention,val,77.715287_12.939647,2023-12-01,0.73983043,0.7296679
BiLSTM+Attention,val,77.715287_12.944139,2023-12-01,0.76866066,0.76288223
BiLSTM+Attention,val,77.715287_12.94863,2023-12-01,0.6158993,0.61279196
BiLSTM+Attention,val,77.715287_13.016004,2023-12-01,0.5532347,0.53023857
BiLSTM+Attention,val,77.715287_13.029478,2023-12-01,0.4347059,0.44565964
BiLSTM+Attention,val,77.715287_13.038462,2023-12-01,0.5573506,0.56021166
BiLSTM+Attention,val,77.715287_13.051936,2023-12-01,0.545745,0.5431857
BiLSTM+Attention,val,77.715287_13.056428,2023-12-01,0.4789619,0.4798766
BiLSTM+Attention,val,77.715287_13.096852,2023-12-01,0.3734359,0.39045247
BiLSTM+Attention,val,77.715287_13.114818,2023-12-01,0.5107402,0.5114791
BiLSTM+Attention,val,77.715287_13.128293,2023-12-01,0.4556055,0.46647435
BiLSTM+Attention,val,77.719779_12.706085,2023-12-01,0.66968983,0.69122607
BiLSTM+Attention,val,77.719779_12.746509,2023-12-01,0.7105328,0.71923304
BiLSTM+Attention,val,77.719779_12.795916,2023-12-01,0.57176626,0.5843122
BiLSTM+Attention,val,77.719779_12.840832,2023-12-01,0.6090519,0.6155155
BiLSTM+Attention,val,77.719779_12.903714,2023-12-01,0.4936169,0.509419
BiLSTM+Attention,val,77.719779_13.069903,2023-12-01,0.44389468,0.4522663
BiLSTM+Attention,val,77.719779_13.105835,2023-12-01,0.4688477,0.4708292
BiLSTM+Attention,val,77.719779_13.123802,2023-12-01,0.42588753,0.43672967
BiLSTM+Attention,val,77.719779_13.137276,2023-12-01,0.43139717,0.44112998
BiLSTM+Attention,val,77.719779_13.155243,2023-12-01,0.42266795,0.42982936
BiLSTM+Attention,val,77.72427_12.674644,2023-12-01,0.61872566,0.63526094
BiLSTM+Attention,val,77.72427_12.697102,2023-12-01,0.5460522,0.5729277
BiLSTM+Attention,val,77.72427_12.701593,2023-12-01,0.5729364,0.598645
BiLSTM+Attention,val,77.72427_12.724051,2023-12-01,0.6192449,0.6218302
BiLSTM+Attention,val,77.72427_12.786933,2023-12-01,0.5958502,0.5990207
BiLSTM+Attention,val,77.72427_12.791425,2023-12-01,0.5942582,0.60070634
BiLSTM+Attention,val,77.72427_12.840832,2023-12-01,0.58870375,0.596592
BiLSTM+Attention,val,77.72427_12.867782,2023-12-01,0.53321207,0.5412195
BiLSTM+Attention,val,77.72427_12.885748,2023-12-01,0.5695447,0.5719739
BiLSTM+Attention,val,77.72427_13.024987,2023-12-01,0.74299026,0.73209196
BiLSTM+Attention,val,77.72427_13.06092,2023-12-01,0.4620741,0.47076762
BiLSTM+Attention,val,77.72427_13.074394,2023-12-01,0.4718611,0.47938883
BiLSTM+Attention,val,77.728762_12.706085,2023-12-01,0.6438299,0.674676
BiLSTM+Attention,val,77.728762_12.724051,2023-12-01,0.68581945,0.69110465
BiLSTM+Attention,val,77.728762_12.759984,2023-12-01,0.59317905,0.5978153
BiLSTM+Attention,val,77.728762_12.782442,2023-12-01,0.61619186,0.62070173
BiLSTM+Attention,val,77.728762_12.809391,2023-12-01,0.6065666,0.6099626
BiLSTM+Attention,val,77.728762_12.858799,2023-12-01,0.6049076,0.6069428
BiLSTM+Attention,val,77.728762_12.876765,2023-12-01,0.6155515,0.6236066
BiLSTM+Attention,val,77.728762_12.885748,2023-12-01,0.5583597,0.56542
BiLSTM+Attention,val,77.728762_13.016004,2023-12-01,0.73106974,0.7213453
BiLSTM+Attention,val,77.728762_13.047445,2023-12-01,0.5264474,0.5283715
BiLSTM+Attention,val,77.728762_13.087869,2023-12-01,0.49575445,0.5050706
BiLSTM+Attention,val,77.728762_13.092361,2023-12-01,0.45764753,0.46861786
BiLSTM+Attention,val,77.733253_12.755492,2023-12-01,0.56381375,0.56555486
BiLSTM+Attention,val,77.733253_12.795916,2023-12-01,0.5658091,0.5719175
BiLSTM+Attention,val,77.733253_12.86329,2023-12-01,0.61815137,0.6248966
BiLSTM+Attention,val,77.733253_12.872273,2023-12-01,0.6017193,0.6079732
BiLSTM+Attention,val,77.733253_12.998037,2023-12-01,0.63504463,0.64126486
BiLSTM+Attention,val,77.733253_13.056428,2023-12-01,0.43877593,0.44956434
BiLSTM+Attention,val,77.737745_12.764475,2023-12-01,0.5416308,0.54871196
BiLSTM+Attention,val,77.737745_12.791425,2023-12-01,0.5845673,0.5937507
BiLSTM+Attention,val,77.737745_12.809391,2023-12-01,0.58032,0.5883379
BiLSTM+Attention,val,77.737745_12.858799,2023-12-01,0.583936,0.5875728
BiLSTM+Attention,val,77.737745_12.872273,2023-12-01,0.6091149,0.6207925
BiLSTM+Attention,val,77.737745_12.881256,2023-12-01,0.62937677,0.6301263
BiLSTM+Attention,val,77.737745_13.051936,2023-12-01,0.46273795,0.47302207
BiLSTM+Attention,val,77.737745_13.06092,2023-12-01,0.46760613,0.4750039
BiLSTM+Attention,val,77.737745_13.078886,2023-12-01,0.4946169,0.49377638
BiLSTM+Attention,val,77.737745_13.101344,2023-12-01,0.42018807,0.43002832
BiLSTM+Attention,val,77.742237_12.697102,2023-12-01,0.68609613,0.70289403
BiLSTM+Attention,val,77.742237_12.764475,2023-12-01,0.5563851,0.5641399
BiLSTM+Attention,val,77.742237_12.795916,2023-12-01,0.5509899,0.5616282
BiLSTM+Attention,val,77.742237_12.8049,2023-12-01,0.5937896,0.5990842
BiLSTM+Attention,val,77.742237_12.86329,2023-12-01,0.5239601,0.5334141
BiLSTM+Attention,val,77.742237_12.867782,2023-12-01,0.6141058,0.6174886
BiLSTM+Attention,val,77.742237_12.89024,2023-12-01,0.6149859,0.62210536
BiLSTM+Attention,val,77.742237_12.899223,2023-12-01,0.59558696,0.60643435
BiLSTM+Attention,val,77.742237_12.921681,2023-12-01,0.54690593,0.54420316
BiLSTM+Attention,val,77.742237_12.980071,2023-12-01,0.5859543,0.5850391
BiLSTM+Attention,val,77.742237_13.002529,2023-12-01,0.6026379,0.60460687
BiLSTM+Attention,val,77.742237_13.016004,2023-12-01,0.6114713,0.60527754
BiLSTM+Attention,val,77.742237_13.038462,2023-12-01,0.44090727,0.4576202
BiLSTM+Attention,val,77.742237_13.074394,2023-12-01,0.41782755,0.43042627
BiLSTM+Attention,val,77.742237_13.078886,2023-12-01,0.4805483,0.48187226
BiLSTM+Attention,val,77.742237_13.101344,2023-12-01,0.44235554,0.45291066
BiLSTM+Attention,val,77.746728_12.751001,2023-12-01,0.5845021,0.5883657
BiLSTM+Attention,val,77.746728_12.764475,2023-12-01,0.5757157,0.58680683
BiLSTM+Attention,val,77.746728_12.782442,2023-12-01,0.61114645,0.6191568
BiLSTM+Attention,val,77.746728_12.97558,2023-12-01,0.6064835,0.60670406
BiLSTM+Attention,val,77.746728_12.984563,2023-12-01,0.5966146,0.58395404
BiLSTM+Attention,val,77.746728_13.016004,2023-12-01,0.6235604,0.6191464
BiLSTM+Attention,val,77.746728_13.020495,2023-12-01,0.6520349,0.64725876
BiLSTM+Attention,val,77.746728_13.024987,2023-12-01,0.56149787,0.55702937
BiLSTM+Attention,val,77.746728_13.038462,2023-12-01,0.46940023,0.47662833
BiLSTM+Attention,val,77.746728_13.06092,2023-12-01,0.4276969,0.439054
BiLSTM+Attention,val,77.746728_13.083377,2023-12-01,0.47984546,0.48131615
BiLSTM+Attention,val,77.746728_13.092361,2023-12-01,0.43757787,0.44119918
BiLSTM+Attention,val,77.75122_12.751001,2023-12-01,0.5742217,0.58570164
BiLSTM+Attention,val,77.75122_12.755492,2023-12-01,0.6183232,0.62889445
BiLSTM+Attention,val,77.75122_12.768967,2023-12-01,0.5394235,0.5552481
BiLSTM+Attention,val,77.75122_12.77795,2023-12-01,0.57771844,0.59136856
BiLSTM+Attention,val,77.75122_12.894731,2023-12-01,0.537776,0.5496013
BiLSTM+Attention,val,77.75122_12.993546,2023-12-01,0.53726566,0.5484354
BiLSTM+Attention,val,77.75122_13.020495,2023-12-01,0.58514875,0.5806334
BiLSTM+Attention,val,77.75122_13.03397,2023-12-01,0.48034194,0.4912631
BiLSTM+Attention,val,77.75122_13.038462,2023-12-01,0.4494731,0.45567074
BiLSTM+Attention,val,77.755711_12.706085,2023-12-01,0.60128725,0.62662154
BiLSTM+Attention,val,77.755711_12.764475,2023-12-01,0.77242976,0.77772117
BiLSTM+Attention,val,77.755711_12.77795,2023-12-01,0.5604771,0.57510024
BiLSTM+Attention,val,77.755711_12.822866,2023-12-01,0.5643882,0.5736203
BiLSTM+Attention,val,77.755711_12.831849,2023-12-01,0.53877157,0.5473221
BiLSTM+Attention,val,77.755711_12.858799,2023-12-01,0.5868616,0.58831525
BiLSTM+Attention,val,77.755711_12.885748,2023-12-01,0.5743198,0.5813402
BiLSTM+Attention,val,77.755711_12.899223,2023-12-01,0.504814,0.5146564
BiLSTM+Attention,val,77.755711_12.903714,2023-12-01,0.5594694,0.57502484
BiLSTM+Attention,val,77.755711_12.926172,2023-12-01,0.58259016,0.5790526
BiLSTM+Attention,val,77.760203_12.751001,2023-12-01,0.57074845,0.5803356
BiLSTM+Attention,val,77.760203_12.795916,2023-12-01,0.551913,0.55905193
BiLSTM+Attention,val,77.760203_12.818374,2023-12-01,0.6410235,0.6530124
BiLSTM+Attention,val,77.760203_12.867782,2023-12-01,0.545321,0.55455256
BiLSTM+Attention,val,77.760203_12.872273,2023-12-01,0.5575955,0.56493515
BiLSTM+Attention,val,77.760203_12.876765,2023-12-01,0.5287516,0.53475404
BiLSTM+Attention,val,77.760203_12.885748,2023-12-01,0.5449108,0.5520395
BiLSTM+Attention,val,77.760203_12.984563,2023-12-01,0.5950968,0.5947254
BiLSTM+Attention,val,77.764695_12.742018,2023-12-01,0.6835563,0.69194543
BiLSTM+Attention,val,77.764695_12.746509,2023-12-01,0.6711518,0.68301463
BiLSTM+Attention,val,77.764695_12.813883,2023-12-01,0.5978459,0.61270565
BiLSTM+Attention,val,77.764695_12.849815,2023-12-01,0.5718739,0.57502276
BiLSTM+Attention,val,77.764695_12.885748,2023-12-01,0.5695748,0.5820102
BiLSTM+Attention,val,77.764695_12.912697,2023-12-01,0.57849616,0.5776182
BiLSTM+Attention,val,77.764695_13.03397,2023-12-01,0.42841572,0.44310868
BiLSTM+Attention,val,77.769186_12.751001,2023-12-01,0.69383943,0.7072293
BiLSTM+Attention,val,77.769186_12.791425,2023-12-01,0.541575,0.55771494
BiLSTM+Attention,val,77.769186_12.800408,2023-12-01,0.59422046,0.60233295
BiLSTM+Attention,val,77.769186_12.8049,2023-12-01,0.6270151,0.63600785
BiLSTM+Attention,val,77.769186_12.809391,2023-12-01,0.5633387,0.5709647
BiLSTM+Attention,val,77.769186_12.876765,2023-12-01,0.5878233,0.59273374
BiLSTM+Attention,val,77.769186_12.894731,2023-12-01,0.5501488,0.549736
BiLSTM+Attention,val,77.769186_13.016004,2023-12-01,0.53857994,0.53547275
BiLSTM+Attention,val,77.773678_12.746509,2023-12-01,0.68746036,0.7003994
BiLSTM+Attention,val,77.773678_12.858799,2023-12-01,0.5297767,0.5344671
BiLSTM+Attention,val,77.773678_12.885748,2023-12-01,0.540848,0.55072474
BiLSTM+Attention,val,77.773678_12.899223,2023-12-01,0.5171945,0.5328492
BiLSTM+Attention,val,77.773678_12.908206,2023-12-01,0.5549376,0.57113415
BiLSTM+Attention,val,77.778169_12.809391,2023-12-01,0.52562654,0.5376904
BiLSTM+Attention,val,77.778169_12.885748,2023-12-01,0.5594355,0.57219404
BiLSTM+Attention,val,77.782661_12.786933,2023-12-01,0.5436103,0.5579842
BiLSTM+Attention,val,77.782661_12.791425,2023-12-01,0.571608,0.5885109
BiLSTM+Attention,val,77.782661_12.89024,2023-12-01,0.5523613,0.5655487
BiLSTM+Attention,val,77.787152_12.786933,2023-12-01,0.55746,0.5746922
BiLSTM+Attention,val,77.787152_12.849815,2023-12-01,0.5318973,0.54588383
BiLSTM+Attention,val,77.787152_12.867782,2023-12-01,0.54228854,0.5534088
BiLSTM+Attention,val,77.791644_12.8049,2023-12-01,0.5570223,0.5720663
BiLSTM+Attention,val,77.791644_12.899223,2023-12-01,0.54109734,0.5539184
BiLSTM+Attention,val,77.796136_12.854307,2023-12-01,0.53351533,0.5393298
BiLSTM+Attention,val,77.796136_12.885748,2023-12-01,0.5963267,0.5995593
BiLSTM+Attention,val,77.800627_12.876765,2023-12-01,0.58918166,0.60000634
BiLSTM+Attention,val,77.800627_12.885748,2023-12-01,0.55659646,0.5674277
BiLSTM+Attention,val,77.805119_12.876765,2023-12-01,0.59657085,0.6050587
BiLSTM+Attention,val,77.805119_12.89024,2023-12-01,0.5856832,0.59284395
BiLSTM+Attention,val,77.80961_12.858799,2023-12-01,0.60177374,0.6078525
BiLSTM+Attention,val,77.80961_12.86329,2023-12-01,0.5801954,0.58722454
BiLSTM+Attention,val,77.329012_12.944139,2024-01-01,0.4992846,0.499865
BiLSTM+Attention,val,77.329012_12.962105,2024-01-01,0.66997725,0.6456427
BiLSTM+Attention,val,77.337995_12.921681,2024-01-01,0.6195533,0.60580003
BiLSTM+Attention,val,77.342486_12.926172,2024-01-01,0.6579598,0.65347004
BiLSTM+Attention,val,77.342486_12.935155,2024-01-01,0.6789863,0.66599965
BiLSTM+Attention,val,77.342486_12.944139,2024-01-01,0.6474069,0.6364241
BiLSTM+Attention,val,77.346978_12.86329,2024-01-01,0.54236114,0.55386573
BiLSTM+Attention,val,77.346978_12.962105,2024-01-01,0.5067544,0.5017237
BiLSTM+Attention,val,77.351469_12.89024,2024-01-01,0.5170591,0.52851486
BiLSTM+Attention,val,77.351469_12.930664,2024-01-01,0.682871,0.6626374
BiLSTM+Attention,val,77.351469_12.939647,2024-01-01,0.6634961,0.6405756
BiLSTM+Attention,val,77.355961_12.899223,2024-01-01,0.53192884,0.5355627
BiLSTM+Attention,val,77.355961_12.94863,2024-01-01,0.47446653,0.48176605
BiLSTM+Attention,val,77.355961_12.962105,2024-01-01,0.680117,0.6578768
BiLSTM+Attention,val,77.360453_12.867782,2024-01-01,0.43050632,0.44513455
BiLSTM+Attention,val,77.360453_12.908206,2024-01-01,0.55239326,0.55195546
BiLSTM+Attention,val,77.360453_12.926172,2024-01-01,0.6788975,0.6519847
BiLSTM+Attention,val,77.364944_12.854307,2024-01-01,0.47217104,0.48322663
BiLSTM+Attention,val,77.364944_12.962105,2024-01-01,0.4634463,0.47114354
BiLSTM+Attention,val,77.369436_12.881256,2024-01-01,0.47305843,0.48457614
BiLSTM+Attention,val,77.369436_12.89024,2024-01-01,0.47079018,0.47965083
BiLSTM+Attention,val,77.369436_12.935155,2024-01-01,0.43660888,0.44027108
BiLSTM+Attention,val,77.369436_12.998037,2024-01-01,0.47313634,0.4816357
BiLSTM+Attention,val,77.369436_13.007021,2024-01-01,0.51810163,0.515562
BiLSTM+Attention,val,77.373927_12.912697,2024-01-01,0.5769961,0.5681608
BiLSTM+Attention,val,77.373927_12.971088,2024-01-01,0.45690376,0.4606927
BiLSTM+Attention,val,77.373927_13.011512,2024-01-01,0.46983403,0.4813009
BiLSTM+Attention,val,77.373927_13.016004,2024-01-01,0.45413402,0.467292
BiLSTM+Attention,val,77.378419_12.966596,2024-01-01,0.43228775,0.42863482
BiLSTM+Attention,val,77.382911_12.894731,2024-01-01,0.51425415,0.5206895
BiLSTM+Attention,val,77.382911_12.953122,2024-01-01,0.49202687,0.4923416
BiLSTM+Attention,val,77.382911_12.957613,2024-01-01,0.48665577,0.48629975
BiLSTM+Attention,val,77.387402_12.962105,2024-01-01,0.47749868,0.4718783
BiLSTM+Attention,val,77.387402_12.97558,2024-01-01,0.47837484,0.47843337
BiLSTM+Attention,val,77.387402_12.980071,2024-01-01,0.4808954,0.48290873
BiLSTM+Attention,val,77.391894_12.867782,2024-01-01,0.5138889,0.5265469
BiLSTM+Attention,val,77.391894_12.881256,2024-01-01,0.48074886,0.49090892
BiLSTM+Attention,val,77.391894_12.885748,2024-01-01,0.51291186,0.52282363
BiLSTM+Attention,val,77.396385_12.894731,2024-01-01,0.5159332,0.5220351
BiLSTM+Attention,val,77.396385_12.908206,2024-01-01,0.47431487,0.4816283
BiLSTM+Attention,val,77.396385_12.944139,2024-01-01,0.5247159,0.5181225
BiLSTM+Attention,val,77.396385_12.971088,2024-01-01,0.44833764,0.45727432
BiLSTM+Attention,val,77.396385_12.97558,2024-01-01,0.42445758,0.43405187
BiLSTM+Attention,val,77.396385_13.029478,2024-01-01,0.3584756,0.37235042
BiLSTM+Attention,val,77.400877_12.957613,2024-01-01,0.49220493,0.48596334
BiLSTM+Attention,val,77.400877_12.966596,2024-01-01,0.4451893,0.4516722
BiLSTM+Attention,val,77.400877_13.029478,2024-01-01,0.3461363,0.36127436
BiLSTM+Attention,val,77.405368_12.881256,2024-01-01,0.4415558,0.45469204
BiLSTM+Attention,val,77.405368_12.89024,2024-01-01,0.46441883,0.47358736
BiLSTM+Attention,val,77.405368_12.903714,2024-01-01,0.43766424,0.44944125
BiLSTM+Attention,val,77.405368_12.930664,2024-01-01,0.5660802,0.5557753
BiLSTM+Attention,val,77.405368_12.998037,2024-01-01,0.46591538,0.4732059
BiLSTM+Attention,val,77.405368_13.105835,2024-01-01,0.38950166,0.4011438
BiLSTM+Attention,val,77.405368_13.11931,2024-01-01,0.35186028,0.36927116
BiLSTM+Attention,val,77.40986_12.872273,2024-01-01,0.406982,0.42071146
BiLSTM+Attention,val,77.40986_12.881256,2024-01-01,0.40901902,0.4245119
BiLSTM+Attention,val,77.40986_12.962105,2024-01-01,0.5014898,0.5084268
BiLSTM+Attention,val,77.414352_12.930664,2024-01-01,0.51028,0.5054714
BiLSTM+Attention,val,77.414352_12.989054,2024-01-01,0.42787364,0.435884
BiLSTM+Attention,val,77.414352_12.993546,2024-01-01,0.43552932,0.43964562
BiLSTM+Attention,val,77.414352_13.03397,2024-01-01,0.40330622,0.41691723
BiLSTM+Attention,val,77.414352_13.096852,2024-01-01,0.37080035,0.38701808
BiLSTM+Attention,val,77.414352_13.11931,2024-01-01,0.37112013,0.38609597
BiLSTM+Attention,val,77.418843_12.876765,2024-01-01,0.422135,0.42832774
BiLSTM+Attention,val,77.418843_12.89024,2024-01-01,0.45032755,0.45495385
BiLSTM+Attention,val,77.418843_12.94863,2024-01-01,0.5052019,0.504
BiLSTM+Attention,val,77.418843_12.971088,2024-01-01,0.46797803,0.47410738
BiLSTM+Attention,val,77.418843_12.993546,2024-01-01,0.46928942,0.46843928
BiLSTM+Attention,val,77.418843_13.016004,2024-01-01,0.4354418,0.43831733
BiLSTM+Attention,val,77.418843_13.024987,2024-01-01,0.4265735,0.4409494
BiLSTM+Attention,val,77.418843_13.029478,2024-01-01,0.4261045,0.44056234
BiLSTM+Attention,val,77.418843_13.146259,2024-01-01,0.33864474,0.35530642
BiLSTM+Attention,val,77.423335_12.876765,2024-01-01,0.4239132,0.42687353
BiLSTM+Attention,val,77.423335_12.921681,2024-01-01,0.51956743,0.51199126
BiLSTM+Attention,val,77.423335_12.930664,2024-01-01,0.5022518,0.5029792
BiLSTM+Attention,val,77.423335_13.002529,2024-01-01,0.517376,0.5142366
BiLSTM+Attention,val,77.423335_13.092361,2024-01-01,0.31324083,0.3294086
BiLSTM+Attention,val,77.423335_13.141768,2024-01-01,0.39742506,0.41362923
BiLSTM+Attention,val,77.423335_13.150751,2024-01-01,0.34740016,0.36162895
BiLSTM+Attention,val,77.427826_12.845324,2024-01-01,0.3658971,0.3924862
BiLSTM+Attention,val,77.427826_12.858799,2024-01-01,0.41861373,0.42121243
BiLSTM+Attention,val,77.427826_12.930664,2024-01-01,0.5097375,0.50931543
BiLSTM+Attention,val,77.427826_12.939647,2024-01-01,0.45714778,0.45740902
BiLSTM+Attention,val,77.427826_12.944139,2024-01-01,0.47053072,0.4782592
BiLSTM+Attention,val,77.427826_13.020495,2024-01-01,0.43710935,0.4463969
BiLSTM+Attention,val,77.427826_13.024987,2024-01-01,0.42799816,0.4361856
BiLSTM+Attention,val,77.427826_13.110327,2024-01-01,0.39514008,0.4075273
BiLSTM+Attention,val,77.427826_13.132785,2024-01-01,0.45036447,0.45839122
BiLSTM+Attention,val,77.432318_12.858799,2024-01-01,0.4332067,0.43797183
BiLSTM+Attention,val,77.432318_12.86329,2024-01-01,0.4393283,0.44091606
BiLSTM+Attention,val,77.432318_12.867782,2024-01-01,0.43098614,0.43502843
BiLSTM+Attention,val,77.432318_12.881256,2024-01-01,0.47371495,0.46938053
BiLSTM+Attention,val,77.432318_12.885748,2024-01-01,0.5637992,0.5517416
BiLSTM+Attention,val,77.432318_12.957613,2024-01-01,0.45705816,0.4607614
BiLSTM+Attention,val,77.432318_12.998037,2024-01-01,0.38814843,0.4009198
BiLSTM+Attention,val,77.432318_13.087869,2024-01-01,0.3980596,0.40350753
BiLSTM+Attention,val,77.432318_13.092361,2024-01-01,0.35443434,0.3643859
BiLSTM+Attention,val,77.436809_12.818374,2024-01-01,0.5635603,0.55784816
BiLSTM+Attention,val,77.436809_12.840832,2024-01-01,0.48062742,0.47730553
BiLSTM+Attention,val,77.436809_12.854307,2024-01-01,0.44682345,0.45398012
BiLSTM+Attention,val,77.436809_12.912697,2024-01-01,0.57870644,0.5550143
BiLSTM+Attention,val,77.436809_12.926172,2024-01-01,0.5116354,0.50592744
BiLSTM+Attention,val,77.436809_12.944139,2024-01-01,0.47782156,0.4815675
BiLSTM+Attention,val,77.436809_13.03397,2024-01-01,0.4110546,0.42342037
BiLSTM+Attention,val,77.441301_12.818374,2024-01-01,0.5720484,0.56636274
BiLSTM+Attention,val,77.441301_12.831849,2024-01-01,0.4653926,0.46595576
BiLSTM+Attention,val,77.441301_12.836341,2024-01-01,0.4943013,0.4948598
BiLSTM+Attention,val,77.441301_12.840832,2024-01-01,0.46761698,0.4654261
BiLSTM+Attention,val,77.441301_12.944139,2024-01-01,0.5151819,0.50708187
BiLSTM+Attention,val,77.441301_12.94863,2024-01-01,0.46918932,0.46716055
BiLSTM+Attention,val,77.441301_13.056428,2024-01-01,0.40021628,0.40405884
BiLSTM+Attention,val,77.441301_13.069903,2024-01-01,0.41697064,0.41513285
BiLSTM+Attention,val,77.441301_13.083377,2024-01-01,0.40377393,0.41058502
BiLSTM+Attention,val,77.441301_13.110327,2024-01-01,0.3905328,0.39680633
BiLSTM+Attention,val,77.445793_12.840832,2024-01-01,0.5402767,0.53451526
BiLSTM+Attention,val,77.445793_12.86329,2024-01-01,0.5557313,0.55270684
BiLSTM+Attention,val,77.445793_12.867782,2024-01-01,0.53495497,0.5290572
BiLSTM+Attention,val,77.445793_12.912697,2024-01-01,0.48462117,0.47358143
BiLSTM+Attention,val,77.445793_12.957613,2024-01-01,0.45769623,0.456611
BiLSTM+Attention,val,77.445793_12.984563,2024-01-01,0.47567996,0.4624492
BiLSTM+Attention,val,77.450284_12.809391,2024-01-01,0.52135056,0.52679324
BiLSTM+Attention,val,77.450284_12.872273,2024-01-01,0.53445333,0.5360255
BiLSTM+Attention,val,77.450284_12.89024,2024-01-01,0.5350373,0.53009725
BiLSTM+Attention,val,77.450284_12.971088,2024-01-01,0.44517887,0.44538736
BiLSTM+Attention,val,77.450284_12.993546,2024-01-01,0.35697535,0.35933536
BiLSTM+Attention,val,77.450284_13.029478,2024-01-01,0.39848056,0.40597013
BiLSTM+Attention,val,77.450284_13.047445,2024-01-01,0.41102415,0.42244595
BiLSTM+Attention,val,77.450284_13.146259,2024-01-01,0.4651565,0.47626147
BiLSTM+Attention,val,77.454776_12.809391,2024-01-01,0.48630774,0.50082
BiLSTM+Attention,val,77.454776_12.885748,2024-01-01,0.51636356,0.52035046
BiLSTM+Attention,val,77.454776_12.980071,2024-01-01,0.39718536,0.4049858
BiLSTM+Attention,val,77.454776_12.993546,2024-01-01,0.3828464,0.38154662
BiLSTM+Attention,val,77.454776_13.078886,2024-01-01,0.40980887,0.41179433
BiLSTM+Attention,val,77.454776_13.087869,2024-01-01,0.37351525,0.3810631
BiLSTM+Attention,val,77.454776_13.114818,2024-01-01,0.45171055,0.4638739
BiLSTM+Attention,val,77.454776_13.141768,2024-01-01,0.46854085,0.48821437
BiLSTM+Attention,val,77.459267_12.8049,2024-01-01,0.5552707,0.5649904
BiLSTM+Attention,val,77.459267_12.822866,2024-01-01,0.5243604,0.5266132
BiLSTM+Attention,val,77.459267_12.845324,2024-01-01,0.52820396,0.52802545
BiLSTM+Attention,val,77.459267_12.872273,2024-01-01,0.5057708,0.5103582
BiLSTM+Attention,val,77.459267_12.903714,2024-01-01,0.45914176,0.46213627
BiLSTM+Attention,val,77.459267_12.926172,2024-01-01,0.50588757,0.4961076
BiLSTM+Attention,val,77.459267_12.97558,2024-01-01,0.41191563,0.4174642
BiLSTM+Attention,val,77.459267_13.016004,2024-01-01,0.37386677,0.38150415
BiLSTM+Attention,val,77.459267_13.020495,2024-01-01,0.3674229,0.37955275
BiLSTM+Attention,val,77.459267_13.11931,2024-01-01,0.44857168,0.46053523
BiLSTM+Attention,val,77.463759_12.813883,2024-01-01,0.4665359,0.48034322
BiLSTM+Attention,val,77.463759_12.836341,2024-01-01,0.5251998,0.529161
BiLSTM+Attention,val,77.463759_12.86329,2024-01-01,0.5420957,0.5443598
BiLSTM+Attention,val,77.463759_12.867782,2024-01-01,0.5240704,0.5278985
BiLSTM+Attention,val,77.463759_12.872273,2024-01-01,0.49985132,0.5057077
BiLSTM+Attention,val,77.463759_12.881256,2024-01-01,0.5517505,0.5521794
BiLSTM+Attention,val,77.463759_12.885748,2024-01-01,0.55531377,0.551699
BiLSTM+Attention,val,77.463759_12.894731,2024-01-01,0.49492216,0.50340116
BiLSTM+Attention,val,77.463759_12.899223,2024-01-01,0.4975294,0.50172687
BiLSTM+Attention,val,77.463759_12.917189,2024-01-01,0.45427066,0.4571
BiLSTM+Attention,val,77.463759_12.953122,2024-01-01,0.7088698,0.71764183
BiLSTM+Attention,val,77.463759_13.03397,2024-01-01,0.366333,0.37286443
BiLSTM+Attention,val,77.463759_13.078886,2024-01-01,0.4782775,0.46983662
BiLSTM+Attention,val,77.46825_12.827358,2024-01-01,0.43778574,0.44661814
BiLSTM+Attention,val,77.46825_12.836341,2024-01-01,0.53258896,0.53576815
BiLSTM+Attention,val,77.46825_12.894731,2024-01-01,0.47506407,0.48524526
BiLSTM+Attention,val,77.46825_12.94863,2024-01-01,0.548516,0.53445095
BiLSTM+Attention,val,77.46825_12.953122,2024-01-01,0.48392907,0.47624707
BiLSTM+Attention,val,77.46825_12.966596,2024-01-01,0.46199843,0.46268815
BiLSTM+Attention,val,77.46825_13.007021,2024-01-01,0.38257524,0.38846874
BiLSTM+Attention,val,77.46825_13.020495,2024-01-01,0.45155337,0.4379766
BiLSTM+Attention,val,77.46825_13.114818,2024-01-01,0.49265525,0.49647167
BiLSTM+Attention,val,77.46825_13.150751,2024-01-01,0.40329868,0.41852587
BiLSTM+Attention,val,77.46825_13.1777,2024-01-01,0.49375805,0.5110651
BiLSTM+Attention,val,77.472742_12.746509,2024-01-01,0.5929299,0.58927226
BiLSTM+Attention,val,77.472742_12.751001,2024-01-01,0.54673904,0.5383016
BiLSTM+Attention,val,77.472742_12.755492,2024-01-01,0.56375164,0.56392026
BiLSTM+Attention,val,77.472742_12.795916,2024-01-01,0.50030893,0.5108707
BiLSTM+Attention,val,77.472742_12.836341,2024-01-01,0.52264786,0.527936
BiLSTM+Attention,val,77.472742_12.984563,2024-01-01,0.42390606,0.41882414
BiLSTM+Attention,val,77.472742_13.087869,2024-01-01,0.43246213,0.43688813
BiLSTM+Attention,val,77.477234_12.764475,2024-01-01,0.5581068,0.5602866
BiLSTM+Attention,val,77.477234_12.782442,2024-01-01,0.4939243,0.50596404
BiLSTM+Attention,val,77.477234_12.840832,2024-01-01,0.52439904,0.5301756
BiLSTM+Attention,val,77.477234_12.899223,2024-01-01,0.43535745,0.44546705
BiLSTM+Attention,val,77.477234_12.935155,2024-01-01,0.57502,0.55636543
BiLSTM+Attention,val,77.477234_12.944139,2024-01-01,0.5051032,0.49336347
BiLSTM+Attention,val,77.477234_12.94863,2024-01-01,0.5159453,0.5008897
BiLSTM+Attention,val,77.477234_12.971088,2024-01-01,0.47466725,0.46762222
BiLSTM+Attention,val,77.477234_13.002529,2024-01-01,0.37813616,0.3866663
BiLSTM+Attention,val,77.477234_13.056428,2024-01-01,0.4341987,0.42814612
BiLSTM+Attention,val,77.481725_12.737526,2024-01-01,0.56952834,0.5635801
BiLSTM+Attention,val,77.481725_12.768967,2024-01-01,0.5530458,0.5558262
BiLSTM+Attention,val,77.481725_12.831849,2024-01-01,0.4663898,0.477019
BiLSTM+Attention,val,77.481725_12.89024,2024-01-01,0.5146262,0.5192161
BiLSTM+Attention,val,77.481725_12.894731,2024-01-01,0.48179847,0.49070248
BiLSTM+Attention,val,77.481725_12.944139,2024-01-01,0.5178875,0.5052725
BiLSTM+Attention,val,77.481725_12.971088,2024-01-01,0.39946085,0.4026995
BiLSTM+Attention,val,77.481725_12.980071,2024-01-01,0.4527062,0.4426571
BiLSTM+Attention,val,77.481725_13.024987,2024-01-01,0.43293804,0.43148813
BiLSTM+Attention,val,77.481725_13.03397,2024-01-01,0.41001058,0.41482902
BiLSTM+Attention,val,77.481725_13.096852,2024-01-01,0.51579446,0.51305246
BiLSTM+Attention,val,77.481725_13.137276,2024-01-01,0.5920557,0.57553506
BiLSTM+Attention,val,77.486217_12.764475,2024-01-01,0.54794824,0.54975885
BiLSTM+Attention,val,77.486217_12.872273,2024-01-01,0.4712691,0.48549372
BiLSTM+Attention,val,77.486217_12.939647,2024-01-01,0.5333575,0.52532744
BiLSTM+Attention,val,77.486217_12.998037,2024-01-01,0.42556453,0.424394
BiLSTM+Attention,val,77.486217_13.042953,2024-01-01,0.48060325,0.47309688
BiLSTM+Attention,val,77.486217_13.06092,2024-01-01,0.49883842,0.48108274
BiLSTM+Attention,val,77.486217_13.114818,2024-01-01,0.43311965,0.43467078
BiLSTM+Attention,val,77.486217_13.11931,2024-01-01,0.45039454,0.45088574
BiLSTM+Attention,val,77.490708_12.768967,2024-01-01,0.5397026,0.54523045
BiLSTM+Attention,val,77.490708_12.8049,2024-01-01,0.5177615,0.5294277
BiLSTM+Attention,val,77.490708_12.849815,2024-01-01,0.5416499,0.5306741
BiLSTM+Attention,val,77.490708_12.89024,2024-01-01,0.47367337,0.48634368
BiLSTM+Attention,val,77.490708_13.051936,2024-01-01,0.5472525,0.53059644
BiLSTM+Attention,val,77.490708_13.087869,2024-01-01,0.48829362,0.4969517
BiLSTM+Attention,val,77.490708_13.092361,2024-01-01,0.48377174,0.48652756
BiLSTM+Attention,val,77.490708_13.096852,2024-01-01,0.51384544,0.49825382
BiLSTM+Attention,val,77.490708_13.182192,2024-01-01,0.53224736,0.53524077
BiLSTM+Attention,val,77.490708_13.209142,2024-01-01,0.4893089,0.49504024
BiLSTM+Attention,val,77.4952_12.786933,2024-01-01,0.5000083,0.50508505
BiLSTM+Attention,val,77.4952_12.836341,2024-01-01,0.4980723,0.5031416
BiLSTM+Attention,val,77.4952_12.899223,2024-01-01,0.520916,0.52104336
BiLSTM+Attention,val,77.4952_12.962105,2024-01-01,0.51748794,0.49818626
BiLSTM+Attention,val,77.4952_13.020495,2024-01-01,0.4753682,0.47014052
BiLSTM+Attention,val,77.4952_13.024987,2024-01-01,0.4649925,0.44911566
BiLSTM+Attention,val,77.4952_13.03397,2024-01-01,0.5182164,0.521675
BiLSTM+Attention,val,77.4952_13.087869,2024-01-01,0.46255684,0.45921713
BiLSTM+Attention,val,77.4952_13.092361,2024-01-01,0.48900554,0.4817552
BiLSTM+Attention,val,77.4952_13.182192,2024-01-01,0.53180236,0.5331525
BiLSTM+Attention,val,77.499692_12.755492,2024-01-01,0.6055842,0.6080978
BiLSTM+Attention,val,77.499692_12.858799,2024-01-01,0.5891409,0.58983636
BiLSTM+Attention,val,77.499692_12.899223,2024-01-01,0.5029108,0.5131303
BiLSTM+Attention,val,77.499692_12.984563,2024-01-01,0.4677197,0.46037108
BiLSTM+Attention,val,77.499692_13.114818,2024-01-01,0.45228297,0.45881712
BiLSTM+Attention,val,77.499692_13.137276,2024-01-01,0.44520065,0.44333357
BiLSTM+Attention,val,77.499692_13.168717,2024-01-01,0.5806473,0.584637
BiLSTM+Attention,val,77.504183_12.764475,2024-01-01,0.6106227,0.62089455
BiLSTM+Attention,val,77.504183_12.786933,2024-01-01,0.5680551,0.5737909
BiLSTM+Attention,val,77.504183_12.818374,2024-01-01,0.5387418,0.53983706
BiLSTM+Attention,val,77.504183_12.854307,2024-01-01,0.53107846,0.53835076
BiLSTM+Attention,val,77.504183_12.858799,2024-01-01,0.58790463,0.58937037
BiLSTM+Attention,val,77.504183_12.953122,2024-01-01,0.49567747,0.48564708
BiLSTM+Attention,val,77.504183_13.083377,2024-01-01,0.52074885,0.52247864
BiLSTM+Attention,val,77.504183_13.141768,2024-01-01,0.52236813,0.537295
BiLSTM+Attention,val,77.504183_13.159734,2024-01-01,0.61130285,0.60562015
BiLSTM+Attention,val,77.504183_13.195667,2024-01-01,0.46446103,0.4709271
BiLSTM+Attention,val,77.508675_12.751001,2024-01-01,0.6104673,0.6065869
BiLSTM+Attention,val,77.508675_12.795916,2024-01-01,0.5954293,0.6021421
BiLSTM+Attention,val,77.508675_12.831849,2024-01-01,0.5391049,0.5398837
BiLSTM+Attention,val,77.508675_12.836341,2024-01-01,0.56430054,0.5643155
BiLSTM+Attention,val,77.508675_12.845324,2024-01-01,0.5288016,0.52624464
BiLSTM+Attention,val,77.508675_12.903714,2024-01-01,0.45594198,0.4574176
BiLSTM+Attention,val,77.508675_12.912697,2024-01-01,0.50094044,0.48766044
BiLSTM+Attention,val,77.508675_12.917189,2024-01-01,0.5660338,0.5625999
BiLSTM+Attention,val,77.508675_13.114818,2024-01-01,0.41349676,0.42016318
BiLSTM+Attention,val,77.508675_13.137276,2024-01-01,0.4716923,0.4972691
BiLSTM+Attention,val,77.508675_13.159734,2024-01-01,0.5968206,0.59196216
BiLSTM+Attention,val,77.508675_13.191175,2024-01-01,0.48872167,0.48649788
BiLSTM+Attention,val,77.513166_12.746509,2024-01-01,0.70775473,0.7311465
BiLSTM+Attention,val,77.513166_12.764475,2024-01-01,0.5740131,0.5743945
BiLSTM+Attention,val,77.513166_12.77795,2024-01-01,0.66710794,0.6702192
BiLSTM+Attention,val,77.513166_12.822866,2024-01-01,0.6129636,0.617774
BiLSTM+Attention,val,77.513166_12.908206,2024-01-01,0.45907116,0.46746022
BiLSTM+Attention,val,77.513166_13.087869,2024-01-01,0.5234122,0.5207608
BiLSTM+Attention,val,77.513166_13.096852,2024-01-01,0.58727795,0.5821465
BiLSTM+Attention,val,77.513166_13.137276,2024-01-01,0.4374597,0.45833606
BiLSTM+Attention,val,77.513166_13.1777,2024-01-01,0.51565266,0.5286513
BiLSTM+Attention,val,77.517658_12.764475,2024-01-01,0.6198959,0.6170273
BiLSTM+Attention,val,77.517658_12.77795,2024-01-01,0.6424774,0.65055496
BiLSTM+Attention,val,77.517658_12.782442,2024-01-01,0.6413137,0.6470872
BiLSTM+Attention,val,77.517658_12.795916,2024-01-01,0.6036949,0.6059529
BiLSTM+Attention,val,77.517658_12.827358,2024-01-01,0.54026836,0.5377368
BiLSTM+Attention,val,77.517658_12.849815,2024-01-01,0.53517824,0.5328247
BiLSTM+Attention,val,77.517658_12.885748,2024-01-01,0.53101295,0.5359139
BiLSTM+Attention,val,77.517658_12.89024,2024-01-01,0.52253085,0.52761227
BiLSTM+Attention,val,77.517658_12.899223,2024-01-01,0.51524514,0.521533
BiLSTM+Attention,val,77.517658_12.998037,2024-01-01,0.5385141,0.5426273
BiLSTM+Attention,val,77.517658_13.11931,2024-01-01,0.38193536,0.394621
BiLSTM+Attention,val,77.517658_13.182192,2024-01-01,0.5191,0.53485113
BiLSTM+Attention,val,77.517658_13.186684,2024-01-01,0.5279752,0.53856456
BiLSTM+Attention,val,77.517658_13.191175,2024-01-01,0.47161677,0.48487076
BiLSTM+Attention,val,77.522149_12.751001,2024-01-01,0.65235233,0.65379226
BiLSTM+Attention,val,77.522149_12.755492,2024-01-01,0.6284002,0.62932414
BiLSTM+Attention,val,77.522149_12.759984,2024-01-01,0.66124165,0.6581249
BiLSTM+Attention,val,77.522149_12.782442,2024-01-01,0.6555749,0.65788144
BiLSTM+Attention,val,77.522149_12.809391,2024-01-01,0.7183952,0.71624726
BiLSTM+Attention,val,77.522149_12.813883,2024-01-01,0.533155,0.5378215
BiLSTM+Attention,val,77.522149_12.818374,2024-01-01,0.5189668,0.5198601
BiLSTM+Attention,val,77.522149_12.836341,2024-01-01,0.5302591,0.5314417
BiLSTM+Attention,val,77.522149_12.845324,2024-01-01,0.54616076,0.54800576
BiLSTM+Attention,val,77.522149_13.056428,2024-01-01,0.5494687,0.5460515
BiLSTM+Attention,val,77.522149_13.078886,2024-01-01,0.5240602,0.51241285
BiLSTM+Attention,val,77.522149_13.146259,2024-01-01,0.40121758,0.40984088
BiLSTM+Attention,val,77.522149_13.200158,2024-01-01,0.5102202,0.5186126
BiLSTM+Attention,val,77.526641_12.751001,2024-01-01,0.66435176,0.6658037
BiLSTM+Attention,val,77.526641_12.840832,2024-01-01,0.6005428,0.5972863
BiLSTM+Attention,val,77.526641_12.89024,2024-01-01,0.5669328,0.5877148
BiLSTM+Attention,val,77.526641_12.899223,2024-01-01,0.5385742,0.5447389
BiLSTM+Attention,val,77.526641_13.078886,2024-01-01,0.5379271,0.5283254
BiLSTM+Attention,val,77.526641_13.105835,2024-01-01,0.39365503,0.39317155
BiLSTM+Attention,val,77.526641_13.110327,2024-01-01,0.3895854,0.38749617
BiLSTM+Attention,val,77.531133_12.791425,2024-01-01,0.5587622,0.55881596
BiLSTM+Attention,val,77.531133_12.795916,2024-01-01,0.5981938,0.59766686
BiLSTM+Attention,val,77.531133_12.800408,2024-01-01,0.5738962,0.5682068
BiLSTM+Attention,val,77.531133_12.822866,2024-01-01,0.54776955,0.54673874
BiLSTM+Attention,val,77.531133_12.827358,2024-01-01,0.56058514,0.5566988
BiLSTM+Attention,val,77.531133_12.894731,2024-01-01,0.49085832,0.48393008
BiLSTM+Attention,val,77.531133_13.083377,2024-01-01,0.5065171,0.4986714
BiLSTM+Attention,val,77.531133_13.114818,2024-01-01,0.4012875,0.4017697
BiLSTM+Attention,val,77.531133_13.195667,2024-01-01,0.52262175,0.5328142
BiLSTM+Attention,val,77.535624_12.77795,2024-01-01,0.7022467,0.70014447
BiLSTM+Attention,val,77.535624_12.822866,2024-01-01,0.6507419,0.643915
BiLSTM+Attention,val,77.535624_12.872273,2024-01-01,0.45572197,0.4510573
BiLSTM+Attention,val,77.535624_12.899223,2024-01-01,0.47182158,0.46833253
BiLSTM+Attention,val,77.535624_13.069903,2024-01-01,0.61030096,0.59620154
BiLSTM+Attention,val,77.535624_13.083377,2024-01-01,0.49912795,0.4957301
BiLSTM+Attention,val,77.535624_13.096852,2024-01-01,0.4399906,0.43772948
BiLSTM+Attention,val,77.535624_13.114818,2024-01-01,0.4269762,0.42847633
BiLSTM+Attention,val,77.535624_13.132785,2024-01-01,0.45222214,0.4519915
BiLSTM+Attention,val,77.535624_13.137276,2024-01-01,0.39448327,0.38643926
BiLSTM+Attention,val,77.535624_13.195667,2024-01-01,0.4647112,0.46807784
BiLSTM+Attention,val,77.540116_12.77795,2024-01-01,0.60190386,0.60564834
BiLSTM+Attention,val,77.540116_12.795916,2024-01-01,0.6182376,0.6252358
BiLSTM+Attention,val,77.540116_13.042953,2024-01-01,0.5393341,0.5352069
BiLSTM+Attention,val,77.540116_13.074394,2024-01-01,0.5575354,0.5442732
BiLSTM+Attention,val,77.540116_13.092361,2024-01-01,0.3979857,0.39331636
BiLSTM+Attention,val,77.540116_13.101344,2024-01-01,0.42788693,0.42397827
BiLSTM+Attention,val,77.540116_13.105835,2024-01-01,0.43817067,0.44818878
BiLSTM+Attention,val,77.540116_13.114818,2024-01-01,0.3990609,0.4048038
BiLSTM+Attention,val,77.540116_13.132785,2024-01-01,0.43744382,0.44287425
BiLSTM+Attention,val,77.540116_13.155243,2024-01-01,0.4636886,0.4667225
BiLSTM+Attention,val,77.540116_13.182192,2024-01-01,0.4299937,0.44036204
BiLSTM+Attention,val,77.544607_12.831849,2024-01-01,0.7084602,0.70247686
BiLSTM+Attention,val,77.544607_13.218125,2024-01-01,0.5157916,0.53655225
BiLSTM+Attention,val,77.549099_12.822866,2024-01-01,0.72865766,0.71616614
BiLSTM+Attention,val,77.549099_12.831849,2024-01-01,0.64165306,0.6353132
BiLSTM+Attention,val,77.549099_12.836341,2024-01-01,0.6138686,0.6070581
BiLSTM+Attention,val,77.549099_12.845324,2024-01-01,0.5964667,0.6029616
BiLSTM+Attention,val,77.549099_12.867782,2024-01-01,0.5209401,0.5226935
BiLSTM+Attention,val,77.549099_12.876765,2024-01-01,0.4868925,0.4810706
BiLSTM+Attention,val,77.549099_12.894731,2024-01-01,0.5668092,0.58317655
BiLSTM+Attention,val,77.549099_13.096852,2024-01-01,0.46478555,0.46112752
BiLSTM+Attention,val,77.549099_13.132785,2024-01-01,0.56877005,0.5744636
BiLSTM+Attention,val,77.55359_12.71956,2024-01-01,0.73975146,0.736332
BiLSTM+Attention,val,77.55359_12.782442,2024-01-01,0.6732256,0.6772704
BiLSTM+Attention,val,77.55359_12.849815,2024-01-01,0.5908142,0.5984675
BiLSTM+Attention,val,77.55359_12.872273,2024-01-01,0.47804436,0.48393825
BiLSTM+Attention,val,77.55359_13.069903,2024-01-01,0.675762,0.65737724
BiLSTM+Attention,val,77.55359_13.101344,2024-01-01,0.4204025,0.42466405
BiLSTM+Attention,val,77.55359_13.110327,2024-01-01,0.47595927,0.48065507
BiLSTM+Attention,val,77.55359_13.128293,2024-01-01,0.54765475,0.54928154
BiLSTM+Attention,val,77.55359_13.168717,2024-01-01,0.4747775,0.48043525
BiLSTM+Attention,val,77.55359_13.173209,2024-01-01,0.3980031,0.40124023
BiLSTM+Attention,val,77.558082_12.710577,2024-01-01,0.76773936,0.76364005
BiLSTM+Attention,val,77.558082_12.827358,2024-01-01,0.6592206,0.6631555
BiLSTM+Attention,val,77.558082_12.845324,2024-01-01,0.63775676,0.64100015
BiLSTM+Attention,val,77.558082_13.042953,2024-01-01,0.616983,0.6131025
BiLSTM+Attention,val,77.558082_13.051936,2024-01-01,0.6471923,0.62655646
BiLSTM+Attention,val,77.558082_13.110327,2024-01-01,0.4841607,0.48813567
BiLSTM+Attention,val,77.558082_13.168717,2024-01-01,0.48846632,0.495679
BiLSTM+Attention,val,77.558082_13.1777,2024-01-01,0.47010797,0.47821414
BiLSTM+Attention,val,77.562574_12.71956,2024-01-01,0.74200034,0.74383473
BiLSTM+Attention,val,77.562574_12.827358,2024-01-01,0.6666097,0.66386914
BiLSTM+Attention,val,77.562574_12.858799,2024-01-01,0.48740485,0.5025944
BiLSTM+Attention,val,77.562574_12.872273,2024-01-01,0.56968933,0.5750567
BiLSTM+Attention,val,77.562574_12.876765,2024-01-01,0.59251726,0.60514736
BiLSTM+Attention,val,77.562574_13.141768,2024-01-01,0.46252617,0.47497523
BiLSTM+Attention,val,77.562574_13.159734,2024-01-01,0.49097016,0.5043205
BiLSTM+Attention,val,77.562574_13.173209,2024-01-01,0.49762982,0.5020249
BiLSTM+Attention,val,77.567065_12.724051,2024-01-01,0.6902979,0.69328845
BiLSTM+Attention,val,77.567065_12.813883,2024-01-01,0.64972657,0.65475345
BiLSTM+Attention,val,77.567065_12.849815,2024-01-01,0.6337352,0.63928854
BiLSTM+Attention,val,77.567065_13.105835,2024-01-01,0.54672915,0.54504687
BiLSTM+Attention,val,77.567065_13.114818,2024-01-01,0.59217805,0.5808586
BiLSTM+Attention,val,77.567065_13.182192,2024-01-01,0.49417642,0.4989841
BiLSTM+Attention,val,77.571557_12.71956,2024-01-01,0.7249272,0.7281815
BiLSTM+Attention,val,77.571557_12.800408,2024-01-01,0.64764327,0.6501889
BiLSTM+Attention,val,77.571557_12.813883,2024-01-01,0.7187788,0.7146901
BiLSTM+Attention,val,77.571557_12.849815,2024-01-01,0.6375264,0.638758
BiLSTM+Attention,val,77.571557_13.141768,2024-01-01,0.46669233,0.47294766
BiLSTM+Attention,val,77.571557_13.146259,2024-01-01,0.4700672,0.4806492
BiLSTM+Attention,val,77.576048_12.71956,2024-01-01,0.69114035,0.6934247
BiLSTM+Attention,val,77.576048_12.728543,2024-01-01,0.68846864,0.6931854
BiLSTM+Attention,val,77.576048_12.742018,2024-01-01,0.6857348,0.6819934
BiLSTM+Attention,val,77.576048_12.813883,2024-01-01,0.73835963,0.72771865
BiLSTM+Attention,val,77.576048_12.827358,2024-01-01,0.6232639,0.6254028
BiLSTM+Attention,val,77.58054_12.800408,2024-01-01,0.68684316,0.68737984
BiLSTM+Attention,val,77.58054_12.845324,2024-01-01,0.6398864,0.6318916
BiLSTM+Attention,val,77.58054_13.083377,2024-01-01,0.5096646,0.50995696
BiLSTM+Attention,val,77.58054_13.087869,2024-01-01,0.4836605,0.482577
BiLSTM+Attention,val,77.585031_12.849815,2024-01-01,0.6373303,0.6323884
BiLSTM+Attention,val,77.585031_13.042953,2024-01-01,0.645439,0.63253134
BiLSTM+Attention,val,77.585031_13.137276,2024-01-01,0.47374207,0.48608375
BiLSTM+Attention,val,77.589523_12.71956,2024-01-01,0.79801315,0.7924302
BiLSTM+Attention,val,77.589523_12.746509,2024-01-01,0.6868007,0.69241
BiLSTM+Attention,val,77.589523_12.854307,2024-01-01,0.58501786,0.58686185
BiLSTM+Attention,val,77.589523_12.971088,2024-01-01,0.7071015,0.68946207
BiLSTM+Attention,val,77.589523_13.083377,2024-01-01,0.5934651,0.5905406
BiLSTM+Attention,val,77.589523_13.150751,2024-01-01,0.47922042,0.48358005
BiLSTM+Attention,val,77.594015_12.724051,2024-01-01,0.7764149,0.77552545
BiLSTM+Attention,val,77.594015_12.733034,2024-01-01,0.7471264,0.75052196
BiLSTM+Attention,val,77.594015_12.755492,2024-01-01,0.6490649,0.6579027
BiLSTM+Attention,val,77.594015_12.831849,2024-01-01,0.5998198,0.59596103
BiLSTM+Attention,val,77.594015_12.836341,2024-01-01,0.6194697,0.611069
BiLSTM+Attention,val,77.594015_12.840832,2024-01-01,0.61999404,0.61166805
BiLSTM+Attention,val,77.594015_12.849815,2024-01-01,0.6108336,0.6099082
BiLSTM+Attention,val,77.594015_12.998037,2024-01-01,0.7009636,0.68973255
BiLSTM+Attention,val,77.594015_13.087869,2024-01-01,0.5781389,0.5731674
BiLSTM+Attention,val,77.598506_12.665661,2024-01-01,0.77758425,0.77171
BiLSTM+Attention,val,77.598506_12.710577,2024-01-01,0.70568335,0.7064996
BiLSTM+Attention,val,77.598506_12.822866,2024-01-01,0.62464815,0.62122065
BiLSTM+Attention,val,77.598506_12.849815,2024-01-01,0.65080154,0.6519598
BiLSTM+Attention,val,77.598506_13.083377,2024-01-01,0.57115394,0.5638747
BiLSTM+Attention,val,77.598506_13.128293,2024-01-01,0.5351888,0.54290843
BiLSTM+Attention,val,77.598506_13.141768,2024-01-01,0.44896862,0.45838195
BiLSTM+Attention,val,77.598506_13.146259,2024-01-01,0.42893246,0.44188738
BiLSTM+Attention,val,77.602998_12.710577,2024-01-01,0.7425635,0.7426114
BiLSTM+Attention,val,77.602998_12.827358,2024-01-01,0.54041857,0.5414706
BiLSTM+Attention,val,77.602998_12.849815,2024-01-01,0.55062395,0.55159765
BiLSTM+Attention,val,77.602998_12.858799,2024-01-01,0.55940723,0.55688107
BiLSTM+Attention,val,77.602998_13.114818,2024-01-01,0.56278837,0.5646506
BiLSTM+Attention,val,77.602998_13.11931,2024-01-01,0.5565337,0.5543408
BiLSTM+Attention,val,77.602998_13.128293,2024-01-01,0.50343,0.50904584
BiLSTM+Attention,val,77.602998_13.164226,2024-01-01,0.46308655,0.46358505
BiLSTM+Attention,val,77.607489_12.768967,2024-01-01,0.6121653,0.62125516
BiLSTM+Attention,val,77.607489_12.773459,2024-01-01,0.58569556,0.5927956
BiLSTM+Attention,val,77.607489_12.791425,2024-01-01,0.57375324,0.57828605
BiLSTM+Attention,val,77.607489_12.809391,2024-01-01,0.660294,0.655745
BiLSTM+Attention,val,77.607489_12.818374,2024-01-01,0.6902476,0.6841938
BiLSTM+Attention,val,77.607489_13.087869,2024-01-01,0.6670318,0.66545045
BiLSTM+Attention,val,77.611981_12.674644,2024-01-01,0.77302855,0.76902676
BiLSTM+Attention,val,77.611981_12.768967,2024-01-01,0.5684782,0.57516986
BiLSTM+Attention,val,77.611981_12.831849,2024-01-01,0.5781404,0.57455295
BiLSTM+Attention,val,77.611981_12.867782,2024-01-01,0.5327927,0.5303869
BiLSTM+Attention,val,77.611981_12.953122,2024-01-01,0.7090452,0.6971271
BiLSTM+Attention,val,77.611981_13.105835,2024-01-01,0.53388,0.52120215
BiLSTM+Attention,val,77.611981_13.168717,2024-01-01,0.438319,0.451338
BiLSTM+Attention,val,77.611981_13.182192,2024-01-01,0.41131002,0.43058687
BiLSTM+Attention,val,77.616473_12.831849,2024-01-01,0.6194167,0.6143306
BiLSTM+Attention,val,77.616473_12.858799,2024-01-01,0.54387087,0.543732
BiLSTM+Attention,val,77.616473_13.114818,2024-01-01,0.56042176,0.554535
BiLSTM+Attention,val,77.616473_13.141768,2024-01-01,0.48636276,0.4866597
BiLSTM+Attention,val,77.616473_13.1777,2024-01-01,0.4042431,0.42200264
BiLSTM+Attention,val,77.620964_12.674644,2024-01-01,0.78003067,0.77725446
BiLSTM+Attention,val,77.620964_12.795916,2024-01-01,0.5224016,0.5289691
BiLSTM+Attention,val,77.620964_12.813883,2024-01-01,0.51367056,0.5240435
BiLSTM+Attention,val,77.620964_12.845324,2024-01-01,0.6551735,0.64775294
BiLSTM+Attention,val,77.620964_12.858799,2024-01-01,0.5251057,0.53071576
BiLSTM+Attention,val,77.620964_13.132785,2024-01-01,0.5379316,0.5370173
BiLSTM+Attention,val,77.625456_12.782442,2024-01-01,0.5514965,0.5577836
BiLSTM+Attention,val,77.625456_12.858799,2024-01-01,0.49059892,0.49952382
BiLSTM+Attention,val,77.625456_13.065411,2024-01-01,0.43368143,0.44433144
BiLSTM+Attention,val,77.625456_13.128293,2024-01-01,0.5416657,0.5416738
BiLSTM+Attention,val,77.625456_13.137276,2024-01-01,0.47635525,0.48768097
BiLSTM+Attention,val,77.625456_13.155243,2024-01-01,0.59631664,0.5872104
BiLSTM+Attention,val,77.625456_13.182192,2024-01-01,0.43872586,0.45078915
BiLSTM+Attention,val,77.629947_12.795916,2024-01-01,0.7309789,0.71888405
BiLSTM+Attention,val,77.629947_12.809391,2024-01-01,0.5360569,0.5447598
BiLSTM+Attention,val,77.629947_12.836341,2024-01-01,0.5951797,0.59267575
BiLSTM+Attention,val,77.629947_12.854307,2024-01-01,0.5442678,0.54874754
BiLSTM+Attention,val,77.629947_12.858799,2024-01-01,0.51266986,0.52029544
BiLSTM+Attention,val,77.629947_13.06092,2024-01-01,0.45692384,0.45620644
BiLSTM+Attention,val,77.629947_13.087869,2024-01-01,0.4572263,0.45593697
BiLSTM+Attention,val,77.629947_13.1777,2024-01-01,0.46602455,0.47273618
BiLSTM+Attention,val,77.634439_12.679136,2024-01-01,0.72482175,0.7229762
BiLSTM+Attention,val,77.634439_12.701593,2024-01-01,0.67135274,0.6764101
BiLSTM+Attention,val,77.634439_12.733034,2024-01-01,0.5268492,0.5355842
BiLSTM+Attention,val,77.634439_12.746509,2024-01-01,0.56077284,0.5653276
BiLSTM+Attention,val,77.634439_12.751001,2024-01-01,0.5568401,0.56253994
BiLSTM+Attention,val,77.634439_12.849815,2024-01-01,0.54975426,0.54764515
BiLSTM+Attention,val,77.634439_13.047445,2024-01-01,0.5173794,0.51350445
BiLSTM+Attention,val,77.634439_13.083377,2024-01-01,0.41946605,0.42248762
BiLSTM+Attention,val,77.634439_13.137276,2024-01-01,0.43473434,0.44334352
BiLSTM+Attention,val,77.63893_12.688119,2024-01-01,0.66431814,0.6706066
BiLSTM+Attention,val,77.63893_12.742018,2024-01-01,0.5762223,0.5803729
BiLSTM+Attention,val,77.63893_12.791425,2024-01-01,0.56933343,0.5740527
BiLSTM+Attention,val,77.63893_12.800408,2024-01-01,0.52311856,0.5346317
BiLSTM+Attention,val,77.63893_12.818374,2024-01-01,0.5432839,0.5420348
BiLSTM+Attention,val,77.63893_12.840832,2024-01-01,0.62148017,0.6108122
BiLSTM+Attention,val,77.63893_12.872273,2024-01-01,0.46537498,0.47506788
BiLSTM+Attention,val,77.63893_12.917189,2024-01-01,0.7070841,0.6921743
BiLSTM+Attention,val,77.63893_12.989054,2024-01-01,0.61761385,0.613604
BiLSTM+Attention,val,77.63893_13.056428,2024-01-01,0.47817817,0.46838802
BiLSTM+Attention,val,77.63893_13.078886,2024-01-01,0.42494962,0.42135227
BiLSTM+Attention,val,77.63893_13.083377,2024-01-01,0.4137319,0.41739935
BiLSTM+Attention,val,77.63893_13.1777,2024-01-01,0.44744435,0.4544623
BiLSTM+Attention,val,77.643422_12.795916,2024-01-01,0.5456242,0.5547597
BiLSTM+Attention,val,77.643422_12.800408,2024-01-01,0.5280447,0.53723544
BiLSTM+Attention,val,77.643422_12.809391,2024-01-01,0.55535406,0.5573975
BiLSTM+Attention,val,77.643422_12.867782,2024-01-01,0.5036536,0.50544065
BiLSTM+Attention,val,77.643422_13.002529,2024-01-01,0.5430229,0.54548997
BiLSTM+Attention,val,77.643422_13.038462,2024-01-01,0.5411131,0.53620803
BiLSTM+Attention,val,77.643422_13.164226,2024-01-01,0.5536771,0.5484092
BiLSTM+Attention,val,77.647914_12.688119,2024-01-01,0.70322967,0.701744
BiLSTM+Attention,val,77.647914_12.733034,2024-01-01,0.55949885,0.5678611
BiLSTM+Attention,val,77.647914_12.881256,2024-01-01,0.51843494,0.5213219
BiLSTM+Attention,val,77.647914_12.935155,2024-01-01,0.6538899,0.65292823
BiLSTM+Attention,val,77.647914_13.141768,2024-01-01,0.58474505,0.5872377
BiLSTM+Attention,val,77.647914_13.168717,2024-01-01,0.62369,0.610663
BiLSTM+Attention,val,77.652405_12.697102,2024-01-01,0.6681273,0.6793029
BiLSTM+Attention,val,77.652405_12.773459,2024-01-01,0.5319114,0.54606515
BiLSTM+Attention,val,77.652405_12.795916,2024-01-01,0.5067878,0.5206795
BiLSTM+Attention,val,77.652405_12.8049,2024-01-01,0.56239057,0.5704752
BiLSTM+Attention,val,77.652405_12.858799,2024-01-01,0.65523267,0.6473433
BiLSTM+Attention,val,77.652405_12.926172,2024-01-01,0.6431984,0.6375718
BiLSTM+Attention,val,77.652405_13.002529,2024-01-01,0.53162247,0.5261195
BiLSTM+Attention,val,77.656897_12.742018,2024-01-01,0.58683753,0.58810055
BiLSTM+Attention,val,77.656897_12.746509,2024-01-01,0.56680137,0.5746174
BiLSTM+Attention,val,77.656897_12.768967,2024-01-01,0.5829369,0.5897635
BiLSTM+Attention,val,77.656897_12.791425,2024-01-01,0.5250633,0.5338295
BiLSTM+Attention,val,77.656897_12.800408,2024-01-01,0.5775139,0.58598167
BiLSTM+Attention,val,77.656897_12.831849,2024-01-01,0.5834277,0.5820246
BiLSTM+Attention,val,77.656897_12.849815,2024-01-01,0.47595873,0.48639375
BiLSTM+Attention,val,77.656897_12.939647,2024-01-01,0.58865845,0.58276045
BiLSTM+Attention,val,77.656897_13.101344,2024-01-01,0.4445394,0.45209435
BiLSTM+Attention,val,77.656897_13.164226,2024-01-01,0.45620364,0.46683964
BiLSTM+Attention,val,77.656897_13.173209,2024-01-01,0.4280236,0.44111142
BiLSTM+Attention,val,77.661388_12.737526,2024-01-01,0.58967125,0.59659386
BiLSTM+Attention,val,77.661388_12.759984,2024-01-01,0.5967592,0.6040197
BiLSTM+Attention,val,77.661388_13.056428,2024-01-01,0.49885368,0.49739724
BiLSTM+Attention,val,77.661388_13.074394,2024-01-01,0.5000131,0.5026913
BiLSTM+Attention,val,77.661388_13.087869,2024-01-01,0.45251864,0.4567921
BiLSTM+Attention,val,77.661388_13.101344,2024-01-01,0.440414,0.448383
BiLSTM+Attention,val,77.661388_13.110327,2024-01-01,0.5023263,0.48676798
BiLSTM+Attention,val,77.661388_13.11931,2024-01-01,0.55573595,0.5513534
BiLSTM+Attention,val,77.66588_12.679136,2024-01-01,0.6568149,0.6588994
BiLSTM+Attention,val,77.66588_12.697102,2024-01-01,0.62220937,0.6333471
BiLSTM+Attention,val,77.66588_12.715068,2024-01-01,0.59882605,0.61416864
BiLSTM+Attention,val,77.66588_12.724051,2024-01-01,0.59310275,0.6019111
BiLSTM+Attention,val,77.66588_12.751001,2024-01-01,0.55677146,0.5655886
BiLSTM+Attention,val,77.66588_12.755492,2024-01-01,0.60031515,0.6052572
BiLSTM+Attention,val,77.66588_12.764475,2024-01-01,0.578518,0.58685064
BiLSTM+Attention,val,77.66588_12.768967,2024-01-01,0.7069628,0.70457304
BiLSTM+Attention,val,77.66588_12.791425,2024-01-01,0.61387056,0.6235064
BiLSTM+Attention,val,77.66588_12.953122,2024-01-01,0.609643,0.602856
BiLSTM+Attention,val,77.66588_13.038462,2024-01-01,0.5105966,0.5064625
BiLSTM+Attention,val,77.66588_13.051936,2024-01-01,0.5364767,0.53292227
BiLSTM+Attention,val,77.66588_13.173209,2024-01-01,0.4347313,0.44749206
BiLSTM+Attention,val,77.670371_12.71956,2024-01-01,0.5919068,0.6088153
BiLSTM+Attention,val,77.670371_12.86329,2024-01-01,0.5100502,0.5092286
BiLSTM+Attention,val,77.670371_12.881256,2024-01-01,0.50094765,0.5077411
BiLSTM+Attention,val,77.670371_12.894731,2024-01-01,0.44824773,0.45780218
BiLSTM+Attention,val,77.670371_13.069903,2024-01-01,0.44019008,0.44848645
BiLSTM+Attention,val,77.670371_13.083377,2024-01-01,0.40111074,0.4130473
BiLSTM+Attention,val,77.670371_13.092361,2024-01-01,0.40445086,0.42004687
BiLSTM+Attention,val,77.670371_13.128293,2024-01-01,0.4862289,0.49212992
BiLSTM+Attention,val,77.674863_12.674644,2024-01-01,0.6947373,0.70210636
BiLSTM+Attention,val,77.674863_12.71956,2024-01-01,0.60106564,0.6147421
BiLSTM+Attention,val,77.674863_12.755492,2024-01-01,0.544439,0.5511391
BiLSTM+Attention,val,77.674863_12.764475,2024-01-01,0.5590217,0.56990415
BiLSTM+Attention,val,77.674863_12.786933,2024-01-01,0.58820844,0.5970869
BiLSTM+Attention,val,77.674863_12.836341,2024-01-01,0.5327039,0.5415874
BiLSTM+Attention,val,77.674863_12.867782,2024-01-01,0.6844375,0.67446923
BiLSTM+Attention,val,77.674863_13.051936,2024-01-01,0.54531145,0.53342664
BiLSTM+Attention,val,77.674863_13.069903,2024-01-01,0.42222223,0.42902246
BiLSTM+Attention,val,77.674863_13.092361,2024-01-01,0.4242274,0.4348423
BiLSTM+Attention,val,77.674863_13.105835,2024-01-01,0.4791955,0.482239
BiLSTM+Attention,val,77.679355_12.697102,2024-01-01,0.56776476,0.5792108
BiLSTM+Attention,val,77.679355_12.746509,2024-01-01,0.656202,0.6590448
BiLSTM+Attention,val,77.679355_12.881256,2024-01-01,0.52681786,0.5251629
BiLSTM+Attention,val,77.679355_12.89024,2024-01-01,0.5398008,0.5373879
BiLSTM+Attention,val,77.679355_12.899223,2024-01-01,0.46117878,0.47098297
BiLSTM+Attention,val,77.679355_13.047445,2024-01-01,0.72260845,0.6962808
BiLSTM+Attention,val,77.679355_13.056428,2024-01-01,0.5171116,0.5087908
BiLSTM+Attention,val,77.679355_13.074394,2024-01-01,0.44098863,0.4420188
BiLSTM+Attention,val,77.679355_13.101344,2024-01-01,0.44228023,0.44667947
BiLSTM+Attention,val,77.679355_13.141768,2024-01-01,0.47663414,0.4771334
BiLSTM+Attention,val,77.679355_13.155243,2024-01-01,0.40452114,0.4137176
BiLSTM+Attention,val,77.679355_13.159734,2024-01-01,0.42890152,0.44158712
BiLSTM+Attention,val,77.683846_12.728543,2024-01-01,0.58676505,0.5917509
BiLSTM+Attention,val,77.683846_12.742018,2024-01-01,0.5224307,0.5320559
BiLSTM+Attention,val,77.683846_12.755492,2024-01-01,0.69846356,0.6985787
BiLSTM+Attention,val,77.683846_12.795916,2024-01-01,0.5665572,0.57203466
BiLSTM+Attention,val,77.683846_12.8049,2024-01-01,0.5254593,0.54121345
BiLSTM+Attention,val,77.683846_12.836341,2024-01-01,0.5769938,0.58578515
BiLSTM+Attention,val,77.683846_12.840832,2024-01-01,0.5853523,0.58988917
BiLSTM+Attention,val,77.683846_12.894731,2024-01-01,0.5535064,0.5552958
BiLSTM+Attention,val,77.683846_12.917189,2024-01-01,0.4671883,0.48064858
BiLSTM+Attention,val,77.683846_12.939647,2024-01-01,0.70354366,0.70105964
BiLSTM+Attention,val,77.683846_13.029478,2024-01-01,0.39647597,0.4070846
BiLSTM+Attention,val,77.683846_13.06092,2024-01-01,0.48997083,0.49258575
BiLSTM+Attention,val,77.683846_13.074394,2024-01-01,0.4085407,0.40781718
BiLSTM+Attention,val,77.683846_13.11931,2024-01-01,0.3881118,0.40355608
BiLSTM+Attention,val,77.683846_13.123802,2024-01-01,0.43645802,0.4432532
BiLSTM+Attention,val,77.688338_12.656678,2024-01-01,0.7054597,0.69782615
BiLSTM+Attention,val,77.688338_12.69261,2024-01-01,0.74818605,0.7462312
BiLSTM+Attention,val,77.688338_12.697102,2024-01-01,0.7535567,0.7489531
BiLSTM+Attention,val,77.688338_12.710577,2024-01-01,0.75089157,0.74829257
BiLSTM+Attention,val,77.688338_12.751001,2024-01-01,0.59846956,0.6027766
BiLSTM+Attention,val,77.688338_12.755492,2024-01-01,0.5709237,0.5802938
BiLSTM+Attention,val,77.688338_12.876765,2024-01-01,0.7426591,0.7195872
BiLSTM+Attention,val,77.688338_12.885748,2024-01-01,0.56575906,0.57033
BiLSTM+Attention,val,77.688338_12.966596,2024-01-01,0.5808853,0.57981306
BiLSTM+Attention,val,77.692829_12.746509,2024-01-01,0.49947193,0.5122119
BiLSTM+Attention,val,77.692829_12.800408,2024-01-01,0.52863604,0.5371404
BiLSTM+Attention,val,77.692829_12.845324,2024-01-01,0.594663,0.6028012
BiLSTM+Attention,val,77.692829_12.885748,2024-01-01,0.591383,0.58784354
BiLSTM+Attention,val,77.692829_12.899223,2024-01-01,0.5164988,0.51404744
BiLSTM+Attention,val,77.692829_13.047445,2024-01-01,0.6954844,0.6649957
BiLSTM+Attention,val,77.692829_13.06092,2024-01-01,0.585043,0.58203083
BiLSTM+Attention,val,77.692829_13.065411,2024-01-01,0.53831065,0.54133177
BiLSTM+Attention,val,77.692829_13.083377,2024-01-01,0.40540347,0.4202277
BiLSTM+Attention,val,77.692829_13.096852,2024-01-01,0.3872511,0.40611517
BiLSTM+Attention,val,77.692829_13.132785,2024-01-01,0.36637726,0.38390708
BiLSTM+Attention,val,77.692829_13.155243,2024-01-01,0.4056518,0.41479814
BiLSTM+Attention,val,77.697321_12.697102,2024-01-01,0.75635916,0.75829506
BiLSTM+Attention,val,77.697321_12.751001,2024-01-01,0.56318784,0.5662683
BiLSTM+Attention,val,77.697321_12.773459,2024-01-01,0.5304932,0.546902
BiLSTM+Attention,val,77.697321_12.791425,2024-01-01,0.61355776,0.622611
BiLSTM+Attention,val,77.697321_12.885748,2024-01-01,0.5948154,0.591912
BiLSTM+Attention,val,77.697321_12.894731,2024-01-01,0.5319315,0.5273381
BiLSTM+Attention,val,77.697321_12.930664,2024-01-01,0.55159473,0.5527517
BiLSTM+Attention,val,77.697321_12.966596,2024-01-01,0.55616546,0.55268395
BiLSTM+Attention,val,77.697321_13.132785,2024-01-01,0.36637726,0.3836477
BiLSTM+Attention,val,77.697321_13.150751,2024-01-01,0.42138234,0.42592898
BiLSTM+Attention,val,77.697321_13.1777,2024-01-01,0.51504964,0.5160874
BiLSTM+Attention,val,77.701812_12.742018,2024-01-01,0.5655994,0.56960464
BiLSTM+Attention,val,77.701812_12.77795,2024-01-01,0.5319705,0.54045683
BiLSTM+Attention,val,77.701812_12.8049,2024-01-01,0.60256153,0.6100562
BiLSTM+Attention,val,77.701812_12.822866,2024-01-01,0.57218003,0.58874404
BiLSTM+Attention,val,77.701812_12.872273,2024-01-01,0.5273116,0.5295168
BiLSTM+Attention,val,77.701812_12.984563,2024-01-01,0.48754248,0.47917575
BiLSTM+Attention,val,77.701812_13.03397,2024-01-01,0.45797443,0.46202728
BiLSTM+Attention,val,77.701812_13.114818,2024-01-01,0.45087057,0.4566136
BiLSTM+Attention,val,77.701812_13.164226,2024-01-01,0.447294,0.44732708
BiLSTM+Attention,val,77.706304_12.746509,2024-01-01,0.5788226,0.5846663
BiLSTM+Attention,val,77.706304_12.751001,2024-01-01,0.5855574,0.58487743
BiLSTM+Attention,val,77.706304_12.759984,2024-01-01,0.5023525,0.51687324
BiLSTM+Attention,val,77.706304_12.764475,2024-01-01,0.53981197,0.55013764
BiLSTM+Attention,val,77.706304_12.86329,2024-01-01,0.47915077,0.49519736
BiLSTM+Attention,val,77.706304_12.984563,2024-01-01,0.49485955,0.48665595
BiLSTM+Attention,val,77.706304_13.038462,2024-01-01,0.46468863,0.46069756
BiLSTM+Attention,val,77.706304_13.042953,2024-01-01,0.51620036,0.5177917
BiLSTM+Attention,val,77.706304_13.137276,2024-01-01,0.6139174,0.60088766
BiLSTM+Attention,val,77.710796_12.715068,2024-01-01,0.63383234,0.6564562
BiLSTM+Attention,val,77.710796_12.894731,2024-01-01,0.60967463,0.60910606
BiLSTM+Attention,val,77.710796_12.899223,2024-01-01,0.55879754,0.56390643
BiLSTM+Attention,val,77.710796_12.912697,2024-01-01,0.4931423,0.50250834
BiLSTM+Attention,val,77.710796_13.03397,2024-01-01,0.44957477,0.45731586
BiLSTM+Attention,val,77.710796_13.11931,2024-01-01,0.42172375,0.43621773
BiLSTM+Attention,val,77.710796_13.123802,2024-01-01,0.3911162,0.409607
BiLSTM+Attention,val,77.710796_13.132785,2024-01-01,0.41905078,0.42998174
BiLSTM+Attention,val,77.710796_13.150751,2024-01-01,0.39817405,0.40671718
BiLSTM+Attention,val,77.710796_13.168717,2024-01-01,0.4667388,0.46681103
BiLSTM+Attention,val,77.710796_13.173209,2024-01-01,0.4753539,0.48691237
BiLSTM+Attention,val,77.715287_12.679136,2024-01-01,0.6916948,0.6990045
BiLSTM+Attention,val,77.715287_12.742018,2024-01-01,0.56655544,0.57340425
BiLSTM+Attention,val,77.715287_12.773459,2024-01-01,0.53156245,0.54230344
BiLSTM+Attention,val,77.715287_12.822866,2024-01-01,0.59102637,0.59569806
BiLSTM+Attention,val,77.715287_12.827358,2024-01-01,0.5592808,0.56501013
BiLSTM+Attention,val,77.715287_12.845324,2024-01-01,0.50702107,0.51757383
BiLSTM+Attention,val,77.715287_12.885748,2024-01-01,0.5780767,0.58807087
BiLSTM+Attention,val,77.715287_12.899223,2024-01-01,0.47476357,0.4877023
BiLSTM+Attention,val,77.715287_12.939647,2024-01-01,0.7175248,0.7062277
BiLSTM+Attention,val,77.715287_12.944139,2024-01-01,0.746355,0.7378872
BiLSTM+Attention,val,77.715287_12.94863,2024-01-01,0.5935937,0.58976114
BiLSTM+Attention,val,77.715287_13.016004,2024-01-01,0.53016436,0.51425815
BiLSTM+Attention,val,77.715287_13.029478,2024-01-01,0.41163558,0.42386425
BiLSTM+Attention,val,77.715287_13.038462,2024-01-01,0.5342802,0.5349271
BiLSTM+Attention,val,77.715287_13.051936,2024-01-01,0.5226746,0.5208224
BiLSTM+Attention,val,77.715287_13.056428,2024-01-01,0.45589158,0.45875162
BiLSTM+Attention,val,77.715287_13.096852,2024-01-01,0.35036558,0.37400055
BiLSTM+Attention,val,77.715287_13.114818,2024-01-01,0.4867737,0.49029285
BiLSTM+Attention,val,77.715287_13.128293,2024-01-01,0.43163902,0.44392693
BiLSTM+Attention,val,77.719779_12.706085,2024-01-01,0.6495483,0.6705227
BiLSTM+Attention,val,77.719779_12.746509,2024-01-01,0.6893687,0.6960982
BiLSTM+Attention,val,77.719779_12.795916,2024-01-01,0.5506022,0.56404084
BiLSTM+Attention,val,77.719779_12.840832,2024-01-01,0.5879689,0.59553194
BiLSTM+Attention,val,77.719779_12.903714,2024-01-01,0.47253394,0.48915467
BiLSTM+Attention,val,77.719779_13.069903,2024-01-01,0.42082435,0.43119627
BiLSTM+Attention,val,77.719779_13.105835,2024-01-01,0.4448812,0.45180088
BiLSTM+Attention,val,77.719779_13.123802,2024-01-01,0.40192103,0.41666734
BiLSTM+Attention,val,77.719779_13.137276,2024-01-01,0.40743068,0.4192521
BiLSTM+Attention,val,77.719779_13.155243,2024-01-01,0.39870146,0.40766743
BiLSTM+Attention,val,77.72427_12.674644,2024-01-01,0.5985841,0.6176224
BiLSTM+Attention,val,77.72427_12.697102,2024-01-01,0.5259107,0.55337656
BiLSTM+Attention,val,77.72427_12.701593,2024-01-01,0.5527949,0.5783232
BiLSTM+Attention,val,77.72427_12.724051,2024-01-01,0.5980808,0.60276616
BiLSTM+Attention,val,77.72427_12.786933,2024-01-01,0.5746861,0.5810785
BiLSTM+Attention,val,77.72427_12.791425,2024-01-01,0.5730941,0.5816953
BiLSTM+Attention,val,77.72427_12.840832,2024-01-01,0.5676208,0.57705486
BiLSTM+Attention,val,77.72427_12.867782,2024-01-01,0.5121291,0.5216278
BiLSTM+Attention,val,77.72427_12.885748,2024-01-01,0.54846174,0.55192006
BiLSTM+Attention,val,77.72427_13.024987,2024-01-01,0.7199199,0.70988214
BiLSTM+Attention,val,77.72427_13.06092,2024-01-01,0.43900377,0.44857147
BiLSTM+Attention,val,77.72427_13.074394,2024-01-01,0.44879076,0.45753595
BiLSTM+Attention,val,77.728762_12.706085,2024-01-01,0.6236884,0.65251005
BiLSTM+Attention,val,77.728762_12.724051,2024-01-01,0.6646554,0.66976464
BiLSTM+Attention,val,77.728762_12.759984,2024-01-01,0.5720149,0.5785961
BiLSTM+Attention,val,77.728762_12.782442,2024-01-01,0.5950278,0.6027837
BiLSTM+Attention,val,77.728762_12.809391,2024-01-01,0.5854025,0.5921519
BiLSTM+Attention,val,77.728762_12.858799,2024-01-01,0.5838246,0.5867586
BiLSTM+Attention,val,77.728762_12.876765,2024-01-01,0.5944685,0.60070497
BiLSTM+Attention,val,77.728762_12.885748,2024-01-01,0.53727674,0.5445176
BiLSTM+Attention,val,77.728762_13.016004,2024-01-01,0.7079994,0.6982223
BiLSTM+Attention,val,77.728762_13.047445,2024-01-01,0.5033771,0.5076551
BiLSTM+Attention,val,77.728762_13.087869,2024-01-01,0.47268412,0.48457104
BiLSTM+Attention,val,77.728762_13.092361,2024-01-01,0.43457717,0.4486674
BiLSTM+Attention,val,77.733253_12.755492,2024-01-01,0.5426497,0.5472873
BiLSTM+Attention,val,77.733253_12.795916,2024-01-01,0.54464495,0.55342364
BiLSTM+Attention,val,77.733253_12.86329,2024-01-01,0.5970684,0.60347867
BiLSTM+Attention,val,77.733253_12.872273,2024-01-01,0.5806363,0.5865818
BiLSTM+Attention,val,77.733253_12.998037,2024-01-01,0.612739,0.6181304
BiLSTM+Attention,val,77.733253_13.056428,2024-01-01,0.4157056,0.42863563
BiLSTM+Attention,val,77.737745_12.764475,2024-01-01,0.5204667,0.5311453
BiLSTM+Attention,val,77.737745_12.791425,2024-01-01,0.56340325,0.5739485
BiLSTM+Attention,val,77.737745_12.809391,2024-01-01,0.55915594,0.5694843
BiLSTM+Attention,val,77.737745_12.858799,2024-01-01,0.562853,0.5675893
BiLSTM+Attention,val,77.737745_12.872273,2024-01-01,0.5880319,0.59845746
BiLSTM+Attention,val,77.737745_12.881256,2024-01-01,0.6082938,0.60955167
BiLSTM+Attention,val,77.737745_13.051936,2024-01-01,0.43966758,0.45072597
BiLSTM+Attention,val,77.737745_13.06092,2024-01-01,0.4445358,0.45579296
BiLSTM+Attention,val,77.737745_13.078886,2024-01-01,0.47154656,0.47271997
BiLSTM+Attention,val,77.737745_13.101344,2024-01-01,0.39711773,0.41095608
BiLSTM+Attention,val,77.742237_12.697102,2024-01-01,0.6659546,0.6817247
BiLSTM+Attention,val,77.742237_12.764475,2024-01-01,0.535221,0.54546434
BiLSTM+Attention,val,77.742237_12.795916,2024-01-01,0.52982587,0.5412282
BiLSTM+Attention,val,77.742237_12.8049,2024-01-01,0.5726255,0.58007383
BiLSTM+Attention,val,77.742237_12.86329,2024-01-01,0.5028772,0.5133494
BiLSTM+Attention,val,77.742237_12.867782,2024-01-01,0.5930228,0.5964335
BiLSTM+Attention,val,77.742237_12.89024,2024-01-01,0.59390295,0.6005806
BiLSTM+Attention,val,77.742237_12.899223,2024-01-01,0.574504,0.5841396
BiLSTM+Attention,val,77.742237_12.921681,2024-01-01,0.5246003,0.5239163
BiLSTM+Attention,val,77.742237_12.980071,2024-01-01,0.5636487,0.5646126
BiLSTM+Attention,val,77.742237_13.002529,2024-01-01,0.5803322,0.5828105
BiLSTM+Attention,val,77.742237_13.016004,2024-01-01,0.58840096,0.5803307
BiLSTM+Attention,val,77.742237_13.038462,2024-01-01,0.41783693,0.4352893
BiLSTM+Attention,val,77.742237_13.074394,2024-01-01,0.3947572,0.41101795
BiLSTM+Attention,val,77.742237_13.078886,2024-01-01,0.45747796,0.46014696
BiLSTM+Attention,val,77.742237_13.101344,2024-01-01,0.4192852,0.43170244
BiLSTM+Attention,val,77.746728_12.751001,2024-01-01,0.56333804,0.5700385
BiLSTM+Attention,val,77.746728_12.764475,2024-01-01,0.55455166,0.56665015
BiLSTM+Attention,val,77.746728_12.782442,2024-01-01,0.5899824,0.5987105
BiLSTM+Attention,val,77.746728_12.97558,2024-01-01,0.5841779,0.58584243
BiLSTM+Attention,val,77.746728_12.984563,2024-01-01,0.57430893,0.56540126
BiLSTM+Attention,val,77.746728_13.016004,2024-01-01,0.6004901,0.5941477
BiLSTM+Attention,val,77.746728_13.020495,2024-01-01,0.6289645,0.6227598
BiLSTM+Attention,val,77.746728_13.024987,2024-01-01,0.53842753,0.53478914
BiLSTM+Attention,val,77.746728_13.038462,2024-01-01,0.4463299,0.4568324
BiLSTM+Attention,val,77.746728_13.06092,2024-01-01,0.40462658,0.42012435
BiLSTM+Attention,val,77.746728_13.083377,2024-01-01,0.45677513,0.45900625
BiLSTM+Attention,val,77.746728_13.092361,2024-01-01,0.4145075,0.42045778
BiLSTM+Attention,val,77.75122_12.751001,2024-01-01,0.55305755,0.5667798
BiLSTM+Attention,val,77.75122_12.755492,2024-01-01,0.59715915,0.6085221
BiLSTM+Attention,val,77.75122_12.768967,2024-01-01,0.51825947,0.53543764
BiLSTM+Attention,val,77.75122_12.77795,2024-01-01,0.5565544,0.5711077
BiLSTM+Attention,val,77.75122_12.894731,2024-01-01,0.51669306,0.5268207
BiLSTM+Attention,val,77.75122_12.993546,2024-01-01,0.51496005,0.5259655
BiLSTM+Attention,val,77.75122_13.020495,2024-01-01,0.5620784,0.55774546
BiLSTM+Attention,val,77.75122_13.03397,2024-01-01,0.4572716,0.4700674
BiLSTM+Attention,val,77.75122_13.038462,2024-01-01,0.42640278,0.43649626
BiLSTM+Attention,val,77.755711_12.706085,2024-01-01,0.5811457,0.60399526
BiLSTM+Attention,val,77.755711_12.764475,2024-01-01,0.7512657,0.754009
BiLSTM+Attention,val,77.755711_12.77795,2024-01-01,0.539313,0.55571276
BiLSTM+Attention,val,77.755711_12.822866,2024-01-01,0.5433052,0.5541528
BiLSTM+Attention,val,77.755711_12.831849,2024-01-01,0.5176886,0.5279344
BiLSTM+Attention,val,77.755711_12.858799,2024-01-01,0.5657786,0.5688922
BiLSTM+Attention,val,77.755711_12.885748,2024-01-01,0.55323684,0.5590292
BiLSTM+Attention,val,77.755711_12.899223,2024-01-01,0.48373106,0.4932554
BiLSTM+Attention,val,77.755711_12.903714,2024-01-01,0.5383864,0.54965836
BiLSTM+Attention,val,77.755711_12.926172,2024-01-01,0.56028455,0.557635
BiLSTM+Attention,val,77.760203_12.751001,2024-01-01,0.5495844,0.56078494
BiLSTM+Attention,val,77.760203_12.795916,2024-01-01,0.53074896,0.53960097
BiLSTM+Attention,val,77.760203_12.818374,2024-01-01,0.6199405,0.6316689
BiLSTM+Attention,val,77.760203_12.867782,2024-01-01,0.52423805,0.533236
BiLSTM+Attention,val,77.760203_12.872273,2024-01-01,0.5365125,0.54205453
BiLSTM+Attention,val,77.760203_12.876765,2024-01-01,0.5076686,0.51199377
BiLSTM+Attention,val,77.760203_12.885748,2024-01-01,0.5238278,0.52848595
BiLSTM+Attention,val,77.760203_12.984563,2024-01-01,0.5727912,0.57375026
BiLSTM+Attention,val,77.764695_12.742018,2024-01-01,0.66239226,0.66958153
BiLSTM+Attention,val,77.764695_12.746509,2024-01-01,0.6499877,0.6603082
BiLSTM+Attention,val,77.764695_12.813883,2024-01-01,0.57668185,0.59183586
BiLSTM+Attention,val,77.764695_12.849815,2024-01-01,0.5507909,0.55559474
BiLSTM+Attention,val,77.764695_12.885748,2024-01-01,0.54849184,0.55927134
BiLSTM+Attention,val,77.764695_12.912697,2024-01-01,0.5561905,0.5544005
BiLSTM+Attention,val,77.764695_13.03397,2024-01-01,0.40534538,0.4219967
BiLSTM+Attention,val,77.769186_12.751001,2024-01-01,0.6726753,0.68381774
BiLSTM+Attention,val,77.769186_12.791425,2024-01-01,0.52041095,0.5353938
BiLSTM+Attention,val,77.769186_12.800408,2024-01-01,0.5730564,0.58297276
BiLSTM+Attention,val,77.769186_12.8049,2024-01-01,0.605851,0.6150744
BiLSTM+Attention,val,77.769186_12.809391,2024-01-01,0.54217464,0.55157495
BiLSTM+Attention,val,77.769186_12.876765,2024-01-01,0.5667403,0.5700191
BiLSTM+Attention,val,77.769186_12.894731,2024-01-01,0.52906585,0.5295422
BiLSTM+Attention,val,77.769186_13.016004,2024-01-01,0.51550955,0.51326543
BiLSTM+Attention,val,77.773678_12.746509,2024-01-01,0.6662963,0.6771573
BiLSTM+Attention,val,77.773678_12.858799,2024-01-01,0.5086937,0.51483685
BiLSTM+Attention,val,77.773678_12.885748,2024-01-01,0.519765,0.52876276
BiLSTM+Attention,val,77.773678_12.899223,2024-01-01,0.49611154,0.5105041
BiLSTM+Attention,val,77.773678_12.908206,2024-01-01,0.53385466,0.5473487
BiLSTM+Attention,val,77.778169_12.809391,2024-01-01,0.5044624,0.5165907
BiLSTM+Attention,val,77.778169_12.885748,2024-01-01,0.5383525,0.5501893
BiLSTM+Attention,val,77.782661_12.786933,2024-01-01,0.52244616,0.5360309
BiLSTM+Attention,val,77.782661_12.791425,2024-01-01,0.5504439,0.5653048
BiLSTM+Attention,val,77.782661_12.89024,2024-01-01,0.5312783,0.5434155
BiLSTM+Attention,val,77.787152_12.786933,2024-01-01,0.53629595,0.55121857
BiLSTM+Attention,val,77.787152_12.849815,2024-01-01,0.5108143,0.5253709
BiLSTM+Attention,val,77.787152_12.867782,2024-01-01,0.5212056,0.53017837
BiLSTM+Attention,val,77.791644_12.8049,2024-01-01,0.5358582,0.548487
BiLSTM+Attention,val,77.791644_12.899223,2024-01-01,0.52001435,0.5309874
BiLSTM+Attention,val,77.796136_12.854307,2024-01-01,0.51066935,0.51987296
BiLSTM+Attention,val,77.796136_12.885748,2024-01-01,0.5734807,0.57778835
BiLSTM+Attention,val,77.800627_12.876765,2024-01-01,0.5663357,0.5766276
BiLSTM+Attention,val,77.800627_12.885748,2024-01-01,0.5337505,0.5436225
BiLSTM+Attention,val,77.805119_12.876765,2024-01-01,0.57372487,0.58290744
BiLSTM+Attention,val,77.805119_12.89024,2024-01-01,0.56283724,0.5707837
BiLSTM+Attention,val,77.80961_12.858799,2024-01-01,0.57892776,0.58719623
BiLSTM+Attention,val,77.80961_12.86329,2024-01-01,0.55734944,0.5652125
BiLSTM+Attention,val,77.329012_12.944139,2024-02-01,0.47990647,0.4715178
BiLSTM+Attention,val,77.329012_12.962105,2024-02-01,0.6505991,0.617113
BiLSTM+Attention,val,77.337995_12.921681,2024-02-01,0.60017514,0.5764627
BiLSTM+Attention,val,77.342486_12.926172,2024-02-01,0.6385817,0.63222086
BiLSTM+Attention,val,77.342486_12.935155,2024-02-01,0.6596082,0.6306826
BiLSTM+Attention,val,77.342486_12.944139,2024-02-01,0.62802875,0.60734224
BiLSTM+Attention,val,77.346978_12.86329,2024-02-01,0.5238268,0.52404904
BiLSTM+Attention,val,77.346978_12.962105,2024-02-01,0.48737627,0.47387195
BiLSTM+Attention,val,77.351469_12.89024,2024-02-01,0.49852476,0.50513756
BiLSTM+Attention,val,77.351469_12.930664,2024-02-01,0.66349286,0.63013864
BiLSTM+Attention,val,77.351469_12.939647,2024-02-01,0.64411795,0.6138249
BiLSTM+Attention,val,77.355961_12.899223,2024-02-01,0.5133945,0.50579244
BiLSTM+Attention,val,77.355961_12.94863,2024-02-01,0.45508838,0.4545487
BiLSTM+Attention,val,77.355961_12.962105,2024-02-01,0.6607388,0.6314668
BiLSTM+Attention,val,77.360453_12.867782,2024-02-01,0.41197196,0.41974816
BiLSTM+Attention,val,77.360453_12.908206,2024-02-01,0.5338589,0.5222913
BiLSTM+Attention,val,77.360453_12.926172,2024-02-01,0.6595193,0.6250361
BiLSTM+Attention,val,77.364944_12.854307,2024-02-01,0.45363668,0.45286313
BiLSTM+Attention,val,77.364944_12.962105,2024-02-01,0.44406816,0.44333768
BiLSTM+Attention,val,77.369436_12.881256,2024-02-01,0.45452407,0.45857853
BiLSTM+Attention,val,77.369436_12.89024,2024-02-01,0.45225585,0.45033312
BiLSTM+Attention,val,77.369436_12.935155,2024-02-01,0.41723076,0.41312498
BiLSTM+Attention,val,77.369436_12.998037,2024-02-01,0.4537582,0.45508254
BiLSTM+Attention,val,77.369436_13.007021,2024-02-01,0.4987235,0.4903966
BiLSTM+Attention,val,77.373927_12.912697,2024-02-01,0.55761796,0.5394851
BiLSTM+Attention,val,77.373927_12.971088,2024-02-01,0.4375256,0.43651932
BiLSTM+Attention,val,77.373927_13.011512,2024-02-01,0.45093903,0.45133245
BiLSTM+Attention,val,77.373927_13.016004,2024-02-01,0.43523902,0.43639493
BiLSTM+Attention,val,77.378419_12.966596,2024-02-01,0.41290963,0.40551066
BiLSTM+Attention,val,77.382911_12.894731,2024-02-01,0.4957198,0.48968083
BiLSTM+Attention,val,77.382911_12.953122,2024-02-01,0.4726487,0.46311504
BiLSTM+Attention,val,77.382911_12.957613,2024-02-01,0.46727762,0.45896792
BiLSTM+Attention,val,77.387402_12.962105,2024-02-01,0.45812055,0.44718844
BiLSTM+Attention,val,77.387402_12.97558,2024-02-01,0.45899668,0.45089227
BiLSTM+Attention,val,77.387402_12.980071,2024-02-01,0.46151727,0.45435303
BiLSTM+Attention,val,77.391894_12.867782,2024-02-01,0.49535456,0.49920458
BiLSTM+Attention,val,77.391894_12.881256,2024-02-01,0.4622145,0.46767282
BiLSTM+Attention,val,77.391894_12.885748,2024-02-01,0.49437752,0.4962499
BiLSTM+Attention,val,77.396385_12.894731,2024-02-01,0.49739885,0.49346817
BiLSTM+Attention,val,77.396385_12.908206,2024-02-01,0.45578054,0.45356047
BiLSTM+Attention,val,77.396385_12.944139,2024-02-01,0.5053378,0.49132353
BiLSTM+Attention,val,77.396385_12.971088,2024-02-01,0.42895952,0.429936
BiLSTM+Attention,val,77.396385_12.97558,2024-02-01,0.40507945,0.4053723
BiLSTM+Attention,val,77.396385_13.029478,2024-02-01,0.3395806,0.34322882
BiLSTM+Attention,val,77.400877_12.957613,2024-02-01,0.4728268,0.45959687
BiLSTM+Attention,val,77.400877_12.966596,2024-02-01,0.42581117,0.42802525
BiLSTM+Attention,val,77.400877_13.029478,2024-02-01,0.3272413,0.33329058
BiLSTM+Attention,val,77.405368_12.881256,2024-02-01,0.42302144,0.42529845
BiLSTM+Attention,val,77.405368_12.89024,2024-02-01,0.4458845,0.44784918
BiLSTM+Attention,val,77.405368_12.903714,2024-02-01,0.4191299,0.42135388
BiLSTM+Attention,val,77.405368_12.930664,2024-02-01,0.5467021,0.5284111
BiLSTM+Attention,val,77.405368_12.998037,2024-02-01,0.44653726,0.44265428
BiLSTM+Attention,val,77.405368_13.105835,2024-02-01,0.36983222,0.36783522
BiLSTM+Attention,val,77.405368_13.11931,2024-02-01,0.33219084,0.33729857
BiLSTM+Attention,val,77.40986_12.872273,2024-02-01,0.38844767,0.39147726
BiLSTM+Attention,val,77.40986_12.881256,2024-02-01,0.39048466,0.39828917
BiLSTM+Attention,val,77.40986_12.962105,2024-02-01,0.4821117,0.48176798
BiLSTM+Attention,val,77.414352_12.930664,2024-02-01,0.4909019,0.47703356
BiLSTM+Attention,val,77.414352_12.989054,2024-02-01,0.40849552,0.4094621
BiLSTM+Attention,val,77.414352_12.993546,2024-02-01,0.4161512,0.40929312
BiLSTM+Attention,val,77.414352_13.03397,2024-02-01,0.38441122,0.3859987
BiLSTM+Attention,val,77.414352_13.096852,2024-02-01,0.35190535,0.35641447
BiLSTM+Attention,val,77.414352_13.11931,2024-02-01,0.35145068,0.35485834
BiLSTM+Attention,val,77.418843_12.876765,2024-02-01,0.40344384,0.4013944
BiLSTM+Attention,val,77.418843_12.89024,2024-02-01,0.4316364,0.42865843
BiLSTM+Attention,val,77.418843_12.94863,2024-02-01,0.4851399,0.47605294
BiLSTM+Attention,val,77.418843_12.971088,2024-02-01,0.44791606,0.44634008
BiLSTM+Attention,val,77.418843_12.993546,2024-02-01,0.44922745,0.43906015
BiLSTM+Attention,val,77.418843_13.016004,2024-02-01,0.41484463,0.41125286
BiLSTM+Attention,val,77.418843_13.024987,2024-02-01,0.40597633,0.4111654
BiLSTM+Attention,val,77.418843_13.029478,2024-02-01,0.40550733,0.41097844
BiLSTM+Attention,val,77.418843_13.146259,2024-02-01,0.3173882,0.32609487
BiLSTM+Attention,val,77.423335_12.876765,2024-02-01,0.40522206,0.40159264
BiLSTM+Attention,val,77.423335_12.921681,2024-02-01,0.4995055,0.48492852
BiLSTM+Attention,val,77.423335_12.930664,2024-02-01,0.48218983,0.47544414
BiLSTM+Attention,val,77.423335_13.002529,2024-02-01,0.49731407,0.48011553
BiLSTM+Attention,val,77.423335_13.092361,2024-02-01,0.29264367,0.30334076
BiLSTM+Attention,val,77.423335_13.141768,2024-02-01,0.37616852,0.3797173
BiLSTM+Attention,val,77.423335_13.150751,2024-02-01,0.32614362,0.3355937
BiLSTM+Attention,val,77.427826_12.845324,2024-02-01,0.34720594,0.37140834
BiLSTM+Attention,val,77.427826_12.858799,2024-02-01,0.39992258,0.39709616
BiLSTM+Attention,val,77.427826_12.930664,2024-02-01,0.48967552,0.48208207
BiLSTM+Attention,val,77.427826_12.939647,2024-02-01,0.43708584,0.43151587
BiLSTM+Attention,val,77.427826_12.944139,2024-02-01,0.45046875,0.45242715
BiLSTM+Attention,val,77.427826_13.020495,2024-02-01,0.4165122,0.41616148
BiLSTM+Attention,val,77.427826_13.024987,2024-02-01,0.407401,0.4069028
BiLSTM+Attention,val,77.427826_13.110327,2024-02-01,0.37388355,0.37375242
BiLSTM+Attention,val,77.427826_13.132785,2024-02-01,0.42910793,0.42584977
BiLSTM+Attention,val,77.432318_12.858799,2024-02-01,0.41451555,0.41267088
BiLSTM+Attention,val,77.432318_12.86329,2024-02-01,0.42063716,0.4167659
BiLSTM+Attention,val,77.432318_12.867782,2024-02-01,0.41229498,0.40713117
BiLSTM+Attention,val,77.432318_12.881256,2024-02-01,0.4550238,0.44162637
BiLSTM+Attention,val,77.432318_12.885748,2024-02-01,0.5451081,0.5231039
BiLSTM+Attention,val,77.432318_12.957613,2024-02-01,0.4369962,0.43372583
BiLSTM+Attention,val,77.432318_12.998037,2024-02-01,0.3680865,0.3721705
BiLSTM+Attention,val,77.432318_13.087869,2024-02-01,0.37746242,0.37157091
BiLSTM+Attention,val,77.432318_13.092361,2024-02-01,0.33383718,0.33397853
BiLSTM+Attention,val,77.436809_12.818374,2024-02-01,0.5448692,0.52684146
BiLSTM+Attention,val,77.436809_12.840832,2024-02-01,0.46193627,0.4501086
BiLSTM+Attention,val,77.436809_12.854307,2024-02-01,0.4281323,0.4289964
BiLSTM+Attention,val,77.436809_12.912697,2024-02-01,0.5586445,0.5288092
BiLSTM+Attention,val,77.436809_12.926172,2024-02-01,0.49157345,0.4777858
BiLSTM+Attention,val,77.436809_12.944139,2024-02-01,0.45775962,0.45680076
BiLSTM+Attention,val,77.436809_13.03397,2024-02-01,0.39045745,0.39357686
BiLSTM+Attention,val,77.441301_12.818374,2024-02-01,0.5533573,0.53230447
BiLSTM+Attention,val,77.441301_12.831849,2024-02-01,0.44670144,0.4384361
BiLSTM+Attention,val,77.441301_12.836341,2024-02-01,0.47561014,0.46646225
BiLSTM+Attention,val,77.441301_12.840832,2024-02-01,0.44892582,0.43754807
BiLSTM+Attention,val,77.441301_12.944139,2024-02-01,0.49511996,0.48073354
BiLSTM+Attention,val,77.441301_12.94863,2024-02-01,0.44912738,0.4415383
BiLSTM+Attention,val,77.441301_13.056428,2024-02-01,0.37961912,0.37208763
BiLSTM+Attention,val,77.441301_13.069903,2024-02-01,0.39637348,0.38417742
BiLSTM+Attention,val,77.441301_13.083377,2024-02-01,0.38317677,0.37830257
BiLSTM+Attention,val,77.441301_13.110327,2024-02-01,0.36927626,0.36816204
BiLSTM+Attention,val,77.445793_12.840832,2024-02-01,0.5215856,0.50492835
BiLSTM+Attention,val,77.445793_12.86329,2024-02-01,0.5370401,0.52109283
BiLSTM+Attention,val,77.445793_12.867782,2024-02-01,0.5162638,0.49771434
BiLSTM+Attention,val,77.445793_12.912697,2024-02-01,0.46455923,0.44886056
BiLSTM+Attention,val,77.445793_12.957613,2024-02-01,0.4376343,0.4280619
BiLSTM+Attention,val,77.445793_12.984563,2024-02-01,0.45561802,0.43494067
BiLSTM+Attention,val,77.450284_12.809391,2024-02-01,0.50464875,0.49677625
BiLSTM+Attention,val,77.450284_12.872273,2024-02-01,0.5157622,0.50245357
BiLSTM+Attention,val,77.450284_12.89024,2024-02-01,0.51634616,0.4989813
BiLSTM+Attention,val,77.450284_12.971088,2024-02-01,0.4251169,0.41794753
BiLSTM+Attention,val,77.450284_12.993546,2024-02-01,0.33691338,0.3350277
BiLSTM+Attention,val,77.450284_13.029478,2024-02-01,0.3778834,0.37649676
BiLSTM+Attention,val,77.450284_13.047445,2024-02-01,0.390427,0.39037532
BiLSTM+Attention,val,77.450284_13.146259,2024-02-01,0.44389996,0.44753006
BiLSTM+Attention,val,77.454776_12.809391,2024-02-01,0.46960595,0.47222126
BiLSTM+Attention,val,77.454776_12.885748,2024-02-01,0.4976724,0.49148723
BiLSTM+Attention,val,77.454776_12.980071,2024-02-01,0.3771234,0.37695134
BiLSTM+Attention,val,77.454776_12.993546,2024-02-01,0.36278442,0.35622647
BiLSTM+Attention,val,77.454776_13.078886,2024-02-01,0.3892117,0.38070828
BiLSTM+Attention,val,77.454776_13.087869,2024-02-01,0.3529181,0.35215154
BiLSTM+Attention,val,77.454776_13.114818,2024-02-01,0.43045402,0.42888168
BiLSTM+Attention,val,77.454776_13.141768,2024-02-01,0.4472843,0.45351934
BiLSTM+Attention,val,77.459267_12.8049,2024-02-01,0.53856885,0.534777
BiLSTM+Attention,val,77.459267_12.822866,2024-02-01,0.5056693,0.49471453
BiLSTM+Attention,val,77.459267_12.845324,2024-02-01,0.5095128,0.5003094
BiLSTM+Attention,val,77.459267_12.872273,2024-02-01,0.48707965,0.47743142
BiLSTM+Attention,val,77.459267_12.903714,2024-02-01,0.4404506,0.4348232
BiLSTM+Attention,val,77.459267_12.926172,2024-02-01,0.4858256,0.46848482
BiLSTM+Attention,val,77.459267_12.97558,2024-02-01,0.39185366,0.38895854
BiLSTM+Attention,val,77.459267_13.016004,2024-02-01,0.3532696,0.35343504
BiLSTM+Attention,val,77.459267_13.020495,2024-02-01,0.34682575,0.35078445
BiLSTM+Attention,val,77.459267_13.11931,2024-02-01,0.42731515,0.42670467
BiLSTM+Attention,val,77.463759_12.813883,2024-02-01,0.4498341,0.45075107
BiLSTM+Attention,val,77.463759_12.836341,2024-02-01,0.50650865,0.49756223
BiLSTM+Attention,val,77.463759_12.86329,2024-02-01,0.5234046,0.512259
BiLSTM+Attention,val,77.463759_12.867782,2024-02-01,0.5053792,0.49654165
BiLSTM+Attention,val,77.463759_12.872273,2024-02-01,0.48116016,0.47399274
BiLSTM+Attention,val,77.463759_12.881256,2024-02-01,0.5330593,0.5214445
BiLSTM+Attention,val,77.463759_12.885748,2024-02-01,0.5366226,0.51908857
BiLSTM+Attention,val,77.463759_12.894731,2024-02-01,0.476231,0.47446686
BiLSTM+Attention,val,77.463759_12.899223,2024-02-01,0.47883824,0.46996555
BiLSTM+Attention,val,77.463759_12.917189,2024-02-01,0.4342087,0.43095034
BiLSTM+Attention,val,77.463759_12.953122,2024-02-01,0.68880785,0.66819847
BiLSTM+Attention,val,77.463759_13.03397,2024-02-01,0.34573585,0.34290352
BiLSTM+Attention,val,77.463759_13.078886,2024-02-01,0.45768034,0.43869796
BiLSTM+Attention,val,77.46825_12.827358,2024-02-01,0.4190946,0.41872004
BiLSTM+Attention,val,77.46825_12.836341,2024-02-01,0.5138978,0.5028513
BiLSTM+Attention,val,77.46825_12.894731,2024-02-01,0.45637292,0.4552778
BiLSTM+Attention,val,77.46825_12.94863,2024-02-01,0.52845407,0.49990943
BiLSTM+Attention,val,77.46825_12.953122,2024-02-01,0.4638671,0.44812822
BiLSTM+Attention,val,77.46825_12.966596,2024-02-01,0.44193646,0.4371441
BiLSTM+Attention,val,77.46825_13.007021,2024-02-01,0.36251327,0.3587321
BiLSTM+Attention,val,77.46825_13.020495,2024-02-01,0.4309562,0.4103588
BiLSTM+Attention,val,77.46825_13.114818,2024-02-01,0.4713987,0.46478897
BiLSTM+Attention,val,77.46825_13.150751,2024-02-01,0.38204214,0.38975027
BiLSTM+Attention,val,77.46825_13.1777,2024-02-01,0.47250152,0.480079
BiLSTM+Attention,val,77.472742_12.746509,2024-02-01,0.57622814,0.5522324
BiLSTM+Attention,val,77.472742_12.751001,2024-02-01,0.5300373,0.505148
BiLSTM+Attention,val,77.472742_12.755492,2024-02-01,0.5470499,0.5294703
BiLSTM+Attention,val,77.472742_12.795916,2024-02-01,0.48360717,0.4822718
BiLSTM+Attention,val,77.472742_12.836341,2024-02-01,0.50395674,0.49445593
BiLSTM+Attention,val,77.472742_12.984563,2024-02-01,0.4038441,0.39008176
BiLSTM+Attention,val,77.472742_13.087869,2024-02-01,0.41186497,0.40484166
BiLSTM+Attention,val,77.477234_12.764475,2024-02-01,0.54140496,0.5250893
BiLSTM+Attention,val,77.477234_12.782442,2024-02-01,0.4772225,0.47416174
BiLSTM+Attention,val,77.477234_12.840832,2024-02-01,0.50570786,0.4975073
BiLSTM+Attention,val,77.477234_12.899223,2024-02-01,0.4166663,0.41678512
BiLSTM+Attention,val,77.477234_12.935155,2024-02-01,0.55495805,0.52310044
BiLSTM+Attention,val,77.477234_12.944139,2024-02-01,0.4850412,0.45900634
BiLSTM+Attention,val,77.477234_12.94863,2024-02-01,0.49588338,0.46705997
BiLSTM+Attention,val,77.477234_12.971088,2024-02-01,0.4546053,0.43751913
BiLSTM+Attention,val,77.477234_13.002529,2024-02-01,0.3580742,0.35650304
BiLSTM+Attention,val,77.477234_13.056428,2024-02-01,0.41360155,0.3964636
BiLSTM+Attention,val,77.481725_12.737526,2024-02-01,0.5528266,0.5259334
BiLSTM+Attention,val,77.481725_12.768967,2024-02-01,0.536344,0.524448
BiLSTM+Attention,val,77.481725_12.831849,2024-02-01,0.44769865,0.4479301
BiLSTM+Attention,val,77.481725_12.89024,2024-02-01,0.49593502,0.4874342
BiLSTM+Attention,val,77.481725_12.894731,2024-02-01,0.46310732,0.45903686
BiLSTM+Attention,val,77.481725_12.944139,2024-02-01,0.4978255,0.46761394
BiLSTM+Attention,val,77.481725_12.971088,2024-02-01,0.3793989,0.3742803
BiLSTM+Attention,val,77.481725_12.980071,2024-02-01,0.43264422,0.4152742
BiLSTM+Attention,val,77.481725_13.024987,2024-02-01,0.41234088,0.40109196
BiLSTM+Attention,val,77.481725_13.03397,2024-02-01,0.38941342,0.38355842
BiLSTM+Attention,val,77.481725_13.096852,2024-02-01,0.49519733,0.4811864
BiLSTM+Attention,val,77.481725_13.137276,2024-02-01,0.5707992,0.5424221
BiLSTM+Attention,val,77.486217_12.764475,2024-02-01,0.5312465,0.5134603
BiLSTM+Attention,val,77.486217_12.872273,2024-02-01,0.45257795,0.45499676
BiLSTM+Attention,val,77.486217_12.939647,2024-02-01,0.51329553,0.4899298
BiLSTM+Attention,val,77.486217_12.998037,2024-02-01,0.40550256,0.4025756
BiLSTM+Attention,val,77.486217_13.042953,2024-02-01,0.4600061,0.44433883
BiLSTM+Attention,val,77.486217_13.06092,2024-02-01,0.47824126,0.44906226
BiLSTM+Attention,val,77.486217_13.114818,2024-02-01,0.41186312,0.40274268
BiLSTM+Attention,val,77.486217_13.11931,2024-02-01,0.429138,0.41884995
BiLSTM+Attention,val,77.490708_12.768967,2024-02-01,0.52300084,0.5086158
BiLSTM+Attention,val,77.490708_12.8049,2024-02-01,0.5010597,0.49628907
BiLSTM+Attention,val,77.490708_12.849815,2024-02-01,0.52295876,0.49928856
BiLSTM+Attention,val,77.490708_12.89024,2024-02-01,0.45498222,0.45535406
BiLSTM+Attention,val,77.490708_13.051936,2024-02-01,0.5266553,0.49795613
BiLSTM+Attention,val,77.490708_13.087869,2024-02-01,0.46769646,0.46346664
BiLSTM+Attention,val,77.490708_13.092361,2024-02-01,0.46317458,0.45718348
BiLSTM+Attention,val,77.490708_13.096852,2024-02-01,0.49324828,0.4670232
BiLSTM+Attention,val,77.490708_13.182192,2024-02-01,0.5109908,0.5060255
BiLSTM+Attention,val,77.490708_13.209142,2024-02-01,0.4673963,0.46237692
BiLSTM+Attention,val,77.4952_12.786933,2024-02-01,0.4833065,0.47364667
BiLSTM+Attention,val,77.4952_12.836341,2024-02-01,0.47938114,0.47434008
BiLSTM+Attention,val,77.4952_12.899223,2024-02-01,0.50222486,0.48928553
BiLSTM+Attention,val,77.4952_12.962105,2024-02-01,0.49742597,0.46297085
BiLSTM+Attention,val,77.4952_13.020495,2024-02-01,0.45477104,0.4397686
BiLSTM+Attention,val,77.4952_13.024987,2024-02-01,0.44439533,0.4188664
BiLSTM+Attention,val,77.4952_13.03397,2024-02-01,0.49761918,0.48139697
BiLSTM+Attention,val,77.4952_13.087869,2024-02-01,0.44195968,0.43029308
BiLSTM+Attention,val,77.4952_13.092361,2024-02-01,0.46840838,0.4508752
BiLSTM+Attention,val,77.4952_13.182192,2024-02-01,0.51054585,0.5049021
BiLSTM+Attention,val,77.499692_12.755492,2024-02-01,0.5888824,0.5654069
BiLSTM+Attention,val,77.499692_12.858799,2024-02-01,0.5704497,0.55285305
BiLSTM+Attention,val,77.499692_12.899223,2024-02-01,0.48421964,0.47659868
BiLSTM+Attention,val,77.499692_12.984563,2024-02-01,0.44765776,0.43205795
BiLSTM+Attention,val,77.499692_13.114818,2024-02-01,0.43102643,0.42732167
BiLSTM+Attention,val,77.499692_13.137276,2024-02-01,0.42394412,0.41758043
BiLSTM+Attention,val,77.499692_13.168717,2024-02-01,0.5593907,0.55110556
BiLSTM+Attention,val,77.504183_12.764475,2024-02-01,0.59392095,0.57783115
BiLSTM+Attention,val,77.504183_12.786933,2024-02-01,0.55135334,0.5315286
BiLSTM+Attention,val,77.504183_12.818374,2024-02-01,0.5200507,0.5079097
BiLSTM+Attention,val,77.504183_12.854307,2024-02-01,0.51238734,0.50201
BiLSTM+Attention,val,77.504183_12.858799,2024-02-01,0.56921345,0.55089825
BiLSTM+Attention,val,77.504183_12.953122,2024-02-01,0.4756155,0.45179805
BiLSTM+Attention,val,77.504183_13.083377,2024-02-01,0.5001517,0.48443663
BiLSTM+Attention,val,77.504183_13.141768,2024-02-01,0.50111157,0.5061437
BiLSTM+Attention,val,77.504183_13.159734,2024-02-01,0.59004635,0.57220495
BiLSTM+Attention,val,77.504183_13.195667,2024-02-01,0.4432045,0.4421546
BiLSTM+Attention,val,77.508675_12.751001,2024-02-01,0.59376556,0.5682341
BiLSTM+Attention,val,77.508675_12.795916,2024-02-01,0.57872754,0.55960155
BiLSTM+Attention,val,77.508675_12.831849,2024-02-01,0.5204137,0.502741
BiLSTM+Attention,val,77.508675_12.836341,2024-02-01,0.5456094,0.526394
BiLSTM+Attention,val,77.508675_12.845324,2024-02-01,0.5101105,0.4955095
BiLSTM+Attention,val,77.508675_12.903714,2024-02-01,0.43725082,0.42538896
BiLSTM+Attention,val,77.508675_12.912697,2024-02-01,0.4808785,0.4549119
BiLSTM+Attention,val,77.508675_12.917189,2024-02-01,0.5459718,0.5245666
BiLSTM+Attention,val,77.508675_13.114818,2024-02-01,0.39224023,0.39118752
BiLSTM+Attention,val,77.508675_13.137276,2024-02-01,0.45043576,0.46344614
BiLSTM+Attention,val,77.508675_13.159734,2024-02-01,0.5755641,0.56298065
BiLSTM+Attention,val,77.508675_13.191175,2024-02-01,0.46746513,0.46044314
BiLSTM+Attention,val,77.513166_12.746509,2024-02-01,0.69037294,0.68338233
BiLSTM+Attention,val,77.513166_12.764475,2024-02-01,0.5566313,0.53555477
BiLSTM+Attention,val,77.513166_12.77795,2024-02-01,0.6497262,0.6268595
BiLSTM+Attention,val,77.513166_12.822866,2024-02-01,0.59406483,0.57597256
BiLSTM+Attention,val,77.513166_12.908206,2024-02-01,0.44017234,0.4362265
BiLSTM+Attention,val,77.513166_13.087869,2024-02-01,0.50038135,0.48768184
BiLSTM+Attention,val,77.513166_13.096852,2024-02-01,0.564247,0.5487429
BiLSTM+Attention,val,77.513166_13.137276,2024-02-01,0.41491503,0.42523772
BiLSTM+Attention,val,77.513166_13.1777,2024-02-01,0.49310797,0.5007066
BiLSTM+Attention,val,77.517658_12.764475,2024-02-01,0.6025141,0.5811125
BiLSTM+Attention,val,77.517658_12.77795,2024-02-01,0.62509567,0.60744905
BiLSTM+Attention,val,77.517658_12.782442,2024-02-01,0.6239319,0.6038519
BiLSTM+Attention,val,77.517658_12.795916,2024-02-01,0.5863132,0.5649874
BiLSTM+Attention,val,77.517658_12.827358,2024-02-01,0.5213695,0.50152785
BiLSTM+Attention,val,77.517658_12.849815,2024-02-01,0.51627946,0.5014953
BiLSTM+Attention,val,77.517658_12.885748,2024-02-01,0.51211417,0.49748158
BiLSTM+Attention,val,77.517658_12.89024,2024-02-01,0.50363207,0.48582035
BiLSTM+Attention,val,77.517658_12.899223,2024-02-01,0.4963463,0.48018813
BiLSTM+Attention,val,77.517658_12.998037,2024-02-01,0.51699084,0.5031271
BiLSTM+Attention,val,77.517658_13.11931,2024-02-01,0.35939068,0.36778927
BiLSTM+Attention,val,77.517658_13.182192,2024-02-01,0.49655533,0.505115
BiLSTM+Attention,val,77.517658_13.186684,2024-02-01,0.5054305,0.5110043
BiLSTM+Attention,val,77.517658_13.191175,2024-02-01,0.4490721,0.45820183
BiLSTM+Attention,val,77.522149_12.751001,2024-02-01,0.6349706,0.6109282
BiLSTM+Attention,val,77.522149_12.755492,2024-02-01,0.6110184,0.59029365
BiLSTM+Attention,val,77.522149_12.759984,2024-02-01,0.64385986,0.61913896
BiLSTM+Attention,val,77.522149_12.782442,2024-02-01,0.63819313,0.6156602
BiLSTM+Attention,val,77.522149_12.809391,2024-02-01,0.7010134,0.6713278
BiLSTM+Attention,val,77.522149_12.813883,2024-02-01,0.51577324,0.50416803
BiLSTM+Attention,val,77.522149_12.818374,2024-02-01,0.50006795,0.48911604
BiLSTM+Attention,val,77.522149_12.836341,2024-02-01,0.5113602,0.4981464
BiLSTM+Attention,val,77.522149_12.845324,2024-02-01,0.5272619,0.51066893
BiLSTM+Attention,val,77.522149_13.056428,2024-02-01,0.52643776,0.5094036
BiLSTM+Attention,val,77.522149_13.078886,2024-02-01,0.50102925,0.476767
BiLSTM+Attention,val,77.522149_13.146259,2024-02-01,0.3786729,0.385643
BiLSTM+Attention,val,77.522149_13.200158,2024-02-01,0.48696136,0.4881684
BiLSTM+Attention,val,77.526641_12.751001,2024-02-01,0.64697003,0.6255342
BiLSTM+Attention,val,77.526641_12.840832,2024-02-01,0.58164394,0.5620492
BiLSTM+Attention,val,77.526641_12.89024,2024-02-01,0.54803395,0.54527545
BiLSTM+Attention,val,77.526641_12.899223,2024-02-01,0.5196754,0.49894232
BiLSTM+Attention,val,77.526641_13.078886,2024-02-01,0.51489615,0.48499578
BiLSTM+Attention,val,77.526641_13.105835,2024-02-01,0.37111035,0.36136752
BiLSTM+Attention,val,77.526641_13.110327,2024-02-01,0.36704072,0.35985535
BiLSTM+Attention,val,77.531133_12.791425,2024-02-01,0.5413804,0.5228719
BiLSTM+Attention,val,77.531133_12.795916,2024-02-01,0.58081204,0.5597188
BiLSTM+Attention,val,77.531133_12.800408,2024-02-01,0.5565145,0.5336955
BiLSTM+Attention,val,77.531133_12.822866,2024-02-01,0.5288707,0.5107022
BiLSTM+Attention,val,77.531133_12.827358,2024-02-01,0.5416863,0.5218135
BiLSTM+Attention,val,77.531133_12.894731,2024-02-01,0.47195947,0.4472169
BiLSTM+Attention,val,77.531133_13.083377,2024-02-01,0.48348624,0.46671534
BiLSTM+Attention,val,77.531133_13.114818,2024-02-01,0.37874278,0.37376165
BiLSTM+Attention,val,77.531133_13.195667,2024-02-01,0.50007707,0.50347483
BiLSTM+Attention,val,77.535624_12.77795,2024-02-01,0.68486494,0.65494716
BiLSTM+Attention,val,77.535624_12.822866,2024-02-01,0.6318431,0.6055187
BiLSTM+Attention,val,77.535624_12.872273,2024-02-01,0.43682313,0.42219466
BiLSTM+Attention,val,77.535624_12.899223,2024-02-01,0.45292273,0.43165264
BiLSTM+Attention,val,77.535624_13.069903,2024-02-01,0.5872701,0.562121
BiLSTM+Attention,val,77.535624_13.083377,2024-02-01,0.47609708,0.45822433
BiLSTM+Attention,val,77.535624_13.096852,2024-02-01,0.41695973,0.4084858
BiLSTM+Attention,val,77.535624_13.114818,2024-02-01,0.40443152,0.3918387
BiLSTM+Attention,val,77.535624_13.132785,2024-02-01,0.42967746,0.41572696
BiLSTM+Attention,val,77.535624_13.137276,2024-02-01,0.37193856,0.36380988
BiLSTM+Attention,val,77.535624_13.195667,2024-02-01,0.4421665,0.44107488
BiLSTM+Attention,val,77.540116_12.77795,2024-02-01,0.58452207,0.5647976
BiLSTM+Attention,val,77.540116_12.795916,2024-02-01,0.6008559,0.5857191
BiLSTM+Attention,val,77.540116_13.042953,2024-02-01,0.51630324,0.5020988
BiLSTM+Attention,val,77.540116_13.074394,2024-02-01,0.5345045,0.5122721
BiLSTM+Attention,val,77.540116_13.092361,2024-02-01,0.37495482,0.36864114
BiLSTM+Attention,val,77.540116_13.101344,2024-02-01,0.40485603,0.39418966
BiLSTM+Attention,val,77.540116_13.105835,2024-02-01,0.415626,0.4165881
BiLSTM+Attention,val,77.540116_13.114818,2024-02-01,0.3765162,0.3799333
BiLSTM+Attention,val,77.540116_13.132785,2024-02-01,0.41489914,0.41003495
BiLSTM+Attention,val,77.540116_13.155243,2024-02-01,0.44114393,0.4389533
BiLSTM+Attention,val,77.540116_13.182192,2024-02-01,0.407449,0.40617397
BiLSTM+Attention,val,77.544607_12.831849,2024-02-01,0.68956137,0.6613554
BiLSTM+Attention,val,77.544607_13.218125,2024-02-01,0.4925328,0.504902
BiLSTM+Attention,val,77.549099_12.822866,2024-02-01,0.7097589,0.6788923
BiLSTM+Attention,val,77.549099_12.831849,2024-02-01,0.6227543,0.6001245
BiLSTM+Attention,val,77.549099_12.836341,2024-02-01,0.59496975,0.5713687
BiLSTM+Attention,val,77.549099_12.845324,2024-02-01,0.5775679,0.56350845
BiLSTM+Attention,val,77.549099_12.867782,2024-02-01,0.5020413,0.48342425
BiLSTM+Attention,val,77.549099_12.876765,2024-02-01,0.46799365,0.44808096
BiLSTM+Attention,val,77.549099_12.894731,2024-02-01,0.54791033,0.5417603
BiLSTM+Attention,val,77.549099_13.096852,2024-02-01,0.44175464,0.43285662
BiLSTM+Attention,val,77.549099_13.132785,2024-02-01,0.54622537,0.5400128
BiLSTM+Attention,val,77.55359_12.71956,2024-02-01,0.72355664,0.7041817
BiLSTM+Attention,val,77.55359_12.782442,2024-02-01,0.6558438,0.6357384
BiLSTM+Attention,val,77.55359_12.849815,2024-02-01,0.5719153,0.56334466
BiLSTM+Attention,val,77.55359_12.872273,2024-02-01,0.45914555,0.446115
BiLSTM+Attention,val,77.55359_13.069903,2024-02-01,0.6527311,0.6231876
BiLSTM+Attention,val,77.55359_13.101344,2024-02-01,0.39737162,0.3971542
BiLSTM+Attention,val,77.55359_13.110327,2024-02-01,0.4534146,0.45075926
BiLSTM+Attention,val,77.55359_13.128293,2024-02-01,0.52511007,0.51668495
BiLSTM+Attention,val,77.55359_13.168717,2024-02-01,0.4522328,0.4505905
BiLSTM+Attention,val,77.55359_13.173209,2024-02-01,0.37545842,0.37223673
BiLSTM+Attention,val,77.558082_12.710577,2024-02-01,0.75154454,0.7336354
BiLSTM+Attention,val,77.558082_12.827358,2024-02-01,0.64032173,0.62510574
BiLSTM+Attention,val,77.558082_12.845324,2024-02-01,0.6188579,0.60596
BiLSTM+Attention,val,77.558082_13.042953,2024-02-01,0.5939521,0.5780526
BiLSTM+Attention,val,77.558082_13.051936,2024-02-01,0.6241614,0.5932426
BiLSTM+Attention,val,77.558082_13.110327,2024-02-01,0.461616,0.4572532
BiLSTM+Attention,val,77.558082_13.168717,2024-02-01,0.46592164,0.46780318
BiLSTM+Attention,val,77.558082_13.1777,2024-02-01,0.4475633,0.44638857
BiLSTM+Attention,val,77.562574_12.71956,2024-02-01,0.7258055,0.71003884
BiLSTM+Attention,val,77.562574_12.827358,2024-02-01,0.6477109,0.62940896
BiLSTM+Attention,val,77.562574_12.858799,2024-02-01,0.46850604,0.47125402
BiLSTM+Attention,val,77.562574_12.872273,2024-02-01,0.55079055,0.54191
BiLSTM+Attention,val,77.562574_12.876765,2024-02-01,0.5736184,0.5703353
BiLSTM+Attention,val,77.562574_13.141768,2024-02-01,0.4399815,0.44555444
BiLSTM+Attention,val,77.562574_13.159734,2024-02-01,0.46842545,0.4730672
BiLSTM+Attention,val,77.562574_13.173209,2024-02-01,0.4750851,0.47270828
BiLSTM+Attention,val,77.567065_12.724051,2024-02-01,0.6729162,0.66594434
BiLSTM+Attention,val,77.567065_12.813883,2024-02-01,0.6323448,0.61965656
BiLSTM+Attention,val,77.567065_12.849815,2024-02-01,0.61483634,0.6057836
BiLSTM+Attention,val,77.567065_13.105835,2024-02-01,0.52418447,0.50842047
BiLSTM+Attention,val,77.567065_13.114818,2024-02-01,0.56963336,0.54641736
BiLSTM+Attention,val,77.567065_13.182192,2024-02-01,0.47163174,0.4714359
BiLSTM+Attention,val,77.571557_12.71956,2024-02-01,0.70873237,0.6997917
BiLSTM+Attention,val,77.571557_12.800408,2024-02-01,0.63026154,0.6195899
BiLSTM+Attention,val,77.571557_12.813883,2024-02-01,0.701397,0.68204755
BiLSTM+Attention,val,77.571557_12.849815,2024-02-01,0.61862755,0.6069804
BiLSTM+Attention,val,77.571557_13.141768,2024-02-01,0.44414762,0.44277924
BiLSTM+Attention,val,77.571557_13.146259,2024-02-01,0.4475225,0.4494434
BiLSTM+Attention,val,77.576048_12.71956,2024-02-01,0.67494553,0.66525817
BiLSTM+Attention,val,77.576048_12.728543,2024-02-01,0.6710869,0.6656315
BiLSTM+Attention,val,77.576048_12.742018,2024-02-01,0.6683531,0.6522673
BiLSTM+Attention,val,77.576048_12.813883,2024-02-01,0.72097784,0.696522
BiLSTM+Attention,val,77.576048_12.827358,2024-02-01,0.60436505,0.5919364
BiLSTM+Attention,val,77.58054_12.800408,2024-02-01,0.6694614,0.653187
BiLSTM+Attention,val,77.58054_12.845324,2024-02-01,0.6209876,0.60063386
BiLSTM+Attention,val,77.58054_13.083377,2024-02-01,0.48663372,0.48042727
BiLSTM+Attention,val,77.58054_13.087869,2024-02-01,0.4606296,0.45299712
BiLSTM+Attention,val,77.585031_12.849815,2024-02-01,0.61843145,0.6014354
BiLSTM+Attention,val,77.585031_13.042953,2024-02-01,0.62240815,0.5993702
BiLSTM+Attention,val,77.585031_13.137276,2024-02-01,0.4511974,0.45545527
BiLSTM+Attention,val,77.589523_12.71956,2024-02-01,0.78181833,0.7637568
BiLSTM+Attention,val,77.589523_12.746509,2024-02-01,0.669419,0.6594151
BiLSTM+Attention,val,77.589523_12.854307,2024-02-01,0.566119,0.552103
BiLSTM+Attention,val,77.589523_12.971088,2024-02-01,0.68557835,0.65380806
BiLSTM+Attention,val,77.589523_13.083377,2024-02-01,0.5704342,0.5558151
BiLSTM+Attention,val,77.589523_13.150751,2024-02-01,0.45667574,0.4529954
BiLSTM+Attention,val,77.594015_12.724051,2024-02-01,0.7590331,0.74501884
BiLSTM+Attention,val,77.594015_12.733034,2024-02-01,0.7297446,0.7183689
BiLSTM+Attention,val,77.594015_12.755492,2024-02-01,0.6316832,0.62111264
BiLSTM+Attention,val,77.594015_12.831849,2024-02-01,0.58092093,0.5622471
BiLSTM+Attention,val,77.594015_12.836341,2024-02-01,0.60057086,0.5804663
BiLSTM+Attention,val,77.594015_12.840832,2024-02-01,0.60109526,0.58079153
BiLSTM+Attention,val,77.594015_12.849815,2024-02-01,0.59193474,0.57508904
BiLSTM+Attention,val,77.594015_12.998037,2024-02-01,0.6794404,0.6538014
BiLSTM+Attention,val,77.594015_13.087869,2024-02-01,0.55510795,0.53766173
BiLSTM+Attention,val,77.598506_12.665661,2024-02-01,0.76138943,0.73826134
BiLSTM+Attention,val,77.598506_12.710577,2024-02-01,0.68948853,0.6755147
BiLSTM+Attention,val,77.598506_12.822866,2024-02-01,0.6057493,0.5877781
BiLSTM+Attention,val,77.598506_12.849815,2024-02-01,0.6319027,0.61866534
BiLSTM+Attention,val,77.598506_13.083377,2024-02-01,0.548123,0.531069
BiLSTM+Attention,val,77.598506_13.128293,2024-02-01,0.5126441,0.50903964
BiLSTM+Attention,val,77.598506_13.141768,2024-02-01,0.4264239,0.42879665
BiLSTM+Attention,val,77.598506_13.146259,2024-02-01,0.40638778,0.41343498
BiLSTM+Attention,val,77.602998_12.710577,2024-02-01,0.72636867,0.7061243
BiLSTM+Attention,val,77.602998_12.827358,2024-02-01,0.5215197,0.5115848
BiLSTM+Attention,val,77.602998_12.849815,2024-02-01,0.5317251,0.51802033
BiLSTM+Attention,val,77.602998_12.858799,2024-02-01,0.5405084,0.5264682
BiLSTM+Attention,val,77.602998_13.114818,2024-02-01,0.5402437,0.53147435
BiLSTM+Attention,val,77.602998_13.11931,2024-02-01,0.533989,0.52290463
BiLSTM+Attention,val,77.602998_13.128293,2024-02-01,0.4808853,0.47749132
BiLSTM+Attention,val,77.602998_13.164226,2024-02-01,0.44054183,0.43737745
BiLSTM+Attention,val,77.607489_12.768967,2024-02-01,0.5933983,0.58842874
BiLSTM+Attention,val,77.607489_12.773459,2024-02-01,0.56692857,0.5602528
BiLSTM+Attention,val,77.607489_12.791425,2024-02-01,0.55498624,0.5453343
BiLSTM+Attention,val,77.607489_12.809391,2024-02-01,0.64152706,0.623621
BiLSTM+Attention,val,77.607489_12.818374,2024-02-01,0.6693279,0.65042895
BiLSTM+Attention,val,77.607489_13.087869,2024-02-01,0.6442503,0.6281012
BiLSTM+Attention,val,77.611981_12.674644,2024-02-01,0.7563221,0.7311809
BiLSTM+Attention,val,77.611981_12.768967,2024-02-01,0.5497112,0.53926045
BiLSTM+Attention,val,77.611981_12.831849,2024-02-01,0.5572207,0.540616
BiLSTM+Attention,val,77.611981_12.867782,2024-02-01,0.511873,0.4989375
BiLSTM+Attention,val,77.611981_12.953122,2024-02-01,0.6878382,0.6629318
BiLSTM+Attention,val,77.611981_13.105835,2024-02-01,0.5105675,0.48899204
BiLSTM+Attention,val,77.611981_13.168717,2024-02-01,0.41500652,0.42329574
BiLSTM+Attention,val,77.611981_13.182192,2024-02-01,0.38799754,0.41075194
BiLSTM+Attention,val,77.616473_12.831849,2024-02-01,0.59849703,0.58096004
BiLSTM+Attention,val,77.616473_12.858799,2024-02-01,0.5229512,0.51220727
BiLSTM+Attention,val,77.616473_13.114818,2024-02-01,0.53710926,0.5226881
BiLSTM+Attention,val,77.616473_13.141768,2024-02-01,0.46305028,0.4588342
BiLSTM+Attention,val,77.616473_13.1777,2024-02-01,0.3809306,0.40547678
BiLSTM+Attention,val,77.620964_12.674644,2024-02-01,0.7633242,0.7383747
BiLSTM+Attention,val,77.620964_12.795916,2024-02-01,0.5036346,0.50077236
BiLSTM+Attention,val,77.620964_12.813883,2024-02-01,0.49490356,0.4944077
BiLSTM+Attention,val,77.620964_12.845324,2024-02-01,0.6342538,0.6131597
BiLSTM+Attention,val,77.620964_12.858799,2024-02-01,0.50418603,0.49821597
BiLSTM+Attention,val,77.620964_13.132785,2024-02-01,0.5146191,0.5068526
BiLSTM+Attention,val,77.625456_12.782442,2024-02-01,0.5327295,0.5236397
BiLSTM+Attention,val,77.625456_12.858799,2024-02-01,0.46967924,0.4697972
BiLSTM+Attention,val,77.625456_13.065411,2024-02-01,0.41089988,0.4149505
BiLSTM+Attention,val,77.625456_13.128293,2024-02-01,0.51835316,0.51045305
BiLSTM+Attention,val,77.625456_13.137276,2024-02-01,0.45304278,0.45689794
BiLSTM+Attention,val,77.625456_13.155243,2024-02-01,0.5730042,0.557589
BiLSTM+Attention,val,77.625456_13.182192,2024-02-01,0.41541338,0.4224795
BiLSTM+Attention,val,77.629947_12.795916,2024-02-01,0.7122119,0.6836329
BiLSTM+Attention,val,77.629947_12.809391,2024-02-01,0.51728994,0.5154031
BiLSTM+Attention,val,77.629947_12.836341,2024-02-01,0.57426,0.55842096
BiLSTM+Attention,val,77.629947_12.854307,2024-02-01,0.5233481,0.518697
BiLSTM+Attention,val,77.629947_12.858799,2024-02-01,0.4917502,0.49044356
BiLSTM+Attention,val,77.629947_13.06092,2024-02-01,0.4341423,0.4265607
BiLSTM+Attention,val,77.629947_13.087869,2024-02-01,0.43444476,0.4267558
BiLSTM+Attention,val,77.629947_13.1777,2024-02-01,0.44271207,0.4448142
BiLSTM+Attention,val,77.634439_12.679136,2024-02-01,0.70811534,0.68502164
BiLSTM+Attention,val,77.634439_12.701593,2024-02-01,0.6546463,0.6415601
BiLSTM+Attention,val,77.634439_12.733034,2024-02-01,0.5080822,0.502627
BiLSTM+Attention,val,77.634439_12.746509,2024-02-01,0.54200584,0.5319617
BiLSTM+Attention,val,77.634439_12.751001,2024-02-01,0.5380731,0.5295885
BiLSTM+Attention,val,77.634439_12.849815,2024-02-01,0.5288346,0.5159259
BiLSTM+Attention,val,77.634439_13.047445,2024-02-01,0.49459785,0.4796883
BiLSTM+Attention,val,77.634439_13.083377,2024-02-01,0.3966845,0.39429146
BiLSTM+Attention,val,77.634439_13.137276,2024-02-01,0.41142187,0.41455433
BiLSTM+Attention,val,77.63893_12.688119,2024-02-01,0.6476117,0.63775545
BiLSTM+Attention,val,77.63893_12.742018,2024-02-01,0.5574553,0.5438466
BiLSTM+Attention,val,77.63893_12.791425,2024-02-01,0.5505665,0.5385916
BiLSTM+Attention,val,77.63893_12.800408,2024-02-01,0.50435156,0.5036094
BiLSTM+Attention,val,77.63893_12.818374,2024-02-01,0.5223642,0.51172996
BiLSTM+Attention,val,77.63893_12.840832,2024-02-01,0.6005605,0.5782117
BiLSTM+Attention,val,77.63893_12.872273,2024-02-01,0.4444553,0.44624275
BiLSTM+Attention,val,77.63893_12.917189,2024-02-01,0.6858772,0.65941656
BiLSTM+Attention,val,77.63893_12.989054,2024-02-01,0.59640694,0.57742774
BiLSTM+Attention,val,77.63893_13.056428,2024-02-01,0.45539665,0.43679887
BiLSTM+Attention,val,77.63893_13.078886,2024-02-01,0.40216807,0.38954854
BiLSTM+Attention,val,77.63893_13.083377,2024-02-01,0.39095038,0.38953453
BiLSTM+Attention,val,77.63893_13.1777,2024-02-01,0.42413187,0.4271648
BiLSTM+Attention,val,77.643422_12.795916,2024-02-01,0.5268572,0.5216023
BiLSTM+Attention,val,77.643422_12.800408,2024-02-01,0.5092777,0.5045326
BiLSTM+Attention,val,77.643422_12.809391,2024-02-01,0.5365871,0.52663475
BiLSTM+Attention,val,77.643422_12.867782,2024-02-01,0.48273388,0.47423485
BiLSTM+Attention,val,77.643422_13.002529,2024-02-01,0.52181596,0.50994647
BiLSTM+Attention,val,77.643422_13.038462,2024-02-01,0.5183315,0.5001234
BiLSTM+Attention,val,77.643422_13.164226,2024-02-01,0.5303646,0.5185133
BiLSTM+Attention,val,77.647914_12.688119,2024-02-01,0.6865232,0.66633296
BiLSTM+Attention,val,77.647914_12.733034,2024-02-01,0.54073185,0.5359567
BiLSTM+Attention,val,77.647914_12.881256,2024-02-01,0.49751526,0.4875851
BiLSTM+Attention,val,77.647914_12.935155,2024-02-01,0.632683,0.6175186
BiLSTM+Attention,val,77.647914_13.141768,2024-02-01,0.56143254,0.5527009
BiLSTM+Attention,val,77.647914_13.168717,2024-02-01,0.60037756,0.5830627
BiLSTM+Attention,val,77.652405_12.697102,2024-02-01,0.65142083,0.6453271
BiLSTM+Attention,val,77.652405_12.773459,2024-02-01,0.5131444,0.51274925
BiLSTM+Attention,val,77.652405_12.795916,2024-02-01,0.48802078,0.49060214
BiLSTM+Attention,val,77.652405_12.8049,2024-02-01,0.54362357,0.5375359
BiLSTM+Attention,val,77.652405_12.858799,2024-02-01,0.634313,0.6131679
BiLSTM+Attention,val,77.652405_12.926172,2024-02-01,0.62199146,0.60345906
BiLSTM+Attention,val,77.652405_13.002529,2024-02-01,0.51041555,0.49305993
BiLSTM+Attention,val,77.656897_12.742018,2024-02-01,0.56807053,0.55487645
BiLSTM+Attention,val,77.656897_12.746509,2024-02-01,0.54803437,0.54246104
BiLSTM+Attention,val,77.656897_12.768967,2024-02-01,0.5641699,0.55545706
BiLSTM+Attention,val,77.656897_12.791425,2024-02-01,0.5062963,0.50483817
BiLSTM+Attention,val,77.656897_12.800408,2024-02-01,0.55874693,0.5491113
BiLSTM+Attention,val,77.656897_12.831849,2024-02-01,0.56250805,0.549578
BiLSTM+Attention,val,77.656897_12.849815,2024-02-01,0.45503905,0.45690164
BiLSTM+Attention,val,77.656897_12.939647,2024-02-01,0.56745154,0.55061376
BiLSTM+Attention,val,77.656897_13.101344,2024-02-01,0.42175785,0.42001525
BiLSTM+Attention,val,77.656897_13.164226,2024-02-01,0.43289116,0.4387769
BiLSTM+Attention,val,77.656897_13.173209,2024-02-01,0.4047111,0.41433394
BiLSTM+Attention,val,77.661388_12.737526,2024-02-01,0.5709043,0.5652358
BiLSTM+Attention,val,77.661388_12.759984,2024-02-01,0.5779922,0.57138956
BiLSTM+Attention,val,77.661388_13.056428,2024-02-01,0.47607216,0.46182397
BiLSTM+Attention,val,77.661388_13.074394,2024-02-01,0.47723156,0.47000262
BiLSTM+Attention,val,77.661388_13.087869,2024-02-01,0.42973712,0.42567003
BiLSTM+Attention,val,77.661388_13.101344,2024-02-01,0.4176325,0.41633144
BiLSTM+Attention,val,77.661388_13.110327,2024-02-01,0.47901383,0.4562277
BiLSTM+Attention,val,77.661388_13.11931,2024-02-01,0.53242344,0.5176312
BiLSTM+Attention,val,77.66588_12.679136,2024-02-01,0.6401084,0.6288044
BiLSTM+Attention,val,77.66588_12.697102,2024-02-01,0.6055029,0.6018264
BiLSTM+Attention,val,77.66588_12.715068,2024-02-01,0.58211964,0.5823699
BiLSTM+Attention,val,77.66588_12.724051,2024-02-01,0.57433575,0.57142574
BiLSTM+Attention,val,77.66588_12.751001,2024-02-01,0.53800446,0.5374102
BiLSTM+Attention,val,77.66588_12.755492,2024-02-01,0.58154815,0.57214123
BiLSTM+Attention,val,77.66588_12.764475,2024-02-01,0.55975103,0.55346626
BiLSTM+Attention,val,77.66588_12.768967,2024-02-01,0.6881958,0.66833436
BiLSTM+Attention,val,77.66588_12.791425,2024-02-01,0.59510356,0.5876184
BiLSTM+Attention,val,77.66588_12.953122,2024-02-01,0.58843607,0.5676726
BiLSTM+Attention,val,77.66588_13.038462,2024-02-01,0.487815,0.47046134
BiLSTM+Attention,val,77.66588_13.051936,2024-02-01,0.5136951,0.4975655
BiLSTM+Attention,val,77.66588_13.173209,2024-02-01,0.41141883,0.41922045
BiLSTM+Attention,val,77.670371_12.71956,2024-02-01,0.5752003,0.5770354
BiLSTM+Attention,val,77.670371_12.86329,2024-02-01,0.48913053,0.47893345
BiLSTM+Attention,val,77.670371_12.881256,2024-02-01,0.48002794,0.47527236
BiLSTM+Attention,val,77.670371_12.894731,2024-02-01,0.42732802,0.4259205
BiLSTM+Attention,val,77.670371_13.069903,2024-02-01,0.41740853,0.41597322
BiLSTM+Attention,val,77.670371_13.083377,2024-02-01,0.3783292,0.3829696
BiLSTM+Attention,val,77.670371_13.092361,2024-02-01,0.3816693,0.39203444
BiLSTM+Attention,val,77.670371_13.128293,2024-02-01,0.46291643,0.46117133
BiLSTM+Attention,val,77.674863_12.674644,2024-02-01,0.67803085,0.66694194
BiLSTM+Attention,val,77.674863_12.71956,2024-02-01,0.58435917,0.58335817
BiLSTM+Attention,val,77.674863_12.755492,2024-02-01,0.5256721,0.5225127
BiLSTM+Attention,val,77.674863_12.764475,2024-02-01,0.5402547,0.53622466
BiLSTM+Attention,val,77.674863_12.786933,2024-02-01,0.56944144,0.56474715
BiLSTM+Attention,val,77.674863_12.836341,2024-02-01,0.5117842,0.5063289
BiLSTM+Attention,val,77.674863_12.867782,2024-02-01,0.6635178,0.6388229
BiLSTM+Attention,val,77.674863_13.051936,2024-02-01,0.5225299,0.4982341
BiLSTM+Attention,val,77.674863_13.069903,2024-02-01,0.3994407,0.398925
BiLSTM+Attention,val,77.674863_13.092361,2024-02-01,0.40144584,0.40622973
BiLSTM+Attention,val,77.674863_13.105835,2024-02-01,0.45588303,0.4515105
BiLSTM+Attention,val,77.679355_12.697102,2024-02-01,0.5510583,0.5504254
BiLSTM+Attention,val,77.679355_12.746509,2024-02-01,0.637435,0.6243124
BiLSTM+Attention,val,77.679355_12.881256,2024-02-01,0.5058982,0.4949002
BiLSTM+Attention,val,77.679355_12.89024,2024-02-01,0.51888114,0.5065135
BiLSTM+Attention,val,77.679355_12.899223,2024-02-01,0.4402591,0.43950593
BiLSTM+Attention,val,77.679355_13.047445,2024-02-01,0.6998269,0.6627103
BiLSTM+Attention,val,77.679355_13.056428,2024-02-01,0.49433008,0.47555584
BiLSTM+Attention,val,77.679355_13.074394,2024-02-01,0.41820708,0.41130936
BiLSTM+Attention,val,77.679355_13.101344,2024-02-01,0.41949868,0.41945612
BiLSTM+Attention,val,77.679355_13.141768,2024-02-01,0.45332167,0.44583997
BiLSTM+Attention,val,77.679355_13.155243,2024-02-01,0.38120866,0.38585204
BiLSTM+Attention,val,77.679355_13.159734,2024-02-01,0.405589,0.4130218
BiLSTM+Attention,val,77.683846_12.728543,2024-02-01,0.56799805,0.55912286
BiLSTM+Attention,val,77.683846_12.742018,2024-02-01,0.5036637,0.50193036
BiLSTM+Attention,val,77.683846_12.755492,2024-02-01,0.6796966,0.66302514
BiLSTM+Attention,val,77.683846_12.795916,2024-02-01,0.5477902,0.53836733
BiLSTM+Attention,val,77.683846_12.8049,2024-02-01,0.5066923,0.5071084
BiLSTM+Attention,val,77.683846_12.836341,2024-02-01,0.55607414,0.5505394
BiLSTM+Attention,val,77.683846_12.840832,2024-02-01,0.5644326,0.5554709
BiLSTM+Attention,val,77.683846_12.894731,2024-02-01,0.5325867,0.5209395
BiLSTM+Attention,val,77.683846_12.917189,2024-02-01,0.44598138,0.4473535
BiLSTM+Attention,val,77.683846_12.939647,2024-02-01,0.68233675,0.66171706
BiLSTM+Attention,val,77.683846_13.029478,2024-02-01,0.37369445,0.37162176
BiLSTM+Attention,val,77.683846_13.06092,2024-02-01,0.46718928,0.46045497
BiLSTM+Attention,val,77.683846_13.074394,2024-02-01,0.38575915,0.3776242
BiLSTM+Attention,val,77.683846_13.11931,2024-02-01,0.36479932,0.373768
BiLSTM+Attention,val,77.683846_13.123802,2024-02-01,0.41314554,0.41322935
BiLSTM+Attention,val,77.688338_12.656678,2024-02-01,0.68875325,0.6668886
BiLSTM+Attention,val,77.688338_12.69261,2024-02-01,0.7314796,0.7126758
BiLSTM+Attention,val,77.688338_12.697102,2024-02-01,0.73685026,0.71593046
BiLSTM+Attention,val,77.688338_12.710577,2024-02-01,0.7341851,0.7160227
BiLSTM+Attention,val,77.688338_12.751001,2024-02-01,0.57970256,0.57036686
BiLSTM+Attention,val,77.688338_12.755492,2024-02-01,0.5521567,0.5470415
BiLSTM+Attention,val,77.688338_12.876765,2024-02-01,0.7217394,0.683616
BiLSTM+Attention,val,77.688338_12.885748,2024-02-01,0.5448394,0.53694886
BiLSTM+Attention,val,77.688338_12.966596,2024-02-01,0.5596784,0.5421354
BiLSTM+Attention,val,77.692829_12.746509,2024-02-01,0.48070493,0.48234516
BiLSTM+Attention,val,77.692829_12.800408,2024-02-01,0.50986904,0.50125474
BiLSTM+Attention,val,77.692829_12.845324,2024-02-01,0.57374334,0.56480443
BiLSTM+Attention,val,77.692829_12.885748,2024-02-01,0.5704633,0.5562424
BiLSTM+Attention,val,77.692829_12.899223,2024-02-01,0.49557915,0.47887182
BiLSTM+Attention,val,77.692829_13.047445,2024-02-01,0.67270285,0.6279062
BiLSTM+Attention,val,77.692829_13.06092,2024-02-01,0.56226146,0.546957
BiLSTM+Attention,val,77.692829_13.065411,2024-02-01,0.5155291,0.50477654
BiLSTM+Attention,val,77.692829_13.083377,2024-02-01,0.3826219,0.39063787
BiLSTM+Attention,val,77.692829_13.096852,2024-02-01,0.3644696,0.37703145
BiLSTM+Attention,val,77.692829_13.132785,2024-02-01,0.34306476,0.35758
BiLSTM+Attention,val,77.692829_13.155243,2024-02-01,0.38233933,0.38581383
BiLSTM+Attention,val,77.697321_12.697102,2024-02-01,0.73965275,0.7235278
BiLSTM+Attention,val,77.697321_12.751001,2024-02-01,0.54442084,0.53232175
BiLSTM+Attention,val,77.697321_12.773459,2024-02-01,0.5117262,0.5133638
BiLSTM+Attention,val,77.697321_12.791425,2024-02-01,0.59479076,0.585533
BiLSTM+Attention,val,77.697321_12.885748,2024-02-01,0.5738957,0.55899453
BiLSTM+Attention,val,77.697321_12.894731,2024-02-01,0.51101184,0.4927171
BiLSTM+Attention,val,77.697321_12.930664,2024-02-01,0.5303878,0.51483387
BiLSTM+Attention,val,77.697321_12.966596,2024-02-01,0.53495854,0.51598525
BiLSTM+Attention,val,77.697321_13.132785,2024-02-01,0.34306476,0.35717422
BiLSTM+Attention,val,77.697321_13.150751,2024-02-01,0.39806986,0.39444798
BiLSTM+Attention,val,77.697321_13.1777,2024-02-01,0.49173713,0.48420644
BiLSTM+Attention,val,77.701812_12.742018,2024-02-01,0.5447119,0.53784
BiLSTM+Attention,val,77.701812_12.77795,2024-02-01,0.511083,0.5078597
BiLSTM+Attention,val,77.701812_12.8049,2024-02-01,0.58167404,0.5743084
BiLSTM+Attention,val,77.701812_12.822866,2024-02-01,0.5512868,0.5517094
BiLSTM+Attention,val,77.701812_12.872273,2024-02-01,0.5064184,0.497459
BiLSTM+Attention,val,77.701812_12.984563,2024-02-01,0.46602222,0.44640213
BiLSTM+Attention,val,77.701812_13.03397,2024-02-01,0.4357148,0.4297087
BiLSTM+Attention,val,77.701812_13.114818,2024-02-01,0.42815357,0.42309415
BiLSTM+Attention,val,77.701812_13.164226,2024-02-01,0.424577,0.4232707
BiLSTM+Attention,val,77.706304_12.746509,2024-02-01,0.5579351,0.5515434
BiLSTM+Attention,val,77.706304_12.751001,2024-02-01,0.5646699,0.55061454
BiLSTM+Attention,val,77.706304_12.759984,2024-02-01,0.481465,0.4895234
BiLSTM+Attention,val,77.706304_12.764475,2024-02-01,0.5189245,0.5177008
BiLSTM+Attention,val,77.706304_12.86329,2024-02-01,0.45825753,0.46190065
BiLSTM+Attention,val,77.706304_12.984563,2024-02-01,0.47333932,0.45305282
BiLSTM+Attention,val,77.706304_13.038462,2024-02-01,0.442429,0.42879146
BiLSTM+Attention,val,77.706304_13.042953,2024-02-01,0.4939407,0.4834685
BiLSTM+Attention,val,77.706304_13.137276,2024-02-01,0.5912004,0.5678167
BiLSTM+Attention,val,77.710796_12.715068,2024-02-01,0.6173306,0.6200329
BiLSTM+Attention,val,77.710796_12.894731,2024-02-01,0.5887814,0.5743147
BiLSTM+Attention,val,77.710796_12.899223,2024-02-01,0.53790426,0.53102136
BiLSTM+Attention,val,77.710796_12.912697,2024-02-01,0.47162205,0.47031027
BiLSTM+Attention,val,77.710796_13.03397,2024-02-01,0.42731512,0.42526054
BiLSTM+Attention,val,77.710796_13.11931,2024-02-01,0.39900675,0.4051001
BiLSTM+Attention,val,77.710796_13.123802,2024-02-01,0.3683992,0.37763783
BiLSTM+Attention,val,77.710796_13.132785,2024-02-01,0.39633378,0.39732015
BiLSTM+Attention,val,77.710796_13.150751,2024-02-01,0.37545705,0.3816616
BiLSTM+Attention,val,77.710796_13.168717,2024-02-01,0.4440218,0.4373121
BiLSTM+Attention,val,77.710796_13.173209,2024-02-01,0.4526369,0.45716137
BiLSTM+Attention,val,77.715287_12.679136,2024-02-01,0.6751931,0.66509557
BiLSTM+Attention,val,77.715287_12.742018,2024-02-01,0.54566795,0.5410734
BiLSTM+Attention,val,77.715287_12.773459,2024-02-01,0.51067495,0.50927013
BiLSTM+Attention,val,77.715287_12.822866,2024-02-01,0.5701331,0.55919427
BiLSTM+Attention,val,77.715287_12.827358,2024-02-01,0.5383876,0.5318104
BiLSTM+Attention,val,77.715287_12.845324,2024-02-01,0.48612782,0.48290306
BiLSTM+Attention,val,77.715287_12.885748,2024-02-01,0.5571835,0.55046636
BiLSTM+Attention,val,77.715287_12.899223,2024-02-01,0.45387036,0.45411578
BiLSTM+Attention,val,77.715287_12.939647,2024-02-01,0.69600457,0.66960293
BiLSTM+Attention,val,77.715287_12.944139,2024-02-01,0.7248348,0.6990639
BiLSTM+Attention,val,77.715287_12.94863,2024-02-01,0.57207346,0.5511609
BiLSTM+Attention,val,77.715287_13.016004,2024-02-01,0.5079047,0.48485297
BiLSTM+Attention,val,77.715287_13.029478,2024-02-01,0.38937593,0.39231676
BiLSTM+Attention,val,77.715287_13.038462,2024-02-01,0.5120206,0.49977583
BiLSTM+Attention,val,77.715287_13.051936,2024-02-01,0.500415,0.488137
BiLSTM+Attention,val,77.715287_13.056428,2024-02-01,0.43363193,0.4268033
BiLSTM+Attention,val,77.715287_13.096852,2024-02-01,0.32810593,0.34682944
BiLSTM+Attention,val,77.715287_13.114818,2024-02-01,0.4640567,0.45770553
BiLSTM+Attention,val,77.715287_13.128293,2024-02-01,0.40892202,0.41187614
BiLSTM+Attention,val,77.719779_12.706085,2024-02-01,0.63304657,0.6352665
BiLSTM+Attention,val,77.719779_12.746509,2024-02-01,0.66848123,0.6573059
BiLSTM+Attention,val,77.719779_12.795916,2024-02-01,0.5297147,0.530659
BiLSTM+Attention,val,77.719779_12.840832,2024-02-01,0.56707567,0.558818
BiLSTM+Attention,val,77.719779_12.903714,2024-02-01,0.4516407,0.4538901
BiLSTM+Attention,val,77.719779_13.069903,2024-02-01,0.3985647,0.4004342
BiLSTM+Attention,val,77.719779_13.105835,2024-02-01,0.4221642,0.42018938
BiLSTM+Attention,val,77.719779_13.123802,2024-02-01,0.37920403,0.38739008
BiLSTM+Attention,val,77.719779_13.137276,2024-02-01,0.38471368,0.38705552
BiLSTM+Attention,val,77.719779_13.155243,2024-02-01,0.37598446,0.37965488
BiLSTM+Attention,val,77.72427_12.674644,2024-02-01,0.5820824,0.5877339
BiLSTM+Attention,val,77.72427_12.697102,2024-02-01,0.50940895,0.52287525
BiLSTM+Attention,val,77.72427_12.701593,2024-02-01,0.53629315,0.5464468
BiLSTM+Attention,val,77.72427_12.724051,2024-02-01,0.5771933,0.56871104
BiLSTM+Attention,val,77.72427_12.786933,2024-02-01,0.5537987,0.5499382
BiLSTM+Attention,val,77.72427_12.791425,2024-02-01,0.55220664,0.5481113
BiLSTM+Attention,val,77.72427_12.840832,2024-02-01,0.54672754,0.54053414
BiLSTM+Attention,val,77.72427_12.867782,2024-02-01,0.49123585,0.4882487
BiLSTM+Attention,val,77.72427_12.885748,2024-02-01,0.52756846,0.52061516
BiLSTM+Attention,val,77.72427_13.024987,2024-02-01,0.6976603,0.6747159
BiLSTM+Attention,val,77.72427_13.06092,2024-02-01,0.4167441,0.4168352
BiLSTM+Attention,val,77.72427_13.074394,2024-02-01,0.42653114,0.42548573
BiLSTM+Attention,val,77.728762_12.706085,2024-02-01,0.6071866,0.6168495
BiLSTM+Attention,val,77.728762_12.724051,2024-02-01,0.6437679,0.6338427
BiLSTM+Attention,val,77.728762_12.759984,2024-02-01,0.5511275,0.54598296
BiLSTM+Attention,val,77.728762_12.782442,2024-02-01,0.5741403,0.5690081
BiLSTM+Attention,val,77.728762_12.809391,2024-02-01,0.56451505,0.5586526
BiLSTM+Attention,val,77.728762_12.858799,2024-02-01,0.56293136,0.5509365
BiLSTM+Attention,val,77.728762_12.876765,2024-02-01,0.57357526,0.56591725
BiLSTM+Attention,val,77.728762_12.885748,2024-02-01,0.51638347,0.5121628
BiLSTM+Attention,val,77.728762_13.016004,2024-02-01,0.68573976,0.6631093
BiLSTM+Attention,val,77.728762_13.047445,2024-02-01,0.48111743,0.47592822
BiLSTM+Attention,val,77.728762_13.087869,2024-02-01,0.4504245,0.44637
BiLSTM+Attention,val,77.728762_13.092361,2024-02-01,0.41231754,0.41367376
BiLSTM+Attention,val,77.733253_12.755492,2024-02-01,0.5217622,0.51761645
BiLSTM+Attention,val,77.733253_12.795916,2024-02-01,0.5237575,0.5175067
BiLSTM+Attention,val,77.733253_12.86329,2024-02-01,0.5761752,0.5690793
BiLSTM+Attention,val,77.733253_12.872273,2024-02-01,0.5597431,0.5526412
BiLSTM+Attention,val,77.733253_12.998037,2024-02-01,0.59121877,0.5802508
BiLSTM+Attention,val,77.733253_13.056428,2024-02-01,0.39344597,0.3993016
BiLSTM+Attention,val,77.737745_12.764475,2024-02-01,0.49957922,0.4996878
BiLSTM+Attention,val,77.737745_12.791425,2024-02-01,0.54251575,0.5394877
BiLSTM+Attention,val,77.737745_12.809391,2024-02-01,0.53826845,0.536392
BiLSTM+Attention,val,77.737745_12.858799,2024-02-01,0.54195976,0.53384
BiLSTM+Attention,val,77.737745_12.872273,2024-02-01,0.5671387,0.56332177
BiLSTM+Attention,val,77.737745_12.881256,2024-02-01,0.58740056,0.57543486
BiLSTM+Attention,val,77.737745_13.051936,2024-02-01,0.41740796,0.42044514
BiLSTM+Attention,val,77.737745_13.06092,2024-02-01,0.42227614,0.4273094
BiLSTM+Attention,val,77.737745_13.078886,2024-02-01,0.44928694,0.44198507
BiLSTM+Attention,val,77.737745_13.101344,2024-02-01,0.37485808,0.38170135
BiLSTM+Attention,val,77.742237_12.697102,2024-02-01,0.64945287,0.64695
BiLSTM+Attention,val,77.742237_12.764475,2024-02-01,0.5143335,0.5112289
BiLSTM+Attention,val,77.742237_12.795916,2024-02-01,0.5089384,0.5042116
BiLSTM+Attention,val,77.742237_12.8049,2024-02-01,0.551738,0.5449575
BiLSTM+Attention,val,77.742237_12.86329,2024-02-01,0.48198393,0.48186707
BiLSTM+Attention,val,77.742237_12.867782,2024-02-01,0.5721296,0.56386715
BiLSTM+Attention,val,77.742237_12.89024,2024-02-01,0.57300967,0.5652992
BiLSTM+Attention,val,77.742237_12.899223,2024-02-01,0.55361074,0.54803944
BiLSTM+Attention,val,77.742237_12.921681,2024-02-01,0.50308007,0.4891939
BiLSTM+Attention,val,77.742237_12.980071,2024-02-01,0.5421285,0.53040576
BiLSTM+Attention,val,77.742237_13.002529,2024-02-01,0.558812,0.54758304
BiLSTM+Attention,val,77.742237_13.016004,2024-02-01,0.5661413,0.54496664
BiLSTM+Attention,val,77.742237_13.038462,2024-02-01,0.39557728,0.40427625
BiLSTM+Attention,val,77.742237_13.074394,2024-02-01,0.3724976,0.3786647
BiLSTM+Attention,val,77.742237_13.078886,2024-02-01,0.4352183,0.42642796
BiLSTM+Attention,val,77.742237_13.101344,2024-02-01,0.3970256,0.40022698
BiLSTM+Attention,val,77.746728_12.751001,2024-02-01,0.54245055,0.537752
BiLSTM+Attention,val,77.746728_12.764475,2024-02-01,0.53366417,0.53058994
BiLSTM+Attention,val,77.746728_12.782442,2024-02-01,0.5690949,0.56176174
BiLSTM+Attention,val,77.746728_12.97558,2024-02-01,0.5626577,0.55102366
BiLSTM+Attention,val,77.746728_12.984563,2024-02-01,0.55278873,0.533392
BiLSTM+Attention,val,77.746728_13.016004,2024-02-01,0.57823044,0.5590812
BiLSTM+Attention,val,77.746728_13.020495,2024-02-01,0.6067049,0.58801234
BiLSTM+Attention,val,77.746728_13.024987,2024-02-01,0.51616794,0.50109965
BiLSTM+Attention,val,77.746728_13.038462,2024-02-01,0.42407027,0.4256781
BiLSTM+Attention,val,77.746728_13.06092,2024-02-01,0.38236696,0.39185718
BiLSTM+Attention,val,77.746728_13.083377,2024-02-01,0.43451548,0.42617106
BiLSTM+Attention,val,77.746728_13.092361,2024-02-01,0.3922479,0.38773906
BiLSTM+Attention,val,77.75122_12.751001,2024-02-01,0.5321701,0.53078
BiLSTM+Attention,val,77.75122_12.755492,2024-02-01,0.57627165,0.56868714
BiLSTM+Attention,val,77.75122_12.768967,2024-02-01,0.49737197,0.5017355
BiLSTM+Attention,val,77.75122_12.77795,2024-02-01,0.5356669,0.53476036
BiLSTM+Attention,val,77.75122_12.894731,2024-02-01,0.49579978,0.48932722
BiLSTM+Attention,val,77.75122_12.993546,2024-02-01,0.49343982,0.4903641
BiLSTM+Attention,val,77.75122_13.020495,2024-02-01,0.53981876,0.5235415
BiLSTM+Attention,val,77.75122_13.03397,2024-02-01,0.43501198,0.43852797
BiLSTM+Attention,val,77.75122_13.038462,2024-02-01,0.40414312,0.4064256
BiLSTM+Attention,val,77.755711_12.706085,2024-02-01,0.564644,0.56708986
BiLSTM+Attention,val,77.755711_12.764475,2024-02-01,0.7303782,0.7120475
BiLSTM+Attention,val,77.755711_12.77795,2024-02-01,0.5184255,0.52087575
BiLSTM+Attention,val,77.755711_12.822866,2024-02-01,0.522412,0.51787716
BiLSTM+Attention,val,77.755711_12.831849,2024-02-01,0.49679536,0.49187624
BiLSTM+Attention,val,77.755711_12.858799,2024-02-01,0.5448854,0.53563535
BiLSTM+Attention,val,77.755711_12.885748,2024-02-01,0.53234357,0.5214899
BiLSTM+Attention,val,77.755711_12.899223,2024-02-01,0.46283782,0.45827204
BiLSTM+Attention,val,77.755711_12.903714,2024-02-01,0.5174932,0.51414084
BiLSTM+Attention,val,77.755711_12.926172,2024-02-01,0.53876436,0.52301264
BiLSTM+Attention,val,77.760203_12.751001,2024-02-01,0.5286969,0.5241125
BiLSTM+Attention,val,77.760203_12.795916,2024-02-01,0.50986147,0.5012216
BiLSTM+Attention,val,77.760203_12.818374,2024-02-01,0.5990473,0.5942877
BiLSTM+Attention,val,77.760203_12.867782,2024-02-01,0.5033448,0.49882683
BiLSTM+Attention,val,77.760203_12.872273,2024-02-01,0.5156193,0.50530237
BiLSTM+Attention,val,77.760203_12.876765,2024-02-01,0.4867754,0.4735214
BiLSTM+Attention,val,77.760203_12.885748,2024-02-01,0.5029346,0.4882766
BiLSTM+Attention,val,77.760203_12.984563,2024-02-01,0.55127096,0.53901154
BiLSTM+Attention,val,77.764695_12.742018,2024-02-01,0.64150476,0.6299422
BiLSTM+Attention,val,77.764695_12.746509,2024-02-01,0.62910026,0.61894464
BiLSTM+Attention,val,77.764695_12.813883,2024-02-01,0.55579436,0.5548304
BiLSTM+Attention,val,77.764695_12.849815,2024-02-01,0.5298977,0.51931566
BiLSTM+Attention,val,77.764695_12.885748,2024-02-01,0.5275986,0.52025706
BiLSTM+Attention,val,77.764695_12.912697,2024-02-01,0.5346703,0.519405
BiLSTM+Attention,val,77.764695_13.03397,2024-02-01,0.38308573,0.38929886
BiLSTM+Attention,val,77.769186_12.751001,2024-02-01,0.6517879,0.6422012
BiLSTM+Attention,val,77.769186_12.791425,2024-02-01,0.4995235,0.49758244
BiLSTM+Attention,val,77.769186_12.800408,2024-02-01,0.5521689,0.5417528
BiLSTM+Attention,val,77.769186_12.8049,2024-02-01,0.58496356,0.57639194
BiLSTM+Attention,val,77.769186_12.809391,2024-02-01,0.52128714,0.51493347
BiLSTM+Attention,val,77.769186_12.876765,2024-02-01,0.54584706,0.53310204
BiLSTM+Attention,val,77.769186_12.894731,2024-02-01,0.5081726,0.4951679
BiLSTM+Attention,val,77.769186_13.016004,2024-02-01,0.49324995,0.47952384
BiLSTM+Attention,val,77.773678_12.746509,2024-02-01,0.6454088,0.6351002
BiLSTM+Attention,val,77.773678_12.858799,2024-02-01,0.48780048,0.47838825
BiLSTM+Attention,val,77.773678_12.885748,2024-02-01,0.4988718,0.48880762
BiLSTM+Attention,val,77.773678_12.899223,2024-02-01,0.4752183,0.47412413
BiLSTM+Attention,val,77.773678_12.908206,2024-02-01,0.5129614,0.5072156
BiLSTM+Attention,val,77.778169_12.809391,2024-02-01,0.48357496,0.47852752
BiLSTM+Attention,val,77.778169_12.885748,2024-02-01,0.5174593,0.5120527
BiLSTM+Attention,val,77.782661_12.786933,2024-02-01,0.5015587,0.5002612
BiLSTM+Attention,val,77.782661_12.791425,2024-02-01,0.52955645,0.5260481
BiLSTM+Attention,val,77.782661_12.89024,2024-02-01,0.5103851,0.50354
BiLSTM+Attention,val,77.787152_12.786933,2024-02-01,0.51540846,0.5127224
BiLSTM+Attention,val,77.787152_12.849815,2024-02-01,0.4899211,0.4892585
BiLSTM+Attention,val,77.787152_12.867782,2024-02-01,0.5003124,0.49404132
BiLSTM+Attention,val,77.791644_12.8049,2024-02-01,0.5149707,0.50965804
BiLSTM+Attention,val,77.791644_12.899223,2024-02-01,0.4991211,0.4967594
BiLSTM+Attention,val,77.796136_12.854307,2024-02-01,0.488893,0.48714694
BiLSTM+Attention,val,77.796136_12.885748,2024-02-01,0.55170435,0.5440673
BiLSTM+Attention,val,77.800627_12.876765,2024-02-01,0.5445593,0.5402872
BiLSTM+Attention,val,77.800627_12.885748,2024-02-01,0.5119741,0.5107472
BiLSTM+Attention,val,77.805119_12.876765,2024-02-01,0.5519485,0.5481003
BiLSTM+Attention,val,77.805119_12.89024,2024-02-01,0.54106086,0.5400828
BiLSTM+Attention,val,77.80961_12.858799,2024-02-01,0.5571514,0.55192107
BiLSTM+Attention,val,77.80961_12.86329,2024-02-01,0.53557307,0.52938944
BiLSTM+Attention,val,77.329012_12.944139,2024-03-01,0.46163604,0.467205
BiLSTM+Attention,val,77.329012_12.962105,2024-03-01,0.6323287,0.6121651
BiLSTM+Attention,val,77.337995_12.921681,2024-03-01,0.5819047,0.5738683
BiLSTM+Attention,val,77.342486_12.926172,2024-03-01,0.62031126,0.6202451
BiLSTM+Attention,val,77.342486_12.935155,2024-03-01,0.64133775,0.62627864
BiLSTM+Attention,val,77.342486_12.944139,2024-03-01,0.60975826,0.60262585
BiLSTM+Attention,val,77.346978_12.86329,2024-03-01,0.50787616,0.5239831
BiLSTM+Attention,val,77.346978_12.962105,2024-03-01,0.4691058,0.4701856
BiLSTM+Attention,val,77.351469_12.89024,2024-03-01,0.4825741,0.5037848
BiLSTM+Attention,val,77.351469_12.930664,2024-03-01,0.6452224,0.6259646
BiLSTM+Attention,val,77.351469_12.939647,2024-03-01,0.6258475,0.61308736
BiLSTM+Attention,val,77.355961_12.899223,2024-03-01,0.49744385,0.5029523
BiLSTM+Attention,val,77.355961_12.94863,2024-03-01,0.43681794,0.45235586
BiLSTM+Attention,val,77.355961_12.962105,2024-03-01,0.6424684,0.62936085
BiLSTM+Attention,val,77.360453_12.867782,2024-03-01,0.3960213,0.41804063
BiLSTM+Attention,val,77.360453_12.908206,2024-03-01,0.5179082,0.51837087
BiLSTM+Attention,val,77.360453_12.926172,2024-03-01,0.6412489,0.62551403
BiLSTM+Attention,val,77.364944_12.854307,2024-03-01,0.43768603,0.448941
BiLSTM+Attention,val,77.364944_12.962105,2024-03-01,0.4257977,0.43800917
BiLSTM+Attention,val,77.369436_12.881256,2024-03-01,0.43857342,0.45667762
BiLSTM+Attention,val,77.369436_12.89024,2024-03-01,0.4363052,0.44677776
BiLSTM+Attention,val,77.369436_12.935155,2024-03-01,0.39896032,0.40706325
BiLSTM+Attention,val,77.369436_12.998037,2024-03-01,0.43548775,0.4479794
BiLSTM+Attention,val,77.369436_13.007021,2024-03-01,0.48045307,0.4840065
BiLSTM+Attention,val,77.373927_12.912697,2024-03-01,0.5393475,0.5379298
BiLSTM+Attention,val,77.373927_12.971088,2024-03-01,0.41925517,0.43049264
BiLSTM+Attention,val,77.373927_13.011512,2024-03-01,0.43358916,0.43995616
BiLSTM+Attention,val,77.373927_13.016004,2024-03-01,0.41788915,0.42390543
BiLSTM+Attention,val,77.378419_12.966596,2024-03-01,0.3946392,0.40066022
BiLSTM+Attention,val,77.382911_12.894731,2024-03-01,0.47976914,0.48368564
BiLSTM+Attention,val,77.382911_12.953122,2024-03-01,0.45437828,0.45489305
BiLSTM+Attention,val,77.382911_12.957613,2024-03-01,0.44900718,0.45039195
BiLSTM+Attention,val,77.387402_12.962105,2024-03-01,0.43985012,0.43872577
BiLSTM+Attention,val,77.387402_12.97558,2024-03-01,0.44072625,0.44296077
BiLSTM+Attention,val,77.387402_12.980071,2024-03-01,0.4432468,0.44623905
BiLSTM+Attention,val,77.391894_12.867782,2024-03-01,0.4794039,0.49701908
BiLSTM+Attention,val,77.391894_12.881256,2024-03-01,0.44626385,0.46415627
BiLSTM+Attention,val,77.391894_12.885748,2024-03-01,0.47842687,0.49300432
BiLSTM+Attention,val,77.396385_12.894731,2024-03-01,0.4814482,0.48936772
BiLSTM+Attention,val,77.396385_12.908206,2024-03-01,0.4398299,0.4465316
BiLSTM+Attention,val,77.396385_12.944139,2024-03-01,0.4870673,0.48613256
BiLSTM+Attention,val,77.396385_12.971088,2024-03-01,0.41068906,0.4202243
BiLSTM+Attention,val,77.396385_12.97558,2024-03-01,0.38680902,0.3933804
BiLSTM+Attention,val,77.396385_13.029478,2024-03-01,0.32223073,0.3346789
BiLSTM+Attention,val,77.400877_12.957613,2024-03-01,0.45455635,0.45257407
BiLSTM+Attention,val,77.400877_12.966596,2024-03-01,0.4075407,0.4207434
BiLSTM+Attention,val,77.400877_13.029478,2024-03-01,0.30989143,0.32227823
BiLSTM+Attention,val,77.405368_12.881256,2024-03-01,0.40707082,0.41704535
BiLSTM+Attention,val,77.405368_12.89024,2024-03-01,0.42993385,0.44235164
BiLSTM+Attention,val,77.405368_12.903714,2024-03-01,0.40317926,0.4130412
BiLSTM+Attention,val,77.405368_12.930664,2024-03-01,0.5284316,0.52571845
BiLSTM+Attention,val,77.405368_12.998037,2024-03-01,0.4282668,0.4299807
BiLSTM+Attention,val,77.405368_13.105835,2024-03-01,0.3529894,0.35360804
BiLSTM+Attention,val,77.405368_13.11931,2024-03-01,0.31534806,0.32266748
BiLSTM+Attention,val,77.40986_12.872273,2024-03-01,0.37249702,0.383272
BiLSTM+Attention,val,77.40986_12.881256,2024-03-01,0.374534,0.39122117
BiLSTM+Attention,val,77.40986_12.962105,2024-03-01,0.46384123,0.47743165
BiLSTM+Attention,val,77.414352_12.930664,2024-03-01,0.47263142,0.47104174
BiLSTM+Attention,val,77.414352_12.989054,2024-03-01,0.39022505,0.40133178
BiLSTM+Attention,val,77.414352_12.993546,2024-03-01,0.39788073,0.39641654
BiLSTM+Attention,val,77.414352_13.03397,2024-03-01,0.36706135,0.37392035
BiLSTM+Attention,val,77.414352_13.096852,2024-03-01,0.33455548,0.3432063
BiLSTM+Attention,val,77.414352_13.11931,2024-03-01,0.3346079,0.3413219
BiLSTM+Attention,val,77.418843_12.876765,2024-03-01,0.38652107,0.39427254
BiLSTM+Attention,val,77.418843_12.89024,2024-03-01,0.41471362,0.42280757
BiLSTM+Attention,val,77.418843_12.94863,2024-03-01,0.46593598,0.46840492
BiLSTM+Attention,val,77.418843_12.971088,2024-03-01,0.42871213,0.43771783
BiLSTM+Attention,val,77.418843_12.993546,2024-03-01,0.43002352,0.42784286
BiLSTM+Attention,val,77.418843_13.016004,2024-03-01,0.3960182,0.40155995
BiLSTM+Attention,val,77.418843_13.024987,2024-03-01,0.3871499,0.40083182
BiLSTM+Attention,val,77.418843_13.029478,2024-03-01,0.3866809,0.4004354
BiLSTM+Attention,val,77.418843_13.146259,2024-03-01,0.2999007,0.31413937
BiLSTM+Attention,val,77.423335_12.876765,2024-03-01,0.3882993,0.39686418
BiLSTM+Attention,val,77.423335_12.921681,2024-03-01,0.48030156,0.47977948
BiLSTM+Attention,val,77.423335_12.930664,2024-03-01,0.4629859,0.46872872
BiLSTM+Attention,val,77.423335_13.002529,2024-03-01,0.4781101,0.46749365
BiLSTM+Attention,val,77.423335_13.092361,2024-03-01,0.27381724,0.28902274
BiLSTM+Attention,val,77.423335_13.141768,2024-03-01,0.35868102,0.36782253
BiLSTM+Attention,val,77.423335_13.150751,2024-03-01,0.30865616,0.3261094
BiLSTM+Attention,val,77.427826_12.845324,2024-03-01,0.33028316,0.36694896
BiLSTM+Attention,val,77.427826_12.858799,2024-03-01,0.38299984,0.39243302
BiLSTM+Attention,val,77.427826_12.930664,2024-03-01,0.47047156,0.4755633
BiLSTM+Attention,val,77.427826_12.939647,2024-03-01,0.41788188,0.4253872
BiLSTM+Attention,val,77.427826_12.944139,2024-03-01,0.43126482,0.44646692
BiLSTM+Attention,val,77.427826_13.020495,2024-03-01,0.39768577,0.40609664
BiLSTM+Attention,val,77.427826_13.024987,2024-03-01,0.38857457,0.39521474
BiLSTM+Attention,val,77.427826_13.110327,2024-03-01,0.35639605,0.36178365
BiLSTM+Attention,val,77.427826_13.132785,2024-03-01,0.41162044,0.41760844
BiLSTM+Attention,val,77.432318_12.858799,2024-03-01,0.39759278,0.40825182
BiLSTM+Attention,val,77.432318_12.86329,2024-03-01,0.4037144,0.41245237
BiLSTM+Attention,val,77.432318_12.867782,2024-03-01,0.3953722,0.40286788
BiLSTM+Attention,val,77.432318_12.881256,2024-03-01,0.43810102,0.4380205
BiLSTM+Attention,val,77.432318_12.885748,2024-03-01,0.5281853,0.5212571
BiLSTM+Attention,val,77.432318_12.957613,2024-03-01,0.41779226,0.4257694
BiLSTM+Attention,val,77.432318_12.998037,2024-03-01,0.34888253,0.36068478
BiLSTM+Attention,val,77.432318_13.087869,2024-03-01,0.35863602,0.3594144
BiLSTM+Attention,val,77.432318_13.092361,2024-03-01,0.31501076,0.3230569
BiLSTM+Attention,val,77.436809_12.818374,2024-03-01,0.5279464,0.52111274
BiLSTM+Attention,val,77.436809_12.840832,2024-03-01,0.4450135,0.44654107
BiLSTM+Attention,val,77.436809_12.854307,2024-03-01,0.41120952,0.42556977
BiLSTM+Attention,val,77.436809_12.912697,2024-03-01,0.5394405,0.52626765
BiLSTM+Attention,val,77.436809_12.926172,2024-03-01,0.4723695,0.47137392
BiLSTM+Attention,val,77.436809_12.944139,2024-03-01,0.43855566,0.45228314
BiLSTM+Attention,val,77.436809_13.03397,2024-03-01,0.37163103,0.38110197
BiLSTM+Attention,val,77.441301_12.818374,2024-03-01,0.53643453,0.5243414
BiLSTM+Attention,val,77.441301_12.831849,2024-03-01,0.42977867,0.43284917
BiLSTM+Attention,val,77.441301_12.836341,2024-03-01,0.45868737,0.46074945
BiLSTM+Attention,val,77.441301_12.840832,2024-03-01,0.43200305,0.43077993
BiLSTM+Attention,val,77.441301_12.944139,2024-03-01,0.475916,0.47574258
BiLSTM+Attention,val,77.441301_12.94863,2024-03-01,0.42992342,0.43498
BiLSTM+Attention,val,77.441301_13.056428,2024-03-01,0.3607927,0.36095738
BiLSTM+Attention,val,77.441301_13.069903,2024-03-01,0.37754706,0.3708592
BiLSTM+Attention,val,77.441301_13.083377,2024-03-01,0.36435035,0.36784947
BiLSTM+Attention,val,77.441301_13.110327,2024-03-01,0.35178876,0.35816085
BiLSTM+Attention,val,77.445793_12.840832,2024-03-01,0.5046628,0.5003613
BiLSTM+Attention,val,77.445793_12.86329,2024-03-01,0.52011734,0.51858777
BiLSTM+Attention,val,77.445793_12.867782,2024-03-01,0.499341,0.49526763
BiLSTM+Attention,val,77.445793_12.912697,2024-03-01,0.44535527,0.44348836
BiLSTM+Attention,val,77.445793_12.957613,2024-03-01,0.41843033,0.4208228
BiLSTM+Attention,val,77.445793_12.984563,2024-03-01,0.43641406,0.4247239
BiLSTM+Attention,val,77.450284_12.809391,2024-03-01,0.48939466,0.49150768
BiLSTM+Attention,val,77.450284_12.872273,2024-03-01,0.49883944,0.49647865
BiLSTM+Attention,val,77.450284_12.89024,2024-03-01,0.49942338,0.4954865
BiLSTM+Attention,val,77.450284_12.971088,2024-03-01,0.40591297,0.4119243
BiLSTM+Attention,val,77.450284_12.993546,2024-03-01,0.31770945,0.32296428
BiLSTM+Attention,val,77.450284_13.029478,2024-03-01,0.35905698,0.3649735
BiLSTM+Attention,val,77.450284_13.047445,2024-03-01,0.37160057,0.3781823
BiLSTM+Attention,val,77.450284_13.146259,2024-03-01,0.42641246,0.4417858
BiLSTM+Attention,val,77.454776_12.809391,2024-03-01,0.45435184,0.46800843
BiLSTM+Attention,val,77.454776_12.885748,2024-03-01,0.48074967,0.48962563
BiLSTM+Attention,val,77.454776_12.980071,2024-03-01,0.35791945,0.3663248
BiLSTM+Attention,val,77.454776_12.993546,2024-03-01,0.34358048,0.34503543
BiLSTM+Attention,val,77.454776_13.078886,2024-03-01,0.3703853,0.3689767
BiLSTM+Attention,val,77.454776_13.087869,2024-03-01,0.33409166,0.34418148
BiLSTM+Attention,val,77.454776_13.114818,2024-03-01,0.41296652,0.41703194
BiLSTM+Attention,val,77.454776_13.141768,2024-03-01,0.42979681,0.4367246
BiLSTM+Attention,val,77.459267_12.8049,2024-03-01,0.5233148,0.5313984
BiLSTM+Attention,val,77.459267_12.822866,2024-03-01,0.48874652,0.48926833
BiLSTM+Attention,val,77.459267_12.845324,2024-03-01,0.49259,0.4949137
BiLSTM+Attention,val,77.459267_12.872273,2024-03-01,0.47015688,0.4734603
BiLSTM+Attention,val,77.459267_12.903714,2024-03-01,0.42352784,0.43074936
BiLSTM+Attention,val,77.459267_12.926172,2024-03-01,0.46662164,0.46367672
BiLSTM+Attention,val,77.459267_12.97558,2024-03-01,0.3726497,0.3805277
BiLSTM+Attention,val,77.459267_13.016004,2024-03-01,0.33444318,0.34012175
BiLSTM+Attention,val,77.459267_13.020495,2024-03-01,0.32799932,0.33814982
BiLSTM+Attention,val,77.459267_13.11931,2024-03-01,0.40982765,0.4140811
BiLSTM+Attention,val,77.463759_12.813883,2024-03-01,0.43458003,0.44574574
BiLSTM+Attention,val,77.463759_12.836341,2024-03-01,0.48958585,0.49068683
BiLSTM+Attention,val,77.463759_12.86329,2024-03-01,0.5064818,0.5079178
BiLSTM+Attention,val,77.463759_12.867782,2024-03-01,0.48845643,0.49240977
BiLSTM+Attention,val,77.463759_12.872273,2024-03-01,0.4642374,0.46923882
BiLSTM+Attention,val,77.463759_12.881256,2024-03-01,0.5161365,0.51889014
BiLSTM+Attention,val,77.463759_12.885748,2024-03-01,0.5196998,0.5132434
BiLSTM+Attention,val,77.463759_12.894731,2024-03-01,0.45930824,0.4706989
BiLSTM+Attention,val,77.463759_12.899223,2024-03-01,0.46191546,0.4628713
BiLSTM+Attention,val,77.463759_12.917189,2024-03-01,0.41500476,0.42669296
BiLSTM+Attention,val,77.463759_12.953122,2024-03-01,0.6696039,0.65639806
BiLSTM+Attention,val,77.463759_13.03397,2024-03-01,0.32690942,0.32482824
BiLSTM+Attention,val,77.463759_13.078886,2024-03-01,0.43885392,0.43078244
BiLSTM+Attention,val,77.46825_12.827358,2024-03-01,0.40217182,0.41309795
BiLSTM+Attention,val,77.46825_12.836341,2024-03-01,0.49697503,0.4963147
BiLSTM+Attention,val,77.46825_12.894731,2024-03-01,0.43945014,0.4507646
BiLSTM+Attention,val,77.46825_12.94863,2024-03-01,0.5092501,0.49415976
BiLSTM+Attention,val,77.46825_12.953122,2024-03-01,0.44466314,0.44063377
BiLSTM+Attention,val,77.46825_12.966596,2024-03-01,0.42273253,0.43321097
BiLSTM+Attention,val,77.46825_13.007021,2024-03-01,0.3433093,0.34653908
BiLSTM+Attention,val,77.46825_13.020495,2024-03-01,0.4121298,0.3999176
BiLSTM+Attention,val,77.46825_13.114818,2024-03-01,0.45391122,0.45382097
BiLSTM+Attention,val,77.46825_13.150751,2024-03-01,0.36455464,0.3775773
BiLSTM+Attention,val,77.46825_13.1777,2024-03-01,0.45501402,0.47301325
BiLSTM+Attention,val,77.472742_12.746509,2024-03-01,0.56097406,0.54445386
BiLSTM+Attention,val,77.472742_12.751001,2024-03-01,0.51478314,0.50056386
BiLSTM+Attention,val,77.472742_12.755492,2024-03-01,0.5317958,0.5231791
BiLSTM+Attention,val,77.472742_12.795916,2024-03-01,0.46835306,0.47812283
BiLSTM+Attention,val,77.472742_12.836341,2024-03-01,0.48703396,0.48774078
BiLSTM+Attention,val,77.472742_12.984563,2024-03-01,0.38464013,0.37601733
BiLSTM+Attention,val,77.472742_13.087869,2024-03-01,0.39303854,0.39562628
BiLSTM+Attention,val,77.477234_12.764475,2024-03-01,0.5261509,0.5175694
BiLSTM+Attention,val,77.477234_12.782442,2024-03-01,0.4619684,0.47044307
BiLSTM+Attention,val,77.477234_12.840832,2024-03-01,0.48878512,0.4928899
BiLSTM+Attention,val,77.477234_12.899223,2024-03-01,0.39974353,0.4076951
BiLSTM+Attention,val,77.477234_12.935155,2024-03-01,0.53575414,0.51282847
BiLSTM+Attention,val,77.477234_12.944139,2024-03-01,0.46583727,0.44900832
BiLSTM+Attention,val,77.477234_12.94863,2024-03-01,0.4766794,0.45833945
BiLSTM+Attention,val,77.477234_12.971088,2024-03-01,0.43540135,0.42986372
BiLSTM+Attention,val,77.477234_13.002529,2024-03-01,0.33887023,0.344216
BiLSTM+Attention,val,77.477234_13.056428,2024-03-01,0.39477512,0.3868374
BiLSTM+Attention,val,77.481725_12.737526,2024-03-01,0.53757244,0.51813674
BiLSTM+Attention,val,77.481725_12.768967,2024-03-01,0.5210899,0.5181676
BiLSTM+Attention,val,77.481725_12.831849,2024-03-01,0.43077588,0.444099
BiLSTM+Attention,val,77.481725_12.89024,2024-03-01,0.47901228,0.4835474
BiLSTM+Attention,val,77.481725_12.894731,2024-03-01,0.44618455,0.45198858
BiLSTM+Attention,val,77.481725_12.944139,2024-03-01,0.47862154,0.4602034
BiLSTM+Attention,val,77.481725_12.971088,2024-03-01,0.36019495,0.363447
BiLSTM+Attention,val,77.481725_12.980071,2024-03-01,0.41344026,0.4000346
BiLSTM+Attention,val,77.481725_13.024987,2024-03-01,0.39351445,0.39290717
BiLSTM+Attention,val,77.481725_13.03397,2024-03-01,0.370587,0.37118426
BiLSTM+Attention,val,77.481725_13.096852,2024-03-01,0.4763709,0.4667109
BiLSTM+Attention,val,77.481725_13.137276,2024-03-01,0.55331165,0.53249604
BiLSTM+Attention,val,77.486217_12.764475,2024-03-01,0.51599234,0.5079886
BiLSTM+Attention,val,77.486217_12.872273,2024-03-01,0.43565518,0.4500649
BiLSTM+Attention,val,77.486217_12.939647,2024-03-01,0.4940916,0.48279202
BiLSTM+Attention,val,77.486217_12.998037,2024-03-01,0.38629863,0.39247763
BiLSTM+Attention,val,77.486217_13.042953,2024-03-01,0.44117966,0.43171299
BiLSTM+Attention,val,77.486217_13.06092,2024-03-01,0.45941484,0.4410487
BiLSTM+Attention,val,77.486217_13.114818,2024-03-01,0.39437562,0.39267468
BiLSTM+Attention,val,77.486217_13.11931,2024-03-01,0.4116505,0.40795442
BiLSTM+Attention,val,77.490708_12.768967,2024-03-01,0.5077467,0.49937624
BiLSTM+Attention,val,77.490708_12.8049,2024-03-01,0.48580563,0.48973
BiLSTM+Attention,val,77.490708_12.849815,2024-03-01,0.506036,0.49282214
BiLSTM+Attention,val,77.490708_12.89024,2024-03-01,0.43805945,0.44885415
BiLSTM+Attention,val,77.490708_13.051936,2024-03-01,0.5078289,0.4903232
BiLSTM+Attention,val,77.490708_13.087869,2024-03-01,0.44887003,0.44917417
BiLSTM+Attention,val,77.490708_13.092361,2024-03-01,0.44434816,0.44283184
BiLSTM+Attention,val,77.490708_13.096852,2024-03-01,0.4744219,0.45991188
BiLSTM+Attention,val,77.490708_13.182192,2024-03-01,0.49350333,0.49302047
BiLSTM+Attention,val,77.490708_13.209142,2024-03-01,0.45231232,0.45046175
BiLSTM+Attention,val,77.4952_12.786933,2024-03-01,0.4680524,0.46834666
BiLSTM+Attention,val,77.4952_12.836341,2024-03-01,0.46245837,0.4715178
BiLSTM+Attention,val,77.4952_12.899223,2024-03-01,0.48530206,0.48355293
BiLSTM+Attention,val,77.4952_12.962105,2024-03-01,0.47822204,0.4543943
BiLSTM+Attention,val,77.4952_13.020495,2024-03-01,0.43594462,0.4277771
BiLSTM+Attention,val,77.4952_13.024987,2024-03-01,0.4255689,0.40926522
BiLSTM+Attention,val,77.4952_13.03397,2024-03-01,0.4787928,0.46480137
BiLSTM+Attention,val,77.4952_13.087869,2024-03-01,0.42313325,0.41960955
BiLSTM+Attention,val,77.4952_13.092361,2024-03-01,0.44958195,0.43673784
BiLSTM+Attention,val,77.4952_13.182192,2024-03-01,0.49305835,0.4894022
BiLSTM+Attention,val,77.499692_12.755492,2024-03-01,0.5736283,0.55538297
BiLSTM+Attention,val,77.499692_12.858799,2024-03-01,0.55352694,0.54920834
BiLSTM+Attention,val,77.499692_12.899223,2024-03-01,0.4672969,0.4671905
BiLSTM+Attention,val,77.499692_12.984563,2024-03-01,0.4284538,0.42293516
BiLSTM+Attention,val,77.499692_13.114818,2024-03-01,0.41353896,0.40908772
BiLSTM+Attention,val,77.499692_13.137276,2024-03-01,0.40645662,0.4057293
BiLSTM+Attention,val,77.499692_13.168717,2024-03-01,0.54190326,0.5410564
BiLSTM+Attention,val,77.504183_12.764475,2024-03-01,0.5786668,0.5717799
BiLSTM+Attention,val,77.504183_12.786933,2024-03-01,0.5360992,0.5273966
BiLSTM+Attention,val,77.504183_12.818374,2024-03-01,0.50312793,0.5036688
BiLSTM+Attention,val,77.504183_12.854307,2024-03-01,0.49546456,0.49984232
BiLSTM+Attention,val,77.504183_12.858799,2024-03-01,0.5522907,0.54960847
BiLSTM+Attention,val,77.504183_12.953122,2024-03-01,0.45641154,0.44404548
BiLSTM+Attention,val,77.504183_13.083377,2024-03-01,0.48132527,0.46892285
BiLSTM+Attention,val,77.504183_13.141768,2024-03-01,0.4836241,0.48528734
BiLSTM+Attention,val,77.504183_13.159734,2024-03-01,0.5725589,0.5599995
BiLSTM+Attention,val,77.504183_13.195667,2024-03-01,0.425717,0.42933714
BiLSTM+Attention,val,77.508675_12.751001,2024-03-01,0.5785115,0.56447095
BiLSTM+Attention,val,77.508675_12.795916,2024-03-01,0.5634734,0.5527249
BiLSTM+Attention,val,77.508675_12.831849,2024-03-01,0.503491,0.49649325
BiLSTM+Attention,val,77.508675_12.836341,2024-03-01,0.52868664,0.5207921
BiLSTM+Attention,val,77.508675_12.845324,2024-03-01,0.49318773,0.4898238
BiLSTM+Attention,val,77.508675_12.903714,2024-03-01,0.42032805,0.4185171
BiLSTM+Attention,val,77.508675_12.912697,2024-03-01,0.46167454,0.44748613
BiLSTM+Attention,val,77.508675_12.917189,2024-03-01,0.52676785,0.51426494
BiLSTM+Attention,val,77.508675_13.114818,2024-03-01,0.37475276,0.3851344
BiLSTM+Attention,val,77.508675_13.137276,2024-03-01,0.4329483,0.4516647
BiLSTM+Attention,val,77.508675_13.159734,2024-03-01,0.55807656,0.5541249
BiLSTM+Attention,val,77.508675_13.191175,2024-03-01,0.44997764,0.44875276
BiLSTM+Attention,val,77.513166_12.746509,2024-03-01,0.6762419,0.67778
BiLSTM+Attention,val,77.513166_12.764475,2024-03-01,0.54250026,0.5293459
BiLSTM+Attention,val,77.513166_12.77795,2024-03-01,0.63559514,0.6170912
BiLSTM+Attention,val,77.513166_12.822866,2024-03-01,0.5775151,0.5647226
BiLSTM+Attention,val,77.513166_12.908206,2024-03-01,0.42362267,0.42922845
BiLSTM+Attention,val,77.513166_13.087869,2024-03-01,0.48059413,0.47738975
BiLSTM+Attention,val,77.513166_13.096852,2024-03-01,0.5444598,0.53932405
BiLSTM+Attention,val,77.513166_13.137276,2024-03-01,0.39702845,0.41154426
BiLSTM+Attention,val,77.513166_13.1777,2024-03-01,0.4752214,0.49268365
BiLSTM+Attention,val,77.517658_12.764475,2024-03-01,0.588383,0.5765452
BiLSTM+Attention,val,77.517658_12.77795,2024-03-01,0.6109646,0.60066104
BiLSTM+Attention,val,77.517658_12.782442,2024-03-01,0.6098008,0.5964557
BiLSTM+Attention,val,77.517658_12.795916,2024-03-01,0.57218206,0.5593432
BiLSTM+Attention,val,77.517658_12.827358,2024-03-01,0.50481987,0.49579772
BiLSTM+Attention,val,77.517658_12.849815,2024-03-01,0.49972978,0.4971961
BiLSTM+Attention,val,77.517658_12.885748,2024-03-01,0.4955645,0.49030638
BiLSTM+Attention,val,77.517658_12.89024,2024-03-01,0.4870824,0.47981882
BiLSTM+Attention,val,77.517658_12.899223,2024-03-01,0.47979662,0.4723441
BiLSTM+Attention,val,77.517658_12.998037,2024-03-01,0.49786708,0.48448625
BiLSTM+Attention,val,77.517658_13.11931,2024-03-01,0.3415041,0.36059704
BiLSTM+Attention,val,77.517658_13.182192,2024-03-01,0.47866875,0.4888916
BiLSTM+Attention,val,77.517658_13.186684,2024-03-01,0.48754394,0.4958372
BiLSTM+Attention,val,77.517658_13.191175,2024-03-01,0.4311855,0.4392016
BiLSTM+Attention,val,77.522149_12.751001,2024-03-01,0.6208395,0.6046579
BiLSTM+Attention,val,77.522149_12.755492,2024-03-01,0.59688735,0.5866556
BiLSTM+Attention,val,77.522149_12.759984,2024-03-01,0.6297288,0.61679065
BiLSTM+Attention,val,77.522149_12.782442,2024-03-01,0.62406206,0.6076347
BiLSTM+Attention,val,77.522149_12.809391,2024-03-01,0.6868823,0.6568889
BiLSTM+Attention,val,77.522149_12.813883,2024-03-01,0.50164217,0.49711218
BiLSTM+Attention,val,77.522149_12.818374,2024-03-01,0.4835183,0.4830022
BiLSTM+Attention,val,77.522149_12.836341,2024-03-01,0.49481055,0.49326658
BiLSTM+Attention,val,77.522149_12.845324,2024-03-01,0.51071227,0.50087404
BiLSTM+Attention,val,77.522149_13.056428,2024-03-01,0.50665057,0.4811828
BiLSTM+Attention,val,77.522149_13.078886,2024-03-01,0.4812421,0.46528673
BiLSTM+Attention,val,77.522149_13.146259,2024-03-01,0.36078632,0.3808458
BiLSTM+Attention,val,77.522149_13.200158,2024-03-01,0.47113714,0.46942717
BiLSTM+Attention,val,77.526641_12.751001,2024-03-01,0.6328389,0.62275994
BiLSTM+Attention,val,77.526641_12.840832,2024-03-01,0.5650943,0.5546037
BiLSTM+Attention,val,77.526641_12.89024,2024-03-01,0.53148425,0.52976525
BiLSTM+Attention,val,77.526641_12.899223,2024-03-01,0.50312567,0.48696506
BiLSTM+Attention,val,77.526641_13.078886,2024-03-01,0.495109,0.47235185
BiLSTM+Attention,val,77.526641_13.105835,2024-03-01,0.35322377,0.35140598
BiLSTM+Attention,val,77.526641_13.110327,2024-03-01,0.34915414,0.35273585
BiLSTM+Attention,val,77.531133_12.791425,2024-03-01,0.52724934,0.5215227
BiLSTM+Attention,val,77.531133_12.795916,2024-03-01,0.56668097,0.5564047
BiLSTM+Attention,val,77.531133_12.800408,2024-03-01,0.5423834,0.52954215
BiLSTM+Attention,val,77.531133_12.822866,2024-03-01,0.51232105,0.504539
BiLSTM+Attention,val,77.531133_12.827358,2024-03-01,0.52513665,0.51541686
BiLSTM+Attention,val,77.531133_12.894731,2024-03-01,0.45540982,0.43874225
BiLSTM+Attention,val,77.531133_13.083377,2024-03-01,0.46369904,0.45399332
BiLSTM+Attention,val,77.531133_13.114818,2024-03-01,0.3608562,0.3704688
BiLSTM+Attention,val,77.531133_13.195667,2024-03-01,0.48219046,0.4874441
BiLSTM+Attention,val,77.535624_12.77795,2024-03-01,0.67073387,0.6512721
BiLSTM+Attention,val,77.535624_12.822866,2024-03-01,0.6152934,0.59704584
BiLSTM+Attention,val,77.535624_12.872273,2024-03-01,0.42027348,0.41652632
BiLSTM+Attention,val,77.535624_12.899223,2024-03-01,0.43637305,0.41773897
BiLSTM+Attention,val,77.535624_13.069903,2024-03-01,0.5674829,0.5457577
BiLSTM+Attention,val,77.535624_13.083377,2024-03-01,0.45630988,0.44792837
BiLSTM+Attention,val,77.535624_13.096852,2024-03-01,0.39717254,0.3903939
BiLSTM+Attention,val,77.535624_13.114818,2024-03-01,0.38654494,0.38465035
BiLSTM+Attention,val,77.535624_13.132785,2024-03-01,0.41179088,0.40213934
BiLSTM+Attention,val,77.535624_13.137276,2024-03-01,0.35405198,0.3530372
BiLSTM+Attention,val,77.535624_13.195667,2024-03-01,0.42427993,0.42874655
BiLSTM+Attention,val,77.540116_12.77795,2024-03-01,0.570391,0.5597676
BiLSTM+Attention,val,77.540116_12.795916,2024-03-01,0.5867248,0.58006287
BiLSTM+Attention,val,77.540116_13.042953,2024-03-01,0.49651605,0.4826489
BiLSTM+Attention,val,77.540116_13.074394,2024-03-01,0.5147173,0.4970646
BiLSTM+Attention,val,77.540116_13.092361,2024-03-01,0.35516763,0.35686868
BiLSTM+Attention,val,77.540116_13.101344,2024-03-01,0.38506883,0.37879205
BiLSTM+Attention,val,77.540116_13.105835,2024-03-01,0.3977394,0.39660358
BiLSTM+Attention,val,77.540116_13.114818,2024-03-01,0.3586296,0.36883044
BiLSTM+Attention,val,77.540116_13.132785,2024-03-01,0.39701253,0.39784294
BiLSTM+Attention,val,77.540116_13.155243,2024-03-01,0.42325735,0.4276647
BiLSTM+Attention,val,77.540116_13.182192,2024-03-01,0.38956243,0.39504492
BiLSTM+Attention,val,77.544607_12.831849,2024-03-01,0.6730117,0.64578456
BiLSTM+Attention,val,77.544607_13.218125,2024-03-01,0.47670856,0.4906353
BiLSTM+Attention,val,77.549099_12.822866,2024-03-01,0.6932092,0.6655415
BiLSTM+Attention,val,77.549099_12.831849,2024-03-01,0.60620457,0.58993757
BiLSTM+Attention,val,77.549099_12.836341,2024-03-01,0.5784201,0.5589143
BiLSTM+Attention,val,77.549099_12.845324,2024-03-01,0.5610182,0.54752636
BiLSTM+Attention,val,77.549099_12.867782,2024-03-01,0.4854916,0.47892076
BiLSTM+Attention,val,77.549099_12.876765,2024-03-01,0.45144397,0.4424487
BiLSTM+Attention,val,77.549099_12.894731,2024-03-01,0.5313607,0.5295149
BiLSTM+Attention,val,77.549099_13.096852,2024-03-01,0.42196745,0.4205671
BiLSTM+Attention,val,77.549099_13.132785,2024-03-01,0.5283388,0.5231206
BiLSTM+Attention,val,77.55359_12.71956,2024-03-01,0.7106964,0.69123393
BiLSTM+Attention,val,77.55359_12.782442,2024-03-01,0.6417127,0.63132375
BiLSTM+Attention,val,77.55359_12.849815,2024-03-01,0.5553657,0.5497336
BiLSTM+Attention,val,77.55359_12.872273,2024-03-01,0.44259587,0.43625188
BiLSTM+Attention,val,77.55359_13.069903,2024-03-01,0.6329439,0.60986876
BiLSTM+Attention,val,77.55359_13.101344,2024-03-01,0.37758443,0.38075155
BiLSTM+Attention,val,77.55359_13.110327,2024-03-01,0.43552798,0.436857
BiLSTM+Attention,val,77.55359_13.128293,2024-03-01,0.5072235,0.50062436
BiLSTM+Attention,val,77.55359_13.168717,2024-03-01,0.43434623,0.43637735
BiLSTM+Attention,val,77.55359_13.173209,2024-03-01,0.35757184,0.358354
BiLSTM+Attention,val,77.558082_12.710577,2024-03-01,0.73868436,0.71819127
BiLSTM+Attention,val,77.558082_12.827358,2024-03-01,0.6237721,0.61534053
BiLSTM+Attention,val,77.558082_12.845324,2024-03-01,0.6023083,0.59321016
BiLSTM+Attention,val,77.558082_13.042953,2024-03-01,0.5741649,0.55681074
BiLSTM+Attention,val,77.558082_13.051936,2024-03-01,0.60437423,0.57862175
BiLSTM+Attention,val,77.558082_13.110327,2024-03-01,0.44372943,0.4425917
BiLSTM+Attention,val,77.558082_13.168717,2024-03-01,0.44803503,0.45509037
BiLSTM+Attention,val,77.558082_13.1777,2024-03-01,0.4296767,0.43117353
BiLSTM+Attention,val,77.562574_12.71956,2024-03-01,0.71294534,0.69395155
BiLSTM+Attention,val,77.562574_12.827358,2024-03-01,0.6311612,0.61902726
BiLSTM+Attention,val,77.562574_12.858799,2024-03-01,0.45195636,0.45911163
BiLSTM+Attention,val,77.562574_12.872273,2024-03-01,0.53424084,0.52727544
BiLSTM+Attention,val,77.562574_12.876765,2024-03-01,0.55706877,0.5550169
BiLSTM+Attention,val,77.562574_13.141768,2024-03-01,0.4220949,0.4304384
BiLSTM+Attention,val,77.562574_13.159734,2024-03-01,0.45053887,0.45703453
BiLSTM+Attention,val,77.562574_13.173209,2024-03-01,0.45719853,0.4585843
BiLSTM+Attention,val,77.567065_12.724051,2024-03-01,0.65878505,0.6500448
BiLSTM+Attention,val,77.567065_12.813883,2024-03-01,0.6182137,0.60712063
BiLSTM+Attention,val,77.567065_12.849815,2024-03-01,0.5982867,0.59352016
BiLSTM+Attention,val,77.567065_13.105835,2024-03-01,0.5062979,0.49300593
BiLSTM+Attention,val,77.567065_13.114818,2024-03-01,0.5517468,0.5316486
BiLSTM+Attention,val,77.567065_13.182192,2024-03-01,0.45374516,0.4586829
BiLSTM+Attention,val,77.571557_12.71956,2024-03-01,0.6958722,0.68625516
BiLSTM+Attention,val,77.571557_12.800408,2024-03-01,0.6161305,0.60640997
BiLSTM+Attention,val,77.571557_12.813883,2024-03-01,0.68726593,0.6691669
BiLSTM+Attention,val,77.571557_12.849815,2024-03-01,0.6020779,0.5956648
BiLSTM+Attention,val,77.571557_13.141768,2024-03-01,0.42626104,0.42779976
BiLSTM+Attention,val,77.571557_13.146259,2024-03-01,0.4296359,0.434
BiLSTM+Attention,val,77.576048_12.71956,2024-03-01,0.66208535,0.6535182
BiLSTM+Attention,val,77.576048_12.728543,2024-03-01,0.6569558,0.65150326
BiLSTM+Attention,val,77.576048_12.742018,2024-03-01,0.654222,0.63778126
BiLSTM+Attention,val,77.576048_12.813883,2024-03-01,0.7068468,0.6831966
BiLSTM+Attention,val,77.576048_12.827358,2024-03-01,0.5878154,0.5814042
BiLSTM+Attention,val,77.58054_12.800408,2024-03-01,0.6553303,0.63809365
BiLSTM+Attention,val,77.58054_12.845324,2024-03-01,0.6044379,0.5868381
BiLSTM+Attention,val,77.58054_13.083377,2024-03-01,0.46684653,0.46528667
BiLSTM+Attention,val,77.58054_13.087869,2024-03-01,0.44084242,0.43753684
BiLSTM+Attention,val,77.585031_12.849815,2024-03-01,0.60188174,0.5872492
BiLSTM+Attention,val,77.585031_13.042953,2024-03-01,0.60262096,0.58093274
BiLSTM+Attention,val,77.585031_13.137276,2024-03-01,0.4333108,0.44128054
BiLSTM+Attention,val,77.589523_12.71956,2024-03-01,0.76895815,0.7509391
BiLSTM+Attention,val,77.589523_12.746509,2024-03-01,0.6552879,0.6434488
BiLSTM+Attention,val,77.589523_12.854307,2024-03-01,0.54956937,0.53631896
BiLSTM+Attention,val,77.589523_12.971088,2024-03-01,0.66645455,0.6290416
BiLSTM+Attention,val,77.589523_13.083377,2024-03-01,0.550647,0.5416568
BiLSTM+Attention,val,77.589523_13.150751,2024-03-01,0.43878913,0.4398919
BiLSTM+Attention,val,77.594015_12.724051,2024-03-01,0.744902,0.73098177
BiLSTM+Attention,val,77.594015_12.733034,2024-03-01,0.71561354,0.70349324
BiLSTM+Attention,val,77.594015_12.755492,2024-03-01,0.61755204,0.6067028
BiLSTM+Attention,val,77.594015_12.831849,2024-03-01,0.5643712,0.5489348
BiLSTM+Attention,val,77.594015_12.836341,2024-03-01,0.5840212,0.5665308
BiLSTM+Attention,val,77.594015_12.840832,2024-03-01,0.58454555,0.56647426
BiLSTM+Attention,val,77.594015_12.849815,2024-03-01,0.57538503,0.559232
BiLSTM+Attention,val,77.594015_12.998037,2024-03-01,0.66031665,0.6297634
BiLSTM+Attention,val,77.594015_13.087869,2024-03-01,0.53532076,0.52247655
BiLSTM+Attention,val,77.598506_12.665661,2024-03-01,0.74852926,0.72357035
BiLSTM+Attention,val,77.598506_12.710577,2024-03-01,0.67662835,0.663391
BiLSTM+Attention,val,77.598506_12.822866,2024-03-01,0.58919966,0.57307315
BiLSTM+Attention,val,77.598506_12.849815,2024-03-01,0.61535305,0.6030526
BiLSTM+Attention,val,77.598506_13.083377,2024-03-01,0.5283358,0.51656735
BiLSTM+Attention,val,77.598506_13.128293,2024-03-01,0.49475753,0.49555826
BiLSTM+Attention,val,77.598506_13.141768,2024-03-01,0.40853733,0.41559044
BiLSTM+Attention,val,77.598506_13.146259,2024-03-01,0.3885012,0.40095526
BiLSTM+Attention,val,77.602998_12.710577,2024-03-01,0.7135085,0.6970545
BiLSTM+Attention,val,77.602998_12.827358,2024-03-01,0.5049701,0.49943408
BiLSTM+Attention,val,77.602998_12.849815,2024-03-01,0.51517546,0.503395
BiLSTM+Attention,val,77.602998_12.858799,2024-03-01,0.52395874,0.5112299
BiLSTM+Attention,val,77.602998_13.114818,2024-03-01,0.5223571,0.5148987
BiLSTM+Attention,val,77.602998_13.11931,2024-03-01,0.51610243,0.5070289
BiLSTM+Attention,val,77.602998_13.128293,2024-03-01,0.46299872,0.4628803
BiLSTM+Attention,val,77.602998_13.164226,2024-03-01,0.42265525,0.4249349
BiLSTM+Attention,val,77.607489_12.768967,2024-03-01,0.5797969,0.5758145
BiLSTM+Attention,val,77.607489_12.773459,2024-03-01,0.55332726,0.5475339
BiLSTM+Attention,val,77.607489_12.791425,2024-03-01,0.5413849,0.53418285
BiLSTM+Attention,val,77.607489_12.809391,2024-03-01,0.6279257,0.60702413
BiLSTM+Attention,val,77.607489_12.818374,2024-03-01,0.65279984,0.635105
BiLSTM+Attention,val,77.607489_13.087869,2024-03-01,0.62508035,0.6126819
BiLSTM+Attention,val,77.611981_12.674644,2024-03-01,0.7445605,0.71694404
BiLSTM+Attention,val,77.611981_12.768967,2024-03-01,0.53610986,0.5248926
BiLSTM+Attention,val,77.611981_12.831849,2024-03-01,0.5406926,0.52567333
BiLSTM+Attention,val,77.611981_12.867782,2024-03-01,0.49534497,0.48503247
BiLSTM+Attention,val,77.611981_12.953122,2024-03-01,0.67005134,0.643844
BiLSTM+Attention,val,77.611981_13.105835,2024-03-01,0.49217746,0.47307986
BiLSTM+Attention,val,77.611981_13.168717,2024-03-01,0.3966165,0.4091925
BiLSTM+Attention,val,77.611981_13.182192,2024-03-01,0.36960748,0.3971259
BiLSTM+Attention,val,77.616473_12.831849,2024-03-01,0.58196896,0.5657093
BiLSTM+Attention,val,77.616473_12.858799,2024-03-01,0.5064231,0.49910212
BiLSTM+Attention,val,77.616473_13.114818,2024-03-01,0.5187192,0.5059319
BiLSTM+Attention,val,77.616473_13.141768,2024-03-01,0.44466025,0.44278616
BiLSTM+Attention,val,77.616473_13.1777,2024-03-01,0.36254057,0.39264673
BiLSTM+Attention,val,77.620964_12.674644,2024-03-01,0.7515626,0.7239339
BiLSTM+Attention,val,77.620964_12.795916,2024-03-01,0.49003324,0.48849425
BiLSTM+Attention,val,77.620964_12.813883,2024-03-01,0.4813022,0.4821755
BiLSTM+Attention,val,77.620964_12.845324,2024-03-01,0.61772573,0.5961702
BiLSTM+Attention,val,77.620964_12.858799,2024-03-01,0.48765796,0.48625267
BiLSTM+Attention,val,77.620964_13.132785,2024-03-01,0.49622908,0.49248183
BiLSTM+Attention,val,77.625456_12.782442,2024-03-01,0.51912814,0.51071155
BiLSTM+Attention,val,77.625456_12.858799,2024-03-01,0.45315117,0.4583406
BiLSTM+Attention,val,77.625456_13.065411,2024-03-01,0.39172998,0.39774716
BiLSTM+Attention,val,77.625456_13.128293,2024-03-01,0.49996313,0.49338168
BiLSTM+Attention,val,77.625456_13.137276,2024-03-01,0.43465272,0.43970373
BiLSTM+Attention,val,77.625456_13.155243,2024-03-01,0.5546141,0.5423898
BiLSTM+Attention,val,77.625456_13.182192,2024-03-01,0.39702332,0.4079777
BiLSTM+Attention,val,77.629947_12.795916,2024-03-01,0.69861054,0.6657201
BiLSTM+Attention,val,77.629947_12.809391,2024-03-01,0.5036886,0.50379443
BiLSTM+Attention,val,77.629947_12.836341,2024-03-01,0.5577319,0.54374003
BiLSTM+Attention,val,77.629947_12.854307,2024-03-01,0.50682,0.50801164
BiLSTM+Attention,val,77.629947_12.858799,2024-03-01,0.47522214,0.4792446
BiLSTM+Attention,val,77.629947_13.06092,2024-03-01,0.4149724,0.41001776
BiLSTM+Attention,val,77.629947_13.087869,2024-03-01,0.41527486,0.41183007
BiLSTM+Attention,val,77.629947_13.1777,2024-03-01,0.424322,0.42861837
BiLSTM+Attention,val,77.634439_12.679136,2024-03-01,0.6963537,0.6687838
BiLSTM+Attention,val,77.634439_12.701593,2024-03-01,0.6428847,0.63269305
BiLSTM+Attention,val,77.634439_12.733034,2024-03-01,0.49448085,0.49201876
BiLSTM+Attention,val,77.634439_12.746509,2024-03-01,0.5284045,0.5196792
BiLSTM+Attention,val,77.634439_12.751001,2024-03-01,0.52447176,0.5170047
BiLSTM+Attention,val,77.634439_12.849815,2024-03-01,0.5123065,0.5029286
BiLSTM+Attention,val,77.634439_13.047445,2024-03-01,0.47542793,0.4608715
BiLSTM+Attention,val,77.634439_13.083377,2024-03-01,0.3775146,0.3788386
BiLSTM+Attention,val,77.634439_13.137276,2024-03-01,0.3930318,0.39798212
BiLSTM+Attention,val,77.63893_12.688119,2024-03-01,0.6358501,0.6231109
BiLSTM+Attention,val,77.63893_12.742018,2024-03-01,0.54385394,0.5328943
BiLSTM+Attention,val,77.63893_12.791425,2024-03-01,0.53696513,0.5217584
BiLSTM+Attention,val,77.63893_12.800408,2024-03-01,0.49075022,0.49362236
BiLSTM+Attention,val,77.63893_12.818374,2024-03-01,0.5058361,0.5011256
BiLSTM+Attention,val,77.63893_12.840832,2024-03-01,0.5840325,0.5611094
BiLSTM+Attention,val,77.63893_12.872273,2024-03-01,0.42792723,0.43098366
BiLSTM+Attention,val,77.63893_12.917189,2024-03-01,0.6680903,0.6368024
BiLSTM+Attention,val,77.63893_12.989054,2024-03-01,0.5786201,0.55794454
BiLSTM+Attention,val,77.63893_13.056428,2024-03-01,0.43622673,0.41938698
BiLSTM+Attention,val,77.63893_13.078886,2024-03-01,0.38299817,0.37462085
BiLSTM+Attention,val,77.63893_13.083377,2024-03-01,0.37178046,0.37424916
BiLSTM+Attention,val,77.63893_13.1777,2024-03-01,0.40574184,0.41160458
BiLSTM+Attention,val,77.643422_12.795916,2024-03-01,0.51325583,0.50870055
BiLSTM+Attention,val,77.643422_12.800408,2024-03-01,0.49567634,0.49211183
BiLSTM+Attention,val,77.643422_12.809391,2024-03-01,0.52298576,0.512831
BiLSTM+Attention,val,77.643422_12.867782,2024-03-01,0.46620584,0.45844325
BiLSTM+Attention,val,77.643422_13.002529,2024-03-01,0.50402904,0.4910571
BiLSTM+Attention,val,77.643422_13.038462,2024-03-01,0.49916163,0.48039252
BiLSTM+Attention,val,77.643422_13.164226,2024-03-01,0.5119746,0.5044971
BiLSTM+Attention,val,77.647914_12.688119,2024-03-01,0.6747616,0.65280634
BiLSTM+Attention,val,77.647914_12.733034,2024-03-01,0.5271305,0.52443314
BiLSTM+Attention,val,77.647914_12.881256,2024-03-01,0.4809872,0.47172
BiLSTM+Attention,val,77.647914_12.935155,2024-03-01,0.61489606,0.5959113
BiLSTM+Attention,val,77.647914_13.141768,2024-03-01,0.54304254,0.53583354
BiLSTM+Attention,val,77.647914_13.168717,2024-03-01,0.5819875,0.57065254
BiLSTM+Attention,val,77.652405_12.697102,2024-03-01,0.6396592,0.6319738
BiLSTM+Attention,val,77.652405_12.773459,2024-03-01,0.499543,0.49472266
BiLSTM+Attention,val,77.652405_12.795916,2024-03-01,0.47441941,0.47707635
BiLSTM+Attention,val,77.652405_12.8049,2024-03-01,0.5300222,0.52406895
BiLSTM+Attention,val,77.652405_12.858799,2024-03-01,0.6177849,0.59944355
BiLSTM+Attention,val,77.652405_12.926172,2024-03-01,0.60420454,0.583371
BiLSTM+Attention,val,77.652405_13.002529,2024-03-01,0.49262863,0.4732887
BiLSTM+Attention,val,77.656897_12.742018,2024-03-01,0.55446917,0.5362434
BiLSTM+Attention,val,77.656897_12.746509,2024-03-01,0.534433,0.5260519
BiLSTM+Attention,val,77.656897_12.768967,2024-03-01,0.5505685,0.541111
BiLSTM+Attention,val,77.656897_12.791425,2024-03-01,0.49269494,0.48953852
BiLSTM+Attention,val,77.656897_12.800408,2024-03-01,0.5451456,0.5332305
BiLSTM+Attention,val,77.656897_12.831849,2024-03-01,0.54598,0.53681606
BiLSTM+Attention,val,77.656897_12.849815,2024-03-01,0.438511,0.44211584
BiLSTM+Attention,val,77.656897_12.939647,2024-03-01,0.5496646,0.5311791
BiLSTM+Attention,val,77.656897_13.101344,2024-03-01,0.40258792,0.4045156
BiLSTM+Attention,val,77.656897_13.164226,2024-03-01,0.4145011,0.4242162
BiLSTM+Attention,val,77.656897_13.173209,2024-03-01,0.38632107,0.39964068
BiLSTM+Attention,val,77.661388_12.737526,2024-03-01,0.55730295,0.5486014
BiLSTM+Attention,val,77.661388_12.759984,2024-03-01,0.56439084,0.55640274
BiLSTM+Attention,val,77.661388_13.056428,2024-03-01,0.45690224,0.44508526
BiLSTM+Attention,val,77.661388_13.074394,2024-03-01,0.45806164,0.4514358
BiLSTM+Attention,val,77.661388_13.087869,2024-03-01,0.4105672,0.40960184
BiLSTM+Attention,val,77.661388_13.101344,2024-03-01,0.39846256,0.40120327
BiLSTM+Attention,val,77.661388_13.110327,2024-03-01,0.46062377,0.4404113
BiLSTM+Attention,val,77.661388_13.11931,2024-03-01,0.5140334,0.5046722
BiLSTM+Attention,val,77.66588_12.679136,2024-03-01,0.6283468,0.61340874
BiLSTM+Attention,val,77.66588_12.697102,2024-03-01,0.5937413,0.58816946
BiLSTM+Attention,val,77.66588_12.715068,2024-03-01,0.57035804,0.5661638
BiLSTM+Attention,val,77.66588_12.724051,2024-03-01,0.5607344,0.5559406
BiLSTM+Attention,val,77.66588_12.751001,2024-03-01,0.5244031,0.5235513
BiLSTM+Attention,val,77.66588_12.755492,2024-03-01,0.5679468,0.55607873
BiLSTM+Attention,val,77.66588_12.764475,2024-03-01,0.5461497,0.5377952
BiLSTM+Attention,val,77.66588_12.768967,2024-03-01,0.67459446,0.6543047
BiLSTM+Attention,val,77.66588_12.791425,2024-03-01,0.5815022,0.57142466
BiLSTM+Attention,val,77.66588_12.953122,2024-03-01,0.57064915,0.54682136
BiLSTM+Attention,val,77.66588_13.038462,2024-03-01,0.4686451,0.4507223
BiLSTM+Attention,val,77.66588_13.051936,2024-03-01,0.4945252,0.48224646
BiLSTM+Attention,val,77.66588_13.173209,2024-03-01,0.39302877,0.40386543
BiLSTM+Attention,val,77.670371_12.71956,2024-03-01,0.5634387,0.5631463
BiLSTM+Attention,val,77.670371_12.86329,2024-03-01,0.47260246,0.46356145
BiLSTM+Attention,val,77.670371_12.881256,2024-03-01,0.46349987,0.45881873
BiLSTM+Attention,val,77.670371_12.894731,2024-03-01,0.41079998,0.41003388
BiLSTM+Attention,val,77.670371_13.069903,2024-03-01,0.39823863,0.39742076
BiLSTM+Attention,val,77.670371_13.083377,2024-03-01,0.3591593,0.36639172
BiLSTM+Attention,val,77.670371_13.092361,2024-03-01,0.36249942,0.37633854
BiLSTM+Attention,val,77.670371_13.128293,2024-03-01,0.44452637,0.44556043
BiLSTM+Attention,val,77.674863_12.674644,2024-03-01,0.66626924,0.6501007
BiLSTM+Attention,val,77.674863_12.71956,2024-03-01,0.57259756,0.56776226
BiLSTM+Attention,val,77.674863_12.755492,2024-03-01,0.5120707,0.5071355
BiLSTM+Attention,val,77.674863_12.764475,2024-03-01,0.52665335,0.52000505
BiLSTM+Attention,val,77.674863_12.786933,2024-03-01,0.5558401,0.5511405
BiLSTM+Attention,val,77.674863_12.836341,2024-03-01,0.49525613,0.48929435
BiLSTM+Attention,val,77.674863_12.867782,2024-03-01,0.64698976,0.62404066
BiLSTM+Attention,val,77.674863_13.051936,2024-03-01,0.50336003,0.48078772
BiLSTM+Attention,val,77.674863_13.069903,2024-03-01,0.38027078,0.38132045
BiLSTM+Attention,val,77.674863_13.092361,2024-03-01,0.38227594,0.3903908
BiLSTM+Attention,val,77.674863_13.105835,2024-03-01,0.43749297,0.43734986
BiLSTM+Attention,val,77.679355_12.697102,2024-03-01,0.5392967,0.53773725
BiLSTM+Attention,val,77.679355_12.746509,2024-03-01,0.62383366,0.6075185
BiLSTM+Attention,val,77.679355_12.881256,2024-03-01,0.48937014,0.4788916
BiLSTM+Attention,val,77.679355_12.89024,2024-03-01,0.5023531,0.49139452
BiLSTM+Attention,val,77.679355_12.899223,2024-03-01,0.42373103,0.42191243
BiLSTM+Attention,val,77.679355_13.047445,2024-03-01,0.68065697,0.6459125
BiLSTM+Attention,val,77.679355_13.056428,2024-03-01,0.47516018,0.45990366
BiLSTM+Attention,val,77.679355_13.074394,2024-03-01,0.39903718,0.39411756
BiLSTM+Attention,val,77.679355_13.101344,2024-03-01,0.4003288,0.4046182
BiLSTM+Attention,val,77.679355_13.141768,2024-03-01,0.4349316,0.42980847
BiLSTM+Attention,val,77.679355_13.155243,2024-03-01,0.3628186,0.36995757
BiLSTM+Attention,val,77.679355_13.159734,2024-03-01,0.38719898,0.39640498
BiLSTM+Attention,val,77.683846_12.728543,2024-03-01,0.5543967,0.54293454
BiLSTM+Attention,val,77.683846_12.742018,2024-03-01,0.49006236,0.4865008
BiLSTM+Attention,val,77.683846_12.755492,2024-03-01,0.66609526,0.6460556
BiLSTM+Attention,val,77.683846_12.795916,2024-03-01,0.53418887,0.5213061
BiLSTM+Attention,val,77.683846_12.8049,2024-03-01,0.49309093,0.490144
BiLSTM+Attention,val,77.683846_12.836341,2024-03-01,0.5395461,0.5324629
BiLSTM+Attention,val,77.683846_12.840832,2024-03-01,0.5479046,0.5377447
BiLSTM+Attention,val,77.683846_12.894731,2024-03-01,0.5160587,0.50621223
BiLSTM+Attention,val,77.683846_12.917189,2024-03-01,0.4281945,0.4264112
BiLSTM+Attention,val,77.683846_12.939647,2024-03-01,0.6645498,0.6386513
BiLSTM+Attention,val,77.683846_13.029478,2024-03-01,0.35452452,0.35128596
BiLSTM+Attention,val,77.683846_13.06092,2024-03-01,0.44801936,0.4435684
BiLSTM+Attention,val,77.683846_13.074394,2024-03-01,0.36658922,0.35822815
BiLSTM+Attention,val,77.683846_13.11931,2024-03-01,0.3464093,0.35720128
BiLSTM+Attention,val,77.683846_13.123802,2024-03-01,0.39475548,0.39884067
BiLSTM+Attention,val,77.688338_12.656678,2024-03-01,0.67699164,0.64842933
BiLSTM+Attention,val,77.688338_12.69261,2024-03-01,0.719718,0.6956554
BiLSTM+Attention,val,77.688338_12.697102,2024-03-01,0.72508866,0.70006233
BiLSTM+Attention,val,77.688338_12.710577,2024-03-01,0.7224235,0.69783056
BiLSTM+Attention,val,77.688338_12.751001,2024-03-01,0.5661012,0.55577314
BiLSTM+Attention,val,77.688338_12.755492,2024-03-01,0.5385553,0.5330475
BiLSTM+Attention,val,77.688338_12.876765,2024-03-01,0.70521134,0.6697209
BiLSTM+Attention,val,77.688338_12.885748,2024-03-01,0.5283113,0.5225609
BiLSTM+Attention,val,77.688338_12.966596,2024-03-01,0.54189146,0.5209601
BiLSTM+Attention,val,77.692829_12.746509,2024-03-01,0.4671036,0.46804607
BiLSTM+Attention,val,77.692829_12.800408,2024-03-01,0.49626768,0.48503697
BiLSTM+Attention,val,77.692829_12.845324,2024-03-01,0.5572153,0.54968214
BiLSTM+Attention,val,77.692829_12.885748,2024-03-01,0.5539352,0.54339314
BiLSTM+Attention,val,77.692829_12.899223,2024-03-01,0.47905108,0.46075717
BiLSTM+Attention,val,77.692829_13.047445,2024-03-01,0.6535329,0.6058849
BiLSTM+Attention,val,77.692829_13.06092,2024-03-01,0.54309154,0.52915835
BiLSTM+Attention,val,77.692829_13.065411,2024-03-01,0.49635917,0.48435295
BiLSTM+Attention,val,77.692829_13.083377,2024-03-01,0.36345202,0.37393808
BiLSTM+Attention,val,77.692829_13.096852,2024-03-01,0.34529966,0.3606513
BiLSTM+Attention,val,77.692829_13.132785,2024-03-01,0.32467473,0.34289742
BiLSTM+Attention,val,77.692829_13.155243,2024-03-01,0.36394927,0.36873728
BiLSTM+Attention,val,77.697321_12.697102,2024-03-01,0.7278911,0.70648897
BiLSTM+Attention,val,77.697321_12.751001,2024-03-01,0.5308195,0.5167363
BiLSTM+Attention,val,77.697321_12.773459,2024-03-01,0.49812484,0.49653417
BiLSTM+Attention,val,77.697321_12.791425,2024-03-01,0.5811894,0.56915206
BiLSTM+Attention,val,77.697321_12.885748,2024-03-01,0.5573676,0.5455199
BiLSTM+Attention,val,77.697321_12.894731,2024-03-01,0.49448377,0.4766499
BiLSTM+Attention,val,77.697321_12.930664,2024-03-01,0.5126009,0.495334
BiLSTM+Attention,val,77.697321_12.966596,2024-03-01,0.5171717,0.49530247
BiLSTM+Attention,val,77.697321_13.132785,2024-03-01,0.32467473,0.34351787
BiLSTM+Attention,val,77.697321_13.150751,2024-03-01,0.3796798,0.37639534
BiLSTM+Attention,val,77.697321_13.1777,2024-03-01,0.4733471,0.4652198
BiLSTM+Attention,val,77.701812_12.742018,2024-03-01,0.53142464,0.52051127
BiLSTM+Attention,val,77.701812_12.77795,2024-03-01,0.49779576,0.4894275
BiLSTM+Attention,val,77.701812_12.8049,2024-03-01,0.5683868,0.5524425
BiLSTM+Attention,val,77.701812_12.822866,2024-03-01,0.5369137,0.53402716
BiLSTM+Attention,val,77.701812_12.872273,2024-03-01,0.49204528,0.47974384
BiLSTM+Attention,val,77.701812_12.984563,2024-03-01,0.44851837,0.42552292
BiLSTM+Attention,val,77.701812_13.03397,2024-03-01,0.4172572,0.4116845
BiLSTM+Attention,val,77.701812_13.114818,2024-03-01,0.41033208,0.4071914
BiLSTM+Attention,val,77.701812_13.164226,2024-03-01,0.4067555,0.40768817
BiLSTM+Attention,val,77.706304_12.746509,2024-03-01,0.5446479,0.5343587
BiLSTM+Attention,val,77.706304_12.751001,2024-03-01,0.55138266,0.5299131
BiLSTM+Attention,val,77.706304_12.759984,2024-03-01,0.46817777,0.477016
BiLSTM+Attention,val,77.706304_12.764475,2024-03-01,0.5056372,0.5032345
BiLSTM+Attention,val,77.706304_12.86329,2024-03-01,0.4438844,0.4434768
BiLSTM+Attention,val,77.706304_12.984563,2024-03-01,0.45583543,0.4307884
BiLSTM+Attention,val,77.706304_13.038462,2024-03-01,0.42397138,0.41096497
BiLSTM+Attention,val,77.706304_13.042953,2024-03-01,0.47548312,0.4676162
BiLSTM+Attention,val,77.706304_13.137276,2024-03-01,0.5733789,0.5560066
BiLSTM+Attention,val,77.710796_12.715068,2024-03-01,0.6073276,0.6017537
BiLSTM+Attention,val,77.710796_12.894731,2024-03-01,0.5744083,0.5528187
BiLSTM+Attention,val,77.710796_12.899223,2024-03-01,0.52353114,0.51231
BiLSTM+Attention,val,77.710796_12.912697,2024-03-01,0.45411816,0.45298195
BiLSTM+Attention,val,77.710796_13.03397,2024-03-01,0.40885752,0.4045894
BiLSTM+Attention,val,77.710796_13.11931,2024-03-01,0.38118526,0.39045173
BiLSTM+Attention,val,77.710796_13.123802,2024-03-01,0.3505777,0.36259192
BiLSTM+Attention,val,77.710796_13.132785,2024-03-01,0.3785123,0.37893304
BiLSTM+Attention,val,77.710796_13.150751,2024-03-01,0.35763556,0.3667382
BiLSTM+Attention,val,77.710796_13.168717,2024-03-01,0.4262003,0.4217401
BiLSTM+Attention,val,77.710796_13.173209,2024-03-01,0.4348154,0.4389999
BiLSTM+Attention,val,77.715287_12.679136,2024-03-01,0.66519004,0.6478949
BiLSTM+Attention,val,77.715287_12.742018,2024-03-01,0.5323807,0.5241716
BiLSTM+Attention,val,77.715287_12.773459,2024-03-01,0.4973877,0.49101877
BiLSTM+Attention,val,77.715287_12.822866,2024-03-01,0.55575997,0.53967714
BiLSTM+Attention,val,77.715287_12.827358,2024-03-01,0.5240145,0.51543987
BiLSTM+Attention,val,77.715287_12.845324,2024-03-01,0.47175473,0.46375257
BiLSTM+Attention,val,77.715287_12.885748,2024-03-01,0.5428104,0.5288675
BiLSTM+Attention,val,77.715287_12.899223,2024-03-01,0.43949723,0.4346452
BiLSTM+Attention,val,77.715287_12.939647,2024-03-01,0.6785007,0.653374
BiLSTM+Attention,val,77.715287_12.944139,2024-03-01,0.7073309,0.6818719
BiLSTM+Attention,val,77.715287_12.94863,2024-03-01,0.55456954,0.5328002
BiLSTM+Attention,val,77.715287_13.016004,2024-03-01,0.48944712,0.46538287
BiLSTM+Attention,val,77.715287_13.029478,2024-03-01,0.37091833,0.37286395
BiLSTM+Attention,val,77.715287_13.038462,2024-03-01,0.49356297,0.48284242
BiLSTM+Attention,val,77.715287_13.051936,2024-03-01,0.4819574,0.47385466
BiLSTM+Attention,val,77.715287_13.056428,2024-03-01,0.41517434,0.4106827
BiLSTM+Attention,val,77.715287_13.096852,2024-03-01,0.30964833,0.33220127
BiLSTM+Attention,val,77.715287_13.114818,2024-03-01,0.4462352,0.44445884
BiLSTM+Attention,val,77.715287_13.128293,2024-03-01,0.3911005,0.3958292
BiLSTM+Attention,val,77.719779_12.706085,2024-03-01,0.62304354,0.61844385
BiLSTM+Attention,val,77.719779_12.746509,2024-03-01,0.655194,0.6363989
BiLSTM+Attention,val,77.719779_12.795916,2024-03-01,0.51642746,0.5144443
BiLSTM+Attention,val,77.719779_12.840832,2024-03-01,0.55270255,0.5376481
BiLSTM+Attention,val,77.719779_12.903714,2024-03-01,0.4372676,0.4343283
BiLSTM+Attention,val,77.719779_13.069903,2024-03-01,0.3801071,0.38368732
BiLSTM+Attention,val,77.719779_13.105835,2024-03-01,0.40434268,0.40425876
BiLSTM+Attention,val,77.719779_13.123802,2024-03-01,0.3613825,0.37181753
BiLSTM+Attention,val,77.719779_13.137276,2024-03-01,0.36689216,0.3703579
BiLSTM+Attention,val,77.719779_13.155243,2024-03-01,0.35816294,0.36423606
BiLSTM+Attention,val,77.72427_12.674644,2024-03-01,0.57207936,0.5721086
BiLSTM+Attention,val,77.72427_12.697102,2024-03-01,0.49940592,0.5086234
BiLSTM+Attention,val,77.72427_12.701593,2024-03-01,0.5262901,0.5301265
BiLSTM+Attention,val,77.72427_12.724051,2024-03-01,0.5639061,0.5524721
BiLSTM+Attention,val,77.72427_12.786933,2024-03-01,0.54051137,0.53178596
BiLSTM+Attention,val,77.72427_12.791425,2024-03-01,0.5389194,0.52760786
BiLSTM+Attention,val,77.72427_12.840832,2024-03-01,0.5323545,0.5220569
BiLSTM+Attention,val,77.72427_12.867782,2024-03-01,0.47686276,0.4699157
BiLSTM+Attention,val,77.72427_12.885748,2024-03-01,0.51319534,0.50168324
BiLSTM+Attention,val,77.72427_13.024987,2024-03-01,0.6792027,0.65469635
BiLSTM+Attention,val,77.72427_13.06092,2024-03-01,0.39828652,0.40022933
BiLSTM+Attention,val,77.72427_13.074394,2024-03-01,0.4080735,0.4090746
BiLSTM+Attention,val,77.728762_12.706085,2024-03-01,0.59718364,0.59815055
BiLSTM+Attention,val,77.728762_12.724051,2024-03-01,0.63048065,0.61605966
BiLSTM+Attention,val,77.728762_12.759984,2024-03-01,0.5378402,0.52614206
BiLSTM+Attention,val,77.728762_12.782442,2024-03-01,0.56085306,0.54958004
BiLSTM+Attention,val,77.728762_12.809391,2024-03-01,0.55122775,0.5409466
BiLSTM+Attention,val,77.728762_12.858799,2024-03-01,0.54855824,0.5299031
BiLSTM+Attention,val,77.728762_12.876765,2024-03-01,0.55920213,0.5470398
BiLSTM+Attention,val,77.728762_12.885748,2024-03-01,0.50201035,0.49228886
BiLSTM+Attention,val,77.728762_13.016004,2024-03-01,0.66728216,0.6449133
BiLSTM+Attention,val,77.728762_13.047445,2024-03-01,0.46265984,0.45776892
BiLSTM+Attention,val,77.728762_13.087869,2024-03-01,0.43196687,0.4267654
BiLSTM+Attention,val,77.728762_13.092361,2024-03-01,0.39385992,0.3956331
BiLSTM+Attention,val,77.733253_12.755492,2024-03-01,0.50847495,0.5006104
BiLSTM+Attention,val,77.733253_12.795916,2024-03-01,0.5104702,0.49839622
BiLSTM+Attention,val,77.733253_12.86329,2024-03-01,0.5618021,0.54938084
BiLSTM+Attention,val,77.733253_12.872273,2024-03-01,0.54537,0.5326041
BiLSTM+Attention,val,77.733253_12.998037,2024-03-01,0.5737149,0.5580215
BiLSTM+Attention,val,77.733253_13.056428,2024-03-01,0.37498835,0.38287786
BiLSTM+Attention,val,77.737745_12.764475,2024-03-01,0.48629197,0.4822755
BiLSTM+Attention,val,77.737745_12.791425,2024-03-01,0.5292285,0.5206257
BiLSTM+Attention,val,77.737745_12.809391,2024-03-01,0.5249812,0.5197699
BiLSTM+Attention,val,77.737745_12.858799,2024-03-01,0.52758664,0.51554304
BiLSTM+Attention,val,77.737745_12.872273,2024-03-01,0.55276555,0.5433017
BiLSTM+Attention,val,77.737745_12.881256,2024-03-01,0.57302743,0.5561459
BiLSTM+Attention,val,77.737745_13.051936,2024-03-01,0.39895034,0.4042197
BiLSTM+Attention,val,77.737745_13.06092,2024-03-01,0.40381855,0.41152373
BiLSTM+Attention,val,77.737745_13.078886,2024-03-01,0.43082932,0.42735445
BiLSTM+Attention,val,77.737745_13.101344,2024-03-01,0.3564005,0.37038794
BiLSTM+Attention,val,77.742237_12.697102,2024-03-01,0.63944983,0.6272669
BiLSTM+Attention,val,77.742237_12.764475,2024-03-01,0.50104624,0.49337006
BiLSTM+Attention,val,77.742237_12.795916,2024-03-01,0.49565113,0.48463884
BiLSTM+Attention,val,77.742237_12.8049,2024-03-01,0.5384508,0.52662474
BiLSTM+Attention,val,77.742237_12.86329,2024-03-01,0.4676108,0.46288177
BiLSTM+Attention,val,77.742237_12.867782,2024-03-01,0.5577565,0.5456805
BiLSTM+Attention,val,77.742237_12.89024,2024-03-01,0.5586366,0.546317
BiLSTM+Attention,val,77.742237_12.899223,2024-03-01,0.5392377,0.52936363
BiLSTM+Attention,val,77.742237_12.921681,2024-03-01,0.48557618,0.47285128
BiLSTM+Attention,val,77.742237_12.980071,2024-03-01,0.5246246,0.50807583
BiLSTM+Attention,val,77.742237_13.002529,2024-03-01,0.5413081,0.52722704
BiLSTM+Attention,val,77.742237_13.016004,2024-03-01,0.5476837,0.52444655
BiLSTM+Attention,val,77.742237_13.038462,2024-03-01,0.3771197,0.38701668
BiLSTM+Attention,val,77.742237_13.074394,2024-03-01,0.35403997,0.36067107
BiLSTM+Attention,val,77.742237_13.078886,2024-03-01,0.4167607,0.40962315
BiLSTM+Attention,val,77.742237_13.101344,2024-03-01,0.37856796,0.38531387
BiLSTM+Attention,val,77.746728_12.751001,2024-03-01,0.5291633,0.5183224
BiLSTM+Attention,val,77.746728_12.764475,2024-03-01,0.5203769,0.510781
BiLSTM+Attention,val,77.746728_12.782442,2024-03-01,0.55580765,0.5386241
BiLSTM+Attention,val,77.746728_12.97558,2024-03-01,0.5451538,0.5287801
BiLSTM+Attention,val,77.746728_12.984563,2024-03-01,0.5352848,0.51372814
BiLSTM+Attention,val,77.746728_13.016004,2024-03-01,0.55977285,0.53902954
BiLSTM+Attention,val,77.746728_13.020495,2024-03-01,0.58824724,0.56893766
BiLSTM+Attention,val,77.746728_13.024987,2024-03-01,0.49771032,0.48248464
BiLSTM+Attention,val,77.746728_13.038462,2024-03-01,0.40561265,0.40928417
BiLSTM+Attention,val,77.746728_13.06092,2024-03-01,0.36390933,0.37518775
BiLSTM+Attention,val,77.746728_13.083377,2024-03-01,0.41605788,0.4105475
BiLSTM+Attention,val,77.746728_13.092361,2024-03-01,0.3737903,0.3715616
BiLSTM+Attention,val,77.75122_12.751001,2024-03-01,0.5188828,0.51178443
BiLSTM+Attention,val,77.75122_12.755492,2024-03-01,0.5629844,0.5480509
BiLSTM+Attention,val,77.75122_12.768967,2024-03-01,0.4840847,0.48368108
BiLSTM+Attention,val,77.75122_12.77795,2024-03-01,0.52237964,0.5148737
BiLSTM+Attention,val,77.75122_12.894731,2024-03-01,0.4814267,0.47115284
BiLSTM+Attention,val,77.75122_12.993546,2024-03-01,0.47593594,0.47029555
BiLSTM+Attention,val,77.75122_13.020495,2024-03-01,0.5213612,0.50436866
BiLSTM+Attention,val,77.75122_13.03397,2024-03-01,0.41655436,0.42022634
BiLSTM+Attention,val,77.75122_13.038462,2024-03-01,0.38568553,0.38831615
BiLSTM+Attention,val,77.755711_12.706085,2024-03-01,0.554641,0.54958266
BiLSTM+Attention,val,77.755711_12.764475,2024-03-01,0.71709096,0.6887677
BiLSTM+Attention,val,77.755711_12.77795,2024-03-01,0.5051383,0.5017901
BiLSTM+Attention,val,77.755711_12.822866,2024-03-01,0.5080389,0.49637187
BiLSTM+Attention,val,77.755711_12.831849,2024-03-01,0.48242223,0.471399
BiLSTM+Attention,val,77.755711_12.858799,2024-03-01,0.5305123,0.5207923
BiLSTM+Attention,val,77.755711_12.885748,2024-03-01,0.51797044,0.5038239
BiLSTM+Attention,val,77.755711_12.899223,2024-03-01,0.4484647,0.4392933
BiLSTM+Attention,val,77.755711_12.903714,2024-03-01,0.50312006,0.49504343
BiLSTM+Attention,val,77.755711_12.926172,2024-03-01,0.52126044,0.5048242
BiLSTM+Attention,val,77.760203_12.751001,2024-03-01,0.51540965,0.50709796
BiLSTM+Attention,val,77.760203_12.795916,2024-03-01,0.4965742,0.48272356
BiLSTM+Attention,val,77.760203_12.818374,2024-03-01,0.5846742,0.57250154
BiLSTM+Attention,val,77.760203_12.867782,2024-03-01,0.48897168,0.48250982
BiLSTM+Attention,val,77.760203_12.872273,2024-03-01,0.50124615,0.48846912
BiLSTM+Attention,val,77.760203_12.876765,2024-03-01,0.47240227,0.45397133
BiLSTM+Attention,val,77.760203_12.885748,2024-03-01,0.48856142,0.46660048
BiLSTM+Attention,val,77.760203_12.984563,2024-03-01,0.5337671,0.5186447
BiLSTM+Attention,val,77.764695_12.742018,2024-03-01,0.6282175,0.6111121
BiLSTM+Attention,val,77.764695_12.746509,2024-03-01,0.61581296,0.5997141
BiLSTM+Attention,val,77.764695_12.813883,2024-03-01,0.5425071,0.53457713
BiLSTM+Attention,val,77.764695_12.849815,2024-03-01,0.51552457,0.49748173
BiLSTM+Attention,val,77.764695_12.885748,2024-03-01,0.5132255,0.50052387
BiLSTM+Attention,val,77.764695_12.912697,2024-03-01,0.5171664,0.5029814
BiLSTM+Attention,val,77.764695_13.03397,2024-03-01,0.36462814,0.37172166
BiLSTM+Attention,val,77.769186_12.751001,2024-03-01,0.6385006,0.61966586
BiLSTM+Attention,val,77.769186_12.791425,2024-03-01,0.4862362,0.47917747
BiLSTM+Attention,val,77.769186_12.800408,2024-03-01,0.53888166,0.51613885
BiLSTM+Attention,val,77.769186_12.8049,2024-03-01,0.57167625,0.55367154
BiLSTM+Attention,val,77.769186_12.809391,2024-03-01,0.5079999,0.494001
BiLSTM+Attention,val,77.769186_12.876765,2024-03-01,0.53147393,0.5139037
BiLSTM+Attention,val,77.769186_12.894731,2024-03-01,0.49379948,0.4765054
BiLSTM+Attention,val,77.769186_13.016004,2024-03-01,0.47479233,0.45998436
BiLSTM+Attention,val,77.773678_12.746509,2024-03-01,0.63212156,0.61407435
BiLSTM+Attention,val,77.773678_12.858799,2024-03-01,0.47342736,0.45953652
BiLSTM+Attention,val,77.773678_12.885748,2024-03-01,0.48449868,0.46743456
BiLSTM+Attention,val,77.773678_12.899223,2024-03-01,0.46084517,0.4555117
BiLSTM+Attention,val,77.773678_12.908206,2024-03-01,0.4985883,0.4869982
BiLSTM+Attention,val,77.778169_12.809391,2024-03-01,0.4702877,0.4593921
BiLSTM+Attention,val,77.778169_12.885748,2024-03-01,0.50308615,0.49409527
BiLSTM+Attention,val,77.782661_12.786933,2024-03-01,0.48827145,0.4830162
BiLSTM+Attention,val,77.782661_12.791425,2024-03-01,0.51626915,0.5063094
BiLSTM+Attention,val,77.782661_12.89024,2024-03-01,0.49601197,0.4858244
BiLSTM+Attention,val,77.787152_12.786933,2024-03-01,0.5021212,0.4951202
BiLSTM+Attention,val,77.787152_12.849815,2024-03-01,0.47554797,0.47130007
BiLSTM+Attention,val,77.787152_12.867782,2024-03-01,0.48593923,0.47475097
BiLSTM+Attention,val,77.791644_12.8049,2024-03-01,0.5016835,0.4901746
BiLSTM+Attention,val,77.791644_12.899223,2024-03-01,0.484748,0.47848397
BiLSTM+Attention,val,77.796136_12.854307,2024-03-01,0.47464594,0.4696849
BiLSTM+Attention,val,77.796136_12.885748,2024-03-01,0.5374573,0.5286648
BiLSTM+Attention,val,77.800627_12.876765,2024-03-01,0.5303123,0.520201
BiLSTM+Attention,val,77.800627_12.885748,2024-03-01,0.49772704,0.4918206
BiLSTM+Attention,val,77.805119_12.876765,2024-03-01,0.5377014,0.5265836
BiLSTM+Attention,val,77.805119_12.89024,2024-03-01,0.5268138,0.52318144
BiLSTM+Attention,val,77.80961_12.858799,2024-03-01,0.5429043,0.53059894
BiLSTM+Attention,val,77.80961_12.86329,2024-03-01,0.521326,0.5083561
BiLSTM+Attention,val,77.329012_12.944139,2024-04-01,0.45179698,0.4917336
BiLSTM+Attention,val,77.329012_12.962105,2024-04-01,0.62248963,0.63221914
BiLSTM+Attention,val,77.337995_12.921681,2024-04-01,0.57206565,0.5985045
BiLSTM+Attention,val,77.342486_12.926172,2024-04-01,0.6104722,0.63082874
BiLSTM+Attention,val,77.342486_12.935155,2024-04-01,0.6314987,0.6476679
BiLSTM+Attention,val,77.342486_12.944139,2024-04-01,0.59991926,0.624845
BiLSTM+Attention,val,77.346978_12.86329,2024-04-01,0.49840665,0.5443214
BiLSTM+Attention,val,77.346978_12.962105,2024-04-01,0.45926678,0.49369627
BiLSTM+Attention,val,77.351469_12.89024,2024-04-01,0.4731046,0.52277935
BiLSTM+Attention,val,77.351469_12.930664,2024-04-01,0.63538337,0.6452944
BiLSTM+Attention,val,77.351469_12.939647,2024-04-01,0.61600846,0.63267314
BiLSTM+Attention,val,77.355961_12.899223,2024-04-01,0.48797435,0.52485293
BiLSTM+Attention,val,77.355961_12.94863,2024-04-01,0.4269789,0.47561562
BiLSTM+Attention,val,77.355961_12.962105,2024-04-01,0.63262933,0.6521951
BiLSTM+Attention,val,77.360453_12.867782,2024-04-01,0.38655183,0.43994135
BiLSTM+Attention,val,77.360453_12.908206,2024-04-01,0.50843877,0.54031396
BiLSTM+Attention,val,77.360453_12.926172,2024-04-01,0.6314098,0.6457292
BiLSTM+Attention,val,77.364944_12.854307,2024-04-01,0.42821655,0.47049332
BiLSTM+Attention,val,77.364944_12.962105,2024-04-01,0.41595867,0.4604352
BiLSTM+Attention,val,77.369436_12.881256,2024-04-01,0.42910394,0.48060584
BiLSTM+Attention,val,77.369436_12.89024,2024-04-01,0.4268357,0.46905744
BiLSTM+Attention,val,77.369436_12.935155,2024-04-01,0.38912126,0.42715958
BiLSTM+Attention,val,77.369436_12.998037,2024-04-01,0.42564872,0.4692614
BiLSTM+Attention,val,77.369436_13.007021,2024-04-01,0.47061402,0.5056733
BiLSTM+Attention,val,77.373927_12.912697,2024-04-01,0.5295085,0.5608035
BiLSTM+Attention,val,77.373927_12.971088,2024-04-01,0.4094161,0.4516424
BiLSTM+Attention,val,77.373927_13.011512,2024-04-01,0.4227694,0.4607891
BiLSTM+Attention,val,77.373927_13.016004,2024-04-01,0.40706939,0.44490683
BiLSTM+Attention,val,77.378419_12.966596,2024-04-01,0.38480014,0.42285526
BiLSTM+Attention,val,77.382911_12.894731,2024-04-01,0.47029963,0.5074659
BiLSTM+Attention,val,77.382911_12.953122,2024-04-01,0.44453922,0.47659194
BiLSTM+Attention,val,77.382911_12.957613,2024-04-01,0.43916813,0.4720177
BiLSTM+Attention,val,77.387402_12.962105,2024-04-01,0.43001106,0.45789683
BiLSTM+Attention,val,77.387402_12.97558,2024-04-01,0.4308872,0.46467015
BiLSTM+Attention,val,77.387402_12.980071,2024-04-01,0.43340778,0.4682178
BiLSTM+Attention,val,77.391894_12.867782,2024-04-01,0.4699344,0.51885337
BiLSTM+Attention,val,77.391894_12.881256,2024-04-01,0.43679437,0.4844647
BiLSTM+Attention,val,77.391894_12.885748,2024-04-01,0.4689574,0.51337904
BiLSTM+Attention,val,77.396385_12.894731,2024-04-01,0.4719787,0.51121074
BiLSTM+Attention,val,77.396385_12.908206,2024-04-01,0.43036038,0.46860957
BiLSTM+Attention,val,77.396385_12.944139,2024-04-01,0.47722825,0.50829035
BiLSTM+Attention,val,77.396385_12.971088,2024-04-01,0.40085003,0.44139624
BiLSTM+Attention,val,77.396385_12.97558,2024-04-01,0.37696996,0.41425562
BiLSTM+Attention,val,77.396385_13.029478,2024-04-01,0.31141096,0.34982082
BiLSTM+Attention,val,77.400877_12.957613,2024-04-01,0.44471732,0.47389585
BiLSTM+Attention,val,77.400877_12.966596,2024-04-01,0.39770168,0.4405239
BiLSTM+Attention,val,77.400877_13.029478,2024-04-01,0.29907167,0.33920187
BiLSTM+Attention,val,77.405368_12.881256,2024-04-01,0.3976013,0.43825948
BiLSTM+Attention,val,77.405368_12.89024,2024-04-01,0.42046434,0.46238375
BiLSTM+Attention,val,77.405368_12.903714,2024-04-01,0.39370975,0.43245256
BiLSTM+Attention,val,77.405368_12.930664,2024-04-01,0.5185926,0.5488258
BiLSTM+Attention,val,77.405368_12.998037,2024-04-01,0.41842777,0.45229033
BiLSTM+Attention,val,77.405368_13.105835,2024-04-01,0.34010386,0.36885327
BiLSTM+Attention,val,77.405368_13.11931,2024-04-01,0.3024625,0.3374935
BiLSTM+Attention,val,77.40986_12.872273,2024-04-01,0.3630275,0.4026202
BiLSTM+Attention,val,77.40986_12.881256,2024-04-01,0.36506453,0.4097288
BiLSTM+Attention,val,77.40986_12.962105,2024-04-01,0.4540022,0.5003763
BiLSTM+Attention,val,77.414352_12.930664,2024-04-01,0.4627924,0.4942752
BiLSTM+Attention,val,77.414352_12.989054,2024-04-01,0.38038602,0.4237259
BiLSTM+Attention,val,77.414352_12.993546,2024-04-01,0.3880417,0.41862437
BiLSTM+Attention,val,77.414352_13.03397,2024-04-01,0.35624158,0.3947664
BiLSTM+Attention,val,77.414352_13.096852,2024-04-01,0.3237357,0.35913253
BiLSTM+Attention,val,77.414352_13.11931,2024-04-01,0.32172233,0.35690317
BiLSTM+Attention,val,77.418843_12.876765,2024-04-01,0.3784665,0.41335896
BiLSTM+Attention,val,77.418843_12.89024,2024-04-01,0.40665904,0.44227687
BiLSTM+Attention,val,77.418843_12.94863,2024-04-01,0.45846677,0.4908041
BiLSTM+Attention,val,77.418843_12.971088,2024-04-01,0.42124292,0.45709568
BiLSTM+Attention,val,77.418843_12.993546,2024-04-01,0.4225543,0.45121628
BiLSTM+Attention,val,77.418843_13.016004,2024-04-01,0.38670048,0.42452127
BiLSTM+Attention,val,77.418843_13.024987,2024-04-01,0.37783217,0.4228643
BiLSTM+Attention,val,77.418843_13.029478,2024-04-01,0.37736315,0.42187667
BiLSTM+Attention,val,77.418843_13.146259,2024-04-01,0.28856468,0.33211595
BiLSTM+Attention,val,77.423335_12.876765,2024-04-01,0.3802447,0.41916966
BiLSTM+Attention,val,77.423335_12.921681,2024-04-01,0.47283235,0.500108
BiLSTM+Attention,val,77.423335_12.930664,2024-04-01,0.4555167,0.49053422
BiLSTM+Attention,val,77.423335_13.002529,2024-04-01,0.4706409,0.48983884
BiLSTM+Attention,val,77.423335_13.092361,2024-04-01,0.2644995,0.30516294
BiLSTM+Attention,val,77.423335_13.141768,2024-04-01,0.34734502,0.38824388
BiLSTM+Attention,val,77.423335_13.150751,2024-04-01,0.29732013,0.34312254
BiLSTM+Attention,val,77.427826_12.845324,2024-04-01,0.32222858,0.3801924
BiLSTM+Attention,val,77.427826_12.858799,2024-04-01,0.37494525,0.4112851
BiLSTM+Attention,val,77.427826_12.930664,2024-04-01,0.46300238,0.49711525
BiLSTM+Attention,val,77.427826_12.939647,2024-04-01,0.4104127,0.44751048
BiLSTM+Attention,val,77.427826_12.944139,2024-04-01,0.4237956,0.46786815
BiLSTM+Attention,val,77.427826_13.020495,2024-04-01,0.388368,0.42906958
BiLSTM+Attention,val,77.427826_13.024987,2024-04-01,0.37925684,0.41694736
BiLSTM+Attention,val,77.427826_13.110327,2024-04-01,0.34506005,0.3783917
BiLSTM+Attention,val,77.427826_13.132785,2024-04-01,0.40028444,0.43812758
BiLSTM+Attention,val,77.432318_12.858799,2024-04-01,0.38953823,0.42871076
BiLSTM+Attention,val,77.432318_12.86329,2024-04-01,0.3956598,0.43226925
BiLSTM+Attention,val,77.432318_12.867782,2024-04-01,0.38731766,0.42086053
BiLSTM+Attention,val,77.432318_12.881256,2024-04-01,0.43004644,0.45957828
BiLSTM+Attention,val,77.432318_12.885748,2024-04-01,0.52013075,0.5427883
BiLSTM+Attention,val,77.432318_12.957613,2024-04-01,0.41032305,0.44585627
BiLSTM+Attention,val,77.432318_12.998037,2024-04-01,0.34141335,0.38148028
BiLSTM+Attention,val,77.432318_13.087869,2024-04-01,0.34931827,0.377656
BiLSTM+Attention,val,77.432318_13.092361,2024-04-01,0.305693,0.33944404
BiLSTM+Attention,val,77.436809_12.818374,2024-04-01,0.51989186,0.54428786
BiLSTM+Attention,val,77.436809_12.840832,2024-04-01,0.4369589,0.46901238
BiLSTM+Attention,val,77.436809_12.854307,2024-04-01,0.40315497,0.44626594
BiLSTM+Attention,val,77.436809_12.912697,2024-04-01,0.53197134,0.54786825
BiLSTM+Attention,val,77.436809_12.926172,2024-04-01,0.46490029,0.49262685
BiLSTM+Attention,val,77.436809_12.944139,2024-04-01,0.43108648,0.47453535
BiLSTM+Attention,val,77.436809_13.03397,2024-04-01,0.36231327,0.40302008
BiLSTM+Attention,val,77.441301_12.818374,2024-04-01,0.52838,0.54571474
BiLSTM+Attention,val,77.441301_12.831849,2024-04-01,0.42172408,0.45346797
BiLSTM+Attention,val,77.441301_12.836341,2024-04-01,0.45063278,0.4828273
BiLSTM+Attention,val,77.441301_12.840832,2024-04-01,0.4239485,0.45205054
BiLSTM+Attention,val,77.441301_12.944139,2024-04-01,0.46844682,0.49638796
BiLSTM+Attention,val,77.441301_12.94863,2024-04-01,0.42245424,0.45539495
BiLSTM+Attention,val,77.441301_13.056428,2024-04-01,0.35147497,0.38271648
BiLSTM+Attention,val,77.441301_13.069903,2024-04-01,0.36822933,0.3919946
BiLSTM+Attention,val,77.441301_13.083377,2024-04-01,0.3550326,0.3871246
BiLSTM+Attention,val,77.441301_13.110327,2024-04-01,0.34045273,0.37503552
BiLSTM+Attention,val,77.445793_12.840832,2024-04-01,0.49660823,0.52214366
BiLSTM+Attention,val,77.445793_12.86329,2024-04-01,0.5120628,0.5408084
BiLSTM+Attention,val,77.445793_12.867782,2024-04-01,0.49128646,0.517311
BiLSTM+Attention,val,77.445793_12.912697,2024-04-01,0.43788606,0.46463293
BiLSTM+Attention,val,77.445793_12.957613,2024-04-01,0.41096115,0.44359878
BiLSTM+Attention,val,77.445793_12.984563,2024-04-01,0.4289449,0.44150034
BiLSTM+Attention,val,77.450284_12.809391,2024-04-01,0.4787148,0.51171505
BiLSTM+Attention,val,77.450284_12.872273,2024-04-01,0.49078485,0.51541406
BiLSTM+Attention,val,77.450284_12.89024,2024-04-01,0.4913688,0.51757544
BiLSTM+Attention,val,77.450284_12.971088,2024-04-01,0.39844376,0.43310747
BiLSTM+Attention,val,77.450284_12.993546,2024-04-01,0.31024024,0.34180552
BiLSTM+Attention,val,77.450284_13.029478,2024-04-01,0.34973922,0.38638538
BiLSTM+Attention,val,77.450284_13.047445,2024-04-01,0.3622828,0.39893505
BiLSTM+Attention,val,77.450284_13.146259,2024-04-01,0.41507646,0.45581773
BiLSTM+Attention,val,77.454776_12.809391,2024-04-01,0.443672,0.48738867
BiLSTM+Attention,val,77.454776_12.885748,2024-04-01,0.47269508,0.5124519
BiLSTM+Attention,val,77.454776_12.980071,2024-04-01,0.35045025,0.38563508
BiLSTM+Attention,val,77.454776_12.993546,2024-04-01,0.33611128,0.36452585
BiLSTM+Attention,val,77.454776_13.078886,2024-04-01,0.36106753,0.3888586
BiLSTM+Attention,val,77.454776_13.087869,2024-04-01,0.3247739,0.35891622
BiLSTM+Attention,val,77.454776_13.114818,2024-04-01,0.40163052,0.43747076
BiLSTM+Attention,val,77.454776_13.141768,2024-04-01,0.41846082,0.458004
BiLSTM+Attention,val,77.459267_12.8049,2024-04-01,0.51263493,0.5517083
BiLSTM+Attention,val,77.459267_12.822866,2024-04-01,0.48069194,0.5110852
BiLSTM+Attention,val,77.459267_12.845324,2024-04-01,0.48453546,0.5159052
BiLSTM+Attention,val,77.459267_12.872273,2024-04-01,0.4621023,0.4947165
BiLSTM+Attention,val,77.459267_12.903714,2024-04-01,0.41547328,0.45201325
BiLSTM+Attention,val,77.459267_12.926172,2024-04-01,0.45915246,0.48506212
BiLSTM+Attention,val,77.459267_12.97558,2024-04-01,0.36518052,0.40150416
BiLSTM+Attention,val,77.459267_13.016004,2024-04-01,0.32512543,0.3580154
BiLSTM+Attention,val,77.459267_13.020495,2024-04-01,0.3186816,0.35764176
BiLSTM+Attention,val,77.459267_13.11931,2024-04-01,0.39849165,0.43306458
BiLSTM+Attention,val,77.463759_12.813883,2024-04-01,0.42390016,0.4671774
BiLSTM+Attention,val,77.463759_12.836341,2024-04-01,0.4815313,0.51207536
BiLSTM+Attention,val,77.463759_12.86329,2024-04-01,0.49842724,0.5301546
BiLSTM+Attention,val,77.463759_12.867782,2024-04-01,0.48040187,0.51518834
BiLSTM+Attention,val,77.463759_12.872273,2024-04-01,0.4561828,0.49013183
BiLSTM+Attention,val,77.463759_12.881256,2024-04-01,0.508082,0.5404621
BiLSTM+Attention,val,77.463759_12.885748,2024-04-01,0.51164526,0.5323171
BiLSTM+Attention,val,77.463759_12.894731,2024-04-01,0.45125365,0.49281198
BiLSTM+Attention,val,77.463759_12.899223,2024-04-01,0.45386088,0.4832099
BiLSTM+Attention,val,77.463759_12.917189,2024-04-01,0.40753555,0.44824195
BiLSTM+Attention,val,77.463759_12.953122,2024-04-01,0.6621347,0.67586946
BiLSTM+Attention,val,77.463759_13.03397,2024-04-01,0.3175917,0.345667
BiLSTM+Attention,val,77.463759_13.078886,2024-04-01,0.42953616,0.452339
BiLSTM+Attention,val,77.46825_12.827358,2024-04-01,0.39411724,0.43345582
BiLSTM+Attention,val,77.46825_12.836341,2024-04-01,0.48892045,0.5178876
BiLSTM+Attention,val,77.46825_12.894731,2024-04-01,0.4313956,0.47159034
BiLSTM+Attention,val,77.46825_12.94863,2024-04-01,0.5017809,0.51491904
BiLSTM+Attention,val,77.46825_12.953122,2024-04-01,0.43719396,0.4618944
BiLSTM+Attention,val,77.46825_12.966596,2024-04-01,0.41526332,0.4551915
BiLSTM+Attention,val,77.46825_13.007021,2024-04-01,0.33584014,0.364895
BiLSTM+Attention,val,77.46825_13.020495,2024-04-01,0.40281203,0.42131954
BiLSTM+Attention,val,77.46825_13.114818,2024-04-01,0.4425752,0.47343972
BiLSTM+Attention,val,77.46825_13.150751,2024-04-01,0.35321862,0.39661884
BiLSTM+Attention,val,77.46825_13.1777,2024-04-01,0.443678,0.4864056
BiLSTM+Attention,val,77.472742_12.746509,2024-04-01,0.55029416,0.567147
BiLSTM+Attention,val,77.472742_12.751001,2024-04-01,0.5041033,0.5233175
BiLSTM+Attention,val,77.472742_12.755492,2024-04-01,0.5211159,0.5458386
BiLSTM+Attention,val,77.472742_12.795916,2024-04-01,0.4576732,0.49978125
BiLSTM+Attention,val,77.472742_12.836341,2024-04-01,0.47897938,0.50871015
BiLSTM+Attention,val,77.472742_12.984563,2024-04-01,0.37717095,0.3941843
BiLSTM+Attention,val,77.472742_13.087869,2024-04-01,0.38372082,0.4161554
BiLSTM+Attention,val,77.477234_12.764475,2024-04-01,0.51547104,0.5386083
BiLSTM+Attention,val,77.477234_12.782442,2024-04-01,0.45128855,0.4944012
BiLSTM+Attention,val,77.477234_12.840832,2024-04-01,0.48073053,0.5175426
BiLSTM+Attention,val,77.477234_12.899223,2024-04-01,0.39168894,0.42643708
BiLSTM+Attention,val,77.477234_12.935155,2024-04-01,0.5282849,0.5303473
BiLSTM+Attention,val,77.477234_12.944139,2024-04-01,0.45836806,0.46813166
BiLSTM+Attention,val,77.477234_12.94863,2024-04-01,0.46921024,0.47683477
BiLSTM+Attention,val,77.477234_12.971088,2024-04-01,0.42793217,0.4502956
BiLSTM+Attention,val,77.477234_13.002529,2024-04-01,0.33140105,0.36290845
BiLSTM+Attention,val,77.477234_13.056428,2024-04-01,0.3854574,0.40674728
BiLSTM+Attention,val,77.481725_12.737526,2024-04-01,0.5268926,0.5418103
BiLSTM+Attention,val,77.481725_12.768967,2024-04-01,0.5104101,0.5397987
BiLSTM+Attention,val,77.481725_12.831849,2024-04-01,0.4227213,0.4661441
BiLSTM+Attention,val,77.481725_12.89024,2024-04-01,0.4709577,0.50633335
BiLSTM+Attention,val,77.481725_12.894731,2024-04-01,0.43812996,0.4724059
BiLSTM+Attention,val,77.481725_12.944139,2024-04-01,0.47115237,0.47917676
BiLSTM+Attention,val,77.481725_12.971088,2024-04-01,0.35272577,0.38144356
BiLSTM+Attention,val,77.481725_12.980071,2024-04-01,0.40597108,0.41830367
BiLSTM+Attention,val,77.481725_13.024987,2024-04-01,0.3841967,0.41229776
BiLSTM+Attention,val,77.481725_13.03397,2024-04-01,0.36126927,0.38426358
BiLSTM+Attention,val,77.481725_13.096852,2024-04-01,0.46705315,0.4884194
BiLSTM+Attention,val,77.481725_13.137276,2024-04-01,0.5419757,0.5506931
BiLSTM+Attention,val,77.486217_12.764475,2024-04-01,0.5053125,0.529392
BiLSTM+Attention,val,77.486217_12.872273,2024-04-01,0.4276006,0.47153467
BiLSTM+Attention,val,77.486217_12.939647,2024-04-01,0.4866224,0.50144774
BiLSTM+Attention,val,77.486217_12.998037,2024-04-01,0.37882942,0.40867037
BiLSTM+Attention,val,77.486217_13.042953,2024-04-01,0.43186194,0.44410348
BiLSTM+Attention,val,77.486217_13.06092,2024-04-01,0.45009708,0.46098492
BiLSTM+Attention,val,77.486217_13.114818,2024-04-01,0.3830396,0.413027
BiLSTM+Attention,val,77.486217_13.11931,2024-04-01,0.40031448,0.4271091
BiLSTM+Attention,val,77.490708_12.768967,2024-04-01,0.49706686,0.5212537
BiLSTM+Attention,val,77.490708_12.8049,2024-04-01,0.47512576,0.50973886
BiLSTM+Attention,val,77.490708_12.849815,2024-04-01,0.4979814,0.5135894
BiLSTM+Attention,val,77.490708_12.89024,2024-04-01,0.43000486,0.4703005
BiLSTM+Attention,val,77.490708_13.051936,2024-04-01,0.49851117,0.50161153
BiLSTM+Attention,val,77.490708_13.087869,2024-04-01,0.4395523,0.46607292
BiLSTM+Attention,val,77.490708_13.092361,2024-04-01,0.4350304,0.46173465
BiLSTM+Attention,val,77.490708_13.096852,2024-04-01,0.46510413,0.48100466
BiLSTM+Attention,val,77.490708_13.182192,2024-04-01,0.4821673,0.5111783
BiLSTM+Attention,val,77.490708_13.209142,2024-04-01,0.4394547,0.46795756
BiLSTM+Attention,val,77.4952_12.786933,2024-04-01,0.45737255,0.49009556
BiLSTM+Attention,val,77.4952_12.836341,2024-04-01,0.4544038,0.49370563
BiLSTM+Attention,val,77.4952_12.899223,2024-04-01,0.4772475,0.50349957
BiLSTM+Attention,val,77.4952_12.962105,2024-04-01,0.47075284,0.47245595
BiLSTM+Attention,val,77.4952_13.020495,2024-04-01,0.4266269,0.4436062
BiLSTM+Attention,val,77.4952_13.024987,2024-04-01,0.41625115,0.43039942
BiLSTM+Attention,val,77.4952_13.03397,2024-04-01,0.46947503,0.47559065
BiLSTM+Attention,val,77.4952_13.087869,2024-04-01,0.41381553,0.44015425
BiLSTM+Attention,val,77.4952_13.092361,2024-04-01,0.4402642,0.45713064
BiLSTM+Attention,val,77.4952_13.182192,2024-04-01,0.48172233,0.50609535
BiLSTM+Attention,val,77.499692_12.755492,2024-04-01,0.56294847,0.5752873
BiLSTM+Attention,val,77.499692_12.858799,2024-04-01,0.5454724,0.56979764
BiLSTM+Attention,val,77.499692_12.899223,2024-04-01,0.4592423,0.4875288
BiLSTM+Attention,val,77.499692_12.984563,2024-04-01,0.4209846,0.4422544
BiLSTM+Attention,val,77.499692_13.114818,2024-04-01,0.40220293,0.42537478
BiLSTM+Attention,val,77.499692_13.137276,2024-04-01,0.39512062,0.42434305
BiLSTM+Attention,val,77.499692_13.168717,2024-04-01,0.5305672,0.554483
BiLSTM+Attention,val,77.504183_12.764475,2024-04-01,0.56798697,0.5913249
BiLSTM+Attention,val,77.504183_12.786933,2024-04-01,0.52541935,0.54837054
BiLSTM+Attention,val,77.504183_12.818374,2024-04-01,0.49507335,0.5262831
BiLSTM+Attention,val,77.504183_12.854307,2024-04-01,0.48740998,0.51954436
BiLSTM+Attention,val,77.504183_12.858799,2024-04-01,0.5442361,0.56918544
BiLSTM+Attention,val,77.504183_12.953122,2024-04-01,0.44894236,0.46353176
BiLSTM+Attention,val,77.504183_13.083377,2024-04-01,0.47200754,0.48626238
BiLSTM+Attention,val,77.504183_13.141768,2024-04-01,0.47228807,0.49400127
BiLSTM+Attention,val,77.504183_13.159734,2024-04-01,0.56122285,0.5803209
BiLSTM+Attention,val,77.504183_13.195667,2024-04-01,0.414381,0.44814503
BiLSTM+Attention,val,77.508675_12.751001,2024-04-01,0.5678316,0.586389
BiLSTM+Attention,val,77.508675_12.795916,2024-04-01,0.55279356,0.57303995
BiLSTM+Attention,val,77.508675_12.831849,2024-04-01,0.49543637,0.5167881
BiLSTM+Attention,val,77.508675_12.836341,2024-04-01,0.5206321,0.54056513
BiLSTM+Attention,val,77.508675_12.845324,2024-04-01,0.48513314,0.50740093
BiLSTM+Attention,val,77.508675_12.903714,2024-04-01,0.4122735,0.43658584
BiLSTM+Attention,val,77.508675_12.912697,2024-04-01,0.45420536,0.4674213
BiLSTM+Attention,val,77.508675_12.917189,2024-04-01,0.5192987,0.53188294
BiLSTM+Attention,val,77.508675_13.114818,2024-04-01,0.36341673,0.39435253
BiLSTM+Attention,val,77.508675_13.137276,2024-04-01,0.42161226,0.45978862
BiLSTM+Attention,val,77.508675_13.159734,2024-04-01,0.54674053,0.56452096
BiLSTM+Attention,val,77.508675_13.191175,2024-04-01,0.4386416,0.4661017
BiLSTM+Attention,val,77.513166_12.746509,2024-04-01,0.6644778,0.70128226
BiLSTM+Attention,val,77.513166_12.764475,2024-04-01,0.5307362,0.5492652
BiLSTM+Attention,val,77.513166_12.77795,2024-04-01,0.6238311,0.63411975
BiLSTM+Attention,val,77.513166_12.822866,2024-04-01,0.5693049,0.58428633
BiLSTM+Attention,val,77.513166_12.908206,2024-04-01,0.41541243,0.4462358
BiLSTM+Attention,val,77.513166_13.087869,2024-04-01,0.4719711,0.49153507
BiLSTM+Attention,val,77.513166_13.096852,2024-04-01,0.5358368,0.5520563
BiLSTM+Attention,val,77.513166_13.137276,2024-04-01,0.3871262,0.41928023
BiLSTM+Attention,val,77.513166_13.1777,2024-04-01,0.46531916,0.50319225
BiLSTM+Attention,val,77.517658_12.764475,2024-04-01,0.57661897,0.59662485
BiLSTM+Attention,val,77.517658_12.77795,2024-04-01,0.59920055,0.620027
BiLSTM+Attention,val,77.517658_12.782442,2024-04-01,0.59803677,0.61523896
BiLSTM+Attention,val,77.517658_12.795916,2024-04-01,0.56041807,0.58043367
BiLSTM+Attention,val,77.517658_12.827358,2024-04-01,0.49660963,0.5149222
BiLSTM+Attention,val,77.517658_12.849815,2024-04-01,0.49151954,0.515328
BiLSTM+Attention,val,77.517658_12.885748,2024-04-01,0.48735425,0.5088742
BiLSTM+Attention,val,77.517658_12.89024,2024-04-01,0.47887215,0.49871132
BiLSTM+Attention,val,77.517658_12.899223,2024-04-01,0.47158638,0.49172485
BiLSTM+Attention,val,77.517658_12.998037,2024-04-01,0.4911075,0.50062853
BiLSTM+Attention,val,77.517658_13.11931,2024-04-01,0.33160186,0.37010705
BiLSTM+Attention,val,77.517658_13.182192,2024-04-01,0.4687665,0.50110674
BiLSTM+Attention,val,77.517658_13.186684,2024-04-01,0.4776417,0.50563943
BiLSTM+Attention,val,77.517658_13.191175,2024-04-01,0.42128327,0.44914937
BiLSTM+Attention,val,77.522149_12.751001,2024-04-01,0.6090755,0.6255592
BiLSTM+Attention,val,77.522149_12.755492,2024-04-01,0.58512336,0.6086544
BiLSTM+Attention,val,77.522149_12.759984,2024-04-01,0.61796474,0.6379274
BiLSTM+Attention,val,77.522149_12.782442,2024-04-01,0.612298,0.62699527
BiLSTM+Attention,val,77.522149_12.809391,2024-04-01,0.67511827,0.6784811
BiLSTM+Attention,val,77.522149_12.813883,2024-04-01,0.48987812,0.51905537
BiLSTM+Attention,val,77.522149_12.818374,2024-04-01,0.4753081,0.5029138
BiLSTM+Attention,val,77.522149_12.836341,2024-04-01,0.4866003,0.51406246
BiLSTM+Attention,val,77.522149_12.845324,2024-04-01,0.502502,0.52050674
BiLSTM+Attention,val,77.522149_13.056428,2024-04-01,0.49802756,0.49321824
BiLSTM+Attention,val,77.522149_13.078886,2024-04-01,0.47261906,0.48532963
BiLSTM+Attention,val,77.522149_13.146259,2024-04-01,0.35088408,0.3972324
BiLSTM+Attention,val,77.522149_13.200158,2024-04-01,0.45937,0.48019138
BiLSTM+Attention,val,77.526641_12.751001,2024-04-01,0.6210749,0.64492434
BiLSTM+Attention,val,77.526641_12.840832,2024-04-01,0.55688405,0.5734257
BiLSTM+Attention,val,77.526641_12.89024,2024-04-01,0.52327406,0.54262006
BiLSTM+Attention,val,77.526641_12.899223,2024-04-01,0.49491546,0.5048978
BiLSTM+Attention,val,77.526641_13.078886,2024-04-01,0.48648596,0.49320483
BiLSTM+Attention,val,77.526641_13.105835,2024-04-01,0.34332153,0.37254846
BiLSTM+Attention,val,77.526641_13.110327,2024-04-01,0.3392519,0.3743869
BiLSTM+Attention,val,77.531133_12.791425,2024-04-01,0.5154853,0.54359394
BiLSTM+Attention,val,77.531133_12.795916,2024-04-01,0.5549169,0.57826066
BiLSTM+Attention,val,77.531133_12.800408,2024-04-01,0.5306194,0.5526445
BiLSTM+Attention,val,77.531133_12.822866,2024-04-01,0.5041108,0.5258743
BiLSTM+Attention,val,77.531133_12.827358,2024-04-01,0.5169264,0.53650117
BiLSTM+Attention,val,77.531133_12.894731,2024-04-01,0.44719958,0.4563385
BiLSTM+Attention,val,77.531133_13.083377,2024-04-01,0.455076,0.47478175
BiLSTM+Attention,val,77.531133_13.114818,2024-04-01,0.35095397,0.3880808
BiLSTM+Attention,val,77.531133_13.195667,2024-04-01,0.47228822,0.5055732
BiLSTM+Attention,val,77.535624_12.77795,2024-04-01,0.6589698,0.67305195
BiLSTM+Attention,val,77.535624_12.822866,2024-04-01,0.60708314,0.61881673
BiLSTM+Attention,val,77.535624_12.872273,2024-04-01,0.41206324,0.43073258
BiLSTM+Attention,val,77.535624_12.899223,2024-04-01,0.42816284,0.43259013
BiLSTM+Attention,val,77.535624_13.069903,2024-04-01,0.5588598,0.5555376
BiLSTM+Attention,val,77.535624_13.083377,2024-04-01,0.44768685,0.4627353
BiLSTM+Attention,val,77.535624_13.096852,2024-04-01,0.3885495,0.40582192
BiLSTM+Attention,val,77.535624_13.114818,2024-04-01,0.3766427,0.4000966
BiLSTM+Attention,val,77.535624_13.132785,2024-04-01,0.40188864,0.4253652
BiLSTM+Attention,val,77.535624_13.137276,2024-04-01,0.34414974,0.36999285
BiLSTM+Attention,val,77.535624_13.195667,2024-04-01,0.4143777,0.4399628
BiLSTM+Attention,val,77.540116_12.77795,2024-04-01,0.55862695,0.5792336
BiLSTM+Attention,val,77.540116_12.795916,2024-04-01,0.57496077,0.60312843
BiLSTM+Attention,val,77.540116_13.042953,2024-04-01,0.48789302,0.49505657
BiLSTM+Attention,val,77.540116_13.074394,2024-04-01,0.5060943,0.5067286
BiLSTM+Attention,val,77.540116_13.092361,2024-04-01,0.3465446,0.3674335
BiLSTM+Attention,val,77.540116_13.101344,2024-04-01,0.3764458,0.3931964
BiLSTM+Attention,val,77.540116_13.105835,2024-04-01,0.38783717,0.40900156
BiLSTM+Attention,val,77.540116_13.114818,2024-04-01,0.34872738,0.3745188
BiLSTM+Attention,val,77.540116_13.132785,2024-04-01,0.38711032,0.41189563
BiLSTM+Attention,val,77.540116_13.155243,2024-04-01,0.4133551,0.44275725
BiLSTM+Attention,val,77.540116_13.182192,2024-04-01,0.3796602,0.41738427
BiLSTM+Attention,val,77.544607_12.831849,2024-04-01,0.6648015,0.6594908
BiLSTM+Attention,val,77.544607_13.218125,2024-04-01,0.46494138,0.50140864
BiLSTM+Attention,val,77.549099_12.822866,2024-04-01,0.6849989,0.6813177
BiLSTM+Attention,val,77.549099_12.831849,2024-04-01,0.5979943,0.6053219
BiLSTM+Attention,val,77.549099_12.836341,2024-04-01,0.57020986,0.57527316
BiLSTM+Attention,val,77.549099_12.845324,2024-04-01,0.552808,0.56339216
BiLSTM+Attention,val,77.549099_12.867782,2024-04-01,0.4772814,0.4943503
BiLSTM+Attention,val,77.549099_12.876765,2024-04-01,0.44323376,0.45403868
BiLSTM+Attention,val,77.549099_12.894731,2024-04-01,0.52315044,0.5421413
BiLSTM+Attention,val,77.549099_13.096852,2024-04-01,0.4133444,0.43446743
BiLSTM+Attention,val,77.549099_13.132785,2024-04-01,0.51843655,0.5376782
BiLSTM+Attention,val,77.55359_12.71956,2024-04-01,0.69582623,0.70557296
BiLSTM+Attention,val,77.55359_12.782442,2024-04-01,0.62994874,0.6497597
BiLSTM+Attention,val,77.55359_12.849815,2024-04-01,0.54715544,0.56427586
BiLSTM+Attention,val,77.55359_12.872273,2024-04-01,0.43438563,0.45573944
BiLSTM+Attention,val,77.55359_13.069903,2024-04-01,0.6243209,0.61863136
BiLSTM+Attention,val,77.55359_13.101344,2024-04-01,0.3689614,0.3879913
BiLSTM+Attention,val,77.55359_13.110327,2024-04-01,0.42562577,0.4503352
BiLSTM+Attention,val,77.55359_13.128293,2024-04-01,0.49732125,0.5163795
BiLSTM+Attention,val,77.55359_13.168717,2024-04-01,0.424444,0.45146424
BiLSTM+Attention,val,77.55359_13.173209,2024-04-01,0.3476696,0.37511766
BiLSTM+Attention,val,77.558082_12.710577,2024-04-01,0.72381413,0.7305238
BiLSTM+Attention,val,77.558082_12.827358,2024-04-01,0.61556184,0.63236475
BiLSTM+Attention,val,77.558082_12.845324,2024-04-01,0.59409803,0.60721266
BiLSTM+Attention,val,77.558082_13.042953,2024-04-01,0.56554186,0.5670045
BiLSTM+Attention,val,77.558082_13.051936,2024-04-01,0.5957512,0.5884393
BiLSTM+Attention,val,77.558082_13.110327,2024-04-01,0.4338272,0.45572078
BiLSTM+Attention,val,77.558082_13.168717,2024-04-01,0.43813282,0.4681089
BiLSTM+Attention,val,77.558082_13.1777,2024-04-01,0.41977447,0.44873446
BiLSTM+Attention,val,77.562574_12.71956,2024-04-01,0.6980752,0.70738435
BiLSTM+Attention,val,77.562574_12.827358,2024-04-01,0.622951,0.6378093
BiLSTM+Attention,val,77.562574_12.858799,2024-04-01,0.44374612,0.47027436
BiLSTM+Attention,val,77.562574_12.872273,2024-04-01,0.5260306,0.53986436
BiLSTM+Attention,val,77.562574_12.876765,2024-04-01,0.5488585,0.5666368
BiLSTM+Attention,val,77.562574_13.141768,2024-04-01,0.41219267,0.44490895
BiLSTM+Attention,val,77.562574_13.159734,2024-04-01,0.44063663,0.4700824
BiLSTM+Attention,val,77.562574_13.173209,2024-04-01,0.4472963,0.4722945
BiLSTM+Attention,val,77.567065_12.724051,2024-04-01,0.64702106,0.6621655
BiLSTM+Attention,val,77.567065_12.813883,2024-04-01,0.6064497,0.6235515
BiLSTM+Attention,val,77.567065_12.849815,2024-04-01,0.59007645,0.6059123
BiLSTM+Attention,val,77.567065_13.105835,2024-04-01,0.49639565,0.5047039
BiLSTM+Attention,val,77.567065_13.114818,2024-04-01,0.54184455,0.54324234
BiLSTM+Attention,val,77.567065_13.182192,2024-04-01,0.44384292,0.47561952
BiLSTM+Attention,val,77.571557_12.71956,2024-04-01,0.681002,0.6997311
BiLSTM+Attention,val,77.571557_12.800408,2024-04-01,0.6043664,0.62174785
BiLSTM+Attention,val,77.571557_12.813883,2024-04-01,0.6755019,0.6834934
BiLSTM+Attention,val,77.571557_12.849815,2024-04-01,0.59386766,0.6089462
BiLSTM+Attention,val,77.571557_13.141768,2024-04-01,0.4163588,0.44247317
BiLSTM+Attention,val,77.571557_13.146259,2024-04-01,0.41973367,0.44906655
BiLSTM+Attention,val,77.576048_12.71956,2024-04-01,0.6472152,0.66755265
BiLSTM+Attention,val,77.576048_12.728543,2024-04-01,0.6451918,0.6637726
BiLSTM+Attention,val,77.576048_12.742018,2024-04-01,0.64245796,0.6476327
BiLSTM+Attention,val,77.576048_12.813883,2024-04-01,0.6950827,0.696195
BiLSTM+Attention,val,77.576048_12.827358,2024-04-01,0.57960516,0.59836435
BiLSTM+Attention,val,77.58054_12.800408,2024-04-01,0.6435663,0.651832
BiLSTM+Attention,val,77.58054_12.845324,2024-04-01,0.59622765,0.59818566
BiLSTM+Attention,val,77.58054_13.083377,2024-04-01,0.4582235,0.47776923
BiLSTM+Attention,val,77.58054_13.087869,2024-04-01,0.4322194,0.44881395
BiLSTM+Attention,val,77.585031_12.849815,2024-04-01,0.59367156,0.59715855
BiLSTM+Attention,val,77.585031_13.042953,2024-04-01,0.5939979,0.59276056
BiLSTM+Attention,val,77.585031_13.137276,2024-04-01,0.42340857,0.45358557
BiLSTM+Attention,val,77.589523_12.71956,2024-04-01,0.7540879,0.7657777
BiLSTM+Attention,val,77.589523_12.746509,2024-04-01,0.6435239,0.6564533
BiLSTM+Attention,val,77.589523_12.854307,2024-04-01,0.5413591,0.54933685
BiLSTM+Attention,val,77.589523_12.971088,2024-04-01,0.65969497,0.63096994
BiLSTM+Attention,val,77.589523_13.083377,2024-04-01,0.542024,0.55315125
BiLSTM+Attention,val,77.589523_13.150751,2024-04-01,0.42888692,0.45300746
BiLSTM+Attention,val,77.594015_12.724051,2024-04-01,0.73313797,0.74867713
BiLSTM+Attention,val,77.594015_12.733034,2024-04-01,0.7038495,0.7218701
BiLSTM+Attention,val,77.594015_12.755492,2024-04-01,0.60578805,0.62411344
BiLSTM+Attention,val,77.594015_12.831849,2024-04-01,0.55616105,0.561889
BiLSTM+Attention,val,77.594015_12.836341,2024-04-01,0.57581097,0.57848006
BiLSTM+Attention,val,77.594015_12.840832,2024-04-01,0.5763353,0.5772455
BiLSTM+Attention,val,77.594015_12.849815,2024-04-01,0.56717485,0.5707189
BiLSTM+Attention,val,77.594015_12.998037,2024-04-01,0.65355706,0.63457924
BiLSTM+Attention,val,77.594015_13.087869,2024-04-01,0.52669775,0.53421986
BiLSTM+Attention,val,77.598506_12.665661,2024-04-01,0.7336591,0.73738396
BiLSTM+Attention,val,77.598506_12.710577,2024-04-01,0.6617582,0.684469
BiLSTM+Attention,val,77.598506_12.822866,2024-04-01,0.5809894,0.5849343
BiLSTM+Attention,val,77.598506_12.849815,2024-04-01,0.6071428,0.61473405
BiLSTM+Attention,val,77.598506_13.083377,2024-04-01,0.5197128,0.5291452
BiLSTM+Attention,val,77.598506_13.128293,2024-04-01,0.4848553,0.5093217
BiLSTM+Attention,val,77.598506_13.141768,2024-04-01,0.3986351,0.4294775
BiLSTM+Attention,val,77.598506_13.146259,2024-04-01,0.37859896,0.41535485
BiLSTM+Attention,val,77.602998_12.710577,2024-04-01,0.6986383,0.7135806
BiLSTM+Attention,val,77.602998_12.827358,2024-04-01,0.49675983,0.5125696
BiLSTM+Attention,val,77.602998_12.849815,2024-04-01,0.5069652,0.5172049
BiLSTM+Attention,val,77.602998_12.858799,2024-04-01,0.5157485,0.52225226
BiLSTM+Attention,val,77.602998_13.114818,2024-04-01,0.51245487,0.5271365
BiLSTM+Attention,val,77.602998_13.11931,2024-04-01,0.5062002,0.51789415
BiLSTM+Attention,val,77.602998_13.128293,2024-04-01,0.45309648,0.47673762
BiLSTM+Attention,val,77.602998_13.164226,2024-04-01,0.41275302,0.43860316
BiLSTM+Attention,val,77.607489_12.768967,2024-04-01,0.565472,0.5909755
BiLSTM+Attention,val,77.607489_12.773459,2024-04-01,0.53900236,0.5629795
BiLSTM+Attention,val,77.607489_12.791425,2024-04-01,0.52706,0.5489904
BiLSTM+Attention,val,77.607489_12.809391,2024-04-01,0.6136008,0.61995965
BiLSTM+Attention,val,77.607489_12.818374,2024-04-01,0.6415105,0.6490324
BiLSTM+Attention,val,77.607489_13.087869,2024-04-01,0.61546063,0.6242825
BiLSTM+Attention,val,77.611981_12.674644,2024-04-01,0.72713447,0.73291206
BiLSTM+Attention,val,77.611981_12.768967,2024-04-01,0.521785,0.5377898
BiLSTM+Attention,val,77.611981_12.831849,2024-04-01,0.52940327,0.5390102
BiLSTM+Attention,val,77.611981_12.867782,2024-04-01,0.4840556,0.49706745
BiLSTM+Attention,val,77.611981_12.953122,2024-04-01,0.6616885,0.6546955
BiLSTM+Attention,val,77.611981_13.105835,2024-04-01,0.4814608,0.4867248
BiLSTM+Attention,val,77.611981_13.168717,2024-04-01,0.38589984,0.42406285
BiLSTM+Attention,val,77.611981_13.182192,2024-04-01,0.35889086,0.40570575
BiLSTM+Attention,val,77.616473_12.831849,2024-04-01,0.5706796,0.5775669
BiLSTM+Attention,val,77.616473_12.858799,2024-04-01,0.49513376,0.5102766
BiLSTM+Attention,val,77.616473_13.114818,2024-04-01,0.5080026,0.5196666
BiLSTM+Attention,val,77.616473_13.141768,2024-04-01,0.4339436,0.45491043
BiLSTM+Attention,val,77.616473_13.1777,2024-04-01,0.35182396,0.40589026
BiLSTM+Attention,val,77.620964_12.674644,2024-04-01,0.7341366,0.740424
BiLSTM+Attention,val,77.620964_12.795916,2024-04-01,0.47570834,0.49922115
BiLSTM+Attention,val,77.620964_12.813883,2024-04-01,0.46697733,0.49468917
BiLSTM+Attention,val,77.620964_12.845324,2024-04-01,0.6064364,0.6092319
BiLSTM+Attention,val,77.620964_12.858799,2024-04-01,0.4763686,0.4994955
BiLSTM+Attention,val,77.620964_13.132785,2024-04-01,0.48551244,0.50515693
BiLSTM+Attention,val,77.625456_12.782442,2024-04-01,0.50480324,0.52673024
BiLSTM+Attention,val,77.625456_12.858799,2024-04-01,0.4418618,0.47242275
BiLSTM+Attention,val,77.625456_13.065411,2024-04-01,0.38211027,0.40905547
BiLSTM+Attention,val,77.625456_13.128293,2024-04-01,0.48924652,0.5064962
BiLSTM+Attention,val,77.625456_13.137276,2024-04-01,0.4239361,0.4546938
BiLSTM+Attention,val,77.625456_13.155243,2024-04-01,0.5438975,0.5547616
BiLSTM+Attention,val,77.625456_13.182192,2024-04-01,0.3863067,0.4180075
BiLSTM+Attention,val,77.629947_12.795916,2024-04-01,0.68428564,0.6776558
BiLSTM+Attention,val,77.629947_12.809391,2024-04-01,0.48936367,0.5188949
BiLSTM+Attention,val,77.629947_12.836341,2024-04-01,0.54644257,0.5574325
BiLSTM+Attention,val,77.629947_12.854307,2024-04-01,0.4955307,0.5230489
BiLSTM+Attention,val,77.629947_12.858799,2024-04-01,0.46393278,0.49382636
BiLSTM+Attention,val,77.629947_13.06092,2024-04-01,0.40535268,0.4234269
BiLSTM+Attention,val,77.629947_13.087869,2024-04-01,0.40565515,0.42549914
BiLSTM+Attention,val,77.629947_13.1777,2024-04-01,0.4136054,0.44396904
BiLSTM+Attention,val,77.634439_12.679136,2024-04-01,0.67892766,0.6812834
BiLSTM+Attention,val,77.634439_12.701593,2024-04-01,0.62545866,0.6456389
BiLSTM+Attention,val,77.634439_12.733034,2024-04-01,0.48015594,0.50759876
BiLSTM+Attention,val,77.634439_12.746509,2024-04-01,0.51407963,0.5346032
BiLSTM+Attention,val,77.634439_12.751001,2024-04-01,0.51014686,0.5332347
BiLSTM+Attention,val,77.634439_12.849815,2024-04-01,0.50101715,0.51659685
BiLSTM+Attention,val,77.634439_13.047445,2024-04-01,0.46580824,0.47517544
BiLSTM+Attention,val,77.634439_13.083377,2024-04-01,0.3678949,0.389862
BiLSTM+Attention,val,77.634439_13.137276,2024-04-01,0.3823152,0.4123602
BiLSTM+Attention,val,77.63893_12.688119,2024-04-01,0.61842406,0.63304394
BiLSTM+Attention,val,77.63893_12.742018,2024-04-01,0.52952904,0.5499852
BiLSTM+Attention,val,77.63893_12.791425,2024-04-01,0.5226402,0.536478
BiLSTM+Attention,val,77.63893_12.800408,2024-04-01,0.47642532,0.5094985
BiLSTM+Attention,val,77.63893_12.818374,2024-04-01,0.49454677,0.5167719
BiLSTM+Attention,val,77.63893_12.840832,2024-04-01,0.5727431,0.5726351
BiLSTM+Attention,val,77.63893_12.872273,2024-04-01,0.41663787,0.44089863
BiLSTM+Attention,val,77.63893_12.917189,2024-04-01,0.65972745,0.64294547
BiLSTM+Attention,val,77.63893_12.989054,2024-04-01,0.57025725,0.56976724
BiLSTM+Attention,val,77.63893_13.056428,2024-04-01,0.426607,0.4318992
BiLSTM+Attention,val,77.63893_13.078886,2024-04-01,0.37337846,0.38992846
BiLSTM+Attention,val,77.63893_13.083377,2024-04-01,0.36216074,0.38587236
BiLSTM+Attention,val,77.63893_13.1777,2024-04-01,0.3950252,0.4265394
BiLSTM+Attention,val,77.643422_12.795916,2024-04-01,0.49893096,0.522042
BiLSTM+Attention,val,77.643422_12.800408,2024-04-01,0.48135144,0.50619894
BiLSTM+Attention,val,77.643422_12.809391,2024-04-01,0.50866085,0.5269923
BiLSTM+Attention,val,77.643422_12.867782,2024-04-01,0.45491648,0.46923703
BiLSTM+Attention,val,77.643422_13.002529,2024-04-01,0.4956662,0.5044042
BiLSTM+Attention,val,77.643422_13.038462,2024-04-01,0.48954192,0.49166003
BiLSTM+Attention,val,77.643422_13.164226,2024-04-01,0.50125796,0.51890886
BiLSTM+Attention,val,77.647914_12.688119,2024-04-01,0.6573356,0.66322595
BiLSTM+Attention,val,77.647914_12.733034,2024-04-01,0.5128056,0.5386435
BiLSTM+Attention,val,77.647914_12.881256,2024-04-01,0.46969783,0.4811918
BiLSTM+Attention,val,77.647914_12.935155,2024-04-01,0.6065332,0.61082184
BiLSTM+Attention,val,77.647914_13.141768,2024-04-01,0.5323259,0.54935324
BiLSTM+Attention,val,77.647914_13.168717,2024-04-01,0.5712709,0.58573437
BiLSTM+Attention,val,77.652405_12.697102,2024-04-01,0.6222332,0.6438156
BiLSTM+Attention,val,77.652405_12.773459,2024-04-01,0.4852181,0.50668514
BiLSTM+Attention,val,77.652405_12.795916,2024-04-01,0.4600945,0.4878804
BiLSTM+Attention,val,77.652405_12.8049,2024-04-01,0.5156973,0.5368888
BiLSTM+Attention,val,77.652405_12.858799,2024-04-01,0.60649556,0.6115686
BiLSTM+Attention,val,77.652405_12.926172,2024-04-01,0.5958417,0.5971415
BiLSTM+Attention,val,77.652405_13.002529,2024-04-01,0.4842658,0.4862549
BiLSTM+Attention,val,77.656897_12.742018,2024-04-01,0.54014426,0.5466794
BiLSTM+Attention,val,77.656897_12.746509,2024-04-01,0.5201081,0.53964674
BiLSTM+Attention,val,77.656897_12.768967,2024-04-01,0.5362437,0.5543584
BiLSTM+Attention,val,77.656897_12.791425,2024-04-01,0.47837004,0.49953774
BiLSTM+Attention,val,77.656897_12.800408,2024-04-01,0.53082067,0.5455839
BiLSTM+Attention,val,77.656897_12.831849,2024-04-01,0.5346906,0.54938275
BiLSTM+Attention,val,77.656897_12.849815,2024-04-01,0.42722166,0.45263535
BiLSTM+Attention,val,77.656897_12.939647,2024-04-01,0.5413018,0.5443768
BiLSTM+Attention,val,77.656897_13.101344,2024-04-01,0.39296824,0.41860217
BiLSTM+Attention,val,77.656897_13.164226,2024-04-01,0.40378448,0.43983358
BiLSTM+Attention,val,77.656897_13.173209,2024-04-01,0.37560442,0.4101167
BiLSTM+Attention,val,77.661388_12.737526,2024-04-01,0.54297805,0.5610658
BiLSTM+Attention,val,77.661388_12.759984,2024-04-01,0.55006593,0.5708943
BiLSTM+Attention,val,77.661388_13.056428,2024-04-01,0.44728252,0.4575034
BiLSTM+Attention,val,77.661388_13.074394,2024-04-01,0.44844192,0.46811444
BiLSTM+Attention,val,77.661388_13.087869,2024-04-01,0.40094748,0.4261199
BiLSTM+Attention,val,77.661388_13.101344,2024-04-01,0.38884285,0.41511735
BiLSTM+Attention,val,77.661388_13.110327,2024-04-01,0.44990715,0.4535559
BiLSTM+Attention,val,77.661388_13.11931,2024-04-01,0.50331676,0.519423
BiLSTM+Attention,val,77.66588_12.679136,2024-04-01,0.6109208,0.6239249
BiLSTM+Attention,val,77.66588_12.697102,2024-04-01,0.5763153,0.60159373
BiLSTM+Attention,val,77.66588_12.715068,2024-04-01,0.552932,0.58024853
BiLSTM+Attention,val,77.66588_12.724051,2024-04-01,0.5464095,0.56750244
BiLSTM+Attention,val,77.66588_12.751001,2024-04-01,0.51007825,0.5378392
BiLSTM+Attention,val,77.66588_12.755492,2024-04-01,0.55362195,0.56970775
BiLSTM+Attention,val,77.66588_12.764475,2024-04-01,0.53182477,0.55215186
BiLSTM+Attention,val,77.66588_12.768967,2024-04-01,0.6602696,0.66890824
BiLSTM+Attention,val,77.66588_12.791425,2024-04-01,0.5671773,0.58449554
BiLSTM+Attention,val,77.66588_12.953122,2024-04-01,0.5622863,0.55609727
BiLSTM+Attention,val,77.66588_13.038462,2024-04-01,0.45902538,0.46246976
BiLSTM+Attention,val,77.66588_13.051936,2024-04-01,0.48490548,0.49823427
BiLSTM+Attention,val,77.66588_13.173209,2024-04-01,0.38231215,0.41509962
BiLSTM+Attention,val,77.670371_12.71956,2024-04-01,0.5460127,0.57774746
BiLSTM+Attention,val,77.670371_12.86329,2024-04-01,0.4613131,0.47701633
BiLSTM+Attention,val,77.670371_12.881256,2024-04-01,0.45221052,0.4681307
BiLSTM+Attention,val,77.670371_12.894731,2024-04-01,0.39951062,0.41743422
BiLSTM+Attention,val,77.670371_13.069903,2024-04-01,0.38861892,0.41147354
BiLSTM+Attention,val,77.670371_13.083377,2024-04-01,0.34953958,0.38125795
BiLSTM+Attention,val,77.670371_13.092361,2024-04-01,0.3528797,0.3917065
BiLSTM+Attention,val,77.670371_13.128293,2024-04-01,0.43380976,0.4595264
BiLSTM+Attention,val,77.674863_12.674644,2024-04-01,0.6488432,0.6620382
BiLSTM+Attention,val,77.674863_12.71956,2024-04-01,0.55517155,0.58181
BiLSTM+Attention,val,77.674863_12.755492,2024-04-01,0.4977458,0.52000284
BiLSTM+Attention,val,77.674863_12.764475,2024-04-01,0.51232845,0.53459346
BiLSTM+Attention,val,77.674863_12.786933,2024-04-01,0.5415152,0.56362236
BiLSTM+Attention,val,77.674863_12.836341,2024-04-01,0.48396677,0.50077975
BiLSTM+Attention,val,77.674863_12.867782,2024-04-01,0.6357004,0.6350094
BiLSTM+Attention,val,77.674863_13.051936,2024-04-01,0.4937403,0.49685135
BiLSTM+Attention,val,77.674863_13.069903,2024-04-01,0.37065107,0.3945031
BiLSTM+Attention,val,77.674863_13.092361,2024-04-01,0.37265623,0.40631267
BiLSTM+Attention,val,77.674863_13.105835,2024-04-01,0.42677635,0.45181012
BiLSTM+Attention,val,77.679355_12.697102,2024-04-01,0.5218707,0.5494372
BiLSTM+Attention,val,77.679355_12.746509,2024-04-01,0.60950875,0.6208781
BiLSTM+Attention,val,77.679355_12.881256,2024-04-01,0.47808078,0.48779836
BiLSTM+Attention,val,77.679355_12.89024,2024-04-01,0.4910637,0.5009506
BiLSTM+Attention,val,77.679355_12.899223,2024-04-01,0.41244167,0.42913392
BiLSTM+Attention,val,77.679355_13.047445,2024-04-01,0.67103726,0.66060245
BiLSTM+Attention,val,77.679355_13.056428,2024-04-01,0.46554047,0.47622374
BiLSTM+Attention,val,77.679355_13.074394,2024-04-01,0.38941747,0.4084341
BiLSTM+Attention,val,77.679355_13.101344,2024-04-01,0.39070907,0.41829783
BiLSTM+Attention,val,77.679355_13.141768,2024-04-01,0.424215,0.44294995
BiLSTM+Attention,val,77.679355_13.155243,2024-04-01,0.35210198,0.38104287
BiLSTM+Attention,val,77.679355_13.159734,2024-04-01,0.37648237,0.4074696
BiLSTM+Attention,val,77.683846_12.728543,2024-04-01,0.5400718,0.55665
BiLSTM+Attention,val,77.683846_12.742018,2024-04-01,0.47573745,0.49972287
BiLSTM+Attention,val,77.683846_12.755492,2024-04-01,0.65177035,0.65957844
BiLSTM+Attention,val,77.683846_12.795916,2024-04-01,0.51986396,0.5343911
BiLSTM+Attention,val,77.683846_12.8049,2024-04-01,0.47876605,0.5003519
BiLSTM+Attention,val,77.683846_12.836341,2024-04-01,0.5282567,0.5422929
BiLSTM+Attention,val,77.683846_12.840832,2024-04-01,0.53661525,0.5482303
BiLSTM+Attention,val,77.683846_12.894731,2024-04-01,0.5047693,0.515958
BiLSTM+Attention,val,77.683846_12.917189,2024-04-01,0.41983166,0.43304408
BiLSTM+Attention,val,77.683846_12.939647,2024-04-01,0.656187,0.64910316
BiLSTM+Attention,val,77.683846_13.029478,2024-04-01,0.3449048,0.35995686
BiLSTM+Attention,val,77.683846_13.06092,2024-04-01,0.43839967,0.45976096
BiLSTM+Attention,val,77.683846_13.074394,2024-04-01,0.35696954,0.37301534
BiLSTM+Attention,val,77.683846_13.11931,2024-04-01,0.33569264,0.3697092
BiLSTM+Attention,val,77.683846_13.123802,2024-04-01,0.38403887,0.41223794
BiLSTM+Attention,val,77.688338_12.656678,2024-04-01,0.6595656,0.65820575
BiLSTM+Attention,val,77.688338_12.69261,2024-04-01,0.70229197,0.70718265
BiLSTM+Attention,val,77.688338_12.697102,2024-04-01,0.70766264,0.71152925
BiLSTM+Attention,val,77.688338_12.710577,2024-04-01,0.7049975,0.7072489
BiLSTM+Attention,val,77.688338_12.751001,2024-04-01,0.5517763,0.56969714
BiLSTM+Attention,val,77.688338_12.755492,2024-04-01,0.5242304,0.5473348
BiLSTM+Attention,val,77.688338_12.876765,2024-04-01,0.693922,0.679201
BiLSTM+Attention,val,77.688338_12.885748,2024-04-01,0.51702195,0.5346087
BiLSTM+Attention,val,77.688338_12.966596,2024-04-01,0.5335286,0.5331367
BiLSTM+Attention,val,77.692829_12.746509,2024-04-01,0.4527787,0.4816369
BiLSTM+Attention,val,77.692829_12.800408,2024-04-01,0.4819428,0.49637276
BiLSTM+Attention,val,77.692829_12.845324,2024-04-01,0.5459259,0.5608541
BiLSTM+Attention,val,77.692829_12.885748,2024-04-01,0.5426459,0.5541716
BiLSTM+Attention,val,77.692829_12.899223,2024-04-01,0.46776173,0.46957973
BiLSTM+Attention,val,77.692829_13.047445,2024-04-01,0.6439132,0.6202965
BiLSTM+Attention,val,77.692829_13.06092,2024-04-01,0.5334718,0.54488367
BiLSTM+Attention,val,77.692829_13.065411,2024-04-01,0.48673946,0.5008339
BiLSTM+Attention,val,77.692829_13.083377,2024-04-01,0.3538323,0.38885868
BiLSTM+Attention,val,77.692829_13.096852,2024-04-01,0.33567995,0.37230995
BiLSTM+Attention,val,77.692829_13.132785,2024-04-01,0.3139581,0.354334
BiLSTM+Attention,val,77.692829_13.155243,2024-04-01,0.35323265,0.37837172
BiLSTM+Attention,val,77.697321_12.697102,2024-04-01,0.71046513,0.7175993
BiLSTM+Attention,val,77.697321_12.751001,2024-04-01,0.5164946,0.5311157
BiLSTM+Attention,val,77.697321_12.773459,2024-04-01,0.48379993,0.5095584
BiLSTM+Attention,val,77.697321_12.791425,2024-04-01,0.5668645,0.583606
BiLSTM+Attention,val,77.697321_12.885748,2024-04-01,0.54607826,0.5566537
BiLSTM+Attention,val,77.697321_12.894731,2024-04-01,0.4831944,0.48649025
BiLSTM+Attention,val,77.697321_12.930664,2024-04-01,0.50423807,0.5034771
BiLSTM+Attention,val,77.697321_12.966596,2024-04-01,0.50880885,0.5089926
BiLSTM+Attention,val,77.697321_13.132785,2024-04-01,0.3139581,0.35236478
BiLSTM+Attention,val,77.697321_13.150751,2024-04-01,0.36896318,0.3879643
BiLSTM+Attention,val,77.697321_13.1777,2024-04-01,0.46263048,0.4775086
BiLSTM+Attention,val,77.701812_12.742018,2024-04-01,0.51506084,0.5323476
BiLSTM+Attention,val,77.701812_12.77795,2024-04-01,0.481432,0.4996221
BiLSTM+Attention,val,77.701812_12.8049,2024-04-01,0.552023,0.562435
BiLSTM+Attention,val,77.701812_12.822866,2024-04-01,0.5231764,0.5461425
BiLSTM+Attention,val,77.701812_12.872273,2024-04-01,0.47830796,0.4888841
BiLSTM+Attention,val,77.701812_12.984563,2024-04-01,0.43616584,0.4348733
BiLSTM+Attention,val,77.701812_13.03397,2024-04-01,0.40512815,0.42402935
BiLSTM+Attention,val,77.701812_13.114818,2024-04-01,0.39761546,0.42410555
BiLSTM+Attention,val,77.701812_13.164226,2024-04-01,0.3940389,0.41580856
BiLSTM+Attention,val,77.706304_12.746509,2024-04-01,0.5282841,0.54584754
BiLSTM+Attention,val,77.706304_12.751001,2024-04-01,0.53501886,0.5412733
BiLSTM+Attention,val,77.706304_12.759984,2024-04-01,0.45181397,0.4904556
BiLSTM+Attention,val,77.706304_12.764475,2024-04-01,0.48927343,0.51719373
BiLSTM+Attention,val,77.706304_12.86329,2024-04-01,0.4301471,0.4521275
BiLSTM+Attention,val,77.706304_12.984563,2024-04-01,0.4434829,0.44098085
BiLSTM+Attention,val,77.706304_13.038462,2024-04-01,0.41184235,0.42289823
BiLSTM+Attention,val,77.706304_13.042953,2024-04-01,0.46335405,0.48234636
BiLSTM+Attention,val,77.706304_13.137276,2024-04-01,0.5606623,0.5673011
BiLSTM+Attention,val,77.710796_12.715068,2024-04-01,0.59043,0.6129732
BiLSTM+Attention,val,77.710796_12.894731,2024-04-01,0.560671,0.5619729
BiLSTM+Attention,val,77.710796_12.899223,2024-04-01,0.5097939,0.52271456
BiLSTM+Attention,val,77.710796_12.912697,2024-04-01,0.44176567,0.4602815
BiLSTM+Attention,val,77.710796_13.03397,2024-04-01,0.39672846,0.41691738
BiLSTM+Attention,val,77.710796_13.11931,2024-04-01,0.36846864,0.4038991
BiLSTM+Attention,val,77.710796_13.123802,2024-04-01,0.3378611,0.37522507
BiLSTM+Attention,val,77.710796_13.132785,2024-04-01,0.36579567,0.39044333
BiLSTM+Attention,val,77.710796_13.150751,2024-04-01,0.34491894,0.3736552
BiLSTM+Attention,val,77.710796_13.168717,2024-04-01,0.41348368,0.43146107
BiLSTM+Attention,val,77.710796_13.173209,2024-04-01,0.4220988,0.4522238
BiLSTM+Attention,val,77.715287_12.679136,2024-04-01,0.64829254,0.65755194
BiLSTM+Attention,val,77.715287_12.742018,2024-04-01,0.5160169,0.5339113
BiLSTM+Attention,val,77.715287_12.773459,2024-04-01,0.48102394,0.50112736
BiLSTM+Attention,val,77.715287_12.822866,2024-04-01,0.5420227,0.55103827
BiLSTM+Attention,val,77.715287_12.827358,2024-04-01,0.51027715,0.526735
BiLSTM+Attention,val,77.715287_12.845324,2024-04-01,0.4580174,0.47315046
BiLSTM+Attention,val,77.715287_12.885748,2024-04-01,0.52907306,0.53880775
BiLSTM+Attention,val,77.715287_12.899223,2024-04-01,0.4257599,0.44248158
BiLSTM+Attention,val,77.715287_12.939647,2024-04-01,0.6661482,0.66348684
BiLSTM+Attention,val,77.715287_12.944139,2024-04-01,0.6949784,0.6910734
BiLSTM+Attention,val,77.715287_12.94863,2024-04-01,0.5422171,0.54248995
BiLSTM+Attention,val,77.715287_13.016004,2024-04-01,0.47731808,0.47873914
BiLSTM+Attention,val,77.715287_13.029478,2024-04-01,0.35878927,0.38430834
BiLSTM+Attention,val,77.715287_13.038462,2024-04-01,0.48143393,0.49838328
BiLSTM+Attention,val,77.715287_13.051936,2024-04-01,0.46982837,0.4905754
BiLSTM+Attention,val,77.715287_13.056428,2024-04-01,0.40304527,0.42673808
BiLSTM+Attention,val,77.715287_13.096852,2024-04-01,0.29751927,0.3415743
BiLSTM+Attention,val,77.715287_13.114818,2024-04-01,0.4335186,0.4601934
BiLSTM+Attention,val,77.715287_13.128293,2024-04-01,0.37838387,0.40898597
BiLSTM+Attention,val,77.719779_12.706085,2024-04-01,0.606146,0.62811875
BiLSTM+Attention,val,77.719779_12.746509,2024-04-01,0.6388302,0.64764506
BiLSTM+Attention,val,77.719779_12.795916,2024-04-01,0.50006366,0.52506506
BiLSTM+Attention,val,77.719779_12.840832,2024-04-01,0.5389652,0.5485071
BiLSTM+Attention,val,77.719779_12.903714,2024-04-01,0.42353028,0.44296718
BiLSTM+Attention,val,77.719779_13.069903,2024-04-01,0.36797804,0.39674005
BiLSTM+Attention,val,77.719779_13.105835,2024-04-01,0.39162606,0.4166109
BiLSTM+Attention,val,77.719779_13.123802,2024-04-01,0.3486659,0.3839671
BiLSTM+Attention,val,77.719779_13.137276,2024-04-01,0.35417554,0.38248166
BiLSTM+Attention,val,77.719779_13.155243,2024-04-01,0.34544632,0.37628067
BiLSTM+Attention,val,77.72427_12.674644,2024-04-01,0.5551818,0.58279955
BiLSTM+Attention,val,77.72427_12.697102,2024-04-01,0.4825084,0.51970005
BiLSTM+Attention,val,77.72427_12.701593,2024-04-01,0.50939256,0.5412983
BiLSTM+Attention,val,77.72427_12.724051,2024-04-01,0.5475423,0.56311536
BiLSTM+Attention,val,77.72427_12.786933,2024-04-01,0.5241476,0.5417614
BiLSTM+Attention,val,77.72427_12.791425,2024-04-01,0.5225556,0.53698283
BiLSTM+Attention,val,77.72427_12.840832,2024-04-01,0.51861715,0.5328953
BiLSTM+Attention,val,77.72427_12.867782,2024-04-01,0.46312544,0.48053974
BiLSTM+Attention,val,77.72427_12.885748,2024-04-01,0.49945804,0.5126553
BiLSTM+Attention,val,77.72427_13.024987,2024-04-01,0.66707367,0.6690316
BiLSTM+Attention,val,77.72427_13.06092,2024-04-01,0.38615745,0.41397572
BiLSTM+Attention,val,77.72427_13.074394,2024-04-01,0.39594448,0.4209991
BiLSTM+Attention,val,77.728762_12.706085,2024-04-01,0.5802861,0.6067984
BiLSTM+Attention,val,77.728762_12.724051,2024-04-01,0.61411685,0.62701106
BiLSTM+Attention,val,77.728762_12.759984,2024-04-01,0.52147645,0.5384098
BiLSTM+Attention,val,77.728762_12.782442,2024-04-01,0.54448926,0.5618293
BiLSTM+Attention,val,77.728762_12.809391,2024-04-01,0.534864,0.55102336
BiLSTM+Attention,val,77.728762_12.858799,2024-04-01,0.5348209,0.5394762
BiLSTM+Attention,val,77.728762_12.876765,2024-04-01,0.5454648,0.55948293
BiLSTM+Attention,val,77.728762_12.885748,2024-04-01,0.48827305,0.5034024
BiLSTM+Attention,val,77.728762_13.016004,2024-04-01,0.6551531,0.6598774
BiLSTM+Attention,val,77.728762_13.047445,2024-04-01,0.45053077,0.47005066
BiLSTM+Attention,val,77.728762_13.087869,2024-04-01,0.41983783,0.44146466
BiLSTM+Attention,val,77.728762_13.092361,2024-04-01,0.38173088,0.4084541
BiLSTM+Attention,val,77.733253_12.755492,2024-04-01,0.49211115,0.51315063
BiLSTM+Attention,val,77.733253_12.795916,2024-04-01,0.49410644,0.5085202
BiLSTM+Attention,val,77.733253_12.86329,2024-04-01,0.54806477,0.5601978
BiLSTM+Attention,val,77.733253_12.872273,2024-04-01,0.53163266,0.54301435
BiLSTM+Attention,val,77.733253_12.998037,2024-04-01,0.5613624,0.5713687
BiLSTM+Attention,val,77.733253_13.056428,2024-04-01,0.3628593,0.3956585
BiLSTM+Attention,val,77.737745_12.764475,2024-04-01,0.46992818,0.4918821
BiLSTM+Attention,val,77.737745_12.791425,2024-04-01,0.5128647,0.5310227
BiLSTM+Attention,val,77.737745_12.809391,2024-04-01,0.5086174,0.5312318
BiLSTM+Attention,val,77.737745_12.858799,2024-04-01,0.5138493,0.5271094
BiLSTM+Attention,val,77.737745_12.872273,2024-04-01,0.5390282,0.55458045
BiLSTM+Attention,val,77.737745_12.881256,2024-04-01,0.5592901,0.5673598
BiLSTM+Attention,val,77.737745_13.051936,2024-04-01,0.3868213,0.41747725
BiLSTM+Attention,val,77.737745_13.06092,2024-04-01,0.39168948,0.42354733
BiLSTM+Attention,val,77.737745_13.078886,2024-04-01,0.41870028,0.43946552
BiLSTM+Attention,val,77.737745_13.101344,2024-04-01,0.34427142,0.37903538
BiLSTM+Attention,val,77.742237_12.697102,2024-04-01,0.6225523,0.639331
BiLSTM+Attention,val,77.742237_12.764475,2024-04-01,0.48468247,0.50322205
BiLSTM+Attention,val,77.742237_12.795916,2024-04-01,0.47928736,0.49454296
BiLSTM+Attention,val,77.742237_12.8049,2024-04-01,0.522087,0.5385274
BiLSTM+Attention,val,77.742237_12.86329,2024-04-01,0.45387352,0.47237414
BiLSTM+Attention,val,77.742237_12.867782,2024-04-01,0.54401916,0.5564875
BiLSTM+Attention,val,77.742237_12.89024,2024-04-01,0.5448993,0.55813354
BiLSTM+Attention,val,77.742237_12.899223,2024-04-01,0.52550036,0.5424548
BiLSTM+Attention,val,77.742237_12.921681,2024-04-01,0.47322366,0.48551345
BiLSTM+Attention,val,77.742237_12.980071,2024-04-01,0.51227206,0.51833093
BiLSTM+Attention,val,77.742237_13.002529,2024-04-01,0.52895564,0.5414626
BiLSTM+Attention,val,77.742237_13.016004,2024-04-01,0.53555465,0.5397898
BiLSTM+Attention,val,77.742237_13.038462,2024-04-01,0.36499062,0.39875057
BiLSTM+Attention,val,77.742237_13.074394,2024-04-01,0.34191093,0.37352487
BiLSTM+Attention,val,77.742237_13.078886,2024-04-01,0.40463164,0.42474723
BiLSTM+Attention,val,77.742237_13.101344,2024-04-01,0.36643893,0.3950573
BiLSTM+Attention,val,77.746728_12.751001,2024-04-01,0.5127995,0.52789104
BiLSTM+Attention,val,77.746728_12.764475,2024-04-01,0.5040131,0.52186936
BiLSTM+Attention,val,77.746728_12.782442,2024-04-01,0.53944385,0.5456596
BiLSTM+Attention,val,77.746728_12.97558,2024-04-01,0.5328013,0.53828347
BiLSTM+Attention,val,77.746728_12.984563,2024-04-01,0.52293235,0.5239309
BiLSTM+Attention,val,77.746728_13.016004,2024-04-01,0.5476438,0.5536407
BiLSTM+Attention,val,77.746728_13.020495,2024-04-01,0.57611823,0.5829418
BiLSTM+Attention,val,77.746728_13.024987,2024-04-01,0.48558125,0.49596295
BiLSTM+Attention,val,77.746728_13.038462,2024-04-01,0.3934836,0.42052713
BiLSTM+Attention,val,77.746728_13.06092,2024-04-01,0.3517803,0.38727355
BiLSTM+Attention,val,77.746728_13.083377,2024-04-01,0.40392882,0.4255707
BiLSTM+Attention,val,77.746728_13.092361,2024-04-01,0.36166123,0.3853088
BiLSTM+Attention,val,77.75122_12.751001,2024-04-01,0.5025191,0.5216796
BiLSTM+Attention,val,77.75122_12.755492,2024-04-01,0.5466206,0.5586034
BiLSTM+Attention,val,77.75122_12.768967,2024-04-01,0.46772093,0.49418133
BiLSTM+Attention,val,77.75122_12.77795,2024-04-01,0.50601584,0.52567595
BiLSTM+Attention,val,77.75122_12.894731,2024-04-01,0.46768937,0.48180795
BiLSTM+Attention,val,77.75122_12.993546,2024-04-01,0.4635834,0.4838708
BiLSTM+Attention,val,77.75122_13.020495,2024-04-01,0.5092321,0.5195738
BiLSTM+Attention,val,77.75122_13.03397,2024-04-01,0.40442532,0.43219152
BiLSTM+Attention,val,77.75122_13.038462,2024-04-01,0.37355646,0.3975653
BiLSTM+Attention,val,77.755711_12.706085,2024-04-01,0.53774345,0.5592924
BiLSTM+Attention,val,77.755711_12.764475,2024-04-01,0.70072716,0.6967041
BiLSTM+Attention,val,77.755711_12.77795,2024-04-01,0.48877448,0.5116554
BiLSTM+Attention,val,77.755711_12.822866,2024-04-01,0.4943016,0.5066772
BiLSTM+Attention,val,77.755711_12.831849,2024-04-01,0.46868494,0.4829746
BiLSTM+Attention,val,77.755711_12.858799,2024-04-01,0.51677495,0.5325286
BiLSTM+Attention,val,77.755711_12.885748,2024-04-01,0.5042332,0.5176671
BiLSTM+Attention,val,77.755711_12.899223,2024-04-01,0.4347274,0.4480685
BiLSTM+Attention,val,77.755711_12.903714,2024-04-01,0.48938274,0.50645816
BiLSTM+Attention,val,77.755711_12.926172,2024-04-01,0.5089079,0.5164732
BiLSTM+Attention,val,77.760203_12.751001,2024-04-01,0.49904588,0.51721656
BiLSTM+Attention,val,77.760203_12.795916,2024-04-01,0.48021042,0.49430192
BiLSTM+Attention,val,77.760203_12.818374,2024-04-01,0.57093686,0.5838962
BiLSTM+Attention,val,77.760203_12.867782,2024-04-01,0.47523436,0.49601433
BiLSTM+Attention,val,77.760203_12.872273,2024-04-01,0.48750886,0.5030979
BiLSTM+Attention,val,77.760203_12.876765,2024-04-01,0.45866495,0.46514708
BiLSTM+Attention,val,77.760203_12.885748,2024-04-01,0.47482413,0.47783047
BiLSTM+Attention,val,77.760203_12.984563,2024-04-01,0.5214146,0.52914697
BiLSTM+Attention,val,77.764695_12.742018,2024-04-01,0.6118537,0.6216086
BiLSTM+Attention,val,77.764695_12.746509,2024-04-01,0.5994492,0.6119467
BiLSTM+Attention,val,77.764695_12.813883,2024-04-01,0.5261433,0.5450912
BiLSTM+Attention,val,77.764695_12.849815,2024-04-01,0.50178725,0.50787556
BiLSTM+Attention,val,77.764695_12.885748,2024-04-01,0.49948817,0.51225805
BiLSTM+Attention,val,77.764695_12.912697,2024-04-01,0.5048139,0.5148121
BiLSTM+Attention,val,77.764695_13.03397,2024-04-01,0.35249907,0.38301823
BiLSTM+Attention,val,77.769186_12.751001,2024-04-01,0.62213683,0.6286451
BiLSTM+Attention,val,77.769186_12.791425,2024-04-01,0.46987244,0.49022597
BiLSTM+Attention,val,77.769186_12.800408,2024-04-01,0.52251786,0.5238961
BiLSTM+Attention,val,77.769186_12.8049,2024-04-01,0.5553125,0.56277275
BiLSTM+Attention,val,77.769186_12.809391,2024-04-01,0.49163613,0.5046296
BiLSTM+Attention,val,77.769186_12.876765,2024-04-01,0.5177366,0.5256556
BiLSTM+Attention,val,77.769186_12.894731,2024-04-01,0.48006216,0.48701662
BiLSTM+Attention,val,77.769186_13.016004,2024-04-01,0.4626633,0.47430527
BiLSTM+Attention,val,77.773678_12.746509,2024-04-01,0.61575776,0.62550414
BiLSTM+Attention,val,77.773678_12.858799,2024-04-01,0.45969006,0.47026438
BiLSTM+Attention,val,77.773678_12.885748,2024-04-01,0.4707614,0.47730905
BiLSTM+Attention,val,77.773678_12.899223,2024-04-01,0.44710788,0.46448067
BiLSTM+Attention,val,77.773678_12.908206,2024-04-01,0.48485097,0.49873537
BiLSTM+Attention,val,77.778169_12.809391,2024-04-01,0.4539239,0.4683707
BiLSTM+Attention,val,77.778169_12.885748,2024-04-01,0.48934886,0.5063703
BiLSTM+Attention,val,77.782661_12.786933,2024-04-01,0.47190765,0.49436507
BiLSTM+Attention,val,77.782661_12.791425,2024-04-01,0.49990538,0.5172511
BiLSTM+Attention,val,77.782661_12.89024,2024-04-01,0.48227465,0.4979012
BiLSTM+Attention,val,77.787152_12.786933,2024-04-01,0.4857574,0.50715613
BiLSTM+Attention,val,77.787152_12.849815,2024-04-01,0.46181065,0.48336688
BiLSTM+Attention,val,77.787152_12.867782,2024-04-01,0.47220194,0.4841955
BiLSTM+Attention,val,77.791644_12.8049,2024-04-01,0.4853197,0.49864697
BiLSTM+Attention,val,77.791644_12.899223,2024-04-01,0.47101068,0.4890244
BiLSTM+Attention,val,77.796136_12.854307,2024-04-01,0.4597062,0.4785427
BiLSTM+Attention,val,77.796136_12.885748,2024-04-01,0.52251756,0.54047
BiLSTM+Attention,val,77.800627_12.876765,2024-04-01,0.5153725,0.53206706
BiLSTM+Attention,val,77.800627_12.885748,2024-04-01,0.48278728,0.5017753
BiLSTM+Attention,val,77.805119_12.876765,2024-04-01,0.5227617,0.53691804
BiLSTM+Attention,val,77.805119_12.89024,2024-04-01,0.5118741,0.5339555
BiLSTM+Attention,val,77.80961_12.858799,2024-04-01,0.5279646,0.5405542
BiLSTM+Attention,val,77.80961_12.86329,2024-04-01,0.5063863,0.51791126
BiLSTM+Attention,test,77.329012_12.944139,2024-05-01,0.5107549,0.52683204
BiLSTM+Attention,test,77.329012_12.962105,2024-05-01,0.6814475,0.661915
BiLSTM+Attention,test,77.337995_12.921681,2024-05-01,0.6310236,0.6319665
BiLSTM+Attention,test,77.342486_12.926172,2024-05-01,0.6694301,0.65489125
BiLSTM+Attention,test,77.342486_12.935155,2024-05-01,0.69045657,0.68230975
BiLSTM+Attention,test,77.342486_12.944139,2024-05-01,0.65887713,0.65402985
BiLSTM+Attention,test,77.346978_12.86329,2024-05-01,0.564212,0.5786563
BiLSTM+Attention,test,77.346978_12.962105,2024-05-01,0.51822466,0.5300122
BiLSTM+Attention,test,77.351469_12.89024,2024-05-01,0.5389099,0.5554329
BiLSTM+Attention,test,77.351469_12.930664,2024-05-01,0.69434124,0.6812884
BiLSTM+Attention,test,77.351469_12.939647,2024-05-01,0.67496634,0.6635827
BiLSTM+Attention,test,77.355961_12.899223,2024-05-01,0.55377966,0.56045336
BiLSTM+Attention,test,77.355961_12.94863,2024-05-01,0.4859368,0.510969
BiLSTM+Attention,test,77.355961_12.962105,2024-05-01,0.69158727,0.68236065
BiLSTM+Attention,test,77.360453_12.867782,2024-05-01,0.45235714,0.47823036
BiLSTM+Attention,test,77.360453_12.908206,2024-05-01,0.5742441,0.57558763
BiLSTM+Attention,test,77.360453_12.926172,2024-05-01,0.69036776,0.67911327
BiLSTM+Attention,test,77.364944_12.854307,2024-05-01,0.4940219,0.51173866
BiLSTM+Attention,test,77.364944_12.962105,2024-05-01,0.47491655,0.49715364
BiLSTM+Attention,test,77.369436_12.881256,2024-05-01,0.4949093,0.5171112
BiLSTM+Attention,test,77.369436_12.89024,2024-05-01,0.49264103,0.5057769
BiLSTM+Attention,test,77.369436_12.935155,2024-05-01,0.44807917,0.4620903
BiLSTM+Attention,test,77.369436_12.998037,2024-05-01,0.4846066,0.5046453
BiLSTM+Attention,test,77.369436_13.007021,2024-05-01,0.5295719,0.5389304
BiLSTM+Attention,test,77.373927_12.912697,2024-05-01,0.58846635,0.5939609
BiLSTM+Attention,test,77.373927_12.971088,2024-05-01,0.468374,0.48471078
BiLSTM+Attention,test,77.373927_13.011512,2024-05-01,0.48160696,0.49855298
BiLSTM+Attention,test,77.373927_13.016004,2024-05-01,0.46590695,0.48415065
BiLSTM+Attention,test,77.378419_12.966596,2024-05-01,0.44375804,0.45859057
BiLSTM+Attention,test,77.382911_12.894731,2024-05-01,0.536105,0.5432614
BiLSTM+Attention,test,77.382911_12.953122,2024-05-01,0.5034971,0.51165235
BiLSTM+Attention,test,77.382911_12.957613,2024-05-01,0.49812603,0.50735897
BiLSTM+Attention,test,77.387402_12.962105,2024-05-01,0.48896897,0.4918694
BiLSTM+Attention,test,77.387402_12.97558,2024-05-01,0.4898451,0.50060713
BiLSTM+Attention,test,77.387402_12.980071,2024-05-01,0.49236566,0.5065512
BiLSTM+Attention,test,77.391894_12.867782,2024-05-01,0.5357398,0.55251336
BiLSTM+Attention,test,77.391894_12.881256,2024-05-01,0.5025997,0.5190359
BiLSTM+Attention,test,77.391894_12.885748,2024-05-01,0.53476274,0.5485499
BiLSTM+Attention,test,77.396385_12.894731,2024-05-01,0.53778404,0.54690135
BiLSTM+Attention,test,77.396385_12.908206,2024-05-01,0.49616572,0.50260633
BiLSTM+Attention,test,77.396385_12.944139,2024-05-01,0.53618616,0.5425436
BiLSTM+Attention,test,77.396385_12.971088,2024-05-01,0.4598079,0.47740135
BiLSTM+Attention,test,77.396385_12.97558,2024-05-01,0.43592787,0.45212895
BiLSTM+Attention,test,77.396385_13.029478,2024-05-01,0.37024853,0.38637522
BiLSTM+Attention,test,77.400877_12.957613,2024-05-01,0.5036752,0.5098813
BiLSTM+Attention,test,77.400877_12.966596,2024-05-01,0.45665956,0.4748025
BiLSTM+Attention,test,77.400877_13.029478,2024-05-01,0.3579092,0.37517247
BiLSTM+Attention,test,77.405368_12.881256,2024-05-01,0.46340665,0.4780448
BiLSTM+Attention,test,77.405368_12.89024,2024-05-01,0.48626968,0.4973607
BiLSTM+Attention,test,77.405368_12.903714,2024-05-01,0.4595151,0.4702341
BiLSTM+Attention,test,77.405368_12.930664,2024-05-01,0.5775505,0.58540535
BiLSTM+Attention,test,77.405368_12.998037,2024-05-01,0.47738564,0.4893357
BiLSTM+Attention,test,77.405368_13.105835,2024-05-01,0.3998763,0.40310532
BiLSTM+Attention,test,77.405368_13.11931,2024-05-01,0.36223492,0.3703794
BiLSTM+Attention,test,77.40986_12.872273,2024-05-01,0.42883286,0.43888962
BiLSTM+Attention,test,77.40986_12.881256,2024-05-01,0.43086988,0.4436862
BiLSTM+Attention,test,77.40986_12.962105,2024-05-01,0.5129601,0.5361065
BiLSTM+Attention,test,77.414352_12.930664,2024-05-01,0.5217503,0.5333618
BiLSTM+Attention,test,77.414352_12.989054,2024-05-01,0.4393439,0.46094072
BiLSTM+Attention,test,77.414352_12.993546,2024-05-01,0.44699958,0.45702863
BiLSTM+Attention,test,77.414352_13.03397,2024-05-01,0.41507912,0.43110484
BiLSTM+Attention,test,77.414352_13.096852,2024-05-01,0.38257325,0.3941671
BiLSTM+Attention,test,77.414352_13.11931,2024-05-01,0.38149476,0.39242402
BiLSTM+Attention,test,77.418843_12.876765,2024-05-01,0.44113916,0.4484536
BiLSTM+Attention,test,77.418843_12.89024,2024-05-01,0.4693317,0.47922552
BiLSTM+Attention,test,77.418843_12.94863,2024-05-01,0.51247233,0.5276659
BiLSTM+Attention,test,77.418843_12.971088,2024-05-01,0.47524852,0.49159312
BiLSTM+Attention,test,77.418843_12.993546,2024-05-01,0.4765599,0.49067196
BiLSTM+Attention,test,77.418843_13.016004,2024-05-01,0.4409265,0.4614303
BiLSTM+Attention,test,77.418843_13.024987,2024-05-01,0.4320582,0.45925468
BiLSTM+Attention,test,77.418843_13.029478,2024-05-01,0.43158916,0.4578705
BiLSTM+Attention,test,77.418843_13.146259,2024-05-01,0.34351605,0.3668505
BiLSTM+Attention,test,77.423335_12.876765,2024-05-01,0.44291738,0.45684844
BiLSTM+Attention,test,77.423335_12.921681,2024-05-01,0.52683794,0.5385414
BiLSTM+Attention,test,77.423335_12.930664,2024-05-01,0.50952226,0.52699006
BiLSTM+Attention,test,77.423335_13.002529,2024-05-01,0.5246465,0.52465385
BiLSTM+Attention,test,77.423335_13.092361,2024-05-01,0.3187255,0.33497757
BiLSTM+Attention,test,77.423335_13.141768,2024-05-01,0.40229636,0.42512977
BiLSTM+Attention,test,77.423335_13.150751,2024-05-01,0.35227147,0.37513608
BiLSTM+Attention,test,77.427826_12.845324,2024-05-01,0.38490126,0.40542758
BiLSTM+Attention,test,77.427826_12.858799,2024-05-01,0.4376179,0.44645816
BiLSTM+Attention,test,77.427826_12.930664,2024-05-01,0.51700795,0.53391975
BiLSTM+Attention,test,77.427826_12.939647,2024-05-01,0.46441826,0.48505
BiLSTM+Attention,test,77.427826_12.944139,2024-05-01,0.4778012,0.50414
BiLSTM+Attention,test,77.427826_13.020495,2024-05-01,0.44259402,0.46598065
BiLSTM+Attention,test,77.427826_13.024987,2024-05-01,0.43348283,0.45214647
BiLSTM+Attention,test,77.427826_13.110327,2024-05-01,0.4000114,0.41491288
BiLSTM+Attention,test,77.427826_13.132785,2024-05-01,0.45523578,0.47325888
BiLSTM+Attention,test,77.432318_12.858799,2024-05-01,0.45221087,0.46498936
BiLSTM+Attention,test,77.432318_12.86329,2024-05-01,0.45833248,0.46700752
BiLSTM+Attention,test,77.432318_12.867782,2024-05-01,0.4499903,0.45601717
BiLSTM+Attention,test,77.432318_12.881256,2024-05-01,0.4927191,0.4951393
BiLSTM+Attention,test,77.432318_12.885748,2024-05-01,0.58280337,0.5782061
BiLSTM+Attention,test,77.432318_12.957613,2024-05-01,0.46432865,0.48333144
BiLSTM+Attention,test,77.432318_12.998037,2024-05-01,0.3954189,0.42128772
BiLSTM+Attention,test,77.432318_13.087869,2024-05-01,0.40354428,0.41476896
BiLSTM+Attention,test,77.432318_13.092361,2024-05-01,0.359919,0.3741408
BiLSTM+Attention,test,77.436809_12.818374,2024-05-01,0.5825645,0.57865053
BiLSTM+Attention,test,77.436809_12.840832,2024-05-01,0.49963158,0.5059691
BiLSTM+Attention,test,77.436809_12.854307,2024-05-01,0.4658276,0.483846
BiLSTM+Attention,test,77.436809_12.912697,2024-05-01,0.5859769,0.5835578
BiLSTM+Attention,test,77.436809_12.926172,2024-05-01,0.5189059,0.53064
BiLSTM+Attention,test,77.436809_12.944139,2024-05-01,0.48509204,0.51086664
BiLSTM+Attention,test,77.436809_13.03397,2024-05-01,0.41653928,0.44320983
BiLSTM+Attention,test,77.441301_12.818374,2024-05-01,0.5910526,0.5798254
BiLSTM+Attention,test,77.441301_12.831849,2024-05-01,0.48439676,0.4908828
BiLSTM+Attention,test,77.441301_12.836341,2024-05-01,0.5133054,0.5187765
BiLSTM+Attention,test,77.441301_12.840832,2024-05-01,0.48662114,0.48742178
BiLSTM+Attention,test,77.441301_12.944139,2024-05-01,0.5224524,0.53222805
BiLSTM+Attention,test,77.441301_12.94863,2024-05-01,0.4764598,0.4917065
BiLSTM+Attention,test,77.441301_13.056428,2024-05-01,0.40570098,0.42254388
BiLSTM+Attention,test,77.441301_13.069903,2024-05-01,0.42245534,0.4332691
BiLSTM+Attention,test,77.441301_13.083377,2024-05-01,0.4092586,0.4252121
BiLSTM+Attention,test,77.441301_13.110327,2024-05-01,0.3954041,0.40779012
BiLSTM+Attention,test,77.445793_12.840832,2024-05-01,0.5592809,0.5577646
BiLSTM+Attention,test,77.445793_12.86329,2024-05-01,0.57473546,0.5780379
BiLSTM+Attention,test,77.445793_12.867782,2024-05-01,0.55395913,0.5557104
BiLSTM+Attention,test,77.445793_12.912697,2024-05-01,0.49189165,0.50077283
BiLSTM+Attention,test,77.445793_12.957613,2024-05-01,0.4649667,0.48408103
BiLSTM+Attention,test,77.445793_12.984563,2024-05-01,0.48295045,0.4785986
BiLSTM+Attention,test,77.450284_12.809391,2024-05-01,0.547794,0.54607886
BiLSTM+Attention,test,77.450284_12.872273,2024-05-01,0.5534575,0.5515476
BiLSTM+Attention,test,77.450284_12.89024,2024-05-01,0.5091552,0.5583592
BiLSTM+Attention,test,77.450284_12.971088,2024-05-01,0.445037,0.47136682
BiLSTM+Attention,test,77.450284_12.993546,2024-05-01,0.36424583,0.37865183
BiLSTM+Attention,test,77.450284_13.029478,2024-05-01,0.40396523,0.4236645
BiLSTM+Attention,test,77.450284_13.047445,2024-05-01,0.41650882,0.438434
BiLSTM+Attention,test,77.450284_13.146259,2024-05-01,0.4700278,0.48831898
BiLSTM+Attention,test,77.454776_12.809391,2024-05-01,0.51275116,0.5214299
BiLSTM+Attention,test,77.454776_12.885748,2024-05-01,0.5353677,0.5524111
BiLSTM+Attention,test,77.454776_12.980071,2024-05-01,0.40445584,0.42393866
BiLSTM+Attention,test,77.454776_12.993546,2024-05-01,0.39011687,0.40142506
BiLSTM+Attention,test,77.454776_13.078886,2024-05-01,0.41529354,0.42740613
BiLSTM+Attention,test,77.454776_13.087869,2024-05-01,0.37899992,0.3958556
BiLSTM+Attention,test,77.454776_13.114818,2024-05-01,0.45658186,0.47576097
BiLSTM+Attention,test,77.454776_13.141768,2024-05-01,0.47341216,0.49703646
BiLSTM+Attention,test,77.459267_12.8049,2024-05-01,0.5817141,0.58435297
BiLSTM+Attention,test,77.459267_12.822866,2024-05-01,0.5433646,0.5458888
BiLSTM+Attention,test,77.459267_12.845324,2024-05-01,0.54720813,0.55094844
BiLSTM+Attention,test,77.459267_12.872273,2024-05-01,0.52477497,0.53472435
BiLSTM+Attention,test,77.459267_12.903714,2024-05-01,0.47814593,0.49177617
BiLSTM+Attention,test,77.459267_12.926172,2024-05-01,0.513158,0.52196944
BiLSTM+Attention,test,77.459267_12.97558,2024-05-01,0.4191861,0.4412011
BiLSTM+Attention,test,77.459267_13.016004,2024-05-01,0.37935144,0.39437136
BiLSTM+Attention,test,77.459267_13.020495,2024-05-01,0.3729076,0.3941002
BiLSTM+Attention,test,77.459267_13.11931,2024-05-01,0.453443,0.47153348
BiLSTM+Attention,test,77.463759_12.813883,2024-05-01,0.49297935,0.5023331
BiLSTM+Attention,test,77.463759_12.836341,2024-05-01,0.54420394,0.54686385
BiLSTM+Attention,test,77.463759_12.86329,2024-05-01,0.5610999,0.57185555
BiLSTM+Attention,test,77.463759_12.867782,2024-05-01,0.54307455,0.5586281
BiLSTM+Attention,test,77.463759_12.872273,2024-05-01,0.51885545,0.5313023
BiLSTM+Attention,test,77.463759_12.881256,2024-05-01,0.57075465,0.57958347
BiLSTM+Attention,test,77.463759_12.885748,2024-05-01,0.57431793,0.5678666
BiLSTM+Attention,test,77.463759_12.894731,2024-05-01,0.5139263,0.53423786
BiLSTM+Attention,test,77.463759_12.899223,2024-05-01,0.51653355,0.5233549
BiLSTM+Attention,test,77.463759_12.917189,2024-05-01,0.46154115,0.4864213
BiLSTM+Attention,test,77.463759_12.953122,2024-05-01,0.71614033,0.7100644
BiLSTM+Attention,test,77.463759_13.03397,2024-05-01,0.3718177,0.38330266
BiLSTM+Attention,test,77.463759_13.078886,2024-05-01,0.48376217,0.48858964
BiLSTM+Attention,test,77.46825_12.827358,2024-05-01,0.4567899,0.4683261
BiLSTM+Attention,test,77.46825_12.836341,2024-05-01,0.5515931,0.5532356
BiLSTM+Attention,test,77.46825_12.894731,2024-05-01,0.49406824,0.51236457
BiLSTM+Attention,test,77.46825_12.94863,2024-05-01,0.5557865,0.5511755
BiLSTM+Attention,test,77.46825_12.953122,2024-05-01,0.49119955,0.49942803
BiLSTM+Attention,test,77.46825_12.966596,2024-05-01,0.46926892,0.49221143
BiLSTM+Attention,test,77.46825_13.007021,2024-05-01,0.38984573,0.40008587
BiLSTM+Attention,test,77.46825_13.020495,2024-05-01,0.45703804,0.45866662
BiLSTM+Attention,test,77.46825_13.114818,2024-05-01,0.49752656,0.5098473
BiLSTM+Attention,test,77.46825_13.150751,2024-05-01,0.40816998,0.43182802
BiLSTM+Attention,test,77.46825_13.1777,2024-05-01,0.49862936,0.51909935
BiLSTM+Attention,test,77.472742_12.746509,2024-05-01,0.6193734,0.59957284
BiLSTM+Attention,test,77.472742_12.751001,2024-05-01,0.5731825,0.5560024
BiLSTM+Attention,test,77.472742_12.755492,2024-05-01,0.5901951,0.5786002
BiLSTM+Attention,test,77.472742_12.795916,2024-05-01,0.5267524,0.5342014
BiLSTM+Attention,test,77.472742_12.836341,2024-05-01,0.541652,0.54380625
BiLSTM+Attention,test,77.472742_12.984563,2024-05-01,0.43117654,0.4335051
BiLSTM+Attention,test,77.472742_13.087869,2024-05-01,0.4379468,0.45403048
BiLSTM+Attention,test,77.477234_12.764475,2024-05-01,0.5845502,0.57166296
BiLSTM+Attention,test,77.477234_12.782442,2024-05-01,0.52036774,0.528863
BiLSTM+Attention,test,77.477234_12.840832,2024-05-01,0.5434032,0.55617267
BiLSTM+Attention,test,77.477234_12.899223,2024-05-01,0.45436162,0.4638474
BiLSTM+Attention,test,77.477234_12.935155,2024-05-01,0.58229053,0.56848377
BiLSTM+Attention,test,77.477234_12.944139,2024-05-01,0.5123736,0.5041572
BiLSTM+Attention,test,77.477234_12.94863,2024-05-01,0.52321583,0.5124858
BiLSTM+Attention,test,77.477234_12.971088,2024-05-01,0.48193774,0.4900427
BiLSTM+Attention,test,77.477234_13.002529,2024-05-01,0.38540664,0.3982531
BiLSTM+Attention,test,77.477234_13.056428,2024-05-01,0.4396834,0.44478172
BiLSTM+Attention,test,77.481725_12.737526,2024-05-01,0.5959718,0.57701945
BiLSTM+Attention,test,77.481725_12.768967,2024-05-01,0.57948923,0.57089454
BiLSTM+Attention,test,77.481725_12.831849,2024-05-01,0.48539397,0.5044152
BiLSTM+Attention,test,77.481725_12.89024,2024-05-01,0.5336304,0.54723674
BiLSTM+Attention,test,77.481725_12.894731,2024-05-01,0.50080264,0.5112577
BiLSTM+Attention,test,77.481725_12.944139,2024-05-01,0.5251579,0.51651114
BiLSTM+Attention,test,77.481725_12.971088,2024-05-01,0.40673134,0.42265978
BiLSTM+Attention,test,77.481725_12.980071,2024-05-01,0.45997667,0.4568497
BiLSTM+Attention,test,77.481725_13.024987,2024-05-01,0.4384227,0.43956864
BiLSTM+Attention,test,77.481725_13.03397,2024-05-01,0.41549525,0.41332307
BiLSTM+Attention,test,77.481725_13.096852,2024-05-01,0.52127916,0.52540976
BiLSTM+Attention,test,77.481725_13.137276,2024-05-01,0.596927,0.58159083
BiLSTM+Attention,test,77.486217_12.764475,2024-05-01,0.57439166,0.5633782
BiLSTM+Attention,test,77.486217_12.872273,2024-05-01,0.49027327,0.5131567
BiLSTM+Attention,test,77.486217_12.939647,2024-05-01,0.54062796,0.5382605
BiLSTM+Attention,test,77.486217_12.998037,2024-05-01,0.432835,0.44019657
BiLSTM+Attention,test,77.486217_13.042953,2024-05-01,0.48608795,0.47338277
BiLSTM+Attention,test,77.486217_13.06092,2024-05-01,0.5043231,0.4969493
BiLSTM+Attention,test,77.486217_13.114818,2024-05-01,0.43799096,0.45160693
BiLSTM+Attention,test,77.486217_13.11931,2024-05-01,0.45526585,0.46601516
BiLSTM+Attention,test,77.490708_12.768967,2024-05-01,0.5661461,0.5554841
BiLSTM+Attention,test,77.490708_12.8049,2024-05-01,0.54420495,0.5438908
BiLSTM+Attention,test,77.490708_12.849815,2024-05-01,0.56065404,0.55439866
BiLSTM+Attention,test,77.490708_12.89024,2024-05-01,0.49267754,0.510882
BiLSTM+Attention,test,77.490708_13.051936,2024-05-01,0.5527372,0.5400995
BiLSTM+Attention,test,77.490708_13.087869,2024-05-01,0.49377832,0.50568205
BiLSTM+Attention,test,77.490708_13.092361,2024-05-01,0.4892564,0.50094044
BiLSTM+Attention,test,77.490708_13.096852,2024-05-01,0.51933014,0.5176528
BiLSTM+Attention,test,77.490708_13.182192,2024-05-01,0.5371187,0.54586357
BiLSTM+Attention,test,77.490708_13.209142,2024-05-01,0.4943776,0.49876451
BiLSTM+Attention,test,77.4952_12.786933,2024-05-01,0.5264517,0.52444863
BiLSTM+Attention,test,77.4952_12.836341,2024-05-01,0.51707643,0.5316522
BiLSTM+Attention,test,77.4952_12.899223,2024-05-01,0.53992015,0.5429024
BiLSTM+Attention,test,77.4952_12.962105,2024-05-01,0.5247584,0.51214856
BiLSTM+Attention,test,77.4952_13.020495,2024-05-01,0.48085287,0.47649273
BiLSTM+Attention,test,77.4952_13.024987,2024-05-01,0.47047716,0.46470124
BiLSTM+Attention,test,77.4952_13.03397,2024-05-01,0.523701,0.5065314
BiLSTM+Attention,test,77.4952_13.087869,2024-05-01,0.4680415,0.47771186
BiLSTM+Attention,test,77.4952_13.092361,2024-05-01,0.4944902,0.49252483
BiLSTM+Attention,test,77.4952_13.182192,2024-05-01,0.53667367,0.54029375
BiLSTM+Attention,test,77.499692_12.755492,2024-05-01,0.6320276,0.61302257
BiLSTM+Attention,test,77.499692_12.858799,2024-05-01,0.60814506,0.61001825
BiLSTM+Attention,test,77.499692_12.899223,2024-05-01,0.52191496,0.5254394
BiLSTM+Attention,test,77.499692_12.984563,2024-05-01,0.4749902,0.48477408
BiLSTM+Attention,test,77.499692_13.114818,2024-05-01,0.45715427,0.46308708
BiLSTM+Attention,test,77.499692_13.137276,2024-05-01,0.45007196,0.45773637
BiLSTM+Attention,test,77.499692_13.168717,2024-05-01,0.5855186,0.58333176
BiLSTM+Attention,test,77.504183_12.764475,2024-05-01,0.6370661,0.6280464
BiLSTM+Attention,test,77.504183_12.786933,2024-05-01,0.5944985,0.5830798
BiLSTM+Attention,test,77.504183_12.818374,2024-05-01,0.557746,0.5637615
BiLSTM+Attention,test,77.504183_12.854307,2024-05-01,0.5500826,0.5593951
BiLSTM+Attention,test,77.504183_12.858799,2024-05-01,0.6069088,0.6085546
BiLSTM+Attention,test,77.504183_12.953122,2024-05-01,0.5029479,0.5034869
BiLSTM+Attention,test,77.504183_13.083377,2024-05-01,0.52623355,0.5215209
BiLSTM+Attention,test,77.504183_13.141768,2024-05-01,0.52723944,0.5232772
BiLSTM+Attention,test,77.504183_13.159734,2024-05-01,0.61617416,0.6107653
BiLSTM+Attention,test,77.504183_13.195667,2024-05-01,0.46933234,0.48408693
BiLSTM+Attention,test,77.508675_12.751001,2024-05-01,0.6369108,0.62594616
BiLSTM+Attention,test,77.508675_12.795916,2024-05-01,0.6218728,0.6087806
BiLSTM+Attention,test,77.508675_12.831849,2024-05-01,0.55810905,0.55335075
BiLSTM+Attention,test,77.508675_12.836341,2024-05-01,0.5833047,0.5770533
BiLSTM+Attention,test,77.508675_12.845324,2024-05-01,0.5478058,0.54367924
BiLSTM+Attention,test,77.508675_12.903714,2024-05-01,0.47494614,0.47700903
BiLSTM+Attention,test,77.508675_12.912697,2024-05-01,0.50821096,0.5070646
BiLSTM+Attention,test,77.508675_12.917189,2024-05-01,0.57330424,0.5687509
BiLSTM+Attention,test,77.508675_13.114818,2024-05-01,0.41836807,0.420691
BiLSTM+Attention,test,77.508675_13.137276,2024-05-01,0.4765636,0.48513004
BiLSTM+Attention,test,77.508675_13.159734,2024-05-01,0.6016919,0.5919764
BiLSTM+Attention,test,77.508675_13.191175,2024-05-01,0.49359298,0.50075924
BiLSTM+Attention,test,77.513166_12.746509,2024-05-01,0.7295272,0.7436095
BiLSTM+Attention,test,77.513166_12.764475,2024-05-01,0.59578556,0.5863775
BiLSTM+Attention,test,77.513166_12.77795,2024-05-01,0.68888044,0.66380286
BiLSTM+Attention,test,77.513166_12.822866,2024-05-01,0.6313503,0.62247133
BiLSTM+Attention,test,77.513166_12.908206,2024-05-01,0.47745782,0.48464802
BiLSTM+Attention,test,77.513166_13.087869,2024-05-01,0.523393,0.5164247
BiLSTM+Attention,test,77.513166_13.096852,2024-05-01,0.5872587,0.581115
BiLSTM+Attention,test,77.513166_13.137276,2024-05-01,0.43903437,0.44816715
BiLSTM+Attention,test,77.513166_13.1777,2024-05-01,0.5172273,0.5284128
BiLSTM+Attention,test,77.517658_12.764475,2024-05-01,0.6416683,0.63341
BiLSTM+Attention,test,77.517658_12.77795,2024-05-01,0.6642499,0.65135837
BiLSTM+Attention,test,77.517658_12.782442,2024-05-01,0.6630861,0.6470037
BiLSTM+Attention,test,77.517658_12.795916,2024-05-01,0.6254674,0.61673987
BiLSTM+Attention,test,77.517658_12.827358,2024-05-01,0.558655,0.55220926
BiLSTM+Attention,test,77.517658_12.849815,2024-05-01,0.55356497,0.5514822
BiLSTM+Attention,test,77.517658_12.885748,2024-05-01,0.5493997,0.54979783
BiLSTM+Attention,test,77.517658_12.89024,2024-05-01,0.5409175,0.53917307
BiLSTM+Attention,test,77.517658_12.899223,2024-05-01,0.5336318,0.5315609
BiLSTM+Attention,test,77.517658_12.998037,2024-05-01,0.5430122,0.5377971
BiLSTM+Attention,test,77.517658_13.11931,2024-05-01,0.38351002,0.39485174
BiLSTM+Attention,test,77.517658_13.182192,2024-05-01,0.5206747,0.52880466
BiLSTM+Attention,test,77.517658_13.186684,2024-05-01,0.5295499,0.5324599
BiLSTM+Attention,test,77.517658_13.191175,2024-05-01,0.4731914,0.48447198
BiLSTM+Attention,test,77.522149_12.751001,2024-05-01,0.67412484,0.66159093
BiLSTM+Attention,test,77.522149_12.755492,2024-05-01,0.65017265,0.64824235
BiLSTM+Attention,test,77.522149_12.759984,2024-05-01,0.6830141,0.67553914
BiLSTM+Attention,test,77.522149_12.782442,2024-05-01,0.67734736,0.66126096
BiLSTM+Attention,test,77.522149_12.809391,2024-05-01,0.7401676,0.7135925
BiLSTM+Attention,test,77.522149_12.813883,2024-05-01,0.55492747,0.5554217
BiLSTM+Attention,test,77.522149_12.818374,2024-05-01,0.53735346,0.5391872
BiLSTM+Attention,test,77.522149_12.836341,2024-05-01,0.54864573,0.55361027
BiLSTM+Attention,test,77.522149_12.845324,2024-05-01,0.5645474,0.56207126
BiLSTM+Attention,test,77.522149_13.056428,2024-05-01,0.54944944,0.52236074
BiLSTM+Attention,test,77.522149_13.078886,2024-05-01,0.52404094,0.5174803
BiLSTM+Attention,test,77.522149_13.146259,2024-05-01,0.40279225,0.423011
BiLSTM+Attention,test,77.522149_13.200158,2024-05-01,0.5114121,0.5144056
BiLSTM+Attention,test,77.526641_12.751001,2024-05-01,0.68612427,0.6814753
BiLSTM+Attention,test,77.526641_12.840832,2024-05-01,0.61892945,0.6121626
BiLSTM+Attention,test,77.526641_12.89024,2024-05-01,0.58531946,0.58345413
BiLSTM+Attention,test,77.526641_12.899223,2024-05-01,0.5569609,0.5471821
BiLSTM+Attention,test,77.526641_13.078886,2024-05-01,0.53790784,0.5243226
BiLSTM+Attention,test,77.526641_13.105835,2024-05-01,0.3952297,0.40147227
BiLSTM+Attention,test,77.526641_13.110327,2024-05-01,0.39116007,0.40101385
BiLSTM+Attention,test,77.531133_12.791425,2024-05-01,0.58053464,0.57666945
BiLSTM+Attention,test,77.531133_12.795916,2024-05-01,0.61996627,0.6152353
BiLSTM+Attention,test,77.531133_12.800408,2024-05-01,0.59566873,0.5875529
BiLSTM+Attention,test,77.531133_12.822866,2024-05-01,0.5661562,0.56199825
BiLSTM+Attention,test,77.531133_12.827358,2024-05-01,0.5789718,0.57452476
BiLSTM+Attention,test,77.531133_12.894731,2024-05-01,0.509245,0.4924758
BiLSTM+Attention,test,77.531133_13.083377,2024-05-01,0.49736112,0.50969404
BiLSTM+Attention,test,77.531133_13.114818,2024-05-01,0.40286213,0.42566907
BiLSTM+Attention,test,77.531133_13.195667,2024-05-01,0.5241964,0.53438896
BiLSTM+Attention,test,77.535624_12.77795,2024-05-01,0.72401917,0.7096745
BiLSTM+Attention,test,77.535624_12.822866,2024-05-01,0.66912854,0.6572604
BiLSTM+Attention,test,77.535624_12.872273,2024-05-01,0.47410864,0.4655651
BiLSTM+Attention,test,77.535624_12.899223,2024-05-01,0.49020824,0.46882197
BiLSTM+Attention,test,77.535624_13.069903,2024-05-01,0.61028177,0.58612263
BiLSTM+Attention,test,77.535624_13.083377,2024-05-01,0.48997197,0.49937654
BiLSTM+Attention,test,77.535624_13.096852,2024-05-01,0.43997142,0.44325784
BiLSTM+Attention,test,77.535624_13.114818,2024-05-01,0.42855087,0.43622643
BiLSTM+Attention,test,77.535624_13.132785,2024-05-01,0.4537968,0.46224767
BiLSTM+Attention,test,77.535624_13.137276,2024-05-01,0.3960579,0.40654382
BiLSTM+Attention,test,77.535624_13.195667,2024-05-01,0.46628585,0.4657547
BiLSTM+Attention,test,77.540116_12.77795,2024-05-01,0.6236763,0.6180566
BiLSTM+Attention,test,77.540116_12.795916,2024-05-01,0.6400101,0.64066654
BiLSTM+Attention,test,77.540116_13.042953,2024-05-01,0.5393149,0.5273495
BiLSTM+Attention,test,77.540116_13.074394,2024-05-01,0.55751616,0.5376002
BiLSTM+Attention,test,77.540116_13.092361,2024-05-01,0.3979665,0.398179
BiLSTM+Attention,test,77.540116_13.101344,2024-05-01,0.4278677,0.42703924
BiLSTM+Attention,test,77.540116_13.105835,2024-05-01,0.43974534,0.44624794
BiLSTM+Attention,test,77.540116_13.114818,2024-05-01,0.40063554,0.40421134
BiLSTM+Attention,test,77.540116_13.132785,2024-05-01,0.43901846,0.4459818
BiLSTM+Attention,test,77.540116_13.155243,2024-05-01,0.46526325,0.46949524
BiLSTM+Attention,test,77.540116_13.182192,2024-05-01,0.43156832,0.45040303
BiLSTM+Attention,test,77.544607_12.831849,2024-05-01,0.7268469,0.68988776
BiLSTM+Attention,test,77.544607_13.218125,2024-05-01,0.5169835,0.52747333
BiLSTM+Attention,test,77.549099_12.822866,2024-05-01,0.7470443,0.7103357
BiLSTM+Attention,test,77.549099_12.831849,2024-05-01,0.6600398,0.63356566
BiLSTM+Attention,test,77.549099_12.836341,2024-05-01,0.63225526,0.605548
BiLSTM+Attention,test,77.549099_12.845324,2024-05-01,0.6148534,0.5972922
BiLSTM+Attention,test,77.549099_12.867782,2024-05-01,0.5393268,0.53396165
BiLSTM+Attention,test,77.549099_12.876765,2024-05-01,0.5052791,0.4889409
BiLSTM+Attention,test,77.549099_12.894731,2024-05-01,0.58519584,0.5647627
BiLSTM+Attention,test,77.549099_13.096852,2024-05-01,0.46476632,0.4642794
BiLSTM+Attention,test,77.549099_13.132785,2024-05-01,0.57034475,0.5707342
BiLSTM+Attention,test,77.55359_12.71956,2024-05-01,0.7637165,0.7295289
BiLSTM+Attention,test,77.55359_12.782442,2024-05-01,0.694998,0.67449725
BiLSTM+Attention,test,77.55359_12.849815,2024-05-01,0.60920084,0.59685314
BiLSTM+Attention,test,77.55359_12.872273,2024-05-01,0.49643102,0.4885428
BiLSTM+Attention,test,77.55359_13.069903,2024-05-01,0.6757428,0.64841014
BiLSTM+Attention,test,77.55359_13.101344,2024-05-01,0.4203833,0.42072293
BiLSTM+Attention,test,77.55359_13.110327,2024-05-01,0.4775339,0.4873159
BiLSTM+Attention,test,77.55359_13.128293,2024-05-01,0.5492294,0.5519976
BiLSTM+Attention,test,77.55359_13.168717,2024-05-01,0.47635213,0.48236677
BiLSTM+Attention,test,77.55359_13.173209,2024-05-01,0.39957777,0.40972328
BiLSTM+Attention,test,77.558082_12.710577,2024-05-01,0.7917045,0.75393474
BiLSTM+Attention,test,77.558082_12.827358,2024-05-01,0.67760724,0.66550815
BiLSTM+Attention,test,77.558082_12.845324,2024-05-01,0.6561434,0.64090085
BiLSTM+Attention,test,77.558082_13.042953,2024-05-01,0.6169638,0.59551036
BiLSTM+Attention,test,77.558082_13.051936,2024-05-01,0.6471731,0.615134
BiLSTM+Attention,test,77.558082_13.110327,2024-05-01,0.48573533,0.492535
BiLSTM+Attention,test,77.558082_13.168717,2024-05-01,0.49004096,0.49725157
BiLSTM+Attention,test,77.558082_13.1777,2024-05-01,0.4716826,0.4795605
BiLSTM+Attention,test,77.562574_12.71956,2024-05-01,0.76596546,0.73372525
BiLSTM+Attention,test,77.562574_12.827358,2024-05-01,0.68499637,0.6725557
BiLSTM+Attention,test,77.562574_12.858799,2024-05-01,0.50579154,0.5012585
BiLSTM+Attention,test,77.562574_12.872273,2024-05-01,0.588076,0.5687387
BiLSTM+Attention,test,77.562574_12.876765,2024-05-01,0.6109039,0.5950821
BiLSTM+Attention,test,77.562574_13.141768,2024-05-01,0.4641008,0.47617778
BiLSTM+Attention,test,77.562574_13.159734,2024-05-01,0.4925448,0.5017799
BiLSTM+Attention,test,77.562574_13.173209,2024-05-01,0.49920446,0.50362456
BiLSTM+Attention,test,77.567065_12.724051,2024-05-01,0.7120704,0.68651366
BiLSTM+Attention,test,77.567065_12.813883,2024-05-01,0.671499,0.6559248
BiLSTM+Attention,test,77.567065_12.849815,2024-05-01,0.65212184,0.63723713
BiLSTM+Attention,test,77.567065_13.105835,2024-05-01,0.54830384,0.5387464
BiLSTM+Attention,test,77.567065_13.114818,2024-05-01,0.59375274,0.5780945
BiLSTM+Attention,test,77.567065_13.182192,2024-05-01,0.49575105,0.5074805
BiLSTM+Attention,test,77.571557_12.71956,2024-05-01,0.7488923,0.7270688
BiLSTM+Attention,test,77.571557_12.800408,2024-05-01,0.6694158,0.6491024
BiLSTM+Attention,test,77.571557_12.813883,2024-05-01,0.74055123,0.70925087
BiLSTM+Attention,test,77.571557_12.849815,2024-05-01,0.65591305,0.6382776
BiLSTM+Attention,test,77.571557_13.141768,2024-05-01,0.46826696,0.47703785
BiLSTM+Attention,test,77.571557_13.146259,2024-05-01,0.47164184,0.48375732
BiLSTM+Attention,test,77.576048_12.71956,2024-05-01,0.7151055,0.6957903
BiLSTM+Attention,test,77.576048_12.728543,2024-05-01,0.71024114,0.6894802
BiLSTM+Attention,test,77.576048_12.742018,2024-05-01,0.7075073,0.66986185
BiLSTM+Attention,test,77.576048_12.813883,2024-05-01,0.7601321,0.721704
BiLSTM+Attention,test,77.576048_12.827358,2024-05-01,0.64165056,0.63098073
BiLSTM+Attention,test,77.58054_12.800408,2024-05-01,0.70861566,0.6781363
BiLSTM+Attention,test,77.58054_12.845324,2024-05-01,0.65827304,0.62707067
BiLSTM+Attention,test,77.58054_13.083377,2024-05-01,0.5096454,0.51175743
BiLSTM+Attention,test,77.58054_13.087869,2024-05-01,0.4836413,0.48397934
BiLSTM+Attention,test,77.585031_12.849815,2024-05-01,0.65571696,0.62391466
BiLSTM+Attention,test,77.585031_13.042953,2024-05-01,0.64541984,0.61911154
BiLSTM+Attention,test,77.585031_13.137276,2024-05-01,0.47531673,0.48759302
BiLSTM+Attention,test,77.589523_12.71956,2024-05-01,0.8219782,0.78822255
BiLSTM+Attention,test,77.589523_12.746509,2024-05-01,0.7085732,0.68058085
BiLSTM+Attention,test,77.589523_12.854307,2024-05-01,0.6034045,0.5816424
BiLSTM+Attention,test,77.589523_12.971088,2024-05-01,0.71159965,0.6538621
BiLSTM+Attention,test,77.589523_13.083377,2024-05-01,0.5934459,0.58446395
BiLSTM+Attention,test,77.589523_13.150751,2024-05-01,0.48079506,0.48511386
BiLSTM+Attention,test,77.594015_12.724051,2024-05-01,0.7981873,0.7753594
BiLSTM+Attention,test,77.594015_12.733034,2024-05-01,0.76889884,0.7490726
BiLSTM+Attention,test,77.594015_12.755492,2024-05-01,0.6708374,0.65186006
BiLSTM+Attention,test,77.594015_12.831849,2024-05-01,0.61820644,0.5897816
BiLSTM+Attention,test,77.594015_12.836341,2024-05-01,0.63785636,0.6056761
BiLSTM+Attention,test,77.594015_12.840832,2024-05-01,0.6383807,0.6047345
BiLSTM+Attention,test,77.594015_12.849815,2024-05-01,0.62922025,0.59977627
BiLSTM+Attention,test,77.594015_12.998037,2024-05-01,0.70546174,0.65805674
BiLSTM+Attention,test,77.594015_13.087869,2024-05-01,0.57811964,0.5676512
BiLSTM+Attention,test,77.598506_12.665661,2024-05-01,0.8015494,0.7602705
BiLSTM+Attention,test,77.598506_12.710577,2024-05-01,0.7296485,0.71240777
BiLSTM+Attention,test,77.598506_12.822866,2024-05-01,0.6430348,0.6114709
BiLSTM+Attention,test,77.598506_12.849815,2024-05-01,0.6691882,0.642097
BiLSTM+Attention,test,77.598506_13.083377,2024-05-01,0.5711347,0.5637635
BiLSTM+Attention,test,77.598506_13.128293,2024-05-01,0.5367635,0.54064345
BiLSTM+Attention,test,77.598506_13.141768,2024-05-01,0.45054325,0.4619333
BiLSTM+Attention,test,77.598506_13.146259,2024-05-01,0.4305071,0.44497454
BiLSTM+Attention,test,77.602998_12.710577,2024-05-01,0.7665286,0.73829865
BiLSTM+Attention,test,77.602998_12.827358,2024-05-01,0.5588052,0.5402605
BiLSTM+Attention,test,77.602998_12.849815,2024-05-01,0.5690106,0.5492537
BiLSTM+Attention,test,77.602998_12.858799,2024-05-01,0.5777939,0.5523916
BiLSTM+Attention,test,77.602998_13.114818,2024-05-01,0.564363,0.55811363
BiLSTM+Attention,test,77.602998_13.11931,2024-05-01,0.5581084,0.5478202
BiLSTM+Attention,test,77.602998_13.128293,2024-05-01,0.50500464,0.5074651
BiLSTM+Attention,test,77.602998_13.164226,2024-05-01,0.46466118,0.46729392
BiLSTM+Attention,test,77.607489_12.768967,2024-05-01,0.6326759,0.61697924
BiLSTM+Attention,test,77.607489_12.773459,2024-05-01,0.6062062,0.5889776
BiLSTM+Attention,test,77.607489_12.791425,2024-05-01,0.5942638,0.5789011
BiLSTM+Attention,test,77.607489_12.809391,2024-05-01,0.6808046,0.64562774
BiLSTM+Attention,test,77.607489_12.818374,2024-05-01,0.7041091,0.6750606
BiLSTM+Attention,test,77.607489_13.087869,2024-05-01,0.66763747,0.65666175
BiLSTM+Attention,test,77.611981_12.674644,2024-05-01,0.7827609,0.75785893
BiLSTM+Attention,test,77.611981_12.768967,2024-05-01,0.58898884,0.5632615
BiLSTM+Attention,test,77.611981_12.831849,2024-05-01,0.59200186,0.56809485
BiLSTM+Attention,test,77.611981_12.867782,2024-05-01,0.54665416,0.52889055
BiLSTM+Attention,test,77.611981_12.953122,2024-05-01,0.714658,0.681456
BiLSTM+Attention,test,77.611981_13.105835,2024-05-01,0.53364664,0.5168822
BiLSTM+Attention,test,77.611981_13.168717,2024-05-01,0.4380857,0.4507215
BiLSTM+Attention,test,77.611981_13.182192,2024-05-01,0.4110767,0.42263272
BiLSTM+Attention,test,77.616473_12.831849,2024-05-01,0.6332782,0.60576653
BiLSTM+Attention,test,77.616473_12.858799,2024-05-01,0.55773234,0.54175293
BiLSTM+Attention,test,77.616473_13.114818,2024-05-01,0.5601884,0.55089915
BiLSTM+Attention,test,77.616473_13.141768,2024-05-01,0.48612946,0.48200974
BiLSTM+Attention,test,77.616473_13.1777,2024-05-01,0.4040098,0.42281294
BiLSTM+Attention,test,77.620964_12.674644,2024-05-01,0.789763,0.76356757
BiLSTM+Attention,test,77.620964_12.795916,2024-05-01,0.5429122,0.5269665
BiLSTM+Attention,test,77.620964_12.813883,2024-05-01,0.5341812,0.5231265
BiLSTM+Attention,test,77.620964_12.845324,2024-05-01,0.66903496,0.6389942
BiLSTM+Attention,test,77.620964_12.858799,2024-05-01,0.5389672,0.53213185
BiLSTM+Attention,test,77.620964_13.132785,2024-05-01,0.53769827,0.5330635
BiLSTM+Attention,test,77.625456_12.782442,2024-05-01,0.57200706,0.5583666
BiLSTM+Attention,test,77.625456_12.858799,2024-05-01,0.5044604,0.5059073
BiLSTM+Attention,test,77.625456_13.065411,2024-05-01,0.43428707,0.4406554
BiLSTM+Attention,test,77.625456_13.128293,2024-05-01,0.5414324,0.53437746
BiLSTM+Attention,test,77.625456_13.137276,2024-05-01,0.47612193,0.48453152
BiLSTM+Attention,test,77.625456_13.155243,2024-05-01,0.59608334,0.58008456
BiLSTM+Attention,test,77.625456_13.182192,2024-05-01,0.43849254,0.44747087
BiLSTM+Attention,test,77.629947_12.795916,2024-05-01,0.75148946,0.7007395
BiLSTM+Attention,test,77.629947_12.809391,2024-05-01,0.5565675,0.54863787
BiLSTM+Attention,test,77.629947_12.836341,2024-05-01,0.60904115,0.588027
BiLSTM+Attention,test,77.629947_12.854307,2024-05-01,0.55812925,0.55463463
BiLSTM+Attention,test,77.629947_12.858799,2024-05-01,0.5265314,0.5275476
BiLSTM+Attention,test,77.629947_13.06092,2024-05-01,0.4575295,0.4560092
BiLSTM+Attention,test,77.629947_13.087869,2024-05-01,0.45783195,0.4585816
BiLSTM+Attention,test,77.629947_13.1777,2024-05-01,0.46579123,0.47245008
BiLSTM+Attention,test,77.634439_12.679136,2024-05-01,0.7462927,0.70577896
BiLSTM+Attention,test,77.634439_12.701593,2024-05-01,0.69282365,0.66977215
BiLSTM+Attention,test,77.634439_12.733034,2024-05-01,0.54735976,0.53789836
BiLSTM+Attention,test,77.634439_12.746509,2024-05-01,0.58128345,0.56577945
BiLSTM+Attention,test,77.634439_12.751001,2024-05-01,0.57735074,0.56211174
BiLSTM+Attention,test,77.634439_12.849815,2024-05-01,0.56361574,0.5463507
BiLSTM+Attention,test,77.634439_13.047445,2024-05-01,0.51798505,0.50956583
BiLSTM+Attention,test,77.634439_13.083377,2024-05-01,0.4200717,0.4179393
BiLSTM+Attention,test,77.634439_13.137276,2024-05-01,0.43450102,0.4428157
BiLSTM+Attention,test,77.63893_12.688119,2024-05-01,0.6857891,0.6554964
BiLSTM+Attention,test,77.63893_12.742018,2024-05-01,0.5967329,0.5793958
BiLSTM+Attention,test,77.63893_12.791425,2024-05-01,0.58984405,0.5674553
BiLSTM+Attention,test,77.63893_12.800408,2024-05-01,0.54362917,0.5388911
BiLSTM+Attention,test,77.63893_12.818374,2024-05-01,0.55714536,0.54757047
BiLSTM+Attention,test,77.63893_12.840832,2024-05-01,0.6353417,0.6004828
BiLSTM+Attention,test,77.63893_12.872273,2024-05-01,0.47923645,0.47051084
BiLSTM+Attention,test,77.63893_12.917189,2024-05-01,0.71269697,0.6695636
BiLSTM+Attention,test,77.63893_12.989054,2024-05-01,0.62322676,0.59848714
BiLSTM+Attention,test,77.63893_13.056428,2024-05-01,0.47878385,0.46141392
BiLSTM+Attention,test,77.63893_13.078886,2024-05-01,0.42555526,0.42542052
BiLSTM+Attention,test,77.63893_13.083377,2024-05-01,0.41433758,0.4147328
BiLSTM+Attention,test,77.63893_13.1777,2024-05-01,0.44721106,0.45120862
BiLSTM+Attention,test,77.643422_12.795916,2024-05-01,0.5661348,0.5515842
BiLSTM+Attention,test,77.643422_12.800408,2024-05-01,0.54855525,0.53456014
BiLSTM+Attention,test,77.643422_12.809391,2024-05-01,0.5758647,0.5564887
BiLSTM+Attention,test,77.643422_12.867782,2024-05-01,0.51751506,0.4994378
BiLSTM+Attention,test,77.643422_13.002529,2024-05-01,0.5486357,0.5382663
BiLSTM+Attention,test,77.643422_13.038462,2024-05-01,0.5417187,0.52787036
BiLSTM+Attention,test,77.643422_13.164226,2024-05-01,0.5534438,0.54568166
BiLSTM+Attention,test,77.647914_12.688119,2024-05-01,0.7247006,0.6882018
BiLSTM+Attention,test,77.647914_12.733034,2024-05-01,0.58000946,0.564873
BiLSTM+Attention,test,77.647914_12.881256,2024-05-01,0.5322964,0.5114802
BiLSTM+Attention,test,77.647914_12.935155,2024-05-01,0.65950274,0.64563036
BiLSTM+Attention,test,77.647914_13.141768,2024-05-01,0.58451176,0.5775302
BiLSTM+Attention,test,77.647914_13.168717,2024-05-01,0.6234567,0.60732377
BiLSTM+Attention,test,77.652405_12.697102,2024-05-01,0.6895982,0.6676435
BiLSTM+Attention,test,77.652405_12.773459,2024-05-01,0.5524219,0.5356016
BiLSTM+Attention,test,77.652405_12.795916,2024-05-01,0.52729833,0.5164867
BiLSTM+Attention,test,77.652405_12.8049,2024-05-01,0.5829011,0.56435376
BiLSTM+Attention,test,77.652405_12.858799,2024-05-01,0.66909415,0.64035815
BiLSTM+Attention,test,77.652405_12.926172,2024-05-01,0.6488112,0.629825
BiLSTM+Attention,test,77.652405_13.002529,2024-05-01,0.5372353,0.5187999
BiLSTM+Attention,test,77.656897_12.742018,2024-05-01,0.6073481,0.57323563
BiLSTM+Attention,test,77.656897_12.746509,2024-05-01,0.587312,0.5677548
BiLSTM+Attention,test,77.656897_12.768967,2024-05-01,0.6034475,0.5838003
BiLSTM+Attention,test,77.656897_12.791425,2024-05-01,0.5455739,0.5276213
BiLSTM+Attention,test,77.656897_12.800408,2024-05-01,0.5980245,0.5741143
BiLSTM+Attention,test,77.656897_12.831849,2024-05-01,0.5972892,0.57887435
BiLSTM+Attention,test,77.656897_12.849815,2024-05-01,0.48982024,0.47955889
BiLSTM+Attention,test,77.656897_12.939647,2024-05-01,0.5942713,0.5783581
BiLSTM+Attention,test,77.656897_13.101344,2024-05-01,0.44514504,0.45354497
BiLSTM+Attention,test,77.656897_13.164226,2024-05-01,0.45597032,0.47028083
BiLSTM+Attention,test,77.656897_13.173209,2024-05-01,0.42779028,0.43428916
BiLSTM+Attention,test,77.661388_12.737526,2024-05-01,0.61018187,0.5877
BiLSTM+Attention,test,77.661388_12.759984,2024-05-01,0.61726975,0.59775054
BiLSTM+Attention,test,77.661388_13.056428,2024-05-01,0.49945936,0.49087906
BiLSTM+Attention,test,77.661388_13.074394,2024-05-01,0.50061876,0.5014083
BiLSTM+Attention,test,77.661388_13.087869,2024-05-01,0.4531243,0.45969847
BiLSTM+Attention,test,77.661388_13.101344,2024-05-01,0.44101968,0.44976598
BiLSTM+Attention,test,77.661388_13.110327,2024-05-01,0.502093,0.4853092
BiLSTM+Attention,test,77.661388_13.11931,2024-05-01,0.5555026,0.5499916
BiLSTM+Attention,test,77.66588_12.679136,2024-05-01,0.6782858,0.6475797
BiLSTM+Attention,test,77.66588_12.697102,2024-05-01,0.64368033,0.6271297
BiLSTM+Attention,test,77.66588_12.715068,2024-05-01,0.620297,0.60747916
BiLSTM+Attention,test,77.66588_12.724051,2024-05-01,0.61361337,0.59113586
BiLSTM+Attention,test,77.66588_12.751001,2024-05-01,0.5772821,0.5648631
BiLSTM+Attention,test,77.66588_12.755492,2024-05-01,0.62082577,0.59615314
BiLSTM+Attention,test,77.66588_12.764475,2024-05-01,0.5990286,0.5786455
BiLSTM+Attention,test,77.66588_12.768967,2024-05-01,0.72747344,0.6949839
BiLSTM+Attention,test,77.66588_12.791425,2024-05-01,0.6343811,0.61427796
BiLSTM+Attention,test,77.66588_12.953122,2024-05-01,0.61525583,0.58689535
BiLSTM+Attention,test,77.66588_13.038462,2024-05-01,0.5112022,0.4977916
BiLSTM+Attention,test,77.66588_13.051936,2024-05-01,0.5370823,0.53317434
BiLSTM+Attention,test,77.66588_13.173209,2024-05-01,0.43449798,0.44426662
BiLSTM+Attention,test,77.670371_12.71956,2024-05-01,0.61337775,0.6039438
BiLSTM+Attention,test,77.670371_12.86329,2024-05-01,0.5239117,0.50949836
BiLSTM+Attention,test,77.670371_12.881256,2024-05-01,0.51480913,0.49793488
BiLSTM+Attention,test,77.670371_12.894731,2024-05-01,0.4621092,0.4469679
BiLSTM+Attention,test,77.670371_13.069903,2024-05-01,0.44079572,0.44427443
BiLSTM+Attention,test,77.670371_13.083377,2024-05-01,0.4017164,0.4130793
BiLSTM+Attention,test,77.670371_13.092361,2024-05-01,0.4050565,0.42397285
BiLSTM+Attention,test,77.670371_13.128293,2024-05-01,0.4859956,0.49517012
BiLSTM+Attention,test,77.674863_12.674644,2024-05-01,0.7162082,0.6872312
BiLSTM+Attention,test,77.674863_12.71956,2024-05-01,0.6225366,0.6075039
BiLSTM+Attention,test,77.674863_12.755492,2024-05-01,0.56494963,0.5479629
BiLSTM+Attention,test,77.674863_12.764475,2024-05-01,0.57953227,0.5625786
BiLSTM+Attention,test,77.674863_12.786933,2024-05-01,0.60871905,0.5909722
BiLSTM+Attention,test,77.674863_12.836341,2024-05-01,0.54656535,0.5310827
BiLSTM+Attention,test,77.674863_12.867782,2024-05-01,0.698299,0.66017115
BiLSTM+Attention,test,77.674863_13.051936,2024-05-01,0.5459171,0.53311783
BiLSTM+Attention,test,77.674863_13.069903,2024-05-01,0.4228279,0.42609596
BiLSTM+Attention,test,77.674863_13.092361,2024-05-01,0.42483303,0.4381065
BiLSTM+Attention,test,77.674863_13.105835,2024-05-01,0.47896218,0.4851072
BiLSTM+Attention,test,77.679355_12.697102,2024-05-01,0.58923566,0.5762696
BiLSTM+Attention,test,77.679355_12.746509,2024-05-01,0.67671263,0.6479443
BiLSTM+Attention,test,77.679355_12.881256,2024-05-01,0.54067934,0.5144468
BiLSTM+Attention,test,77.679355_12.89024,2024-05-01,0.5536623,0.5279434
BiLSTM+Attention,test,77.679355_12.899223,2024-05-01,0.47504026,0.45808628
BiLSTM+Attention,test,77.679355_13.047445,2024-05-01,0.7232141,0.6896666
BiLSTM+Attention,test,77.679355_13.056428,2024-05-01,0.5177173,0.51128936
BiLSTM+Attention,test,77.679355_13.074394,2024-05-01,0.44159427,0.43889266
BiLSTM+Attention,test,77.679355_13.101344,2024-05-01,0.44288588,0.44901615
BiLSTM+Attention,test,77.679355_13.141768,2024-05-01,0.47640082,0.47921193
BiLSTM+Attention,test,77.679355_13.155243,2024-05-01,0.40428782,0.4135738
BiLSTM+Attention,test,77.679355_13.159734,2024-05-01,0.4286682,0.43905643
BiLSTM+Attention,test,77.683846_12.728543,2024-05-01,0.6072756,0.5838629
BiLSTM+Attention,test,77.683846_12.742018,2024-05-01,0.5429413,0.5253769
BiLSTM+Attention,test,77.683846_12.755492,2024-05-01,0.7189742,0.6840196
BiLSTM+Attention,test,77.683846_12.795916,2024-05-01,0.58706784,0.56240463
BiLSTM+Attention,test,77.683846_12.8049,2024-05-01,0.5459699,0.52732056
BiLSTM+Attention,test,77.683846_12.836341,2024-05-01,0.5908553,0.57035553
BiLSTM+Attention,test,77.683846_12.840832,2024-05-01,0.59921384,0.57558537
BiLSTM+Attention,test,77.683846_12.894731,2024-05-01,0.5673679,0.5426421
BiLSTM+Attention,test,77.683846_12.917189,2024-05-01,0.47280118,0.46254092
BiLSTM+Attention,test,77.683846_12.939647,2024-05-01,0.7091565,0.6761527
BiLSTM+Attention,test,77.683846_13.029478,2024-05-01,0.38613266,0.39253175
BiLSTM+Attention,test,77.683846_13.06092,2024-05-01,0.49057648,0.49453473
BiLSTM+Attention,test,77.683846_13.074394,2024-05-01,0.40914634,0.40557745
BiLSTM+Attention,test,77.683846_13.11931,2024-05-01,0.3878785,0.40264982
BiLSTM+Attention,test,77.683846_13.123802,2024-05-01,0.43622473,0.44518793
BiLSTM+Attention,test,77.688338_12.656678,2024-05-01,0.7269306,0.6789621
BiLSTM+Attention,test,77.688338_12.69261,2024-05-01,0.76965696,0.73048073
BiLSTM+Attention,test,77.688338_12.697102,2024-05-01,0.77502763,0.7350091
BiLSTM+Attention,test,77.688338_12.710577,2024-05-01,0.7723625,0.72658837
BiLSTM+Attention,test,77.688338_12.751001,2024-05-01,0.61898017,0.5947286
BiLSTM+Attention,test,77.688338_12.755492,2024-05-01,0.5914343,0.5729109
BiLSTM+Attention,test,77.688338_12.876765,2024-05-01,0.75652057,0.70193326
BiLSTM+Attention,test,77.688338_12.885748,2024-05-01,0.57962054,0.56586534
BiLSTM+Attention,test,77.688338_12.966596,2024-05-01,0.58649814,0.5629669
BiLSTM+Attention,test,77.692829_12.746509,2024-05-01,0.5199825,0.50771415
BiLSTM+Attention,test,77.692829_12.800408,2024-05-01,0.54914665,0.5241983
BiLSTM+Attention,test,77.692829_12.845324,2024-05-01,0.6085245,0.58873
BiLSTM+Attention,test,77.692829_12.885748,2024-05-01,0.60524446,0.5802958
BiLSTM+Attention,test,77.692829_12.899223,2024-05-01,0.5303603,0.49934977
BiLSTM+Attention,test,77.692829_13.047445,2024-05-01,0.69609004,0.64456236
BiLSTM+Attention,test,77.692829_13.06092,2024-05-01,0.58564866,0.57518876
BiLSTM+Attention,test,77.692829_13.065411,2024-05-01,0.5389163,0.5341641
BiLSTM+Attention,test,77.692829_13.083377,2024-05-01,0.4060091,0.417996
BiLSTM+Attention,test,77.692829_13.096852,2024-05-01,0.38785678,0.39823428
BiLSTM+Attention,test,77.692829_13.132785,2024-05-01,0.36614394,0.3735925
BiLSTM+Attention,test,77.692829_13.155243,2024-05-01,0.4054185,0.40830323
BiLSTM+Attention,test,77.697321_12.697102,2024-05-01,0.7778301,0.738946
BiLSTM+Attention,test,77.697321_12.751001,2024-05-01,0.58369845,0.55779046
BiLSTM+Attention,test,77.697321_12.773459,2024-05-01,0.55100375,0.5361612
BiLSTM+Attention,test,77.697321_12.791425,2024-05-01,0.63406837,0.6108088
BiLSTM+Attention,test,77.697321_12.885748,2024-05-01,0.60867685,0.58355933
BiLSTM+Attention,test,77.697321_12.894731,2024-05-01,0.545793,0.51352495
BiLSTM+Attention,test,77.697321_12.930664,2024-05-01,0.5572076,0.52915275
BiLSTM+Attention,test,77.697321_12.966596,2024-05-01,0.56177837,0.54034746
BiLSTM+Attention,test,77.697321_13.132785,2024-05-01,0.36614394,0.37143058
BiLSTM+Attention,test,77.697321_13.150751,2024-05-01,0.42114902,0.41877717
BiLSTM+Attention,test,77.697321_13.1777,2024-05-01,0.51481634,0.50836545
BiLSTM+Attention,test,77.701812_12.742018,2024-05-01,0.58389604,0.5583981
BiLSTM+Attention,test,77.701812_12.77795,2024-05-01,0.5502672,0.5244324
BiLSTM+Attention,test,77.701812_12.8049,2024-05-01,0.62085825,0.58544046
BiLSTM+Attention,test,77.701812_12.822866,2024-05-01,0.58799255,0.5729947
BiLSTM+Attention,test,77.701812_12.872273,2024-05-01,0.54312414,0.51397413
BiLSTM+Attention,test,77.701812_12.984563,2024-05-01,0.49079084,0.46306157
BiLSTM+Attention,test,77.701812_13.03397,2024-05-01,0.45866668,0.45438892
BiLSTM+Attention,test,77.701812_13.114818,2024-05-01,0.45125458,0.45428273
BiLSTM+Attention,test,77.701812_13.164226,2024-05-01,0.447678,0.44020098
BiLSTM+Attention,test,77.706304_12.746509,2024-05-01,0.59711933,0.5707834
BiLSTM+Attention,test,77.706304_12.751001,2024-05-01,0.6038541,0.56582445
BiLSTM+Attention,test,77.706304_12.759984,2024-05-01,0.5206492,0.5166879
BiLSTM+Attention,test,77.706304_12.764475,2024-05-01,0.5581086,0.5447205
BiLSTM+Attention,test,77.706304_12.86329,2024-05-01,0.4949633,0.4806094
BiLSTM+Attention,test,77.706304_12.984563,2024-05-01,0.4981079,0.46925747
BiLSTM+Attention,test,77.706304_13.038462,2024-05-01,0.46538088,0.45422542
BiLSTM+Attention,test,77.706304_13.042953,2024-05-01,0.5168926,0.51391834
BiLSTM+Attention,test,77.706304_13.137276,2024-05-01,0.61430144,0.5932713
BiLSTM+Attention,test,77.710796_12.715068,2024-05-01,0.6604854,0.6362009
BiLSTM+Attention,test,77.710796_12.894731,2024-05-01,0.62548715,0.58694535
BiLSTM+Attention,test,77.710796_12.899223,2024-05-01,0.57461,0.5488506
BiLSTM+Attention,test,77.710796_12.912697,2024-05-01,0.49639067,0.4866381
BiLSTM+Attention,test,77.710796_13.03397,2024-05-01,0.450267,0.4486006
BiLSTM+Attention,test,77.710796_13.11931,2024-05-01,0.42210776,0.43265063
BiLSTM+Attention,test,77.710796_13.123802,2024-05-01,0.3915002,0.40468848
BiLSTM+Attention,test,77.710796_13.132785,2024-05-01,0.4194348,0.42093706
BiLSTM+Attention,test,77.710796_13.150751,2024-05-01,0.39855805,0.39939862
BiLSTM+Attention,test,77.710796_13.168717,2024-05-01,0.4671228,0.45900545
BiLSTM+Attention,test,77.710796_13.173209,2024-05-01,0.4757379,0.48383978
BiLSTM+Attention,test,77.715287_12.679136,2024-05-01,0.71834785,0.6782501
BiLSTM+Attention,test,77.715287_12.742018,2024-05-01,0.5848521,0.5583058
BiLSTM+Attention,test,77.715287_12.773459,2024-05-01,0.54985917,0.52707666
BiLSTM+Attention,test,77.715287_12.822866,2024-05-01,0.6068389,0.57605463
BiLSTM+Attention,test,77.715287_12.827358,2024-05-01,0.5750933,0.5509439
BiLSTM+Attention,test,77.715287_12.845324,2024-05-01,0.5228336,0.5005625
BiLSTM+Attention,test,77.715287_12.885748,2024-05-01,0.59388924,0.56518394
BiLSTM+Attention,test,77.715287_12.899223,2024-05-01,0.4905761,0.4695602
BiLSTM+Attention,test,77.715287_12.939647,2024-05-01,0.7207732,0.6894963
BiLSTM+Attention,test,77.715287_12.944139,2024-05-01,0.7496034,0.714677
BiLSTM+Attention,test,77.715287_12.94863,2024-05-01,0.59684205,0.56835717
BiLSTM+Attention,test,77.715287_13.016004,2024-05-01,0.5308566,0.51033837
BiLSTM+Attention,test,77.715287_13.029478,2024-05-01,0.4123278,0.4139018
BiLSTM+Attention,test,77.715287_13.038462,2024-05-01,0.5349724,0.5305505
BiLSTM+Attention,test,77.715287_13.051936,2024-05-01,0.52336687,0.5239259
BiLSTM+Attention,test,77.715287_13.056428,2024-05-01,0.4565838,0.46046945
BiLSTM+Attention,test,77.715287_13.096852,2024-05-01,0.3510578,0.36756817
BiLSTM+Attention,test,77.715287_13.114818,2024-05-01,0.4871577,0.48945984
BiLSTM+Attention,test,77.715287_13.128293,2024-05-01,0.432023,0.4387334
BiLSTM+Attention,test,77.719779_12.706085,2024-05-01,0.67620134,0.64946663
BiLSTM+Attention,test,77.719779_12.746509,2024-05-01,0.7076654,0.673197
BiLSTM+Attention,test,77.719779_12.795916,2024-05-01,0.56889886,0.5515657
BiLSTM+Attention,test,77.719779_12.840832,2024-05-01,0.6037814,0.57709056
BiLSTM+Attention,test,77.719779_12.903714,2024-05-01,0.48834646,0.47293437
BiLSTM+Attention,test,77.719779_13.069903,2024-05-01,0.42151657,0.42917028
BiLSTM+Attention,test,77.719779_13.105835,2024-05-01,0.44526517,0.4441876
BiLSTM+Attention,test,77.719779_13.123802,2024-05-01,0.402305,0.41212463
BiLSTM+Attention,test,77.719779_13.137276,2024-05-01,0.40781465,0.41330448
BiLSTM+Attention,test,77.719779_13.155243,2024-05-01,0.39908543,0.40524548
BiLSTM+Attention,test,77.72427_12.674644,2024-05-01,0.62523717,0.6019099
BiLSTM+Attention,test,77.72427_12.697102,2024-05-01,0.5525637,0.54028124
BiLSTM+Attention,test,77.72427_12.701593,2024-05-01,0.5794479,0.56335014
BiLSTM+Attention,test,77.72427_12.724051,2024-05-01,0.61637753,0.5869721
BiLSTM+Attention,test,77.72427_12.786933,2024-05-01,0.5929828,0.56761074
BiLSTM+Attention,test,77.72427_12.791425,2024-05-01,0.5913908,0.5639868
BiLSTM+Attention,test,77.72427_12.840832,2024-05-01,0.58343333,0.5594449
BiLSTM+Attention,test,77.72427_12.867782,2024-05-01,0.5279416,0.506343
BiLSTM+Attention,test,77.72427_12.885748,2024-05-01,0.56427425,0.5371341
BiLSTM+Attention,test,77.72427_13.024987,2024-05-01,0.72061217,0.69451815
BiLSTM+Attention,test,77.72427_13.06092,2024-05-01,0.43969598,0.44654244
BiLSTM+Attention,test,77.72427_13.074394,2024-05-01,0.449483,0.45172578
BiLSTM+Attention,test,77.728762_12.706085,2024-05-01,0.65034145,0.6260229
BiLSTM+Attention,test,77.728762_12.724051,2024-05-01,0.68295205,0.6479269
BiLSTM+Attention,test,77.728762_12.759984,2024-05-01,0.59031165,0.5660811
BiLSTM+Attention,test,77.728762_12.782442,2024-05-01,0.61332446,0.588425
BiLSTM+Attention,test,77.728762_12.809391,2024-05-01,0.6036992,0.5741258
BiLSTM+Attention,test,77.728762_12.858799,2024-05-01,0.5996371,0.56631786
BiLSTM+Attention,test,77.728762_12.876765,2024-05-01,0.610281,0.5838548
BiLSTM+Attention,test,77.728762_12.885748,2024-05-01,0.5530892,0.52864695
BiLSTM+Attention,test,77.728762_13.016004,2024-05-01,0.70869166,0.6875533
BiLSTM+Attention,test,77.728762_13.047445,2024-05-01,0.5040693,0.49949902
BiLSTM+Attention,test,77.728762_13.087869,2024-05-01,0.47337636,0.4767921
BiLSTM+Attention,test,77.728762_13.092361,2024-05-01,0.43526942,0.44003737
BiLSTM+Attention,test,77.733253_12.755492,2024-05-01,0.56094635,0.5401314
BiLSTM+Attention,test,77.733253_12.795916,2024-05-01,0.5629417,0.53454
BiLSTM+Attention,test,77.733253_12.86329,2024-05-01,0.61288095,0.5872117
BiLSTM+Attention,test,77.733253_12.872273,2024-05-01,0.59644884,0.56839246
BiLSTM+Attention,test,77.733253_12.998037,2024-05-01,0.61598736,0.5976321
BiLSTM+Attention,test,77.733253_13.056428,2024-05-01,0.41639784,0.42778614
BiLSTM+Attention,test,77.737745_12.764475,2024-05-01,0.5387634,0.5181031
BiLSTM+Attention,test,77.737745_12.791425,2024-05-01,0.5816999,0.5589546
BiLSTM+Attention,test,77.737745_12.809391,2024-05-01,0.5774526,0.55580455
BiLSTM+Attention,test,77.737745_12.858799,2024-05-01,0.5786655,0.5559691
BiLSTM+Attention,test,77.737745_12.872273,2024-05-01,0.6038444,0.5827705
BiLSTM+Attention,test,77.737745_12.881256,2024-05-01,0.6241063,0.59177685
BiLSTM+Attention,test,77.737745_13.051936,2024-05-01,0.44035983,0.45190963
BiLSTM+Attention,test,77.737745_13.06092,2024-05-01,0.445228,0.45513126
BiLSTM+Attention,test,77.737745_13.078886,2024-05-01,0.4722388,0.47343558
BiLSTM+Attention,test,77.737745_13.101344,2024-05-01,0.39780995,0.40467703
BiLSTM+Attention,test,77.742237_12.697102,2024-05-01,0.69260764,0.6576647
BiLSTM+Attention,test,77.742237_12.764475,2024-05-01,0.5535177,0.5297248
BiLSTM+Attention,test,77.742237_12.795916,2024-05-01,0.5481226,0.5224414
BiLSTM+Attention,test,77.742237_12.8049,2024-05-01,0.5909222,0.5629968
BiLSTM+Attention,test,77.742237_12.86329,2024-05-01,0.5186897,0.5007178
BiLSTM+Attention,test,77.742237_12.867782,2024-05-01,0.60883534,0.58422786
BiLSTM+Attention,test,77.742237_12.89024,2024-05-01,0.60971546,0.58442277
BiLSTM+Attention,test,77.742237_12.899223,2024-05-01,0.59031653,0.5704477
BiLSTM+Attention,test,77.742237_12.921681,2024-05-01,0.52784866,0.5136377
BiLSTM+Attention,test,77.742237_12.980071,2024-05-01,0.5668971,0.54231787
BiLSTM+Attention,test,77.742237_13.002529,2024-05-01,0.5835806,0.5682041
BiLSTM+Attention,test,77.742237_13.016004,2024-05-01,0.58909315,0.56900734
BiLSTM+Attention,test,77.742237_13.038462,2024-05-01,0.41852915,0.4280776
BiLSTM+Attention,test,77.742237_13.074394,2024-05-01,0.39544946,0.40835786
BiLSTM+Attention,test,77.742237_13.078886,2024-05-01,0.45817018,0.46067137
BiLSTM+Attention,test,77.742237_13.101344,2024-05-01,0.41997746,0.42371026
BiLSTM+Attention,test,77.746728_12.751001,2024-05-01,0.5816347,0.55385524
BiLSTM+Attention,test,77.746728_12.764475,2024-05-01,0.5728484,0.5486997
BiLSTM+Attention,test,77.746728_12.782442,2024-05-01,0.6082791,0.569324
BiLSTM+Attention,test,77.746728_12.97558,2024-05-01,0.5874263,0.5628834
BiLSTM+Attention,test,77.746728_12.984563,2024-05-01,0.5775573,0.54875547
BiLSTM+Attention,test,77.746728_13.016004,2024-05-01,0.6011823,0.58091027
BiLSTM+Attention,test,77.746728_13.020495,2024-05-01,0.62965673,0.6082523
BiLSTM+Attention,test,77.746728_13.024987,2024-05-01,0.5391198,0.52358055
BiLSTM+Attention,test,77.746728_13.038462,2024-05-01,0.44702214,0.4501227
BiLSTM+Attention,test,77.746728_13.06092,2024-05-01,0.40531883,0.41815504
BiLSTM+Attention,test,77.746728_13.083377,2024-05-01,0.45746735,0.46143293
BiLSTM+Attention,test,77.746728_13.092361,2024-05-01,0.41519976,0.41760266
BiLSTM+Attention,test,77.75122_12.751001,2024-05-01,0.57135427,0.54835296
BiLSTM+Attention,test,77.75122_12.755492,2024-05-01,0.6154558,0.58322805
BiLSTM+Attention,test,77.75122_12.768967,2024-05-01,0.5365561,0.52169836
BiLSTM+Attention,test,77.75122_12.77795,2024-05-01,0.5748511,0.5539217
BiLSTM+Attention,test,77.75122_12.894731,2024-05-01,0.5325055,0.51082224
BiLSTM+Attention,test,77.75122_12.993546,2024-05-01,0.51820844,0.51151615
BiLSTM+Attention,test,77.75122_13.020495,2024-05-01,0.56277066,0.54881644
BiLSTM+Attention,test,77.75122_13.03397,2024-05-01,0.45796385,0.46259838
BiLSTM+Attention,test,77.75122_13.038462,2024-05-01,0.427095,0.4259705
BiLSTM+Attention,test,77.755711_12.706085,2024-05-01,0.6077988,0.57758605
BiLSTM+Attention,test,77.755711_12.764475,2024-05-01,0.76956236,0.719635
BiLSTM+Attention,test,77.755711_12.77795,2024-05-01,0.5576097,0.539644
BiLSTM+Attention,test,77.755711_12.822866,2024-05-01,0.55911773,0.5345896
BiLSTM+Attention,test,77.755711_12.831849,2024-05-01,0.5335011,0.51066655
BiLSTM+Attention,test,77.755711_12.858799,2024-05-01,0.5815911,0.56174266
BiLSTM+Attention,test,77.755711_12.885748,2024-05-01,0.56904936,0.54704785
BiLSTM+Attention,test,77.755711_12.899223,2024-05-01,0.49954355,0.4756931
BiLSTM+Attention,test,77.755711_12.903714,2024-05-01,0.5541989,0.53427446
BiLSTM+Attention,test,77.755711_12.926172,2024-05-01,0.56353295,0.54471475
BiLSTM+Attention,test,77.760203_12.751001,2024-05-01,0.5678811,0.54261297
BiLSTM+Attention,test,77.760203_12.795916,2024-05-01,0.5490456,0.5226911
BiLSTM+Attention,test,77.760203_12.818374,2024-05-01,0.63575304,0.60866004
BiLSTM+Attention,test,77.760203_12.867782,2024-05-01,0.54005057,0.52791154
BiLSTM+Attention,test,77.760203_12.872273,2024-05-01,0.552325,0.5340875
BiLSTM+Attention,test,77.760203_12.876765,2024-05-01,0.52348113,0.49531406
BiLSTM+Attention,test,77.760203_12.885748,2024-05-01,0.5396403,0.5090552
BiLSTM+Attention,test,77.760203_12.984563,2024-05-01,0.5760396,0.55529416
BiLSTM+Attention,test,77.764695_12.742018,2024-05-01,0.6806889,0.6432631
BiLSTM+Attention,test,77.764695_12.746509,2024-05-01,0.6682844,0.6347992
BiLSTM+Attention,test,77.764695_12.813883,2024-05-01,0.5949785,0.57032365
BiLSTM+Attention,test,77.764695_12.849815,2024-05-01,0.5666034,0.5339293
BiLSTM+Attention,test,77.764695_12.885748,2024-05-01,0.56430435,0.5424732
BiLSTM+Attention,test,77.764695_12.912697,2024-05-01,0.5594389,0.5426352
BiLSTM+Attention,test,77.764695_13.03397,2024-05-01,0.4060376,0.41320214
BiLSTM+Attention,test,77.769186_12.751001,2024-05-01,0.69097203,0.6499038
BiLSTM+Attention,test,77.769186_12.791425,2024-05-01,0.5387077,0.5173201
BiLSTM+Attention,test,77.769186_12.800408,2024-05-01,0.59135306,0.55034995
BiLSTM+Attention,test,77.769186_12.8049,2024-05-01,0.6241477,0.5870688
BiLSTM+Attention,test,77.769186_12.809391,2024-05-01,0.56047136,0.53173876
BiLSTM+Attention,test,77.769186_12.876765,2024-05-01,0.5825528,0.5551434
BiLSTM+Attention,test,77.769186_12.894731,2024-05-01,0.54487836,0.5140377
BiLSTM+Attention,test,77.769186_13.016004,2024-05-01,0.5162018,0.5022582
BiLSTM+Attention,test,77.773678_12.746509,2024-05-01,0.68459296,0.64798045
BiLSTM+Attention,test,77.773678_12.858799,2024-05-01,0.5245062,0.500465
BiLSTM+Attention,test,77.773678_12.885748,2024-05-01,0.53557754,0.5060466
BiLSTM+Attention,test,77.773678_12.899223,2024-05-01,0.511924,0.49249917
BiLSTM+Attention,test,77.773678_12.908206,2024-05-01,0.5496672,0.5292191
BiLSTM+Attention,test,77.778169_12.809391,2024-05-01,0.52275914,0.49361217
BiLSTM+Attention,test,77.778169_12.885748,2024-05-01,0.554165,0.533174
BiLSTM+Attention,test,77.782661_12.786933,2024-05-01,0.5407429,0.52282846
BiLSTM+Attention,test,77.782661_12.791425,2024-05-01,0.5687406,0.5457176
BiLSTM+Attention,test,77.782661_12.89024,2024-05-01,0.5470908,0.5257903
BiLSTM+Attention,test,77.787152_12.786933,2024-05-01,0.5545926,0.5363989
BiLSTM+Attention,test,77.787152_12.849815,2024-05-01,0.5266268,0.511817
BiLSTM+Attention,test,77.787152_12.867782,2024-05-01,0.5370181,0.51206267
BiLSTM+Attention,test,77.791644_12.8049,2024-05-01,0.55415493,0.5267307
BiLSTM+Attention,test,77.791644_12.899223,2024-05-01,0.53582686,0.51684225
BiLSTM+Attention,test,77.796136_12.854307,2024-05-01,0.52237296,0.50304383
BiLSTM+Attention,test,77.796136_12.885748,2024-05-01,0.58518434,0.5664217
BiLSTM+Attention,test,77.800627_12.876765,2024-05-01,0.5780393,0.5593121
BiLSTM+Attention,test,77.800627_12.885748,2024-05-01,0.545454,0.52792543
BiLSTM+Attention,test,77.805119_12.876765,2024-05-01,0.5854284,0.56405807
BiLSTM+Attention,test,77.805119_12.89024,2024-05-01,0.5745408,0.55849016
BiLSTM+Attention,test,77.80961_12.858799,2024-05-01,0.5906313,0.5665723
BiLSTM+Attention,test,77.80961_12.86329,2024-05-01,0.569053,0.54481363
BiLSTM+Attention,test,77.329012_12.944139,2024-06-01,0.5545897,0.54048306
BiLSTM+Attention,test,77.329012_12.962105,2024-06-01,0.7252823,0.67765236
BiLSTM+Attention,test,77.337995_12.921681,2024-06-01,0.67485833,0.64410937
BiLSTM+Attention,test,77.342486_12.926172,2024-06-01,0.7132649,0.66099447
BiLSTM+Attention,test,77.342486_12.935155,2024-06-01,0.7342914,0.69381094
BiLSTM+Attention,test,77.342486_12.944139,2024-06-01,0.70271194,0.66775763
BiLSTM+Attention,test,77.346978_12.86329,2024-06-01,0.5849463,0.589793
BiLSTM+Attention,test,77.346978_12.962105,2024-06-01,0.56205946,0.5432211
BiLSTM+Attention,test,77.351469_12.89024,2024-06-01,0.54380447,0.5629388
BiLSTM+Attention,test,77.351469_12.930664,2024-06-01,0.70033985,0.7018018
BiLSTM+Attention,test,77.351469_12.939647,2024-06-01,0.71880114,0.6751641
BiLSTM+Attention,test,77.355961_12.899223,2024-06-01,0.5586742,0.5719261
BiLSTM+Attention,test,77.355961_12.94863,2024-06-01,0.4919354,0.5256839
BiLSTM+Attention,test,77.355961_12.962105,2024-06-01,0.735422,0.69392276
BiLSTM+Attention,test,77.360453_12.867782,2024-06-01,0.4935906,0.49351975
BiLSTM+Attention,test,77.360453_12.908206,2024-06-01,0.57913864,0.5878691
BiLSTM+Attention,test,77.360453_12.926172,2024-06-01,0.69636637,0.69440216
BiLSTM+Attention,test,77.364944_12.854307,2024-06-01,0.50898635,0.5282349
BiLSTM+Attention,test,77.364944_12.962105,2024-06-01,0.5187513,0.51135814
BiLSTM+Attention,test,77.369436_12.881256,2024-06-01,0.5361427,0.5313615
BiLSTM+Attention,test,77.369436_12.89024,2024-06-01,0.51337534,0.519274
BiLSTM+Attention,test,77.369436_12.935155,2024-06-01,0.49191394,0.47461754
BiLSTM+Attention,test,77.369436_12.998037,2024-06-01,0.52844137,0.51725054
BiLSTM+Attention,test,77.369436_13.007021,2024-06-01,0.5734067,0.5528153
BiLSTM+Attention,test,77.373927_12.912697,2024-06-01,0.59446496,0.60904676
BiLSTM+Attention,test,77.373927_12.971088,2024-06-01,0.5122088,0.49623728
BiLSTM+Attention,test,77.373927_13.011512,2024-06-01,0.52341807,0.5124155
BiLSTM+Attention,test,77.373927_13.016004,2024-06-01,0.5077181,0.49938518
BiLSTM+Attention,test,77.378419_12.966596,2024-06-01,0.48759282,0.47250372
BiLSTM+Attention,test,77.382911_12.894731,2024-06-01,0.5568392,0.5577555
BiLSTM+Attention,test,77.382911_12.953122,2024-06-01,0.5473319,0.5242511
BiLSTM+Attention,test,77.382911_12.957613,2024-06-01,0.54196084,0.5208555
BiLSTM+Attention,test,77.387402_12.962105,2024-06-01,0.5328038,0.5040331
BiLSTM+Attention,test,77.387402_12.97558,2024-06-01,0.5070891,0.51350355
BiLSTM+Attention,test,77.387402_12.980071,2024-06-01,0.50960964,0.520237
BiLSTM+Attention,test,77.391894_12.867782,2024-06-01,0.5406343,0.5647616
BiLSTM+Attention,test,77.391894_12.881256,2024-06-01,0.54383314,0.52863866
BiLSTM+Attention,test,77.391894_12.885748,2024-06-01,0.57599616,0.5578174
BiLSTM+Attention,test,77.396385_12.894731,2024-06-01,0.5585183,0.5582182
BiLSTM+Attention,test,77.396385_12.908206,2024-06-01,0.5169,0.5156963
BiLSTM+Attention,test,77.396385_12.944139,2024-06-01,0.5585605,0.55637014
BiLSTM+Attention,test,77.396385_12.971088,2024-06-01,0.5036427,0.4915567
BiLSTM+Attention,test,77.396385_12.97558,2024-06-01,0.45317182,0.46845585
BiLSTM+Attention,test,77.396385_13.029478,2024-06-01,0.41205963,0.4039371
BiLSTM+Attention,test,77.400877_12.957613,2024-06-01,0.54750997,0.5252826
BiLSTM+Attention,test,77.400877_12.966596,2024-06-01,0.50049436,0.48983437
BiLSTM+Attention,test,77.400877_13.029478,2024-06-01,0.39972034,0.3937506
BiLSTM+Attention,test,77.405368_12.881256,2024-06-01,0.46830118,0.49307108
BiLSTM+Attention,test,77.405368_12.89024,2024-06-01,0.49116424,0.5093174
BiLSTM+Attention,test,77.405368_12.903714,2024-06-01,0.48024938,0.484869
BiLSTM+Attention,test,77.405368_12.930664,2024-06-01,0.5835491,0.5984213
BiLSTM+Attention,test,77.405368_12.998037,2024-06-01,0.4946296,0.5042023
BiLSTM+Attention,test,77.405368_13.105835,2024-06-01,0.43962422,0.42043567
BiLSTM+Attention,test,77.405368_13.11931,2024-06-01,0.40198284,0.38682023
BiLSTM+Attention,test,77.40986_12.872273,2024-06-01,0.4337274,0.4546978
BiLSTM+Attention,test,77.40986_12.881256,2024-06-01,0.4357644,0.45613974
BiLSTM+Attention,test,77.40986_12.962105,2024-06-01,0.5567949,0.5511389
BiLSTM+Attention,test,77.414352_12.930664,2024-06-01,0.5441246,0.54721814
BiLSTM+Attention,test,77.414352_12.989054,2024-06-01,0.4831787,0.47611454
BiLSTM+Attention,test,77.414352_12.993546,2024-06-01,0.4908344,0.47556645
BiLSTM+Attention,test,77.414352_13.03397,2024-06-01,0.45689026,0.44608012
BiLSTM+Attention,test,77.414352_13.096852,2024-06-01,0.4243844,0.4135354
BiLSTM+Attention,test,77.414352_13.11931,2024-06-01,0.42124268,0.4083233
BiLSTM+Attention,test,77.418843_12.876765,2024-06-01,0.44770405,0.46131894
BiLSTM+Attention,test,77.418843_12.89024,2024-06-01,0.4758966,0.49068227
BiLSTM+Attention,test,77.418843_12.94863,2024-06-01,0.55165327,0.54272157
BiLSTM+Attention,test,77.418843_12.971088,2024-06-01,0.5144294,0.5069019
BiLSTM+Attention,test,77.418843_12.993546,2024-06-01,0.5157408,0.50782716
BiLSTM+Attention,test,77.418843_13.016004,2024-06-01,0.4780825,0.47555035
BiLSTM+Attention,test,77.418843_13.024987,2024-06-01,0.4692142,0.4740214
BiLSTM+Attention,test,77.418843_13.029478,2024-06-01,0.46874517,0.47155094
BiLSTM+Attention,test,77.418843_13.146259,2024-06-01,0.37832978,0.38419348
BiLSTM+Attention,test,77.423335_12.876765,2024-06-01,0.44948226,0.4704563
BiLSTM+Attention,test,77.423335_12.921681,2024-06-01,0.54857767,0.5533479
BiLSTM+Attention,test,77.423335_12.930664,2024-06-01,0.51598036,0.54153085
BiLSTM+Attention,test,77.423335_13.002529,2024-06-01,0.5638274,0.53894764
BiLSTM+Attention,test,77.423335_13.092361,2024-06-01,0.3558815,0.3541707
BiLSTM+Attention,test,77.423335_13.141768,2024-06-01,0.4371101,0.4433539
BiLSTM+Attention,test,77.423335_13.150751,2024-06-01,0.38708523,0.3910943
BiLSTM+Attention,test,77.427826_12.845324,2024-06-01,0.39146614,0.41816446
BiLSTM+Attention,test,77.427826_12.858799,2024-06-01,0.44418278,0.46105587
BiLSTM+Attention,test,77.427826_12.930664,2024-06-01,0.52346605,0.5464014
BiLSTM+Attention,test,77.427826_12.939647,2024-06-01,0.50359917,0.49931216
BiLSTM+Attention,test,77.427826_12.944139,2024-06-01,0.5169821,0.51842403
BiLSTM+Attention,test,77.427826_13.020495,2024-06-01,0.47975007,0.47978917
BiLSTM+Attention,test,77.427826_13.024987,2024-06-01,0.47063887,0.46838942
BiLSTM+Attention,test,77.427826_13.110327,2024-06-01,0.43482512,0.43328255
BiLSTM+Attention,test,77.427826_13.132785,2024-06-01,0.4900495,0.48810017
BiLSTM+Attention,test,77.432318_12.858799,2024-06-01,0.45877576,0.4797629
BiLSTM+Attention,test,77.432318_12.86329,2024-06-01,0.46489736,0.4805813
BiLSTM+Attention,test,77.432318_12.867782,2024-06-01,0.4565552,0.47272295
BiLSTM+Attention,test,77.432318_12.881256,2024-06-01,0.499284,0.5120664
BiLSTM+Attention,test,77.432318_12.885748,2024-06-01,0.5893683,0.5890032
BiLSTM+Attention,test,77.432318_12.957613,2024-06-01,0.5035095,0.49800435
BiLSTM+Attention,test,77.432318_12.998037,2024-06-01,0.43459982,0.438573
BiLSTM+Attention,test,77.432318_13.087869,2024-06-01,0.42116505,0.4337477
BiLSTM+Attention,test,77.432318_13.092361,2024-06-01,0.37753978,0.39361835
BiLSTM+Attention,test,77.436809_12.818374,2024-06-01,0.59870857,0.59192353
BiLSTM+Attention,test,77.436809_12.840832,2024-06-01,0.50619644,0.5190749
BiLSTM+Attention,test,77.436809_12.854307,2024-06-01,0.4723925,0.49857163
BiLSTM+Attention,test,77.436809_12.912697,2024-06-01,0.6251578,0.596683
BiLSTM+Attention,test,77.436809_12.926172,2024-06-01,0.55808675,0.5456822
BiLSTM+Attention,test,77.436809_12.944139,2024-06-01,0.5242729,0.5246447
BiLSTM+Attention,test,77.436809_13.03397,2024-06-01,0.4536953,0.45841753
BiLSTM+Attention,test,77.441301_12.818374,2024-06-01,0.5976175,0.59347117
BiLSTM+Attention,test,77.441301_12.831849,2024-06-01,0.4909616,0.50669307
BiLSTM+Attention,test,77.441301_12.836341,2024-06-01,0.51987034,0.5317433
BiLSTM+Attention,test,77.441301_12.840832,2024-06-01,0.49318603,0.5012372
BiLSTM+Attention,test,77.441301_12.944139,2024-06-01,0.5616333,0.545812
BiLSTM+Attention,test,77.441301_12.94863,2024-06-01,0.5156407,0.5057389
BiLSTM+Attention,test,77.441301_13.056428,2024-06-01,0.442857,0.4391264
BiLSTM+Attention,test,77.441301_13.069903,2024-06-01,0.45961136,0.45011145
BiLSTM+Attention,test,77.441301_13.083377,2024-06-01,0.42687938,0.44309732
BiLSTM+Attention,test,77.441301_13.110327,2024-06-01,0.43021783,0.42373115
BiLSTM+Attention,test,77.445793_12.840832,2024-06-01,0.5658458,0.568765
BiLSTM+Attention,test,77.445793_12.86329,2024-06-01,0.5813003,0.591784
BiLSTM+Attention,test,77.445793_12.867782,2024-06-01,0.560524,0.5718082
BiLSTM+Attention,test,77.445793_12.912697,2024-06-01,0.53107256,0.51749927
BiLSTM+Attention,test,77.445793_12.957613,2024-06-01,0.5041476,0.50024277
BiLSTM+Attention,test,77.445793_12.984563,2024-06-01,0.5221313,0.4955296
BiLSTM+Attention,test,77.450284_12.809391,2024-06-01,0.56887984,0.559913
BiLSTM+Attention,test,77.450284_12.872273,2024-06-01,0.5600224,0.56851315
BiLSTM+Attention,test,77.450284_12.89024,2024-06-01,0.52694166,0.5747074
BiLSTM+Attention,test,77.450284_12.971088,2024-06-01,0.49163023,0.49119845
BiLSTM+Attention,test,77.450284_12.993546,2024-06-01,0.4034267,0.3979064
BiLSTM+Attention,test,77.450284_13.029478,2024-06-01,0.44112125,0.44172812
BiLSTM+Attention,test,77.450284_13.047445,2024-06-01,0.45366484,0.4557376
BiLSTM+Attention,test,77.450284_13.146259,2024-06-01,0.50484157,0.5026205
BiLSTM+Attention,test,77.454776_12.809391,2024-06-01,0.5190489,0.53555644
BiLSTM+Attention,test,77.454776_12.885748,2024-06-01,0.54193264,0.5682656
BiLSTM+Attention,test,77.454776_12.980071,2024-06-01,0.44363672,0.444312
BiLSTM+Attention,test,77.454776_12.993546,2024-06-01,0.42929775,0.4208868
BiLSTM+Attention,test,77.454776_13.078886,2024-06-01,0.4524496,0.44668487
BiLSTM+Attention,test,77.454776_13.087869,2024-06-01,0.3966207,0.41599432
BiLSTM+Attention,test,77.454776_13.114818,2024-06-01,0.4913956,0.49521613
BiLSTM+Attention,test,77.454776_13.141768,2024-06-01,0.50822586,0.51219326
BiLSTM+Attention,test,77.459267_12.8049,2024-06-01,0.58801186,0.5940068
BiLSTM+Attention,test,77.459267_12.822866,2024-06-01,0.56541413,0.5611348
BiLSTM+Attention,test,77.459267_12.845324,2024-06-01,0.553773,0.5618035
BiLSTM+Attention,test,77.459267_12.872273,2024-06-01,0.5657645,0.55088943
BiLSTM+Attention,test,77.459267_12.903714,2024-06-01,0.5191355,0.510506
BiLSTM+Attention,test,77.459267_12.926172,2024-06-01,0.5523389,0.5393897
BiLSTM+Attention,test,77.459267_12.97558,2024-06-01,0.458367,0.46153197
BiLSTM+Attention,test,77.459267_13.016004,2024-06-01,0.41650745,0.41383803
BiLSTM+Attention,test,77.459267_13.020495,2024-06-01,0.41006362,0.41157603
BiLSTM+Attention,test,77.459267_13.11931,2024-06-01,0.48825672,0.49020767
BiLSTM+Attention,test,77.463759_12.813883,2024-06-01,0.4992771,0.5152257
BiLSTM+Attention,test,77.463759_12.836341,2024-06-01,0.55076885,0.5596475
BiLSTM+Attention,test,77.463759_12.86329,2024-06-01,0.5676648,0.58623314
BiLSTM+Attention,test,77.463759_12.867782,2024-06-01,0.58406407,0.5721612
BiLSTM+Attention,test,77.463759_12.872273,2024-06-01,0.55984503,0.54755574
BiLSTM+Attention,test,77.463759_12.881256,2024-06-01,0.61174417,0.59536785
BiLSTM+Attention,test,77.463759_12.885748,2024-06-01,0.61530745,0.5846486
BiLSTM+Attention,test,77.463759_12.894731,2024-06-01,0.55491585,0.54988974
BiLSTM+Attention,test,77.463759_12.899223,2024-06-01,0.5575231,0.54091865
BiLSTM+Attention,test,77.463759_12.917189,2024-06-01,0.50072205,0.50435275
BiLSTM+Attention,test,77.463759_12.953122,2024-06-01,0.7553212,0.727999
BiLSTM+Attention,test,77.463759_13.03397,2024-06-01,0.40897372,0.40328884
BiLSTM+Attention,test,77.463759_13.078886,2024-06-01,0.5209182,0.5071727
BiLSTM+Attention,test,77.46825_12.827358,2024-06-01,0.4633548,0.48127636
BiLSTM+Attention,test,77.46825_12.836341,2024-06-01,0.558158,0.56710076
BiLSTM+Attention,test,77.46825_12.894731,2024-06-01,0.5350578,0.5276966
BiLSTM+Attention,test,77.46825_12.94863,2024-06-01,0.59496737,0.568892
BiLSTM+Attention,test,77.46825_12.953122,2024-06-01,0.5303804,0.5183943
BiLSTM+Attention,test,77.46825_12.966596,2024-06-01,0.5084498,0.50942695
BiLSTM+Attention,test,77.46825_13.007021,2024-06-01,0.4290266,0.41550794
BiLSTM+Attention,test,77.46825_13.020495,2024-06-01,0.49419406,0.47555768
BiLSTM+Attention,test,77.46825_13.114818,2024-06-01,0.5323403,0.5259177
BiLSTM+Attention,test,77.46825_13.150751,2024-06-01,0.44298372,0.44823414
BiLSTM+Attention,test,77.46825_13.1777,2024-06-01,0.5334431,0.53343385
BiLSTM+Attention,test,77.472742_12.746509,2024-06-01,0.64045924,0.6117035
BiLSTM+Attention,test,77.472742_12.751001,2024-06-01,0.5942684,0.56826097
BiLSTM+Attention,test,77.472742_12.755492,2024-06-01,0.611281,0.59085983
BiLSTM+Attention,test,77.472742_12.795916,2024-06-01,0.5330502,0.54591537
BiLSTM+Attention,test,77.472742_12.836341,2024-06-01,0.54821694,0.55769724
BiLSTM+Attention,test,77.472742_12.984563,2024-06-01,0.47035742,0.45174536
BiLSTM+Attention,test,77.472742_13.087869,2024-06-01,0.45556757,0.47150585
BiLSTM+Attention,test,77.477234_12.764475,2024-06-01,0.60563606,0.5842486
BiLSTM+Attention,test,77.477234_12.782442,2024-06-01,0.5414536,0.5405698
BiLSTM+Attention,test,77.477234_12.840832,2024-06-01,0.54996806,0.56707007
BiLSTM+Attention,test,77.477234_12.899223,2024-06-01,0.49535114,0.48177823
BiLSTM+Attention,test,77.477234_12.935155,2024-06-01,0.6214714,0.58697426
BiLSTM+Attention,test,77.477234_12.944139,2024-06-01,0.55155456,0.5231797
BiLSTM+Attention,test,77.477234_12.94863,2024-06-01,0.5623967,0.52983344
BiLSTM+Attention,test,77.477234_12.971088,2024-06-01,0.52111864,0.50873446
BiLSTM+Attention,test,77.477234_13.002529,2024-06-01,0.42458752,0.41644764
BiLSTM+Attention,test,77.477234_13.056428,2024-06-01,0.47683942,0.4608031
BiLSTM+Attention,test,77.481725_12.737526,2024-06-01,0.63721496,0.59406173
BiLSTM+Attention,test,77.481725_12.768967,2024-06-01,0.6005751,0.58384967
BiLSTM+Attention,test,77.481725_12.831849,2024-06-01,0.49195886,0.51597315
BiLSTM+Attention,test,77.481725_12.89024,2024-06-01,0.5746199,0.56109077
BiLSTM+Attention,test,77.481725_12.894731,2024-06-01,0.54179215,0.52740896
BiLSTM+Attention,test,77.481725_12.944139,2024-06-01,0.5643388,0.5341662
BiLSTM+Attention,test,77.481725_12.971088,2024-06-01,0.44591224,0.44130617
BiLSTM+Attention,test,77.481725_12.980071,2024-06-01,0.49915755,0.47402024
BiLSTM+Attention,test,77.481725_13.024987,2024-06-01,0.47557873,0.4567208
BiLSTM+Attention,test,77.481725_13.03397,2024-06-01,0.4526513,0.43285438
BiLSTM+Attention,test,77.481725_13.096852,2024-06-01,0.53889996,0.5403568
BiLSTM+Attention,test,77.481725_13.137276,2024-06-01,0.63174075,0.59742343
BiLSTM+Attention,test,77.486217_12.764475,2024-06-01,0.61563486,0.5774567
BiLSTM+Attention,test,77.486217_12.872273,2024-06-01,0.5312628,0.5257971
BiLSTM+Attention,test,77.486217_12.939647,2024-06-01,0.5798089,0.5564504
BiLSTM+Attention,test,77.486217_12.998037,2024-06-01,0.4720159,0.45582837
BiLSTM+Attention,test,77.486217_13.042953,2024-06-01,0.52324396,0.49083585
BiLSTM+Attention,test,77.486217_13.06092,2024-06-01,0.5414791,0.5136689
BiLSTM+Attention,test,77.486217_13.114818,2024-06-01,0.4728047,0.4702989
BiLSTM+Attention,test,77.486217_13.11931,2024-06-01,0.49007958,0.48516554
BiLSTM+Attention,test,77.490708_12.768967,2024-06-01,0.5872319,0.5723599
BiLSTM+Attention,test,77.490708_12.8049,2024-06-01,0.5505027,0.5562353
BiLSTM+Attention,test,77.490708_12.849815,2024-06-01,0.60164356,0.56722087
BiLSTM+Attention,test,77.490708_12.89024,2024-06-01,0.5336671,0.525155
BiLSTM+Attention,test,77.490708_13.051936,2024-06-01,0.5898932,0.55788183
BiLSTM+Attention,test,77.490708_13.087869,2024-06-01,0.53093433,0.52331793
BiLSTM+Attention,test,77.490708_13.092361,2024-06-01,0.5264124,0.5189657
BiLSTM+Attention,test,77.490708_13.096852,2024-06-01,0.5564862,0.5332502
BiLSTM+Attention,test,77.490708_13.182192,2024-06-01,0.5719324,0.5636011
BiLSTM+Attention,test,77.490708_13.209142,2024-06-01,0.5275768,0.51730704
BiLSTM+Attention,test,77.4952_12.786933,2024-06-01,0.5676949,0.5378469
BiLSTM+Attention,test,77.4952_12.836341,2024-06-01,0.558066,0.54176444
BiLSTM+Attention,test,77.4952_12.899223,2024-06-01,0.58090967,0.55615747
BiLSTM+Attention,test,77.4952_12.962105,2024-06-01,0.56393933,0.5313657
BiLSTM+Attention,test,77.4952_13.020495,2024-06-01,0.5180089,0.49926734
BiLSTM+Attention,test,77.4952_13.024987,2024-06-01,0.5076332,0.4808988
BiLSTM+Attention,test,77.4952_13.03397,2024-06-01,0.56085706,0.52573735
BiLSTM+Attention,test,77.4952_13.087869,2024-06-01,0.5051975,0.49412352
BiLSTM+Attention,test,77.4952_13.092361,2024-06-01,0.53164625,0.50903696
BiLSTM+Attention,test,77.4952_13.182192,2024-06-01,0.5714874,0.55438924
BiLSTM+Attention,test,77.499692_12.755492,2024-06-01,0.6531135,0.6304544
BiLSTM+Attention,test,77.499692_12.858799,2024-06-01,0.6491346,0.626349
BiLSTM+Attention,test,77.499692_12.899223,2024-06-01,0.5284799,0.54245716
BiLSTM+Attention,test,77.499692_12.984563,2024-06-01,0.51417106,0.5051302
BiLSTM+Attention,test,77.499692_13.114818,2024-06-01,0.491968,0.47920802
BiLSTM+Attention,test,77.499692_13.137276,2024-06-01,0.4848857,0.47250992
BiLSTM+Attention,test,77.499692_13.168717,2024-06-01,0.6203323,0.58561873
BiLSTM+Attention,test,77.504183_12.764475,2024-06-01,0.658152,0.6474174
BiLSTM+Attention,test,77.504183_12.786933,2024-06-01,0.6357417,0.60111
BiLSTM+Attention,test,77.504183_12.818374,2024-06-01,0.5987356,0.5770789
BiLSTM+Attention,test,77.504183_12.854307,2024-06-01,0.5910722,0.57304764
BiLSTM+Attention,test,77.504183_12.858799,2024-06-01,0.6478983,0.6248704
BiLSTM+Attention,test,77.504183_12.953122,2024-06-01,0.5421288,0.5216143
BiLSTM+Attention,test,77.504183_13.083377,2024-06-01,0.56338954,0.54051816
BiLSTM+Attention,test,77.504183_13.141768,2024-06-01,0.56205314,0.53928417
BiLSTM+Attention,test,77.504183_13.159734,2024-06-01,0.6509879,0.6218363
BiLSTM+Attention,test,77.504183_13.195667,2024-06-01,0.5041461,0.50198454
BiLSTM+Attention,test,77.508675_12.751001,2024-06-01,0.65799665,0.64478016
BiLSTM+Attention,test,77.508675_12.795916,2024-06-01,0.6631159,0.6285101
BiLSTM+Attention,test,77.508675_12.831849,2024-06-01,0.59909856,0.5646959
BiLSTM+Attention,test,77.508675_12.836341,2024-06-01,0.6242943,0.5923761
BiLSTM+Attention,test,77.508675_12.845324,2024-06-01,0.58879536,0.55348724
BiLSTM+Attention,test,77.508675_12.903714,2024-06-01,0.4877822,0.49365917
BiLSTM+Attention,test,77.508675_12.912697,2024-06-01,0.54739183,0.5262114
BiLSTM+Attention,test,77.508675_12.917189,2024-06-01,0.6124851,0.5911123
BiLSTM+Attention,test,77.508675_13.114818,2024-06-01,0.4531818,0.43674618
BiLSTM+Attention,test,77.508675_13.137276,2024-06-01,0.51137733,0.49939328
BiLSTM+Attention,test,77.508675_13.159734,2024-06-01,0.63650566,0.59866726
BiLSTM+Attention,test,77.508675_13.191175,2024-06-01,0.5284067,0.51617163
BiLSTM+Attention,test,77.513166_12.746509,2024-06-01,0.7737437,0.7555591
BiLSTM+Attention,test,77.513166_12.764475,2024-06-01,0.61900723,0.6034038
BiLSTM+Attention,test,77.513166_12.77795,2024-06-01,0.7330969,0.6840325
BiLSTM+Attention,test,77.513166_12.822866,2024-06-01,0.6700219,0.6412524
BiLSTM+Attention,test,77.513166_12.908206,2024-06-01,0.48987925,0.5005197
BiLSTM+Attention,test,77.513166_13.087869,2024-06-01,0.5565413,0.53746
BiLSTM+Attention,test,77.513166_13.096852,2024-06-01,0.62040704,0.6005125
BiLSTM+Attention,test,77.513166_13.137276,2024-06-01,0.46896723,0.4624249
BiLSTM+Attention,test,77.513166_13.1777,2024-06-01,0.5471602,0.5406371
BiLSTM+Attention,test,77.517658_12.764475,2024-06-01,0.64894664,0.65234095
BiLSTM+Attention,test,77.517658_12.77795,2024-06-01,0.70846635,0.66868746
BiLSTM+Attention,test,77.517658_12.782442,2024-06-01,0.70730263,0.6660712
BiLSTM+Attention,test,77.517658_12.795916,2024-06-01,0.6696839,0.638872
BiLSTM+Attention,test,77.517658_12.827358,2024-06-01,0.59732664,0.5653387
BiLSTM+Attention,test,77.517658_12.849815,2024-06-01,0.5922366,0.56132615
BiLSTM+Attention,test,77.517658_12.885748,2024-06-01,0.55623764,0.55947894
BiLSTM+Attention,test,77.517658_12.89024,2024-06-01,0.54775554,0.5557067
BiLSTM+Attention,test,77.517658_12.899223,2024-06-01,0.54046977,0.5504023
BiLSTM+Attention,test,77.517658_12.998037,2024-06-01,0.57723033,0.55939096
BiLSTM+Attention,test,77.517658_13.11931,2024-06-01,0.41344288,0.412056
BiLSTM+Attention,test,77.517658_13.182192,2024-06-01,0.55060756,0.5453463
BiLSTM+Attention,test,77.517658_13.186684,2024-06-01,0.55948275,0.5487766
BiLSTM+Attention,test,77.517658_13.191175,2024-06-01,0.5031243,0.49884218
BiLSTM+Attention,test,77.522149_12.751001,2024-06-01,0.6814031,0.67753965
BiLSTM+Attention,test,77.522149_12.755492,2024-06-01,0.657451,0.66474056
BiLSTM+Attention,test,77.522149_12.759984,2024-06-01,0.6902924,0.69092155
BiLSTM+Attention,test,77.522149_12.782442,2024-06-01,0.70056903,0.682206
BiLSTM+Attention,test,77.522149_12.809391,2024-06-01,0.78438413,0.7341123
BiLSTM+Attention,test,77.522149_12.813883,2024-06-01,0.5991439,0.5713743
BiLSTM+Attention,test,77.522149_12.818374,2024-06-01,0.57602507,0.5531954
BiLSTM+Attention,test,77.522149_12.836341,2024-06-01,0.58731735,0.56697965
BiLSTM+Attention,test,77.522149_12.845324,2024-06-01,0.60321903,0.5790434
BiLSTM+Attention,test,77.522149_13.056428,2024-06-01,0.5825978,0.5431738
BiLSTM+Attention,test,77.522149_13.078886,2024-06-01,0.5571893,0.5318816
BiLSTM+Attention,test,77.522149_13.146259,2024-06-01,0.4327251,0.43564785
BiLSTM+Attention,test,77.522149_13.200158,2024-06-01,0.5405016,0.5305988
BiLSTM+Attention,test,77.526641_12.751001,2024-06-01,0.6934025,0.69875705
BiLSTM+Attention,test,77.526641_12.840832,2024-06-01,0.65760106,0.627813
BiLSTM+Attention,test,77.526641_12.89024,2024-06-01,0.6239911,0.5956502
BiLSTM+Attention,test,77.526641_12.899223,2024-06-01,0.5956325,0.5648127
BiLSTM+Attention,test,77.526641_13.078886,2024-06-01,0.5710562,0.53700536
BiLSTM+Attention,test,77.526641_13.105835,2024-06-01,0.42516255,0.4178623
BiLSTM+Attention,test,77.526641_13.110327,2024-06-01,0.42109293,0.4164077
BiLSTM+Attention,test,77.531133_12.791425,2024-06-01,0.62475115,0.5914235
BiLSTM+Attention,test,77.531133_12.795916,2024-06-01,0.6641828,0.6343861
BiLSTM+Attention,test,77.531133_12.800408,2024-06-01,0.6398852,0.6065371
BiLSTM+Attention,test,77.531133_12.822866,2024-06-01,0.6048278,0.5767499
BiLSTM+Attention,test,77.531133_12.827358,2024-06-01,0.6176434,0.5881787
BiLSTM+Attention,test,77.531133_12.894731,2024-06-01,0.5479166,0.509524
BiLSTM+Attention,test,77.531133_13.083377,2024-06-01,0.53964627,0.5228881
BiLSTM+Attention,test,77.531133_13.114818,2024-06-01,0.43279502,0.43826598
BiLSTM+Attention,test,77.531133_13.195667,2024-06-01,0.55412924,0.54834294
BiLSTM+Attention,test,77.535624_12.77795,2024-06-01,0.7312975,0.7343898
BiLSTM+Attention,test,77.535624_12.822866,2024-06-01,0.7078002,0.6751387
BiLSTM+Attention,test,77.535624_12.872273,2024-06-01,0.51278025,0.4812944
BiLSTM+Attention,test,77.535624_12.899223,2024-06-01,0.5288798,0.4890365
BiLSTM+Attention,test,77.535624_13.069903,2024-06-01,0.64343005,0.6045844
BiLSTM+Attention,test,77.535624_13.083377,2024-06-01,0.5322571,0.5160638
BiLSTM+Attention,test,77.535624_13.096852,2024-06-01,0.47311977,0.45869347
BiLSTM+Attention,test,77.535624_13.114818,2024-06-01,0.45848373,0.44721547
BiLSTM+Attention,test,77.535624_13.132785,2024-06-01,0.48372966,0.47441357
BiLSTM+Attention,test,77.535624_13.137276,2024-06-01,0.4259908,0.4188899
BiLSTM+Attention,test,77.535624_13.195667,2024-06-01,0.4962187,0.47421896
BiLSTM+Attention,test,77.540116_12.77795,2024-06-01,0.6402233,0.6376274
BiLSTM+Attention,test,77.540116_12.795916,2024-06-01,0.6842266,0.6605468
BiLSTM+Attention,test,77.540116_13.042953,2024-06-01,0.5724633,0.54644185
BiLSTM+Attention,test,77.540116_13.074394,2024-06-01,0.5906645,0.55215377
BiLSTM+Attention,test,77.540116_13.092361,2024-06-01,0.43111482,0.41340536
BiLSTM+Attention,test,77.540116_13.101344,2024-06-01,0.46101606,0.4435957
BiLSTM+Attention,test,77.540116_13.105835,2024-06-01,0.4696782,0.4637127
BiLSTM+Attention,test,77.540116_13.114818,2024-06-01,0.43056843,0.41684434
BiLSTM+Attention,test,77.540116_13.132785,2024-06-01,0.46895134,0.45786247
BiLSTM+Attention,test,77.540116_13.155243,2024-06-01,0.49519613,0.4782604
BiLSTM+Attention,test,77.540116_13.182192,2024-06-01,0.4615012,0.46805555
BiLSTM+Attention,test,77.544607_12.831849,2024-06-01,0.7655185,0.7014406
BiLSTM+Attention,test,77.544607_13.218125,2024-06-01,0.54607296,0.54516125
BiLSTM+Attention,test,77.549099_12.822866,2024-06-01,0.78571594,0.7232586
BiLSTM+Attention,test,77.549099_12.831849,2024-06-01,0.6987114,0.6445987
BiLSTM+Attention,test,77.549099_12.836341,2024-06-01,0.67092687,0.6149905
BiLSTM+Attention,test,77.549099_12.845324,2024-06-01,0.653525,0.6057779
BiLSTM+Attention,test,77.549099_12.867782,2024-06-01,0.5779984,0.54496324
BiLSTM+Attention,test,77.549099_12.876765,2024-06-01,0.54395074,0.5058373
BiLSTM+Attention,test,77.549099_12.894731,2024-06-01,0.62386745,0.5803482
BiLSTM+Attention,test,77.549099_13.096852,2024-06-01,0.49791467,0.47700587
BiLSTM+Attention,test,77.549099_13.132785,2024-06-01,0.6002776,0.58799314
BiLSTM+Attention,test,77.55359_12.71956,2024-06-01,0.8078368,0.74724615
BiLSTM+Attention,test,77.55359_12.782442,2024-06-01,0.73921454,0.6881537
BiLSTM+Attention,test,77.55359_12.849815,2024-06-01,0.64787245,0.60964775
BiLSTM+Attention,test,77.55359_12.872273,2024-06-01,0.53510267,0.5010949
BiLSTM+Attention,test,77.55359_13.069903,2024-06-01,0.70889115,0.6669959
BiLSTM+Attention,test,77.55359_13.101344,2024-06-01,0.45353162,0.43901718
BiLSTM+Attention,test,77.55359_13.110327,2024-06-01,0.5074668,0.5022946
BiLSTM+Attention,test,77.55359_13.128293,2024-06-01,0.5791623,0.5701305
BiLSTM+Attention,test,77.55359_13.168717,2024-06-01,0.506285,0.49734992
BiLSTM+Attention,test,77.55359_13.173209,2024-06-01,0.42951062,0.42272043
BiLSTM+Attention,test,77.558082_12.710577,2024-06-01,0.83582467,0.7671176
BiLSTM+Attention,test,77.558082_12.827358,2024-06-01,0.71627885,0.67406154
BiLSTM+Attention,test,77.558082_12.845324,2024-06-01,0.69481504,0.65188617
BiLSTM+Attention,test,77.558082_13.042953,2024-06-01,0.6501121,0.6146796
BiLSTM+Attention,test,77.558082_13.051936,2024-06-01,0.68032146,0.632312
BiLSTM+Attention,test,77.558082_13.110327,2024-06-01,0.5156682,0.50899905
BiLSTM+Attention,test,77.558082_13.168717,2024-06-01,0.5199738,0.51289666
BiLSTM+Attention,test,77.558082_13.1777,2024-06-01,0.50161546,0.4900469
BiLSTM+Attention,test,77.562574_12.71956,2024-06-01,0.8100857,0.7481104
BiLSTM+Attention,test,77.562574_12.827358,2024-06-01,0.723668,0.68706274
BiLSTM+Attention,test,77.562574_12.858799,2024-06-01,0.54446316,0.514511
BiLSTM+Attention,test,77.562574_12.872273,2024-06-01,0.6267476,0.5829946
BiLSTM+Attention,test,77.562574_12.876765,2024-06-01,0.64957553,0.60785234
BiLSTM+Attention,test,77.562574_13.141768,2024-06-01,0.4940337,0.49064788
BiLSTM+Attention,test,77.562574_13.159734,2024-06-01,0.5224777,0.51858956
BiLSTM+Attention,test,77.562574_13.173209,2024-06-01,0.5291373,0.52018803
BiLSTM+Attention,test,77.567065_12.724051,2024-06-01,0.75628686,0.6997025
BiLSTM+Attention,test,77.567065_12.813883,2024-06-01,0.7157155,0.6701985
BiLSTM+Attention,test,77.567065_12.849815,2024-06-01,0.69079345,0.648263
BiLSTM+Attention,test,77.567065_13.105835,2024-06-01,0.5782367,0.55769265
BiLSTM+Attention,test,77.567065_13.114818,2024-06-01,0.6236856,0.59778786
BiLSTM+Attention,test,77.567065_13.182192,2024-06-01,0.52568394,0.52428377
BiLSTM+Attention,test,77.571557_12.71956,2024-06-01,0.79301256,0.7392098
BiLSTM+Attention,test,77.571557_12.800408,2024-06-01,0.7136322,0.66133744
BiLSTM+Attention,test,77.571557_12.813883,2024-06-01,0.78476775,0.7207936
BiLSTM+Attention,test,77.571557_12.849815,2024-06-01,0.69458467,0.64952695
BiLSTM+Attention,test,77.571557_13.141768,2024-06-01,0.49819985,0.49652985
BiLSTM+Attention,test,77.571557_13.146259,2024-06-01,0.5015747,0.5039453
BiLSTM+Attention,test,77.576048_12.71956,2024-06-01,0.75922567,0.70873404
BiLSTM+Attention,test,77.576048_12.728543,2024-06-01,0.7544576,0.702008
BiLSTM+Attention,test,77.576048_12.742018,2024-06-01,0.75172377,0.6837645
BiLSTM+Attention,test,77.576048_12.813883,2024-06-01,0.8043486,0.7315551
BiLSTM+Attention,test,77.576048_12.827358,2024-06-01,0.6803222,0.64112425
BiLSTM+Attention,test,77.58054_12.800408,2024-06-01,0.7528321,0.68981946
BiLSTM+Attention,test,77.58054_12.845324,2024-06-01,0.69694465,0.6383612
BiLSTM+Attention,test,77.58054_13.083377,2024-06-01,0.54279375,0.53235227
BiLSTM+Attention,test,77.58054_13.087869,2024-06-01,0.5167896,0.5029046
BiLSTM+Attention,test,77.585031_12.849815,2024-06-01,0.69438857,0.63723665
BiLSTM+Attention,test,77.585031_13.042953,2024-06-01,0.6785681,0.6396773
BiLSTM+Attention,test,77.585031_13.137276,2024-06-01,0.5052496,0.50702864
BiLSTM+Attention,test,77.589523_12.71956,2024-06-01,0.86609846,0.7979479
BiLSTM+Attention,test,77.589523_12.746509,2024-06-01,0.7527897,0.69305444
BiLSTM+Attention,test,77.589523_12.854307,2024-06-01,0.64207613,0.59725034
BiLSTM+Attention,test,77.589523_12.971088,2024-06-01,0.7458178,0.67810595
BiLSTM+Attention,test,77.589523_13.083377,2024-06-01,0.62659425,0.60328925
BiLSTM+Attention,test,77.589523_13.150751,2024-06-01,0.51072794,0.5036603
BiLSTM+Attention,test,77.594015_12.724051,2024-06-01,0.8424038,0.78744054
BiLSTM+Attention,test,77.594015_12.733034,2024-06-01,0.81311536,0.7632044
BiLSTM+Attention,test,77.594015_12.755492,2024-06-01,0.71505386,0.66625226
BiLSTM+Attention,test,77.594015_12.831849,2024-06-01,0.65687805,0.6029756
BiLSTM+Attention,test,77.594015_12.836341,2024-06-01,0.676528,0.6166382
BiLSTM+Attention,test,77.594015_12.840832,2024-06-01,0.6770523,0.616894
BiLSTM+Attention,test,77.594015_12.849815,2024-06-01,0.66789186,0.6135108
BiLSTM+Attention,test,77.594015_12.998037,2024-06-01,0.7396799,0.680534
BiLSTM+Attention,test,77.594015_13.087869,2024-06-01,0.611268,0.58706355
BiLSTM+Attention,test,77.598506_12.665661,2024-06-01,0.8456696,0.7706643
BiLSTM+Attention,test,77.598506_12.710577,2024-06-01,0.7737687,0.7232023
BiLSTM+Attention,test,77.598506_12.822866,2024-06-01,0.6817064,0.6272855
BiLSTM+Attention,test,77.598506_12.849815,2024-06-01,0.7078598,0.6569916
BiLSTM+Attention,test,77.598506_13.083377,2024-06-01,0.60428303,0.5824725
BiLSTM+Attention,test,77.598506_13.128293,2024-06-01,0.56669635,0.56056666
BiLSTM+Attention,test,77.598506_13.141768,2024-06-01,0.48047614,0.48215708
BiLSTM+Attention,test,77.598506_13.146259,2024-06-01,0.46043998,0.46313468
BiLSTM+Attention,test,77.602998_12.710577,2024-06-01,0.81064886,0.749619
BiLSTM+Attention,test,77.602998_12.827358,2024-06-01,0.59747684,0.5544925
BiLSTM+Attention,test,77.602998_12.849815,2024-06-01,0.6076822,0.564818
BiLSTM+Attention,test,77.602998_12.858799,2024-06-01,0.6164655,0.56698346
BiLSTM+Attention,test,77.602998_13.114818,2024-06-01,0.5942959,0.57735616
BiLSTM+Attention,test,77.602998_13.11931,2024-06-01,0.58804125,0.56702954
BiLSTM+Attention,test,77.602998_13.128293,2024-06-01,0.5349375,0.5287129
BiLSTM+Attention,test,77.602998_13.164226,2024-06-01,0.49459407,0.48455626
BiLSTM+Attention,test,77.607489_12.768967,2024-06-01,0.6735577,0.62620485
BiLSTM+Attention,test,77.607489_12.773459,2024-06-01,0.647088,0.5981214
BiLSTM+Attention,test,77.607489_12.791425,2024-06-01,0.63514566,0.58880746
BiLSTM+Attention,test,77.607489_12.809391,2024-06-01,0.7216864,0.6576421
BiLSTM+Attention,test,77.607489_12.818374,2024-06-01,0.7420279,0.68605125
BiLSTM+Attention,test,77.607489_13.087869,2024-06-01,0.6979163,0.6754732
BiLSTM+Attention,test,77.611981_12.674644,2024-06-01,0.83838737,0.76860106
BiLSTM+Attention,test,77.611981_12.768967,2024-06-01,0.62987065,0.57208997
BiLSTM+Attention,test,77.611981_12.831849,2024-06-01,0.6299207,0.584405
BiLSTM+Attention,test,77.611981_12.867782,2024-06-01,0.58457303,0.54336244
BiLSTM+Attention,test,77.611981_12.953122,2024-06-01,0.74622923,0.7007946
BiLSTM+Attention,test,77.611981_13.105835,2024-06-01,0.56156456,0.5377127
BiLSTM+Attention,test,77.611981_13.168717,2024-06-01,0.46600357,0.4672873
BiLSTM+Attention,test,77.611981_13.182192,2024-06-01,0.4389946,0.43257344
BiLSTM+Attention,test,77.616473_12.831849,2024-06-01,0.67119706,0.6194103
BiLSTM+Attention,test,77.616473_12.858799,2024-06-01,0.59565115,0.55884725
BiLSTM+Attention,test,77.616473_13.114818,2024-06-01,0.58810633,0.57048863
BiLSTM+Attention,test,77.616473_13.141768,2024-06-01,0.5140473,0.49839807
BiLSTM+Attention,test,77.616473_13.1777,2024-06-01,0.43192768,0.44054928
BiLSTM+Attention,test,77.620964_12.674644,2024-06-01,0.8453894,0.77767724
BiLSTM+Attention,test,77.620964_12.795916,2024-06-01,0.583794,0.5372185
BiLSTM+Attention,test,77.620964_12.813883,2024-06-01,0.575063,0.5343599
BiLSTM+Attention,test,77.620964_12.845324,2024-06-01,0.70695376,0.65144634
BiLSTM+Attention,test,77.620964_12.858799,2024-06-01,0.57688606,0.5482781
BiLSTM+Attention,test,77.620964_13.132785,2024-06-01,0.5656162,0.5518751
BiLSTM+Attention,test,77.625456_12.782442,2024-06-01,0.61288893,0.5709813
BiLSTM+Attention,test,77.625456_12.858799,2024-06-01,0.54237926,0.5216563
BiLSTM+Attention,test,77.625456_13.065411,2024-06-01,0.46456593,0.46230027
BiLSTM+Attention,test,77.625456_13.128293,2024-06-01,0.56935024,0.5533629
BiLSTM+Attention,test,77.625456_13.137276,2024-06-01,0.5040398,0.5039022
BiLSTM+Attention,test,77.625456_13.155243,2024-06-01,0.6240012,0.59733
BiLSTM+Attention,test,77.625456_13.182192,2024-06-01,0.46641043,0.4604459
BiLSTM+Attention,test,77.629947_12.795916,2024-06-01,0.79237133,0.71385163
BiLSTM+Attention,test,77.629947_12.809391,2024-06-01,0.59744936,0.5617162
BiLSTM+Attention,test,77.629947_12.836341,2024-06-01,0.64695996,0.6042774
BiLSTM+Attention,test,77.629947_12.854307,2024-06-01,0.5960481,0.57099223
BiLSTM+Attention,test,77.629947_12.858799,2024-06-01,0.5644502,0.54410017
BiLSTM+Attention,test,77.629947_13.06092,2024-06-01,0.48780838,0.47779775
BiLSTM+Attention,test,77.629947_13.087869,2024-06-01,0.48811084,0.47845167
BiLSTM+Attention,test,77.629947_13.1777,2024-06-01,0.49370912,0.4890204
BiLSTM+Attention,test,77.634439_12.679136,2024-06-01,0.79018056,0.7189889
BiLSTM+Attention,test,77.634439_12.701593,2024-06-01,0.7367115,0.6797366
BiLSTM+Attention,test,77.634439_12.733034,2024-06-01,0.58824164,0.54809463
BiLSTM+Attention,test,77.634439_12.746509,2024-06-01,0.62216526,0.57692504
BiLSTM+Attention,test,77.634439_12.751001,2024-06-01,0.61823255,0.5737155
BiLSTM+Attention,test,77.634439_12.849815,2024-06-01,0.60153455,0.5623645
BiLSTM+Attention,test,77.634439_13.047445,2024-06-01,0.5482639,0.532969
BiLSTM+Attention,test,77.634439_13.083377,2024-06-01,0.45035058,0.43623656
BiLSTM+Attention,test,77.634439_13.137276,2024-06-01,0.4624189,0.4616871
BiLSTM+Attention,test,77.63893_12.688119,2024-06-01,0.72967696,0.6647427
BiLSTM+Attention,test,77.63893_12.742018,2024-06-01,0.6376147,0.5902152
BiLSTM+Attention,test,77.63893_12.791425,2024-06-01,0.6307259,0.5831724
BiLSTM+Attention,test,77.63893_12.800408,2024-06-01,0.584511,0.55195016
BiLSTM+Attention,test,77.63893_12.818374,2024-06-01,0.5950642,0.5606822
BiLSTM+Attention,test,77.63893_12.840832,2024-06-01,0.6732605,0.61552566
BiLSTM+Attention,test,77.63893_12.872273,2024-06-01,0.5171553,0.48551962
BiLSTM+Attention,test,77.63893_12.917189,2024-06-01,0.74426824,0.68942726
BiLSTM+Attention,test,77.63893_12.989054,2024-06-01,0.654798,0.6237311
BiLSTM+Attention,test,77.63893_13.056428,2024-06-01,0.5090627,0.48488185
BiLSTM+Attention,test,77.63893_13.078886,2024-06-01,0.45583415,0.44934958
BiLSTM+Attention,test,77.63893_13.083377,2024-06-01,0.44461644,0.4333843
BiLSTM+Attention,test,77.63893_13.1777,2024-06-01,0.47512892,0.4629674
BiLSTM+Attention,test,77.643422_12.795916,2024-06-01,0.6070166,0.56491506
BiLSTM+Attention,test,77.643422_12.800408,2024-06-01,0.5894371,0.5465923
BiLSTM+Attention,test,77.643422_12.809391,2024-06-01,0.61674654,0.5687046
BiLSTM+Attention,test,77.643422_12.867782,2024-06-01,0.55543387,0.51516145
BiLSTM+Attention,test,77.643422_13.002529,2024-06-01,0.58020693,0.56299937
BiLSTM+Attention,test,77.643422_13.038462,2024-06-01,0.5719976,0.5512036
BiLSTM+Attention,test,77.643422_13.164226,2024-06-01,0.58136165,0.5610187
BiLSTM+Attention,test,77.647914_12.688119,2024-06-01,0.7685885,0.69729817
BiLSTM+Attention,test,77.647914_12.733034,2024-06-01,0.6208913,0.57430756
BiLSTM+Attention,test,77.647914_12.881256,2024-06-01,0.5702153,0.52708566
BiLSTM+Attention,test,77.647914_12.935155,2024-06-01,0.691074,0.6639179
BiLSTM+Attention,test,77.647914_13.141768,2024-06-01,0.6124296,0.5956739
BiLSTM+Attention,test,77.647914_13.168717,2024-06-01,0.6513746,0.6210133
BiLSTM+Attention,test,77.652405_12.697102,2024-06-01,0.7334861,0.67683464
BiLSTM+Attention,test,77.652405_12.773459,2024-06-01,0.5933038,0.55490357
BiLSTM+Attention,test,77.652405_12.795916,2024-06-01,0.5681802,0.5287483
BiLSTM+Attention,test,77.652405_12.8049,2024-06-01,0.623783,0.5774393
BiLSTM+Attention,test,77.652405_12.858799,2024-06-01,0.70701295,0.65500194
BiLSTM+Attention,test,77.652405_12.926172,2024-06-01,0.68038243,0.6499381
BiLSTM+Attention,test,77.652405_13.002529,2024-06-01,0.5688065,0.5400408
BiLSTM+Attention,test,77.656897_12.742018,2024-06-01,0.64822996,0.5852522
BiLSTM+Attention,test,77.656897_12.746509,2024-06-01,0.6281938,0.58020097
BiLSTM+Attention,test,77.656897_12.768967,2024-06-01,0.6443293,0.5971755
BiLSTM+Attention,test,77.656897_12.791425,2024-06-01,0.5864557,0.5387243
BiLSTM+Attention,test,77.656897_12.800408,2024-06-01,0.6389063,0.5908804
BiLSTM+Attention,test,77.656897_12.831849,2024-06-01,0.6352081,0.59049845
BiLSTM+Attention,test,77.656897_12.849815,2024-06-01,0.52773905,0.49801603
BiLSTM+Attention,test,77.656897_12.939647,2024-06-01,0.6258426,0.5969261
BiLSTM+Attention,test,77.656897_13.101344,2024-06-01,0.46260083,0.4724456
BiLSTM+Attention,test,77.656897_13.164226,2024-06-01,0.4838882,0.4855572
BiLSTM+Attention,test,77.656897_13.173209,2024-06-01,0.45570815,0.44728696
BiLSTM+Attention,test,77.661388_12.737526,2024-06-01,0.65106374,0.59793866
BiLSTM+Attention,test,77.661388_12.759984,2024-06-01,0.6581516,0.6095634
BiLSTM+Attention,test,77.661388_13.056428,2024-06-01,0.52973825,0.5116786
BiLSTM+Attention,test,77.661388_13.074394,2024-06-01,0.5308976,0.5227576
BiLSTM+Attention,test,77.661388_13.087869,2024-06-01,0.4705801,0.478547
BiLSTM+Attention,test,77.661388_13.101344,2024-06-01,0.45847547,0.46902525
BiLSTM+Attention,test,77.661388_13.110327,2024-06-01,0.5300109,0.5038332
BiLSTM+Attention,test,77.661388_13.11931,2024-06-01,0.5834205,0.56634676
BiLSTM+Attention,test,77.66588_12.679136,2024-06-01,0.7221737,0.65983987
BiLSTM+Attention,test,77.66588_12.697102,2024-06-01,0.6875682,0.6370518
BiLSTM+Attention,test,77.66588_12.715068,2024-06-01,0.66418487,0.6179997
BiLSTM+Attention,test,77.66588_12.724051,2024-06-01,0.6544952,0.599821
BiLSTM+Attention,test,77.66588_12.751001,2024-06-01,0.6181639,0.57760096
BiLSTM+Attention,test,77.66588_12.755492,2024-06-01,0.6617076,0.6089558
BiLSTM+Attention,test,77.66588_12.764475,2024-06-01,0.6399104,0.58919847
BiLSTM+Attention,test,77.66588_12.768967,2024-06-01,0.76835525,0.7105697
BiLSTM+Attention,test,77.66588_12.791425,2024-06-01,0.675263,0.62834513
BiLSTM+Attention,test,77.66588_12.953122,2024-06-01,0.64682704,0.6049337
BiLSTM+Attention,test,77.66588_13.038462,2024-06-01,0.5414811,0.5196442
BiLSTM+Attention,test,77.66588_13.051936,2024-06-01,0.5673612,0.5549715
BiLSTM+Attention,test,77.66588_13.173209,2024-06-01,0.46241587,0.45762372
BiLSTM+Attention,test,77.670371_12.71956,2024-06-01,0.6572656,0.61273754
BiLSTM+Attention,test,77.670371_12.86329,2024-06-01,0.5618305,0.5260952
BiLSTM+Attention,test,77.670371_12.881256,2024-06-01,0.55272794,0.51446563
BiLSTM+Attention,test,77.670371_12.894731,2024-06-01,0.500028,0.46441072
BiLSTM+Attention,test,77.670371_13.069903,2024-06-01,0.45825154,0.46609217
BiLSTM+Attention,test,77.670371_13.083377,2024-06-01,0.43199527,0.43220198
BiLSTM+Attention,test,77.670371_13.092361,2024-06-01,0.42251232,0.4408521
BiLSTM+Attention,test,77.670371_13.128293,2024-06-01,0.51391345,0.51334375
BiLSTM+Attention,test,77.674863_12.674644,2024-06-01,0.76009613,0.69916177
BiLSTM+Attention,test,77.674863_12.71956,2024-06-01,0.66642445,0.6180215
BiLSTM+Attention,test,77.674863_12.755492,2024-06-01,0.6058315,0.5596079
BiLSTM+Attention,test,77.674863_12.764475,2024-06-01,0.62041414,0.5745088
BiLSTM+Attention,test,77.674863_12.786933,2024-06-01,0.64960086,0.60659
BiLSTM+Attention,test,77.674863_12.836341,2024-06-01,0.58448416,0.54952973
BiLSTM+Attention,test,77.674863_12.867782,2024-06-01,0.7362178,0.6759344
BiLSTM+Attention,test,77.674863_13.051936,2024-06-01,0.576196,0.55286884
BiLSTM+Attention,test,77.674863_13.069903,2024-06-01,0.4402837,0.44650617
BiLSTM+Attention,test,77.674863_13.092361,2024-06-01,0.44228885,0.45500422
BiLSTM+Attention,test,77.674863_13.105835,2024-06-01,0.49497518,0.50287604
BiLSTM+Attention,test,77.679355_12.697102,2024-06-01,0.6331235,0.58441913
BiLSTM+Attention,test,77.679355_12.746509,2024-06-01,0.71759444,0.65908784
BiLSTM+Attention,test,77.679355_12.881256,2024-06-01,0.5785982,0.52741975
BiLSTM+Attention,test,77.679355_12.89024,2024-06-01,0.59158117,0.5419422
BiLSTM+Attention,test,77.679355_12.899223,2024-06-01,0.51295906,0.4746617
BiLSTM+Attention,test,77.679355_13.047445,2024-06-01,0.75349295,0.7059803
BiLSTM+Attention,test,77.679355_13.056428,2024-06-01,0.54799616,0.53100973
BiLSTM+Attention,test,77.679355_13.074394,2024-06-01,0.4590501,0.45965755
BiLSTM+Attention,test,77.679355_13.101344,2024-06-01,0.4603417,0.4661028
BiLSTM+Attention,test,77.679355_13.141768,2024-06-01,0.5043187,0.5002799
BiLSTM+Attention,test,77.679355_13.155243,2024-06-01,0.4322057,0.43170568
BiLSTM+Attention,test,77.679355_13.159734,2024-06-01,0.4565861,0.45757085
BiLSTM+Attention,test,77.683846_12.728543,2024-06-01,0.6481575,0.59395903
BiLSTM+Attention,test,77.683846_12.742018,2024-06-01,0.58382314,0.53588927
BiLSTM+Attention,test,77.683846_12.755492,2024-06-01,0.759856,0.69707334
BiLSTM+Attention,test,77.683846_12.795916,2024-06-01,0.62794966,0.57544315
BiLSTM+Attention,test,77.683846_12.8049,2024-06-01,0.5868517,0.54127717
BiLSTM+Attention,test,77.683846_12.836341,2024-06-01,0.62877417,0.5878838
BiLSTM+Attention,test,77.683846_12.840832,2024-06-01,0.63713264,0.5911097
BiLSTM+Attention,test,77.683846_12.894731,2024-06-01,0.6052867,0.55554277
BiLSTM+Attention,test,77.683846_12.917189,2024-06-01,0.5043724,0.48467174
BiLSTM+Attention,test,77.683846_12.939647,2024-06-01,0.7407278,0.69737303
BiLSTM+Attention,test,77.683846_13.029478,2024-06-01,0.4273605,0.41638315
BiLSTM+Attention,test,77.683846_13.06092,2024-06-01,0.52085537,0.5154404
BiLSTM+Attention,test,77.683846_13.074394,2024-06-01,0.4394252,0.4282815
BiLSTM+Attention,test,77.683846_13.11931,2024-06-01,0.41579637,0.42276794
BiLSTM+Attention,test,77.683846_13.123802,2024-06-01,0.4641426,0.4659446
BiLSTM+Attention,test,77.688338_12.656678,2024-06-01,0.77081853,0.6933093
BiLSTM+Attention,test,77.688338_12.69261,2024-06-01,0.8135448,0.74228394
BiLSTM+Attention,test,77.688338_12.697102,2024-06-01,0.81891555,0.74729365
BiLSTM+Attention,test,77.688338_12.710577,2024-06-01,0.8162504,0.73599434
BiLSTM+Attention,test,77.688338_12.751001,2024-06-01,0.659862,0.60602427
BiLSTM+Attention,test,77.688338_12.755492,2024-06-01,0.6323161,0.58553356
BiLSTM+Attention,test,77.688338_12.876765,2024-06-01,0.79443944,0.71555144
BiLSTM+Attention,test,77.688338_12.885748,2024-06-01,0.61753935,0.5799636
BiLSTM+Attention,test,77.688338_12.966596,2024-06-01,0.61806935,0.58300006
BiLSTM+Attention,test,77.692829_12.746509,2024-06-01,0.5608644,0.51894754
BiLSTM+Attention,test,77.692829_12.800408,2024-06-01,0.59002846,0.5368257
BiLSTM+Attention,test,77.692829_12.845324,2024-06-01,0.64644337,0.60544676
BiLSTM+Attention,test,77.692829_12.885748,2024-06-01,0.6431633,0.59062886
BiLSTM+Attention,test,77.692829_12.899223,2024-06-01,0.56827915,0.51810986
BiLSTM+Attention,test,77.692829_13.047445,2024-06-01,0.7263689,0.66788924
BiLSTM+Attention,test,77.692829_13.06092,2024-06-01,0.6159275,0.59356
BiLSTM+Attention,test,77.692829_13.065411,2024-06-01,0.56919515,0.55662006
BiLSTM+Attention,test,77.692829_13.083377,2024-06-01,0.436288,0.43588057
BiLSTM+Attention,test,77.692829_13.096852,2024-06-01,0.41813564,0.41593403
BiLSTM+Attention,test,77.692829_13.132785,2024-06-01,0.39406183,0.39238533
BiLSTM+Attention,test,77.692829_13.155243,2024-06-01,0.43333638,0.42810994
BiLSTM+Attention,test,77.697321_12.697102,2024-06-01,0.821718,0.7504583
BiLSTM+Attention,test,77.697321_12.751001,2024-06-01,0.62458026,0.5716245
BiLSTM+Attention,test,77.697321_12.773459,2024-06-01,0.5918856,0.549548
BiLSTM+Attention,test,77.697321_12.791425,2024-06-01,0.6749502,0.62287384
BiLSTM+Attention,test,77.697321_12.885748,2024-06-01,0.6465957,0.5945601
BiLSTM+Attention,test,77.697321_12.894731,2024-06-01,0.58371186,0.53052396
BiLSTM+Attention,test,77.697321_12.930664,2024-06-01,0.58877885,0.54627085
BiLSTM+Attention,test,77.697321_12.966596,2024-06-01,0.5933496,0.56054926
BiLSTM+Attention,test,77.697321_13.132785,2024-06-01,0.39406183,0.39120921
BiLSTM+Attention,test,77.697321_13.150751,2024-06-01,0.4490669,0.44003737
BiLSTM+Attention,test,77.697321_13.1777,2024-06-01,0.5427342,0.5273136
BiLSTM+Attention,test,77.701812_12.742018,2024-06-01,0.6237112,0.5695508
BiLSTM+Attention,test,77.701812_12.77795,2024-06-01,0.59008235,0.53697324
BiLSTM+Attention,test,77.701812_12.8049,2024-06-01,0.6606734,0.59846926
BiLSTM+Attention,test,77.701812_12.822866,2024-06-01,0.6239549,0.5905136
BiLSTM+Attention,test,77.701812_12.872273,2024-06-01,0.5790865,0.5298939
BiLSTM+Attention,test,77.701812_12.984563,2024-06-01,0.5216544,0.48064202
BiLSTM+Attention,test,77.701812_13.03397,2024-06-01,0.48710614,0.47747472
BiLSTM+Attention,test,77.701812_13.114818,2024-06-01,0.46594635,0.47375527
BiLSTM+Attention,test,77.701812_13.164226,2024-06-01,0.47482386,0.45593905
BiLSTM+Attention,test,77.706304_12.746509,2024-06-01,0.63693446,0.58112895
BiLSTM+Attention,test,77.706304_12.751001,2024-06-01,0.64366925,0.5783507
BiLSTM+Attention,test,77.706304_12.759984,2024-06-01,0.5604643,0.5294971
BiLSTM+Attention,test,77.706304_12.764475,2024-06-01,0.5979238,0.55838335
BiLSTM+Attention,test,77.706304_12.86329,2024-06-01,0.53092563,0.4961447
BiLSTM+Attention,test,77.706304_12.984563,2024-06-01,0.5289715,0.4897014
BiLSTM+Attention,test,77.706304_13.038462,2024-06-01,0.49382034,0.47638166
BiLSTM+Attention,test,77.706304_13.042953,2024-06-01,0.545332,0.5329435
BiLSTM+Attention,test,77.706304_13.137276,2024-06-01,0.6414473,0.61230993
BiLSTM+Attention,test,77.710796_12.715068,2024-06-01,0.70089847,0.64878047
BiLSTM+Attention,test,77.710796_12.894731,2024-06-01,0.6614495,0.6011109
BiLSTM+Attention,test,77.710796_12.899223,2024-06-01,0.61057234,0.5641117
BiLSTM+Attention,test,77.710796_12.912697,2024-06-01,0.5272542,0.5076966
BiLSTM+Attention,test,77.710796_13.03397,2024-06-01,0.47870645,0.47460923
BiLSTM+Attention,test,77.710796_13.11931,2024-06-01,0.43679956,0.45102626
BiLSTM+Attention,test,77.710796_13.123802,2024-06-01,0.406192,0.42443687
BiLSTM+Attention,test,77.710796_13.132785,2024-06-01,0.43412656,0.44364077
BiLSTM+Attention,test,77.710796_13.150751,2024-06-01,0.4257039,0.4172963
BiLSTM+Attention,test,77.710796_13.168717,2024-06-01,0.4942687,0.47696704
BiLSTM+Attention,test,77.710796_13.173209,2024-06-01,0.5028838,0.50394
BiLSTM+Attention,test,77.715287_12.679136,2024-06-01,0.7587609,0.69013923
BiLSTM+Attention,test,77.715287_12.742018,2024-06-01,0.6246673,0.5689118
BiLSTM+Attention,test,77.715287_12.773459,2024-06-01,0.5896743,0.5406495
BiLSTM+Attention,test,77.715287_12.822866,2024-06-01,0.64280117,0.59004176
BiLSTM+Attention,test,77.715287_12.827358,2024-06-01,0.6110557,0.56359166
BiLSTM+Attention,test,77.715287_12.845324,2024-06-01,0.5587959,0.517725
BiLSTM+Attention,test,77.715287_12.885748,2024-06-01,0.6298516,0.5808189
BiLSTM+Attention,test,77.715287_12.899223,2024-06-01,0.52653843,0.48629063
BiLSTM+Attention,test,77.715287_12.939647,2024-06-01,0.75163674,0.70820564
BiLSTM+Attention,test,77.715287_12.944139,2024-06-01,0.780467,0.73412555
BiLSTM+Attention,test,77.715287_12.94863,2024-06-01,0.62770563,0.58821124
BiLSTM+Attention,test,77.715287_13.016004,2024-06-01,0.5592961,0.5306762
BiLSTM+Attention,test,77.715287_13.029478,2024-06-01,0.44076726,0.4361754
BiLSTM+Attention,test,77.715287_13.038462,2024-06-01,0.5634119,0.55443877
BiLSTM+Attention,test,77.715287_13.051936,2024-06-01,0.55180633,0.54439104
BiLSTM+Attention,test,77.715287_13.056428,2024-06-01,0.48502326,0.48215213
BiLSTM+Attention,test,77.715287_13.096852,2024-06-01,0.366549,0.3864008
BiLSTM+Attention,test,77.715287_13.114818,2024-06-01,0.5018495,0.5075186
BiLSTM+Attention,test,77.715287_13.128293,2024-06-01,0.4467148,0.4591637
BiLSTM+Attention,test,77.719779_12.706085,2024-06-01,0.7166144,0.6620686
BiLSTM+Attention,test,77.719779_12.746509,2024-06-01,0.7474806,0.68767
BiLSTM+Attention,test,77.719779_12.795916,2024-06-01,0.60871404,0.5644877
BiLSTM+Attention,test,77.719779_12.840832,2024-06-01,0.63974375,0.595762
BiLSTM+Attention,test,77.719779_12.903714,2024-06-01,0.5243088,0.49428797
BiLSTM+Attention,test,77.719779_13.069903,2024-06-01,0.43700776,0.44897112
BiLSTM+Attention,test,77.719779_13.105835,2024-06-01,0.45995697,0.46219763
BiLSTM+Attention,test,77.719779_13.123802,2024-06-01,0.4294509,0.43069446
BiLSTM+Attention,test,77.719779_13.137276,2024-06-01,0.42250645,0.43522367
BiLSTM+Attention,test,77.719779_13.155243,2024-06-01,0.42623132,0.4240839
BiLSTM+Attention,test,77.72427_12.674644,2024-06-01,0.66565025,0.6127214
BiLSTM+Attention,test,77.72427_12.697102,2024-06-01,0.5929768,0.55086344
BiLSTM+Attention,test,77.72427_12.701593,2024-06-01,0.619861,0.5751248
BiLSTM+Attention,test,77.72427_12.724051,2024-06-01,0.65619266,0.6002971
BiLSTM+Attention,test,77.72427_12.786933,2024-06-01,0.632798,0.5785233
BiLSTM+Attention,test,77.72427_12.791425,2024-06-01,0.631206,0.5765338
BiLSTM+Attention,test,77.72427_12.840832,2024-06-01,0.6193957,0.5755024
BiLSTM+Attention,test,77.72427_12.867782,2024-06-01,0.5639039,0.52328604
BiLSTM+Attention,test,77.72427_12.885748,2024-06-01,0.60023654,0.55066735
BiLSTM+Attention,test,77.72427_13.024987,2024-06-01,0.74905163,0.71610653
BiLSTM+Attention,test,77.72427_13.06092,2024-06-01,0.45518717,0.4670415
BiLSTM+Attention,test,77.72427_13.074394,2024-06-01,0.46497416,0.47209847
BiLSTM+Attention,test,77.728762_12.706085,2024-06-01,0.69075453,0.6377006
BiLSTM+Attention,test,77.728762_12.724051,2024-06-01,0.72276723,0.65872014
BiLSTM+Attention,test,77.728762_12.759984,2024-06-01,0.6301268,0.57798564
BiLSTM+Attention,test,77.728762_12.782442,2024-06-01,0.65313965,0.5987712
BiLSTM+Attention,test,77.728762_12.809391,2024-06-01,0.64351434,0.5877302
BiLSTM+Attention,test,77.728762_12.858799,2024-06-01,0.63559943,0.5797575
BiLSTM+Attention,test,77.728762_12.876765,2024-06-01,0.64624333,0.597713
BiLSTM+Attention,test,77.728762_12.885748,2024-06-01,0.58905154,0.54189044
BiLSTM+Attention,test,77.728762_13.016004,2024-06-01,0.7371311,0.7079778
BiLSTM+Attention,test,77.728762_13.047445,2024-06-01,0.53250873,0.52054906
BiLSTM+Attention,test,77.728762_13.087869,2024-06-01,0.48886752,0.4964859
BiLSTM+Attention,test,77.728762_13.092361,2024-06-01,0.45076057,0.46000212
BiLSTM+Attention,test,77.733253_12.755492,2024-06-01,0.60076153,0.55125666
BiLSTM+Attention,test,77.733253_12.795916,2024-06-01,0.6027568,0.5476323
BiLSTM+Attention,test,77.733253_12.86329,2024-06-01,0.6488433,0.5993473
BiLSTM+Attention,test,77.733253_12.872273,2024-06-01,0.6324112,0.5817425
BiLSTM+Attention,test,77.733253_12.998037,2024-06-01,0.64685094,0.61885506
BiLSTM+Attention,test,77.733253_13.056428,2024-06-01,0.431889,0.44685316
BiLSTM+Attention,test,77.737745_12.764475,2024-06-01,0.57857853,0.53076565
BiLSTM+Attention,test,77.737745_12.791425,2024-06-01,0.6215151,0.5713402
BiLSTM+Attention,test,77.737745_12.809391,2024-06-01,0.6172678,0.5703763
BiLSTM+Attention,test,77.737745_12.858799,2024-06-01,0.61462784,0.56897986
BiLSTM+Attention,test,77.737745_12.872273,2024-06-01,0.63980675,0.5955267
BiLSTM+Attention,test,77.737745_12.881256,2024-06-01,0.66006863,0.6040911
BiLSTM+Attention,test,77.737745_13.051936,2024-06-01,0.455851,0.4719331
BiLSTM+Attention,test,77.737745_13.06092,2024-06-01,0.4607192,0.4752171
BiLSTM+Attention,test,77.737745_13.078886,2024-06-01,0.48772997,0.4927019
BiLSTM+Attention,test,77.737745_13.101344,2024-06-01,0.41330114,0.423756
BiLSTM+Attention,test,77.742237_12.697102,2024-06-01,0.7330207,0.6682614
BiLSTM+Attention,test,77.742237_12.764475,2024-06-01,0.5933328,0.54294854
BiLSTM+Attention,test,77.742237_12.795916,2024-06-01,0.5879377,0.53749233
BiLSTM+Attention,test,77.742237_12.8049,2024-06-01,0.63073736,0.57641405
BiLSTM+Attention,test,77.742237_12.86329,2024-06-01,0.55465204,0.5155676
BiLSTM+Attention,test,77.742237_12.867782,2024-06-01,0.6447977,0.59527326
BiLSTM+Attention,test,77.742237_12.89024,2024-06-01,0.6456778,0.5970166
BiLSTM+Attention,test,77.742237_12.899223,2024-06-01,0.6262789,0.58406526
BiLSTM+Attention,test,77.742237_12.921681,2024-06-01,0.55871224,0.53142923
BiLSTM+Attention,test,77.742237_12.980071,2024-06-01,0.5977606,0.56276625
BiLSTM+Attention,test,77.742237_13.002529,2024-06-01,0.6144442,0.58731055
BiLSTM+Attention,test,77.742237_13.016004,2024-06-01,0.6175326,0.59080577
BiLSTM+Attention,test,77.742237_13.038462,2024-06-01,0.44696862,0.4509461
BiLSTM+Attention,test,77.742237_13.074394,2024-06-01,0.41094062,0.4303949
BiLSTM+Attention,test,77.742237_13.078886,2024-06-01,0.47366136,0.4823645
BiLSTM+Attention,test,77.742237_13.101344,2024-06-01,0.4354686,0.44244754
BiLSTM+Attention,test,77.746728_12.751001,2024-06-01,0.6214499,0.56622803
BiLSTM+Attention,test,77.746728_12.764475,2024-06-01,0.6126635,0.56277615
BiLSTM+Attention,test,77.746728_12.782442,2024-06-01,0.64809424,0.5834334
BiLSTM+Attention,test,77.746728_12.97558,2024-06-01,0.6182898,0.58351755
BiLSTM+Attention,test,77.746728_12.984563,2024-06-01,0.6084209,0.56629074
BiLSTM+Attention,test,77.746728_13.016004,2024-06-01,0.62962174,0.6037277
BiLSTM+Attention,test,77.746728_13.020495,2024-06-01,0.6580962,0.6288709
BiLSTM+Attention,test,77.746728_13.024987,2024-06-01,0.56755924,0.54262805
BiLSTM+Attention,test,77.746728_13.038462,2024-06-01,0.47546157,0.470232
BiLSTM+Attention,test,77.746728_13.06092,2024-06-01,0.42080998,0.43822145
BiLSTM+Attention,test,77.746728_13.083377,2024-06-01,0.47295853,0.48209557
BiLSTM+Attention,test,77.746728_13.092361,2024-06-01,0.43069094,0.43772528
BiLSTM+Attention,test,77.75122_12.751001,2024-06-01,0.6111694,0.5620404
BiLSTM+Attention,test,77.75122_12.755492,2024-06-01,0.655271,0.59747726
BiLSTM+Attention,test,77.75122_12.768967,2024-06-01,0.5763713,0.53552264
BiLSTM+Attention,test,77.75122_12.77795,2024-06-01,0.6146662,0.5679513
BiLSTM+Attention,test,77.75122_12.894731,2024-06-01,0.56846786,0.52777284
BiLSTM+Attention,test,77.75122_12.993546,2024-06-01,0.54907197,0.5334769
BiLSTM+Attention,test,77.75122_13.020495,2024-06-01,0.5912101,0.5673529
BiLSTM+Attention,test,77.75122_13.03397,2024-06-01,0.4864033,0.48179102
BiLSTM+Attention,test,77.75122_13.038462,2024-06-01,0.45553446,0.44655436
BiLSTM+Attention,test,77.755711_12.706085,2024-06-01,0.64821184,0.5880938
BiLSTM+Attention,test,77.755711_12.764475,2024-06-01,0.80937755,0.73430586
BiLSTM+Attention,test,77.755711_12.77795,2024-06-01,0.59742486,0.5542346
BiLSTM+Attention,test,77.755711_12.822866,2024-06-01,0.5950801,0.5477269
BiLSTM+Attention,test,77.755711_12.831849,2024-06-01,0.56946343,0.52505046
BiLSTM+Attention,test,77.755711_12.858799,2024-06-01,0.6175535,0.5722754
BiLSTM+Attention,test,77.755711_12.885748,2024-06-01,0.60501164,0.56190974
BiLSTM+Attention,test,77.755711_12.899223,2024-06-01,0.5355059,0.4920426
BiLSTM+Attention,test,77.755711_12.903714,2024-06-01,0.59016126,0.5512938
BiLSTM+Attention,test,77.755711_12.926172,2024-06-01,0.5943965,0.56030756
BiLSTM+Attention,test,77.760203_12.751001,2024-06-01,0.60769624,0.55317605
BiLSTM+Attention,test,77.760203_12.795916,2024-06-01,0.5888608,0.5360725
BiLSTM+Attention,test,77.760203_12.818374,2024-06-01,0.6717154,0.6222632
BiLSTM+Attention,test,77.760203_12.867782,2024-06-01,0.57601285,0.5412327
BiLSTM+Attention,test,77.760203_12.872273,2024-06-01,0.58828735,0.5494038
BiLSTM+Attention,test,77.760203_12.876765,2024-06-01,0.5594435,0.5126188
BiLSTM+Attention,test,77.760203_12.885748,2024-06-01,0.57560265,0.5296675
BiLSTM+Attention,test,77.760203_12.984563,2024-06-01,0.60690314,0.5767176
BiLSTM+Attention,test,77.764695_12.742018,2024-06-01,0.7205041,0.65477914
BiLSTM+Attention,test,77.764695_12.746509,2024-06-01,0.70809954,0.6464696
BiLSTM+Attention,test,77.764695_12.813883,2024-06-01,0.6347937,0.5828363
BiLSTM+Attention,test,77.764695_12.849815,2024-06-01,0.60256577,0.5488201
BiLSTM+Attention,test,77.764695_12.885748,2024-06-01,0.6002667,0.5593736
BiLSTM+Attention,test,77.764695_12.912697,2024-06-01,0.5903024,0.5568919
BiLSTM+Attention,test,77.764695_13.03397,2024-06-01,0.43447706,0.43579835
BiLSTM+Attention,test,77.769186_12.751001,2024-06-01,0.73078716,0.662455
BiLSTM+Attention,test,77.769186_12.791425,2024-06-01,0.5785228,0.5348741
BiLSTM+Attention,test,77.769186_12.800408,2024-06-01,0.63116825,0.56812364
BiLSTM+Attention,test,77.769186_12.8049,2024-06-01,0.66396284,0.6002261
BiLSTM+Attention,test,77.769186_12.809391,2024-06-01,0.6002865,0.54543287
BiLSTM+Attention,test,77.769186_12.876765,2024-06-01,0.61851513,0.5710575
BiLSTM+Attention,test,77.769186_12.894731,2024-06-01,0.5808407,0.5304966
BiLSTM+Attention,test,77.769186_13.016004,2024-06-01,0.54464126,0.5231173
BiLSTM+Attention,test,77.773678_12.746509,2024-06-01,0.72440815,0.66185564
BiLSTM+Attention,test,77.773678_12.858799,2024-06-01,0.56046855,0.51828337
BiLSTM+Attention,test,77.773678_12.885748,2024-06-01,0.5715399,0.52446246
BiLSTM+Attention,test,77.773678_12.899223,2024-06-01,0.5478864,0.51037854
BiLSTM+Attention,test,77.773678_12.908206,2024-06-01,0.58562946,0.5476606
BiLSTM+Attention,test,77.778169_12.809391,2024-06-01,0.56257427,0.5108717
BiLSTM+Attention,test,77.778169_12.885748,2024-06-01,0.59012735,0.5500656
BiLSTM+Attention,test,77.782661_12.786933,2024-06-01,0.580558,0.5363879
BiLSTM+Attention,test,77.782661_12.791425,2024-06-01,0.60855573,0.56049013
BiLSTM+Attention,test,77.782661_12.89024,2024-06-01,0.5830532,0.54396814
BiLSTM+Attention,test,77.787152_12.786933,2024-06-01,0.5944078,0.5505594
BiLSTM+Attention,test,77.787152_12.849815,2024-06-01,0.56258917,0.5286072
BiLSTM+Attention,test,77.787152_12.867782,2024-06-01,0.57298046,0.53233445
BiLSTM+Attention,test,77.791644_12.8049,2024-06-01,0.59397006,0.5439178
BiLSTM+Attention,test,77.791644_12.899223,2024-06-01,0.5717892,0.5349066
BiLSTM+Attention,test,77.796136_12.854307,2024-06-01,0.56109023,0.52139974
BiLSTM+Attention,test,77.796136_12.885748,2024-06-01,0.6239016,0.5857464
BiLSTM+Attention,test,77.800627_12.876765,2024-06-01,0.61675656,0.58005786
BiLSTM+Attention,test,77.800627_12.885748,2024-06-01,0.58417135,0.54746145
BiLSTM+Attention,test,77.805119_12.876765,2024-06-01,0.62414575,0.5846169
BiLSTM+Attention,test,77.805119_12.89024,2024-06-01,0.6132581,0.57712233
BiLSTM+Attention,test,77.80961_12.858799,2024-06-01,0.62934864,0.5854399
BiLSTM+Attention,test,77.80961_12.86329,2024-06-01,0.6077703,0.5642822
BiLSTM+Attention,test,77.329012_12.944139,2024-07-01,0.5585382,0.550534
BiLSTM+Attention,test,77.329012_12.962105,2024-07-01,0.7186689,0.6912196
BiLSTM+Attention,test,77.337995_12.921681,2024-07-01,0.6682449,0.6548976
BiLSTM+Attention,test,77.342486_12.926172,2024-07-01,0.71417874,0.66785616
BiLSTM+Attention,test,77.342486_12.935155,2024-07-01,0.73823994,0.7021184
BiLSTM+Attention,test,77.342486_12.944139,2024-07-01,0.70666045,0.67928267
BiLSTM+Attention,test,77.346978_12.86329,2024-07-01,0.6056805,0.5979161
BiLSTM+Attention,test,77.346978_12.962105,2024-07-01,0.555446,0.55247915
BiLSTM+Attention,test,77.351469_12.89024,2024-07-01,0.548699,0.5717454
BiLSTM+Attention,test,77.351469_12.930664,2024-07-01,0.70633847,0.71934044
BiLSTM+Attention,test,77.351469_12.939647,2024-07-01,0.7121877,0.68873954
BiLSTM+Attention,test,77.355961_12.899223,2024-07-01,0.5635688,0.5835388
BiLSTM+Attention,test,77.355961_12.94863,2024-07-01,0.497934,0.53381306
BiLSTM+Attention,test,77.355961_12.962105,2024-07-01,0.7288086,0.704863
BiLSTM+Attention,test,77.360453_12.867782,2024-07-01,0.4954206,0.50098443
BiLSTM+Attention,test,77.360453_12.908206,2024-07-01,0.5840332,0.59979826
BiLSTM+Attention,test,77.360453_12.926172,2024-07-01,0.702365,0.7088132
BiLSTM+Attention,test,77.364944_12.854307,2024-07-01,0.5239509,0.53616333
BiLSTM+Attention,test,77.364944_12.962105,2024-07-01,0.5226999,0.51940745
BiLSTM+Attention,test,77.369436_12.881256,2024-07-01,0.53637785,0.5407929
BiLSTM+Attention,test,77.369436_12.89024,2024-07-01,0.5341096,0.52865505
BiLSTM+Attention,test,77.369436_12.935155,2024-07-01,0.4853005,0.4838329
BiLSTM+Attention,test,77.369436_12.998037,2024-07-01,0.53238994,0.5258675
BiLSTM+Attention,test,77.369436_13.007021,2024-07-01,0.57735527,0.56293285
BiLSTM+Attention,test,77.373927_12.912697,2024-07-01,0.60046357,0.6183416
BiLSTM+Attention,test,77.373927_12.971088,2024-07-01,0.5161573,0.50307137
BiLSTM+Attention,test,77.373927_13.011512,2024-07-01,0.5283481,0.5250807
BiLSTM+Attention,test,77.373927_13.016004,2024-07-01,0.5126481,0.51248014
BiLSTM+Attention,test,77.378419_12.966596,2024-07-01,0.48097938,0.48001385
BiLSTM+Attention,test,77.382911_12.894731,2024-07-01,0.57757354,0.56736434
BiLSTM+Attention,test,77.382911_12.953122,2024-07-01,0.54071844,0.53028244
BiLSTM+Attention,test,77.382911_12.957613,2024-07-01,0.53534734,0.5263424
BiLSTM+Attention,test,77.387402_12.962105,2024-07-01,0.5261903,0.51217806
BiLSTM+Attention,test,77.387402_12.97558,2024-07-01,0.524333,0.5196837
BiLSTM+Attention,test,77.387402_12.980071,2024-07-01,0.5268536,0.5265435
BiLSTM+Attention,test,77.391894_12.867782,2024-07-01,0.5455288,0.57611215
BiLSTM+Attention,test,77.391894_12.881256,2024-07-01,0.5440683,0.53558195
BiLSTM+Attention,test,77.391894_12.885748,2024-07-01,0.5762313,0.5632881
BiLSTM+Attention,test,77.396385_12.894731,2024-07-01,0.5792526,0.5659603
BiLSTM+Attention,test,77.396385_12.908206,2024-07-01,0.53763425,0.52484196
BiLSTM+Attention,test,77.396385_12.944139,2024-07-01,0.5809348,0.56709766
BiLSTM+Attention,test,77.396385_12.971088,2024-07-01,0.49702924,0.49766183
BiLSTM+Attention,test,77.396385_12.97558,2024-07-01,0.4704158,0.4764443
BiLSTM+Attention,test,77.396385_13.029478,2024-07-01,0.41698965,0.4138878
BiLSTM+Attention,test,77.400877_12.957613,2024-07-01,0.54089653,0.53433806
BiLSTM+Attention,test,77.400877_12.966596,2024-07-01,0.4938809,0.49775982
BiLSTM+Attention,test,77.400877_13.029478,2024-07-01,0.40465036,0.40327904
BiLSTM+Attention,test,77.405368_12.881256,2024-07-01,0.47319573,0.50227547
BiLSTM+Attention,test,77.405368_12.89024,2024-07-01,0.49605876,0.5160249
BiLSTM+Attention,test,77.405368_12.903714,2024-07-01,0.50098366,0.49382293
BiLSTM+Attention,test,77.405368_12.930664,2024-07-01,0.5895477,0.60772943
BiLSTM+Attention,test,77.405368_12.998037,2024-07-01,0.51187354,0.51316637
BiLSTM+Attention,test,77.405368_13.105835,2024-07-01,0.44037783,0.4309706
BiLSTM+Attention,test,77.405368_13.11931,2024-07-01,0.40273649,0.39725414
BiLSTM+Attention,test,77.40986_12.872273,2024-07-01,0.43862194,0.46365798
BiLSTM+Attention,test,77.40986_12.881256,2024-07-01,0.44065893,0.46729434
BiLSTM+Attention,test,77.40986_12.962105,2024-07-01,0.55018145,0.55829597
BiLSTM+Attention,test,77.414352_12.930664,2024-07-01,0.56649894,0.5544173
BiLSTM+Attention,test,77.414352_12.989054,2024-07-01,0.48409256,0.4846468
BiLSTM+Attention,test,77.414352_12.993546,2024-07-01,0.49174824,0.48510793
BiLSTM+Attention,test,77.414352_13.03397,2024-07-01,0.46182027,0.45701277
BiLSTM+Attention,test,77.414352_13.096852,2024-07-01,0.4293144,0.42505503
BiLSTM+Attention,test,77.414352_13.11931,2024-07-01,0.42199633,0.4170783
BiLSTM+Attention,test,77.418843_12.876765,2024-07-01,0.4542689,0.4703697
BiLSTM+Attention,test,77.418843_12.89024,2024-07-01,0.48246148,0.4995553
BiLSTM+Attention,test,77.418843_12.94863,2024-07-01,0.5472037,0.5502029
BiLSTM+Attention,test,77.418843_12.971088,2024-07-01,0.5099799,0.5152745
BiLSTM+Attention,test,77.418843_12.993546,2024-07-01,0.5200394,0.51584303
BiLSTM+Attention,test,77.418843_13.016004,2024-07-01,0.48593566,0.48085627
BiLSTM+Attention,test,77.418843_13.024987,2024-07-01,0.47706735,0.47865143
BiLSTM+Attention,test,77.418843_13.029478,2024-07-01,0.47659832,0.47619623
BiLSTM+Attention,test,77.418843_13.146259,2024-07-01,0.38720405,0.3949269
BiLSTM+Attention,test,77.423335_12.876765,2024-07-01,0.45604715,0.47910777
BiLSTM+Attention,test,77.423335_12.921681,2024-07-01,0.5703174,0.56146264
BiLSTM+Attention,test,77.423335_12.930664,2024-07-01,0.52243847,0.54902405
BiLSTM+Attention,test,77.423335_13.002529,2024-07-01,0.57046425,0.54846716
BiLSTM+Attention,test,77.423335_13.092361,2024-07-01,0.36373466,0.36588815
BiLSTM+Attention,test,77.423335_13.141768,2024-07-01,0.4328232,0.45604038
BiLSTM+Attention,test,77.423335_13.150751,2024-07-01,0.39595947,0.40065068
BiLSTM+Attention,test,77.427826_12.845324,2024-07-01,0.39803103,0.426997
BiLSTM+Attention,test,77.427826_12.858799,2024-07-01,0.45074767,0.46904162
BiLSTM+Attention,test,77.427826_12.930664,2024-07-01,0.52992415,0.5543604
BiLSTM+Attention,test,77.427826_12.939647,2024-07-01,0.49914965,0.5075468
BiLSTM+Attention,test,77.427826_12.944139,2024-07-01,0.5125326,0.5261193
BiLSTM+Attention,test,77.427826_13.020495,2024-07-01,0.4876032,0.486063
BiLSTM+Attention,test,77.427826_13.024987,2024-07-01,0.47849202,0.4750889
BiLSTM+Attention,test,77.427826_13.110327,2024-07-01,0.4436994,0.44330138
BiLSTM+Attention,test,77.427826_13.132785,2024-07-01,0.49892378,0.49861526
BiLSTM+Attention,test,77.432318_12.858799,2024-07-01,0.46534064,0.4880007
BiLSTM+Attention,test,77.432318_12.86329,2024-07-01,0.47146222,0.48914552
BiLSTM+Attention,test,77.432318_12.867782,2024-07-01,0.46312007,0.48176682
BiLSTM+Attention,test,77.432318_12.881256,2024-07-01,0.5058489,0.52347213
BiLSTM+Attention,test,77.432318_12.885748,2024-07-01,0.59593314,0.60107386
BiLSTM+Attention,test,77.432318_12.957613,2024-07-01,0.5078081,0.50785595
BiLSTM+Attention,test,77.432318_12.998037,2024-07-01,0.43889838,0.44517696
BiLSTM+Attention,test,77.432318_13.087869,2024-07-01,0.43878582,0.44372872
BiLSTM+Attention,test,77.432318_13.092361,2024-07-01,0.39516056,0.40504622
BiLSTM+Attention,test,77.436809_12.818374,2024-07-01,0.6148526,0.6014104
BiLSTM+Attention,test,77.436809_12.840832,2024-07-01,0.51276135,0.5280642
BiLSTM+Attention,test,77.436809_12.854307,2024-07-01,0.47895738,0.50600106
BiLSTM+Attention,test,77.436809_12.912697,2024-07-01,0.6207083,0.6039541
BiLSTM+Attention,test,77.436809_12.926172,2024-07-01,0.55363727,0.55400085
BiLSTM+Attention,test,77.436809_12.944139,2024-07-01,0.5285715,0.5329345
BiLSTM+Attention,test,77.436809_13.03397,2024-07-01,0.46154845,0.46436003
BiLSTM+Attention,test,77.441301_12.818374,2024-07-01,0.60418236,0.6026515
BiLSTM+Attention,test,77.441301_12.831849,2024-07-01,0.4975265,0.5175836
BiLSTM+Attention,test,77.441301_12.836341,2024-07-01,0.5264352,0.5405353
BiLSTM+Attention,test,77.441301_12.840832,2024-07-01,0.4997509,0.51074445
BiLSTM+Attention,test,77.441301_12.944139,2024-07-01,0.56593186,0.55318755
BiLSTM+Attention,test,77.441301_12.94863,2024-07-01,0.51993924,0.51365435
BiLSTM+Attention,test,77.441301_13.056428,2024-07-01,0.43827567,0.44875795
BiLSTM+Attention,test,77.441301_13.069903,2024-07-01,0.45503002,0.459955
BiLSTM+Attention,test,77.441301_13.083377,2024-07-01,0.44450015,0.45468667
BiLSTM+Attention,test,77.441301_13.110327,2024-07-01,0.43360668,0.4325211
BiLSTM+Attention,test,77.445793_12.840832,2024-07-01,0.57241064,0.5771365
BiLSTM+Attention,test,77.445793_12.86329,2024-07-01,0.5878652,0.60004824
BiLSTM+Attention,test,77.445793_12.867782,2024-07-01,0.56708884,0.5834141
BiLSTM+Attention,test,77.445793_12.912697,2024-07-01,0.526623,0.5278208
BiLSTM+Attention,test,77.445793_12.957613,2024-07-01,0.50844616,0.5063668
BiLSTM+Attention,test,77.445793_12.984563,2024-07-01,0.5264299,0.502964
BiLSTM+Attention,test,77.450284_12.809391,2024-07-01,0.5899657,0.572575
BiLSTM+Attention,test,77.450284_12.872273,2024-07-01,0.56658727,0.58122265
BiLSTM+Attention,test,77.450284_12.89024,2024-07-01,0.5447281,0.5868346
BiLSTM+Attention,test,77.450284_12.971088,2024-07-01,0.4959288,0.49676841
BiLSTM+Attention,test,77.450284_12.993546,2024-07-01,0.40772527,0.4074443
BiLSTM+Attention,test,77.450284_13.029478,2024-07-01,0.4489744,0.44802022
BiLSTM+Attention,test,77.450284_13.047445,2024-07-01,0.461518,0.46520168
BiLSTM+Attention,test,77.450284_13.146259,2024-07-01,0.5082304,0.51107204
BiLSTM+Attention,test,77.454776_12.809391,2024-07-01,0.5253467,0.54672295
BiLSTM+Attention,test,77.454776_12.885748,2024-07-01,0.5484975,0.58071107
BiLSTM+Attention,test,77.454776_12.980071,2024-07-01,0.4391872,0.45350182
BiLSTM+Attention,test,77.454776_12.993546,2024-07-01,0.4335963,0.43139082
BiLSTM+Attention,test,77.454776_13.078886,2024-07-01,0.4603027,0.45158368
BiLSTM+Attention,test,77.454776_13.087869,2024-07-01,0.41424146,0.4265087
BiLSTM+Attention,test,77.454776_13.114818,2024-07-01,0.5002699,0.50544107
BiLSTM+Attention,test,77.454776_13.141768,2024-07-01,0.51161474,0.52135223
BiLSTM+Attention,test,77.459267_12.8049,2024-07-01,0.5943096,0.60536087
BiLSTM+Attention,test,77.459267_12.822866,2024-07-01,0.5874637,0.5710014
BiLSTM+Attention,test,77.459267_12.845324,2024-07-01,0.56033784,0.5714319
BiLSTM+Attention,test,77.459267_12.872273,2024-07-01,0.5715622,0.55960405
BiLSTM+Attention,test,77.459267_12.903714,2024-07-01,0.52493316,0.5216606
BiLSTM+Attention,test,77.459267_12.926172,2024-07-01,0.5478894,0.5484797
BiLSTM+Attention,test,77.459267_12.97558,2024-07-01,0.45391747,0.4699583
BiLSTM+Attention,test,77.459267_13.016004,2024-07-01,0.41192612,0.42161912
BiLSTM+Attention,test,77.459267_13.020495,2024-07-01,0.41791677,0.4175648
BiLSTM+Attention,test,77.459267_13.11931,2024-07-01,0.49164557,0.4994946
BiLSTM+Attention,test,77.463759_12.813883,2024-07-01,0.5055749,0.52695614
BiLSTM+Attention,test,77.463759_12.836341,2024-07-01,0.5573337,0.5702881
BiLSTM+Attention,test,77.463759_12.86329,2024-07-01,0.57422966,0.59453785
BiLSTM+Attention,test,77.463759_12.867782,2024-07-01,0.5791541,0.58045036
BiLSTM+Attention,test,77.463759_12.872273,2024-07-01,0.554935,0.55591047
BiLSTM+Attention,test,77.463759_12.881256,2024-07-01,0.6175419,0.60676026
BiLSTM+Attention,test,77.463759_12.885748,2024-07-01,0.61039746,0.5965265
BiLSTM+Attention,test,77.463759_12.894731,2024-07-01,0.55000585,0.56447136
BiLSTM+Attention,test,77.463759_12.899223,2024-07-01,0.5526131,0.55695844
BiLSTM+Attention,test,77.463759_12.917189,2024-07-01,0.49627253,0.51259756
BiLSTM+Attention,test,77.463759_12.953122,2024-07-01,0.75087166,0.7407839
BiLSTM+Attention,test,77.463759_13.03397,2024-07-01,0.41682687,0.41161495
BiLSTM+Attention,test,77.463759_13.078886,2024-07-01,0.52877134,0.5106362
BiLSTM+Attention,test,77.46825_12.827358,2024-07-01,0.46991968,0.4899643
BiLSTM+Attention,test,77.46825_12.836341,2024-07-01,0.5647229,0.5778821
BiLSTM+Attention,test,77.46825_12.894731,2024-07-01,0.5301478,0.54242426
BiLSTM+Attention,test,77.46825_12.94863,2024-07-01,0.59926593,0.57728803
BiLSTM+Attention,test,77.46825_12.953122,2024-07-01,0.52593094,0.5245972
BiLSTM+Attention,test,77.46825_12.966596,2024-07-01,0.51274836,0.51530904
BiLSTM+Attention,test,77.46825_13.007021,2024-07-01,0.4245771,0.42417133
BiLSTM+Attention,test,77.46825_13.020495,2024-07-01,0.50204724,0.4814067
BiLSTM+Attention,test,77.46825_13.114818,2024-07-01,0.5412145,0.53563
BiLSTM+Attention,test,77.46825_13.150751,2024-07-01,0.45185798,0.45944023
BiLSTM+Attention,test,77.46825_13.1777,2024-07-01,0.5368319,0.54183435
BiLSTM+Attention,test,77.472742_12.746509,2024-07-01,0.66154504,0.62448394
BiLSTM+Attention,test,77.472742_12.751001,2024-07-01,0.6153542,0.5815242
BiLSTM+Attention,test,77.472742_12.755492,2024-07-01,0.6323668,0.6039555
BiLSTM+Attention,test,77.472742_12.795916,2024-07-01,0.53934795,0.55674076
BiLSTM+Attention,test,77.472742_12.836341,2024-07-01,0.5547818,0.5691803
BiLSTM+Attention,test,77.472742_12.984563,2024-07-01,0.474656,0.4598314
BiLSTM+Attention,test,77.472742_13.087869,2024-07-01,0.47318834,0.48272473
BiLSTM+Attention,test,77.477234_12.764475,2024-07-01,0.6267219,0.5959826
BiLSTM+Attention,test,77.477234_12.782442,2024-07-01,0.56253946,0.55099475
BiLSTM+Attention,test,77.477234_12.840832,2024-07-01,0.556533,0.5777664
BiLSTM+Attention,test,77.477234_12.899223,2024-07-01,0.49044114,0.4942904
BiLSTM+Attention,test,77.477234_12.935155,2024-07-01,0.6170219,0.59714293
BiLSTM+Attention,test,77.477234_12.944139,2024-07-01,0.5558531,0.53308415
BiLSTM+Attention,test,77.477234_12.94863,2024-07-01,0.5666953,0.53792495
BiLSTM+Attention,test,77.477234_12.971088,2024-07-01,0.5254172,0.51988983
BiLSTM+Attention,test,77.477234_13.002529,2024-07-01,0.420138,0.42495006
BiLSTM+Attention,test,77.477234_13.056428,2024-07-01,0.4722581,0.4701173
BiLSTM+Attention,test,77.481725_12.737526,2024-07-01,0.63186425,0.60790646
BiLSTM+Attention,test,77.481725_12.768967,2024-07-01,0.62166095,0.59737957
BiLSTM+Attention,test,77.481725_12.831849,2024-07-01,0.4985237,0.52308506
BiLSTM+Attention,test,77.481725_12.89024,2024-07-01,0.5697099,0.5751083
BiLSTM+Attention,test,77.481725_12.894731,2024-07-01,0.53688216,0.53705525
BiLSTM+Attention,test,77.481725_12.944139,2024-07-01,0.5686374,0.5441044
BiLSTM+Attention,test,77.481725_12.971088,2024-07-01,0.4502108,0.4504912
BiLSTM+Attention,test,77.481725_12.980071,2024-07-01,0.50490224,0.4849442
BiLSTM+Attention,test,77.481725_13.024987,2024-07-01,0.4709974,0.4634903
BiLSTM+Attention,test,77.481725_13.03397,2024-07-01,0.46050444,0.4399264
BiLSTM+Attention,test,77.481725_13.096852,2024-07-01,0.5565207,0.5506899
BiLSTM+Attention,test,77.481725_13.137276,2024-07-01,0.640615,0.61214954
BiLSTM+Attention,test,77.486217_12.764475,2024-07-01,0.6165634,0.5918616
BiLSTM+Attention,test,77.486217_12.872273,2024-07-01,0.5263528,0.5331455
BiLSTM+Attention,test,77.486217_12.939647,2024-07-01,0.57535934,0.5684815
BiLSTM+Attention,test,77.486217_12.998037,2024-07-01,0.46756637,0.46520677
BiLSTM+Attention,test,77.486217_13.042953,2024-07-01,0.5310971,0.4989646
BiLSTM+Attention,test,77.486217_13.06092,2024-07-01,0.5368978,0.52178127
BiLSTM+Attention,test,77.486217_13.114818,2024-07-01,0.48167896,0.4803841
BiLSTM+Attention,test,77.486217_13.11931,2024-07-01,0.49895385,0.49584642
BiLSTM+Attention,test,77.490708_12.768967,2024-07-01,0.60831773,0.58643377
BiLSTM+Attention,test,77.490708_12.8049,2024-07-01,0.5568005,0.5675629
BiLSTM+Attention,test,77.490708_12.849815,2024-07-01,0.59673357,0.5721414
BiLSTM+Attention,test,77.490708_12.89024,2024-07-01,0.5287571,0.5387659
BiLSTM+Attention,test,77.490708_13.051936,2024-07-01,0.5977463,0.555162
BiLSTM+Attention,test,77.490708_13.087869,2024-07-01,0.5387875,0.53263867
BiLSTM+Attention,test,77.490708_13.092361,2024-07-01,0.5342656,0.5295729
BiLSTM+Attention,test,77.490708_13.096852,2024-07-01,0.56433934,0.54355705
BiLSTM+Attention,test,77.490708_13.182192,2024-07-01,0.57532126,0.57532257
BiLSTM+Attention,test,77.490708_13.209142,2024-07-01,0.5303256,0.52945787
BiLSTM+Attention,test,77.4952_12.786933,2024-07-01,0.5686234,0.55108696
BiLSTM+Attention,test,77.4952_12.836341,2024-07-01,0.55315596,0.5487569
BiLSTM+Attention,test,77.4952_12.899223,2024-07-01,0.5759997,0.56881535
BiLSTM+Attention,test,77.4952_12.962105,2024-07-01,0.5594898,0.5426987
BiLSTM+Attention,test,77.4952_13.020495,2024-07-01,0.52586204,0.5026032
BiLSTM+Attention,test,77.4952_13.024987,2024-07-01,0.51548636,0.4810058
BiLSTM+Attention,test,77.4952_13.03397,2024-07-01,0.5687102,0.5344355
BiLSTM+Attention,test,77.4952_13.087869,2024-07-01,0.5130507,0.50241333
BiLSTM+Attention,test,77.4952_13.092361,2024-07-01,0.5394994,0.5196758
BiLSTM+Attention,test,77.4952_13.182192,2024-07-01,0.57487625,0.56344765
BiLSTM+Attention,test,77.499692_12.755492,2024-07-01,0.67419934,0.64587283
BiLSTM+Attention,test,77.499692_12.858799,2024-07-01,0.6442246,0.63612795
BiLSTM+Attention,test,77.499692_12.899223,2024-07-01,0.5350447,0.5534484
BiLSTM+Attention,test,77.499692_12.984563,2024-07-01,0.5097216,0.5119004
BiLSTM+Attention,test,77.499692_13.114818,2024-07-01,0.5008423,0.4876967
BiLSTM+Attention,test,77.499692_13.137276,2024-07-01,0.49375996,0.48418593
BiLSTM+Attention,test,77.499692_13.168717,2024-07-01,0.6237212,0.59295434
BiLSTM+Attention,test,77.504183_12.764475,2024-07-01,0.67923784,0.661979
BiLSTM+Attention,test,77.504183_12.786933,2024-07-01,0.63667023,0.6171199
BiLSTM+Attention,test,77.504183_12.818374,2024-07-01,0.5938255,0.5863509
BiLSTM+Attention,test,77.504183_12.854307,2024-07-01,0.5861622,0.5837865
BiLSTM+Attention,test,77.504183_12.858799,2024-07-01,0.6429883,0.6353581
BiLSTM+Attention,test,77.504183_12.953122,2024-07-01,0.54787356,0.53252804
BiLSTM+Attention,test,77.504183_13.083377,2024-07-01,0.5712427,0.55324966
BiLSTM+Attention,test,77.504183_13.141768,2024-07-01,0.57092744,0.55227387
BiLSTM+Attention,test,77.504183_13.159734,2024-07-01,0.6543768,0.63292956
BiLSTM+Attention,test,77.504183_13.195667,2024-07-01,0.5075349,0.5145878
BiLSTM+Attention,test,77.508675_12.751001,2024-07-01,0.67908245,0.66073215
BiLSTM+Attention,test,77.508675_12.795916,2024-07-01,0.66404444,0.6441706
BiLSTM+Attention,test,77.508675_12.831849,2024-07-01,0.5941886,0.5751069
BiLSTM+Attention,test,77.508675_12.836341,2024-07-01,0.6193842,0.6058803
BiLSTM+Attention,test,77.508675_12.845324,2024-07-01,0.5838854,0.5595117
BiLSTM+Attention,test,77.508675_12.903714,2024-07-01,0.5006183,0.5025942
BiLSTM+Attention,test,77.508675_12.912697,2024-07-01,0.54294235,0.53455776
BiLSTM+Attention,test,77.508675_12.917189,2024-07-01,0.61822987,0.60362923
BiLSTM+Attention,test,77.508675_13.114818,2024-07-01,0.46205607,0.44305733
BiLSTM+Attention,test,77.508675_13.137276,2024-07-01,0.52025163,0.51058626
BiLSTM+Attention,test,77.508675_13.159734,2024-07-01,0.6398945,0.6108701
BiLSTM+Attention,test,77.508675_13.191175,2024-07-01,0.53179556,0.5255846
BiLSTM+Attention,test,77.513166_12.746509,2024-07-01,0.7759705,0.77383876
BiLSTM+Attention,test,77.513166_12.764475,2024-07-01,0.6422289,0.6161603
BiLSTM+Attention,test,77.513166_12.77795,2024-07-01,0.7353238,0.69979995
BiLSTM+Attention,test,77.513166_12.822866,2024-07-01,0.6662487,0.6533446
BiLSTM+Attention,test,77.513166_12.908206,2024-07-01,0.5023007,0.5096413
BiLSTM+Attention,test,77.513166_13.087869,2024-07-01,0.56603307,0.54651475
BiLSTM+Attention,test,77.513166_13.096852,2024-07-01,0.6298987,0.6082964
BiLSTM+Attention,test,77.513166_13.137276,2024-07-01,0.47950047,0.47084972
BiLSTM+Attention,test,77.513166_13.1777,2024-07-01,0.5520905,0.5499655
BiLSTM+Attention,test,77.517658_12.764475,2024-07-01,0.6562249,0.6662433
BiLSTM+Attention,test,77.517658_12.77795,2024-07-01,0.71069324,0.6813701
BiLSTM+Attention,test,77.517658_12.782442,2024-07-01,0.7022682,0.68074083
BiLSTM+Attention,test,77.517658_12.795916,2024-07-01,0.6723961,0.651741
BiLSTM+Attention,test,77.517658_12.827358,2024-07-01,0.5935534,0.5739013
BiLSTM+Attention,test,77.517658_12.849815,2024-07-01,0.5884633,0.5682323
BiLSTM+Attention,test,77.517658_12.885748,2024-07-01,0.5630756,0.56562173
BiLSTM+Attention,test,77.517658_12.89024,2024-07-01,0.5545935,0.5687099
BiLSTM+Attention,test,77.517658_12.899223,2024-07-01,0.5473077,0.5638291
BiLSTM+Attention,test,77.517658_12.998037,2024-07-01,0.58465695,0.5678779
BiLSTM+Attention,test,77.517658_13.11931,2024-07-01,0.42397612,0.42070848
BiLSTM+Attention,test,77.517658_13.182192,2024-07-01,0.5611408,0.5535361
BiLSTM+Attention,test,77.517658_13.186684,2024-07-01,0.5644131,0.55972886
BiLSTM+Attention,test,77.517658_13.191175,2024-07-01,0.5080546,0.5096812
BiLSTM+Attention,test,77.522149_12.751001,2024-07-01,0.68868136,0.6887872
BiLSTM+Attention,test,77.522149_12.755492,2024-07-01,0.66472924,0.67870414
BiLSTM+Attention,test,77.522149_12.759984,2024-07-01,0.6975707,0.70544565
BiLSTM+Attention,test,77.522149_12.782442,2024-07-01,0.7237907,0.6967572
BiLSTM+Attention,test,77.522149_12.809391,2024-07-01,0.7793497,0.74888724
BiLSTM+Attention,test,77.522149_12.813883,2024-07-01,0.59410954,0.5779902
BiLSTM+Attention,test,77.522149_12.818374,2024-07-01,0.57225186,0.55920357
BiLSTM+Attention,test,77.522149_12.836341,2024-07-01,0.5835441,0.57452416
BiLSTM+Attention,test,77.522149_12.845324,2024-07-01,0.5994458,0.5863117
BiLSTM+Attention,test,77.522149_13.056428,2024-07-01,0.5920895,0.5520721
BiLSTM+Attention,test,77.522149_13.078886,2024-07-01,0.56668097,0.53419715
BiLSTM+Attention,test,77.522149_13.146259,2024-07-01,0.43765545,0.44195083
BiLSTM+Attention,test,77.522149_13.200158,2024-07-01,0.54431736,0.5428545
BiLSTM+Attention,test,77.526641_12.751001,2024-07-01,0.70068085,0.71337664
BiLSTM+Attention,test,77.526641_12.840832,2024-07-01,0.65382785,0.6366072
BiLSTM+Attention,test,77.526641_12.89024,2024-07-01,0.62021786,0.605183
BiLSTM+Attention,test,77.526641_12.899223,2024-07-01,0.5918592,0.56801987
BiLSTM+Attention,test,77.526641_13.078886,2024-07-01,0.58054787,0.5421623
BiLSTM+Attention,test,77.526641_13.105835,2024-07-01,0.4356958,0.4257697
BiLSTM+Attention,test,77.526641_13.110327,2024-07-01,0.43162617,0.42312106
BiLSTM+Attention,test,77.531133_12.791425,2024-07-01,0.6197167,0.6043893
BiLSTM+Attention,test,77.531133_12.795916,2024-07-01,0.65914834,0.6474192
BiLSTM+Attention,test,77.531133_12.800408,2024-07-01,0.63485074,0.6197225
BiLSTM+Attention,test,77.531133_12.822866,2024-07-01,0.6010546,0.58577204
BiLSTM+Attention,test,77.531133_12.827358,2024-07-01,0.6138702,0.59777236
BiLSTM+Attention,test,77.531133_12.894731,2024-07-01,0.5441434,0.5210059
BiLSTM+Attention,test,77.531133_13.083377,2024-07-01,0.5454975,0.5243729
BiLSTM+Attention,test,77.531133_13.114818,2024-07-01,0.44332826,0.44649464
BiLSTM+Attention,test,77.531133_13.195667,2024-07-01,0.5590596,0.55574805
BiLSTM+Attention,test,77.535624_12.77795,2024-07-01,0.73857576,0.750509
BiLSTM+Attention,test,77.535624_12.822866,2024-07-01,0.70402694,0.6859026
BiLSTM+Attention,test,77.535624_12.872273,2024-07-01,0.50900704,0.48262233
BiLSTM+Attention,test,77.535624_12.899223,2024-07-01,0.5251066,0.50075924
BiLSTM+Attention,test,77.535624_13.069903,2024-07-01,0.6529218,0.6166948
BiLSTM+Attention,test,77.535624_13.083377,2024-07-01,0.53810835,0.52304024
BiLSTM+Attention,test,77.535624_13.096852,2024-07-01,0.48261145,0.4647349
BiLSTM+Attention,test,77.535624_13.114818,2024-07-01,0.46901697,0.45557678
BiLSTM+Attention,test,77.535624_13.132785,2024-07-01,0.4942629,0.4799758
BiLSTM+Attention,test,77.535624_13.137276,2024-07-01,0.43652403,0.42514285
BiLSTM+Attention,test,77.535624_13.195667,2024-07-01,0.50114906,0.4794635
BiLSTM+Attention,test,77.540116_12.77795,2024-07-01,0.6567703,0.6500788
BiLSTM+Attention,test,77.540116_12.795916,2024-07-01,0.6791922,0.6694739
BiLSTM+Attention,test,77.540116_13.042953,2024-07-01,0.5783145,0.55484515
BiLSTM+Attention,test,77.540116_13.074394,2024-07-01,0.6001562,0.5642534
BiLSTM+Attention,test,77.540116_13.092361,2024-07-01,0.44060653,0.4220837
BiLSTM+Attention,test,77.540116_13.101344,2024-07-01,0.47050777,0.45304748
BiLSTM+Attention,test,77.540116_13.105835,2024-07-01,0.48021144,0.4744273
BiLSTM+Attention,test,77.540116_13.114818,2024-07-01,0.43549874,0.42667037
BiLSTM+Attention,test,77.540116_13.132785,2024-07-01,0.4794846,0.46768063
BiLSTM+Attention,test,77.540116_13.155243,2024-07-01,0.5057294,0.48259282
BiLSTM+Attention,test,77.540116_13.182192,2024-07-01,0.47203445,0.47792917
BiLSTM+Attention,test,77.544607_12.831849,2024-07-01,0.7617453,0.71247554
BiLSTM+Attention,test,77.544607_13.218125,2024-07-01,0.5498888,0.55730075
BiLSTM+Attention,test,77.549099_12.822866,2024-07-01,0.7819427,0.7350558
BiLSTM+Attention,test,77.549099_12.831849,2024-07-01,0.6949381,0.65673727
BiLSTM+Attention,test,77.549099_12.836341,2024-07-01,0.66715366,0.61267865
BiLSTM+Attention,test,77.549099_12.845324,2024-07-01,0.6574835,0.6130491
BiLSTM+Attention,test,77.549099_12.867782,2024-07-01,0.58385724,0.549595
BiLSTM+Attention,test,77.549099_12.876765,2024-07-01,0.54980963,0.50711846
BiLSTM+Attention,test,77.549099_12.894731,2024-07-01,0.62009424,0.5833802
BiLSTM+Attention,test,77.549099_13.096852,2024-07-01,0.50740635,0.48322672
BiLSTM+Attention,test,77.549099_13.132785,2024-07-01,0.6108108,0.599806
BiLSTM+Attention,test,77.55359_12.71956,2024-07-01,0.80972016,0.76749796
BiLSTM+Attention,test,77.55359_12.782442,2024-07-01,0.7341801,0.6988716
BiLSTM+Attention,test,77.55359_12.849815,2024-07-01,0.6518309,0.6194563
BiLSTM+Attention,test,77.55359_12.872273,2024-07-01,0.5409615,0.5069777
BiLSTM+Attention,test,77.55359_13.069903,2024-07-01,0.7147424,0.67974126
BiLSTM+Attention,test,77.55359_13.101344,2024-07-01,0.46302333,0.44433025
BiLSTM+Attention,test,77.55359_13.110327,2024-07-01,0.5123971,0.51107454
BiLSTM+Attention,test,77.55359_13.128293,2024-07-01,0.5896955,0.5838915
BiLSTM+Attention,test,77.55359_13.168717,2024-07-01,0.5112153,0.509027
BiLSTM+Attention,test,77.55359_13.173209,2024-07-01,0.43444097,0.43053013
BiLSTM+Attention,test,77.558082_12.710577,2024-07-01,0.8383813,0.7853347
BiLSTM+Attention,test,77.558082_12.827358,2024-07-01,0.71250564,0.6796185
BiLSTM+Attention,test,77.558082_12.845324,2024-07-01,0.6910418,0.66110843
BiLSTM+Attention,test,77.558082_13.042953,2024-07-01,0.65596336,0.62719816
BiLSTM+Attention,test,77.558082_13.051936,2024-07-01,0.6861727,0.6437595
BiLSTM+Attention,test,77.558082_13.110327,2024-07-01,0.52059853,0.5180982
BiLSTM+Attention,test,77.558082_13.168717,2024-07-01,0.5305071,0.52235156
BiLSTM+Attention,test,77.558082_13.1777,2024-07-01,0.50654584,0.50184965
BiLSTM+Attention,test,77.562574_12.71956,2024-07-01,0.8119691,0.7664553
BiLSTM+Attention,test,77.562574_12.827358,2024-07-01,0.71989477,0.696933
BiLSTM+Attention,test,77.562574_12.858799,2024-07-01,0.54068995,0.5223561
BiLSTM+Attention,test,77.562574_12.872273,2024-07-01,0.6229744,0.592218
BiLSTM+Attention,test,77.562574_12.876765,2024-07-01,0.65543437,0.6168664
BiLSTM+Attention,test,77.562574_13.141768,2024-07-01,0.5045669,0.50089836
BiLSTM+Attention,test,77.562574_13.159734,2024-07-01,0.5330109,0.5296535
BiLSTM+Attention,test,77.562574_13.173209,2024-07-01,0.5396706,0.530739
BiLSTM+Attention,test,77.567065_12.724051,2024-07-01,0.75851375,0.7143972
BiLSTM+Attention,test,77.567065_12.813883,2024-07-01,0.7106811,0.67873347
BiLSTM+Attention,test,77.567065_12.849815,2024-07-01,0.68702024,0.65723675
BiLSTM+Attention,test,77.567065_13.105835,2024-07-01,0.583167,0.5695811
BiLSTM+Attention,test,77.567065_13.114818,2024-07-01,0.6286159,0.6119441
BiLSTM+Attention,test,77.567065_13.182192,2024-07-01,0.53061426,0.53288954
BiLSTM+Attention,test,77.571557_12.71956,2024-07-01,0.7948959,0.7560915
BiLSTM+Attention,test,77.571557_12.800408,2024-07-01,0.7085978,0.6693018
BiLSTM+Attention,test,77.571557_12.813883,2024-07-01,0.7797333,0.7294967
BiLSTM+Attention,test,77.571557_12.849815,2024-07-01,0.69081146,0.6581845
BiLSTM+Attention,test,77.571557_13.141768,2024-07-01,0.5087331,0.5027628
BiLSTM+Attention,test,77.571557_13.146259,2024-07-01,0.51210797,0.5120773
BiLSTM+Attention,test,77.576048_12.71956,2024-07-01,0.76110905,0.72570896
BiLSTM+Attention,test,77.576048_12.728543,2024-07-01,0.7566845,0.7160632
BiLSTM+Attention,test,77.576048_12.742018,2024-07-01,0.754436,0.69728154
BiLSTM+Attention,test,77.576048_12.813883,2024-07-01,0.79931414,0.742385
BiLSTM+Attention,test,77.576048_12.827358,2024-07-01,0.67654896,0.64733136
BiLSTM+Attention,test,77.58054_12.800408,2024-07-01,0.74779767,0.69809115
BiLSTM+Attention,test,77.58054_12.845324,2024-07-01,0.7005842,0.6480326
BiLSTM+Attention,test,77.58054_13.083377,2024-07-01,0.55228543,0.54263383
BiLSTM+Attention,test,77.58054_13.087869,2024-07-01,0.52628136,0.5123759
BiLSTM+Attention,test,77.585031_12.849815,2024-07-01,0.69061536,0.64660317
BiLSTM+Attention,test,77.585031_13.042953,2024-07-01,0.6844194,0.6533561
BiLSTM+Attention,test,77.585031_13.137276,2024-07-01,0.51017994,0.5179694
BiLSTM+Attention,test,77.589523_12.71956,2024-07-01,0.86798185,0.81234086
BiLSTM+Attention,test,77.589523_12.746509,2024-07-01,0.75501657,0.7070057
BiLSTM+Attention,test,77.589523_12.854307,2024-07-01,0.6383029,0.6060129
BiLSTM+Attention,test,77.589523_12.971088,2024-07-01,0.7514656,0.6956924
BiLSTM+Attention,test,77.589523_13.083377,2024-07-01,0.6360859,0.6155665
BiLSTM+Attention,test,77.589523_13.150751,2024-07-01,0.52126116,0.5165351
BiLSTM+Attention,test,77.594015_12.724051,2024-07-01,0.8446307,0.8007304
BiLSTM+Attention,test,77.594015_12.733034,2024-07-01,0.8153422,0.7771845
BiLSTM+Attention,test,77.594015_12.755492,2024-07-01,0.7177661,0.679538
BiLSTM+Attention,test,77.594015_12.831849,2024-07-01,0.6608365,0.6104995
BiLSTM+Attention,test,77.594015_12.836341,2024-07-01,0.67275476,0.6245667
BiLSTM+Attention,test,77.594015_12.840832,2024-07-01,0.6732791,0.62537
BiLSTM+Attention,test,77.594015_12.849815,2024-07-01,0.66411865,0.6211972
BiLSTM+Attention,test,77.594015_12.998037,2024-07-01,0.74532765,0.6956561
BiLSTM+Attention,test,77.594015_13.087869,2024-07-01,0.62075967,0.60004765
BiLSTM+Attention,test,77.598506_12.665661,2024-07-01,0.847553,0.7812426
BiLSTM+Attention,test,77.598506_12.710577,2024-07-01,0.77565205,0.73574305
BiLSTM+Attention,test,77.598506_12.822866,2024-07-01,0.68566495,0.6367714
BiLSTM+Attention,test,77.598506_12.849815,2024-07-01,0.7040866,0.66699433
BiLSTM+Attention,test,77.598506_13.083377,2024-07-01,0.6101343,0.59368265
BiLSTM+Attention,test,77.598506_13.128293,2024-07-01,0.57162666,0.5721708
BiLSTM+Attention,test,77.598506_13.141768,2024-07-01,0.49100938,0.4938097
BiLSTM+Attention,test,77.598506_13.146259,2024-07-01,0.47097322,0.47473723
BiLSTM+Attention,test,77.602998_12.710577,2024-07-01,0.8125322,0.7613284
BiLSTM+Attention,test,77.602998_12.827358,2024-07-01,0.6014353,0.5600289
BiLSTM+Attention,test,77.602998_12.849815,2024-07-01,0.603909,0.57026196
BiLSTM+Attention,test,77.602998_12.858799,2024-07-01,0.6126923,0.5705856
BiLSTM+Attention,test,77.602998_13.114818,2024-07-01,0.59922624,0.5903259
BiLSTM+Attention,test,77.602998_13.11931,2024-07-01,0.59297156,0.5782192
BiLSTM+Attention,test,77.602998_13.128293,2024-07-01,0.5398679,0.5393388
BiLSTM+Attention,test,77.602998_13.164226,2024-07-01,0.49952438,0.4933975
BiLSTM+Attention,test,77.607489_12.768967,2024-07-01,0.6752745,0.63561344
BiLSTM+Attention,test,77.607489_12.773459,2024-07-01,0.6488048,0.607302
BiLSTM+Attention,test,77.607489_12.791425,2024-07-01,0.63686246,0.5929719
BiLSTM+Attention,test,77.607489_12.809391,2024-07-01,0.7234033,0.6652146
BiLSTM+Attention,test,77.607489_12.818374,2024-07-01,0.7454599,0.69458985
BiLSTM+Attention,test,77.607489_13.087869,2024-07-01,0.70254904,0.69101596
BiLSTM+Attention,test,77.611981_12.674644,2024-07-01,0.8391367,0.7845916
BiLSTM+Attention,test,77.611981_12.768967,2024-07-01,0.63158745,0.5786308
BiLSTM+Attention,test,77.611981_12.831849,2024-07-01,0.6250007,0.59000945
BiLSTM+Attention,test,77.611981_12.867782,2024-07-01,0.579653,0.54752684
BiLSTM+Attention,test,77.611981_12.953122,2024-07-01,0.75017023,0.7151959
BiLSTM+Attention,test,77.611981_13.105835,2024-07-01,0.57125425,0.54897946
BiLSTM+Attention,test,77.611981_13.168717,2024-07-01,0.47011167,0.47786942
BiLSTM+Attention,test,77.611981_13.182192,2024-07-01,0.44310266,0.4438827
BiLSTM+Attention,test,77.616473_12.831849,2024-07-01,0.66627705,0.6273201
BiLSTM+Attention,test,77.616473_12.858799,2024-07-01,0.5907312,0.5620556
BiLSTM+Attention,test,77.616473_13.114818,2024-07-01,0.5922144,0.5813916
BiLSTM+Attention,test,77.616473_13.141768,2024-07-01,0.5181554,0.5073298
BiLSTM+Attention,test,77.616473_13.1777,2024-07-01,0.43603575,0.45079064
BiLSTM+Attention,test,77.620964_12.674644,2024-07-01,0.84613883,0.7940259
BiLSTM+Attention,test,77.620964_12.795916,2024-07-01,0.5855108,0.54016745
BiLSTM+Attention,test,77.620964_12.813883,2024-07-01,0.5767798,0.5371428
BiLSTM+Attention,test,77.620964_12.845324,2024-07-01,0.7101816,0.6598947
BiLSTM+Attention,test,77.620964_12.858799,2024-07-01,0.57196605,0.55185896
BiLSTM+Attention,test,77.620964_13.132785,2024-07-01,0.5753059,0.56140745
BiLSTM+Attention,test,77.625456_12.782442,2024-07-01,0.6146057,0.5759886
BiLSTM+Attention,test,77.625456_12.858799,2024-07-01,0.53745925,0.5255473
BiLSTM+Attention,test,77.625456_13.065411,2024-07-01,0.46919867,0.46751064
BiLSTM+Attention,test,77.625456_13.128293,2024-07-01,0.57903993,0.5644794
BiLSTM+Attention,test,77.625456_13.137276,2024-07-01,0.5137295,0.5140014
BiLSTM+Attention,test,77.625456_13.155243,2024-07-01,0.6281093,0.6073949
BiLSTM+Attention,test,77.625456_13.182192,2024-07-01,0.4705185,0.4711698
BiLSTM+Attention,test,77.629947_12.795916,2024-07-01,0.7940881,0.72298765
BiLSTM+Attention,test,77.629947_12.809391,2024-07-01,0.59916615,0.56505215
BiLSTM+Attention,test,77.629947_12.836341,2024-07-01,0.6501878,0.60863286
BiLSTM+Attention,test,77.629947_12.854307,2024-07-01,0.59948015,0.5753573
BiLSTM+Attention,test,77.629947_12.858799,2024-07-01,0.55953026,0.5477043
BiLSTM+Attention,test,77.629947_13.06092,2024-07-01,0.4924411,0.48505282
BiLSTM+Attention,test,77.629947_13.087869,2024-07-01,0.49274355,0.4864446
BiLSTM+Attention,test,77.629947_13.1777,2024-07-01,0.4978172,0.49994427
BiLSTM+Attention,test,77.634439_12.679136,2024-07-01,0.7909299,0.73153627
BiLSTM+Attention,test,77.634439_12.701593,2024-07-01,0.7374609,0.69265825
BiLSTM+Attention,test,77.634439_12.733034,2024-07-01,0.5899584,0.5549954
BiLSTM+Attention,test,77.634439_12.746509,2024-07-01,0.62388206,0.5845239
BiLSTM+Attention,test,77.634439_12.751001,2024-07-01,0.61994934,0.5811532
BiLSTM+Attention,test,77.634439_12.849815,2024-07-01,0.6047624,0.5684506
BiLSTM+Attention,test,77.634439_13.047445,2024-07-01,0.5528966,0.54312515
BiLSTM+Attention,test,77.634439_13.083377,2024-07-01,0.4549833,0.44179055
BiLSTM+Attention,test,77.634439_13.137276,2024-07-01,0.466527,0.4690494
BiLSTM+Attention,test,77.63893_12.688119,2024-07-01,0.7304263,0.6746825
BiLSTM+Attention,test,77.63893_12.742018,2024-07-01,0.6393315,0.5968398
BiLSTM+Attention,test,77.63893_12.791425,2024-07-01,0.6324427,0.588412
BiLSTM+Attention,test,77.63893_12.800408,2024-07-01,0.5862278,0.55426735
BiLSTM+Attention,test,77.63893_12.818374,2024-07-01,0.598292,0.561547
BiLSTM+Attention,test,77.63893_12.840832,2024-07-01,0.67669255,0.6207604
BiLSTM+Attention,test,77.63893_12.872273,2024-07-01,0.5203831,0.48886994
BiLSTM+Attention,test,77.63893_12.917189,2024-07-01,0.750291,0.70126265
BiLSTM+Attention,test,77.63893_12.989054,2024-07-01,0.6608208,0.63864124
BiLSTM+Attention,test,77.63893_13.056428,2024-07-01,0.5136954,0.49651587
BiLSTM+Attention,test,77.63893_13.078886,2024-07-01,0.46046686,0.45678985
BiLSTM+Attention,test,77.63893_13.083377,2024-07-01,0.44924918,0.43948936
BiLSTM+Attention,test,77.63893_13.1777,2024-07-01,0.4848186,0.47205585
BiLSTM+Attention,test,77.643422_12.795916,2024-07-01,0.6087334,0.5664767
BiLSTM+Attention,test,77.643422_12.800408,2024-07-01,0.5911539,0.5484722
BiLSTM+Attention,test,77.643422_12.809391,2024-07-01,0.61846334,0.5709902
BiLSTM+Attention,test,77.643422_12.867782,2024-07-01,0.5586617,0.519968
BiLSTM+Attention,test,77.643422_13.002529,2024-07-01,0.58414793,0.5746465
BiLSTM+Attention,test,77.643422_13.038462,2024-07-01,0.58041507,0.56328404
BiLSTM+Attention,test,77.643422_13.164226,2024-07-01,0.5854697,0.5719326
BiLSTM+Attention,test,77.647914_12.688119,2024-07-01,0.76933783,0.7105762
BiLSTM+Attention,test,77.647914_12.733034,2024-07-01,0.62260807,0.58293045
BiLSTM+Attention,test,77.647914_12.881256,2024-07-01,0.57344306,0.53182477
BiLSTM+Attention,test,77.647914_12.935155,2024-07-01,0.69709677,0.6732858
BiLSTM+Attention,test,77.647914_13.141768,2024-07-01,0.6165377,0.6071534
BiLSTM+Attention,test,77.647914_13.168717,2024-07-01,0.6554827,0.6318525
BiLSTM+Attention,test,77.652405_12.697102,2024-07-01,0.73423547,0.6875346
BiLSTM+Attention,test,77.652405_12.773459,2024-07-01,0.5950206,0.56534845
BiLSTM+Attention,test,77.652405_12.795916,2024-07-01,0.569897,0.5302214
BiLSTM+Attention,test,77.652405_12.8049,2024-07-01,0.6254998,0.5802933
BiLSTM+Attention,test,77.652405_12.858799,2024-07-01,0.7102408,0.6641593
BiLSTM+Attention,test,77.652405_12.926172,2024-07-01,0.68640524,0.6561716
BiLSTM+Attention,test,77.652405_13.002529,2024-07-01,0.5727475,0.55159104
BiLSTM+Attention,test,77.656897_12.742018,2024-07-01,0.64994675,0.5946897
BiLSTM+Attention,test,77.656897_12.746509,2024-07-01,0.6299106,0.58917856
BiLSTM+Attention,test,77.656897_12.768967,2024-07-01,0.6460461,0.6066952
BiLSTM+Attention,test,77.656897_12.791425,2024-07-01,0.5881725,0.5415964
BiLSTM+Attention,test,77.656897_12.800408,2024-07-01,0.64062315,0.5953307
BiLSTM+Attention,test,77.656897_12.831849,2024-07-01,0.6386401,0.5974157
BiLSTM+Attention,test,77.656897_12.849815,2024-07-01,0.5309669,0.50435513
BiLSTM+Attention,test,77.656897_12.939647,2024-07-01,0.6318653,0.6034118
BiLSTM+Attention,test,77.656897_13.101344,2024-07-01,0.48005664,0.4817651
BiLSTM+Attention,test,77.656897_13.164226,2024-07-01,0.48799628,0.49405885
BiLSTM+Attention,test,77.656897_13.173209,2024-07-01,0.45981625,0.45291921
BiLSTM+Attention,test,77.661388_12.737526,2024-07-01,0.65278053,0.606852
BiLSTM+Attention,test,77.661388_12.759984,2024-07-01,0.6598684,0.6175231
BiLSTM+Attention,test,77.661388_13.056428,2024-07-01,0.53437096,0.52024823
BiLSTM+Attention,test,77.661388_13.074394,2024-07-01,0.5355303,0.5326008
BiLSTM+Attention,test,77.661388_13.087869,2024-07-01,0.48803592,0.48777327
BiLSTM+Attention,test,77.661388_13.101344,2024-07-01,0.4759313,0.4783041
BiLSTM+Attention,test,77.661388_13.110327,2024-07-01,0.53411895,0.5124961
BiLSTM+Attention,test,77.661388_13.11931,2024-07-01,0.5875286,0.57641786
BiLSTM+Attention,test,77.66588_12.679136,2024-07-01,0.72292304,0.6718604
BiLSTM+Attention,test,77.66588_12.697102,2024-07-01,0.68831754,0.6473422
BiLSTM+Attention,test,77.66588_12.715068,2024-07-01,0.6649343,0.631607
BiLSTM+Attention,test,77.66588_12.724051,2024-07-01,0.656212,0.61041385
BiLSTM+Attention,test,77.66588_12.751001,2024-07-01,0.6198807,0.5881685
BiLSTM+Attention,test,77.66588_12.755492,2024-07-01,0.6634244,0.6183229
BiLSTM+Attention,test,77.66588_12.764475,2024-07-01,0.64162725,0.5955055
BiLSTM+Attention,test,77.66588_12.768967,2024-07-01,0.77007204,0.7233344
BiLSTM+Attention,test,77.66588_12.791425,2024-07-01,0.6769798,0.63415885
BiLSTM+Attention,test,77.66588_12.953122,2024-07-01,0.65284985,0.6118022
BiLSTM+Attention,test,77.66588_13.038462,2024-07-01,0.5461138,0.529991
BiLSTM+Attention,test,77.66588_13.051936,2024-07-01,0.5719939,0.56063443
BiLSTM+Attention,test,77.66588_13.173209,2024-07-01,0.46652395,0.46348763
BiLSTM+Attention,test,77.670371_12.71956,2024-07-01,0.65801495,0.62489116
BiLSTM+Attention,test,77.670371_12.86329,2024-07-01,0.56505835,0.5314633
BiLSTM+Attention,test,77.670371_12.881256,2024-07-01,0.55616,0.52235657
BiLSTM+Attention,test,77.670371_12.894731,2024-07-01,0.50325584,0.47167888
BiLSTM+Attention,test,77.670371_13.069903,2024-07-01,0.47570732,0.4738939
BiLSTM+Attention,test,77.670371_13.083377,2024-07-01,0.43662798,0.43737578
BiLSTM+Attention,test,77.670371_13.092361,2024-07-01,0.4399681,0.4497829
BiLSTM+Attention,test,77.670371_13.128293,2024-07-01,0.5180216,0.52351534
BiLSTM+Attention,test,77.674863_12.674644,2024-07-01,0.7608455,0.71213484
BiLSTM+Attention,test,77.674863_12.71956,2024-07-01,0.6671738,0.6304289
BiLSTM+Attention,test,77.674863_12.755492,2024-07-01,0.6075483,0.567629
BiLSTM+Attention,test,77.674863_12.764475,2024-07-01,0.62213093,0.57874453
BiLSTM+Attention,test,77.674863_12.786933,2024-07-01,0.65131766,0.6137502
BiLSTM+Attention,test,77.674863_12.836341,2024-07-01,0.5879162,0.5542077
BiLSTM+Attention,test,77.674863_12.867782,2024-07-01,0.7394456,0.68850887
BiLSTM+Attention,test,77.674863_13.051936,2024-07-01,0.5808287,0.5580187
BiLSTM+Attention,test,77.674863_13.069903,2024-07-01,0.45773947,0.45407772
BiLSTM+Attention,test,77.674863_13.092361,2024-07-01,0.45974463,0.4641186
BiLSTM+Attention,test,77.674863_13.105835,2024-07-01,0.5109882,0.51106447
BiLSTM+Attention,test,77.679355_12.697102,2024-07-01,0.6338729,0.59157795
BiLSTM+Attention,test,77.679355_12.746509,2024-07-01,0.71931124,0.66964066
BiLSTM+Attention,test,77.679355_12.881256,2024-07-01,0.581826,0.5337985
BiLSTM+Attention,test,77.679355_12.89024,2024-07-01,0.5950132,0.5476755
BiLSTM+Attention,test,77.679355_12.899223,2024-07-01,0.5161869,0.4818534
BiLSTM+Attention,test,77.679355_13.047445,2024-07-01,0.76191044,0.71615493
BiLSTM+Attention,test,77.679355_13.056428,2024-07-01,0.5526289,0.53613937
BiLSTM+Attention,test,77.679355_13.074394,2024-07-01,0.47650588,0.4687307
BiLSTM+Attention,test,77.679355_13.101344,2024-07-01,0.47779748,0.47376007
BiLSTM+Attention,test,77.679355_13.141768,2024-07-01,0.5084268,0.5121196
BiLSTM+Attention,test,77.679355_13.155243,2024-07-01,0.43631378,0.4400053
BiLSTM+Attention,test,77.679355_13.159734,2024-07-01,0.46069416,0.4650515
BiLSTM+Attention,test,77.683846_12.728543,2024-07-01,0.64987427,0.6011085
BiLSTM+Attention,test,77.683846_12.742018,2024-07-01,0.58553994,0.54269916
BiLSTM+Attention,test,77.683846_12.755492,2024-07-01,0.76157284,0.7088622
BiLSTM+Attention,test,77.683846_12.795916,2024-07-01,0.62966645,0.5804032
BiLSTM+Attention,test,77.683846_12.8049,2024-07-01,0.5885685,0.5493534
BiLSTM+Attention,test,77.683846_12.836341,2024-07-01,0.6322062,0.59426373
BiLSTM+Attention,test,77.683846_12.840832,2024-07-01,0.6405647,0.5983221
BiLSTM+Attention,test,77.683846_12.894731,2024-07-01,0.60851455,0.56238794
BiLSTM+Attention,test,77.683846_12.917189,2024-07-01,0.51039517,0.49347693
BiLSTM+Attention,test,77.683846_12.939647,2024-07-01,0.74675053,0.7066584
BiLSTM+Attention,test,77.683846_13.029478,2024-07-01,0.43199322,0.42683634
BiLSTM+Attention,test,77.683846_13.06092,2024-07-01,0.5254881,0.5215873
BiLSTM+Attention,test,77.683846_13.074394,2024-07-01,0.44405794,0.43569106
BiLSTM+Attention,test,77.683846_13.11931,2024-07-01,0.41990447,0.43219194
BiLSTM+Attention,test,77.683846_13.123802,2024-07-01,0.4682507,0.476505
BiLSTM+Attention,test,77.688338_12.656678,2024-07-01,0.7715679,0.7058985
BiLSTM+Attention,test,77.688338_12.69261,2024-07-01,0.8142942,0.7565395
BiLSTM+Attention,test,77.688338_12.697102,2024-07-01,0.8196649,0.7617767
BiLSTM+Attention,test,77.688338_12.710577,2024-07-01,0.81699973,0.7505784
BiLSTM+Attention,test,77.688338_12.751001,2024-07-01,0.6615788,0.6151978
BiLSTM+Attention,test,77.688338_12.755492,2024-07-01,0.6340329,0.5930045
BiLSTM+Attention,test,77.688338_12.876765,2024-07-01,0.7978715,0.728992
BiLSTM+Attention,test,77.688338_12.885748,2024-07-01,0.6209714,0.5866289
BiLSTM+Attention,test,77.688338_12.966596,2024-07-01,0.62201035,0.58988565
BiLSTM+Attention,test,77.692829_12.746509,2024-07-01,0.5625812,0.5275499
BiLSTM+Attention,test,77.692829_12.800408,2024-07-01,0.59174526,0.544396
BiLSTM+Attention,test,77.692829_12.845324,2024-07-01,0.6498754,0.6152553
BiLSTM+Attention,test,77.692829_12.885748,2024-07-01,0.6465953,0.59839237
BiLSTM+Attention,test,77.692829_12.899223,2024-07-01,0.5717112,0.5278041
BiLSTM+Attention,test,77.692829_13.047445,2024-07-01,0.7310016,0.6827722
BiLSTM+Attention,test,77.692829_13.06092,2024-07-01,0.6205602,0.6002387
BiLSTM+Attention,test,77.692829_13.065411,2024-07-01,0.57382786,0.5637914
BiLSTM+Attention,test,77.692829_13.083377,2024-07-01,0.4409207,0.44392863
BiLSTM+Attention,test,77.692829_13.096852,2024-07-01,0.42276838,0.422847
BiLSTM+Attention,test,77.692829_13.132785,2024-07-01,0.3981699,0.4047851
BiLSTM+Attention,test,77.692829_13.155243,2024-07-01,0.43744445,0.43946052
BiLSTM+Attention,test,77.697321_12.697102,2024-07-01,0.8224674,0.7655943
BiLSTM+Attention,test,77.697321_12.751001,2024-07-01,0.62629706,0.580866
BiLSTM+Attention,test,77.697321_12.773459,2024-07-01,0.5936024,0.5549485
BiLSTM+Attention,test,77.697321_12.791425,2024-07-01,0.676667,0.62985086
BiLSTM+Attention,test,77.697321_12.885748,2024-07-01,0.65002775,0.60247415
BiLSTM+Attention,test,77.697321_12.894731,2024-07-01,0.5871439,0.539444
BiLSTM+Attention,test,77.697321_12.930664,2024-07-01,0.59271985,0.55308884
BiLSTM+Attention,test,77.697321_12.966596,2024-07-01,0.5993724,0.56872463
BiLSTM+Attention,test,77.697321_13.132785,2024-07-01,0.3981699,0.4044903
BiLSTM+Attention,test,77.697321_13.150751,2024-07-01,0.45317498,0.4479919
BiLSTM+Attention,test,77.697321_13.1777,2024-07-01,0.5524239,0.53808963
BiLSTM+Attention,test,77.701812_12.742018,2024-07-01,0.6233659,0.5760503
BiLSTM+Attention,test,77.701812_12.77795,2024-07-01,0.589737,0.5410771
BiLSTM+Attention,test,77.701812_12.8049,2024-07-01,0.66032803,0.60590035
BiLSTM+Attention,test,77.701812_12.822866,2024-07-01,0.6247339,0.5959699
BiLSTM+Attention,test,77.701812_12.872273,2024-07-01,0.5798655,0.53625464
BiLSTM+Attention,test,77.701812_12.984563,2024-07-01,0.52334505,0.48874617
BiLSTM+Attention,test,77.701812_13.03397,2024-07-01,0.48964903,0.4847535
BiLSTM+Attention,test,77.701812_13.114818,2024-07-01,0.48063815,0.4842986
BiLSTM+Attention,test,77.701812_13.164226,2024-07-01,0.47706157,0.46222115
BiLSTM+Attention,test,77.706304_12.746509,2024-07-01,0.6365891,0.58834344
BiLSTM+Attention,test,77.706304_12.751001,2024-07-01,0.6433239,0.58474475
BiLSTM+Attention,test,77.706304_12.759984,2024-07-01,0.560119,0.5354427
BiLSTM+Attention,test,77.706304_12.764475,2024-07-01,0.59757847,0.5649034
BiLSTM+Attention,test,77.706304_12.86329,2024-07-01,0.5317046,0.5023436
BiLSTM+Attention,test,77.706304_12.984563,2024-07-01,0.5306621,0.49793082
BiLSTM+Attention,test,77.706304_13.038462,2024-07-01,0.49636322,0.48378763
BiLSTM+Attention,test,77.706304_13.042953,2024-07-01,0.5478749,0.5373699
BiLSTM+Attention,test,77.706304_13.137276,2024-07-01,0.643685,0.6261148
BiLSTM+Attention,test,77.710796_12.715068,2024-07-01,0.69907093,0.6607574
BiLSTM+Attention,test,77.710796_12.894731,2024-07-01,0.6622285,0.60903174
BiLSTM+Attention,test,77.710796_12.899223,2024-07-01,0.6113514,0.57109296
BiLSTM+Attention,test,77.710796_12.912697,2024-07-01,0.52894485,0.511676
BiLSTM+Attention,test,77.710796_13.03397,2024-07-01,0.48124933,0.4850682
BiLSTM+Attention,test,77.710796_13.11931,2024-07-01,0.45149133,0.46163225
BiLSTM+Attention,test,77.710796_13.123802,2024-07-01,0.42088377,0.43379402
BiLSTM+Attention,test,77.710796_13.132785,2024-07-01,0.44881836,0.45240566
BiLSTM+Attention,test,77.710796_13.150751,2024-07-01,0.42794162,0.4257623
BiLSTM+Attention,test,77.710796_13.168717,2024-07-01,0.49650636,0.48561308
BiLSTM+Attention,test,77.710796_13.173209,2024-07-01,0.50512147,0.5134777
BiLSTM+Attention,test,77.715287_12.679136,2024-07-01,0.7569334,0.70275277
BiLSTM+Attention,test,77.715287_12.742018,2024-07-01,0.62432194,0.5759183
BiLSTM+Attention,test,77.715287_12.773459,2024-07-01,0.58932894,0.5479303
BiLSTM+Attention,test,77.715287_12.822866,2024-07-01,0.6435802,0.59520876
BiLSTM+Attention,test,77.715287_12.827358,2024-07-01,0.6118347,0.5686811
BiLSTM+Attention,test,77.715287_12.845324,2024-07-01,0.55957496,0.5243898
BiLSTM+Attention,test,77.715287_12.885748,2024-07-01,0.6306306,0.5904138
BiLSTM+Attention,test,77.715287_12.899223,2024-07-01,0.52731746,0.49379474
BiLSTM+Attention,test,77.715287_12.939647,2024-07-01,0.7533274,0.71583587
BiLSTM+Attention,test,77.715287_12.944139,2024-07-01,0.7821576,0.7436149
BiLSTM+Attention,test,77.715287_12.94863,2024-07-01,0.62939626,0.5946907
BiLSTM+Attention,test,77.715287_13.016004,2024-07-01,0.5618389,0.53826904
BiLSTM+Attention,test,77.715287_13.029478,2024-07-01,0.44331014,0.4449071
BiLSTM+Attention,test,77.715287_13.038462,2024-07-01,0.5659548,0.56360805
BiLSTM+Attention,test,77.715287_13.051936,2024-07-01,0.55434924,0.55048186
BiLSTM+Attention,test,77.715287_13.056428,2024-07-01,0.48756614,0.48718756
BiLSTM+Attention,test,77.715287_13.096852,2024-07-01,0.38204014,0.39427155
BiLSTM+Attention,test,77.715287_13.114818,2024-07-01,0.51654124,0.5196299
BiLSTM+Attention,test,77.715287_13.128293,2024-07-01,0.46140656,0.46763754
BiLSTM+Attention,test,77.719779_12.706085,2024-07-01,0.7147869,0.6753281
BiLSTM+Attention,test,77.719779_12.746509,2024-07-01,0.7471352,0.70108485
BiLSTM+Attention,test,77.719779_12.795916,2024-07-01,0.6083687,0.56981957
BiLSTM+Attention,test,77.719779_12.840832,2024-07-01,0.6405228,0.60365075
BiLSTM+Attention,test,77.719779_12.903714,2024-07-01,0.5250878,0.5020868
BiLSTM+Attention,test,77.719779_13.069903,2024-07-01,0.4524989,0.45819432
BiLSTM+Attention,test,77.719779_13.105835,2024-07-01,0.47464874,0.472126
BiLSTM+Attention,test,77.719779_13.123802,2024-07-01,0.4316886,0.43895274
BiLSTM+Attention,test,77.719779_13.137276,2024-07-01,0.43719825,0.4440505
BiLSTM+Attention,test,77.719779_13.155243,2024-07-01,0.42846903,0.43194336
BiLSTM+Attention,test,77.72427_12.674644,2024-07-01,0.6638227,0.62222314
BiLSTM+Attention,test,77.72427_12.697102,2024-07-01,0.5911493,0.56003344
BiLSTM+Attention,test,77.72427_12.701593,2024-07-01,0.61803347,0.58752584
BiLSTM+Attention,test,77.72427_12.724051,2024-07-01,0.6558473,0.60919356
BiLSTM+Attention,test,77.72427_12.786933,2024-07-01,0.63245267,0.58344245
BiLSTM+Attention,test,77.72427_12.791425,2024-07-01,0.6308606,0.5823357
BiLSTM+Attention,test,77.72427_12.840832,2024-07-01,0.62017465,0.5836803
BiLSTM+Attention,test,77.72427_12.867782,2024-07-01,0.56468296,0.52985996
BiLSTM+Attention,test,77.72427_12.885748,2024-07-01,0.60101557,0.5575393
BiLSTM+Attention,test,77.72427_13.024987,2024-07-01,0.75159454,0.7293693
BiLSTM+Attention,test,77.72427_13.06092,2024-07-01,0.47067833,0.47576118
BiLSTM+Attention,test,77.72427_13.074394,2024-07-01,0.48046535,0.48142275
BiLSTM+Attention,test,77.728762_12.706085,2024-07-01,0.688927,0.6512963
BiLSTM+Attention,test,77.728762_12.724051,2024-07-01,0.7224219,0.66969985
BiLSTM+Attention,test,77.728762_12.759984,2024-07-01,0.6297814,0.58569413
BiLSTM+Attention,test,77.728762_12.782442,2024-07-01,0.6527943,0.6042421
BiLSTM+Attention,test,77.728762_12.809391,2024-07-01,0.643169,0.5932511
BiLSTM+Attention,test,77.728762_12.858799,2024-07-01,0.63637847,0.5860012
BiLSTM+Attention,test,77.728762_12.876765,2024-07-01,0.6470223,0.605898
BiLSTM+Attention,test,77.728762_12.885748,2024-07-01,0.5898306,0.54849285
BiLSTM+Attention,test,77.728762_13.016004,2024-07-01,0.744128,0.7217788
BiLSTM+Attention,test,77.728762_13.047445,2024-07-01,0.53505164,0.528795
BiLSTM+Attention,test,77.728762_13.087869,2024-07-01,0.5043587,0.5074244
BiLSTM+Attention,test,77.728762_13.092361,2024-07-01,0.46625176,0.47007966
BiLSTM+Attention,test,77.733253_12.755492,2024-07-01,0.6004162,0.55932474
BiLSTM+Attention,test,77.733253_12.795916,2024-07-01,0.60241145,0.554201
BiLSTM+Attention,test,77.733253_12.86329,2024-07-01,0.64962226,0.6076625
BiLSTM+Attention,test,77.733253_12.872273,2024-07-01,0.63319016,0.5893958
BiLSTM+Attention,test,77.733253_12.998037,2024-07-01,0.64854157,0.6281316
BiLSTM+Attention,test,77.733253_13.056428,2024-07-01,0.4473802,0.45459533
BiLSTM+Attention,test,77.737745_12.764475,2024-07-01,0.5782332,0.53813535
BiLSTM+Attention,test,77.737745_12.791425,2024-07-01,0.62116975,0.57823014
BiLSTM+Attention,test,77.737745_12.809391,2024-07-01,0.61692244,0.57548213
BiLSTM+Attention,test,77.737745_12.858799,2024-07-01,0.6154068,0.57626927
BiLSTM+Attention,test,77.737745_12.872273,2024-07-01,0.6405858,0.6039027
BiLSTM+Attention,test,77.737745_12.881256,2024-07-01,0.66084766,0.6111881
BiLSTM+Attention,test,77.737745_13.051936,2024-07-01,0.47134218,0.47954172
BiLSTM+Attention,test,77.737745_13.06092,2024-07-01,0.47621036,0.4836138
BiLSTM+Attention,test,77.737745_13.078886,2024-07-01,0.50322115,0.5014019
BiLSTM+Attention,test,77.737745_13.101344,2024-07-01,0.4287923,0.43291035
BiLSTM+Attention,test,77.742237_12.697102,2024-07-01,0.7311932,0.681387
BiLSTM+Attention,test,77.742237_12.764475,2024-07-01,0.5929875,0.55125266
BiLSTM+Attention,test,77.742237_12.795916,2024-07-01,0.58759236,0.5465175
BiLSTM+Attention,test,77.742237_12.8049,2024-07-01,0.630392,0.58323866
BiLSTM+Attention,test,77.742237_12.86329,2024-07-01,0.555431,0.52276736
BiLSTM+Attention,test,77.742237_12.867782,2024-07-01,0.6455767,0.602617
BiLSTM+Attention,test,77.742237_12.89024,2024-07-01,0.6464568,0.6037972
BiLSTM+Attention,test,77.742237_12.899223,2024-07-01,0.62705785,0.59167796
BiLSTM+Attention,test,77.742237_12.921681,2024-07-01,0.56040287,0.538447
BiLSTM+Attention,test,77.742237_12.980071,2024-07-01,0.5994513,0.57069755
BiLSTM+Attention,test,77.742237_13.002529,2024-07-01,0.6161348,0.5967618
BiLSTM+Attention,test,77.742237_13.016004,2024-07-01,0.6200755,0.6004384
BiLSTM+Attention,test,77.742237_13.038462,2024-07-01,0.4495115,0.45941263
BiLSTM+Attention,test,77.742237_13.074394,2024-07-01,0.4264318,0.43801564
BiLSTM+Attention,test,77.742237_13.078886,2024-07-01,0.48915252,0.49294
BiLSTM+Attention,test,77.742237_13.101344,2024-07-01,0.4509598,0.45212567
BiLSTM+Attention,test,77.746728_12.751001,2024-07-01,0.62110454,0.5755746
BiLSTM+Attention,test,77.746728_12.764475,2024-07-01,0.61231816,0.57240033
BiLSTM+Attention,test,77.746728_12.782442,2024-07-01,0.6477489,0.5924082
BiLSTM+Attention,test,77.746728_12.97558,2024-07-01,0.6199805,0.591351
BiLSTM+Attention,test,77.746728_12.984563,2024-07-01,0.61011153,0.57298595
BiLSTM+Attention,test,77.746728_13.016004,2024-07-01,0.63216466,0.6144961
BiLSTM+Attention,test,77.746728_13.020495,2024-07-01,0.6606391,0.6397301
BiLSTM+Attention,test,77.746728_13.024987,2024-07-01,0.57010216,0.54948115
BiLSTM+Attention,test,77.746728_13.038462,2024-07-01,0.4780045,0.47797936
BiLSTM+Attention,test,77.746728_13.06092,2024-07-01,0.43630117,0.44468823
BiLSTM+Attention,test,77.746728_13.083377,2024-07-01,0.4884497,0.49394554
BiLSTM+Attention,test,77.746728_13.092361,2024-07-01,0.4461821,0.44827917
BiLSTM+Attention,test,77.75122_12.751001,2024-07-01,0.61082405,0.5723459
BiLSTM+Attention,test,77.75122_12.755492,2024-07-01,0.65492564,0.60831475
BiLSTM+Attention,test,77.75122_12.768967,2024-07-01,0.57602596,0.54398525
BiLSTM+Attention,test,77.75122_12.77795,2024-07-01,0.6060094,0.57622445
BiLSTM+Attention,test,77.75122_12.894731,2024-07-01,0.5692469,0.5361648
BiLSTM+Attention,test,77.75122_12.993546,2024-07-01,0.55076265,0.5434138
BiLSTM+Attention,test,77.75122_13.020495,2024-07-01,0.593753,0.57727695
BiLSTM+Attention,test,77.75122_13.03397,2024-07-01,0.4889462,0.49084008
BiLSTM+Attention,test,77.75122_13.038462,2024-07-01,0.45807734,0.4554807
BiLSTM+Attention,test,77.755711_12.706085,2024-07-01,0.64638436,0.5978037
BiLSTM+Attention,test,77.755711_12.764475,2024-07-01,0.8090322,0.7495761
BiLSTM+Attention,test,77.755711_12.77795,2024-07-01,0.58876806,0.56305236
BiLSTM+Attention,test,77.755711_12.822866,2024-07-01,0.5958591,0.55657315
BiLSTM+Attention,test,77.755711_12.831849,2024-07-01,0.57024246,0.53305995
BiLSTM+Attention,test,77.755711_12.858799,2024-07-01,0.6183325,0.57927835
BiLSTM+Attention,test,77.755711_12.885748,2024-07-01,0.6057907,0.569879
BiLSTM+Attention,test,77.755711_12.899223,2024-07-01,0.5362849,0.50065947
BiLSTM+Attention,test,77.755711_12.903714,2024-07-01,0.5909403,0.559405
BiLSTM+Attention,test,77.755711_12.926172,2024-07-01,0.59608716,0.5650146
BiLSTM+Attention,test,77.760203_12.751001,2024-07-01,0.6073509,0.5630019
BiLSTM+Attention,test,77.760203_12.795916,2024-07-01,0.58851546,0.54320693
BiLSTM+Attention,test,77.760203_12.818374,2024-07-01,0.6724944,0.63257974
BiLSTM+Attention,test,77.760203_12.867782,2024-07-01,0.5767919,0.54922867
BiLSTM+Attention,test,77.760203_12.872273,2024-07-01,0.5890664,0.55747455
BiLSTM+Attention,test,77.760203_12.876765,2024-07-01,0.5602225,0.52207893
BiLSTM+Attention,test,77.760203_12.885748,2024-07-01,0.5763816,0.54098403
BiLSTM+Attention,test,77.760203_12.984563,2024-07-01,0.6085938,0.587234
BiLSTM+Attention,test,77.764695_12.742018,2024-07-01,0.72015876,0.66810304
BiLSTM+Attention,test,77.764695_12.746509,2024-07-01,0.70775425,0.65944755
BiLSTM+Attention,test,77.764695_12.813883,2024-07-01,0.63444835,0.5916611
BiLSTM+Attention,test,77.764695_12.849815,2024-07-01,0.6033448,0.5557253
BiLSTM+Attention,test,77.764695_12.885748,2024-07-01,0.60104567,0.5685353
BiLSTM+Attention,test,77.764695_12.912697,2024-07-01,0.5919931,0.5629782
BiLSTM+Attention,test,77.764695_13.03397,2024-07-01,0.43701994,0.4445125
BiLSTM+Attention,test,77.769186_12.751001,2024-07-01,0.7304418,0.6767261
BiLSTM+Attention,test,77.769186_12.791425,2024-07-01,0.57817745,0.54407203
BiLSTM+Attention,test,77.769186_12.800408,2024-07-01,0.6308229,0.5775448
BiLSTM+Attention,test,77.769186_12.8049,2024-07-01,0.6636175,0.60885954
BiLSTM+Attention,test,77.769186_12.809391,2024-07-01,0.59994113,0.5543175
BiLSTM+Attention,test,77.769186_12.876765,2024-07-01,0.61929417,0.5793067
BiLSTM+Attention,test,77.769186_12.894731,2024-07-01,0.5816197,0.5390265
BiLSTM+Attention,test,77.769186_13.016004,2024-07-01,0.54718417,0.5314287
BiLSTM+Attention,test,77.773678_12.746509,2024-07-01,0.7240628,0.6772748
BiLSTM+Attention,test,77.773678_12.858799,2024-07-01,0.5612476,0.5257155
BiLSTM+Attention,test,77.773678_12.885748,2024-07-01,0.5723189,0.5341618
BiLSTM+Attention,test,77.773678_12.899223,2024-07-01,0.5486654,0.5204568
BiLSTM+Attention,test,77.773678_12.908206,2024-07-01,0.5864085,0.55619115
BiLSTM+Attention,test,77.778169_12.809391,2024-07-01,0.5622289,0.52088875
BiLSTM+Attention,test,77.778169_12.885748,2024-07-01,0.5909064,0.5584531
BiLSTM+Attention,test,77.782661_12.786933,2024-07-01,0.58021265,0.54471153
BiLSTM+Attention,test,77.782661_12.791425,2024-07-01,0.6082104,0.56930786
BiLSTM+Attention,test,77.782661_12.89024,2024-07-01,0.5838322,0.5528314
BiLSTM+Attention,test,77.787152_12.786933,2024-07-01,0.59406245,0.55914617
BiLSTM+Attention,test,77.787152_12.849815,2024-07-01,0.5633682,0.53626615
BiLSTM+Attention,test,77.787152_12.867782,2024-07-01,0.57375944,0.5427855
BiLSTM+Attention,test,77.791644_12.8049,2024-07-01,0.5936247,0.55125535
BiLSTM+Attention,test,77.791644_12.899223,2024-07-01,0.57256824,0.54303384
BiLSTM+Attention,test,77.796136_12.854307,2024-07-01,0.5588835,0.5281275
BiLSTM+Attention,test,77.796136_12.885748,2024-07-01,0.62169486,0.59433895
BiLSTM+Attention,test,77.800627_12.876765,2024-07-01,0.6145498,0.5898131
BiLSTM+Attention,test,77.800627_12.885748,2024-07-01,0.5819646,0.5549665
BiLSTM+Attention,test,77.805119_12.876765,2024-07-01,0.621939,0.594823
BiLSTM+Attention,test,77.805119_12.89024,2024-07-01,0.6110514,0.5859778
BiLSTM+Attention,test,77.80961_12.858799,2024-07-01,0.6271419,0.5955308
BiLSTM+Attention,test,77.80961_12.86329,2024-07-01,0.6055636,0.57385063
BiLSTM+Attention,test,77.329012_12.944139,2024-08-01,0.56248677,0.5650647
BiLSTM+Attention,test,77.329012_12.962105,2024-08-01,0.71205544,0.7072246
BiLSTM+Attention,test,77.337995_12.921681,2024-08-01,0.66163146,0.6653868
BiLSTM+Attention,test,77.342486_12.926172,2024-08-01,0.70380163,0.6830197
BiLSTM+Attention,test,77.342486_12.935155,2024-08-01,0.74218845,0.719581
BiLSTM+Attention,test,77.342486_12.944139,2024-08-01,0.710609,0.6948351
BiLSTM+Attention,test,77.346978_12.86329,2024-08-01,0.60910547,0.6095347
BiLSTM+Attention,test,77.346978_12.962105,2024-08-01,0.54883254,0.560943
BiLSTM+Attention,test,77.351469_12.89024,2024-08-01,0.5535936,0.5830669
BiLSTM+Attention,test,77.351469_12.930664,2024-08-01,0.7123371,0.74128115
BiLSTM+Attention,test,77.351469_12.939647,2024-08-01,0.7055743,0.7106794
BiLSTM+Attention,test,77.355961_12.899223,2024-08-01,0.5684633,0.59862024
BiLSTM+Attention,test,77.355961_12.94863,2024-08-01,0.50393265,0.5443012
BiLSTM+Attention,test,77.355961_12.962105,2024-08-01,0.72219515,0.7181009
BiLSTM+Attention,test,77.360453_12.867782,2024-08-01,0.49725065,0.50721323
BiLSTM+Attention,test,77.360453_12.908206,2024-08-01,0.5889277,0.6153606
BiLSTM+Attention,test,77.360453_12.926172,2024-08-01,0.7083636,0.7264589
BiLSTM+Attention,test,77.364944_12.854307,2024-08-01,0.5389154,0.54642665
BiLSTM+Attention,test,77.364944_12.962105,2024-08-01,0.52664846,0.5252367
BiLSTM+Attention,test,77.369436_12.881256,2024-08-01,0.52543265,0.5525106
BiLSTM+Attention,test,77.369436_12.89024,2024-08-01,0.5231644,0.53794616
BiLSTM+Attention,test,77.369436_12.935155,2024-08-01,0.47868705,0.49347985
BiLSTM+Attention,test,77.369436_12.998037,2024-08-01,0.5363385,0.5350157
BiLSTM+Attention,test,77.369436_13.007021,2024-08-01,0.58130383,0.575691
BiLSTM+Attention,test,77.373927_12.912697,2024-08-01,0.6064622,0.6274736
BiLSTM+Attention,test,77.373927_12.971088,2024-08-01,0.5201059,0.50942385
BiLSTM+Attention,test,77.373927_13.011512,2024-08-01,0.5332781,0.5377955
BiLSTM+Attention,test,77.373927_13.016004,2024-08-01,0.5175781,0.5252461
BiLSTM+Attention,test,77.378419_12.966596,2024-08-01,0.47436592,0.48658437
BiLSTM+Attention,test,77.382911_12.894731,2024-08-01,0.56662834,0.57726777
BiLSTM+Attention,test,77.382911_12.953122,2024-08-01,0.534105,0.54027414
BiLSTM+Attention,test,77.382911_12.957613,2024-08-01,0.5287339,0.53482634
BiLSTM+Attention,test,77.387402_12.962105,2024-08-01,0.51957685,0.5210113
BiLSTM+Attention,test,77.387402_12.97558,2024-08-01,0.541577,0.5289227
BiLSTM+Attention,test,77.387402_12.980071,2024-08-01,0.54409754,0.5363399
BiLSTM+Attention,test,77.391894_12.867782,2024-08-01,0.5504234,0.587144
BiLSTM+Attention,test,77.391894_12.881256,2024-08-01,0.5331231,0.54273754
BiLSTM+Attention,test,77.391894_12.885748,2024-08-01,0.5652861,0.57156676
BiLSTM+Attention,test,77.396385_12.894731,2024-08-01,0.5683074,0.5772793
BiLSTM+Attention,test,77.396385_12.908206,2024-08-01,0.52668905,0.53356725
BiLSTM+Attention,test,77.396385_12.944139,2024-08-01,0.5705577,0.5793302
BiLSTM+Attention,test,77.396385_12.971088,2024-08-01,0.4904158,0.50393164
BiLSTM+Attention,test,77.396385_12.97558,2024-08-01,0.48765975,0.48671556
BiLSTM+Attention,test,77.396385_13.029478,2024-08-01,0.4219197,0.42367542
BiLSTM+Attention,test,77.400877_12.957613,2024-08-01,0.5342831,0.54448175
BiLSTM+Attention,test,77.400877_12.966596,2024-08-01,0.48726746,0.50229114
BiLSTM+Attention,test,77.400877_13.029478,2024-08-01,0.40958038,0.41220087
BiLSTM+Attention,test,77.405368_12.881256,2024-08-01,0.47809026,0.5102085
BiLSTM+Attention,test,77.405368_12.89024,2024-08-01,0.5009533,0.52468187
BiLSTM+Attention,test,77.405368_12.903714,2024-08-01,0.50757205,0.504658
BiLSTM+Attention,test,77.405368_12.930664,2024-08-01,0.5955463,0.6197345
BiLSTM+Attention,test,77.405368_12.998037,2024-08-01,0.5291175,0.527403
BiLSTM+Attention,test,77.405368_13.105835,2024-08-01,0.45183176,0.43975127
BiLSTM+Attention,test,77.405368_13.11931,2024-08-01,0.4141904,0.40785575
BiLSTM+Attention,test,77.40986_12.872273,2024-08-01,0.44351646,0.47448826
BiLSTM+Attention,test,77.40986_12.881256,2024-08-01,0.44555348,0.47629294
BiLSTM+Attention,test,77.40986_12.962105,2024-08-01,0.54356796,0.56566083
BiLSTM+Attention,test,77.414352_12.930664,2024-08-01,0.5561218,0.56054395
BiLSTM+Attention,test,77.414352_12.989054,2024-08-01,0.4910758,0.49429762
BiLSTM+Attention,test,77.414352_12.993546,2024-08-01,0.4987315,0.49761927
BiLSTM+Attention,test,77.414352_13.03397,2024-08-01,0.4667503,0.46795008
BiLSTM+Attention,test,77.414352_13.096852,2024-08-01,0.43424442,0.43103018
BiLSTM+Attention,test,77.414352_13.11931,2024-08-01,0.43345025,0.42559874
BiLSTM+Attention,test,77.418843_12.876765,2024-08-01,0.4608338,0.4778033
BiLSTM+Attention,test,77.418843_12.89024,2024-08-01,0.48902637,0.50772417
BiLSTM+Attention,test,77.418843_12.94863,2024-08-01,0.54275423,0.55596656
BiLSTM+Attention,test,77.418843_12.971088,2024-08-01,0.50553036,0.52016646
BiLSTM+Attention,test,77.418843_12.993546,2024-08-01,0.5290145,0.5274229
BiLSTM+Attention,test,77.418843_13.016004,2024-08-01,0.4937888,0.4900257
BiLSTM+Attention,test,77.418843_13.024987,2024-08-01,0.4849205,0.48613027
BiLSTM+Attention,test,77.418843_13.029478,2024-08-01,0.48445147,0.4808951
BiLSTM+Attention,test,77.418843_13.146259,2024-08-01,0.39607832,0.40268695
BiLSTM+Attention,test,77.423335_12.876765,2024-08-01,0.46261203,0.48682958
BiLSTM+Attention,test,77.423335_12.921681,2024-08-01,0.5614939,0.56884956
BiLSTM+Attention,test,77.423335_12.930664,2024-08-01,0.5288966,0.5552833
BiLSTM+Attention,test,77.423335_13.002529,2024-08-01,0.5771011,0.5604579
BiLSTM+Attention,test,77.423335_13.092361,2024-08-01,0.3715878,0.37089276
BiLSTM+Attention,test,77.423335_13.141768,2024-08-01,0.4285363,0.46538854
BiLSTM+Attention,test,77.423335_13.150751,2024-08-01,0.40483373,0.40872905
BiLSTM+Attention,test,77.427826_12.845324,2024-08-01,0.40459588,0.43525425
BiLSTM+Attention,test,77.427826_12.858799,2024-08-01,0.45731255,0.47936445
BiLSTM+Attention,test,77.427826_12.930664,2024-08-01,0.53638226,0.5615163
BiLSTM+Attention,test,77.427826_12.939647,2024-08-01,0.49470013,0.51541543
BiLSTM+Attention,test,77.427826_12.944139,2024-08-01,0.50808305,0.5327816
BiLSTM+Attention,test,77.427826_13.020495,2024-08-01,0.49545634,0.49513483
BiLSTM+Attention,test,77.427826_13.024987,2024-08-01,0.48634514,0.4832175
BiLSTM+Attention,test,77.427826_13.110327,2024-08-01,0.45257366,0.45234588
BiLSTM+Attention,test,77.427826_13.132785,2024-08-01,0.507798,0.50759906
BiLSTM+Attention,test,77.432318_12.858799,2024-08-01,0.47190553,0.4993124
BiLSTM+Attention,test,77.432318_12.86329,2024-08-01,0.4780271,0.5011192
BiLSTM+Attention,test,77.432318_12.867782,2024-08-01,0.46968496,0.49166435
BiLSTM+Attention,test,77.432318_12.881256,2024-08-01,0.51241374,0.5331978
BiLSTM+Attention,test,77.432318_12.885748,2024-08-01,0.60249805,0.610325
BiLSTM+Attention,test,77.432318_12.957613,2024-08-01,0.49898455,0.5152038
BiLSTM+Attention,test,77.432318_12.998037,2024-08-01,0.44787353,0.45204628
BiLSTM+Attention,test,77.432318_13.087869,2024-08-01,0.4564066,0.45233828
BiLSTM+Attention,test,77.432318_13.092361,2024-08-01,0.41278133,0.41268778
BiLSTM+Attention,test,77.436809_12.818374,2024-08-01,0.6309967,0.6130674
BiLSTM+Attention,test,77.436809_12.840832,2024-08-01,0.5193262,0.53898156
BiLSTM+Attention,test,77.436809_12.854307,2024-08-01,0.48552227,0.5157487
BiLSTM+Attention,test,77.436809_12.912697,2024-08-01,0.6162588,0.61206067
BiLSTM+Attention,test,77.436809_12.926172,2024-08-01,0.5491878,0.56292474
BiLSTM+Attention,test,77.436809_12.944139,2024-08-01,0.519748,0.54071283
BiLSTM+Attention,test,77.436809_13.03397,2024-08-01,0.4694016,0.46850157
BiLSTM+Attention,test,77.441301_12.818374,2024-08-01,0.6107473,0.61541563
BiLSTM+Attention,test,77.441301_12.831849,2024-08-01,0.5040914,0.5287406
BiLSTM+Attention,test,77.441301_12.836341,2024-08-01,0.5330001,0.5515547
BiLSTM+Attention,test,77.441301_12.840832,2024-08-01,0.50631577,0.5223258
BiLSTM+Attention,test,77.441301_12.944139,2024-08-01,0.55710834,0.56209505
BiLSTM+Attention,test,77.441301_12.94863,2024-08-01,0.51111573,0.5219149
BiLSTM+Attention,test,77.441301_13.056428,2024-08-01,0.43369433,0.45712772
BiLSTM+Attention,test,77.441301_13.069903,2024-08-01,0.4504487,0.46794847
BiLSTM+Attention,test,77.441301_13.083377,2024-08-01,0.46212092,0.46211317
BiLSTM+Attention,test,77.441301_13.110327,2024-08-01,0.44796637,0.4377808
BiLSTM+Attention,test,77.445793_12.840832,2024-08-01,0.57897556,0.5896863
BiLSTM+Attention,test,77.445793_12.86329,2024-08-01,0.5944301,0.61282206
BiLSTM+Attention,test,77.445793_12.867782,2024-08-01,0.57365376,0.5958811
BiLSTM+Attention,test,77.445793_12.912697,2024-08-01,0.5221735,0.53814846
BiLSTM+Attention,test,77.445793_12.957613,2024-08-01,0.49962264,0.51229686
BiLSTM+Attention,test,77.445793_12.984563,2024-08-01,0.5176064,0.5135617
BiLSTM+Attention,test,77.450284_12.809391,2024-08-01,0.5814754,0.58541954
BiLSTM+Attention,test,77.450284_12.872273,2024-08-01,0.5731522,0.5946977
BiLSTM+Attention,test,77.450284_12.89024,2024-08-01,0.56251454,0.59594023
BiLSTM+Attention,test,77.450284_12.971088,2024-08-01,0.50215554,0.5026976
BiLSTM+Attention,test,77.450284_12.993546,2024-08-01,0.39890173,0.41351676
BiLSTM+Attention,test,77.450284_13.029478,2024-08-01,0.45682755,0.45096943
BiLSTM+Attention,test,77.450284_13.047445,2024-08-01,0.46937114,0.4720595
BiLSTM+Attention,test,77.450284_13.146259,2024-08-01,0.5225901,0.5191043
BiLSTM+Attention,test,77.454776_12.809391,2024-08-01,0.53164446,0.5571604
BiLSTM+Attention,test,77.454776_12.885748,2024-08-01,0.5550624,0.59119946
BiLSTM+Attention,test,77.454776_12.980071,2024-08-01,0.4347377,0.46038723
BiLSTM+Attention,test,77.454776_12.993546,2024-08-01,0.42477277,0.43780118
BiLSTM+Attention,test,77.454776_13.078886,2024-08-01,0.46815586,0.45870724
BiLSTM+Attention,test,77.454776_13.087869,2024-08-01,0.43186224,0.43377838
BiLSTM+Attention,test,77.454776_13.114818,2024-08-01,0.5091441,0.51549953
BiLSTM+Attention,test,77.454776_13.141768,2024-08-01,0.5259744,0.531201
BiLSTM+Attention,test,77.459267_12.8049,2024-08-01,0.6006074,0.6192863
BiLSTM+Attention,test,77.459267_12.822866,2024-08-01,0.5785439,0.5840556
BiLSTM+Attention,test,77.459267_12.845324,2024-08-01,0.56690276,0.58540475
BiLSTM+Attention,test,77.459267_12.872273,2024-08-01,0.5773599,0.5714795
BiLSTM+Attention,test,77.459267_12.903714,2024-08-01,0.5307309,0.53100425
BiLSTM+Attention,test,77.459267_12.926172,2024-08-01,0.5434399,0.5585319
BiLSTM+Attention,test,77.459267_12.97558,2024-08-01,0.449468,0.47612673
BiLSTM+Attention,test,77.459267_13.016004,2024-08-01,0.4073448,0.4254791
BiLSTM+Attention,test,77.459267_13.020495,2024-08-01,0.42576993,0.41976702
BiLSTM+Attention,test,77.459267_13.11931,2024-08-01,0.5060052,0.5086564
BiLSTM+Attention,test,77.463759_12.813883,2024-08-01,0.51187265,0.5392102
BiLSTM+Attention,test,77.463759_12.836341,2024-08-01,0.56389856,0.5842031
BiLSTM+Attention,test,77.463759_12.86329,2024-08-01,0.5807945,0.6068082
BiLSTM+Attention,test,77.463759_12.867782,2024-08-01,0.5742441,0.59108424
BiLSTM+Attention,test,77.463759_12.872273,2024-08-01,0.550025,0.56593066
BiLSTM+Attention,test,77.463759_12.881256,2024-08-01,0.6233396,0.61708367
BiLSTM+Attention,test,77.463759_12.885748,2024-08-01,0.60548747,0.60857856
BiLSTM+Attention,test,77.463759_12.894731,2024-08-01,0.54509586,0.573485
BiLSTM+Attention,test,77.463759_12.899223,2024-08-01,0.5477031,0.5682654
BiLSTM+Attention,test,77.463759_12.917189,2024-08-01,0.49182302,0.52056175
BiLSTM+Attention,test,77.463759_12.953122,2024-08-01,0.7464222,0.75975084
BiLSTM+Attention,test,77.463759_13.03397,2024-08-01,0.42468002,0.4171903
BiLSTM+Attention,test,77.463759_13.078886,2024-08-01,0.5366245,0.51673514
BiLSTM+Attention,test,77.46825_12.827358,2024-08-01,0.47648457,0.50209504
BiLSTM+Attention,test,77.46825_12.836341,2024-08-01,0.57128775,0.5906054
BiLSTM+Attention,test,77.46825_12.894731,2024-08-01,0.5252378,0.55200344
BiLSTM+Attention,test,77.46825_12.94863,2024-08-01,0.5904424,0.5885365
BiLSTM+Attention,test,77.46825_12.953122,2024-08-01,0.5214814,0.5300687
BiLSTM+Attention,test,77.46825_12.966596,2024-08-01,0.50392485,0.5202257
BiLSTM+Attention,test,77.46825_13.007021,2024-08-01,0.4201276,0.42838073
BiLSTM+Attention,test,77.46825_13.020495,2024-08-01,0.5099004,0.49100357
BiLSTM+Attention,test,77.46825_13.114818,2024-08-01,0.5500888,0.5477122
BiLSTM+Attention,test,77.46825_13.150751,2024-08-01,0.46073225,0.46536908
BiLSTM+Attention,test,77.46825_13.1777,2024-08-01,0.5511916,0.5543375
BiLSTM+Attention,test,77.472742_12.746509,2024-08-01,0.6530547,0.6389289
BiLSTM+Attention,test,77.472742_12.751001,2024-08-01,0.60686386,0.59304756
BiLSTM+Attention,test,77.472742_12.755492,2024-08-01,0.62387645,0.61755145
BiLSTM+Attention,test,77.472742_12.795916,2024-08-01,0.5456457,0.56688845
BiLSTM+Attention,test,77.472742_12.836341,2024-08-01,0.5613467,0.5815402
BiLSTM+Attention,test,77.472742_12.984563,2024-08-01,0.46583244,0.46422994
BiLSTM+Attention,test,77.472742_13.087869,2024-08-01,0.4908091,0.48944303
BiLSTM+Attention,test,77.477234_12.764475,2024-08-01,0.6182316,0.6122746
BiLSTM+Attention,test,77.477234_12.782442,2024-08-01,0.55404913,0.56130606
BiLSTM+Attention,test,77.477234_12.840832,2024-08-01,0.56309783,0.5895413
BiLSTM+Attention,test,77.477234_12.899223,2024-08-01,0.48553112,0.50474316
BiLSTM+Attention,test,77.477234_12.935155,2024-08-01,0.6125724,0.60822284
BiLSTM+Attention,test,77.477234_12.944139,2024-08-01,0.56207985,0.5442084
BiLSTM+Attention,test,77.477234_12.94863,2024-08-01,0.5578717,0.5484116
BiLSTM+Attention,test,77.477234_12.971088,2024-08-01,0.51659364,0.5303644
BiLSTM+Attention,test,77.477234_13.002529,2024-08-01,0.4156885,0.42886442
BiLSTM+Attention,test,77.477234_13.056428,2024-08-01,0.46767676,0.47908866
BiLSTM+Attention,test,77.481725_12.737526,2024-08-01,0.62651354,0.6236892
BiLSTM+Attention,test,77.481725_12.768967,2024-08-01,0.6131706,0.6124557
BiLSTM+Attention,test,77.481725_12.831849,2024-08-01,0.5050886,0.5304034
BiLSTM+Attention,test,77.481725_12.89024,2024-08-01,0.5647999,0.58558095
BiLSTM+Attention,test,77.481725_12.894731,2024-08-01,0.53197217,0.54507065
BiLSTM+Attention,test,77.481725_12.944139,2024-08-01,0.57486415,0.55533206
BiLSTM+Attention,test,77.481725_12.971088,2024-08-01,0.44138727,0.45682114
BiLSTM+Attention,test,77.481725_12.980071,2024-08-01,0.510647,0.49426883
BiLSTM+Attention,test,77.481725_13.024987,2024-08-01,0.46641606,0.46827233
BiLSTM+Attention,test,77.481725_13.03397,2024-08-01,0.46835756,0.45197684
BiLSTM+Attention,test,77.481725_13.096852,2024-08-01,0.5741415,0.5618712
BiLSTM+Attention,test,77.481725_13.137276,2024-08-01,0.6494893,0.63023174
BiLSTM+Attention,test,77.486217_12.764475,2024-08-01,0.60807306,0.6041388
BiLSTM+Attention,test,77.486217_12.872273,2024-08-01,0.5214428,0.5423864
BiLSTM+Attention,test,77.486217_12.939647,2024-08-01,0.57090986,0.5803781
BiLSTM+Attention,test,77.486217_12.998037,2024-08-01,0.46311688,0.47304434
BiLSTM+Attention,test,77.486217_13.042953,2024-08-01,0.53895026,0.51146024
BiLSTM+Attention,test,77.486217_13.06092,2024-08-01,0.53231645,0.5350879
BiLSTM+Attention,test,77.486217_13.114818,2024-08-01,0.49055323,0.4911217
BiLSTM+Attention,test,77.486217_13.11931,2024-08-01,0.5078281,0.50651526
BiLSTM+Attention,test,77.490708_12.768967,2024-08-01,0.5998274,0.5994756
BiLSTM+Attention,test,77.490708_12.8049,2024-08-01,0.56309825,0.5808851
BiLSTM+Attention,test,77.490708_12.849815,2024-08-01,0.5918236,0.5821247
BiLSTM+Attention,test,77.490708_12.89024,2024-08-01,0.52384704,0.5476718
BiLSTM+Attention,test,77.490708_13.051936,2024-08-01,0.60559946,0.5606152
BiLSTM+Attention,test,77.490708_13.087869,2024-08-01,0.54664063,0.54262996
BiLSTM+Attention,test,77.490708_13.092361,2024-08-01,0.5421187,0.5402521
BiLSTM+Attention,test,77.490708_13.096852,2024-08-01,0.57219243,0.55721736
BiLSTM+Attention,test,77.490708_13.182192,2024-08-01,0.5896809,0.5888268
BiLSTM+Attention,test,77.490708_13.209142,2024-08-01,0.54731303,0.5416272
BiLSTM+Attention,test,77.4952_12.786933,2024-08-01,0.5601331,0.5666027
BiLSTM+Attention,test,77.4952_12.836341,2024-08-01,0.54824597,0.557156
BiLSTM+Attention,test,77.4952_12.899223,2024-08-01,0.5710897,0.58093315
BiLSTM+Attention,test,77.4952_12.962105,2024-08-01,0.5550403,0.5547338
BiLSTM+Attention,test,77.4952_13.020495,2024-08-01,0.5337152,0.5064409
BiLSTM+Attention,test,77.4952_13.024987,2024-08-01,0.5233395,0.482579
BiLSTM+Attention,test,77.4952_13.03397,2024-08-01,0.57656336,0.5449389
BiLSTM+Attention,test,77.4952_13.087869,2024-08-01,0.5209038,0.5099318
BiLSTM+Attention,test,77.4952_13.092361,2024-08-01,0.54735255,0.5321702
BiLSTM+Attention,test,77.4952_13.182192,2024-08-01,0.58923596,0.577692
BiLSTM+Attention,test,77.499692_12.755492,2024-08-01,0.665709,0.66245705
BiLSTM+Attention,test,77.499692_12.858799,2024-08-01,0.6393146,0.6481004
BiLSTM+Attention,test,77.499692_12.899223,2024-08-01,0.54160964,0.5625502
BiLSTM+Attention,test,77.499692_12.984563,2024-08-01,0.5052721,0.5155656
BiLSTM+Attention,test,77.499692_13.114818,2024-08-01,0.5097166,0.49776125
BiLSTM+Attention,test,77.499692_13.137276,2024-08-01,0.5026342,0.49296385
BiLSTM+Attention,test,77.499692_13.168717,2024-08-01,0.63808084,0.603572
BiLSTM+Attention,test,77.504183_12.764475,2024-08-01,0.6707475,0.67741853
BiLSTM+Attention,test,77.504183_12.786933,2024-08-01,0.6281799,0.6332981
BiLSTM+Attention,test,77.504183_12.818374,2024-08-01,0.5889155,0.5975692
BiLSTM+Attention,test,77.504183_12.854307,2024-08-01,0.58125216,0.5948207
BiLSTM+Attention,test,77.504183_12.858799,2024-08-01,0.63807833,0.64990556
BiLSTM+Attention,test,77.504183_12.953122,2024-08-01,0.55361825,0.53806794
BiLSTM+Attention,test,77.504183_13.083377,2024-08-01,0.57909584,0.5680154
BiLSTM+Attention,test,77.504183_13.141768,2024-08-01,0.5798017,0.56609
BiLSTM+Attention,test,77.504183_13.159734,2024-08-01,0.66873646,0.64762735
BiLSTM+Attention,test,77.504183_13.195667,2024-08-01,0.5218946,0.5271443
BiLSTM+Attention,test,77.508675_12.751001,2024-08-01,0.6705921,0.6769384
BiLSTM+Attention,test,77.508675_12.795916,2024-08-01,0.6555541,0.6599174
BiLSTM+Attention,test,77.508675_12.831849,2024-08-01,0.5892786,0.58957124
BiLSTM+Attention,test,77.508675_12.836341,2024-08-01,0.61447424,0.61677736
BiLSTM+Attention,test,77.508675_12.845324,2024-08-01,0.5789753,0.5682812
BiLSTM+Attention,test,77.508675_12.903714,2024-08-01,0.5134544,0.50797755
BiLSTM+Attention,test,77.508675_12.912697,2024-08-01,0.5384928,0.54431677
BiLSTM+Attention,test,77.508675_12.917189,2024-08-01,0.62397456,0.6117844
BiLSTM+Attention,test,77.508675_13.114818,2024-08-01,0.47093034,0.453452
BiLSTM+Attention,test,77.508675_13.137276,2024-08-01,0.52912587,0.5225466
BiLSTM+Attention,test,77.508675_13.159734,2024-08-01,0.65425414,0.6267416
BiLSTM+Attention,test,77.508675_13.191175,2024-08-01,0.5236708,0.53515685
BiLSTM+Attention,test,77.513166_12.746509,2024-08-01,0.76730543,0.7966429
BiLSTM+Attention,test,77.513166_12.764475,2024-08-01,0.6335638,0.62881476
BiLSTM+Attention,test,77.513166_12.77795,2024-08-01,0.7266587,0.7174799
BiLSTM+Attention,test,77.513166_12.822866,2024-08-01,0.66247547,0.6669897
BiLSTM+Attention,test,77.513166_12.908206,2024-08-01,0.51472205,0.51537085
BiLSTM+Attention,test,77.513166_13.087869,2024-08-01,0.57552475,0.555932
BiLSTM+Attention,test,77.513166_13.096852,2024-08-01,0.63939047,0.62346077
BiLSTM+Attention,test,77.513166_13.137276,2024-08-01,0.49003372,0.47991943
BiLSTM+Attention,test,77.513166_13.1777,2024-08-01,0.5682267,0.5598911
BiLSTM+Attention,test,77.517658_12.764475,2024-08-01,0.66350317,0.68021965
BiLSTM+Attention,test,77.517658_12.77795,2024-08-01,0.70202816,0.6964779
BiLSTM+Attention,test,77.517658_12.782442,2024-08-01,0.69723374,0.69694084
BiLSTM+Attention,test,77.517658_12.795916,2024-08-01,0.6751084,0.66586554
BiLSTM+Attention,test,77.517658_12.827358,2024-08-01,0.5897802,0.5845194
BiLSTM+Attention,test,77.517658_12.849815,2024-08-01,0.5846901,0.5783054
BiLSTM+Attention,test,77.517658_12.885748,2024-08-01,0.5699136,0.5752966
BiLSTM+Attention,test,77.517658_12.89024,2024-08-01,0.5614315,0.58091825
BiLSTM+Attention,test,77.517658_12.899223,2024-08-01,0.55414575,0.5730299
BiLSTM+Attention,test,77.517658_12.998037,2024-08-01,0.5920836,0.5768538
BiLSTM+Attention,test,77.517658_13.11931,2024-08-01,0.43450937,0.43412068
BiLSTM+Attention,test,77.517658_13.182192,2024-08-01,0.57167405,0.56536275
BiLSTM+Attention,test,77.517658_13.186684,2024-08-01,0.58054924,0.56897944
BiLSTM+Attention,test,77.517658_13.191175,2024-08-01,0.5241908,0.52050674
BiLSTM+Attention,test,77.522149_12.751001,2024-08-01,0.6959597,0.7069446
BiLSTM+Attention,test,77.522149_12.755492,2024-08-01,0.67200756,0.6942143
BiLSTM+Attention,test,77.522149_12.759984,2024-08-01,0.70484895,0.7202017
BiLSTM+Attention,test,77.522149_12.782442,2024-08-01,0.7151256,0.7153834
BiLSTM+Attention,test,77.522149_12.809391,2024-08-01,0.77431524,0.7679889
BiLSTM+Attention,test,77.522149_12.813883,2024-08-01,0.5890751,0.589514
BiLSTM+Attention,test,77.522149_12.818374,2024-08-01,0.56847864,0.56782365
BiLSTM+Attention,test,77.522149_12.836341,2024-08-01,0.57977086,0.58454305
BiLSTM+Attention,test,77.522149_12.845324,2024-08-01,0.5956726,0.5973916
BiLSTM+Attention,test,77.522149_13.056428,2024-08-01,0.6015812,0.56235486
BiLSTM+Attention,test,77.522149_13.078886,2024-08-01,0.5761727,0.5448596
BiLSTM+Attention,test,77.522149_13.146259,2024-08-01,0.4537916,0.45216498
BiLSTM+Attention,test,77.522149_13.200158,2024-08-01,0.56304884,0.55478257
BiLSTM+Attention,test,77.526641_12.751001,2024-08-01,0.7079591,0.7292224
BiLSTM+Attention,test,77.526641_12.840832,2024-08-01,0.65005463,0.64896774
BiLSTM+Attention,test,77.526641_12.89024,2024-08-01,0.6164446,0.6193029
BiLSTM+Attention,test,77.526641_12.899223,2024-08-01,0.588086,0.57829607
BiLSTM+Attention,test,77.526641_13.078886,2024-08-01,0.5900396,0.55475897
BiLSTM+Attention,test,77.526641_13.105835,2024-08-01,0.44622904,0.43967658
BiLSTM+Attention,test,77.526641_13.110327,2024-08-01,0.4421594,0.43164214
BiLSTM+Attention,test,77.531133_12.791425,2024-08-01,0.61468226,0.6182379
BiLSTM+Attention,test,77.531133_12.795916,2024-08-01,0.6541139,0.6595022
BiLSTM+Attention,test,77.531133_12.800408,2024-08-01,0.6298163,0.6348513
BiLSTM+Attention,test,77.531133_12.822866,2024-08-01,0.59728134,0.5965172
BiLSTM+Attention,test,77.531133_12.827358,2024-08-01,0.610097,0.6095433
BiLSTM+Attention,test,77.531133_12.894731,2024-08-01,0.54037017,0.53085274
BiLSTM+Attention,test,77.531133_13.083377,2024-08-01,0.55862963,0.53374076
BiLSTM+Attention,test,77.531133_13.114818,2024-08-01,0.4538615,0.4547978
BiLSTM+Attention,test,77.531133_13.195667,2024-08-01,0.5751957,0.56246567
BiLSTM+Attention,test,77.535624_12.77795,2024-08-01,0.745854,0.7736775
BiLSTM+Attention,test,77.535624_12.822866,2024-08-01,0.7002537,0.69864225
BiLSTM+Attention,test,77.535624_12.872273,2024-08-01,0.5052338,0.48222226
BiLSTM+Attention,test,77.535624_12.899223,2024-08-01,0.5213334,0.510351
BiLSTM+Attention,test,77.535624_13.069903,2024-08-01,0.6624135,0.6285229
BiLSTM+Attention,test,77.535624_13.083377,2024-08-01,0.5512405,0.5364883
BiLSTM+Attention,test,77.535624_13.096852,2024-08-01,0.49210316,0.47463885
BiLSTM+Attention,test,77.535624_13.114818,2024-08-01,0.4795502,0.46684992
BiLSTM+Attention,test,77.535624_13.132785,2024-08-01,0.50479615,0.48956195
BiLSTM+Attention,test,77.535624_13.137276,2024-08-01,0.44705728,0.4310688
BiLSTM+Attention,test,77.535624_13.195667,2024-08-01,0.5172852,0.48930478
BiLSTM+Attention,test,77.540116_12.77795,2024-08-01,0.6733173,0.6677947
BiLSTM+Attention,test,77.540116_12.795916,2024-08-01,0.67415774,0.6835623
BiLSTM+Attention,test,77.540116_13.042953,2024-08-01,0.59144664,0.5636299
BiLSTM+Attention,test,77.540116_13.074394,2024-08-01,0.6096479,0.5742878
BiLSTM+Attention,test,77.540116_13.092361,2024-08-01,0.45009825,0.4302407
BiLSTM+Attention,test,77.540116_13.101344,2024-08-01,0.47999945,0.46479684
BiLSTM+Attention,test,77.540116_13.105835,2024-08-01,0.49074468,0.48582304
BiLSTM+Attention,test,77.540116_13.114818,2024-08-01,0.4516349,0.43748254
BiLSTM+Attention,test,77.540116_13.132785,2024-08-01,0.49001783,0.47812825
BiLSTM+Attention,test,77.540116_13.155243,2024-08-01,0.5162626,0.49300736
BiLSTM+Attention,test,77.540116_13.182192,2024-08-01,0.4825677,0.487291
BiLSTM+Attention,test,77.544607_12.831849,2024-08-01,0.75797206,0.728765
BiLSTM+Attention,test,77.544607_13.218125,2024-08-01,0.56862026,0.56924796
BiLSTM+Attention,test,77.549099_12.822866,2024-08-01,0.7781695,0.7495737
BiLSTM+Attention,test,77.549099_12.831849,2024-08-01,0.6911649,0.6680308
BiLSTM+Attention,test,77.549099_12.836341,2024-08-01,0.6633804,0.61566925
BiLSTM+Attention,test,77.549099_12.845324,2024-08-01,0.6498444,0.62028396
BiLSTM+Attention,test,77.549099_12.867782,2024-08-01,0.58971614,0.55443335
BiLSTM+Attention,test,77.549099_12.876765,2024-08-01,0.5556685,0.50852126
BiLSTM+Attention,test,77.549099_12.894731,2024-08-01,0.616321,0.5914251
BiLSTM+Attention,test,77.549099_13.096852,2024-08-01,0.5168981,0.49604207
BiLSTM+Attention,test,77.549099_13.132785,2024-08-01,0.6213441,0.61066943
BiLSTM+Attention,test,77.55359_12.71956,2024-08-01,0.81295,0.78505874
BiLSTM+Attention,test,77.55359_12.782442,2024-08-01,0.72914565,0.7153912
BiLSTM+Attention,test,77.55359_12.849815,2024-08-01,0.64419186,0.6294234
BiLSTM+Attention,test,77.55359_12.872273,2024-08-01,0.54682034,0.51376086
BiLSTM+Attention,test,77.55359_13.069903,2024-08-01,0.7278746,0.6942167
BiLSTM+Attention,test,77.55359_13.101344,2024-08-01,0.47251505,0.45709062
BiLSTM+Attention,test,77.55359_13.110327,2024-08-01,0.5285333,0.525304
BiLSTM+Attention,test,77.55359_13.128293,2024-08-01,0.6002288,0.5949681
BiLSTM+Attention,test,77.55359_13.168717,2024-08-01,0.5273515,0.51913166
BiLSTM+Attention,test,77.55359_13.173209,2024-08-01,0.4505771,0.43819284
BiLSTM+Attention,test,77.558082_12.710577,2024-08-01,0.8409379,0.79925025
BiLSTM+Attention,test,77.558082_12.827358,2024-08-01,0.7087324,0.6956543
BiLSTM+Attention,test,77.558082_12.845324,2024-08-01,0.6872686,0.67269576
BiLSTM+Attention,test,77.558082_13.042953,2024-08-01,0.6690955,0.6431033
BiLSTM+Attention,test,77.558082_13.051936,2024-08-01,0.6993049,0.6571399
BiLSTM+Attention,test,77.558082_13.110327,2024-08-01,0.5367347,0.5321143
BiLSTM+Attention,test,77.558082_13.168717,2024-08-01,0.5410403,0.529203
BiLSTM+Attention,test,77.558082_13.1777,2024-08-01,0.52268195,0.51529014
BiLSTM+Attention,test,77.562574_12.71956,2024-08-01,0.81519896,0.7848923
BiLSTM+Attention,test,77.562574_12.827358,2024-08-01,0.71612155,0.7082403
BiLSTM+Attention,test,77.562574_12.858799,2024-08-01,0.5369167,0.52888936
BiLSTM+Attention,test,77.562574_12.872273,2024-08-01,0.6192012,0.6006259
BiLSTM+Attention,test,77.562574_12.876765,2024-08-01,0.66129327,0.63235396
BiLSTM+Attention,test,77.562574_13.141768,2024-08-01,0.5151002,0.5125486
BiLSTM+Attention,test,77.562574_13.159734,2024-08-01,0.5435442,0.5377132
BiLSTM+Attention,test,77.562574_13.173209,2024-08-01,0.5502038,0.53856015
BiLSTM+Attention,test,77.567065_12.724051,2024-08-01,0.76171136,0.7309867
BiLSTM+Attention,test,77.567065_12.813883,2024-08-01,0.70564663,0.6890788
BiLSTM+Attention,test,77.567065_12.849815,2024-08-01,0.683247,0.6686136
BiLSTM+Attention,test,77.567065_13.105835,2024-08-01,0.5993032,0.58225006
BiLSTM+Attention,test,77.567065_13.114818,2024-08-01,0.6447521,0.62612116
BiLSTM+Attention,test,77.567065_13.182192,2024-08-01,0.5467504,0.5397901
BiLSTM+Attention,test,77.571557_12.71956,2024-08-01,0.7981258,0.77020633
BiLSTM+Attention,test,77.571557_12.800408,2024-08-01,0.7035634,0.6843215
BiLSTM+Attention,test,77.571557_12.813883,2024-08-01,0.77469885,0.74033
BiLSTM+Attention,test,77.571557_12.849815,2024-08-01,0.68703824,0.6686746
BiLSTM+Attention,test,77.571557_13.141768,2024-08-01,0.5192663,0.5142261
BiLSTM+Attention,test,77.571557_13.146259,2024-08-01,0.5226412,0.523326
BiLSTM+Attention,test,77.576048_12.71956,2024-08-01,0.7643389,0.7394751
BiLSTM+Attention,test,77.576048_12.728543,2024-08-01,0.7598821,0.73056495
BiLSTM+Attention,test,77.576048_12.742018,2024-08-01,0.75714827,0.7110144
BiLSTM+Attention,test,77.576048_12.813883,2024-08-01,0.7942797,0.754158
BiLSTM+Attention,test,77.576048_12.827358,2024-08-01,0.67277575,0.6573292
BiLSTM+Attention,test,77.58054_12.800408,2024-08-01,0.7427632,0.71508926
BiLSTM+Attention,test,77.58054_12.845324,2024-08-01,0.70422363,0.6605798
BiLSTM+Attention,test,77.58054_13.083377,2024-08-01,0.5617771,0.55368865
BiLSTM+Attention,test,77.58054_13.087869,2024-08-01,0.53577304,0.522981
BiLSTM+Attention,test,77.585031_12.849815,2024-08-01,0.6868421,0.6578945
BiLSTM+Attention,test,77.585031_13.042953,2024-08-01,0.69755155,0.6715795
BiLSTM+Attention,test,77.585031_13.137276,2024-08-01,0.5263161,0.5269087
BiLSTM+Attention,test,77.589523_12.71956,2024-08-01,0.8712117,0.82581884
BiLSTM+Attention,test,77.589523_12.746509,2024-08-01,0.7582142,0.72385055
BiLSTM+Attention,test,77.589523_12.854307,2024-08-01,0.6345297,0.61389345
BiLSTM+Attention,test,77.589523_12.971088,2024-08-01,0.7422192,0.71665776
BiLSTM+Attention,test,77.589523_13.083377,2024-08-01,0.64557767,0.6283095
BiLSTM+Attention,test,77.589523_13.150751,2024-08-01,0.5317944,0.5276608
BiLSTM+Attention,test,77.594015_12.724051,2024-08-01,0.8478283,0.8144065
BiLSTM+Attention,test,77.594015_12.733034,2024-08-01,0.81853986,0.7914083
BiLSTM+Attention,test,77.594015_12.755492,2024-08-01,0.72047836,0.69188046
BiLSTM+Attention,test,77.594015_12.831849,2024-08-01,0.65319747,0.61998093
BiLSTM+Attention,test,77.594015_12.836341,2024-08-01,0.66898155,0.6337471
BiLSTM+Attention,test,77.594015_12.840832,2024-08-01,0.6695059,0.6347773
BiLSTM+Attention,test,77.594015_12.849815,2024-08-01,0.6603454,0.6325262
BiLSTM+Attention,test,77.594015_12.998037,2024-08-01,0.75271875,0.71266794
BiLSTM+Attention,test,77.594015_13.087869,2024-08-01,0.6302514,0.612834
BiLSTM+Attention,test,77.598506_12.665661,2024-08-01,0.8507829,0.7947193
BiLSTM+Attention,test,77.598506_12.710577,2024-08-01,0.7667051,0.74863684
BiLSTM+Attention,test,77.598506_12.822866,2024-08-01,0.67802584,0.64841217
BiLSTM+Attention,test,77.598506_12.849815,2024-08-01,0.7003134,0.6805486
BiLSTM+Attention,test,77.598506_13.083377,2024-08-01,0.62326646,0.60644305
BiLSTM+Attention,test,77.598506_13.128293,2024-08-01,0.58776283,0.5834591
BiLSTM+Attention,test,77.598506_13.141768,2024-08-01,0.5015426,0.50257194
BiLSTM+Attention,test,77.598506_13.146259,2024-08-01,0.48150647,0.4844774
BiLSTM+Attention,test,77.602998_12.710577,2024-08-01,0.8157621,0.7750461
BiLSTM+Attention,test,77.602998_12.827358,2024-08-01,0.59379625,0.5661431
BiLSTM+Attention,test,77.602998_12.849815,2024-08-01,0.6001358,0.5753773
BiLSTM+Attention,test,77.602998_12.858799,2024-08-01,0.6089191,0.57617396
BiLSTM+Attention,test,77.602998_13.114818,2024-08-01,0.5920698,0.60453427
BiLSTM+Attention,test,77.602998_13.11931,2024-08-01,0.60910773,0.59131515
BiLSTM+Attention,test,77.602998_13.128293,2024-08-01,0.556004,0.54978615
BiLSTM+Attention,test,77.602998_13.164226,2024-08-01,0.5156605,0.5006345
BiLSTM+Attention,test,77.607489_12.768967,2024-08-01,0.67708826,0.6509146
BiLSTM+Attention,test,77.607489_12.773459,2024-08-01,0.6506186,0.6226426
BiLSTM+Attention,test,77.607489_12.791425,2024-08-01,0.6386762,0.6033
BiLSTM+Attention,test,77.607489_12.809391,2024-08-01,0.71431816,0.6768981
BiLSTM+Attention,test,77.607489_12.818374,2024-08-01,0.73636395,0.7074583
BiLSTM+Attention,test,77.607489_13.087869,2024-08-01,0.7147513,0.7078289
BiLSTM+Attention,test,77.611981_12.674644,2024-08-01,0.8426947,0.7988714
BiLSTM+Attention,test,77.611981_12.768967,2024-08-01,0.6225024,0.5920864
BiLSTM+Attention,test,77.611981_12.831849,2024-08-01,0.62008077,0.59888107
BiLSTM+Attention,test,77.611981_12.867782,2024-08-01,0.5747331,0.5534683
BiLSTM+Attention,test,77.611981_12.953122,2024-08-01,0.7582748,0.7312361
BiLSTM+Attention,test,77.611981_13.105835,2024-08-01,0.58094394,0.5623625
BiLSTM+Attention,test,77.611981_13.168717,2024-08-01,0.48538294,0.48434237
BiLSTM+Attention,test,77.611981_13.182192,2024-08-01,0.45837396,0.45294097
BiLSTM+Attention,test,77.616473_12.831849,2024-08-01,0.6613571,0.6374856
BiLSTM+Attention,test,77.616473_12.858799,2024-08-01,0.58581126,0.5660865
BiLSTM+Attention,test,77.616473_13.114818,2024-08-01,0.6074857,0.59460187
BiLSTM+Attention,test,77.616473_13.141768,2024-08-01,0.5334267,0.5143962
BiLSTM+Attention,test,77.616473_13.1777,2024-08-01,0.45130706,0.4558091
BiLSTM+Attention,test,77.620964_12.674644,2024-08-01,0.84969676,0.80986357
BiLSTM+Attention,test,77.620964_12.795916,2024-08-01,0.57642573,0.5487389
BiLSTM+Attention,test,77.620964_12.813883,2024-08-01,0.56769466,0.54236823
BiLSTM+Attention,test,77.620964_12.845324,2024-08-01,0.7134094,0.66991603
BiLSTM+Attention,test,77.620964_12.858799,2024-08-01,0.5670461,0.5555044
BiLSTM+Attention,test,77.620964_13.132785,2024-08-01,0.58499557,0.5706946
BiLSTM+Attention,test,77.625456_12.782442,2024-08-01,0.6055206,0.5842084
BiLSTM+Attention,test,77.625456_12.858799,2024-08-01,0.5325393,0.531414
BiLSTM+Attention,test,77.625456_13.065411,2024-08-01,0.4814009,0.47531247
BiLSTM+Attention,test,77.625456_13.128293,2024-08-01,0.5887296,0.5745342
BiLSTM+Attention,test,77.625456_13.137276,2024-08-01,0.5234192,0.52268386
BiLSTM+Attention,test,77.625456_13.155243,2024-08-01,0.6433806,0.6177803
BiLSTM+Attention,test,77.625456_13.182192,2024-08-01,0.4857898,0.48615378
BiLSTM+Attention,test,77.629947_12.795916,2024-08-01,0.785003,0.7372661
BiLSTM+Attention,test,77.629947_12.809391,2024-08-01,0.59008104,0.5713042
BiLSTM+Attention,test,77.629947_12.836341,2024-08-01,0.65341556,0.61539763
BiLSTM+Attention,test,77.629947_12.854307,2024-08-01,0.6025037,0.58172137
BiLSTM+Attention,test,77.629947_12.858799,2024-08-01,0.55461025,0.5532956
BiLSTM+Attention,test,77.629947_13.06092,2024-08-01,0.5046433,0.4925876
BiLSTM+Attention,test,77.629947_13.087869,2024-08-01,0.5049458,0.4963268
BiLSTM+Attention,test,77.629947_13.1777,2024-08-01,0.51308846,0.51172787
BiLSTM+Attention,test,77.634439_12.679136,2024-08-01,0.7944879,0.7446505
BiLSTM+Attention,test,77.634439_12.701593,2024-08-01,0.7410189,0.70738256
BiLSTM+Attention,test,77.634439_12.733034,2024-08-01,0.5808733,0.5639949
BiLSTM+Attention,test,77.634439_12.746509,2024-08-01,0.6256959,0.5955914
BiLSTM+Attention,test,77.634439_12.751001,2024-08-01,0.62176317,0.5928538
BiLSTM+Attention,test,77.634439_12.849815,2024-08-01,0.6079902,0.57295907
BiLSTM+Attention,test,77.634439_13.047445,2024-08-01,0.5650989,0.55436385
BiLSTM+Attention,test,77.634439_13.083377,2024-08-01,0.46718553,0.44850495
BiLSTM+Attention,test,77.634439_13.137276,2024-08-01,0.4817983,0.4761864
BiLSTM+Attention,test,77.63893_12.688119,2024-08-01,0.7339843,0.6877477
BiLSTM+Attention,test,77.63893_12.742018,2024-08-01,0.64114535,0.6074631
BiLSTM+Attention,test,77.63893_12.791425,2024-08-01,0.6342565,0.59966886
BiLSTM+Attention,test,77.63893_12.800408,2024-08-01,0.5880416,0.5599515
BiLSTM+Attention,test,77.63893_12.818374,2024-08-01,0.6015198,0.56573194
BiLSTM+Attention,test,77.63893_12.840832,2024-08-01,0.6797161,0.6289406
BiLSTM+Attention,test,77.63893_12.872273,2024-08-01,0.5236109,0.49408776
BiLSTM+Attention,test,77.63893_12.917189,2024-08-01,0.75631374,0.71541643
BiLSTM+Attention,test,77.63893_12.989054,2024-08-01,0.66684353,0.65506
BiLSTM+Attention,test,77.63893_13.056428,2024-08-01,0.5258977,0.5075414
BiLSTM+Attention,test,77.63893_13.078886,2024-08-01,0.4726691,0.46683985
BiLSTM+Attention,test,77.63893_13.083377,2024-08-01,0.4614514,0.44655204
BiLSTM+Attention,test,77.63893_13.1777,2024-08-01,0.4945083,0.48612309
BiLSTM+Attention,test,77.643422_12.795916,2024-08-01,0.61054724,0.5728439
BiLSTM+Attention,test,77.643422_12.800408,2024-08-01,0.5929677,0.55519396
BiLSTM+Attention,test,77.643422_12.809391,2024-08-01,0.6202771,0.5778154
BiLSTM+Attention,test,77.643422_12.867782,2024-08-01,0.56188947,0.5265523
BiLSTM+Attention,test,77.643422_13.002529,2024-08-01,0.5922525,0.5851298
BiLSTM+Attention,test,77.643422_13.038462,2024-08-01,0.58883256,0.57484996
BiLSTM+Attention,test,77.643422_13.164226,2024-08-01,0.600741,0.5845363
BiLSTM+Attention,test,77.647914_12.688119,2024-08-01,0.7728958,0.72557944
BiLSTM+Attention,test,77.647914_12.733034,2024-08-01,0.613523,0.5916507
BiLSTM+Attention,test,77.647914_12.881256,2024-08-01,0.5766709,0.53760564
BiLSTM+Attention,test,77.647914_12.935155,2024-08-01,0.7031196,0.68378335
BiLSTM+Attention,test,77.647914_13.141768,2024-08-01,0.631809,0.61936074
BiLSTM+Attention,test,77.647914_13.168717,2024-08-01,0.67075396,0.6455455
BiLSTM+Attention,test,77.652405_12.697102,2024-08-01,0.73779345,0.7012585
BiLSTM+Attention,test,77.652405_12.773459,2024-08-01,0.59683436,0.5778763
BiLSTM+Attention,test,77.652405_12.795916,2024-08-01,0.57171077,0.53816783
BiLSTM+Attention,test,77.652405_12.8049,2024-08-01,0.62731355,0.5915625
BiLSTM+Attention,test,77.652405_12.858799,2024-08-01,0.71346855,0.6760429
BiLSTM+Attention,test,77.652405_12.926172,2024-08-01,0.692428,0.6653427
BiLSTM+Attention,test,77.652405_13.002529,2024-08-01,0.5808521,0.56150234
BiLSTM+Attention,test,77.656897_12.742018,2024-08-01,0.6517605,0.60762215
BiLSTM+Attention,test,77.656897_12.746509,2024-08-01,0.6317244,0.5997717
BiLSTM+Attention,test,77.656897_12.768967,2024-08-01,0.63696104,0.6201324
BiLSTM+Attention,test,77.656897_12.791425,2024-08-01,0.5899863,0.55102926
BiLSTM+Attention,test,77.656897_12.800408,2024-08-01,0.6424369,0.60747254
BiLSTM+Attention,test,77.656897_12.831849,2024-08-01,0.6416637,0.60236937
BiLSTM+Attention,test,77.656897_12.849815,2024-08-01,0.53419465,0.5124959
BiLSTM+Attention,test,77.656897_12.939647,2024-08-01,0.63788813,0.61009955
BiLSTM+Attention,test,77.656897_13.101344,2024-08-01,0.49225888,0.49075738
BiLSTM+Attention,test,77.656897_13.164226,2024-08-01,0.5032676,0.50407696
BiLSTM+Attention,test,77.656897_13.173209,2024-08-01,0.47508752,0.46213385
BiLSTM+Attention,test,77.661388_12.737526,2024-08-01,0.6545943,0.61912626
BiLSTM+Attention,test,77.661388_12.759984,2024-08-01,0.6616822,0.63080376
BiLSTM+Attention,test,77.661388_13.056428,2024-08-01,0.54657316,0.5265307
BiLSTM+Attention,test,77.661388_13.074394,2024-08-01,0.5477326,0.543209
BiLSTM+Attention,test,77.661388_13.087869,2024-08-01,0.5002381,0.49681902
BiLSTM+Attention,test,77.661388_13.101344,2024-08-01,0.48813352,0.48708358
BiLSTM+Attention,test,77.661388_13.110327,2024-08-01,0.54939026,0.5237986
BiLSTM+Attention,test,77.661388_13.11931,2024-08-01,0.6027999,0.58988893
BiLSTM+Attention,test,77.66588_12.679136,2024-08-01,0.726481,0.6872798
BiLSTM+Attention,test,77.66588_12.697102,2024-08-01,0.6918755,0.6610586
BiLSTM+Attention,test,77.66588_12.715068,2024-08-01,0.6684922,0.64692175
BiLSTM+Attention,test,77.66588_12.724051,2024-08-01,0.6580258,0.62333465
BiLSTM+Attention,test,77.66588_12.751001,2024-08-01,0.6216945,0.5992303
BiLSTM+Attention,test,77.66588_12.755492,2024-08-01,0.6652382,0.6302956
BiLSTM+Attention,test,77.66588_12.764475,2024-08-01,0.643441,0.6085888
BiLSTM+Attention,test,77.66588_12.768967,2024-08-01,0.7718859,0.7409313
BiLSTM+Attention,test,77.66588_12.791425,2024-08-01,0.67879355,0.6443347
BiLSTM+Attention,test,77.66588_12.953122,2024-08-01,0.6588726,0.62656265
BiLSTM+Attention,test,77.66588_13.038462,2024-08-01,0.55831605,0.53739655
BiLSTM+Attention,test,77.66588_13.051936,2024-08-01,0.58419615,0.56822276
BiLSTM+Attention,test,77.66588_13.173209,2024-08-01,0.48179525,0.4755562
BiLSTM+Attention,test,77.670371_12.71956,2024-08-01,0.66157293,0.6395123
BiLSTM+Attention,test,77.670371_12.86329,2024-08-01,0.5682861,0.53712416
BiLSTM+Attention,test,77.670371_12.881256,2024-08-01,0.55918354,0.5290289
BiLSTM+Attention,test,77.670371_12.894731,2024-08-01,0.5064836,0.48085752
BiLSTM+Attention,test,77.670371_13.069903,2024-08-01,0.48790956,0.4833067
BiLSTM+Attention,test,77.670371_13.083377,2024-08-01,0.44883022,0.44549048
BiLSTM+Attention,test,77.670371_13.092361,2024-08-01,0.45217034,0.4574467
BiLSTM+Attention,test,77.670371_13.128293,2024-08-01,0.53329283,0.5366153
BiLSTM+Attention,test,77.674863_12.674644,2024-08-01,0.76440346,0.72917044
BiLSTM+Attention,test,77.674863_12.71956,2024-08-01,0.65671486,0.6445293
BiLSTM+Attention,test,77.674863_12.755492,2024-08-01,0.60936207,0.57805955
BiLSTM+Attention,test,77.674863_12.764475,2024-08-01,0.6239447,0.5845547
BiLSTM+Attention,test,77.674863_12.786933,2024-08-01,0.6531315,0.62503076
BiLSTM+Attention,test,77.674863_12.836341,2024-08-01,0.59093976,0.5632105
BiLSTM+Attention,test,77.674863_12.867782,2024-08-01,0.7426734,0.7018354
BiLSTM+Attention,test,77.674863_13.051936,2024-08-01,0.5930309,0.5678533
BiLSTM+Attention,test,77.674863_13.069903,2024-08-01,0.4699417,0.46294492
BiLSTM+Attention,test,77.674863_13.092361,2024-08-01,0.47194687,0.47216946
BiLSTM+Attention,test,77.674863_13.105835,2024-08-01,0.5262594,0.5210357
BiLSTM+Attention,test,77.679355_12.697102,2024-08-01,0.6374309,0.60176885
BiLSTM+Attention,test,77.679355_12.746509,2024-08-01,0.72112507,0.68576944
BiLSTM+Attention,test,77.679355_12.881256,2024-08-01,0.5850538,0.540856
BiLSTM+Attention,test,77.679355_12.89024,2024-08-01,0.59803677,0.55726767
BiLSTM+Attention,test,77.679355_12.899223,2024-08-01,0.5194147,0.4908732
BiLSTM+Attention,test,77.679355_13.047445,2024-08-01,0.7703279,0.72994345
BiLSTM+Attention,test,77.679355_13.056428,2024-08-01,0.56483114,0.5447052
BiLSTM+Attention,test,77.679355_13.074394,2024-08-01,0.4887081,0.47835895
BiLSTM+Attention,test,77.679355_13.101344,2024-08-01,0.4899997,0.4814
BiLSTM+Attention,test,77.679355_13.141768,2024-08-01,0.5236981,0.5256481
BiLSTM+Attention,test,77.679355_13.155243,2024-08-01,0.45158508,0.4497966
BiLSTM+Attention,test,77.679355_13.159734,2024-08-01,0.47596547,0.4717664
BiLSTM+Attention,test,77.683846_12.728543,2024-08-01,0.64078915,0.6128572
BiLSTM+Attention,test,77.683846_12.742018,2024-08-01,0.5873537,0.55393904
BiLSTM+Attention,test,77.683846_12.755492,2024-08-01,0.7524877,0.7244841
BiLSTM+Attention,test,77.683846_12.795916,2024-08-01,0.6205813,0.5924373
BiLSTM+Attention,test,77.683846_12.8049,2024-08-01,0.59038234,0.55869955
BiLSTM+Attention,test,77.683846_12.836341,2024-08-01,0.62311023,0.6059544
BiLSTM+Attention,test,77.683846_12.840832,2024-08-01,0.64358824,0.61028206
BiLSTM+Attention,test,77.683846_12.894731,2024-08-01,0.6117423,0.57333404
BiLSTM+Attention,test,77.683846_12.917189,2024-08-01,0.516418,0.5056928
BiLSTM+Attention,test,77.683846_12.939647,2024-08-01,0.75277334,0.72284937
BiLSTM+Attention,test,77.683846_13.029478,2024-08-01,0.44419545,0.43572757
BiLSTM+Attention,test,77.683846_13.06092,2024-08-01,0.5376903,0.53217584
BiLSTM+Attention,test,77.683846_13.074394,2024-08-01,0.45626017,0.4469306
BiLSTM+Attention,test,77.683846_13.11931,2024-08-01,0.43517575,0.44054648
BiLSTM+Attention,test,77.683846_13.123802,2024-08-01,0.48352197,0.48574495
BiLSTM+Attention,test,77.688338_12.656678,2024-08-01,0.77512586,0.7232736
BiLSTM+Attention,test,77.688338_12.69261,2024-08-01,0.81785214,0.7741622
BiLSTM+Attention,test,77.688338_12.697102,2024-08-01,0.8232229,0.7795495
BiLSTM+Attention,test,77.688338_12.710577,2024-08-01,0.8205577,0.7667343
BiLSTM+Attention,test,77.688338_12.751001,2024-08-01,0.65249366,0.62823033
BiLSTM+Attention,test,77.688338_12.755492,2024-08-01,0.6249478,0.60369164
BiLSTM+Attention,test,77.688338_12.876765,2024-08-01,0.80089504,0.7428559
BiLSTM+Attention,test,77.688338_12.885748,2024-08-01,0.623995,0.5945506
BiLSTM+Attention,test,77.688338_12.966596,2024-08-01,0.6301149,0.6033397
BiLSTM+Attention,test,77.692829_12.746509,2024-08-01,0.55349606,0.53738415
BiLSTM+Attention,test,77.692829_12.800408,2024-08-01,0.5935591,0.5551826
BiLSTM+Attention,test,77.692829_12.845324,2024-08-01,0.65289897,0.62897915
BiLSTM+Attention,test,77.692829_12.885748,2024-08-01,0.6496189,0.61033165
BiLSTM+Attention,test,77.692829_12.899223,2024-08-01,0.57473475,0.53897995
BiLSTM+Attention,test,77.692829_13.047445,2024-08-01,0.7432039,0.69950813
BiLSTM+Attention,test,77.692829_13.06092,2024-08-01,0.6327625,0.6129019
BiLSTM+Attention,test,77.692829_13.065411,2024-08-01,0.5860301,0.57674503
BiLSTM+Attention,test,77.692829_13.083377,2024-08-01,0.45312294,0.4529029
BiLSTM+Attention,test,77.692829_13.096852,2024-08-01,0.43497062,0.43116724
BiLSTM+Attention,test,77.692829_13.132785,2024-08-01,0.4134412,0.4186535
BiLSTM+Attention,test,77.692829_13.155243,2024-08-01,0.45271575,0.45351404
BiLSTM+Attention,test,77.697321_12.697102,2024-08-01,0.8260253,0.7846435
BiLSTM+Attention,test,77.697321_12.751001,2024-08-01,0.617212,0.5924672
BiLSTM+Attention,test,77.697321_12.773459,2024-08-01,0.5954162,0.5622986
BiLSTM+Attention,test,77.697321_12.791425,2024-08-01,0.6784808,0.6421846
BiLSTM+Attention,test,77.697321_12.885748,2024-08-01,0.6530513,0.6145122
BiLSTM+Attention,test,77.697321_12.894731,2024-08-01,0.59016746,0.5499597
BiLSTM+Attention,test,77.697321_12.930664,2024-08-01,0.6008244,0.5622881
BiLSTM+Attention,test,77.697321_12.966596,2024-08-01,0.60539514,0.5810977
BiLSTM+Attention,test,77.697321_13.132785,2024-08-01,0.4134412,0.42123514
BiLSTM+Attention,test,77.697321_13.150751,2024-08-01,0.46844628,0.45901582
BiLSTM+Attention,test,77.697321_13.1777,2024-08-01,0.5621136,0.5519747
BiLSTM+Attention,test,77.701812_12.742018,2024-08-01,0.6105534,0.58747417
BiLSTM+Attention,test,77.701812_12.77795,2024-08-01,0.5923324,0.5513028
BiLSTM+Attention,test,77.701812_12.8049,2024-08-01,0.6629234,0.61606514
BiLSTM+Attention,test,77.701812_12.822866,2024-08-01,0.6285747,0.606521
BiLSTM+Attention,test,77.701812_12.872273,2024-08-01,0.5837063,0.54311216
BiLSTM+Attention,test,77.701812_12.984563,2024-08-01,0.5317875,0.50164646
BiLSTM+Attention,test,77.701812_13.03397,2024-08-01,0.50109994,0.493308
BiLSTM+Attention,test,77.701812_13.114818,2024-08-01,0.4939391,0.49509063
BiLSTM+Attention,test,77.701812_13.164226,2024-08-01,0.4680654,0.47015393
BiLSTM+Attention,test,77.706304_12.746509,2024-08-01,0.6237766,0.6010984
BiLSTM+Attention,test,77.706304_12.751001,2024-08-01,0.6305114,0.5959197
BiLSTM+Attention,test,77.706304_12.759984,2024-08-01,0.5473065,0.54388267
BiLSTM+Attention,test,77.706304_12.764475,2024-08-01,0.5847659,0.5746171
BiLSTM+Attention,test,77.706304_12.86329,2024-08-01,0.51733077,0.51002026
BiLSTM+Attention,test,77.706304_12.984563,2024-08-01,0.5391046,0.5123607
BiLSTM+Attention,test,77.706304_13.038462,2024-08-01,0.5078141,0.49054813
BiLSTM+Attention,test,77.706304_13.042953,2024-08-01,0.5593258,0.54449064
BiLSTM+Attention,test,77.706304_13.137276,2024-08-01,0.65698594,0.6443397
BiLSTM+Attention,test,77.710796_12.715068,2024-08-01,0.70131093,0.67756534
BiLSTM+Attention,test,77.710796_12.894731,2024-08-01,0.6660693,0.6233655
BiLSTM+Attention,test,77.710796_12.899223,2024-08-01,0.6151922,0.58210343
BiLSTM+Attention,test,77.710796_12.912697,2024-08-01,0.5373873,0.5180475
BiLSTM+Attention,test,77.710796_13.03397,2024-08-01,0.49270022,0.4983355
BiLSTM+Attention,test,77.710796_13.11931,2024-08-01,0.4647923,0.47181895
BiLSTM+Attention,test,77.710796_13.123802,2024-08-01,0.43418476,0.44423166
BiLSTM+Attention,test,77.710796_13.132785,2024-08-01,0.4621193,0.46421647
BiLSTM+Attention,test,77.710796_13.150751,2024-08-01,0.44124258,0.43866462
BiLSTM+Attention,test,77.710796_13.168717,2024-08-01,0.50980735,0.49818033
BiLSTM+Attention,test,77.710796_13.173209,2024-08-01,0.5184224,0.5230202
BiLSTM+Attention,test,77.715287_12.679136,2024-08-01,0.74101585,0.71980417
BiLSTM+Attention,test,77.715287_12.742018,2024-08-01,0.6115094,0.5869485
BiLSTM+Attention,test,77.715287_12.773459,2024-08-01,0.57651645,0.5590462
BiLSTM+Attention,test,77.715287_12.822866,2024-08-01,0.647421,0.6074852
BiLSTM+Attention,test,77.715287_12.827358,2024-08-01,0.6156755,0.57780385
BiLSTM+Attention,test,77.715287_12.845324,2024-08-01,0.56341577,0.53332454
BiLSTM+Attention,test,77.715287_12.885748,2024-08-01,0.6344714,0.6043428
BiLSTM+Attention,test,77.715287_12.899223,2024-08-01,0.53115827,0.50400454
BiLSTM+Attention,test,77.715287_12.939647,2024-08-01,0.76176983,0.7299887
BiLSTM+Attention,test,77.715287_12.944139,2024-08-01,0.79060006,0.7621324
BiLSTM+Attention,test,77.715287_12.94863,2024-08-01,0.6378387,0.6114323
BiLSTM+Attention,test,77.715287_13.016004,2024-08-01,0.5732898,0.5512885
BiLSTM+Attention,test,77.715287_13.029478,2024-08-01,0.45476103,0.45503783
BiLSTM+Attention,test,77.715287_13.038462,2024-08-01,0.5774057,0.57605994
BiLSTM+Attention,test,77.715287_13.051936,2024-08-01,0.56580013,0.55973214
BiLSTM+Attention,test,77.715287_13.056428,2024-08-01,0.49901703,0.49490446
BiLSTM+Attention,test,77.715287_13.096852,2024-08-01,0.39349103,0.4003985
BiLSTM+Attention,test,77.715287_13.114818,2024-08-01,0.52984226,0.5327035
BiLSTM+Attention,test,77.715287_13.128293,2024-08-01,0.47470754,0.47998863
BiLSTM+Attention,test,77.719779_12.706085,2024-08-01,0.7170269,0.6924622
BiLSTM+Attention,test,77.719779_12.746509,2024-08-01,0.7343227,0.71857625
BiLSTM+Attention,test,77.719779_12.795916,2024-08-01,0.61096406,0.5796773
BiLSTM+Attention,test,77.719779_12.840832,2024-08-01,0.6443636,0.6147412
BiLSTM+Attention,test,77.719779_12.903714,2024-08-01,0.52892864,0.5138817
BiLSTM+Attention,test,77.719779_13.069903,2024-08-01,0.4639498,0.46951133
BiLSTM+Attention,test,77.719779_13.105835,2024-08-01,0.48794973,0.4847999
BiLSTM+Attention,test,77.719779_13.123802,2024-08-01,0.44498956,0.4489951
BiLSTM+Attention,test,77.719779_13.137276,2024-08-01,0.4504992,0.45321414
BiLSTM+Attention,test,77.719779_13.155243,2024-08-01,0.44177,0.43871439
BiLSTM+Attention,test,77.72427_12.674644,2024-08-01,0.6660627,0.6348706
BiLSTM+Attention,test,77.72427_12.697102,2024-08-01,0.5933893,0.57263553
BiLSTM+Attention,test,77.72427_12.701593,2024-08-01,0.6202735,0.60197365
BiLSTM+Attention,test,77.72427_12.724051,2024-08-01,0.6430348,0.62154555
BiLSTM+Attention,test,77.72427_12.786933,2024-08-01,0.63504803,0.5933618
BiLSTM+Attention,test,77.72427_12.791425,2024-08-01,0.633456,0.5939458
BiLSTM+Attention,test,77.72427_12.840832,2024-08-01,0.62401545,0.5945161
BiLSTM+Attention,test,77.72427_12.867782,2024-08-01,0.56852376,0.53951013
BiLSTM+Attention,test,77.72427_12.885748,2024-08-01,0.6048564,0.5684269
BiLSTM+Attention,test,77.72427_13.024987,2024-08-01,0.76304543,0.74733883
BiLSTM+Attention,test,77.72427_13.06092,2024-08-01,0.48212922,0.48700377
BiLSTM+Attention,test,77.72427_13.074394,2024-08-01,0.49191624,0.49275666
BiLSTM+Attention,test,77.728762_12.706085,2024-08-01,0.691167,0.66860914
BiLSTM+Attention,test,77.728762_12.724051,2024-08-01,0.72501725,0.6866965
BiLSTM+Attention,test,77.728762_12.759984,2024-08-01,0.6169689,0.5964477
BiLSTM+Attention,test,77.728762_12.782442,2024-08-01,0.6399818,0.6153063
BiLSTM+Attention,test,77.728762_12.809391,2024-08-01,0.6303565,0.60446274
BiLSTM+Attention,test,77.728762_12.858799,2024-08-01,0.6402193,0.59831667
BiLSTM+Attention,test,77.728762_12.876765,2024-08-01,0.6508632,0.6195334
BiLSTM+Attention,test,77.728762_12.885748,2024-08-01,0.5936714,0.5593595
BiLSTM+Attention,test,77.728762_13.016004,2024-08-01,0.75112486,0.7389087
BiLSTM+Attention,test,77.728762_13.047445,2024-08-01,0.54650253,0.54210377
BiLSTM+Attention,test,77.728762_13.087869,2024-08-01,0.5158096,0.5201908
BiLSTM+Attention,test,77.728762_13.092361,2024-08-01,0.47770265,0.48256704
BiLSTM+Attention,test,77.733253_12.755492,2024-08-01,0.5876037,0.56901133
BiLSTM+Attention,test,77.733253_12.795916,2024-08-01,0.6050069,0.5631938
BiLSTM+Attention,test,77.733253_12.86329,2024-08-01,0.6534631,0.6211151
BiLSTM+Attention,test,77.733253_12.872273,2024-08-01,0.637031,0.60232955
BiLSTM+Attention,test,77.733253_12.998037,2024-08-01,0.65698403,0.64175874
BiLSTM+Attention,test,77.733253_13.056428,2024-08-01,0.45883107,0.46513593
BiLSTM+Attention,test,77.737745_12.764475,2024-08-01,0.5654207,0.5497176
BiLSTM+Attention,test,77.737745_12.791425,2024-08-01,0.6237651,0.5893387
BiLSTM+Attention,test,77.737745_12.809391,2024-08-01,0.6041099,0.5850925
BiLSTM+Attention,test,77.737745_12.858799,2024-08-01,0.6192477,0.587021
BiLSTM+Attention,test,77.737745_12.872273,2024-08-01,0.6444266,0.61759526
BiLSTM+Attention,test,77.737745_12.881256,2024-08-01,0.66468847,0.62433684
BiLSTM+Attention,test,77.737745_13.051936,2024-08-01,0.48279306,0.49062037
BiLSTM+Attention,test,77.737745_13.06092,2024-08-01,0.48766124,0.49314606
BiLSTM+Attention,test,77.737745_13.078886,2024-08-01,0.51467204,0.50940794
BiLSTM+Attention,test,77.737745_13.101344,2024-08-01,0.4402432,0.44337425
BiLSTM+Attention,test,77.742237_12.697102,2024-08-01,0.7334332,0.6998473
BiLSTM+Attention,test,77.742237_12.764475,2024-08-01,0.580175,0.5636872
BiLSTM+Attention,test,77.742237_12.795916,2024-08-01,0.5901877,0.55777025
BiLSTM+Attention,test,77.742237_12.8049,2024-08-01,0.6329874,0.5928141
BiLSTM+Attention,test,77.742237_12.86329,2024-08-01,0.5592719,0.5321498
BiLSTM+Attention,test,77.742237_12.867782,2024-08-01,0.6494175,0.61571157
BiLSTM+Attention,test,77.742237_12.89024,2024-08-01,0.6502976,0.6165718
BiLSTM+Attention,test,77.742237_12.899223,2024-08-01,0.63089865,0.6051464
BiLSTM+Attention,test,77.742237_12.921681,2024-08-01,0.56884533,0.5514738
BiLSTM+Attention,test,77.742237_12.980071,2024-08-01,0.60789376,0.5841101
BiLSTM+Attention,test,77.742237_13.002529,2024-08-01,0.60352284,0.61176574
BiLSTM+Attention,test,77.742237_13.016004,2024-08-01,0.60991836,0.61494505
BiLSTM+Attention,test,77.742237_13.038462,2024-08-01,0.46096238,0.4704971
BiLSTM+Attention,test,77.742237_13.074394,2024-08-01,0.4378827,0.44964048
BiLSTM+Attention,test,77.742237_13.078886,2024-08-01,0.50060344,0.5033183
BiLSTM+Attention,test,77.742237_13.101344,2024-08-01,0.4624107,0.4628755
BiLSTM+Attention,test,77.746728_12.751001,2024-08-01,0.608292,0.58671683
BiLSTM+Attention,test,77.746728_12.764475,2024-08-01,0.59950566,0.5846081
BiLSTM+Attention,test,77.746728_12.782442,2024-08-01,0.6349364,0.60646063
BiLSTM+Attention,test,77.746728_12.97558,2024-08-01,0.628423,0.6057207
BiLSTM+Attention,test,77.746728_12.984563,2024-08-01,0.618554,0.5853362
BiLSTM+Attention,test,77.746728_13.016004,2024-08-01,0.6220075,0.63044924
BiLSTM+Attention,test,77.746728_13.020495,2024-08-01,0.67209,0.6566593
BiLSTM+Attention,test,77.746728_13.024987,2024-08-01,0.58155304,0.561764
BiLSTM+Attention,test,77.746728_13.038462,2024-08-01,0.48945537,0.48922983
BiLSTM+Attention,test,77.746728_13.06092,2024-08-01,0.44775206,0.45439667
BiLSTM+Attention,test,77.746728_13.083377,2024-08-01,0.49990058,0.5037749
BiLSTM+Attention,test,77.746728_13.092361,2024-08-01,0.457633,0.45836282
BiLSTM+Attention,test,77.75122_12.751001,2024-08-01,0.59801155,0.5847639
BiLSTM+Attention,test,77.75122_12.755492,2024-08-01,0.6421131,0.62222147
BiLSTM+Attention,test,77.75122_12.768967,2024-08-01,0.5786213,0.555172
BiLSTM+Attention,test,77.75122_12.77795,2024-08-01,0.5973526,0.5873508
BiLSTM+Attention,test,77.75122_12.894731,2024-08-01,0.5730877,0.5486002
BiLSTM+Attention,test,77.75122_12.993546,2024-08-01,0.55920506,0.5560177
BiLSTM+Attention,test,77.75122_13.020495,2024-08-01,0.6052039,0.5909815
BiLSTM+Attention,test,77.75122_13.03397,2024-08-01,0.5003971,0.50359577
BiLSTM+Attention,test,77.75122_13.038462,2024-08-01,0.46952826,0.46716577
BiLSTM+Attention,test,77.755711_12.706085,2024-08-01,0.64862436,0.6136813
BiLSTM+Attention,test,77.755711_12.764475,2024-08-01,0.81162757,0.7690172
BiLSTM+Attention,test,77.755711_12.77795,2024-08-01,0.58011127,0.5742205
BiLSTM+Attention,test,77.755711_12.822866,2024-08-01,0.5814852,0.5688045
BiLSTM+Attention,test,77.755711_12.831849,2024-08-01,0.57408327,0.5436517
BiLSTM+Attention,test,77.755711_12.858799,2024-08-01,0.6221733,0.59087217
BiLSTM+Attention,test,77.755711_12.885748,2024-08-01,0.59141684,0.58303887
BiLSTM+Attention,test,77.755711_12.899223,2024-08-01,0.521911,0.5122285
BiLSTM+Attention,test,77.755711_12.903714,2024-08-01,0.5947811,0.57280743
BiLSTM+Attention,test,77.755711_12.926172,2024-08-01,0.6045296,0.5779692
BiLSTM+Attention,test,77.760203_12.751001,2024-08-01,0.5945384,0.5745847
BiLSTM+Attention,test,77.760203_12.795916,2024-08-01,0.5911108,0.5538913
BiLSTM+Attention,test,77.760203_12.818374,2024-08-01,0.6763352,0.646809
BiLSTM+Attention,test,77.760203_12.867782,2024-08-01,0.5806327,0.5597494
BiLSTM+Attention,test,77.760203_12.872273,2024-08-01,0.5929072,0.5695297
BiLSTM+Attention,test,77.760203_12.876765,2024-08-01,0.5640633,0.53529
BiLSTM+Attention,test,77.760203_12.885748,2024-08-01,0.5802225,0.5554863
BiLSTM+Attention,test,77.760203_12.984563,2024-08-01,0.6170362,0.60014534
BiLSTM+Attention,test,77.764695_12.742018,2024-08-01,0.7073462,0.68612707
BiLSTM+Attention,test,77.764695_12.746509,2024-08-01,0.6949417,0.6767422
BiLSTM+Attention,test,77.764695_12.813883,2024-08-01,0.6370437,0.60459334
BiLSTM+Attention,test,77.764695_12.849815,2024-08-01,0.6071856,0.567881
BiLSTM+Attention,test,77.764695_12.885748,2024-08-01,0.60488653,0.5826476
BiLSTM+Attention,test,77.764695_12.912697,2024-08-01,0.60043555,0.5758186
BiLSTM+Attention,test,77.764695_13.03397,2024-08-01,0.44847083,0.45625573
BiLSTM+Attention,test,77.769186_12.751001,2024-08-01,0.7176293,0.690453
BiLSTM+Attention,test,77.769186_12.791425,2024-08-01,0.56536496,0.5567718
BiLSTM+Attention,test,77.769186_12.800408,2024-08-01,0.61801034,0.5908845
BiLSTM+Attention,test,77.769186_12.8049,2024-08-01,0.650805,0.6234025
BiLSTM+Attention,test,77.769186_12.809391,2024-08-01,0.58712864,0.565785
BiLSTM+Attention,test,77.769186_12.876765,2024-08-01,0.623135,0.592971
BiLSTM+Attention,test,77.769186_12.894731,2024-08-01,0.5854605,0.5512675
BiLSTM+Attention,test,77.769186_13.016004,2024-08-01,0.55863506,0.5430154
BiLSTM+Attention,test,77.773678_12.746509,2024-08-01,0.7112503,0.6940576
BiLSTM+Attention,test,77.773678_12.858799,2024-08-01,0.5650884,0.536626
BiLSTM+Attention,test,77.773678_12.885748,2024-08-01,0.5761597,0.54875463
BiLSTM+Attention,test,77.773678_12.899223,2024-08-01,0.5525062,0.5339453
BiLSTM+Attention,test,77.773678_12.908206,2024-08-01,0.5902493,0.5705863
BiLSTM+Attention,test,77.778169_12.809391,2024-08-01,0.56482434,0.5336906
BiLSTM+Attention,test,77.778169_12.885748,2024-08-01,0.5947472,0.5722544
BiLSTM+Attention,test,77.782661_12.786933,2024-08-01,0.56740016,0.5530027
BiLSTM+Attention,test,77.782661_12.791425,2024-08-01,0.5953979,0.57983804
BiLSTM+Attention,test,77.782661_12.89024,2024-08-01,0.587673,0.5670702
BiLSTM+Attention,test,77.787152_12.786933,2024-08-01,0.5812499,0.567201
BiLSTM+Attention,test,77.787152_12.849815,2024-08-01,0.567209,0.54752284
BiLSTM+Attention,test,77.787152_12.867782,2024-08-01,0.5593856,0.55647314
BiLSTM+Attention,test,77.791644_12.8049,2024-08-01,0.59622014,0.5599579
BiLSTM+Attention,test,77.791644_12.899223,2024-08-01,0.57640904,0.55654514
BiLSTM+Attention,test,77.796136_12.854307,2024-08-01,0.56388915,0.5387629
BiLSTM+Attention,test,77.796136_12.885748,2024-08-01,0.6267005,0.60681117
BiLSTM+Attention,test,77.800627_12.876765,2024-08-01,0.61955553,0.6043719
BiLSTM+Attention,test,77.800627_12.885748,2024-08-01,0.58697027,0.5671277
BiLSTM+Attention,test,77.805119_12.876765,2024-08-01,0.62694466,0.6099169
BiLSTM+Attention,test,77.805119_12.89024,2024-08-01,0.61605704,0.5976512
BiLSTM+Attention,test,77.80961_12.858799,2024-08-01,0.6095118,0.608849
BiLSTM+Attention,test,77.80961_12.86329,2024-08-01,0.5879335,0.5870894
BiLSTM+Attention,test,77.329012_12.944139,2024-09-01,0.5347493,0.580397
BiLSTM+Attention,test,77.329012_12.962105,2024-09-01,0.705442,0.7211684
BiLSTM+Attention,test,77.337995_12.921681,2024-09-01,0.65501803,0.6750489
BiLSTM+Attention,test,77.342486_12.926172,2024-09-01,0.6934245,0.69468915
BiLSTM+Attention,test,77.342486_12.935155,2024-09-01,0.714451,0.73784447
BiLSTM+Attention,test,77.342486_12.944139,2024-09-01,0.6828716,0.710195
BiLSTM+Attention,test,77.346978_12.86329,2024-09-01,0.5837902,0.6229964
BiLSTM+Attention,test,77.346978_12.962105,2024-09-01,0.5422191,0.5703973
BiLSTM+Attention,test,77.351469_12.89024,2024-09-01,0.5584881,0.59477806
BiLSTM+Attention,test,77.351469_12.930664,2024-09-01,0.7183357,0.7603432
BiLSTM+Attention,test,77.351469_12.939647,2024-09-01,0.6989608,0.7315881
BiLSTM+Attention,test,77.355961_12.899223,2024-09-01,0.5733578,0.61254287
BiLSTM+Attention,test,77.355961_12.94863,2024-09-01,0.50993127,0.5541974
BiLSTM+Attention,test,77.355961_12.962105,2024-09-01,0.7155817,0.73399353
BiLSTM+Attention,test,77.360453_12.867782,2024-09-01,0.4719353,0.5170474
BiLSTM+Attention,test,77.360453_12.908206,2024-09-01,0.59382224,0.6284238
BiLSTM+Attention,test,77.360453_12.926172,2024-09-01,0.7143622,0.74376017
BiLSTM+Attention,test,77.364944_12.854307,2024-09-01,0.51360005,0.55980664
BiLSTM+Attention,test,77.364944_12.962105,2024-09-01,0.49891102,0.5340524
BiLSTM+Attention,test,77.369436_12.881256,2024-09-01,0.51448745,0.56668955
BiLSTM+Attention,test,77.369436_12.89024,2024-09-01,0.5122192,0.548063
BiLSTM+Attention,test,77.369436_12.935155,2024-09-01,0.4720736,0.50341094
BiLSTM+Attention,test,77.369436_12.998037,2024-09-01,0.50860107,0.5456226
BiLSTM+Attention,test,77.369436_13.007021,2024-09-01,0.5535664,0.5891868
BiLSTM+Attention,test,77.373927_12.912697,2024-09-01,0.6124608,0.63621396
BiLSTM+Attention,test,77.373927_12.971088,2024-09-01,0.49236846,0.52068996
BiLSTM+Attention,test,77.373927_13.011512,2024-09-01,0.49963558,0.55053014
BiLSTM+Attention,test,77.373927_13.016004,2024-09-01,0.48393556,0.5376913
BiLSTM+Attention,test,77.378419_12.966596,2024-09-01,0.4677525,0.49424517
BiLSTM+Attention,test,77.382911_12.894731,2024-09-01,0.55568314,0.5866213
BiLSTM+Attention,test,77.382911_12.953122,2024-09-01,0.52749157,0.55381525
BiLSTM+Attention,test,77.382911_12.957613,2024-09-01,0.5221205,0.54787314
BiLSTM+Attention,test,77.387402_12.962105,2024-09-01,0.5129634,0.5316369
BiLSTM+Attention,test,77.387402_12.97558,2024-09-01,0.51383954,0.5419275
BiLSTM+Attention,test,77.387402_12.980071,2024-09-01,0.5163601,0.5496522
BiLSTM+Attention,test,77.391894_12.867782,2024-09-01,0.55531794,0.59766877
BiLSTM+Attention,test,77.391894_12.881256,2024-09-01,0.5221779,0.5506844
BiLSTM+Attention,test,77.391894_12.885748,2024-09-01,0.5543409,0.5811261
BiLSTM+Attention,test,77.396385_12.894731,2024-09-01,0.5573622,0.59059966
BiLSTM+Attention,test,77.396385_12.908206,2024-09-01,0.51574385,0.54329085
BiLSTM+Attention,test,77.396385_12.944139,2024-09-01,0.5601806,0.5936439
BiLSTM+Attention,test,77.396385_12.971088,2024-09-01,0.48380235,0.5132379
BiLSTM+Attention,test,77.396385_12.97558,2024-09-01,0.4599223,0.49744517
BiLSTM+Attention,test,77.396385_13.029478,2024-09-01,0.38827714,0.43351805
BiLSTM+Attention,test,77.400877_12.957613,2024-09-01,0.52766967,0.55739015
BiLSTM+Attention,test,77.400877_12.966596,2024-09-01,0.48065403,0.50896966
BiLSTM+Attention,test,77.400877_13.029478,2024-09-01,0.37593785,0.42048544
BiLSTM+Attention,test,77.405368_12.881256,2024-09-01,0.4829848,0.5184647
BiLSTM+Attention,test,77.405368_12.89024,2024-09-01,0.5058478,0.53512466
BiLSTM+Attention,test,77.405368_12.903714,2024-09-01,0.51416045,0.51693636
BiLSTM+Attention,test,77.405368_12.930664,2024-09-01,0.6015449,0.63439643
BiLSTM+Attention,test,77.405368_12.998037,2024-09-01,0.5013801,0.5416611
BiLSTM+Attention,test,77.405368_13.105835,2024-09-01,0.4202607,0.44889358
BiLSTM+Attention,test,77.405368_13.11931,2024-09-01,0.38261932,0.41802263
BiLSTM+Attention,test,77.40986_12.872273,2024-09-01,0.44841102,0.48505652
BiLSTM+Attention,test,77.40986_12.881256,2024-09-01,0.450448,0.4856815
BiLSTM+Attention,test,77.40986_12.962105,2024-09-01,0.5369545,0.5740549
BiLSTM+Attention,test,77.414352_12.930664,2024-09-01,0.5457447,0.5701556
BiLSTM+Attention,test,77.414352_12.989054,2024-09-01,0.46333838,0.5046646
BiLSTM+Attention,test,77.414352_12.993546,2024-09-01,0.47099403,0.50996745
BiLSTM+Attention,test,77.414352_13.03397,2024-09-01,0.43310773,0.47960642
BiLSTM+Attention,test,77.414352_13.096852,2024-09-01,0.43821263,0.4372676
BiLSTM+Attention,test,77.414352_13.11931,2024-09-01,0.40187916,0.4349602
BiLSTM+Attention,test,77.418843_12.876765,2024-09-01,0.46739867,0.48568475
BiLSTM+Attention,test,77.418843_12.89024,2024-09-01,0.49559122,0.51631594
BiLSTM+Attention,test,77.418843_12.94863,2024-09-01,0.53830475,0.5646114
BiLSTM+Attention,test,77.418843_12.971088,2024-09-01,0.5010809,0.52868
BiLSTM+Attention,test,77.418843_12.993546,2024-09-01,0.5023923,0.5400656
BiLSTM+Attention,test,77.418843_13.016004,2024-09-01,0.4643385,0.50005025
BiLSTM+Attention,test,77.418843_13.024987,2024-09-01,0.45547017,0.49560905
BiLSTM+Attention,test,77.418843_13.029478,2024-09-01,0.45500118,0.4893481
BiLSTM+Attention,test,77.418843_13.146259,2024-09-01,0.36546907,0.40805712
BiLSTM+Attention,test,77.423335_12.876765,2024-09-01,0.4691769,0.49497575
BiLSTM+Attention,test,77.423335_12.921681,2024-09-01,0.5526703,0.5816615
BiLSTM+Attention,test,77.423335_12.930664,2024-09-01,0.5353547,0.56424856
BiLSTM+Attention,test,77.423335_13.002529,2024-09-01,0.5504789,0.572984
BiLSTM+Attention,test,77.423335_13.092361,2024-09-01,0.34213752,0.37601617
BiLSTM+Attention,test,77.423335_13.141768,2024-09-01,0.4242494,0.47146133
BiLSTM+Attention,test,77.423335_13.150751,2024-09-01,0.3742245,0.41503888
BiLSTM+Attention,test,77.427826_12.845324,2024-09-01,0.41116077,0.4444488
BiLSTM+Attention,test,77.427826_12.858799,2024-09-01,0.46387744,0.49235207
BiLSTM+Attention,test,77.427826_12.930664,2024-09-01,0.54284036,0.57085717
BiLSTM+Attention,test,77.427826_12.939647,2024-09-01,0.49025065,0.5232701
BiLSTM+Attention,test,77.427826_12.944139,2024-09-01,0.50363356,0.5400989
BiLSTM+Attention,test,77.427826_13.020495,2024-09-01,0.46600604,0.5049459
BiLSTM+Attention,test,77.427826_13.024987,2024-09-01,0.45689484,0.49212122
BiLSTM+Attention,test,77.427826_13.110327,2024-09-01,0.4565717,0.46188372
BiLSTM+Attention,test,77.427826_13.132785,2024-09-01,0.47718883,0.5144887
BiLSTM+Attention,test,77.432318_12.858799,2024-09-01,0.4784704,0.5131493
BiLSTM+Attention,test,77.432318_12.86329,2024-09-01,0.484592,0.5150259
BiLSTM+Attention,test,77.432318_12.867782,2024-09-01,0.47624984,0.5015905
BiLSTM+Attention,test,77.432318_12.881256,2024-09-01,0.51897866,0.5419346
BiLSTM+Attention,test,77.432318_12.885748,2024-09-01,0.6090629,0.6209908
BiLSTM+Attention,test,77.432318_12.957613,2024-09-01,0.490161,0.5248594
BiLSTM+Attention,test,77.432318_12.998037,2024-09-01,0.4212513,0.4602702
BiLSTM+Attention,test,77.432318_13.087869,2024-09-01,0.4269563,0.461361
BiLSTM+Attention,test,77.432318_13.092361,2024-09-01,0.41714588,0.4203514
BiLSTM+Attention,test,77.436809_12.818374,2024-09-01,0.608824,0.6285213
BiLSTM+Attention,test,77.436809_12.840832,2024-09-01,0.5258911,0.55250055
BiLSTM+Attention,test,77.436809_12.854307,2024-09-01,0.49208716,0.5294417
BiLSTM+Attention,test,77.436809_12.912697,2024-09-01,0.6118093,0.625414
BiLSTM+Attention,test,77.436809_12.926172,2024-09-01,0.54473823,0.5744575
BiLSTM+Attention,test,77.436809_12.944139,2024-09-01,0.5109244,0.55053514
BiLSTM+Attention,test,77.436809_13.03397,2024-09-01,0.4399513,0.47474742
BiLSTM+Attention,test,77.441301_12.818374,2024-09-01,0.61731213,0.6319903
BiLSTM+Attention,test,77.441301_12.831849,2024-09-01,0.5106563,0.54095155
BiLSTM+Attention,test,77.441301_12.836341,2024-09-01,0.53956497,0.56430036
BiLSTM+Attention,test,77.441301_12.840832,2024-09-01,0.5128807,0.5361173
BiLSTM+Attention,test,77.441301_12.944139,2024-09-01,0.54828477,0.57376885
BiLSTM+Attention,test,77.441301_12.94863,2024-09-01,0.50229216,0.53258675
BiLSTM+Attention,test,77.441301_13.056428,2024-09-01,0.42911297,0.46631753
BiLSTM+Attention,test,77.441301_13.069903,2024-09-01,0.44586733,0.4774955
BiLSTM+Attention,test,77.441301_13.083377,2024-09-01,0.43267062,0.4686765
BiLSTM+Attention,test,77.441301_13.110327,2024-09-01,0.41735712,0.44234174
BiLSTM+Attention,test,77.445793_12.840832,2024-09-01,0.5855404,0.607489
BiLSTM+Attention,test,77.445793_12.86329,2024-09-01,0.60099494,0.6294082
BiLSTM+Attention,test,77.445793_12.867782,2024-09-01,0.5802186,0.6103009
BiLSTM+Attention,test,77.445793_12.912697,2024-09-01,0.51772404,0.5477003
BiLSTM+Attention,test,77.445793_12.957613,2024-09-01,0.4907991,0.52251863
BiLSTM+Attention,test,77.445793_12.984563,2024-09-01,0.5087828,0.5278847
BiLSTM+Attention,test,77.450284_12.809391,2024-09-01,0.57298505,0.59937346
BiLSTM+Attention,test,77.450284_12.872273,2024-09-01,0.57971704,0.6093284
BiLSTM+Attention,test,77.450284_12.89024,2024-09-01,0.580301,0.60468
BiLSTM+Attention,test,77.450284_12.971088,2024-09-01,0.5083823,0.5127108
BiLSTM+Attention,test,77.450284_12.993546,2024-09-01,0.3900782,0.42105615
BiLSTM+Attention,test,77.450284_13.029478,2024-09-01,0.42737725,0.45641705
BiLSTM+Attention,test,77.450284_13.047445,2024-09-01,0.43992084,0.47951883
BiLSTM+Attention,test,77.450284_13.146259,2024-09-01,0.49198085,0.52856684
BiLSTM+Attention,test,77.454776_12.809391,2024-09-01,0.53794223,0.5691303
BiLSTM+Attention,test,77.454776_12.885748,2024-09-01,0.56162727,0.60001713
BiLSTM+Attention,test,77.454776_12.980071,2024-09-01,0.4302882,0.46894148
BiLSTM+Attention,test,77.454776_12.993546,2024-09-01,0.41594923,0.4444607
BiLSTM+Attention,test,77.454776_13.078886,2024-09-01,0.43870556,0.4684702
BiLSTM+Attention,test,77.454776_13.087869,2024-09-01,0.40241194,0.44109735
BiLSTM+Attention,test,77.454776_13.114818,2024-09-01,0.4785349,0.5244208
BiLSTM+Attention,test,77.454776_13.141768,2024-09-01,0.49536517,0.54137915
BiLSTM+Attention,test,77.459267_12.8049,2024-09-01,0.60690516,0.6366894
BiLSTM+Attention,test,77.459267_12.822866,2024-09-01,0.5696241,0.5996698
BiLSTM+Attention,test,77.459267_12.845324,2024-09-01,0.5734676,0.60319775
BiLSTM+Attention,test,77.459267_12.872273,2024-09-01,0.5831576,0.586802
BiLSTM+Attention,test,77.459267_12.903714,2024-09-01,0.5365286,0.5425572
BiLSTM+Attention,test,77.459267_12.926172,2024-09-01,0.53899044,0.56855994
BiLSTM+Attention,test,77.459267_12.97558,2024-09-01,0.44501847,0.48418158
BiLSTM+Attention,test,77.459267_13.016004,2024-09-01,0.40276346,0.4301061
BiLSTM+Attention,test,77.459267_13.020495,2024-09-01,0.3963196,0.42431134
BiLSTM+Attention,test,77.459267_13.11931,2024-09-01,0.47539604,0.5164936
BiLSTM+Attention,test,77.463759_12.813883,2024-09-01,0.5181704,0.5555581
BiLSTM+Attention,test,77.463759_12.836341,2024-09-01,0.5704635,0.59999543
BiLSTM+Attention,test,77.463759_12.86329,2024-09-01,0.5873594,0.6227571
BiLSTM+Attention,test,77.463759_12.867782,2024-09-01,0.56933403,0.60665435
BiLSTM+Attention,test,77.463759_12.872273,2024-09-01,0.545115,0.5810107
BiLSTM+Attention,test,77.463759_12.881256,2024-09-01,0.6291373,0.6301342
BiLSTM+Attention,test,77.463759_12.885748,2024-09-01,0.6005774,0.6238939
BiLSTM+Attention,test,77.463759_12.894731,2024-09-01,0.54018587,0.5832369
BiLSTM+Attention,test,77.463759_12.899223,2024-09-01,0.5427931,0.58049273
BiLSTM+Attention,test,77.463759_12.917189,2024-09-01,0.4873735,0.5281604
BiLSTM+Attention,test,77.463759_12.953122,2024-09-01,0.7419727,0.7795963
BiLSTM+Attention,test,77.463759_13.03397,2024-09-01,0.42904457,0.4226765
BiLSTM+Attention,test,77.463759_13.078886,2024-09-01,0.5071742,0.52709
BiLSTM+Attention,test,77.46825_12.827358,2024-09-01,0.48304942,0.5178537
BiLSTM+Attention,test,77.46825_12.836341,2024-09-01,0.5778526,0.6055777
BiLSTM+Attention,test,77.46825_12.894731,2024-09-01,0.52032775,0.56276345
BiLSTM+Attention,test,77.46825_12.94863,2024-09-01,0.58161885,0.6037508
BiLSTM+Attention,test,77.46825_12.953122,2024-09-01,0.5170319,0.5412471
BiLSTM+Attention,test,77.46825_12.966596,2024-09-01,0.49510127,0.5305376
BiLSTM+Attention,test,77.46825_13.007021,2024-09-01,0.41567808,0.43487158
BiLSTM+Attention,test,77.46825_13.020495,2024-09-01,0.48045006,0.5045682
BiLSTM+Attention,test,77.46825_13.114818,2024-09-01,0.5194796,0.56330776
BiLSTM+Attention,test,77.46825_13.150751,2024-09-01,0.430123,0.47465205
BiLSTM+Attention,test,77.46825_13.1777,2024-09-01,0.5205824,0.5649237
BiLSTM+Attention,test,77.472742_12.746509,2024-09-01,0.6445644,0.65594184
BiLSTM+Attention,test,77.472742_12.751001,2024-09-01,0.59837353,0.60661227
BiLSTM+Attention,test,77.472742_12.755492,2024-09-01,0.6153861,0.63300043
BiLSTM+Attention,test,77.472742_12.795916,2024-09-01,0.5519434,0.5774903
BiLSTM+Attention,test,77.472742_12.836341,2024-09-01,0.56791157,0.59565455
BiLSTM+Attention,test,77.472742_12.984563,2024-09-01,0.4570089,0.47345355
BiLSTM+Attention,test,77.472742_13.087869,2024-09-01,0.46135882,0.49691373
BiLSTM+Attention,test,77.477234_12.764475,2024-09-01,0.6097413,0.63163584
BiLSTM+Attention,test,77.477234_12.782442,2024-09-01,0.5455588,0.576349
BiLSTM+Attention,test,77.477234_12.840832,2024-09-01,0.56966275,0.60174865
BiLSTM+Attention,test,77.477234_12.899223,2024-09-01,0.48062113,0.5167399
BiLSTM+Attention,test,77.477234_12.935155,2024-09-01,0.6081229,0.6199888
BiLSTM+Attention,test,77.477234_12.944139,2024-09-01,0.5683066,0.5605789
BiLSTM+Attention,test,77.477234_12.94863,2024-09-01,0.5490482,0.5635662
BiLSTM+Attention,test,77.477234_12.971088,2024-09-01,0.5077701,0.5441209
BiLSTM+Attention,test,77.477234_13.002529,2024-09-01,0.411239,0.43694046
BiLSTM+Attention,test,77.477234_13.056428,2024-09-01,0.46309543,0.4892004
BiLSTM+Attention,test,77.481725_12.737526,2024-09-01,0.62116283,0.64061725
BiLSTM+Attention,test,77.481725_12.768967,2024-09-01,0.6046803,0.6280986
BiLSTM+Attention,test,77.481725_12.831849,2024-09-01,0.5116535,0.54186565
BiLSTM+Attention,test,77.481725_12.89024,2024-09-01,0.55988985,0.5972255
BiLSTM+Attention,test,77.481725_12.894731,2024-09-01,0.5270622,0.5561301
BiLSTM+Attention,test,77.481725_12.944139,2024-09-01,0.5810909,0.57201535
BiLSTM+Attention,test,77.481725_12.971088,2024-09-01,0.43256372,0.46517032
BiLSTM+Attention,test,77.481725_12.980071,2024-09-01,0.5163917,0.50221574
BiLSTM+Attention,test,77.481725_13.024987,2024-09-01,0.46183473,0.47567078
BiLSTM+Attention,test,77.481725_13.03397,2024-09-01,0.4727221,0.46596545
BiLSTM+Attention,test,77.481725_13.096852,2024-09-01,0.57850605,0.57770765
BiLSTM+Attention,test,77.481725_13.137276,2024-09-01,0.61888003,0.64679945
BiLSTM+Attention,test,77.486217_12.764475,2024-09-01,0.59958273,0.6170908
BiLSTM+Attention,test,77.486217_12.872273,2024-09-01,0.5165328,0.556298
BiLSTM+Attention,test,77.486217_12.939647,2024-09-01,0.5664604,0.5951496
BiLSTM+Attention,test,77.486217_12.998037,2024-09-01,0.45866737,0.4833154
BiLSTM+Attention,test,77.486217_13.042953,2024-09-01,0.50949997,0.5224725
BiLSTM+Attention,test,77.486217_13.06092,2024-09-01,0.5277351,0.54966074
BiLSTM+Attention,test,77.486217_13.114818,2024-09-01,0.45994398,0.50135577
BiLSTM+Attention,test,77.486217_13.11931,2024-09-01,0.47721887,0.5161131
BiLSTM+Attention,test,77.490708_12.768967,2024-09-01,0.5913371,0.61429286
BiLSTM+Attention,test,77.490708_12.8049,2024-09-01,0.569396,0.60183924
BiLSTM+Attention,test,77.490708_12.849815,2024-09-01,0.5869136,0.59916055
BiLSTM+Attention,test,77.490708_12.89024,2024-09-01,0.51893705,0.55834687
BiLSTM+Attention,test,77.490708_13.051936,2024-09-01,0.57614917,0.5744268
BiLSTM+Attention,test,77.490708_13.087869,2024-09-01,0.51719034,0.5545766
BiLSTM+Attention,test,77.490708_13.092361,2024-09-01,0.5464833,0.5522634
BiLSTM+Attention,test,77.490708_13.096852,2024-09-01,0.576557,0.57388157
BiLSTM+Attention,test,77.490708_13.182192,2024-09-01,0.5590717,0.6010908
BiLSTM+Attention,test,77.490708_13.209142,2024-09-01,0.5169134,0.5528006
BiLSTM+Attention,test,77.4952_12.786933,2024-09-01,0.5516428,0.5848283
BiLSTM+Attention,test,77.4952_12.836341,2024-09-01,0.543336,0.56900626
BiLSTM+Attention,test,77.4952_12.899223,2024-09-01,0.5661797,0.5949105
BiLSTM+Attention,test,77.4952_12.962105,2024-09-01,0.5505908,0.5682674
BiLSTM+Attention,test,77.4952_13.020495,2024-09-01,0.5042649,0.5137817
BiLSTM+Attention,test,77.4952_13.024987,2024-09-01,0.49388918,0.4936962
BiLSTM+Attention,test,77.4952_13.03397,2024-09-01,0.54711306,0.5592568
BiLSTM+Attention,test,77.4952_13.087869,2024-09-01,0.49145353,0.5191352
BiLSTM+Attention,test,77.4952_13.092361,2024-09-01,0.5517171,0.5482769
BiLSTM+Attention,test,77.4952_13.182192,2024-09-01,0.5586267,0.59139043
BiLSTM+Attention,test,77.499692_12.755492,2024-09-01,0.6572187,0.68102443
BiLSTM+Attention,test,77.499692_12.858799,2024-09-01,0.6344046,0.6638978
BiLSTM+Attention,test,77.499692_12.899223,2024-09-01,0.5481745,0.5736389
BiLSTM+Attention,test,77.499692_12.984563,2024-09-01,0.50082254,0.5226369
BiLSTM+Attention,test,77.499692_13.114818,2024-09-01,0.47910732,0.5085797
BiLSTM+Attention,test,77.499692_13.137276,2024-09-01,0.47202498,0.5010678
BiLSTM+Attention,test,77.499692_13.168717,2024-09-01,0.6074716,0.6155071
BiLSTM+Attention,test,77.504183_12.764475,2024-09-01,0.6622572,0.69494057
BiLSTM+Attention,test,77.504183_12.786933,2024-09-01,0.6196896,0.6541321
BiLSTM+Attention,test,77.504183_12.818374,2024-09-01,0.58400553,0.6138098
BiLSTM+Attention,test,77.504183_12.854307,2024-09-01,0.57634217,0.6097366
BiLSTM+Attention,test,77.504183_12.858799,2024-09-01,0.6331683,0.6669252
BiLSTM+Attention,test,77.504183_12.953122,2024-09-01,0.55936295,0.54863054
BiLSTM+Attention,test,77.504183_13.083377,2024-09-01,0.54964554,0.58345866
BiLSTM+Attention,test,77.504183_13.141768,2024-09-01,0.5491925,0.57989335
BiLSTM+Attention,test,77.504183_13.159734,2024-09-01,0.6381272,0.65545076
BiLSTM+Attention,test,77.504183_13.195667,2024-09-01,0.49128538,0.53741264
BiLSTM+Attention,test,77.508675_12.751001,2024-09-01,0.6621018,0.69459593
BiLSTM+Attention,test,77.508675_12.795916,2024-09-01,0.6470638,0.680328
BiLSTM+Attention,test,77.508675_12.831849,2024-09-01,0.5843686,0.60819626
BiLSTM+Attention,test,77.508675_12.836341,2024-09-01,0.60956424,0.6318445
BiLSTM+Attention,test,77.508675_12.845324,2024-09-01,0.5740653,0.5848747
BiLSTM+Attention,test,77.508675_12.903714,2024-09-01,0.5262904,0.51724404
BiLSTM+Attention,test,77.508675_12.912697,2024-09-01,0.5340433,0.5580122
BiLSTM+Attention,test,77.508675_12.917189,2024-09-01,0.62971926,0.62335753
BiLSTM+Attention,test,77.508675_13.114818,2024-09-01,0.44032112,0.46792513
BiLSTM+Attention,test,77.508675_13.137276,2024-09-01,0.49851665,0.5396973
BiLSTM+Attention,test,77.508675_13.159734,2024-09-01,0.62364495,0.64725274
BiLSTM+Attention,test,77.508675_13.191175,2024-09-01,0.515546,0.54338664
BiLSTM+Attention,test,77.513166_12.746509,2024-09-01,0.75864035,0.8157815
BiLSTM+Attention,test,77.513166_12.764475,2024-09-01,0.62489873,0.64461017
BiLSTM+Attention,test,77.513166_12.77795,2024-09-01,0.7179936,0.7378246
BiLSTM+Attention,test,77.513166_12.822866,2024-09-01,0.65870225,0.6854651
BiLSTM+Attention,test,77.513166_12.908206,2024-09-01,0.5271435,0.524691
BiLSTM+Attention,test,77.513166_13.087869,2024-09-01,0.5486397,0.56630385
BiLSTM+Attention,test,77.513166_13.096852,2024-09-01,0.6452736,0.6407921
BiLSTM+Attention,test,77.513166_13.137276,2024-09-01,0.45958465,0.4967105
BiLSTM+Attention,test,77.513166_13.1777,2024-09-01,0.5377776,0.5691104
BiLSTM+Attention,test,77.517658_12.764475,2024-09-01,0.6707815,0.69643694
BiLSTM+Attention,test,77.517658_12.77795,2024-09-01,0.6933631,0.71587944
BiLSTM+Attention,test,77.517658_12.782442,2024-09-01,0.6921993,0.7172806
BiLSTM+Attention,test,77.517658_12.795916,2024-09-01,0.65458053,0.68416834
BiLSTM+Attention,test,77.517658_12.827358,2024-09-01,0.58600694,0.60253286
BiLSTM+Attention,test,77.517658_12.849815,2024-09-01,0.5809169,0.59424037
BiLSTM+Attention,test,77.517658_12.885748,2024-09-01,0.5767516,0.5902971
BiLSTM+Attention,test,77.517658_12.89024,2024-09-01,0.5682695,0.5952592
BiLSTM+Attention,test,77.517658_12.899223,2024-09-01,0.5609837,0.586586
BiLSTM+Attention,test,77.517658_12.998037,2024-09-01,0.5643853,0.5926203
BiLSTM+Attention,test,77.517658_13.11931,2024-09-01,0.4040603,0.4440173
BiLSTM+Attention,test,77.517658_13.182192,2024-09-01,0.54122496,0.5732644
BiLSTM+Attention,test,77.517658_13.186684,2024-09-01,0.55010015,0.5780845
BiLSTM+Attention,test,77.517658_13.191175,2024-09-01,0.49374172,0.5298523
BiLSTM+Attention,test,77.522149_12.751001,2024-09-01,0.70323795,0.7337918
BiLSTM+Attention,test,77.522149_12.755492,2024-09-01,0.6792858,0.71195483
BiLSTM+Attention,test,77.522149_12.759984,2024-09-01,0.71212727,0.73622954
BiLSTM+Attention,test,77.522149_12.782442,2024-09-01,0.70646054,0.73536587
BiLSTM+Attention,test,77.522149_12.809391,2024-09-01,0.7692808,0.7879467
BiLSTM+Attention,test,77.522149_12.813883,2024-09-01,0.58404064,0.6072328
BiLSTM+Attention,test,77.522149_12.818374,2024-09-01,0.56470543,0.5830352
BiLSTM+Attention,test,77.522149_12.836341,2024-09-01,0.57599765,0.6007487
BiLSTM+Attention,test,77.522149_12.845324,2024-09-01,0.5918994,0.6144757
BiLSTM+Attention,test,77.522149_13.056428,2024-09-01,0.5746962,0.5860748
BiLSTM+Attention,test,77.522149_13.078886,2024-09-01,0.58205587,0.5587636
BiLSTM+Attention,test,77.522149_13.146259,2024-09-01,0.42334253,0.45609897
BiLSTM+Attention,test,77.522149_13.200158,2024-09-01,0.53227323,0.56840885
BiLSTM+Attention,test,77.526641_12.751001,2024-09-01,0.7152374,0.7465047
BiLSTM+Attention,test,77.526641_12.840832,2024-09-01,0.6462814,0.6664847
BiLSTM+Attention,test,77.526641_12.89024,2024-09-01,0.6126714,0.63757235
BiLSTM+Attention,test,77.526641_12.899223,2024-09-01,0.5843128,0.6009995
BiLSTM+Attention,test,77.526641_13.078886,2024-09-01,0.59592277,0.57445174
BiLSTM+Attention,test,77.526641_13.105835,2024-09-01,0.41578,0.45085865
BiLSTM+Attention,test,77.526641_13.110327,2024-09-01,0.41171035,0.43873578
BiLSTM+Attention,test,77.531133_12.791425,2024-09-01,0.6096478,0.6380195
BiLSTM+Attention,test,77.531133_12.795916,2024-09-01,0.64907944,0.6768741
BiLSTM+Attention,test,77.531133_12.800408,2024-09-01,0.62478185,0.6539011
BiLSTM+Attention,test,77.531133_12.822866,2024-09-01,0.5935081,0.6135107
BiLSTM+Attention,test,77.531133_12.827358,2024-09-01,0.6063237,0.6269183
BiLSTM+Attention,test,77.531133_12.894731,2024-09-01,0.53659695,0.54512453
BiLSTM+Attention,test,77.531133_13.083377,2024-09-01,0.53174466,0.5493458
BiLSTM+Attention,test,77.531133_13.114818,2024-09-01,0.42341244,0.4630162
BiLSTM+Attention,test,77.531133_13.195667,2024-09-01,0.5447467,0.57000226
BiLSTM+Attention,test,77.535624_12.77795,2024-09-01,0.75313234,0.7986336
BiLSTM+Attention,test,77.535624_12.822866,2024-09-01,0.6964805,0.7176383
BiLSTM+Attention,test,77.535624_12.872273,2024-09-01,0.5014606,0.4871252
BiLSTM+Attention,test,77.535624_12.899223,2024-09-01,0.5175602,0.52112675
BiLSTM+Attention,test,77.535624_13.069903,2024-09-01,0.63552845,0.6443405
BiLSTM+Attention,test,77.535624_13.083377,2024-09-01,0.5243555,0.55269283
BiLSTM+Attention,test,77.535624_13.096852,2024-09-01,0.46521813,0.48841572
BiLSTM+Attention,test,77.535624_13.114818,2024-09-01,0.44910118,0.4798036
BiLSTM+Attention,test,77.535624_13.132785,2024-09-01,0.47434708,0.50304425
BiLSTM+Attention,test,77.535624_13.137276,2024-09-01,0.4166082,0.4371106
BiLSTM+Attention,test,77.535624_13.195667,2024-09-01,0.48683614,0.49621564
BiLSTM+Attention,test,77.540116_12.77795,2024-09-01,0.6527895,0.68592
BiLSTM+Attention,test,77.540116_12.795916,2024-09-01,0.6691233,0.7021506
BiLSTM+Attention,test,77.540116_13.042953,2024-09-01,0.56456167,0.5762554
BiLSTM+Attention,test,77.540116_13.074394,2024-09-01,0.5827629,0.5880641
BiLSTM+Attention,test,77.540116_13.092361,2024-09-01,0.4232132,0.44212863
BiLSTM+Attention,test,77.540116_13.101344,2024-09-01,0.45311445,0.47943813
BiLSTM+Attention,test,77.540116_13.105835,2024-09-01,0.46029562,0.5009702
BiLSTM+Attention,test,77.540116_13.114818,2024-09-01,0.45708984,0.448314
BiLSTM+Attention,test,77.540116_13.132785,2024-09-01,0.45956877,0.49139166
BiLSTM+Attention,test,77.540116_13.155243,2024-09-01,0.48581356,0.509274
BiLSTM+Attention,test,77.540116_13.182192,2024-09-01,0.45211864,0.49573815
BiLSTM+Attention,test,77.544607_12.831849,2024-09-01,0.7541988,0.7459282
BiLSTM+Attention,test,77.544607_13.218125,2024-09-01,0.5738816,0.5836548
BiLSTM+Attention,test,77.549099_12.822866,2024-09-01,0.7743963,0.7682593
BiLSTM+Attention,test,77.549099_12.831849,2024-09-01,0.6873917,0.68419504
BiLSTM+Attention,test,77.549099_12.836341,2024-09-01,0.6596072,0.64202833
BiLSTM+Attention,test,77.549099_12.845324,2024-09-01,0.64220536,0.6427075
BiLSTM+Attention,test,77.549099_12.867782,2024-09-01,0.595575,0.5677799
BiLSTM+Attention,test,77.549099_12.876765,2024-09-01,0.5615273,0.5188115
BiLSTM+Attention,test,77.549099_12.894731,2024-09-01,0.6125478,0.614511
BiLSTM+Attention,test,77.549099_13.096852,2024-09-01,0.49001306,0.5067466
BiLSTM+Attention,test,77.549099_13.132785,2024-09-01,0.59089506,0.62386644
BiLSTM+Attention,test,77.55359_12.71956,2024-09-01,0.79182625,0.8020504
BiLSTM+Attention,test,77.55359_12.782442,2024-09-01,0.7241112,0.7359709
BiLSTM+Attention,test,77.55359_12.849815,2024-09-01,0.63655275,0.6421313
BiLSTM+Attention,test,77.55359_12.872273,2024-09-01,0.55267924,0.53160286
BiLSTM+Attention,test,77.55359_13.069903,2024-09-01,0.70098954,0.71044606
BiLSTM+Attention,test,77.55359_13.101344,2024-09-01,0.44563,0.4750468
BiLSTM+Attention,test,77.55359_13.110327,2024-09-01,0.49808422,0.53163683
BiLSTM+Attention,test,77.55359_13.128293,2024-09-01,0.5697797,0.60748136
BiLSTM+Attention,test,77.55359_13.168717,2024-09-01,0.53280646,0.53158945
BiLSTM+Attention,test,77.55359_13.173209,2024-09-01,0.45603204,0.44899642
BiLSTM+Attention,test,77.558082_12.710577,2024-09-01,0.81981415,0.81561387
BiLSTM+Attention,test,77.558082_12.827358,2024-09-01,0.70495915,0.7199558
BiLSTM+Attention,test,77.558082_12.845324,2024-09-01,0.6834954,0.6894064
BiLSTM+Attention,test,77.558082_13.042953,2024-09-01,0.6422105,0.6634762
BiLSTM+Attention,test,77.558082_13.051936,2024-09-01,0.67241985,0.6733812
BiLSTM+Attention,test,77.558082_13.110327,2024-09-01,0.50628567,0.5422155
BiLSTM+Attention,test,77.558082_13.168717,2024-09-01,0.51059127,0.53671026
BiLSTM+Attention,test,77.558082_13.1777,2024-09-01,0.5281369,0.5309714
BiLSTM+Attention,test,77.562574_12.71956,2024-09-01,0.7940752,0.805087
BiLSTM+Attention,test,77.562574_12.827358,2024-09-01,0.71234834,0.72383535
BiLSTM+Attention,test,77.562574_12.858799,2024-09-01,0.53314346,0.53865016
BiLSTM+Attention,test,77.562574_12.872273,2024-09-01,0.615428,0.6144025
BiLSTM+Attention,test,77.562574_12.876765,2024-09-01,0.6671521,0.6498728
BiLSTM+Attention,test,77.562574_13.141768,2024-09-01,0.48465112,0.5218118
BiLSTM+Attention,test,77.562574_13.159734,2024-09-01,0.5130951,0.5481699
BiLSTM+Attention,test,77.562574_13.173209,2024-09-01,0.51975477,0.54633313
BiLSTM+Attention,test,77.567065_12.724051,2024-09-01,0.7411835,0.75042474
BiLSTM+Attention,test,77.567065_12.813883,2024-09-01,0.7006122,0.7010129
BiLSTM+Attention,test,77.567065_12.849815,2024-09-01,0.6794738,0.6845931
BiLSTM+Attention,test,77.567065_13.105835,2024-09-01,0.5688541,0.5962766
BiLSTM+Attention,test,77.567065_13.114818,2024-09-01,0.614303,0.64211667
BiLSTM+Attention,test,77.567065_13.182192,2024-09-01,0.5163014,0.5466669
BiLSTM+Attention,test,77.571557_12.71956,2024-09-01,0.77700204,0.78685635
BiLSTM+Attention,test,77.571557_12.800408,2024-09-01,0.69852895,0.7045252
BiLSTM+Attention,test,77.571557_12.813883,2024-09-01,0.7696644,0.7521199
BiLSTM+Attention,test,77.571557_12.849815,2024-09-01,0.68326503,0.6837704
BiLSTM+Attention,test,77.571557_13.141768,2024-09-01,0.48881727,0.5245714
BiLSTM+Attention,test,77.571557_13.146259,2024-09-01,0.49219215,0.5337752
BiLSTM+Attention,test,77.576048_12.71956,2024-09-01,0.74321514,0.7557943
BiLSTM+Attention,test,77.576048_12.728543,2024-09-01,0.73935425,0.7484646
BiLSTM+Attention,test,77.576048_12.742018,2024-09-01,0.7366205,0.7270912
BiLSTM+Attention,test,77.576048_12.813883,2024-09-01,0.78924525,0.76667374
BiLSTM+Attention,test,77.576048_12.827358,2024-09-01,0.6690025,0.6740831
BiLSTM+Attention,test,77.58054_12.800408,2024-09-01,0.7377288,0.73886484
BiLSTM+Attention,test,77.58054_12.845324,2024-09-01,0.685625,0.6775357
BiLSTM+Attention,test,77.58054_13.083377,2024-09-01,0.53489214,0.56582123
BiLSTM+Attention,test,77.58054_13.087869,2024-09-01,0.508888,0.5357552
BiLSTM+Attention,test,77.585031_12.849815,2024-09-01,0.6830689,0.6742734
BiLSTM+Attention,test,77.585031_13.042953,2024-09-01,0.6706665,0.6891638
BiLSTM+Attention,test,77.585031_13.137276,2024-09-01,0.49586704,0.5361549
BiLSTM+Attention,test,77.589523_12.71956,2024-09-01,0.85008794,0.8414126
BiLSTM+Attention,test,77.589523_12.746509,2024-09-01,0.7376864,0.74524355
BiLSTM+Attention,test,77.589523_12.854307,2024-09-01,0.6307565,0.6255184
BiLSTM+Attention,test,77.589523_12.971088,2024-09-01,0.7329728,0.73645204
BiLSTM+Attention,test,77.589523_13.083377,2024-09-01,0.61869264,0.6431733
BiLSTM+Attention,test,77.589523_13.150751,2024-09-01,0.50134534,0.5389572
BiLSTM+Attention,test,77.594015_12.724051,2024-09-01,0.8273005,0.8315699
BiLSTM+Attention,test,77.594015_12.733034,2024-09-01,0.798012,0.80938476
BiLSTM+Attention,test,77.594015_12.755492,2024-09-01,0.6999505,0.7056684
BiLSTM+Attention,test,77.594015_12.831849,2024-09-01,0.64555836,0.6373635
BiLSTM+Attention,test,77.594015_12.836341,2024-09-01,0.66520834,0.6501295
BiLSTM+Attention,test,77.594015_12.840832,2024-09-01,0.6657327,0.65242404
BiLSTM+Attention,test,77.594015_12.849815,2024-09-01,0.65657216,0.6533325
BiLSTM+Attention,test,77.594015_12.998037,2024-09-01,0.76010984,0.73053247
BiLSTM+Attention,test,77.594015_13.087869,2024-09-01,0.6033664,0.6277229
BiLSTM+Attention,test,77.598506_12.665661,2024-09-01,0.8296591,0.80962515
BiLSTM+Attention,test,77.598506_12.710577,2024-09-01,0.7577582,0.7643774
BiLSTM+Attention,test,77.598506_12.822866,2024-09-01,0.6703868,0.6672693
BiLSTM+Attention,test,77.598506_12.849815,2024-09-01,0.6965402,0.70025074
BiLSTM+Attention,test,77.598506_13.083377,2024-09-01,0.5963814,0.62092555
BiLSTM+Attention,test,77.598506_13.128293,2024-09-01,0.55731374,0.5938418
BiLSTM+Attention,test,77.598506_13.141768,2024-09-01,0.47109357,0.5104013
BiLSTM+Attention,test,77.598506_13.146259,2024-09-01,0.4510574,0.49203315
BiLSTM+Attention,test,77.602998_12.710577,2024-09-01,0.79463834,0.79280233
BiLSTM+Attention,test,77.602998_12.827358,2024-09-01,0.58615714,0.58082896
BiLSTM+Attention,test,77.602998_12.849815,2024-09-01,0.59636253,0.5845984
BiLSTM+Attention,test,77.602998_12.858799,2024-09-01,0.6051459,0.5865668
BiLSTM+Attention,test,77.602998_13.114818,2024-09-01,0.5849133,0.62115526
BiLSTM+Attention,test,77.602998_13.11931,2024-09-01,0.5786587,0.6072399
BiLSTM+Attention,test,77.602998_13.128293,2024-09-01,0.52555496,0.5593376
BiLSTM+Attention,test,77.602998_13.164226,2024-09-01,0.4852115,0.51124674
BiLSTM+Attention,test,77.607489_12.768967,2024-09-01,0.6571043,0.6699311
BiLSTM+Attention,test,77.607489_12.773459,2024-09-01,0.6306346,0.6420472
BiLSTM+Attention,test,77.607489_12.791425,2024-09-01,0.6186922,0.6195425
BiLSTM+Attention,test,77.607489_12.809391,2024-09-01,0.70523304,0.69907707
BiLSTM+Attention,test,77.607489_12.818374,2024-09-01,0.727268,0.7283982
BiLSTM+Attention,test,77.607489_13.087869,2024-09-01,0.6854341,0.7259737
BiLSTM+Attention,test,77.611981_12.674644,2024-09-01,0.81821877,0.8147777
BiLSTM+Attention,test,77.611981_12.768967,2024-09-01,0.61341727,0.6134335
BiLSTM+Attention,test,77.611981_12.831849,2024-09-01,0.6151608,0.6159767
BiLSTM+Attention,test,77.611981_12.867782,2024-09-01,0.56981313,0.56395733
BiLSTM+Attention,test,77.611981_12.953122,2024-09-01,0.72695094,0.7496568
BiLSTM+Attention,test,77.611981_13.105835,2024-09-01,0.5511194,0.5793166
BiLSTM+Attention,test,77.611981_13.168717,2024-09-01,0.45555842,0.49277133
BiLSTM+Attention,test,77.611981_13.182192,2024-09-01,0.42854944,0.46938142
BiLSTM+Attention,test,77.616473_12.831849,2024-09-01,0.65643716,0.6566907
BiLSTM+Attention,test,77.616473_12.858799,2024-09-01,0.58089125,0.5756574
BiLSTM+Attention,test,77.616473_13.114818,2024-09-01,0.57766116,0.61097753
BiLSTM+Attention,test,77.616473_13.141768,2024-09-01,0.5036022,0.52103597
BiLSTM+Attention,test,77.616473_13.1777,2024-09-01,0.42148253,0.4589799
BiLSTM+Attention,test,77.620964_12.674644,2024-09-01,0.8252209,0.82647127
BiLSTM+Attention,test,77.620964_12.795916,2024-09-01,0.5673406,0.56329024
BiLSTM+Attention,test,77.620964_12.813883,2024-09-01,0.5586096,0.5543768
BiLSTM+Attention,test,77.620964_12.845324,2024-09-01,0.69219387,0.6828942
BiLSTM+Attention,test,77.620964_12.858799,2024-09-01,0.56212616,0.5633969
BiLSTM+Attention,test,77.620964_13.132785,2024-09-01,0.555171,0.57911587
BiLSTM+Attention,test,77.625456_12.782442,2024-09-01,0.5964355,0.6009455
BiLSTM+Attention,test,77.625456_12.858799,2024-09-01,0.52761936,0.53873736
BiLSTM+Attention,test,77.625456_13.065411,2024-09-01,0.45208374,0.48632345
BiLSTM+Attention,test,77.625456_13.128293,2024-09-01,0.55890507,0.58500516
BiLSTM+Attention,test,77.625456_13.137276,2024-09-01,0.49359468,0.53051984
BiLSTM+Attention,test,77.625456_13.155243,2024-09-01,0.6135561,0.6302909
BiLSTM+Attention,test,77.625456_13.182192,2024-09-01,0.45596528,0.49590954
BiLSTM+Attention,test,77.629947_12.795916,2024-09-01,0.7759179,0.75714177
BiLSTM+Attention,test,77.629947_12.809391,2024-09-01,0.5809959,0.5846322
BiLSTM+Attention,test,77.629947_12.836341,2024-09-01,0.63220006,0.6259337
BiLSTM+Attention,test,77.629947_12.854307,2024-09-01,0.5812882,0.5903294
BiLSTM+Attention,test,77.629947_12.858799,2024-09-01,0.5496903,0.56051445
BiLSTM+Attention,test,77.629947_13.06092,2024-09-01,0.47532615,0.50306565
BiLSTM+Attention,test,77.629947_13.087869,2024-09-01,0.4756286,0.5104562
BiLSTM+Attention,test,77.629947_13.1777,2024-09-01,0.48326397,0.5253032
BiLSTM+Attention,test,77.634439_12.679136,2024-09-01,0.770012,0.7621877
BiLSTM+Attention,test,77.634439_12.701593,2024-09-01,0.71654296,0.7229371
BiLSTM+Attention,test,77.634439_12.733034,2024-09-01,0.57178825,0.5795834
BiLSTM+Attention,test,77.634439_12.746509,2024-09-01,0.6057119,0.61185586
BiLSTM+Attention,test,77.634439_12.751001,2024-09-01,0.60177916,0.61158085
BiLSTM+Attention,test,77.634439_12.849815,2024-09-01,0.58677465,0.5837504
BiLSTM+Attention,test,77.634439_13.047445,2024-09-01,0.5357817,0.5665659
BiLSTM+Attention,test,77.634439_13.083377,2024-09-01,0.43786836,0.45848453
BiLSTM+Attention,test,77.634439_13.137276,2024-09-01,0.45197377,0.48296595
BiLSTM+Attention,test,77.63893_12.688119,2024-09-01,0.7095084,0.70507044
BiLSTM+Attention,test,77.63893_12.742018,2024-09-01,0.62116134,0.62591386
BiLSTM+Attention,test,77.63893_12.791425,2024-09-01,0.6142725,0.61611974
BiLSTM+Attention,test,77.63893_12.800408,2024-09-01,0.5680576,0.57417893
BiLSTM+Attention,test,77.63893_12.818374,2024-09-01,0.58030427,0.57926226
BiLSTM+Attention,test,77.63893_12.840832,2024-09-01,0.6585006,0.6475676
BiLSTM+Attention,test,77.63893_12.872273,2024-09-01,0.5023954,0.50257105
BiLSTM+Attention,test,77.63893_12.917189,2024-09-01,0.7249899,0.7311716
BiLSTM+Attention,test,77.63893_12.989054,2024-09-01,0.6766997,0.6723331
BiLSTM+Attention,test,77.63893_13.056428,2024-09-01,0.49658048,0.51814264
BiLSTM+Attention,test,77.63893_13.078886,2024-09-01,0.44335192,0.48080355
BiLSTM+Attention,test,77.63893_13.083377,2024-09-01,0.43213424,0.45671952
BiLSTM+Attention,test,77.63893_13.1777,2024-09-01,0.46468377,0.4961113
BiLSTM+Attention,test,77.643422_12.795916,2024-09-01,0.59056324,0.5873615
BiLSTM+Attention,test,77.643422_12.800408,2024-09-01,0.5729837,0.570446
BiLSTM+Attention,test,77.643422_12.809391,2024-09-01,0.6002931,0.5954855
BiLSTM+Attention,test,77.643422_12.867782,2024-09-01,0.540674,0.5364211
BiLSTM+Attention,test,77.643422_13.002529,2024-09-01,0.56092864,0.59630126
BiLSTM+Attention,test,77.643422_13.038462,2024-09-01,0.55951536,0.58758456
BiLSTM+Attention,test,77.643422_13.164226,2024-09-01,0.57091653,0.59992087
BiLSTM+Attention,test,77.647914_12.688119,2024-09-01,0.74841994,0.7430584
BiLSTM+Attention,test,77.647914_12.733034,2024-09-01,0.6044379,0.6081129
BiLSTM+Attention,test,77.647914_12.881256,2024-09-01,0.5554553,0.54923105
BiLSTM+Attention,test,77.647914_12.935155,2024-09-01,0.67179567,0.69668925
BiLSTM+Attention,test,77.647914_13.141768,2024-09-01,0.6019845,0.6334396
BiLSTM+Attention,test,77.647914_13.168717,2024-09-01,0.64092946,0.66127884
BiLSTM+Attention,test,77.652405_12.697102,2024-09-01,0.7133176,0.71831393
BiLSTM+Attention,test,77.652405_12.773459,2024-09-01,0.57685035,0.595467
BiLSTM+Attention,test,77.652405_12.795916,2024-09-01,0.55172676,0.55338246
BiLSTM+Attention,test,77.652405_12.8049,2024-09-01,0.60732955,0.61045706
BiLSTM+Attention,test,77.652405_12.858799,2024-09-01,0.69225305,0.6900305
BiLSTM+Attention,test,77.652405_12.926172,2024-09-01,0.66110414,0.6782349
BiLSTM+Attention,test,77.652405_13.002529,2024-09-01,0.54952824,0.57178587
BiLSTM+Attention,test,77.656897_12.742018,2024-09-01,0.6317766,0.6275193
BiLSTM+Attention,test,77.656897_12.746509,2024-09-01,0.6117404,0.6167433
BiLSTM+Attention,test,77.656897_12.768967,2024-09-01,0.6278759,0.64067763
BiLSTM+Attention,test,77.656897_12.791425,2024-09-01,0.5700023,0.56722546
BiLSTM+Attention,test,77.656897_12.800408,2024-09-01,0.6224529,0.6279895
BiLSTM+Attention,test,77.656897_12.831849,2024-09-01,0.6204482,0.6132471
BiLSTM+Attention,test,77.656897_12.849815,2024-09-01,0.51297915,0.52524996
BiLSTM+Attention,test,77.656897_12.939647,2024-09-01,0.6065642,0.6191231
BiLSTM+Attention,test,77.656897_13.101344,2024-09-01,0.4629417,0.5015926
BiLSTM+Attention,test,77.656897_13.164226,2024-09-01,0.47344306,0.51709086
BiLSTM+Attention,test,77.656897_13.173209,2024-09-01,0.445263,0.48594636
BiLSTM+Attention,test,77.661388_12.737526,2024-09-01,0.6346103,0.63845766
BiLSTM+Attention,test,77.661388_12.759984,2024-09-01,0.6416982,0.65262717
BiLSTM+Attention,test,77.661388_13.056428,2024-09-01,0.517256,0.53563166
BiLSTM+Attention,test,77.661388_13.074394,2024-09-01,0.5184154,0.5554928
BiLSTM+Attention,test,77.661388_13.087869,2024-09-01,0.47092095,0.5074479
BiLSTM+Attention,test,77.661388_13.101344,2024-09-01,0.45881632,0.49760816
BiLSTM+Attention,test,77.661388_13.110327,2024-09-01,0.5195657,0.5385069
BiLSTM+Attention,test,77.661388_13.11931,2024-09-01,0.57297534,0.6068028
BiLSTM+Attention,test,77.66588_12.679136,2024-09-01,0.70200515,0.7063968
BiLSTM+Attention,test,77.66588_12.697102,2024-09-01,0.66739964,0.6788424
BiLSTM+Attention,test,77.66588_12.715068,2024-09-01,0.6440163,0.6656951
BiLSTM+Attention,test,77.66588_12.724051,2024-09-01,0.6380418,0.64151865
BiLSTM+Attention,test,77.66588_12.751001,2024-09-01,0.6017105,0.61712205
BiLSTM+Attention,test,77.66588_12.755492,2024-09-01,0.6452542,0.65237147
BiLSTM+Attention,test,77.66588_12.764475,2024-09-01,0.623457,0.6308162
BiLSTM+Attention,test,77.66588_12.768967,2024-09-01,0.75190187,0.7631918
BiLSTM+Attention,test,77.66588_12.791425,2024-09-01,0.65880954,0.6635456
BiLSTM+Attention,test,77.66588_12.953122,2024-09-01,0.62754875,0.64495164
BiLSTM+Attention,test,77.66588_13.038462,2024-09-01,0.52899885,0.5472988
BiLSTM+Attention,test,77.66588_13.051936,2024-09-01,0.55487895,0.57759285
BiLSTM+Attention,test,77.66588_13.173209,2024-09-01,0.45197073,0.48149443
BiLSTM+Attention,test,77.670371_12.71956,2024-09-01,0.63709706,0.65781254
BiLSTM+Attention,test,77.670371_12.86329,2024-09-01,0.5470706,0.54501987
BiLSTM+Attention,test,77.670371_12.881256,2024-09-01,0.53796804,0.54040545
BiLSTM+Attention,test,77.670371_12.894731,2024-09-01,0.48526815,0.49447402
BiLSTM+Attention,test,77.670371_13.069903,2024-09-01,0.45859239,0.49280387
BiLSTM+Attention,test,77.670371_13.083377,2024-09-01,0.41951305,0.4554525
BiLSTM+Attention,test,77.670371_13.092361,2024-09-01,0.42285317,0.46552926
BiLSTM+Attention,test,77.670371_13.128293,2024-09-01,0.50346833,0.5536029
BiLSTM+Attention,test,77.674863_12.674644,2024-09-01,0.7399276,0.7499567
BiLSTM+Attention,test,77.674863_12.71956,2024-09-01,0.6462559,0.66437566
BiLSTM+Attention,test,77.674863_12.755492,2024-09-01,0.58937806,0.59601057
BiLSTM+Attention,test,77.674863_12.764475,2024-09-01,0.6039607,0.60165495
BiLSTM+Attention,test,77.674863_12.786933,2024-09-01,0.6331475,0.6423168
BiLSTM+Attention,test,77.674863_12.836341,2024-09-01,0.56972426,0.57985324
BiLSTM+Attention,test,77.674863_12.867782,2024-09-01,0.7214579,0.7165624
BiLSTM+Attention,test,77.674863_13.051936,2024-09-01,0.5637138,0.5802597
BiLSTM+Attention,test,77.674863_13.069903,2024-09-01,0.44062454,0.4714833
BiLSTM+Attention,test,77.674863_13.092361,2024-09-01,0.4426297,0.4810439
BiLSTM+Attention,test,77.674863_13.105835,2024-09-01,0.49643493,0.5345088
BiLSTM+Attention,test,77.679355_12.697102,2024-09-01,0.612955,0.6169562
BiLSTM+Attention,test,77.679355_12.746509,2024-09-01,0.70114106,0.7087667
BiLSTM+Attention,test,77.679355_12.881256,2024-09-01,0.5638383,0.55211955
BiLSTM+Attention,test,77.679355_12.89024,2024-09-01,0.57682127,0.5721525
BiLSTM+Attention,test,77.679355_12.899223,2024-09-01,0.4981992,0.5038678
BiLSTM+Attention,test,77.679355_13.047445,2024-09-01,0.7410107,0.7447236
BiLSTM+Attention,test,77.679355_13.056428,2024-09-01,0.53551394,0.55550075
BiLSTM+Attention,test,77.679355_13.074394,2024-09-01,0.45939094,0.4878852
BiLSTM+Attention,test,77.679355_13.101344,2024-09-01,0.46068254,0.49163818
BiLSTM+Attention,test,77.679355_13.141768,2024-09-01,0.49387357,0.54103845
BiLSTM+Attention,test,77.679355_13.155243,2024-09-01,0.42176056,0.46172577
BiLSTM+Attention,test,77.679355_13.159734,2024-09-01,0.44614094,0.47991928
BiLSTM+Attention,test,77.683846_12.728543,2024-09-01,0.63170403,0.6314804
BiLSTM+Attention,test,77.683846_12.742018,2024-09-01,0.5673697,0.5735966
BiLSTM+Attention,test,77.683846_12.755492,2024-09-01,0.7434026,0.7453973
BiLSTM+Attention,test,77.683846_12.795916,2024-09-01,0.61149627,0.61297274
BiLSTM+Attention,test,77.683846_12.8049,2024-09-01,0.57039833,0.5750119
BiLSTM+Attention,test,77.683846_12.836341,2024-09-01,0.61401427,0.62344575
BiLSTM+Attention,test,77.683846_12.840832,2024-09-01,0.62237275,0.6279795
BiLSTM+Attention,test,77.683846_12.894731,2024-09-01,0.5905268,0.58921194
BiLSTM+Attention,test,77.683846_12.917189,2024-09-01,0.48509407,0.52004296
BiLSTM+Attention,test,77.683846_12.939647,2024-09-01,0.72144943,0.7424487
BiLSTM+Attention,test,77.683846_13.029478,2024-09-01,0.41487828,0.4438308
BiLSTM+Attention,test,77.683846_13.06092,2024-09-01,0.50837314,0.543198
BiLSTM+Attention,test,77.683846_13.074394,2024-09-01,0.426943,0.46115336
BiLSTM+Attention,test,77.683846_13.11931,2024-09-01,0.40535122,0.45095253
BiLSTM+Attention,test,77.683846_13.123802,2024-09-01,0.45369744,0.49913657
BiLSTM+Attention,test,77.688338_12.656678,2024-09-01,0.75065,0.744173
BiLSTM+Attention,test,77.688338_12.69261,2024-09-01,0.79337627,0.7941418
BiLSTM+Attention,test,77.688338_12.697102,2024-09-01,0.798747,0.7995564
BiLSTM+Attention,test,77.688338_12.710577,2024-09-01,0.79608184,0.7847914
BiLSTM+Attention,test,77.688338_12.751001,2024-09-01,0.6434086,0.6479007
BiLSTM+Attention,test,77.688338_12.755492,2024-09-01,0.6158627,0.62159735
BiLSTM+Attention,test,77.688338_12.876765,2024-09-01,0.77967954,0.757751
BiLSTM+Attention,test,77.688338_12.885748,2024-09-01,0.60277945,0.6066247
BiLSTM+Attention,test,77.688338_12.966596,2024-09-01,0.59879106,0.6231254
BiLSTM+Attention,test,77.692829_12.746509,2024-09-01,0.54441094,0.55340534
BiLSTM+Attention,test,77.692829_12.800408,2024-09-01,0.5735751,0.57251936
BiLSTM+Attention,test,77.692829_12.845324,2024-09-01,0.63168347,0.6476855
BiLSTM+Attention,test,77.692829_12.885748,2024-09-01,0.62840337,0.62752384
BiLSTM+Attention,test,77.692829_12.899223,2024-09-01,0.55351925,0.5532962
BiLSTM+Attention,test,77.692829_13.047445,2024-09-01,0.7138867,0.7164832
BiLSTM+Attention,test,77.692829_13.06092,2024-09-01,0.6034453,0.62939763
BiLSTM+Attention,test,77.692829_13.065411,2024-09-01,0.5567129,0.5919176
BiLSTM+Attention,test,77.692829_13.083377,2024-09-01,0.42380577,0.46153134
BiLSTM+Attention,test,77.692829_13.096852,2024-09-01,0.40565342,0.44155213
BiLSTM+Attention,test,77.692829_13.132785,2024-09-01,0.3836167,0.42954302
BiLSTM+Attention,test,77.692829_13.155243,2024-09-01,0.42289123,0.46551013
BiLSTM+Attention,test,77.697321_12.697102,2024-09-01,0.80154943,0.8056336
BiLSTM+Attention,test,77.697321_12.751001,2024-09-01,0.6081269,0.6112592
BiLSTM+Attention,test,77.697321_12.773459,2024-09-01,0.5754322,0.58041215
BiLSTM+Attention,test,77.697321_12.791425,2024-09-01,0.6584968,0.663279
BiLSTM+Attention,test,77.697321_12.885748,2024-09-01,0.6318358,0.6316914
BiLSTM+Attention,test,77.697321_12.894731,2024-09-01,0.56895196,0.5671831
BiLSTM+Attention,test,77.697321_12.930664,2024-09-01,0.5695005,0.57558954
BiLSTM+Attention,test,77.697321_12.966596,2024-09-01,0.5740713,0.59908783
BiLSTM+Attention,test,77.697321_13.132785,2024-09-01,0.3836167,0.43199626
BiLSTM+Attention,test,77.697321_13.150751,2024-09-01,0.43862176,0.47300372
BiLSTM+Attention,test,77.697321_13.1777,2024-09-01,0.532289,0.56738746
BiLSTM+Attention,test,77.701812_12.742018,2024-09-01,0.5977408,0.6055735
BiLSTM+Attention,test,77.701812_12.77795,2024-09-01,0.56411195,0.56931186
BiLSTM+Attention,test,77.701812_12.8049,2024-09-01,0.634703,0.63534343
BiLSTM+Attention,test,77.701812_12.822866,2024-09-01,0.5959862,0.6233169
BiLSTM+Attention,test,77.701812_12.872273,2024-09-01,0.5511178,0.5530397
BiLSTM+Attention,test,77.701812_12.984563,2024-09-01,0.49812105,0.5195697
BiLSTM+Attention,test,77.701812_13.03397,2024-09-01,0.46933463,0.5027372
BiLSTM+Attention,test,77.701812_13.114818,2024-09-01,0.46264583,0.50988287
BiLSTM+Attention,test,77.701812_13.164226,2024-09-01,0.45906925,0.4817449
BiLSTM+Attention,test,77.706304_12.746509,2024-09-01,0.61096406,0.6204802
BiLSTM+Attention,test,77.706304_12.751001,2024-09-01,0.61769885,0.61521006
BiLSTM+Attention,test,77.706304_12.759984,2024-09-01,0.5344939,0.55779105
BiLSTM+Attention,test,77.706304_12.764475,2024-09-01,0.5719534,0.5897141
BiLSTM+Attention,test,77.706304_12.86329,2024-09-01,0.5029569,0.5231113
BiLSTM+Attention,test,77.706304_12.984563,2024-09-01,0.50543815,0.5310981
BiLSTM+Attention,test,77.706304_13.038462,2024-09-01,0.47604883,0.49915963
BiLSTM+Attention,test,77.706304_13.042953,2024-09-01,0.52756053,0.5553839
BiLSTM+Attention,test,77.706304_13.137276,2024-09-01,0.62569267,0.66424906
BiLSTM+Attention,test,77.710796_12.715068,2024-09-01,0.66723585,0.69774544
BiLSTM+Attention,test,77.710796_12.894731,2024-09-01,0.6334808,0.6432111
BiLSTM+Attention,test,77.710796_12.899223,2024-09-01,0.58260363,0.59853303
BiLSTM+Attention,test,77.710796_12.912697,2024-09-01,0.5037209,0.52821565
BiLSTM+Attention,test,77.710796_13.03397,2024-09-01,0.46093497,0.51317424
BiLSTM+Attention,test,77.710796_13.11931,2024-09-01,0.433499,0.48374063
BiLSTM+Attention,test,77.710796_13.123802,2024-09-01,0.40289146,0.4559763
BiLSTM+Attention,test,77.710796_13.132785,2024-09-01,0.43082604,0.47945946
BiLSTM+Attention,test,77.710796_13.150751,2024-09-01,0.4099493,0.45289853
BiLSTM+Attention,test,77.710796_13.168717,2024-09-01,0.47851405,0.5127972
BiLSTM+Attention,test,77.710796_13.173209,2024-09-01,0.48712915,0.5337889
BiLSTM+Attention,test,77.715287_12.679136,2024-09-01,0.7250983,0.7396359
BiLSTM+Attention,test,77.715287_12.742018,2024-09-01,0.5986969,0.6053478
BiLSTM+Attention,test,77.715287_12.773459,2024-09-01,0.5637039,0.5750652
BiLSTM+Attention,test,77.715287_12.822866,2024-09-01,0.61483246,0.62553513
BiLSTM+Attention,test,77.715287_12.827358,2024-09-01,0.58308697,0.59329945
BiLSTM+Attention,test,77.715287_12.845324,2024-09-01,0.5308272,0.54807705
BiLSTM+Attention,test,77.715287_12.885748,2024-09-01,0.6018829,0.62257373
BiLSTM+Attention,test,77.715287_12.899223,2024-09-01,0.4985697,0.5177097
BiLSTM+Attention,test,77.715287_12.939647,2024-09-01,0.72810346,0.74645674
BiLSTM+Attention,test,77.715287_12.944139,2024-09-01,0.7569336,0.78291136
BiLSTM+Attention,test,77.715287_12.94863,2024-09-01,0.6041723,0.63338834
BiLSTM+Attention,test,77.715287_13.016004,2024-09-01,0.5415246,0.56716996
BiLSTM+Attention,test,77.715287_13.029478,2024-09-01,0.42299578,0.46788278
BiLSTM+Attention,test,77.715287_13.038462,2024-09-01,0.5456404,0.5908425
BiLSTM+Attention,test,77.715287_13.051936,2024-09-01,0.53403485,0.57112753
BiLSTM+Attention,test,77.715287_13.056428,2024-09-01,0.46725178,0.505162
BiLSTM+Attention,test,77.715287_13.096852,2024-09-01,0.36172578,0.407588
BiLSTM+Attention,test,77.715287_13.114818,2024-09-01,0.49854895,0.5468664
BiLSTM+Attention,test,77.715287_13.128293,2024-09-01,0.44341424,0.49486148
BiLSTM+Attention,test,77.719779_12.706085,2024-09-01,0.6829518,0.7135149
BiLSTM+Attention,test,77.719779_12.746509,2024-09-01,0.7215102,0.74068356
BiLSTM+Attention,test,77.719779_12.795916,2024-09-01,0.58274364,0.59483343
BiLSTM+Attention,test,77.719779_12.840832,2024-09-01,0.61177504,0.63176215
BiLSTM+Attention,test,77.719779_12.903714,2024-09-01,0.49634007,0.5286339
BiLSTM+Attention,test,77.719779_13.069903,2024-09-01,0.43218455,0.48146918
BiLSTM+Attention,test,77.719779_13.105835,2024-09-01,0.45665643,0.49890274
BiLSTM+Attention,test,77.719779_13.123802,2024-09-01,0.41369626,0.46103245
BiLSTM+Attention,test,77.719779_13.137276,2024-09-01,0.41920593,0.46687463
BiLSTM+Attention,test,77.719779_13.155243,2024-09-01,0.41047668,0.44616532
BiLSTM+Attention,test,77.72427_12.674644,2024-09-01,0.63198763,0.6504457
BiLSTM+Attention,test,77.72427_12.697102,2024-09-01,0.5593142,0.5880465
BiLSTM+Attention,test,77.72427_12.701593,2024-09-01,0.5861984,0.6194023
BiLSTM+Attention,test,77.72427_12.724051,2024-09-01,0.63022226,0.6385125
BiLSTM+Attention,test,77.72427_12.786933,2024-09-01,0.6068276,0.6090969
BiLSTM+Attention,test,77.72427_12.791425,2024-09-01,0.6052356,0.6119783
BiLSTM+Attention,test,77.72427_12.840832,2024-09-01,0.5914269,0.610883
BiLSTM+Attention,test,77.72427_12.867782,2024-09-01,0.5359352,0.5532088
BiLSTM+Attention,test,77.72427_12.885748,2024-09-01,0.57226783,0.5850076
BiLSTM+Attention,test,77.72427_13.024987,2024-09-01,0.73128015,0.7656121
BiLSTM+Attention,test,77.72427_13.06092,2024-09-01,0.45036396,0.49886268
BiLSTM+Attention,test,77.72427_13.074394,2024-09-01,0.46015096,0.50526047
BiLSTM+Attention,test,77.728762_12.706085,2024-09-01,0.6570919,0.6897609
BiLSTM+Attention,test,77.728762_12.724051,2024-09-01,0.69679683,0.70766836
BiLSTM+Attention,test,77.728762_12.759984,2024-09-01,0.60415643,0.6127172
BiLSTM+Attention,test,77.728762_12.782442,2024-09-01,0.62716925,0.63100874
BiLSTM+Attention,test,77.728762_12.809391,2024-09-01,0.617544,0.62171113
BiLSTM+Attention,test,77.728762_12.858799,2024-09-01,0.6076307,0.61687404
BiLSTM+Attention,test,77.728762_12.876765,2024-09-01,0.6182746,0.638571
BiLSTM+Attention,test,77.728762_12.885748,2024-09-01,0.56108284,0.57573336
BiLSTM+Attention,test,77.728762_13.016004,2024-09-01,0.7193596,0.7561017
BiLSTM+Attention,test,77.728762_13.047445,2024-09-01,0.51473725,0.55920476
BiLSTM+Attention,test,77.728762_13.087869,2024-09-01,0.4840443,0.5360389
BiLSTM+Attention,test,77.728762_13.092361,2024-09-01,0.44593737,0.49683595
BiLSTM+Attention,test,77.733253_12.755492,2024-09-01,0.57479113,0.58303726
BiLSTM+Attention,test,77.733253_12.795916,2024-09-01,0.57678646,0.5781344
BiLSTM+Attention,test,77.733253_12.86329,2024-09-01,0.6208745,0.6397388
BiLSTM+Attention,test,77.733253_12.872273,2024-09-01,0.6044425,0.6211817
BiLSTM+Attention,test,77.733253_12.998037,2024-09-01,0.6233176,0.6581496
BiLSTM+Attention,test,77.733253_13.056428,2024-09-01,0.4270658,0.47742206
BiLSTM+Attention,test,77.737745_12.764475,2024-09-01,0.55260813,0.565911
BiLSTM+Attention,test,77.737745_12.791425,2024-09-01,0.5955447,0.60408866
BiLSTM+Attention,test,77.737745_12.809391,2024-09-01,0.5912974,0.60055953
BiLSTM+Attention,test,77.737745_12.858799,2024-09-01,0.58665913,0.60349953
BiLSTM+Attention,test,77.737745_12.872273,2024-09-01,0.61183804,0.6364982
BiLSTM+Attention,test,77.737745_12.881256,2024-09-01,0.6320999,0.6433293
BiLSTM+Attention,test,77.737745_13.051936,2024-09-01,0.45102778,0.5041123
BiLSTM+Attention,test,77.737745_13.06092,2024-09-01,0.455896,0.50390947
BiLSTM+Attention,test,77.737745_13.078886,2024-09-01,0.48290676,0.517326
BiLSTM+Attention,test,77.737745_13.101344,2024-09-01,0.40847793,0.45520478
BiLSTM+Attention,test,77.742237_12.697102,2024-09-01,0.6993581,0.72135544
BiLSTM+Attention,test,77.742237_12.764475,2024-09-01,0.5673624,0.58052045
BiLSTM+Attention,test,77.742237_12.795916,2024-09-01,0.5619673,0.57292736
BiLSTM+Attention,test,77.742237_12.8049,2024-09-01,0.60476696,0.6083953
BiLSTM+Attention,test,77.742237_12.86329,2024-09-01,0.5266833,0.5463293
BiLSTM+Attention,test,77.742237_12.867782,2024-09-01,0.616829,0.6344279
BiLSTM+Attention,test,77.742237_12.89024,2024-09-01,0.61770904,0.63510257
BiLSTM+Attention,test,77.742237_12.899223,2024-09-01,0.5983101,0.6233423
BiLSTM+Attention,test,77.742237_12.921681,2024-09-01,0.5351789,0.56960243
BiLSTM+Attention,test,77.742237_12.980071,2024-09-01,0.57422733,0.60384834
BiLSTM+Attention,test,77.742237_13.002529,2024-09-01,0.59091085,0.63117564
BiLSTM+Attention,test,77.742237_13.016004,2024-09-01,0.5997611,0.63333756
BiLSTM+Attention,test,77.742237_13.038462,2024-09-01,0.42919713,0.48350716
BiLSTM+Attention,test,77.742237_13.074394,2024-09-01,0.4061174,0.46334702
BiLSTM+Attention,test,77.742237_13.078886,2024-09-01,0.46883816,0.5136892
BiLSTM+Attention,test,77.742237_13.101344,2024-09-01,0.4306454,0.47697294
BiLSTM+Attention,test,77.746728_12.751001,2024-09-01,0.5954795,0.60262036
BiLSTM+Attention,test,77.746728_12.764475,2024-09-01,0.5866931,0.601971
BiLSTM+Attention,test,77.746728_12.782442,2024-09-01,0.62212384,0.62507427
BiLSTM+Attention,test,77.746728_12.97558,2024-09-01,0.59475654,0.6250828
BiLSTM+Attention,test,77.746728_12.984563,2024-09-01,0.58488756,0.60232544
BiLSTM+Attention,test,77.746728_13.016004,2024-09-01,0.61185026,0.6506488
BiLSTM+Attention,test,77.746728_13.020495,2024-09-01,0.6403247,0.6765438
BiLSTM+Attention,test,77.746728_13.024987,2024-09-01,0.54978776,0.5782386
BiLSTM+Attention,test,77.746728_13.038462,2024-09-01,0.4576901,0.50338274
BiLSTM+Attention,test,77.746728_13.06092,2024-09-01,0.41598678,0.46735123
BiLSTM+Attention,test,77.746728_13.083377,2024-09-01,0.46813533,0.51312774
BiLSTM+Attention,test,77.746728_13.092361,2024-09-01,0.4258677,0.46776712
BiLSTM+Attention,test,77.75122_12.751001,2024-09-01,0.58519906,0.5997402
BiLSTM+Attention,test,77.75122_12.755492,2024-09-01,0.6293006,0.6400298
BiLSTM+Attention,test,77.75122_12.768967,2024-09-01,0.5504009,0.5697651
BiLSTM+Attention,test,77.75122_12.77795,2024-09-01,0.5886958,0.6018404
BiLSTM+Attention,test,77.75122_12.894731,2024-09-01,0.54049915,0.56463116
BiLSTM+Attention,test,77.75122_12.993546,2024-09-01,0.5255386,0.5719354
BiLSTM+Attention,test,77.75122_13.020495,2024-09-01,0.57343864,0.60951144
BiLSTM+Attention,test,77.75122_13.03397,2024-09-01,0.4686318,0.5195158
BiLSTM+Attention,test,77.75122_13.038462,2024-09-01,0.43776298,0.4813887
BiLSTM+Attention,test,77.755711_12.706085,2024-09-01,0.6145493,0.6335626
BiLSTM+Attention,test,77.755711_12.764475,2024-09-01,0.78340715,0.7900841
BiLSTM+Attention,test,77.755711_12.77795,2024-09-01,0.57145447,0.5884624
BiLSTM+Attention,test,77.755711_12.822866,2024-09-01,0.5671114,0.5864367
BiLSTM+Attention,test,77.755711_12.831849,2024-09-01,0.5414947,0.5591451
BiLSTM+Attention,test,77.755711_12.858799,2024-09-01,0.58958477,0.6078161
BiLSTM+Attention,test,77.755711_12.885748,2024-09-01,0.57704294,0.60073423
BiLSTM+Attention,test,77.755711_12.899223,2024-09-01,0.5075372,0.52665627
BiLSTM+Attention,test,77.755711_12.903714,2024-09-01,0.56219256,0.58994347
BiLSTM+Attention,test,77.755711_12.926172,2024-09-01,0.5708632,0.596135
BiLSTM+Attention,test,77.760203_12.751001,2024-09-01,0.58172584,0.58953214
BiLSTM+Attention,test,77.760203_12.795916,2024-09-01,0.5628904,0.5693365
BiLSTM+Attention,test,77.760203_12.818374,2024-09-01,0.6437467,0.6667738
BiLSTM+Attention,test,77.760203_12.867782,2024-09-01,0.54804415,0.57445675
BiLSTM+Attention,test,77.760203_12.872273,2024-09-01,0.56031865,0.5865282
BiLSTM+Attention,test,77.760203_12.876765,2024-09-01,0.53147477,0.55242664
BiLSTM+Attention,test,77.760203_12.885748,2024-09-01,0.54763395,0.5724922
BiLSTM+Attention,test,77.760203_12.984563,2024-09-01,0.5833698,0.6189648
BiLSTM+Attention,test,77.764695_12.742018,2024-09-01,0.6945337,0.70730674
BiLSTM+Attention,test,77.764695_12.746509,2024-09-01,0.6821292,0.69699943
BiLSTM+Attention,test,77.764695_12.813883,2024-09-01,0.6088233,0.6228426
BiLSTM+Attention,test,77.764695_12.849815,2024-09-01,0.57459706,0.5862706
BiLSTM+Attention,test,77.764695_12.885748,2024-09-01,0.57229793,0.60102654
BiLSTM+Attention,test,77.764695_12.912697,2024-09-01,0.5667691,0.5933489
BiLSTM+Attention,test,77.764695_13.03397,2024-09-01,0.41670558,0.47027642
BiLSTM+Attention,test,77.769186_12.751001,2024-09-01,0.7048168,0.70621586
BiLSTM+Attention,test,77.769186_12.791425,2024-09-01,0.5525524,0.57264084
BiLSTM+Attention,test,77.769186_12.800408,2024-09-01,0.60519785,0.6099297
BiLSTM+Attention,test,77.769186_12.8049,2024-09-01,0.6379925,0.6435728
BiLSTM+Attention,test,77.769186_12.809391,2024-09-01,0.5743161,0.5816825
BiLSTM+Attention,test,77.769186_12.876765,2024-09-01,0.5905464,0.6117747
BiLSTM+Attention,test,77.769186_12.894731,2024-09-01,0.55287194,0.56736773
BiLSTM+Attention,test,77.769186_13.016004,2024-09-01,0.5268698,0.55810434
BiLSTM+Attention,test,77.773678_12.746509,2024-09-01,0.69843775,0.71406317
BiLSTM+Attention,test,77.773678_12.858799,2024-09-01,0.53249985,0.5521084
BiLSTM+Attention,test,77.773678_12.885748,2024-09-01,0.5435712,0.56723297
BiLSTM+Attention,test,77.773678_12.899223,2024-09-01,0.51991767,0.550568
BiLSTM+Attention,test,77.773678_12.908206,2024-09-01,0.55766076,0.58905226
BiLSTM+Attention,test,77.778169_12.809391,2024-09-01,0.5366039,0.54971254
BiLSTM+Attention,test,77.778169_12.885748,2024-09-01,0.56215864,0.59038067
BiLSTM+Attention,test,77.782661_12.786933,2024-09-01,0.55458766,0.5638864
BiLSTM+Attention,test,77.782661_12.791425,2024-09-01,0.5825854,0.5930105
BiLSTM+Attention,test,77.782661_12.89024,2024-09-01,0.55508447,0.5859998
BiLSTM+Attention,test,77.787152_12.786933,2024-09-01,0.5684374,0.57890797
BiLSTM+Attention,test,77.787152_12.849815,2024-09-01,0.53462046,0.5626255
BiLSTM+Attention,test,77.787152_12.867782,2024-09-01,0.5450117,0.5726759
BiLSTM+Attention,test,77.791644_12.8049,2024-09-01,0.56799966,0.5728395
BiLSTM+Attention,test,77.791644_12.899223,2024-09-01,0.5438205,0.5745609
BiLSTM+Attention,test,77.796136_12.854307,2024-09-01,0.5236233,0.5546111
BiLSTM+Attention,test,77.796136_12.885748,2024-09-01,0.58643466,0.62367
BiLSTM+Attention,test,77.800627_12.876765,2024-09-01,0.5792896,0.622972
BiLSTM+Attention,test,77.800627_12.885748,2024-09-01,0.5467044,0.584334
BiLSTM+Attention,test,77.805119_12.876765,2024-09-01,0.5866788,0.6289645
BiLSTM+Attention,test,77.805119_12.89024,2024-09-01,0.5757912,0.61386585
BiLSTM+Attention,test,77.80961_12.858799,2024-09-01,0.5918817,0.62682307
BiLSTM+Attention,test,77.80961_12.86329,2024-09-01,0.5703034,0.60425746
BiLSTM+Attention,test,77.329012_12.944139,2024-10-01,0.5721409,0.5904956
BiLSTM+Attention,test,77.329012_12.962105,2024-10-01,0.7428335,0.7311324
BiLSTM+Attention,test,77.337995_12.921681,2024-10-01,0.6924095,0.681981
BiLSTM+Attention,test,77.342486_12.926172,2024-10-01,0.73081607,0.70432526
BiLSTM+Attention,test,77.342486_12.935155,2024-10-01,0.75184256,0.75429726
BiLSTM+Attention,test,77.342486_12.944139,2024-10-01,0.7202631,0.71929294
BiLSTM+Attention,test,77.346978_12.86329,2024-10-01,0.62544584,0.63253146
BiLSTM+Attention,test,77.346978_12.962105,2024-10-01,0.57961065,0.5759783
BiLSTM+Attention,test,77.351469_12.89024,2024-10-01,0.60014373,0.6041672
BiLSTM+Attention,test,77.351469_12.930664,2024-10-01,0.75572723,0.7772215
BiLSTM+Attention,test,77.351469_12.939647,2024-10-01,0.7363523,0.7486058
BiLSTM+Attention,test,77.355961_12.899223,2024-10-01,0.6150135,0.62186956
BiLSTM+Attention,test,77.355961_12.94863,2024-10-01,0.54732275,0.5599461
BiLSTM+Attention,test,77.355961_12.962105,2024-10-01,0.7529732,0.74639344
BiLSTM+Attention,test,77.360453_12.867782,2024-10-01,0.513591,0.52244633
BiLSTM+Attention,test,77.360453_12.908206,2024-10-01,0.6354779,0.6373421
BiLSTM+Attention,test,77.360453_12.926172,2024-10-01,0.7517537,0.7557647
BiLSTM+Attention,test,77.364944_12.854307,2024-10-01,0.5552557,0.56767404
BiLSTM+Attention,test,77.364944_12.962105,2024-10-01,0.5363025,0.54393053
BiLSTM+Attention,test,77.369436_12.881256,2024-10-01,0.5561431,0.57336736
BiLSTM+Attention,test,77.369436_12.89024,2024-10-01,0.55387485,0.55842304
BiLSTM+Attention,test,77.369436_12.935155,2024-10-01,0.50946516,0.51108855
BiLSTM+Attention,test,77.369436_12.998037,2024-10-01,0.54599255,0.5554877
BiLSTM+Attention,test,77.369436_13.007021,2024-10-01,0.5909579,0.5948423
BiLSTM+Attention,test,77.373927_12.912697,2024-10-01,0.64985234,0.6442319
BiLSTM+Attention,test,77.373927_12.971088,2024-10-01,0.52976,0.53211
BiLSTM+Attention,test,77.373927_13.011512,2024-10-01,0.5412145,0.5605696
BiLSTM+Attention,test,77.373927_13.016004,2024-10-01,0.5255145,0.5472404
BiLSTM+Attention,test,77.378419_12.966596,2024-10-01,0.505144,0.50236756
BiLSTM+Attention,test,77.382911_12.894731,2024-10-01,0.5973388,0.5934252
BiLSTM+Attention,test,77.382911_12.953122,2024-10-01,0.5648831,0.56718457
BiLSTM+Attention,test,77.382911_12.957613,2024-10-01,0.559512,0.56206656
BiLSTM+Attention,test,77.387402_12.962105,2024-10-01,0.55035496,0.5447324
BiLSTM+Attention,test,77.387402_12.97558,2024-10-01,0.5512311,0.55356014
BiLSTM+Attention,test,77.387402_12.980071,2024-10-01,0.55375165,0.5613774
BiLSTM+Attention,test,77.391894_12.867782,2024-10-01,0.59697354,0.6081889
BiLSTM+Attention,test,77.391894_12.881256,2024-10-01,0.56383353,0.56250036
BiLSTM+Attention,test,77.391894_12.885748,2024-10-01,0.59599656,0.5906379
BiLSTM+Attention,test,77.396385_12.894731,2024-10-01,0.59901786,0.6047973
BiLSTM+Attention,test,77.396385_12.908206,2024-10-01,0.5573995,0.5534424
BiLSTM+Attention,test,77.396385_12.944139,2024-10-01,0.59757215,0.60498905
BiLSTM+Attention,test,77.396385_12.971088,2024-10-01,0.52119386,0.5246248
BiLSTM+Attention,test,77.396385_12.97558,2024-10-01,0.49731383,0.50476354
BiLSTM+Attention,test,77.396385_13.029478,2024-10-01,0.42985606,0.44388217
BiLSTM+Attention,test,77.400877_12.957613,2024-10-01,0.56506115,0.5706045
BiLSTM+Attention,test,77.400877_12.966596,2024-10-01,0.51804554,0.519115
BiLSTM+Attention,test,77.400877_13.029478,2024-10-01,0.41751677,0.42795235
BiLSTM+Attention,test,77.405368_12.881256,2024-10-01,0.52464044,0.52756536
BiLSTM+Attention,test,77.405368_12.89024,2024-10-01,0.5475035,0.5457784
BiLSTM+Attention,test,77.405368_12.903714,2024-10-01,0.5207489,0.5278338
BiLSTM+Attention,test,77.405368_12.930664,2024-10-01,0.63893646,0.6485598
BiLSTM+Attention,test,77.405368_12.998037,2024-10-01,0.5387716,0.55168676
BiLSTM+Attention,test,77.405368_13.105835,2024-10-01,0.4586746,0.4584574
BiLSTM+Attention,test,77.405368_13.11931,2024-10-01,0.42103323,0.4260749
BiLSTM+Attention,test,77.40986_12.872273,2024-10-01,0.49006668,0.49514568
BiLSTM+Attention,test,77.40986_12.881256,2024-10-01,0.49210367,0.4993039
BiLSTM+Attention,test,77.40986_12.962105,2024-10-01,0.57434607,0.58498687
BiLSTM+Attention,test,77.414352_12.930664,2024-10-01,0.58313626,0.58227396
BiLSTM+Attention,test,77.414352_12.989054,2024-10-01,0.50072986,0.5155816
BiLSTM+Attention,test,77.414352_12.993546,2024-10-01,0.50838554,0.51872754
BiLSTM+Attention,test,77.414352_13.03397,2024-10-01,0.47468668,0.4894077
BiLSTM+Attention,test,77.414352_13.096852,2024-10-01,0.4421808,0.44529197
BiLSTM+Attention,test,77.414352_13.11931,2024-10-01,0.44029307,0.4434888
BiLSTM+Attention,test,77.418843_12.876765,2024-10-01,0.5053195,0.49394262
BiLSTM+Attention,test,77.418843_12.89024,2024-10-01,0.53351206,0.5260689
BiLSTM+Attention,test,77.418843_12.94863,2024-10-01,0.5746321,0.57629097
BiLSTM+Attention,test,77.418843_12.971088,2024-10-01,0.53740823,0.54372776
BiLSTM+Attention,test,77.418843_12.993546,2024-10-01,0.53871965,0.5486751
BiLSTM+Attention,test,77.418843_13.016004,2024-10-01,0.5025179,0.5101006
BiLSTM+Attention,test,77.418843_13.024987,2024-10-01,0.49364957,0.5060029
BiLSTM+Attention,test,77.418843_13.029478,2024-10-01,0.49318057,0.49986565
BiLSTM+Attention,test,77.418843_13.146259,2024-10-01,0.4040744,0.41156903
BiLSTM+Attention,test,77.423335_12.876765,2024-10-01,0.5070977,0.50228524
BiLSTM+Attention,test,77.423335_12.921681,2024-10-01,0.58899766,0.59408784
BiLSTM+Attention,test,77.423335_12.930664,2024-10-01,0.57168204,0.5745794
BiLSTM+Attention,test,77.423335_13.002529,2024-10-01,0.58680624,0.5858886
BiLSTM+Attention,test,77.423335_13.092361,2024-10-01,0.3803169,0.38378838
BiLSTM+Attention,test,77.423335_13.141768,2024-10-01,0.4628547,0.4768287
BiLSTM+Attention,test,77.423335_13.150751,2024-10-01,0.41282982,0.41920418
BiLSTM+Attention,test,77.427826_12.845324,2024-10-01,0.4490816,0.45305008
BiLSTM+Attention,test,77.427826_12.858799,2024-10-01,0.5017983,0.5031526
BiLSTM+Attention,test,77.427826_12.930664,2024-10-01,0.5791677,0.5821311
BiLSTM+Attention,test,77.427826_12.939647,2024-10-01,0.526578,0.5318375
BiLSTM+Attention,test,77.427826_12.944139,2024-10-01,0.5399609,0.5498318
BiLSTM+Attention,test,77.427826_13.020495,2024-10-01,0.50418544,0.5151003
BiLSTM+Attention,test,77.427826_13.024987,2024-10-01,0.49507424,0.5006519
BiLSTM+Attention,test,77.427826_13.110327,2024-10-01,0.46056974,0.47063947
BiLSTM+Attention,test,77.427826_13.132785,2024-10-01,0.51579416,0.5201143
BiLSTM+Attention,test,77.432318_12.858799,2024-10-01,0.5163912,0.52433705
BiLSTM+Attention,test,77.432318_12.86329,2024-10-01,0.5225128,0.5267331
BiLSTM+Attention,test,77.432318_12.867782,2024-10-01,0.51417065,0.511611
BiLSTM+Attention,test,77.432318_12.881256,2024-10-01,0.5568994,0.5505
BiLSTM+Attention,test,77.432318_12.885748,2024-10-01,0.64698374,0.63277966
BiLSTM+Attention,test,77.432318_12.957613,2024-10-01,0.52648836,0.534662
BiLSTM+Attention,test,77.432318_12.998037,2024-10-01,0.45757866,0.4712479
BiLSTM+Attention,test,77.432318_13.087869,2024-10-01,0.4651357,0.47083586
BiLSTM+Attention,test,77.432318_13.092361,2024-10-01,0.42151043,0.4290157
BiLSTM+Attention,test,77.436809_12.818374,2024-10-01,0.64674485,0.64063907
BiLSTM+Attention,test,77.436809_12.840832,2024-10-01,0.5638119,0.5652755
BiLSTM+Attention,test,77.436809_12.854307,2024-10-01,0.53000796,0.53603166
BiLSTM+Attention,test,77.436809_12.912697,2024-10-01,0.6481367,0.6402546
BiLSTM+Attention,test,77.436809_12.926172,2024-10-01,0.5810656,0.5863352
BiLSTM+Attention,test,77.436809_12.944139,2024-10-01,0.5472518,0.56059384
BiLSTM+Attention,test,77.436809_13.03397,2024-10-01,0.4781307,0.48477066
BiLSTM+Attention,test,77.441301_12.818374,2024-10-01,0.65523297,0.6447544
BiLSTM+Attention,test,77.441301_12.831849,2024-10-01,0.5485771,0.55030733
BiLSTM+Attention,test,77.441301_12.836341,2024-10-01,0.5774858,0.57621753
BiLSTM+Attention,test,77.441301_12.840832,2024-10-01,0.5508015,0.5498214
BiLSTM+Attention,test,77.441301_12.944139,2024-10-01,0.58461213,0.5855732
BiLSTM+Attention,test,77.441301_12.94863,2024-10-01,0.5386195,0.54352677
BiLSTM+Attention,test,77.441301_13.056428,2024-10-01,0.46729237,0.47419283
BiLSTM+Attention,test,77.441301_13.069903,2024-10-01,0.48404673,0.48680317
BiLSTM+Attention,test,77.441301_13.083377,2024-10-01,0.47085002,0.47658962
BiLSTM+Attention,test,77.441301_13.110327,2024-10-01,0.45596245,0.45088336
BiLSTM+Attention,test,77.445793_12.840832,2024-10-01,0.62346125,0.62053514
BiLSTM+Attention,test,77.445793_12.86329,2024-10-01,0.6389158,0.64043504
BiLSTM+Attention,test,77.445793_12.867782,2024-10-01,0.61813945,0.61982524
BiLSTM+Attention,test,77.445793_12.912697,2024-10-01,0.5540514,0.5553311
BiLSTM+Attention,test,77.445793_12.957613,2024-10-01,0.52712643,0.53345597
BiLSTM+Attention,test,77.445793_12.984563,2024-10-01,0.5451102,0.53745246
BiLSTM+Attention,test,77.450284_12.809391,2024-10-01,0.6073306,0.60938066
BiLSTM+Attention,test,77.450284_12.872273,2024-10-01,0.6176379,0.61951065
BiLSTM+Attention,test,77.450284_12.89024,2024-10-01,0.6182218,0.612173
BiLSTM+Attention,test,77.450284_12.971088,2024-10-01,0.5146091,0.5254393
BiLSTM+Attention,test,77.450284_12.993546,2024-10-01,0.42640558,0.43247396
BiLSTM+Attention,test,77.450284_13.029478,2024-10-01,0.46555665,0.46631044
BiLSTM+Attention,test,77.450284_13.047445,2024-10-01,0.47810024,0.48926455
BiLSTM+Attention,test,77.450284_13.146259,2024-10-01,0.5305862,0.54119986
BiLSTM+Attention,test,77.454776_12.809391,2024-10-01,0.57228786,0.5770081
BiLSTM+Attention,test,77.454776_12.885748,2024-10-01,0.5995481,0.6077724
BiLSTM+Attention,test,77.454776_12.980071,2024-10-01,0.4666156,0.479793
BiLSTM+Attention,test,77.454776_12.993546,2024-10-01,0.45227662,0.4529877
BiLSTM+Attention,test,77.454776_13.078886,2024-10-01,0.47688496,0.4787151
BiLSTM+Attention,test,77.454776_13.087869,2024-10-01,0.44059134,0.44643378
BiLSTM+Attention,test,77.454776_13.114818,2024-10-01,0.5171402,0.5362784
BiLSTM+Attention,test,77.454776_13.141768,2024-10-01,0.5339705,0.5504314
BiLSTM+Attention,test,77.459267_12.8049,2024-10-01,0.6412508,0.6484854
BiLSTM+Attention,test,77.459267_12.822866,2024-10-01,0.60754496,0.60998327
BiLSTM+Attention,test,77.459267_12.845324,2024-10-01,0.61138844,0.6157951
BiLSTM+Attention,test,77.459267_12.872273,2024-10-01,0.5889553,0.5986036
BiLSTM+Attention,test,77.459267_12.903714,2024-10-01,0.5423263,0.5553582
BiLSTM+Attention,test,77.459267_12.926172,2024-10-01,0.5753178,0.5772844
BiLSTM+Attention,test,77.459267_12.97558,2024-10-01,0.48134583,0.4946781
BiLSTM+Attention,test,77.459267_13.016004,2024-10-01,0.44094285,0.4383827
BiLSTM+Attention,test,77.459267_13.020495,2024-10-01,0.434499,0.43385598
BiLSTM+Attention,test,77.459267_13.11931,2024-10-01,0.51400137,0.5269617
BiLSTM+Attention,test,77.463759_12.813883,2024-10-01,0.552516,0.56697595
BiLSTM+Attention,test,77.463759_12.836341,2024-10-01,0.6083843,0.6105301
BiLSTM+Attention,test,77.463759_12.86329,2024-10-01,0.62528026,0.63787365
BiLSTM+Attention,test,77.463759_12.867782,2024-10-01,0.60725486,0.6187874
BiLSTM+Attention,test,77.463759_12.872273,2024-10-01,0.5830358,0.5928711
BiLSTM+Attention,test,77.463759_12.881256,2024-10-01,0.63493496,0.64035237
BiLSTM+Attention,test,77.463759_12.885748,2024-10-01,0.63849825,0.63848484
BiLSTM+Attention,test,77.463759_12.894731,2024-10-01,0.57810664,0.5936051
BiLSTM+Attention,test,77.463759_12.899223,2024-10-01,0.5807139,0.5930296
BiLSTM+Attention,test,77.463759_12.917189,2024-10-01,0.5237009,0.5352831
BiLSTM+Attention,test,77.463759_12.953122,2024-10-01,0.77830005,0.79734766
BiLSTM+Attention,test,77.463759_13.03397,2024-10-01,0.43340912,0.43012512
BiLSTM+Attention,test,77.463759_13.078886,2024-10-01,0.5453536,0.5386422
BiLSTM+Attention,test,77.46825_12.827358,2024-10-01,0.5209702,0.52990776
BiLSTM+Attention,test,77.46825_12.836341,2024-10-01,0.61577344,0.61739135
BiLSTM+Attention,test,77.46825_12.894731,2024-10-01,0.5582486,0.57423466
BiLSTM+Attention,test,77.46825_12.94863,2024-10-01,0.6179462,0.61929715
BiLSTM+Attention,test,77.46825_12.953122,2024-10-01,0.55335927,0.55377054
BiLSTM+Attention,test,77.46825_12.966596,2024-10-01,0.53142864,0.54142594
BiLSTM+Attention,test,77.46825_13.007021,2024-10-01,0.45200545,0.44514173
BiLSTM+Attention,test,77.46825_13.020495,2024-10-01,0.51862943,0.51686674
BiLSTM+Attention,test,77.46825_13.114818,2024-10-01,0.5580849,0.5798124
BiLSTM+Attention,test,77.46825_13.150751,2024-10-01,0.46872833,0.48082143
BiLSTM+Attention,test,77.46825_13.1777,2024-10-01,0.5591877,0.57459307
BiLSTM+Attention,test,77.472742_12.746509,2024-10-01,0.67891,0.67201555
BiLSTM+Attention,test,77.472742_12.751001,2024-10-01,0.63271916,0.6211144
BiLSTM+Attention,test,77.472742_12.755492,2024-10-01,0.64973176,0.64820063
BiLSTM+Attention,test,77.472742_12.795916,2024-10-01,0.58628905,0.5869084
BiLSTM+Attention,test,77.472742_12.836341,2024-10-01,0.6058324,0.6061222
BiLSTM+Attention,test,77.472742_12.984563,2024-10-01,0.49333626,0.4853933
BiLSTM+Attention,test,77.472742_13.087869,2024-10-01,0.4995382,0.50738657
BiLSTM+Attention,test,77.477234_12.764475,2024-10-01,0.64408684,0.6478211
BiLSTM+Attention,test,77.477234_12.782442,2024-10-01,0.5799044,0.58749956
BiLSTM+Attention,test,77.477234_12.840832,2024-10-01,0.6075835,0.61259
BiLSTM+Attention,test,77.477234_12.899223,2024-10-01,0.51854193,0.5285223
BiLSTM+Attention,test,77.477234_12.935155,2024-10-01,0.64445025,0.6355702
BiLSTM+Attention,test,77.477234_12.944139,2024-10-01,0.5745334,0.5764838
BiLSTM+Attention,test,77.477234_12.94863,2024-10-01,0.58537555,0.57872385
BiLSTM+Attention,test,77.477234_12.971088,2024-10-01,0.5440975,0.5590435
BiLSTM+Attention,test,77.477234_13.002529,2024-10-01,0.44756636,0.45031214
BiLSTM+Attention,test,77.477234_13.056428,2024-10-01,0.5012748,0.5002804
BiLSTM+Attention,test,77.481725_12.737526,2024-10-01,0.65550846,0.65478134
BiLSTM+Attention,test,77.481725_12.768967,2024-10-01,0.6390259,0.64029825
BiLSTM+Attention,test,77.481725_12.831849,2024-10-01,0.5495743,0.553976
BiLSTM+Attention,test,77.481725_12.89024,2024-10-01,0.5978107,0.61031383
BiLSTM+Attention,test,77.481725_12.894731,2024-10-01,0.56498295,0.5696861
BiLSTM+Attention,test,77.481725_12.944139,2024-10-01,0.5873177,0.5890349
BiLSTM+Attention,test,77.481725_12.971088,2024-10-01,0.46889108,0.4779284
BiLSTM+Attention,test,77.481725_12.980071,2024-10-01,0.5221364,0.51212734
BiLSTM+Attention,test,77.481725_13.024987,2024-10-01,0.5000141,0.4865299
BiLSTM+Attention,test,77.481725_13.03397,2024-10-01,0.47708666,0.47702804
BiLSTM+Attention,test,77.481725_13.096852,2024-10-01,0.58287054,0.5908259
BiLSTM+Attention,test,77.481725_13.137276,2024-10-01,0.65748537,0.6609669
BiLSTM+Attention,test,77.486217_12.764475,2024-10-01,0.63392836,0.63052815
BiLSTM+Attention,test,77.486217_12.872273,2024-10-01,0.5544536,0.5677055
BiLSTM+Attention,test,77.486217_12.939647,2024-10-01,0.60278773,0.6093226
BiLSTM+Attention,test,77.486217_12.998037,2024-10-01,0.49499473,0.4931903
BiLSTM+Attention,test,77.486217_13.042953,2024-10-01,0.54767936,0.533303
BiLSTM+Attention,test,77.486217_13.06092,2024-10-01,0.5659145,0.5612224
BiLSTM+Attention,test,77.486217_13.114818,2024-10-01,0.4985493,0.5101551
BiLSTM+Attention,test,77.486217_13.11931,2024-10-01,0.5158242,0.5245507
BiLSTM+Attention,test,77.490708_12.768967,2024-10-01,0.6256827,0.62764406
BiLSTM+Attention,test,77.490708_12.8049,2024-10-01,0.6037416,0.6174419
BiLSTM+Attention,test,77.490708_12.849815,2024-10-01,0.6248344,0.6146503
BiLSTM+Attention,test,77.490708_12.89024,2024-10-01,0.5568579,0.57128954
BiLSTM+Attention,test,77.490708_13.051936,2024-10-01,0.61432856,0.5888218
BiLSTM+Attention,test,77.490708_13.087869,2024-10-01,0.55536973,0.56531477
BiLSTM+Attention,test,77.490708_13.092361,2024-10-01,0.5508478,0.56357425
BiLSTM+Attention,test,77.490708_13.096852,2024-10-01,0.58092153,0.5879802
BiLSTM+Attention,test,77.490708_13.182192,2024-10-01,0.597677,0.61020005
BiLSTM+Attention,test,77.490708_13.209142,2024-10-01,0.55482143,0.56248164
BiLSTM+Attention,test,77.4952_12.786933,2024-10-01,0.5859884,0.59837514
BiLSTM+Attention,test,77.4952_12.836341,2024-10-01,0.5812568,0.5806807
BiLSTM+Attention,test,77.4952_12.899223,2024-10-01,0.6041005,0.60873055
BiLSTM+Attention,test,77.4952_12.962105,2024-10-01,0.5869182,0.5818666
BiLSTM+Attention,test,77.4952_13.020495,2024-10-01,0.5424443,0.5240588
BiLSTM+Attention,test,77.4952_13.024987,2024-10-01,0.53206855,0.5071957
BiLSTM+Attention,test,77.4952_13.03397,2024-10-01,0.58529246,0.5693033
BiLSTM+Attention,test,77.4952_13.087869,2024-10-01,0.5296329,0.52892685
BiLSTM+Attention,test,77.4952_13.092361,2024-10-01,0.55608165,0.5606035
BiLSTM+Attention,test,77.4952_13.182192,2024-10-01,0.59723204,0.6024823
BiLSTM+Attention,test,77.499692_12.755492,2024-10-01,0.6915643,0.6971525
BiLSTM+Attention,test,77.499692_12.858799,2024-10-01,0.6723254,0.67826974
BiLSTM+Attention,test,77.499692_12.899223,2024-10-01,0.58609533,0.5869023
BiLSTM+Attention,test,77.499692_12.984563,2024-10-01,0.5371499,0.5336383
BiLSTM+Attention,test,77.499692_13.114818,2024-10-01,0.51771265,0.5214863
BiLSTM+Attention,test,77.499692_13.137276,2024-10-01,0.5106303,0.5087733
BiLSTM+Attention,test,77.499692_13.168717,2024-10-01,0.6460769,0.626907
BiLSTM+Attention,test,77.504183_12.764475,2024-10-01,0.6966028,0.70843387
BiLSTM+Attention,test,77.504183_12.786933,2024-10-01,0.6540352,0.669943
BiLSTM+Attention,test,77.504183_12.818374,2024-10-01,0.62192637,0.6296891
BiLSTM+Attention,test,77.504183_12.854307,2024-10-01,0.614263,0.6230592
BiLSTM+Attention,test,77.504183_12.858799,2024-10-01,0.6710891,0.681462
BiLSTM+Attention,test,77.504183_12.953122,2024-10-01,0.5651077,0.56380135
BiLSTM+Attention,test,77.504183_13.083377,2024-10-01,0.58782494,0.59204733
BiLSTM+Attention,test,77.504183_13.141768,2024-10-01,0.58779776,0.59168553
BiLSTM+Attention,test,77.504183_13.159734,2024-10-01,0.67673254,0.6606987
BiLSTM+Attention,test,77.504183_13.195667,2024-10-01,0.5298907,0.54582447
BiLSTM+Attention,test,77.508675_12.751001,2024-10-01,0.69644743,0.7082335
BiLSTM+Attention,test,77.508675_12.795916,2024-10-01,0.6814094,0.69600105
BiLSTM+Attention,test,77.508675_12.831849,2024-10-01,0.62228936,0.62301683
BiLSTM+Attention,test,77.508675_12.836341,2024-10-01,0.6474851,0.6475249
BiLSTM+Attention,test,77.508675_12.845324,2024-10-01,0.61198616,0.6000781
BiLSTM+Attention,test,77.508675_12.903714,2024-10-01,0.5391265,0.53202754
BiLSTM+Attention,test,77.508675_12.912697,2024-10-01,0.5703707,0.5738089
BiLSTM+Attention,test,77.508675_12.917189,2024-10-01,0.635464,0.6379817
BiLSTM+Attention,test,77.508675_13.114818,2024-10-01,0.47892642,0.47190467
BiLSTM+Attention,test,77.508675_13.137276,2024-10-01,0.53712195,0.5522879
BiLSTM+Attention,test,77.508675_13.159734,2024-10-01,0.6622503,0.66039246
BiLSTM+Attention,test,77.508675_13.191175,2024-10-01,0.5541513,0.5502804
BiLSTM+Attention,test,77.513166_12.746509,2024-10-01,0.7973126,0.83293235
BiLSTM+Attention,test,77.513166_12.764475,2024-10-01,0.663571,0.6597003
BiLSTM+Attention,test,77.513166_12.77795,2024-10-01,0.7566659,0.75124943
BiLSTM+Attention,test,77.513166_12.822866,2024-10-01,0.69345737,0.70270777
BiLSTM+Attention,test,77.513166_12.908206,2024-10-01,0.5395649,0.5380834
BiLSTM+Attention,test,77.513166_13.087869,2024-10-01,0.5872911,0.57915914
BiLSTM+Attention,test,77.513166_13.096852,2024-10-01,0.65115684,0.6535367
BiLSTM+Attention,test,77.513166_13.137276,2024-10-01,0.5009436,0.5077094
BiLSTM+Attention,test,77.513166_13.1777,2024-10-01,0.57913655,0.57731974
BiLSTM+Attention,test,77.517658_12.764475,2024-10-01,0.70945376,0.7091913
BiLSTM+Attention,test,77.517658_12.77795,2024-10-01,0.73203534,0.7301216
BiLSTM+Attention,test,77.517658_12.782442,2024-10-01,0.73087156,0.731555
BiLSTM+Attention,test,77.517658_12.795916,2024-10-01,0.69325286,0.69844747
BiLSTM+Attention,test,77.517658_12.827358,2024-10-01,0.62076205,0.61958694
BiLSTM+Attention,test,77.517658_12.849815,2024-10-01,0.615672,0.61141694
BiLSTM+Attention,test,77.517658_12.885748,2024-10-01,0.6115067,0.6147355
BiLSTM+Attention,test,77.517658_12.89024,2024-10-01,0.6030246,0.60925436
BiLSTM+Attention,test,77.517658_12.899223,2024-10-01,0.5957388,0.602796
BiLSTM+Attention,test,77.517658_12.998037,2024-10-01,0.6050514,0.60575676
BiLSTM+Attention,test,77.517658_13.11931,2024-10-01,0.44541925,0.44947082
BiLSTM+Attention,test,77.517658_13.182192,2024-10-01,0.5825839,0.58059716
BiLSTM+Attention,test,77.517658_13.186684,2024-10-01,0.5914591,0.5862974
BiLSTM+Attention,test,77.517658_13.191175,2024-10-01,0.53510064,0.5386351
BiLSTM+Attention,test,77.522149_12.751001,2024-10-01,0.7419103,0.760381
BiLSTM+Attention,test,77.522149_12.755492,2024-10-01,0.71795815,0.72746754
BiLSTM+Attention,test,77.522149_12.759984,2024-10-01,0.75079954,0.7495791
BiLSTM+Attention,test,77.522149_12.782442,2024-10-01,0.7451328,0.7493937
BiLSTM+Attention,test,77.522149_12.809391,2024-10-01,0.80795306,0.81234705
BiLSTM+Attention,test,77.522149_12.813883,2024-10-01,0.6227129,0.62570506
BiLSTM+Attention,test,77.522149_12.818374,2024-10-01,0.59946054,0.60058534
BiLSTM+Attention,test,77.522149_12.836341,2024-10-01,0.61075276,0.6158989
BiLSTM+Attention,test,77.522149_12.845324,2024-10-01,0.6266545,0.6325315
BiLSTM+Attention,test,77.522149_13.056428,2024-10-01,0.6133476,0.59783614
BiLSTM+Attention,test,77.522149_13.078886,2024-10-01,0.5879391,0.5733164
BiLSTM+Attention,test,77.522149_13.146259,2024-10-01,0.46470147,0.46228778
BiLSTM+Attention,test,77.522149_13.200158,2024-10-01,0.5735715,0.58248365
BiLSTM+Attention,test,77.526641_12.751001,2024-10-01,0.7539097,0.7600572
BiLSTM+Attention,test,77.526641_12.840832,2024-10-01,0.6810365,0.68255246
BiLSTM+Attention,test,77.526641_12.89024,2024-10-01,0.6474265,0.65587556
BiLSTM+Attention,test,77.526641_12.899223,2024-10-01,0.6190679,0.63064027
BiLSTM+Attention,test,77.526641_13.078886,2024-10-01,0.601806,0.58933544
BiLSTM+Attention,test,77.526641_13.105835,2024-10-01,0.45713893,0.45948833
BiLSTM+Attention,test,77.526641_13.110327,2024-10-01,0.4530693,0.44112456
BiLSTM+Attention,test,77.531133_12.791425,2024-10-01,0.6483201,0.6532048
BiLSTM+Attention,test,77.531133_12.795916,2024-10-01,0.68775177,0.6942269
BiLSTM+Attention,test,77.531133_12.800408,2024-10-01,0.6634542,0.66845
BiLSTM+Attention,test,77.531133_12.822866,2024-10-01,0.62826324,0.6314744
BiLSTM+Attention,test,77.531133_12.827358,2024-10-01,0.6410788,0.64175075
BiLSTM+Attention,test,77.531133_12.894731,2024-10-01,0.571352,0.5631562
BiLSTM+Attention,test,77.531133_13.083377,2024-10-01,0.570396,0.5643742
BiLSTM+Attention,test,77.531133_13.114818,2024-10-01,0.46477136,0.47207028
BiLSTM+Attention,test,77.531133_13.195667,2024-10-01,0.5861056,0.5806015
BiLSTM+Attention,test,77.535624_12.77795,2024-10-01,0.7918046,0.825611
BiLSTM+Attention,test,77.535624_12.822866,2024-10-01,0.7312356,0.7355901
BiLSTM+Attention,test,77.535624_12.872273,2024-10-01,0.53621566,0.5088855
BiLSTM+Attention,test,77.535624_12.899223,2024-10-01,0.5523153,0.53669477
BiLSTM+Attention,test,77.535624_13.069903,2024-10-01,0.67417985,0.66144484
BiLSTM+Attention,test,77.535624_13.083377,2024-10-01,0.5630069,0.56759113
BiLSTM+Attention,test,77.535624_13.096852,2024-10-01,0.50386953,0.50097823
BiLSTM+Attention,test,77.535624_13.114818,2024-10-01,0.4904601,0.49797165
BiLSTM+Attention,test,77.535624_13.132785,2024-10-01,0.515706,0.5174573
BiLSTM+Attention,test,77.535624_13.137276,2024-10-01,0.45796713,0.44567782
BiLSTM+Attention,test,77.535624_13.195667,2024-10-01,0.5281951,0.5075445
BiLSTM+Attention,test,77.540116_12.77795,2024-10-01,0.6914618,0.70099986
BiLSTM+Attention,test,77.540116_12.795916,2024-10-01,0.70779556,0.71906316
BiLSTM+Attention,test,77.540116_13.042953,2024-10-01,0.603213,0.5905923
BiLSTM+Attention,test,77.540116_13.074394,2024-10-01,0.6214143,0.6057753
BiLSTM+Attention,test,77.540116_13.092361,2024-10-01,0.4618646,0.45738864
BiLSTM+Attention,test,77.540116_13.101344,2024-10-01,0.49176583,0.49361208
BiLSTM+Attention,test,77.540116_13.105835,2024-10-01,0.50165457,0.5088488
BiLSTM+Attention,test,77.540116_13.114818,2024-10-01,0.46254477,0.4633265
BiLSTM+Attention,test,77.540116_13.132785,2024-10-01,0.5009277,0.5112138
BiLSTM+Attention,test,77.540116_13.155243,2024-10-01,0.5271725,0.5300857
BiLSTM+Attention,test,77.540116_13.182192,2024-10-01,0.49347758,0.5047451
BiLSTM+Attention,test,77.544607_12.831849,2024-10-01,0.7889539,0.7609036
BiLSTM+Attention,test,77.544607_13.218125,2024-10-01,0.5791429,0.5962064
BiLSTM+Attention,test,77.549099_12.822866,2024-10-01,0.8091514,0.7838639
BiLSTM+Attention,test,77.549099_12.831849,2024-10-01,0.7221468,0.7001467
BiLSTM+Attention,test,77.549099_12.836341,2024-10-01,0.6943623,0.663498
BiLSTM+Attention,test,77.549099_12.845324,2024-10-01,0.67696047,0.6557306
BiLSTM+Attention,test,77.549099_12.867782,2024-10-01,0.6014338,0.5770468
BiLSTM+Attention,test,77.549099_12.876765,2024-10-01,0.5673862,0.53788483
BiLSTM+Attention,test,77.549099_12.894731,2024-10-01,0.6473029,0.63830054
BiLSTM+Attention,test,77.549099_13.096852,2024-10-01,0.5286644,0.51693654
BiLSTM+Attention,test,77.549099_13.132785,2024-10-01,0.63225394,0.63544947
BiLSTM+Attention,test,77.55359_12.71956,2024-10-01,0.830369,0.8133992
BiLSTM+Attention,test,77.55359_12.782442,2024-10-01,0.7627835,0.75214314
BiLSTM+Attention,test,77.55359_12.849815,2024-10-01,0.67130786,0.6555357
BiLSTM+Attention,test,77.55359_12.872273,2024-10-01,0.5585381,0.54774874
BiLSTM+Attention,test,77.55359_13.069903,2024-10-01,0.7396409,0.7246854
BiLSTM+Attention,test,77.55359_13.101344,2024-10-01,0.4842814,0.48654068
BiLSTM+Attention,test,77.55359_13.110327,2024-10-01,0.53944314,0.54189044
BiLSTM+Attention,test,77.55359_13.128293,2024-10-01,0.61113864,0.6159164
BiLSTM+Attention,test,77.55359_13.168717,2024-10-01,0.53826135,0.5420572
BiLSTM+Attention,test,77.55359_13.173209,2024-10-01,0.461487,0.4596151
BiLSTM+Attention,test,77.558082_12.710577,2024-10-01,0.8583569,0.8257817
BiLSTM+Attention,test,77.558082_12.827358,2024-10-01,0.73971426,0.73534745
BiLSTM+Attention,test,77.558082_12.845324,2024-10-01,0.71825045,0.70474756
BiLSTM+Attention,test,77.558082_13.042953,2024-10-01,0.6808619,0.67746645
BiLSTM+Attention,test,77.558082_13.051936,2024-10-01,0.7110712,0.6887965
BiLSTM+Attention,test,77.558082_13.110327,2024-10-01,0.54764456,0.55442715
BiLSTM+Attention,test,77.558082_13.168717,2024-10-01,0.5519502,0.5457573
BiLSTM+Attention,test,77.558082_13.1777,2024-10-01,0.53359187,0.54214764
BiLSTM+Attention,test,77.562574_12.71956,2024-10-01,0.83261794,0.81897175
BiLSTM+Attention,test,77.562574_12.827358,2024-10-01,0.74710345,0.73674285
BiLSTM+Attention,test,77.562574_12.858799,2024-10-01,0.5678986,0.5539025
BiLSTM+Attention,test,77.562574_12.872273,2024-10-01,0.6501831,0.631288
BiLSTM+Attention,test,77.562574_12.876765,2024-10-01,0.67301095,0.66528887
BiLSTM+Attention,test,77.562574_13.141768,2024-10-01,0.52601004,0.5294205
BiLSTM+Attention,test,77.562574_13.159734,2024-10-01,0.554454,0.55717117
BiLSTM+Attention,test,77.562574_13.173209,2024-10-01,0.5611137,0.55725634
BiLSTM+Attention,test,77.567065_12.724051,2024-10-01,0.77985585,0.76501113
BiLSTM+Attention,test,77.567065_12.813883,2024-10-01,0.7392845,0.7124485
BiLSTM+Attention,test,77.567065_12.849815,2024-10-01,0.7142289,0.69898474
BiLSTM+Attention,test,77.567065_13.105835,2024-10-01,0.61021304,0.6097935
BiLSTM+Attention,test,77.567065_13.114818,2024-10-01,0.65566194,0.6554235
BiLSTM+Attention,test,77.567065_13.182192,2024-10-01,0.5576603,0.5574935
BiLSTM+Attention,test,77.571557_12.71956,2024-10-01,0.8155447,0.7974268
BiLSTM+Attention,test,77.571557_12.800408,2024-10-01,0.7372012,0.71969366
BiLSTM+Attention,test,77.571557_12.813883,2024-10-01,0.8083367,0.76280093
BiLSTM+Attention,test,77.571557_12.849815,2024-10-01,0.7180201,0.69754016
BiLSTM+Attention,test,77.571557_13.141768,2024-10-01,0.5301762,0.5319206
BiLSTM+Attention,test,77.571557_13.146259,2024-10-01,0.5335511,0.5409062
BiLSTM+Attention,test,77.576048_12.71956,2024-10-01,0.7817579,0.76579666
BiLSTM+Attention,test,77.576048_12.728543,2024-10-01,0.7780266,0.7622582
BiLSTM+Attention,test,77.576048_12.742018,2024-10-01,0.77529275,0.74288964
BiLSTM+Attention,test,77.576048_12.813883,2024-10-01,0.8279176,0.7782078
BiLSTM+Attention,test,77.576048_12.827358,2024-10-01,0.7037576,0.68912655
BiLSTM+Attention,test,77.58054_12.800408,2024-10-01,0.7764011,0.75493705
BiLSTM+Attention,test,77.58054_12.845324,2024-10-01,0.7203801,0.6905078
BiLSTM+Attention,test,77.58054_13.083377,2024-10-01,0.5735435,0.57556224
BiLSTM+Attention,test,77.58054_13.087869,2024-10-01,0.5475394,0.54504335
BiLSTM+Attention,test,77.585031_12.849815,2024-10-01,0.717824,0.6869083
BiLSTM+Attention,test,77.585031_13.042953,2024-10-01,0.7093179,0.7011868
BiLSTM+Attention,test,77.585031_13.137276,2024-10-01,0.53722596,0.5441807
BiLSTM+Attention,test,77.589523_12.71956,2024-10-01,0.8886307,0.8532211
BiLSTM+Attention,test,77.589523_12.746509,2024-10-01,0.77635866,0.7605288
BiLSTM+Attention,test,77.589523_12.854307,2024-10-01,0.66551155,0.640494
BiLSTM+Attention,test,77.589523_12.971088,2024-10-01,0.7736389,0.75141346
BiLSTM+Attention,test,77.589523_13.083377,2024-10-01,0.65734404,0.6554245
BiLSTM+Attention,test,77.589523_13.150751,2024-10-01,0.5427043,0.5473888
BiLSTM+Attention,test,77.594015_12.724051,2024-10-01,0.8659728,0.8448621
BiLSTM+Attention,test,77.594015_12.733034,2024-10-01,0.8366843,0.82347035
BiLSTM+Attention,test,77.594015_12.755492,2024-10-01,0.73862284,0.7190634
BiLSTM+Attention,test,77.594015_12.831849,2024-10-01,0.68031347,0.65301377
BiLSTM+Attention,test,77.594015_12.836341,2024-10-01,0.69996345,0.66578144
BiLSTM+Attention,test,77.594015_12.840832,2024-10-01,0.7004878,0.66858935
BiLSTM+Attention,test,77.594015_12.849815,2024-10-01,0.6913273,0.6704482
BiLSTM+Attention,test,77.594015_12.998037,2024-10-01,0.76750094,0.74609745
BiLSTM+Attention,test,77.594015_13.087869,2024-10-01,0.6420178,0.64134175
BiLSTM+Attention,test,77.598506_12.665661,2024-10-01,0.8682018,0.8205454
BiLSTM+Attention,test,77.598506_12.710577,2024-10-01,0.7963009,0.77695376
BiLSTM+Attention,test,77.598506_12.822866,2024-10-01,0.7051419,0.68262094
BiLSTM+Attention,test,77.598506_12.849815,2024-10-01,0.7312952,0.7148205
BiLSTM+Attention,test,77.598506_13.083377,2024-10-01,0.63503283,0.6321902
BiLSTM+Attention,test,77.598506_13.128293,2024-10-01,0.5986727,0.60264
BiLSTM+Attention,test,77.598506_13.141768,2024-10-01,0.5124525,0.51846594
BiLSTM+Attention,test,77.598506_13.146259,2024-10-01,0.49241635,0.49937943
BiLSTM+Attention,test,77.602998_12.710577,2024-10-01,0.833181,0.8062284
BiLSTM+Attention,test,77.602998_12.827358,2024-10-01,0.62091225,0.59550714
BiLSTM+Attention,test,77.602998_12.849815,2024-10-01,0.63111764,0.59556884
BiLSTM+Attention,test,77.602998_12.858799,2024-10-01,0.639901,0.59990954
BiLSTM+Attention,test,77.602998_13.114818,2024-10-01,0.62627226,0.6323678
BiLSTM+Attention,test,77.602998_13.11931,2024-10-01,0.6200176,0.6197971
BiLSTM+Attention,test,77.602998_13.128293,2024-10-01,0.5669139,0.56779546
BiLSTM+Attention,test,77.602998_13.164226,2024-10-01,0.52657044,0.5204005
BiLSTM+Attention,test,77.607489_12.768967,2024-10-01,0.69735235,0.6852419
BiLSTM+Attention,test,77.607489_12.773459,2024-10-01,0.67088264,0.6576228
BiLSTM+Attention,test,77.607489_12.791425,2024-10-01,0.6589403,0.6334348
BiLSTM+Attention,test,77.607489_12.809391,2024-10-01,0.74548113,0.7177074
BiLSTM+Attention,test,77.607489_12.818374,2024-10-01,0.76856023,0.74472
BiLSTM+Attention,test,77.607489_13.087869,2024-10-01,0.7325406,0.7390095
BiLSTM+Attention,test,77.611981_12.674644,2024-10-01,0.86282563,0.82707214
BiLSTM+Attention,test,77.611981_12.768967,2024-10-01,0.6536653,0.63238597
BiLSTM+Attention,test,77.611981_12.831849,2024-10-01,0.656453,0.6346921
BiLSTM+Attention,test,77.611981_12.867782,2024-10-01,0.6111053,0.5788816
BiLSTM+Attention,test,77.611981_12.953122,2024-10-01,0.7779872,0.7626271
BiLSTM+Attention,test,77.611981_13.105835,2024-10-01,0.59814113,0.59243035
BiLSTM+Attention,test,77.611981_13.168717,2024-10-01,0.50258017,0.50425774
BiLSTM+Attention,test,77.611981_13.182192,2024-10-01,0.4755712,0.47695407
BiLSTM+Attention,test,77.616473_12.831849,2024-10-01,0.69772935,0.673075
BiLSTM+Attention,test,77.616473_12.858799,2024-10-01,0.6221835,0.58879244
BiLSTM+Attention,test,77.616473_13.114818,2024-10-01,0.6246829,0.6236801
BiLSTM+Attention,test,77.616473_13.141768,2024-10-01,0.55062395,0.53026444
BiLSTM+Attention,test,77.616473_13.1777,2024-10-01,0.46850428,0.4660467
BiLSTM+Attention,test,77.620964_12.674644,2024-10-01,0.8698277,0.83857465
BiLSTM+Attention,test,77.620964_12.795916,2024-10-01,0.60758865,0.5772596
BiLSTM+Attention,test,77.620964_12.813883,2024-10-01,0.59885764,0.56888866
BiLSTM+Attention,test,77.620964_12.845324,2024-10-01,0.7334861,0.6966842
BiLSTM+Attention,test,77.620964_12.858799,2024-10-01,0.60341835,0.574791
BiLSTM+Attention,test,77.620964_13.132785,2024-10-01,0.60219276,0.58613235
BiLSTM+Attention,test,77.625456_12.782442,2024-10-01,0.6366836,0.6141738
BiLSTM+Attention,test,77.625456_12.858799,2024-10-01,0.56891155,0.54663545
BiLSTM+Attention,test,77.625456_13.065411,2024-10-01,0.49919024,0.4985928
BiLSTM+Attention,test,77.625456_13.128293,2024-10-01,0.6059269,0.59300905
BiLSTM+Attention,test,77.625456_13.137276,2024-10-01,0.54061645,0.537036
BiLSTM+Attention,test,77.625456_13.155243,2024-10-01,0.66057783,0.6422601
BiLSTM+Attention,test,77.625456_13.182192,2024-10-01,0.502987,0.50463104
BiLSTM+Attention,test,77.629947_12.795916,2024-10-01,0.816166,0.7691206
BiLSTM+Attention,test,77.629947_12.809391,2024-10-01,0.621244,0.5971676
BiLSTM+Attention,test,77.629947_12.836341,2024-10-01,0.6734923,0.6395359
BiLSTM+Attention,test,77.629947_12.854307,2024-10-01,0.6225804,0.6017165
BiLSTM+Attention,test,77.629947_12.858799,2024-10-01,0.59098256,0.57025427
BiLSTM+Attention,test,77.629947_13.06092,2024-10-01,0.5224327,0.51610494
BiLSTM+Attention,test,77.629947_13.087869,2024-10-01,0.5227351,0.52149045
BiLSTM+Attention,test,77.629947_13.1777,2024-10-01,0.5302857,0.5363612
BiLSTM+Attention,test,77.634439_12.679136,2024-10-01,0.8146188,0.7727722
BiLSTM+Attention,test,77.634439_12.701593,2024-10-01,0.7611498,0.7323181
BiLSTM+Attention,test,77.634439_12.733034,2024-10-01,0.6120363,0.592425
BiLSTM+Attention,test,77.634439_12.746509,2024-10-01,0.6459599,0.6254889
BiLSTM+Attention,test,77.634439_12.751001,2024-10-01,0.6420272,0.6266073
BiLSTM+Attention,test,77.634439_12.849815,2024-10-01,0.6280669,0.5985886
BiLSTM+Attention,test,77.634439_13.047445,2024-10-01,0.5828882,0.5792626
BiLSTM+Attention,test,77.634439_13.083377,2024-10-01,0.48497486,0.4695987
BiLSTM+Attention,test,77.634439_13.137276,2024-10-01,0.4989955,0.49091485
BiLSTM+Attention,test,77.63893_12.688119,2024-10-01,0.7541152,0.71782523
BiLSTM+Attention,test,77.63893_12.742018,2024-10-01,0.6614094,0.6406318
BiLSTM+Attention,test,77.63893_12.791425,2024-10-01,0.6545206,0.627004
BiLSTM+Attention,test,77.63893_12.800408,2024-10-01,0.60830563,0.584838
BiLSTM+Attention,test,77.63893_12.818374,2024-10-01,0.6215965,0.59161794
BiLSTM+Attention,test,77.63893_12.840832,2024-10-01,0.69979286,0.66384965
BiLSTM+Attention,test,77.63893_12.872273,2024-10-01,0.54368764,0.5145987
BiLSTM+Attention,test,77.63893_12.917189,2024-10-01,0.7760261,0.74608684
BiLSTM+Attention,test,77.63893_12.989054,2024-10-01,0.6865559,0.6866271
BiLSTM+Attention,test,77.63893_13.056428,2024-10-01,0.543687,0.5277278
BiLSTM+Attention,test,77.63893_13.078886,2024-10-01,0.49045843,0.4926148
BiLSTM+Attention,test,77.63893_13.083377,2024-10-01,0.47924075,0.46735394
BiLSTM+Attention,test,77.63893_13.1777,2024-10-01,0.5117055,0.5065309
BiLSTM+Attention,test,77.643422_12.795916,2024-10-01,0.6308113,0.6029262
BiLSTM+Attention,test,77.643422_12.800408,2024-10-01,0.6132318,0.58321977
BiLSTM+Attention,test,77.643422_12.809391,2024-10-01,0.6405412,0.60747594
BiLSTM+Attention,test,77.643422_12.867782,2024-10-01,0.5819662,0.5497882
BiLSTM+Attention,test,77.643422_13.002529,2024-10-01,0.6119649,0.6079711
BiLSTM+Attention,test,77.643422_13.038462,2024-10-01,0.6066219,0.6017097
BiLSTM+Attention,test,77.643422_13.164226,2024-10-01,0.6179383,0.6137605
BiLSTM+Attention,test,77.647914_12.688119,2024-10-01,0.79302675,0.75381726
BiLSTM+Attention,test,77.647914_12.733034,2024-10-01,0.6446859,0.6236206
BiLSTM+Attention,test,77.647914_12.881256,2024-10-01,0.5967476,0.5655138
BiLSTM+Attention,test,77.647914_12.935155,2024-10-01,0.7228319,0.70902777
BiLSTM+Attention,test,77.647914_13.141768,2024-10-01,0.64900625,0.6472525
BiLSTM+Attention,test,77.647914_13.168717,2024-10-01,0.6879512,0.67413443
BiLSTM+Attention,test,77.652405_12.697102,2024-10-01,0.7579244,0.7313267
BiLSTM+Attention,test,77.652405_12.773459,2024-10-01,0.61709845,0.61039644
BiLSTM+Attention,test,77.652405_12.795916,2024-10-01,0.59197485,0.5660867
BiLSTM+Attention,test,77.652405_12.8049,2024-10-01,0.64757764,0.6282933
BiLSTM+Attention,test,77.652405_12.858799,2024-10-01,0.7335453,0.70399463
BiLSTM+Attention,test,77.652405_12.926172,2024-10-01,0.7121404,0.69227797
BiLSTM+Attention,test,77.652405_13.002529,2024-10-01,0.6005645,0.5844734
BiLSTM+Attention,test,77.656897_12.742018,2024-10-01,0.6720246,0.64346397
BiLSTM+Attention,test,77.656897_12.746509,2024-10-01,0.65198845,0.6326533
BiLSTM+Attention,test,77.656897_12.768967,2024-10-01,0.66812396,0.65774
BiLSTM+Attention,test,77.656897_12.791425,2024-10-01,0.61025035,0.58311105
BiLSTM+Attention,test,77.656897_12.800408,2024-10-01,0.662701,0.6474457
BiLSTM+Attention,test,77.656897_12.831849,2024-10-01,0.66174036,0.6292939
BiLSTM+Attention,test,77.656897_12.849815,2024-10-01,0.5542714,0.53840125
BiLSTM+Attention,test,77.656897_12.939647,2024-10-01,0.65760046,0.6300683
BiLSTM+Attention,test,77.656897_13.101344,2024-10-01,0.5100482,0.51109916
BiLSTM+Attention,test,77.656897_13.164226,2024-10-01,0.52046484,0.52899647
BiLSTM+Attention,test,77.656897_13.173209,2024-10-01,0.49228477,0.49625593
BiLSTM+Attention,test,77.661388_12.737526,2024-10-01,0.6748584,0.65630466
BiLSTM+Attention,test,77.661388_12.759984,2024-10-01,0.6819463,0.6698753
BiLSTM+Attention,test,77.661388_13.056428,2024-10-01,0.5643625,0.5510289
BiLSTM+Attention,test,77.661388_13.074394,2024-10-01,0.5655219,0.56986254
BiLSTM+Attention,test,77.661388_13.087869,2024-10-01,0.5180275,0.5186722
BiLSTM+Attention,test,77.661388_13.101344,2024-10-01,0.50592285,0.5067488
BiLSTM+Attention,test,77.661388_13.110327,2024-10-01,0.5665875,0.5508374
BiLSTM+Attention,test,77.661388_13.11931,2024-10-01,0.6199971,0.6198353
BiLSTM+Attention,test,77.66588_12.679136,2024-10-01,0.74661195,0.71823245
BiLSTM+Attention,test,77.66588_12.697102,2024-10-01,0.71200645,0.69145924
BiLSTM+Attention,test,77.66588_12.715068,2024-10-01,0.68862313,0.68059516
BiLSTM+Attention,test,77.66588_12.724051,2024-10-01,0.67828983,0.65774256
BiLSTM+Attention,test,77.66588_12.751001,2024-10-01,0.64195853,0.63239586
BiLSTM+Attention,test,77.66588_12.755492,2024-10-01,0.68550223,0.66946596
BiLSTM+Attention,test,77.66588_12.764475,2024-10-01,0.6637051,0.6484767
BiLSTM+Attention,test,77.66588_12.768967,2024-10-01,0.7921499,0.779237
BiLSTM+Attention,test,77.66588_12.791425,2024-10-01,0.69905764,0.6828877
BiLSTM+Attention,test,77.66588_12.953122,2024-10-01,0.678585,0.65812624
BiLSTM+Attention,test,77.66588_13.038462,2024-10-01,0.57610536,0.55992246
BiLSTM+Attention,test,77.66588_13.051936,2024-10-01,0.60198545,0.590255
BiLSTM+Attention,test,77.66588_13.173209,2024-10-01,0.49899247,0.48952168
BiLSTM+Attention,test,77.670371_12.71956,2024-10-01,0.68170387,0.6731516
BiLSTM+Attention,test,77.670371_12.86329,2024-10-01,0.5883629,0.55804235
BiLSTM+Attention,test,77.670371_12.881256,2024-10-01,0.5792603,0.5559274
BiLSTM+Attention,test,77.670371_12.894731,2024-10-01,0.52656037,0.50900304
BiLSTM+Attention,test,77.670371_13.069903,2024-10-01,0.5056989,0.5060822
BiLSTM+Attention,test,77.670371_13.083377,2024-10-01,0.46661955,0.467141
BiLSTM+Attention,test,77.670371_13.092361,2024-10-01,0.46995968,0.47744834
BiLSTM+Attention,test,77.670371_13.128293,2024-10-01,0.5504901,0.5645851
BiLSTM+Attention,test,77.674863_12.674644,2024-10-01,0.7845344,0.76686203
BiLSTM+Attention,test,77.674863_12.71956,2024-10-01,0.6908627,0.679152
BiLSTM+Attention,test,77.674863_12.755492,2024-10-01,0.62962615,0.6123434
BiLSTM+Attention,test,77.674863_12.764475,2024-10-01,0.6442088,0.6188384
BiLSTM+Attention,test,77.674863_12.786933,2024-10-01,0.6733955,0.65501165
BiLSTM+Attention,test,77.674863_12.836341,2024-10-01,0.6110165,0.59624827
BiLSTM+Attention,test,77.674863_12.867782,2024-10-01,0.76275015,0.7310056
BiLSTM+Attention,test,77.674863_13.051936,2024-10-01,0.6108203,0.59486043
BiLSTM+Attention,test,77.674863_13.069903,2024-10-01,0.48773104,0.483743
BiLSTM+Attention,test,77.674863_13.092361,2024-10-01,0.4897362,0.49342543
BiLSTM+Attention,test,77.674863_13.105835,2024-10-01,0.5434567,0.5457867
BiLSTM+Attention,test,77.679355_12.697102,2024-10-01,0.65756184,0.63010275
BiLSTM+Attention,test,77.679355_12.746509,2024-10-01,0.7413891,0.7242794
BiLSTM+Attention,test,77.679355_12.881256,2024-10-01,0.6051305,0.5671217
BiLSTM+Attention,test,77.679355_12.89024,2024-10-01,0.61811346,0.5869136
BiLSTM+Attention,test,77.679355_12.899223,2024-10-01,0.5394914,0.5174623
BiLSTM+Attention,test,77.679355_13.047445,2024-10-01,0.78811723,0.7580562
BiLSTM+Attention,test,77.679355_13.056428,2024-10-01,0.58262044,0.5685168
BiLSTM+Attention,test,77.679355_13.074394,2024-10-01,0.50649744,0.5016998
BiLSTM+Attention,test,77.679355_13.101344,2024-10-01,0.5077891,0.5021963
BiLSTM+Attention,test,77.679355_13.141768,2024-10-01,0.5408953,0.5535278
BiLSTM+Attention,test,77.679355_13.155243,2024-10-01,0.4687823,0.47545713
BiLSTM+Attention,test,77.679355_13.159734,2024-10-01,0.4931627,0.49419057
BiLSTM+Attention,test,77.683846_12.728543,2024-10-01,0.6719521,0.64525604
BiLSTM+Attention,test,77.683846_12.742018,2024-10-01,0.6076178,0.5905107
BiLSTM+Attention,test,77.683846_12.755492,2024-10-01,0.7836507,0.7633862
BiLSTM+Attention,test,77.683846_12.795916,2024-10-01,0.6517443,0.62904185
BiLSTM+Attention,test,77.683846_12.8049,2024-10-01,0.61064637,0.591275
BiLSTM+Attention,test,77.683846_12.836341,2024-10-01,0.65530646,0.63742656
BiLSTM+Attention,test,77.683846_12.840832,2024-10-01,0.663665,0.64214665
BiLSTM+Attention,test,77.683846_12.894731,2024-10-01,0.63181907,0.60511637
BiLSTM+Attention,test,77.683846_12.917189,2024-10-01,0.5361303,0.5323698
BiLSTM+Attention,test,77.683846_12.939647,2024-10-01,0.7724857,0.75734156
BiLSTM+Attention,test,77.683846_13.029478,2024-10-01,0.46198478,0.45246908
BiLSTM+Attention,test,77.683846_13.06092,2024-10-01,0.55547965,0.5557174
BiLSTM+Attention,test,77.683846_13.074394,2024-10-01,0.4740495,0.47480562
BiLSTM+Attention,test,77.683846_13.11931,2024-10-01,0.45237297,0.4596924
BiLSTM+Attention,test,77.683846_13.123802,2024-10-01,0.5007192,0.50825983
BiLSTM+Attention,test,77.688338_12.656678,2024-10-01,0.7952568,0.75965136
BiLSTM+Attention,test,77.688338_12.69261,2024-10-01,0.8379831,0.8048341
BiLSTM+Attention,test,77.688338_12.697102,2024-10-01,0.8433538,0.80978394
BiLSTM+Attention,test,77.688338_12.710577,2024-10-01,0.84068865,0.80071884
BiLSTM+Attention,test,77.688338_12.751001,2024-10-01,0.68365663,0.66678405
BiLSTM+Attention,test,77.688338_12.755492,2024-10-01,0.65611076,0.6392821
BiLSTM+Attention,test,77.688338_12.876765,2024-10-01,0.8209717,0.7714578
BiLSTM+Attention,test,77.688338_12.885748,2024-10-01,0.6440717,0.62195814
BiLSTM+Attention,test,77.688338_12.966596,2024-10-01,0.6498273,0.63912416
BiLSTM+Attention,test,77.692829_12.746509,2024-10-01,0.58465904,0.5693356
BiLSTM+Attention,test,77.692829_12.800408,2024-10-01,0.6138231,0.5891783
BiLSTM+Attention,test,77.692829_12.845324,2024-10-01,0.67297566,0.6616298
BiLSTM+Attention,test,77.692829_12.885748,2024-10-01,0.6696956,0.64476246
BiLSTM+Attention,test,77.692829_12.899223,2024-10-01,0.59481144,0.56829643
BiLSTM+Attention,test,77.692829_13.047445,2024-10-01,0.7609932,0.7312782
BiLSTM+Attention,test,77.692829_13.06092,2024-10-01,0.6505518,0.6458655
BiLSTM+Attention,test,77.692829_13.065411,2024-10-01,0.60381943,0.6061215
BiLSTM+Attention,test,77.692829_13.083377,2024-10-01,0.47091228,0.47302797
BiLSTM+Attention,test,77.692829_13.096852,2024-10-01,0.45275995,0.4543044
BiLSTM+Attention,test,77.692829_13.132785,2024-10-01,0.43063843,0.43941158
BiLSTM+Attention,test,77.692829_13.155243,2024-10-01,0.46991298,0.47622734
BiLSTM+Attention,test,77.697321_12.697102,2024-10-01,0.84615624,0.8161909
BiLSTM+Attention,test,77.697321_12.751001,2024-10-01,0.6483749,0.62949216
BiLSTM+Attention,test,77.697321_12.773459,2024-10-01,0.6156803,0.59795487
BiLSTM+Attention,test,77.697321_12.791425,2024-10-01,0.69874483,0.6818135
BiLSTM+Attention,test,77.697321_12.885748,2024-10-01,0.673128,0.64891493
BiLSTM+Attention,test,77.697321_12.894731,2024-10-01,0.61024415,0.58306026
BiLSTM+Attention,test,77.697321_12.930664,2024-10-01,0.62053674,0.5907471
BiLSTM+Attention,test,77.697321_12.966596,2024-10-01,0.6251075,0.6175472
BiLSTM+Attention,test,77.697321_13.132785,2024-10-01,0.43063843,0.44193965
BiLSTM+Attention,test,77.697321_13.150751,2024-10-01,0.4856435,0.48569044
BiLSTM+Attention,test,77.697321_13.1777,2024-10-01,0.5793108,0.5830896
BiLSTM+Attention,test,77.701812_12.742018,2024-10-01,0.65005714,0.62279767
BiLSTM+Attention,test,77.701812_12.77795,2024-10-01,0.61642826,0.5871884
BiLSTM+Attention,test,77.701812_12.8049,2024-10-01,0.6870193,0.65504515
BiLSTM+Attention,test,77.701812_12.822866,2024-10-01,0.6529693,0.63666356
BiLSTM+Attention,test,77.701812_12.872273,2024-10-01,0.6081009,0.56810457
BiLSTM+Attention,test,77.701812_12.984563,2024-10-01,0.55773914,0.5347655
BiLSTM+Attention,test,77.701812_13.03397,2024-10-01,0.52582455,0.5129361
BiLSTM+Attention,test,77.701812_13.114818,2024-10-01,0.51732486,0.5202319
BiLSTM+Attention,test,77.701812_13.164226,2024-10-01,0.5137483,0.49691033
BiLSTM+Attention,test,77.706304_12.746509,2024-10-01,0.66328037,0.6382834
BiLSTM+Attention,test,77.706304_12.751001,2024-10-01,0.67001516,0.6338943
BiLSTM+Attention,test,77.706304_12.759984,2024-10-01,0.58681023,0.5699416
BiLSTM+Attention,test,77.706304_12.764475,2024-10-01,0.6242697,0.6032715
BiLSTM+Attention,test,77.706304_12.86329,2024-10-01,0.55994004,0.5366067
BiLSTM+Attention,test,77.706304_12.984563,2024-10-01,0.5650562,0.5463312
BiLSTM+Attention,test,77.706304_13.038462,2024-10-01,0.5325388,0.50989765
BiLSTM+Attention,test,77.706304_13.042953,2024-10-01,0.5840505,0.57039714
BiLSTM+Attention,test,77.706304_13.137276,2024-10-01,0.6803717,0.676611
BiLSTM+Attention,test,77.710796_12.715068,2024-10-01,0.72433466,0.71032643
BiLSTM+Attention,test,77.710796_12.894731,2024-10-01,0.6904639,0.66224647
BiLSTM+Attention,test,77.710796_12.899223,2024-10-01,0.6395868,0.6161598
BiLSTM+Attention,test,77.710796_12.912697,2024-10-01,0.56333894,0.54033613
BiLSTM+Attention,test,77.710796_13.03397,2024-10-01,0.5174249,0.5223319
BiLSTM+Attention,test,77.710796_13.11931,2024-10-01,0.48817807,0.49429643
BiLSTM+Attention,test,77.710796_13.123802,2024-10-01,0.45757052,0.46726823
BiLSTM+Attention,test,77.710796_13.132785,2024-10-01,0.4855051,0.4913904
BiLSTM+Attention,test,77.710796_13.150751,2024-10-01,0.46462834,0.46271062
BiLSTM+Attention,test,77.710796_13.168717,2024-10-01,0.5331931,0.5292343
BiLSTM+Attention,test,77.710796_13.173209,2024-10-01,0.5418082,0.54696053
BiLSTM+Attention,test,77.715287_12.679136,2024-10-01,0.7821971,0.7506824
BiLSTM+Attention,test,77.715287_12.742018,2024-10-01,0.6510132,0.6204382
BiLSTM+Attention,test,77.715287_12.773459,2024-10-01,0.6160202,0.5904952
BiLSTM+Attention,test,77.715287_12.822866,2024-10-01,0.67181563,0.63808906
BiLSTM+Attention,test,77.715287_12.827358,2024-10-01,0.64007014,0.6055258
BiLSTM+Attention,test,77.715287_12.845324,2024-10-01,0.58781034,0.55939186
BiLSTM+Attention,test,77.715287_12.885748,2024-10-01,0.65886605,0.6378659
BiLSTM+Attention,test,77.715287_12.899223,2024-10-01,0.55555284,0.53194803
BiLSTM+Attention,test,77.715287_12.939647,2024-10-01,0.7877215,0.76236594
BiLSTM+Attention,test,77.715287_12.944139,2024-10-01,0.8165517,0.79797685
BiLSTM+Attention,test,77.715287_12.94863,2024-10-01,0.66379035,0.6518483
BiLSTM+Attention,test,77.715287_13.016004,2024-10-01,0.5980145,0.57832694
BiLSTM+Attention,test,77.715287_13.029478,2024-10-01,0.47948566,0.4785331
BiLSTM+Attention,test,77.715287_13.038462,2024-10-01,0.6021303,0.5994607
BiLSTM+Attention,test,77.715287_13.051936,2024-10-01,0.59052473,0.5822446
BiLSTM+Attention,test,77.715287_13.056428,2024-10-01,0.52374166,0.5171852
BiLSTM+Attention,test,77.715287_13.096852,2024-10-01,0.41821566,0.41818964
BiLSTM+Attention,test,77.715287_13.114818,2024-10-01,0.553228,0.5565897
BiLSTM+Attention,test,77.715287_13.128293,2024-10-01,0.4980933,0.5054918
BiLSTM+Attention,test,77.719779_12.706085,2024-10-01,0.7400506,0.729317
BiLSTM+Attention,test,77.719779_12.746509,2024-10-01,0.7738265,0.7548856
BiLSTM+Attention,test,77.719779_12.795916,2024-10-01,0.63505995,0.6083126
BiLSTM+Attention,test,77.719779_12.840832,2024-10-01,0.66875815,0.64445364
BiLSTM+Attention,test,77.719779_12.903714,2024-10-01,0.5533232,0.5416831
BiLSTM+Attention,test,77.719779_13.069903,2024-10-01,0.48867443,0.49144128
BiLSTM+Attention,test,77.719779_13.105835,2024-10-01,0.5113355,0.50960964
BiLSTM+Attention,test,77.719779_13.123802,2024-10-01,0.46837533,0.47245717
BiLSTM+Attention,test,77.719779_13.137276,2024-10-01,0.47388497,0.47759596
BiLSTM+Attention,test,77.719779_13.155243,2024-10-01,0.46515575,0.45875564
BiLSTM+Attention,test,77.72427_12.674644,2024-10-01,0.68908644,0.6607287
BiLSTM+Attention,test,77.72427_12.697102,2024-10-01,0.616413,0.6002449
BiLSTM+Attention,test,77.72427_12.701593,2024-10-01,0.6432972,0.63181096
BiLSTM+Attention,test,77.72427_12.724051,2024-10-01,0.68253857,0.6530855
BiLSTM+Attention,test,77.72427_12.786933,2024-10-01,0.6591439,0.6244143
BiLSTM+Attention,test,77.72427_12.791425,2024-10-01,0.6575519,0.62783605
BiLSTM+Attention,test,77.72427_12.840832,2024-10-01,0.6484101,0.6227314
BiLSTM+Attention,test,77.72427_12.867782,2024-10-01,0.5929184,0.5674076
BiLSTM+Attention,test,77.72427_12.885748,2024-10-01,0.629251,0.6019433
BiLSTM+Attention,test,77.72427_13.024987,2024-10-01,0.78777003,0.77780175
BiLSTM+Attention,test,77.72427_13.06092,2024-10-01,0.5068539,0.50896555
BiLSTM+Attention,test,77.72427_13.074394,2024-10-01,0.51664084,0.5157318
BiLSTM+Attention,test,77.728762_12.706085,2024-10-01,0.7141907,0.7053704
BiLSTM+Attention,test,77.728762_12.724051,2024-10-01,0.74911314,0.7244816
BiLSTM+Attention,test,77.728762_12.759984,2024-10-01,0.65647274,0.6249821
BiLSTM+Attention,test,77.728762_12.782442,2024-10-01,0.67948556,0.6437222
BiLSTM+Attention,test,77.728762_12.809391,2024-10-01,0.6698603,0.6327145
BiLSTM+Attention,test,77.728762_12.858799,2024-10-01,0.66461384,0.63474345
BiLSTM+Attention,test,77.728762_12.876765,2024-10-01,0.67525774,0.6561675
BiLSTM+Attention,test,77.728762_12.885748,2024-10-01,0.618066,0.59242904
BiLSTM+Attention,test,77.728762_13.016004,2024-10-01,0.7758495,0.7676598
BiLSTM+Attention,test,77.728762_13.047445,2024-10-01,0.5712272,0.56846213
BiLSTM+Attention,test,77.728762_13.087869,2024-10-01,0.5405342,0.54554975
BiLSTM+Attention,test,77.728762_13.092361,2024-10-01,0.5024273,0.5065202
BiLSTM+Attention,test,77.733253_12.755492,2024-10-01,0.62710744,0.5967314
BiLSTM+Attention,test,77.733253_12.795916,2024-10-01,0.6291027,0.59335613
BiLSTM+Attention,test,77.733253_12.86329,2024-10-01,0.6778577,0.65749395
BiLSTM+Attention,test,77.733253_12.872273,2024-10-01,0.6614256,0.63897455
BiLSTM+Attention,test,77.733253_12.998037,2024-10-01,0.68293566,0.67508364
BiLSTM+Attention,test,77.733253_13.056428,2024-10-01,0.4835557,0.48494953
BiLSTM+Attention,test,77.737745_12.764475,2024-10-01,0.60492444,0.5774654
BiLSTM+Attention,test,77.737745_12.791425,2024-10-01,0.647861,0.6154771
BiLSTM+Attention,test,77.737745_12.809391,2024-10-01,0.6436137,0.60948026
BiLSTM+Attention,test,77.737745_12.858799,2024-10-01,0.64364225,0.61754805
BiLSTM+Attention,test,77.737745_12.872273,2024-10-01,0.6688212,0.6537763
BiLSTM+Attention,test,77.737745_12.881256,2024-10-01,0.6890831,0.6581874
BiLSTM+Attention,test,77.737745_13.051936,2024-10-01,0.5075177,0.5114507
BiLSTM+Attention,test,77.737745_13.06092,2024-10-01,0.5123859,0.51365024
BiLSTM+Attention,test,77.737745_13.078886,2024-10-01,0.53939664,0.5275736
BiLSTM+Attention,test,77.737745_13.101344,2024-10-01,0.46496785,0.46330982
BiLSTM+Attention,test,77.742237_12.697102,2024-10-01,0.7564569,0.73582464
BiLSTM+Attention,test,77.742237_12.764475,2024-10-01,0.61967874,0.59565765
BiLSTM+Attention,test,77.742237_12.795916,2024-10-01,0.6142836,0.5881704
BiLSTM+Attention,test,77.742237_12.8049,2024-10-01,0.6570833,0.62393004
BiLSTM+Attention,test,77.742237_12.86329,2024-10-01,0.58366644,0.5589917
BiLSTM+Attention,test,77.742237_12.867782,2024-10-01,0.6738121,0.65226704
BiLSTM+Attention,test,77.742237_12.89024,2024-10-01,0.6746922,0.6487825
BiLSTM+Attention,test,77.742237_12.899223,2024-10-01,0.6552933,0.639088
BiLSTM+Attention,test,77.742237_12.921681,2024-10-01,0.59479696,0.58533543
BiLSTM+Attention,test,77.742237_12.980071,2024-10-01,0.6338454,0.61729443
BiLSTM+Attention,test,77.742237_13.002529,2024-10-01,0.6505289,0.64723563
BiLSTM+Attention,test,77.742237_13.016004,2024-10-01,0.6562511,0.64302087
BiLSTM+Attention,test,77.742237_13.038462,2024-10-01,0.48568702,0.4927644
BiLSTM+Attention,test,77.742237_13.074394,2024-10-01,0.46260732,0.47350577
BiLSTM+Attention,test,77.742237_13.078886,2024-10-01,0.52532804,0.524678
BiLSTM+Attention,test,77.742237_13.101344,2024-10-01,0.48713532,0.48465943
BiLSTM+Attention,test,77.746728_12.751001,2024-10-01,0.6477958,0.61757284
BiLSTM+Attention,test,77.746728_12.764475,2024-10-01,0.6390094,0.6174626
BiLSTM+Attention,test,77.746728_12.782442,2024-10-01,0.67444015,0.6405604
BiLSTM+Attention,test,77.746728_12.97558,2024-10-01,0.6543746,0.6386041
BiLSTM+Attention,test,77.746728_12.984563,2024-10-01,0.6445056,0.61724305
BiLSTM+Attention,test,77.746728_13.016004,2024-10-01,0.6683402,0.6597368
BiLSTM+Attention,test,77.746728_13.020495,2024-10-01,0.6968146,0.68605953
BiLSTM+Attention,test,77.746728_13.024987,2024-10-01,0.60627764,0.5908145
BiLSTM+Attention,test,77.746728_13.038462,2024-10-01,0.51418,0.51311815
BiLSTM+Attention,test,77.746728_13.06092,2024-10-01,0.4724767,0.47577447
BiLSTM+Attention,test,77.746728_13.083377,2024-10-01,0.52462524,0.5227093
BiLSTM+Attention,test,77.746728_13.092361,2024-10-01,0.48235762,0.47780448
BiLSTM+Attention,test,77.75122_12.751001,2024-10-01,0.6375153,0.611533
BiLSTM+Attention,test,77.75122_12.755492,2024-10-01,0.6816169,0.656605
BiLSTM+Attention,test,77.75122_12.768967,2024-10-01,0.6027172,0.5822308
BiLSTM+Attention,test,77.75122_12.77795,2024-10-01,0.64101213,0.6123959
BiLSTM+Attention,test,77.75122_12.894731,2024-10-01,0.5974823,0.5786401
BiLSTM+Attention,test,77.75122_12.993546,2024-10-01,0.5851567,0.58406836
BiLSTM+Attention,test,77.75122_13.020495,2024-10-01,0.6299285,0.6200887
BiLSTM+Attention,test,77.75122_13.03397,2024-10-01,0.5251217,0.5302521
BiLSTM+Attention,test,77.75122_13.038462,2024-10-01,0.49425286,0.4919783
BiLSTM+Attention,test,77.755711_12.706085,2024-10-01,0.671648,0.6501047
BiLSTM+Attention,test,77.755711_12.764475,2024-10-01,0.83572346,0.8060661
BiLSTM+Attention,test,77.755711_12.77795,2024-10-01,0.6237708,0.5972277
BiLSTM+Attention,test,77.755711_12.822866,2024-10-01,0.62409455,0.60215455
BiLSTM+Attention,test,77.755711_12.831849,2024-10-01,0.5984779,0.5710477
BiLSTM+Attention,test,77.755711_12.858799,2024-10-01,0.6465679,0.62129843
BiLSTM+Attention,test,77.755711_12.885748,2024-10-01,0.6340261,0.61522365
BiLSTM+Attention,test,77.755711_12.899223,2024-10-01,0.56452036,0.5404004
BiLSTM+Attention,test,77.755711_12.903714,2024-10-01,0.6191757,0.60485554
BiLSTM+Attention,test,77.755711_12.926172,2024-10-01,0.63048124,0.611326
BiLSTM+Attention,test,77.760203_12.751001,2024-10-01,0.63404214,0.6019297
BiLSTM+Attention,test,77.760203_12.795916,2024-10-01,0.6152067,0.5821301
BiLSTM+Attention,test,77.760203_12.818374,2024-10-01,0.70072985,0.6836164
BiLSTM+Attention,test,77.760203_12.867782,2024-10-01,0.6050273,0.5866621
BiLSTM+Attention,test,77.760203_12.872273,2024-10-01,0.6173018,0.59985584
BiLSTM+Attention,test,77.760203_12.876765,2024-10-01,0.58845794,0.5654337
BiLSTM+Attention,test,77.760203_12.885748,2024-10-01,0.60461706,0.5868856
BiLSTM+Attention,test,77.760203_12.984563,2024-10-01,0.64298785,0.63166744
BiLSTM+Attention,test,77.764695_12.742018,2024-10-01,0.74685,0.7246713
BiLSTM+Attention,test,77.764695_12.746509,2024-10-01,0.7344455,0.7136712
BiLSTM+Attention,test,77.764695_12.813883,2024-10-01,0.6611396,0.6370363
BiLSTM+Attention,test,77.764695_12.849815,2024-10-01,0.6315802,0.602456
BiLSTM+Attention,test,77.764695_12.885748,2024-10-01,0.6292811,0.6177641
BiLSTM+Attention,test,77.764695_12.912697,2024-10-01,0.6263872,0.60767084
BiLSTM+Attention,test,77.764695_13.03397,2024-10-01,0.47319546,0.4804927
BiLSTM+Attention,test,77.769186_12.751001,2024-10-01,0.75713307,0.7228521
BiLSTM+Attention,test,77.769186_12.791425,2024-10-01,0.6048687,0.5828785
BiLSTM+Attention,test,77.769186_12.800408,2024-10-01,0.65751415,0.62498534
BiLSTM+Attention,test,77.769186_12.8049,2024-10-01,0.69030875,0.6595755
BiLSTM+Attention,test,77.769186_12.809391,2024-10-01,0.6266324,0.5957976
BiLSTM+Attention,test,77.769186_12.876765,2024-10-01,0.6475296,0.62654436
BiLSTM+Attention,test,77.769186_12.894731,2024-10-01,0.6098551,0.58160794
BiLSTM+Attention,test,77.769186_13.016004,2024-10-01,0.58335966,0.57178575
BiLSTM+Attention,test,77.773678_12.746509,2024-10-01,0.75075406,0.73039865
BiLSTM+Attention,test,77.773678_12.858799,2024-10-01,0.589483,0.56811696
BiLSTM+Attention,test,77.773678_12.885748,2024-10-01,0.60055435,0.5855791
BiLSTM+Attention,test,77.773678_12.899223,2024-10-01,0.57690084,0.5640911
BiLSTM+Attention,test,77.773678_12.908206,2024-10-01,0.61464393,0.60420865
BiLSTM+Attention,test,77.778169_12.809391,2024-10-01,0.5889202,0.563379
BiLSTM+Attention,test,77.778169_12.885748,2024-10-01,0.6191418,0.6076746
BiLSTM+Attention,test,77.782661_12.786933,2024-10-01,0.6069039,0.5783434
BiLSTM+Attention,test,77.782661_12.791425,2024-10-01,0.6349017,0.60791266
BiLSTM+Attention,test,77.782661_12.89024,2024-10-01,0.6120676,0.6040994
BiLSTM+Attention,test,77.787152_12.786933,2024-10-01,0.6207537,0.5923345
BiLSTM+Attention,test,77.787152_12.849815,2024-10-01,0.59160364,0.57484907
BiLSTM+Attention,test,77.787152_12.867782,2024-10-01,0.6019949,0.58502614
BiLSTM+Attention,test,77.791644_12.8049,2024-10-01,0.62031597,0.5899926
BiLSTM+Attention,test,77.791644_12.899223,2024-10-01,0.6008036,0.58974564
BiLSTM+Attention,test,77.796136_12.854307,2024-10-01,0.5952115,0.5682271
BiLSTM+Attention,test,77.796136_12.885748,2024-10-01,0.6580228,0.6383473
BiLSTM+Attention,test,77.800627_12.876765,2024-10-01,0.65087783,0.6377601
BiLSTM+Attention,test,77.800627_12.885748,2024-10-01,0.61829257,0.5989296
BiLSTM+Attention,test,77.805119_12.876765,2024-10-01,0.65826696,0.642113
BiLSTM+Attention,test,77.805119_12.89024,2024-10-01,0.64737934,0.6270493
BiLSTM+Attention,test,77.80961_12.858799,2024-10-01,0.66346985,0.63800985
BiLSTM+Attention,test,77.80961_12.86329,2024-10-01,0.64189154,0.6139301
BiLSTM+Attention,test,77.329012_12.944139,2024-11-01,0.5468948,0.5913867
BiLSTM+Attention,test,77.329012_12.962105,2024-11-01,0.7175874,0.73315203
BiLSTM+Attention,test,77.337995_12.921681,2024-11-01,0.66716343,0.6834334
BiLSTM+Attention,test,77.342486_12.926172,2024-11-01,0.70557,0.70793784
BiLSTM+Attention,test,77.342486_12.935155,2024-11-01,0.7265965,0.76726353
BiLSTM+Attention,test,77.342486_12.944139,2024-11-01,0.69501704,0.72554284
BiLSTM+Attention,test,77.346978_12.86329,2024-11-01,0.5929848,0.6375327
BiLSTM+Attention,test,77.346978_12.962105,2024-11-01,0.55436456,0.57977366
BiLSTM+Attention,test,77.351469_12.89024,2024-11-01,0.56768274,0.6084083
BiLSTM+Attention,test,77.351469_12.930664,2024-11-01,0.73048115,0.78928185
BiLSTM+Attention,test,77.351469_12.939647,2024-11-01,0.71110624,0.7565819
BiLSTM+Attention,test,77.355961_12.899223,2024-11-01,0.5825525,0.6255135
BiLSTM+Attention,test,77.355961_12.94863,2024-11-01,0.52207667,0.5619228
BiLSTM+Attention,test,77.355961_12.962105,2024-11-01,0.7277271,0.757414
BiLSTM+Attention,test,77.360453_12.867782,2024-11-01,0.48112997,0.52585346
BiLSTM+Attention,test,77.360453_12.908206,2024-11-01,0.6030169,0.6397687
BiLSTM+Attention,test,77.360453_12.926172,2024-11-01,0.7265076,0.76020277
BiLSTM+Attention,test,77.364944_12.854307,2024-11-01,0.52279466,0.57318026
BiLSTM+Attention,test,77.364944_12.962105,2024-11-01,0.5110564,0.55003667
BiLSTM+Attention,test,77.369436_12.881256,2024-11-01,0.52368206,0.57599175
BiLSTM+Attention,test,77.369436_12.89024,2024-11-01,0.52141386,0.56283706
BiLSTM+Attention,test,77.369436_12.935155,2024-11-01,0.48421904,0.51301324
BiLSTM+Attention,test,77.369436_12.998037,2024-11-01,0.52074647,0.5593198
BiLSTM+Attention,test,77.369436_13.007021,2024-11-01,0.5657118,0.5953649
BiLSTM+Attention,test,77.373927_12.912697,2024-11-01,0.62460625,0.64702755
BiLSTM+Attention,test,77.373927_12.971088,2024-11-01,0.5045139,0.53758836
BiLSTM+Attention,test,77.373927_13.011512,2024-11-01,0.51650614,0.5627922
BiLSTM+Attention,test,77.373927_13.016004,2024-11-01,0.50080615,0.5490232
BiLSTM+Attention,test,77.378419_12.966596,2024-11-01,0.47989792,0.50460744
BiLSTM+Attention,test,77.382911_12.894731,2024-11-01,0.5648778,0.59506726
BiLSTM+Attention,test,77.382911_12.953122,2024-11-01,0.539637,0.57400084
BiLSTM+Attention,test,77.382911_12.957613,2024-11-01,0.53426594,0.56873417
BiLSTM+Attention,test,77.387402_12.962105,2024-11-01,0.5251089,0.5517442
BiLSTM+Attention,test,77.387402_12.97558,2024-11-01,0.525985,0.55636364
BiLSTM+Attention,test,77.387402_12.980071,2024-11-01,0.52850556,0.564009
BiLSTM+Attention,test,77.391894_12.867782,2024-11-01,0.56451255,0.613073
BiLSTM+Attention,test,77.391894_12.881256,2024-11-01,0.5313725,0.56860834
BiLSTM+Attention,test,77.391894_12.885748,2024-11-01,0.5635355,0.5955342
BiLSTM+Attention,test,77.396385_12.894731,2024-11-01,0.5665569,0.6115568
BiLSTM+Attention,test,77.396385_12.908206,2024-11-01,0.5249385,0.55711603
BiLSTM+Attention,test,77.396385_12.944139,2024-11-01,0.57232606,0.6145595
BiLSTM+Attention,test,77.396385_12.971088,2024-11-01,0.49594778,0.52690166
BiLSTM+Attention,test,77.396385_12.97558,2024-11-01,0.47206774,0.50918174
BiLSTM+Attention,test,77.396385_13.029478,2024-11-01,0.4051477,0.45140854
BiLSTM+Attention,test,77.400877_12.957613,2024-11-01,0.53981507,0.57749295
BiLSTM+Attention,test,77.400877_12.966596,2024-11-01,0.49279946,0.52351505
BiLSTM+Attention,test,77.400877_13.029478,2024-11-01,0.3928084,0.43480438
BiLSTM+Attention,test,77.405368_12.881256,2024-11-01,0.49217945,0.5303792
BiLSTM+Attention,test,77.405368_12.89024,2024-11-01,0.5150425,0.54885364
BiLSTM+Attention,test,77.405368_12.903714,2024-11-01,0.4882879,0.5304722
BiLSTM+Attention,test,77.405368_12.930664,2024-11-01,0.6136904,0.65357506
BiLSTM+Attention,test,77.405368_12.998037,2024-11-01,0.51352555,0.5551497
BiLSTM+Attention,test,77.405368_13.105835,2024-11-01,0.4365264,0.4644288
BiLSTM+Attention,test,77.405368_13.11931,2024-11-01,0.39888504,0.42937106
BiLSTM+Attention,test,77.40986_12.872273,2024-11-01,0.45760566,0.49844688
BiLSTM+Attention,test,77.40986_12.881256,2024-11-01,0.45964268,0.5024495
BiLSTM+Attention,test,77.40986_12.962105,2024-11-01,0.5491,0.5926256
BiLSTM+Attention,test,77.414352_12.930664,2024-11-01,0.5578902,0.58788437
BiLSTM+Attention,test,77.414352_12.989054,2024-11-01,0.4754838,0.51827747
BiLSTM+Attention,test,77.414352_12.993546,2024-11-01,0.4831395,0.52229977
BiLSTM+Attention,test,77.414352_13.03397,2024-11-01,0.44997832,0.49786538
BiLSTM+Attention,test,77.414352_13.096852,2024-11-01,0.41747245,0.45205134
BiLSTM+Attention,test,77.414352_13.11931,2024-11-01,0.41814488,0.44530004
BiLSTM+Attention,test,77.418843_12.876765,2024-11-01,0.47427487,0.49750966
BiLSTM+Attention,test,77.418843_12.89024,2024-11-01,0.5024674,0.529059
BiLSTM+Attention,test,77.418843_12.94863,2024-11-01,0.55060685,0.5807364
BiLSTM+Attention,test,77.418843_12.971088,2024-11-01,0.513383,0.5486136
BiLSTM+Attention,test,77.418843_12.993546,2024-11-01,0.5146944,0.55316377
BiLSTM+Attention,test,77.418843_13.016004,2024-11-01,0.47979665,0.51559263
BiLSTM+Attention,test,77.418843_13.024987,2024-11-01,0.47092834,0.5097591
BiLSTM+Attention,test,77.418843_13.029478,2024-11-01,0.47045934,0.5038906
BiLSTM+Attention,test,77.418843_13.146259,2024-11-01,0.38192165,0.4115932
BiLSTM+Attention,test,77.423335_12.876765,2024-11-01,0.4760531,0.5065397
BiLSTM+Attention,test,77.423335_12.921681,2024-11-01,0.5649724,0.59727085
BiLSTM+Attention,test,77.423335_12.930664,2024-11-01,0.5476568,0.5780922
BiLSTM+Attention,test,77.423335_13.002529,2024-11-01,0.562781,0.5937154
BiLSTM+Attention,test,77.423335_13.092361,2024-11-01,0.35759568,0.3884385
BiLSTM+Attention,test,77.423335_13.141768,2024-11-01,0.440702,0.4777903
BiLSTM+Attention,test,77.423335_13.150751,2024-11-01,0.3906771,0.41948244
BiLSTM+Attention,test,77.427826_12.845324,2024-11-01,0.41803697,0.45079392
BiLSTM+Attention,test,77.427826_12.858799,2024-11-01,0.4707536,0.5057494
BiLSTM+Attention,test,77.427826_12.930664,2024-11-01,0.55514246,0.5844723
BiLSTM+Attention,test,77.427826_12.939647,2024-11-01,0.50255275,0.53313255
BiLSTM+Attention,test,77.427826_12.944139,2024-11-01,0.5159357,0.5525037
BiLSTM+Attention,test,77.427826_13.020495,2024-11-01,0.4814642,0.5173637
BiLSTM+Attention,test,77.427826_13.024987,2024-11-01,0.472353,0.501534
BiLSTM+Attention,test,77.427826_13.110327,2024-11-01,0.438417,0.47375542
BiLSTM+Attention,test,77.427826_13.132785,2024-11-01,0.49364138,0.5222207
BiLSTM+Attention,test,77.432318_12.858799,2024-11-01,0.4853466,0.5269448
BiLSTM+Attention,test,77.432318_12.86329,2024-11-01,0.4914682,0.5292274
BiLSTM+Attention,test,77.432318_12.867782,2024-11-01,0.483126,0.51540136
BiLSTM+Attention,test,77.432318_12.881256,2024-11-01,0.5258548,0.55472714
BiLSTM+Attention,test,77.432318_12.885748,2024-11-01,0.6159391,0.63731885
BiLSTM+Attention,test,77.432318_12.957613,2024-11-01,0.5024631,0.5370008
BiLSTM+Attention,test,77.432318_12.998037,2024-11-01,0.4335534,0.47391796
BiLSTM+Attention,test,77.432318_13.087869,2024-11-01,0.44241446,0.4736027
BiLSTM+Attention,test,77.432318_13.092361,2024-11-01,0.3987892,0.4315681
BiLSTM+Attention,test,77.436809_12.818374,2024-11-01,0.6157002,0.64387584
BiLSTM+Attention,test,77.436809_12.840832,2024-11-01,0.5327673,0.56806785
BiLSTM+Attention,test,77.436809_12.854307,2024-11-01,0.49896333,0.53889656
BiLSTM+Attention,test,77.436809_12.912697,2024-11-01,0.6241114,0.64707917
BiLSTM+Attention,test,77.436809_12.926172,2024-11-01,0.5570404,0.58851814
BiLSTM+Attention,test,77.436809_12.944139,2024-11-01,0.52322656,0.56228507
BiLSTM+Attention,test,77.436809_13.03397,2024-11-01,0.45540947,0.48829818
BiLSTM+Attention,test,77.441301_12.818374,2024-11-01,0.6241883,0.6503847
BiLSTM+Attention,test,77.441301_12.831849,2024-11-01,0.51753247,0.5547181
BiLSTM+Attention,test,77.441301_12.836341,2024-11-01,0.54644114,0.5778928
BiLSTM+Attention,test,77.441301_12.840832,2024-11-01,0.51975685,0.5511855
BiLSTM+Attention,test,77.441301_12.944139,2024-11-01,0.56058687,0.59040356
BiLSTM+Attention,test,77.441301_12.94863,2024-11-01,0.5145943,0.5474074
BiLSTM+Attention,test,77.441301_13.056428,2024-11-01,0.44457114,0.47663376
BiLSTM+Attention,test,77.441301_13.069903,2024-11-01,0.4613255,0.4909542
BiLSTM+Attention,test,77.441301_13.083377,2024-11-01,0.4481288,0.48291153
BiLSTM+Attention,test,77.441301_13.110327,2024-11-01,0.4338097,0.4525395
BiLSTM+Attention,test,77.445793_12.840832,2024-11-01,0.5924166,0.6265083
BiLSTM+Attention,test,77.445793_12.86329,2024-11-01,0.6078711,0.64664733
BiLSTM+Attention,test,77.445793_12.867782,2024-11-01,0.58709484,0.6249626
BiLSTM+Attention,test,77.445793_12.912697,2024-11-01,0.53002614,0.55793595
BiLSTM+Attention,test,77.445793_12.957613,2024-11-01,0.5031012,0.5375942
BiLSTM+Attention,test,77.445793_12.984563,2024-11-01,0.52108496,0.5406088
BiLSTM+Attention,test,77.450284_12.809391,2024-11-01,0.57218605,0.6090259
BiLSTM+Attention,test,77.450284_12.872273,2024-11-01,0.5865932,0.6265658
BiLSTM+Attention,test,77.450284_12.89024,2024-11-01,0.58717716,0.6161195
BiLSTM+Attention,test,77.450284_12.971088,2024-11-01,0.49058384,0.5296229
BiLSTM+Attention,test,77.450284_12.993546,2024-11-01,0.40238032,0.43635282
BiLSTM+Attention,test,77.450284_13.029478,2024-11-01,0.44283542,0.47103724
BiLSTM+Attention,test,77.450284_13.047445,2024-11-01,0.455379,0.49376196
BiLSTM+Attention,test,77.450284_13.146259,2024-11-01,0.5084334,0.5421284
BiLSTM+Attention,test,77.454776_12.809391,2024-11-01,0.5371433,0.57496876
BiLSTM+Attention,test,77.454776_12.885748,2024-11-01,0.56850344,0.6095312
BiLSTM+Attention,test,77.454776_12.980071,2024-11-01,0.44259033,0.48223263
BiLSTM+Attention,test,77.454776_12.993546,2024-11-01,0.42825136,0.45638716
BiLSTM+Attention,test,77.454776_13.078886,2024-11-01,0.45416373,0.48283547
BiLSTM+Attention,test,77.454776_13.087869,2024-11-01,0.4178701,0.44846004
BiLSTM+Attention,test,77.454776_13.114818,2024-11-01,0.4949875,0.53782576
BiLSTM+Attention,test,77.454776_13.141768,2024-11-01,0.51181775,0.5510999
BiLSTM+Attention,test,77.459267_12.8049,2024-11-01,0.6061062,0.6477065
BiLSTM+Attention,test,77.459267_12.822866,2024-11-01,0.5765003,0.6126343
BiLSTM+Attention,test,77.459267_12.845324,2024-11-01,0.58034384,0.61984813
BiLSTM+Attention,test,77.459267_12.872273,2024-11-01,0.5579107,0.60532796
BiLSTM+Attention,test,77.459267_12.903714,2024-11-01,0.51128167,0.55942833
BiLSTM+Attention,test,77.459267_12.926172,2024-11-01,0.55129254,0.5814944
BiLSTM+Attention,test,77.459267_12.97558,2024-11-01,0.4573206,0.4975341
BiLSTM+Attention,test,77.459267_13.016004,2024-11-01,0.41822162,0.4439093
BiLSTM+Attention,test,77.459267_13.020495,2024-11-01,0.41177776,0.43978328
BiLSTM+Attention,test,77.459267_13.11931,2024-11-01,0.49184862,0.5278947
BiLSTM+Attention,test,77.463759_12.813883,2024-11-01,0.5173714,0.5677191
BiLSTM+Attention,test,77.463759_12.836341,2024-11-01,0.57733965,0.6116788
BiLSTM+Attention,test,77.463759_12.86329,2024-11-01,0.5942356,0.644529
BiLSTM+Attention,test,77.463759_12.867782,2024-11-01,0.57621026,0.6229236
BiLSTM+Attention,test,77.463759_12.872273,2024-11-01,0.55199116,0.59757346
BiLSTM+Attention,test,77.463759_12.881256,2024-11-01,0.60389036,0.64396846
BiLSTM+Attention,test,77.463759_12.885748,2024-11-01,0.60745364,0.64666927
BiLSTM+Attention,test,77.463759_12.894731,2024-11-01,0.54706204,0.59898937
BiLSTM+Attention,test,77.463759_12.899223,2024-11-01,0.54966927,0.59875894
BiLSTM+Attention,test,77.463759_12.917189,2024-11-01,0.49967563,0.53678596
BiLSTM+Attention,test,77.463759_12.953122,2024-11-01,0.7542748,0.80235606
BiLSTM+Attention,test,77.463759_13.03397,2024-11-01,0.4106879,0.43351567
BiLSTM+Attention,test,77.463759_13.078886,2024-11-01,0.52263236,0.5428715
BiLSTM+Attention,test,77.46825_12.827358,2024-11-01,0.48992562,0.5301601
BiLSTM+Attention,test,77.46825_12.836341,2024-11-01,0.58472884,0.6191446
BiLSTM+Attention,test,77.46825_12.894731,2024-11-01,0.527204,0.5785364
BiLSTM+Attention,test,77.46825_12.94863,2024-11-01,0.59392095,0.6257608
BiLSTM+Attention,test,77.46825_12.953122,2024-11-01,0.529334,0.5603511
BiLSTM+Attention,test,77.46825_12.966596,2024-11-01,0.5074034,0.5486758
BiLSTM+Attention,test,77.46825_13.007021,2024-11-01,0.4279802,0.45028722
BiLSTM+Attention,test,77.46825_13.020495,2024-11-01,0.49590823,0.5230952
BiLSTM+Attention,test,77.46825_13.114818,2024-11-01,0.5359322,0.58289325
BiLSTM+Attention,test,77.46825_13.150751,2024-11-01,0.44657558,0.4824497
BiLSTM+Attention,test,77.46825_13.1777,2024-11-01,0.537035,0.575127
BiLSTM+Attention,test,77.472742_12.746509,2024-11-01,0.64376545,0.6801007
BiLSTM+Attention,test,77.472742_12.751001,2024-11-01,0.5975746,0.6278332
BiLSTM+Attention,test,77.472742_12.755492,2024-11-01,0.6145872,0.65524
BiLSTM+Attention,test,77.472742_12.795916,2024-11-01,0.5511445,0.58864397
BiLSTM+Attention,test,77.472742_12.836341,2024-11-01,0.57478774,0.6067804
BiLSTM+Attention,test,77.472742_12.984563,2024-11-01,0.46931103,0.489356
BiLSTM+Attention,test,77.472742_13.087869,2024-11-01,0.47681698,0.5128371
BiLSTM+Attention,test,77.477234_12.764475,2024-11-01,0.6089423,0.65230525
BiLSTM+Attention,test,77.477234_12.782442,2024-11-01,0.5447598,0.58575934
BiLSTM+Attention,test,77.477234_12.840832,2024-11-01,0.5765389,0.6145525
BiLSTM+Attention,test,77.477234_12.899223,2024-11-01,0.48749733,0.5332154
BiLSTM+Attention,test,77.477234_12.935155,2024-11-01,0.620425,0.64453167
BiLSTM+Attention,test,77.477234_12.944139,2024-11-01,0.55050814,0.5825929
BiLSTM+Attention,test,77.477234_12.94863,2024-11-01,0.5613503,0.5850237
BiLSTM+Attention,test,77.477234_12.971088,2024-11-01,0.5200722,0.563778
BiLSTM+Attention,test,77.477234_13.002529,2024-11-01,0.42354113,0.4567375
BiLSTM+Attention,test,77.477234_13.056428,2024-11-01,0.47855356,0.5069526
BiLSTM+Attention,test,77.481725_12.737526,2024-11-01,0.6203639,0.65981644
BiLSTM+Attention,test,77.481725_12.768967,2024-11-01,0.6038813,0.64254665
BiLSTM+Attention,test,77.481725_12.831849,2024-11-01,0.51852965,0.5567009
BiLSTM+Attention,test,77.481725_12.89024,2024-11-01,0.5667661,0.6180987
BiLSTM+Attention,test,77.481725_12.894731,2024-11-01,0.53393835,0.57827866
BiLSTM+Attention,test,77.481725_12.944139,2024-11-01,0.56329244,0.5961807
BiLSTM+Attention,test,77.481725_12.971088,2024-11-01,0.44486582,0.48215184
BiLSTM+Attention,test,77.481725_12.980071,2024-11-01,0.49811116,0.51502305
BiLSTM+Attention,test,77.481725_13.024987,2024-11-01,0.4772929,0.49337205
BiLSTM+Attention,test,77.481725_13.03397,2024-11-01,0.45436543,0.48240098
BiLSTM+Attention,test,77.481725_13.096852,2024-11-01,0.5601493,0.59710264
BiLSTM+Attention,test,77.481725_13.137276,2024-11-01,0.6353326,0.6628452
BiLSTM+Attention,test,77.486217_12.764475,2024-11-01,0.5987838,0.6355381
BiLSTM+Attention,test,77.486217_12.872273,2024-11-01,0.52340895,0.571799
BiLSTM+Attention,test,77.486217_12.939647,2024-11-01,0.5787625,0.6139188
BiLSTM+Attention,test,77.486217_12.998037,2024-11-01,0.4709695,0.49766856
BiLSTM+Attention,test,77.486217_13.042953,2024-11-01,0.52495813,0.5397241
BiLSTM+Attention,test,77.486217_13.06092,2024-11-01,0.5431933,0.5665309
BiLSTM+Attention,test,77.486217_13.114818,2024-11-01,0.47639656,0.5118744
BiLSTM+Attention,test,77.486217_13.11931,2024-11-01,0.49367145,0.5263394
BiLSTM+Attention,test,77.490708_12.768967,2024-11-01,0.59053814,0.6328274
BiLSTM+Attention,test,77.490708_12.8049,2024-11-01,0.568597,0.6199765
BiLSTM+Attention,test,77.490708_12.849815,2024-11-01,0.59378976,0.6200948
BiLSTM+Attention,test,77.490708_12.89024,2024-11-01,0.5258132,0.5772624
BiLSTM+Attention,test,77.490708_13.051936,2024-11-01,0.59160733,0.6068607
BiLSTM+Attention,test,77.490708_13.087869,2024-11-01,0.5326485,0.5693487
BiLSTM+Attention,test,77.490708_13.092361,2024-11-01,0.5281266,0.56633174
BiLSTM+Attention,test,77.490708_13.096852,2024-11-01,0.5582003,0.59294474
BiLSTM+Attention,test,77.490708_13.182192,2024-11-01,0.5755243,0.6104318
BiLSTM+Attention,test,77.490708_13.209142,2024-11-01,0.53261316,0.5655363
BiLSTM+Attention,test,77.4952_12.786933,2024-11-01,0.55084383,0.60163623
BiLSTM+Attention,test,77.4952_12.836341,2024-11-01,0.55021214,0.5870431
BiLSTM+Attention,test,77.4952_12.899223,2024-11-01,0.57305586,0.61387193
BiLSTM+Attention,test,77.4952_12.962105,2024-11-01,0.5628929,0.5899304
BiLSTM+Attention,test,77.4952_13.020495,2024-11-01,0.51972306,0.53488994
BiLSTM+Attention,test,77.4952_13.024987,2024-11-01,0.5093473,0.51733094
BiLSTM+Attention,test,77.4952_13.03397,2024-11-01,0.5625712,0.5785452
BiLSTM+Attention,test,77.4952_13.087869,2024-11-01,0.5069117,0.5334452
BiLSTM+Attention,test,77.4952_13.092361,2024-11-01,0.53336036,0.56466323
BiLSTM+Attention,test,77.4952_13.182192,2024-11-01,0.57507926,0.60439897
BiLSTM+Attention,test,77.499692_12.755492,2024-11-01,0.6564197,0.70359886
BiLSTM+Attention,test,77.499692_12.858799,2024-11-01,0.6412808,0.6845864
BiLSTM+Attention,test,77.499692_12.899223,2024-11-01,0.5550507,0.5912614
BiLSTM+Attention,test,77.499692_12.984563,2024-11-01,0.5131247,0.54329836
BiLSTM+Attention,test,77.499692_13.114818,2024-11-01,0.4955599,0.5277804
BiLSTM+Attention,test,77.499692_13.137276,2024-11-01,0.48847756,0.51092875
BiLSTM+Attention,test,77.499692_13.168717,2024-11-01,0.6239242,0.62209296
BiLSTM+Attention,test,77.504183_12.764475,2024-11-01,0.66145825,0.7125309
BiLSTM+Attention,test,77.504183_12.786933,2024-11-01,0.61889064,0.6737719
BiLSTM+Attention,test,77.504183_12.818374,2024-11-01,0.5908817,0.63287115
BiLSTM+Attention,test,77.504183_12.854307,2024-11-01,0.58321834,0.6340026
BiLSTM+Attention,test,77.504183_12.858799,2024-11-01,0.6400445,0.6875589
BiLSTM+Attention,test,77.504183_12.953122,2024-11-01,0.54108244,0.57289845
BiLSTM+Attention,test,77.504183_13.083377,2024-11-01,0.5651037,0.5970027
BiLSTM+Attention,test,77.504183_13.141768,2024-11-01,0.56564504,0.59623164
BiLSTM+Attention,test,77.504183_13.159734,2024-11-01,0.6545798,0.6680883
BiLSTM+Attention,test,77.504183_13.195667,2024-11-01,0.50773793,0.5454459
BiLSTM+Attention,test,77.508675_12.751001,2024-11-01,0.66130286,0.71206987
BiLSTM+Attention,test,77.508675_12.795916,2024-11-01,0.64626485,0.70104784
BiLSTM+Attention,test,77.508675_12.831849,2024-11-01,0.59124476,0.63216335
BiLSTM+Attention,test,77.508675_12.836341,2024-11-01,0.6164404,0.65396196
BiLSTM+Attention,test,77.508675_12.845324,2024-11-01,0.5809415,0.61099124
BiLSTM+Attention,test,77.508675_12.903714,2024-11-01,0.50808185,0.5402097
BiLSTM+Attention,test,77.508675_12.912697,2024-11-01,0.5463454,0.5834255
BiLSTM+Attention,test,77.508675_12.917189,2024-11-01,0.61143875,0.64635545
BiLSTM+Attention,test,77.508675_13.114818,2024-11-01,0.4567737,0.47812048
BiLSTM+Attention,test,77.508675_13.137276,2024-11-01,0.5149692,0.55618733
BiLSTM+Attention,test,77.508675_13.159734,2024-11-01,0.6400975,0.65556246
BiLSTM+Attention,test,77.508675_13.191175,2024-11-01,0.5319986,0.5514078
BiLSTM+Attention,test,77.513166_12.746509,2024-11-01,0.76525855,0.8353646
BiLSTM+Attention,test,77.513166_12.764475,2024-11-01,0.63151693,0.66550857
BiLSTM+Attention,test,77.513166_12.77795,2024-11-01,0.7246118,0.75616944
BiLSTM+Attention,test,77.513166_12.822866,2024-11-01,0.66148126,0.70742816
BiLSTM+Attention,test,77.513166_12.908206,2024-11-01,0.50758874,0.54676735
BiLSTM+Attention,test,77.513166_13.087869,2024-11-01,0.56716746,0.5839117
BiLSTM+Attention,test,77.513166_13.096852,2024-11-01,0.6310332,0.65829825
BiLSTM+Attention,test,77.513166_13.137276,2024-11-01,0.47938052,0.5103451
BiLSTM+Attention,test,77.513166_13.1777,2024-11-01,0.5575735,0.5786668
BiLSTM+Attention,test,77.517658_12.764475,2024-11-01,0.67739975,0.7133151
BiLSTM+Attention,test,77.517658_12.77795,2024-11-01,0.6999813,0.73752534
BiLSTM+Attention,test,77.517658_12.782442,2024-11-01,0.6988175,0.7368785
BiLSTM+Attention,test,77.517658_12.795916,2024-11-01,0.6611988,0.70329523
BiLSTM+Attention,test,77.517658_12.827358,2024-11-01,0.58878595,0.6260128
BiLSTM+Attention,test,77.517658_12.849815,2024-11-01,0.5836959,0.6202061
BiLSTM+Attention,test,77.517658_12.885748,2024-11-01,0.5795306,0.62916875
BiLSTM+Attention,test,77.517658_12.89024,2024-11-01,0.5710485,0.6144153
BiLSTM+Attention,test,77.517658_12.899223,2024-11-01,0.5637627,0.6128384
BiLSTM+Attention,test,77.517658_12.998037,2024-11-01,0.58262813,0.6079563
BiLSTM+Attention,test,77.517658_13.11931,2024-11-01,0.42385617,0.45294267
BiLSTM+Attention,test,77.517658_13.182192,2024-11-01,0.56102085,0.5837977
BiLSTM+Attention,test,77.517658_13.186684,2024-11-01,0.56989604,0.5900445
BiLSTM+Attention,test,77.517658_13.191175,2024-11-01,0.5135376,0.5418461
BiLSTM+Attention,test,77.522149_12.751001,2024-11-01,0.7098562,0.773693
BiLSTM+Attention,test,77.522149_12.755492,2024-11-01,0.6859041,0.73357004
BiLSTM+Attention,test,77.522149_12.759984,2024-11-01,0.71874547,0.7551307
BiLSTM+Attention,test,77.522149_12.782442,2024-11-01,0.71307874,0.7519165
BiLSTM+Attention,test,77.522149_12.809391,2024-11-01,0.775899,0.81410223
BiLSTM+Attention,test,77.522149_12.813883,2024-11-01,0.59065884,0.6338161
BiLSTM+Attention,test,77.522149_12.818374,2024-11-01,0.5674844,0.60727215
BiLSTM+Attention,test,77.522149_12.836341,2024-11-01,0.57877666,0.621088
BiLSTM+Attention,test,77.522149_12.845324,2024-11-01,0.59467834,0.64014125
BiLSTM+Attention,test,77.522149_13.056428,2024-11-01,0.5932239,0.6087786
BiLSTM+Attention,test,77.522149_13.078886,2024-11-01,0.5678154,0.5871465
BiLSTM+Attention,test,77.522149_13.146259,2024-11-01,0.4431384,0.4641622
BiLSTM+Attention,test,77.522149_13.200158,2024-11-01,0.5512662,0.5840474
BiLSTM+Attention,test,77.526641_12.751001,2024-11-01,0.72185564,0.76472545
BiLSTM+Attention,test,77.526641_12.840832,2024-11-01,0.64906037,0.68685603
BiLSTM+Attention,test,77.526641_12.89024,2024-11-01,0.6154504,0.6620734
BiLSTM+Attention,test,77.526641_12.899223,2024-11-01,0.5870918,0.64141476
BiLSTM+Attention,test,77.526641_13.078886,2024-11-01,0.5816823,0.5951527
BiLSTM+Attention,test,77.526641_13.105835,2024-11-01,0.43557587,0.46858144
BiLSTM+Attention,test,77.526641_13.110327,2024-11-01,0.43150622,0.44589067
BiLSTM+Attention,test,77.531133_12.791425,2024-11-01,0.616266,0.65721023
BiLSTM+Attention,test,77.531133_12.795916,2024-11-01,0.6556977,0.6971103
BiLSTM+Attention,test,77.531133_12.800408,2024-11-01,0.6314001,0.6723956
BiLSTM+Attention,test,77.531133_12.822866,2024-11-01,0.59628713,0.6382645
BiLSTM+Attention,test,77.531133_12.827358,2024-11-01,0.6091027,0.64846563
BiLSTM+Attention,test,77.531133_12.894731,2024-11-01,0.5393759,0.5755839
BiLSTM+Attention,test,77.531133_13.083377,2024-11-01,0.55027235,0.57484245
BiLSTM+Attention,test,77.531133_13.114818,2024-11-01,0.4432083,0.47683233
BiLSTM+Attention,test,77.531133_13.195667,2024-11-01,0.56454253,0.58162993
BiLSTM+Attention,test,77.535624_12.77795,2024-11-01,0.7597506,0.83314663
BiLSTM+Attention,test,77.535624_12.822866,2024-11-01,0.6992595,0.7372248
BiLSTM+Attention,test,77.535624_12.872273,2024-11-01,0.50423956,0.51841307
BiLSTM+Attention,test,77.535624_12.899223,2024-11-01,0.52033913,0.5485356
BiLSTM+Attention,test,77.535624_13.069903,2024-11-01,0.6540562,0.6706346
BiLSTM+Attention,test,77.535624_13.083377,2024-11-01,0.5428832,0.5786784
BiLSTM+Attention,test,77.535624_13.096852,2024-11-01,0.48374587,0.5066718
BiLSTM+Attention,test,77.535624_13.114818,2024-11-01,0.46889704,0.50598013
BiLSTM+Attention,test,77.535624_13.132785,2024-11-01,0.49414295,0.5287169
BiLSTM+Attention,test,77.535624_13.137276,2024-11-01,0.43640408,0.45669007
BiLSTM+Attention,test,77.535624_13.195667,2024-11-01,0.50663203,0.50904465
BiLSTM+Attention,test,77.540116_12.77795,2024-11-01,0.65940773,0.7067472
BiLSTM+Attention,test,77.540116_12.795916,2024-11-01,0.6757415,0.7239902
BiLSTM+Attention,test,77.540116_13.042953,2024-11-01,0.58308935,0.6017243
BiLSTM+Attention,test,77.540116_13.074394,2024-11-01,0.60129064,0.6150627
BiLSTM+Attention,test,77.540116_13.092361,2024-11-01,0.44174096,0.462904
BiLSTM+Attention,test,77.540116_13.101344,2024-11-01,0.47164217,0.5003224
BiLSTM+Attention,test,77.540116_13.105835,2024-11-01,0.48009148,0.5169479
BiLSTM+Attention,test,77.540116_13.114818,2024-11-01,0.44098172,0.47690487
BiLSTM+Attention,test,77.540116_13.132785,2024-11-01,0.47936463,0.5214663
BiLSTM+Attention,test,77.540116_13.155243,2024-11-01,0.50560945,0.5277915
BiLSTM+Attention,test,77.540116_13.182192,2024-11-01,0.4719145,0.5104894
BiLSTM+Attention,test,77.544607_12.831849,2024-11-01,0.7569778,0.76733726
BiLSTM+Attention,test,77.544607_13.218125,2024-11-01,0.5568376,0.5981187
BiLSTM+Attention,test,77.549099_12.822866,2024-11-01,0.7771753,0.7887119
BiLSTM+Attention,test,77.549099_12.831849,2024-11-01,0.6901707,0.7058493
BiLSTM+Attention,test,77.549099_12.836341,2024-11-01,0.6623862,0.67205906
BiLSTM+Attention,test,77.549099_12.845324,2024-11-01,0.6449843,0.66067827
BiLSTM+Attention,test,77.549099_12.867782,2024-11-01,0.5694577,0.58642673
BiLSTM+Attention,test,77.549099_12.876765,2024-11-01,0.5354101,0.5519339
BiLSTM+Attention,test,77.549099_12.894731,2024-11-01,0.61532676,0.6490782
BiLSTM+Attention,test,77.549099_13.096852,2024-11-01,0.5085408,0.5225343
BiLSTM+Attention,test,77.549099_13.132785,2024-11-01,0.6106909,0.6449885
BiLSTM+Attention,test,77.55359_12.71956,2024-11-01,0.7968379,0.8148024
BiLSTM+Attention,test,77.55359_12.782442,2024-11-01,0.73072946,0.7560818
BiLSTM+Attention,test,77.55359_12.849815,2024-11-01,0.63933176,0.6614995
BiLSTM+Attention,test,77.55359_12.872273,2024-11-01,0.526562,0.55070436
BiLSTM+Attention,test,77.55359_13.069903,2024-11-01,0.7195173,0.7301509
BiLSTM+Attention,test,77.55359_13.101344,2024-11-01,0.46415776,0.4934282
BiLSTM+Attention,test,77.55359_13.110327,2024-11-01,0.5178801,0.54829264
BiLSTM+Attention,test,77.55359_13.128293,2024-11-01,0.5895756,0.62543577
BiLSTM+Attention,test,77.55359_13.168717,2024-11-01,0.5166983,0.54378843
BiLSTM+Attention,test,77.55359_13.173209,2024-11-01,0.4399239,0.46065313
BiLSTM+Attention,test,77.558082_12.710577,2024-11-01,0.8248258,0.83084404
BiLSTM+Attention,test,77.558082_12.827358,2024-11-01,0.70773816,0.7397524
BiLSTM+Attention,test,77.558082_12.845324,2024-11-01,0.68627435,0.7096362
BiLSTM+Attention,test,77.558082_13.042953,2024-11-01,0.6607382,0.68722415
BiLSTM+Attention,test,77.558082_13.051936,2024-11-01,0.6909476,0.69794816
BiLSTM+Attention,test,77.558082_13.110327,2024-11-01,0.5260815,0.56130046
BiLSTM+Attention,test,77.558082_13.168717,2024-11-01,0.53038716,0.5474684
BiLSTM+Attention,test,77.558082_13.1777,2024-11-01,0.5120288,0.5425253
BiLSTM+Attention,test,77.562574_12.71956,2024-11-01,0.7990868,0.82023406
BiLSTM+Attention,test,77.562574_12.827358,2024-11-01,0.71512735,0.74122703
BiLSTM+Attention,test,77.562574_12.858799,2024-11-01,0.53592247,0.5623136
BiLSTM+Attention,test,77.562574_12.872273,2024-11-01,0.618207,0.6410366
BiLSTM+Attention,test,77.562574_12.876765,2024-11-01,0.64103484,0.67155755
BiLSTM+Attention,test,77.562574_13.141768,2024-11-01,0.504447,0.53524184
BiLSTM+Attention,test,77.562574_13.159734,2024-11-01,0.532891,0.5604959
BiLSTM+Attention,test,77.562574_13.173209,2024-11-01,0.5395506,0.55948246
BiLSTM+Attention,test,77.567065_12.724051,2024-11-01,0.7478018,0.766875
BiLSTM+Attention,test,77.567065_12.813883,2024-11-01,0.70723045,0.7173937
BiLSTM+Attention,test,77.567065_12.849815,2024-11-01,0.68225276,0.7042482
BiLSTM+Attention,test,77.567065_13.105835,2024-11-01,0.58865,0.61793286
BiLSTM+Attention,test,77.567065_13.114818,2024-11-01,0.6340989,0.6652911
BiLSTM+Attention,test,77.567065_13.182192,2024-11-01,0.5360972,0.56001186
BiLSTM+Attention,test,77.571557_12.71956,2024-11-01,0.78201365,0.799986
BiLSTM+Attention,test,77.571557_12.800408,2024-11-01,0.70514715,0.7245684
BiLSTM+Attention,test,77.571557_12.813883,2024-11-01,0.77628267,0.7678342
BiLSTM+Attention,test,77.571557_12.849815,2024-11-01,0.686044,0.7020753
BiLSTM+Attention,test,77.571557_13.141768,2024-11-01,0.5086131,0.535438
BiLSTM+Attention,test,77.571557_13.146259,2024-11-01,0.511988,0.54378176
BiLSTM+Attention,test,77.576048_12.71956,2024-11-01,0.7482268,0.76743126
BiLSTM+Attention,test,77.576048_12.728543,2024-11-01,0.7459725,0.763976
BiLSTM+Attention,test,77.576048_12.742018,2024-11-01,0.7432387,0.7484989
BiLSTM+Attention,test,77.576048_12.813883,2024-11-01,0.7958635,0.7829427
BiLSTM+Attention,test,77.576048_12.827358,2024-11-01,0.6717815,0.6955315
BiLSTM+Attention,test,77.58054_12.800408,2024-11-01,0.74434704,0.7598101
BiLSTM+Attention,test,77.58054_12.845324,2024-11-01,0.688404,0.6973691
BiLSTM+Attention,test,77.58054_13.083377,2024-11-01,0.5534198,0.582463
BiLSTM+Attention,test,77.58054_13.087869,2024-11-01,0.52741575,0.55385953
BiLSTM+Attention,test,77.585031_12.849815,2024-11-01,0.6858479,0.6942343
BiLSTM+Attention,test,77.585031_13.042953,2024-11-01,0.68919426,0.7097528
BiLSTM+Attention,test,77.585031_13.137276,2024-11-01,0.5156629,0.5468673
BiLSTM+Attention,test,77.589523_12.71956,2024-11-01,0.8550996,0.85904974
BiLSTM+Attention,test,77.589523_12.746509,2024-11-01,0.7443046,0.76487064
BiLSTM+Attention,test,77.589523_12.854307,2024-11-01,0.63353544,0.6506338
BiLSTM+Attention,test,77.589523_12.971088,2024-11-01,0.7512156,0.7549558
BiLSTM+Attention,test,77.589523_13.083377,2024-11-01,0.6372204,0.6633517
BiLSTM+Attention,test,77.589523_13.150751,2024-11-01,0.52114123,0.5508863
BiLSTM+Attention,test,77.594015_12.724051,2024-11-01,0.83391875,0.8488656
BiLSTM+Attention,test,77.594015_12.733034,2024-11-01,0.8046302,0.8256092
BiLSTM+Attention,test,77.594015_12.755492,2024-11-01,0.7065688,0.7229246
BiLSTM+Attention,test,77.594015_12.831849,2024-11-01,0.64833736,0.6619345
BiLSTM+Attention,test,77.594015_12.836341,2024-11-01,0.6679873,0.6747348
BiLSTM+Attention,test,77.594015_12.840832,2024-11-01,0.6685117,0.6771536
BiLSTM+Attention,test,77.594015_12.849815,2024-11-01,0.65935117,0.6782455
BiLSTM+Attention,test,77.594015_12.998037,2024-11-01,0.74507767,0.75246465
BiLSTM+Attention,test,77.594015_13.087869,2024-11-01,0.6218941,0.64961255
BiLSTM+Attention,test,77.598506_12.665661,2024-11-01,0.8346707,0.82488936
BiLSTM+Attention,test,77.598506_12.710577,2024-11-01,0.7627698,0.78172076
BiLSTM+Attention,test,77.598506_12.822866,2024-11-01,0.67316574,0.6911638
BiLSTM+Attention,test,77.598506_12.849815,2024-11-01,0.6993191,0.7210286
BiLSTM+Attention,test,77.598506_13.083377,2024-11-01,0.6149092,0.6409215
BiLSTM+Attention,test,77.598506_13.128293,2024-11-01,0.57710963,0.60738975
BiLSTM+Attention,test,77.598506_13.141768,2024-11-01,0.49088943,0.52136785
BiLSTM+Attention,test,77.598506_13.146259,2024-11-01,0.47085327,0.50292146
BiLSTM+Attention,test,77.602998_12.710577,2024-11-01,0.79964995,0.81142986
BiLSTM+Attention,test,77.602998_12.827358,2024-11-01,0.58893615,0.60452676
BiLSTM+Attention,test,77.602998_12.849815,2024-11-01,0.59914154,0.60399723
BiLSTM+Attention,test,77.602998_12.858799,2024-11-01,0.6079248,0.60961133
BiLSTM+Attention,test,77.602998_13.114818,2024-11-01,0.6047092,0.6398816
BiLSTM+Attention,test,77.602998_13.11931,2024-11-01,0.59845454,0.6254672
BiLSTM+Attention,test,77.602998_13.128293,2024-11-01,0.5453508,0.5722265
BiLSTM+Attention,test,77.602998_13.164226,2024-11-01,0.5050073,0.52519536
BiLSTM+Attention,test,77.607489_12.768967,2024-11-01,0.66618866,0.69122815
BiLSTM+Attention,test,77.607489_12.773459,2024-11-01,0.63971895,0.66438067
BiLSTM+Attention,test,77.607489_12.791425,2024-11-01,0.6277766,0.6437946
BiLSTM+Attention,test,77.607489_12.809391,2024-11-01,0.7143174,0.7269194
BiLSTM+Attention,test,77.607489_12.818374,2024-11-01,0.7393786,0.7524526
BiLSTM+Attention,test,77.607489_13.087869,2024-11-01,0.7133798,0.74572647
BiLSTM+Attention,test,77.611981_12.674644,2024-11-01,0.83136654,0.83162105
BiLSTM+Attention,test,77.611981_12.768967,2024-11-01,0.6225016,0.63932455
BiLSTM+Attention,test,77.611981_12.831849,2024-11-01,0.62727135,0.64512074
BiLSTM+Attention,test,77.611981_12.867782,2024-11-01,0.58192366,0.588919
BiLSTM+Attention,test,77.611981_12.953122,2024-11-01,0.7564967,0.76920986
BiLSTM+Attention,test,77.611981_13.105835,2024-11-01,0.57845956,0.5992101
BiLSTM+Attention,test,77.611981_13.168717,2024-11-01,0.48289856,0.50901085
BiLSTM+Attention,test,77.611981_13.182192,2024-11-01,0.45588955,0.47939682
BiLSTM+Attention,test,77.616473_12.831849,2024-11-01,0.6685477,0.6818728
BiLSTM+Attention,test,77.616473_12.858799,2024-11-01,0.59300184,0.5991154
BiLSTM+Attention,test,77.616473_13.114818,2024-11-01,0.6050013,0.62947404
BiLSTM+Attention,test,77.616473_13.141768,2024-11-01,0.5309423,0.5362403
BiLSTM+Attention,test,77.616473_13.1777,2024-11-01,0.44882265,0.46828157
BiLSTM+Attention,test,77.620964_12.674644,2024-11-01,0.8383686,0.84310305
BiLSTM+Attention,test,77.620964_12.795916,2024-11-01,0.57642496,0.58614045
BiLSTM+Attention,test,77.620964_12.813883,2024-11-01,0.56769395,0.5784467
BiLSTM+Attention,test,77.620964_12.845324,2024-11-01,0.70430446,0.7052101
BiLSTM+Attention,test,77.620964_12.858799,2024-11-01,0.5742367,0.5845334
BiLSTM+Attention,test,77.620964_13.132785,2024-11-01,0.5825112,0.58912975
BiLSTM+Attention,test,77.625456_12.782442,2024-11-01,0.6055199,0.6212979
BiLSTM+Attention,test,77.625456_12.858799,2024-11-01,0.5397299,0.55591154
BiLSTM+Attention,test,77.625456_13.065411,2024-11-01,0.4800294,0.5045692
BiLSTM+Attention,test,77.625456_13.128293,2024-11-01,0.58624524,0.59930885
BiLSTM+Attention,test,77.625456_13.137276,2024-11-01,0.5209348,0.54026055
BiLSTM+Attention,test,77.625456_13.155243,2024-11-01,0.6408962,0.6443007
BiLSTM+Attention,test,77.625456_13.182192,2024-11-01,0.48330542,0.5065652
BiLSTM+Attention,test,77.629947_12.795916,2024-11-01,0.7850023,0.7810599
BiLSTM+Attention,test,77.629947_12.809391,2024-11-01,0.59008026,0.60772455
BiLSTM+Attention,test,77.629947_12.836341,2024-11-01,0.64431065,0.649138
BiLSTM+Attention,test,77.629947_12.854307,2024-11-01,0.59339875,0.61083233
BiLSTM+Attention,test,77.629947_12.858799,2024-11-01,0.5618009,0.5791383
BiLSTM+Attention,test,77.629947_13.06092,2024-11-01,0.5032718,0.52180016
BiLSTM+Attention,test,77.629947_13.087869,2024-11-01,0.5035743,0.52814233
BiLSTM+Attention,test,77.629947_13.1777,2024-11-01,0.5106041,0.5394779
BiLSTM+Attention,test,77.634439_12.679136,2024-11-01,0.78315973,0.7810488
BiLSTM+Attention,test,77.634439_12.701593,2024-11-01,0.7296907,0.73797613
BiLSTM+Attention,test,77.634439_12.733034,2024-11-01,0.5808726,0.5992229
BiLSTM+Attention,test,77.634439_12.746509,2024-11-01,0.6147962,0.6334933
BiLSTM+Attention,test,77.634439_12.751001,2024-11-01,0.6108635,0.63425213
BiLSTM+Attention,test,77.634439_12.849815,2024-11-01,0.59888524,0.60961354
BiLSTM+Attention,test,77.634439_13.047445,2024-11-01,0.5637274,0.5842813
BiLSTM+Attention,test,77.634439_13.083377,2024-11-01,0.46581402,0.4751953
BiLSTM+Attention,test,77.634439_13.137276,2024-11-01,0.4793139,0.49402547
BiLSTM+Attention,test,77.63893_12.688119,2024-11-01,0.72265613,0.7257377
BiLSTM+Attention,test,77.63893_12.742018,2024-11-01,0.6302457,0.6474476
BiLSTM+Attention,test,77.63893_12.791425,2024-11-01,0.6233568,0.6387162
BiLSTM+Attention,test,77.63893_12.800408,2024-11-01,0.57714194,0.595795
BiLSTM+Attention,test,77.63893_12.818374,2024-11-01,0.59241486,0.60188097
BiLSTM+Attention,test,77.63893_12.840832,2024-11-01,0.67061114,0.6730253
BiLSTM+Attention,test,77.63893_12.872273,2024-11-01,0.5145059,0.52337
BiLSTM+Attention,test,77.63893_12.917189,2024-11-01,0.7545357,0.7520399
BiLSTM+Attention,test,77.63893_12.989054,2024-11-01,0.66506547,0.692789
BiLSTM+Attention,test,77.63893_13.056428,2024-11-01,0.5245262,0.52952844
BiLSTM+Attention,test,77.63893_13.078886,2024-11-01,0.4712976,0.4988183
BiLSTM+Attention,test,77.63893_13.083377,2024-11-01,0.4600799,0.47216326
BiLSTM+Attention,test,77.63893_13.1777,2024-11-01,0.49202392,0.5095979
BiLSTM+Attention,test,77.643422_12.795916,2024-11-01,0.5996476,0.6099936
BiLSTM+Attention,test,77.643422_12.800408,2024-11-01,0.5820681,0.59454566
BiLSTM+Attention,test,77.643422_12.809391,2024-11-01,0.60937744,0.61860824
BiLSTM+Attention,test,77.643422_12.867782,2024-11-01,0.55278456,0.56011313
BiLSTM+Attention,test,77.643422_13.002529,2024-11-01,0.5904744,0.6149173
BiLSTM+Attention,test,77.643422_13.038462,2024-11-01,0.58746105,0.60848737
BiLSTM+Attention,test,77.643422_13.164226,2024-11-01,0.59825665,0.619065
BiLSTM+Attention,test,77.647914_12.688119,2024-11-01,0.76156765,0.7623116
BiLSTM+Attention,test,77.647914_12.733034,2024-11-01,0.61352223,0.6300199
BiLSTM+Attention,test,77.647914_12.881256,2024-11-01,0.5675659,0.5747957
BiLSTM+Attention,test,77.647914_12.935155,2024-11-01,0.70134145,0.7177298
BiLSTM+Attention,test,77.647914_13.141768,2024-11-01,0.6293246,0.65213215
BiLSTM+Attention,test,77.647914_13.168717,2024-11-01,0.6682696,0.6763087
BiLSTM+Attention,test,77.652405_12.697102,2024-11-01,0.7264653,0.73958176
BiLSTM+Attention,test,77.652405_12.773459,2024-11-01,0.58593476,0.61622083
BiLSTM+Attention,test,77.652405_12.795916,2024-11-01,0.56081116,0.5768002
BiLSTM+Attention,test,77.652405_12.8049,2024-11-01,0.6164139,0.6355783
BiLSTM+Attention,test,77.652405_12.858799,2024-11-01,0.70436364,0.710612
BiLSTM+Attention,test,77.652405_12.926172,2024-11-01,0.6906499,0.69838065
BiLSTM+Attention,test,77.652405_13.002529,2024-11-01,0.579074,0.59139425
BiLSTM+Attention,test,77.656897_12.742018,2024-11-01,0.6408609,0.6527561
BiLSTM+Attention,test,77.656897_12.746509,2024-11-01,0.62082475,0.6424571
BiLSTM+Attention,test,77.656897_12.768967,2024-11-01,0.63696027,0.66343975
BiLSTM+Attention,test,77.656897_12.791425,2024-11-01,0.57908666,0.58949655
BiLSTM+Attention,test,77.656897_12.800408,2024-11-01,0.63153726,0.6547511
BiLSTM+Attention,test,77.656897_12.831849,2024-11-01,0.6325587,0.640005
BiLSTM+Attention,test,77.656897_12.849815,2024-11-01,0.52508974,0.5462225
BiLSTM+Attention,test,77.656897_12.939647,2024-11-01,0.63611,0.6362182
BiLSTM+Attention,test,77.656897_13.101344,2024-11-01,0.49088737,0.51532257
BiLSTM+Attention,test,77.656897_13.164226,2024-11-01,0.5007832,0.534672
BiLSTM+Attention,test,77.656897_13.173209,2024-11-01,0.47260314,0.49764413
BiLSTM+Attention,test,77.661388_12.737526,2024-11-01,0.64369464,0.662927
BiLSTM+Attention,test,77.661388_12.759984,2024-11-01,0.6507826,0.6756673
BiLSTM+Attention,test,77.661388_13.056428,2024-11-01,0.54520166,0.55874974
BiLSTM+Attention,test,77.661388_13.074394,2024-11-01,0.5463611,0.57576245
BiLSTM+Attention,test,77.661388_13.087869,2024-11-01,0.49886665,0.5238922
BiLSTM+Attention,test,77.661388_13.101344,2024-11-01,0.48676202,0.5107482
BiLSTM+Attention,test,77.661388_13.110327,2024-11-01,0.5469059,0.5570135
BiLSTM+Attention,test,77.661388_13.11931,2024-11-01,0.6003155,0.6261338
BiLSTM+Attention,test,77.66588_12.679136,2024-11-01,0.71515286,0.7242425
BiLSTM+Attention,test,77.66588_12.697102,2024-11-01,0.68054736,0.6977492
BiLSTM+Attention,test,77.66588_12.715068,2024-11-01,0.65716404,0.68700975
BiLSTM+Attention,test,77.66588_12.724051,2024-11-01,0.64712614,0.66442746
BiLSTM+Attention,test,77.66588_12.751001,2024-11-01,0.61079484,0.6382992
BiLSTM+Attention,test,77.66588_12.755492,2024-11-01,0.65433854,0.6775317
BiLSTM+Attention,test,77.66588_12.764475,2024-11-01,0.63254136,0.6556064
BiLSTM+Attention,test,77.66588_12.768967,2024-11-01,0.7609862,0.7830796
BiLSTM+Attention,test,77.66588_12.791425,2024-11-01,0.66789395,0.6899568
BiLSTM+Attention,test,77.66588_12.953122,2024-11-01,0.65709454,0.6706003
BiLSTM+Attention,test,77.66588_13.038462,2024-11-01,0.55694455,0.5692827
BiLSTM+Attention,test,77.66588_13.051936,2024-11-01,0.58282465,0.5976539
BiLSTM+Attention,test,77.66588_13.173209,2024-11-01,0.47931087,0.49250954
BiLSTM+Attention,test,77.670371_12.71956,2024-11-01,0.6502448,0.6769325
BiLSTM+Attention,test,77.670371_12.86329,2024-11-01,0.5591812,0.56495976
BiLSTM+Attention,test,77.670371_12.881256,2024-11-01,0.55007863,0.5633273
BiLSTM+Attention,test,77.670371_12.894731,2024-11-01,0.4973787,0.5139387
BiLSTM+Attention,test,77.670371_13.069903,2024-11-01,0.48653805,0.5109167
BiLSTM+Attention,test,77.670371_13.083377,2024-11-01,0.44745874,0.47039217
BiLSTM+Attention,test,77.670371_13.092361,2024-11-01,0.45079887,0.47839642
BiLSTM+Attention,test,77.670371_13.128293,2024-11-01,0.53080845,0.56799203
BiLSTM+Attention,test,77.674863_12.674644,2024-11-01,0.7530753,0.77107394
BiLSTM+Attention,test,77.674863_12.71956,2024-11-01,0.6594036,0.6862919
BiLSTM+Attention,test,77.674863_12.755492,2024-11-01,0.5984624,0.6208626
BiLSTM+Attention,test,77.674863_12.764475,2024-11-01,0.6130451,0.6267476
BiLSTM+Attention,test,77.674863_12.786933,2024-11-01,0.6422318,0.66085285
BiLSTM+Attention,test,77.674863_12.836341,2024-11-01,0.58183485,0.60739064
BiLSTM+Attention,test,77.674863_12.867782,2024-11-01,0.7335685,0.7362201
BiLSTM+Attention,test,77.674863_13.051936,2024-11-01,0.5916595,0.603127
BiLSTM+Attention,test,77.674863_13.069903,2024-11-01,0.46857023,0.48796582
BiLSTM+Attention,test,77.674863_13.092361,2024-11-01,0.4705754,0.49522156
BiLSTM+Attention,test,77.674863_13.105835,2024-11-01,0.52377504,0.54911846
BiLSTM+Attention,test,77.679355_12.697102,2024-11-01,0.6261027,0.6372577
BiLSTM+Attention,test,77.679355_12.746509,2024-11-01,0.7102254,0.73201084
BiLSTM+Attention,test,77.679355_12.881256,2024-11-01,0.57594883,0.5751082
BiLSTM+Attention,test,77.679355_12.89024,2024-11-01,0.5889318,0.593332
BiLSTM+Attention,test,77.679355_12.899223,2024-11-01,0.51030976,0.5216195
BiLSTM+Attention,test,77.679355_13.047445,2024-11-01,0.7689564,0.76336074
BiLSTM+Attention,test,77.679355_13.056428,2024-11-01,0.56345963,0.5738718
BiLSTM+Attention,test,77.679355_13.074394,2024-11-01,0.4873366,0.50600713
BiLSTM+Attention,test,77.679355_13.101344,2024-11-01,0.4886282,0.5066806
BiLSTM+Attention,test,77.679355_13.141768,2024-11-01,0.5212137,0.5563546
BiLSTM+Attention,test,77.679355_13.155243,2024-11-01,0.4491007,0.4809998
BiLSTM+Attention,test,77.679355_13.159734,2024-11-01,0.47348106,0.49816257
BiLSTM+Attention,test,77.683846_12.728543,2024-11-01,0.64078844,0.6560506
BiLSTM+Attention,test,77.683846_12.742018,2024-11-01,0.5764541,0.60000837
BiLSTM+Attention,test,77.683846_12.755492,2024-11-01,0.75248694,0.76913327
BiLSTM+Attention,test,77.683846_12.795916,2024-11-01,0.6205806,0.6387773
BiLSTM+Attention,test,77.683846_12.8049,2024-11-01,0.5794827,0.601847
BiLSTM+Attention,test,77.683846_12.836341,2024-11-01,0.6261248,0.6480154
BiLSTM+Attention,test,77.683846_12.840832,2024-11-01,0.6344833,0.65303695
BiLSTM+Attention,test,77.683846_12.894731,2024-11-01,0.6026374,0.61093307
BiLSTM+Attention,test,77.683846_12.917189,2024-11-01,0.51463985,0.5367224
BiLSTM+Attention,test,77.683846_12.939647,2024-11-01,0.7509953,0.76304173
BiLSTM+Attention,test,77.683846_13.029478,2024-11-01,0.44282398,0.45761395
BiLSTM+Attention,test,77.683846_13.06092,2024-11-01,0.53631884,0.5606457
BiLSTM+Attention,test,77.683846_13.074394,2024-11-01,0.45488867,0.4789588
BiLSTM+Attention,test,77.683846_13.11931,2024-11-01,0.43269137,0.4639841
BiLSTM+Attention,test,77.683846_13.123802,2024-11-01,0.4810376,0.5126631
BiLSTM+Attention,test,77.688338_12.656678,2024-11-01,0.7637977,0.7629844
BiLSTM+Attention,test,77.688338_12.69261,2024-11-01,0.806524,0.8131826
BiLSTM+Attention,test,77.688338_12.697102,2024-11-01,0.8118947,0.81763864
BiLSTM+Attention,test,77.688338_12.710577,2024-11-01,0.80922955,0.8085621
BiLSTM+Attention,test,77.688338_12.751001,2024-11-01,0.65249294,0.67354596
BiLSTM+Attention,test,77.688338_12.755492,2024-11-01,0.6249471,0.6462152
BiLSTM+Attention,test,77.688338_12.876765,2024-11-01,0.79179007,0.7759042
BiLSTM+Attention,test,77.688338_12.885748,2024-11-01,0.61489004,0.6272683
BiLSTM+Attention,test,77.688338_12.966596,2024-11-01,0.62833685,0.6519569
BiLSTM+Attention,test,77.692829_12.746509,2024-11-01,0.55349535,0.576061
BiLSTM+Attention,test,77.692829_12.800408,2024-11-01,0.5826594,0.5990745
BiLSTM+Attention,test,77.692829_12.845324,2024-11-01,0.643794,0.6716242
BiLSTM+Attention,test,77.692829_12.885748,2024-11-01,0.64051396,0.6501248
BiLSTM+Attention,test,77.692829_12.899223,2024-11-01,0.5656298,0.5779724
BiLSTM+Attention,test,77.692829_13.047445,2024-11-01,0.7418324,0.7376254
BiLSTM+Attention,test,77.692829_13.06092,2024-11-01,0.631391,0.65253824
BiLSTM+Attention,test,77.692829_13.065411,2024-11-01,0.5846586,0.61300594
BiLSTM+Attention,test,77.692829_13.083377,2024-11-01,0.45175144,0.47927052
BiLSTM+Attention,test,77.692829_13.096852,2024-11-01,0.4335991,0.4581173
BiLSTM+Attention,test,77.692829_13.132785,2024-11-01,0.4109568,0.4418967
BiLSTM+Attention,test,77.692829_13.155243,2024-11-01,0.45023137,0.47958213
BiLSTM+Attention,test,77.697321_12.697102,2024-11-01,0.81469715,0.8244803
BiLSTM+Attention,test,77.697321_12.751001,2024-11-01,0.6172112,0.6372549
BiLSTM+Attention,test,77.697321_12.773459,2024-11-01,0.5845165,0.60348815
BiLSTM+Attention,test,77.697321_12.791425,2024-11-01,0.66758114,0.68880177
BiLSTM+Attention,test,77.697321_12.885748,2024-11-01,0.64394635,0.6542784
BiLSTM+Attention,test,77.697321_12.894731,2024-11-01,0.5810625,0.5938879
BiLSTM+Attention,test,77.697321_12.930664,2024-11-01,0.5990463,0.5999625
BiLSTM+Attention,test,77.697321_12.966596,2024-11-01,0.6036171,0.627439
BiLSTM+Attention,test,77.697321_13.132785,2024-11-01,0.4109568,0.44382235
BiLSTM+Attention,test,77.697321_13.150751,2024-11-01,0.4659619,0.49266088
BiLSTM+Attention,test,77.697321_13.1777,2024-11-01,0.5596292,0.58898497
BiLSTM+Attention,test,77.701812_12.742018,2024-11-01,0.620827,0.62989753
BiLSTM+Attention,test,77.701812_12.77795,2024-11-01,0.58719814,0.59549826
BiLSTM+Attention,test,77.701812_12.8049,2024-11-01,0.6577892,0.664904
BiLSTM+Attention,test,77.701812_12.822866,2024-11-01,0.624306,0.64630616
BiLSTM+Attention,test,77.701812_12.872273,2024-11-01,0.5794376,0.57710046
BiLSTM+Attention,test,77.701812_12.984563,2024-11-01,0.5387894,0.54745233
BiLSTM+Attention,test,77.701812_13.03397,2024-11-01,0.5074894,0.51872504
BiLSTM+Attention,test,77.701812_13.114818,2024-11-01,0.49868894,0.5248997
BiLSTM+Attention,test,77.701812_13.164226,2024-11-01,0.49511236,0.5035755
BiLSTM+Attention,test,77.706304_12.746509,2024-11-01,0.6340503,0.6440872
BiLSTM+Attention,test,77.706304_12.751001,2024-11-01,0.6407851,0.6410265
BiLSTM+Attention,test,77.706304_12.759984,2024-11-01,0.5575802,0.5742404
BiLSTM+Attention,test,77.706304_12.764475,2024-11-01,0.5950396,0.6094457
BiLSTM+Attention,test,77.706304_12.86329,2024-11-01,0.53127676,0.5438637
BiLSTM+Attention,test,77.706304_12.984563,2024-11-01,0.5461065,0.55774546
BiLSTM+Attention,test,77.706304_13.038462,2024-11-01,0.51420355,0.517919
BiLSTM+Attention,test,77.706304_13.042953,2024-11-01,0.56571525,0.58017915
BiLSTM+Attention,test,77.706304_13.137276,2024-11-01,0.6617358,0.6815947
BiLSTM+Attention,test,77.710796_12.715068,2024-11-01,0.691679,0.7177166
BiLSTM+Attention,test,77.710796_12.894731,2024-11-01,0.6618006,0.6698063
BiLSTM+Attention,test,77.710796_12.899223,2024-11-01,0.6109235,0.6230803
BiLSTM+Attention,test,77.710796_12.912697,2024-11-01,0.54438925,0.54443544
BiLSTM+Attention,test,77.710796_13.03397,2024-11-01,0.4990897,0.5289752
BiLSTM+Attention,test,77.710796_13.11931,2024-11-01,0.46954215,0.49968165
BiLSTM+Attention,test,77.710796_13.123802,2024-11-01,0.4389346,0.47154188
BiLSTM+Attention,test,77.710796_13.132785,2024-11-01,0.46686918,0.49573576
BiLSTM+Attention,test,77.710796_13.150751,2024-11-01,0.4459924,0.46565837
BiLSTM+Attention,test,77.710796_13.168717,2024-11-01,0.5145572,0.5339316
BiLSTM+Attention,test,77.710796_13.173209,2024-11-01,0.52317226,0.5507482
BiLSTM+Attention,test,77.715287_12.679136,2024-11-01,0.7495415,0.7579318
BiLSTM+Attention,test,77.715287_12.742018,2024-11-01,0.6217831,0.62887883
BiLSTM+Attention,test,77.715287_12.773459,2024-11-01,0.58679014,0.5970812
BiLSTM+Attention,test,77.715287_12.822866,2024-11-01,0.64315236,0.647886
BiLSTM+Attention,test,77.715287_12.827358,2024-11-01,0.61140686,0.61515105
BiLSTM+Attention,test,77.715287_12.845324,2024-11-01,0.55914706,0.5676804
BiLSTM+Attention,test,77.715287_12.885748,2024-11-01,0.6302028,0.64771533
BiLSTM+Attention,test,77.715287_12.899223,2024-11-01,0.52688956,0.5390911
BiLSTM+Attention,test,77.715287_12.939647,2024-11-01,0.76877177,0.76949906
BiLSTM+Attention,test,77.715287_12.944139,2024-11-01,0.79760194,0.8026777
BiLSTM+Attention,test,77.715287_12.94863,2024-11-01,0.6448406,0.6593342
BiLSTM+Attention,test,77.715287_13.016004,2024-11-01,0.5796793,0.58521533
BiLSTM+Attention,test,77.715287_13.029478,2024-11-01,0.4611505,0.48425776
BiLSTM+Attention,test,77.715287_13.038462,2024-11-01,0.58379513,0.609171
BiLSTM+Attention,test,77.715287_13.051936,2024-11-01,0.57218957,0.58831954
BiLSTM+Attention,test,77.715287_13.056428,2024-11-01,0.5054065,0.5232301
BiLSTM+Attention,test,77.715287_13.096852,2024-11-01,0.3998805,0.4217547
BiLSTM+Attention,test,77.715287_13.114818,2024-11-01,0.5345921,0.5620226
BiLSTM+Attention,test,77.715287_13.128293,2024-11-01,0.47945738,0.5084204
BiLSTM+Attention,test,77.719779_12.706085,2024-11-01,0.707395,0.7334099
BiLSTM+Attention,test,77.719779_12.746509,2024-11-01,0.74459636,0.76314783
BiLSTM+Attention,test,77.719779_12.795916,2024-11-01,0.60582983,0.61649615
BiLSTM+Attention,test,77.719779_12.840832,2024-11-01,0.6400949,0.65415657
BiLSTM+Attention,test,77.719779_12.903714,2024-11-01,0.52465993,0.5482273
BiLSTM+Attention,test,77.719779_13.069903,2024-11-01,0.47033927,0.49600342
BiLSTM+Attention,test,77.719779_13.105835,2024-11-01,0.49269956,0.51573676
BiLSTM+Attention,test,77.719779_13.123802,2024-11-01,0.4497394,0.47509784
BiLSTM+Attention,test,77.719779_13.137276,2024-11-01,0.45524904,0.48119748
BiLSTM+Attention,test,77.719779_13.155243,2024-11-01,0.44651982,0.46327746
BiLSTM+Attention,test,77.72427_12.674644,2024-11-01,0.65643084,0.6680074
BiLSTM+Attention,test,77.72427_12.697102,2024-11-01,0.5837574,0.6060421
BiLSTM+Attention,test,77.72427_12.701593,2024-11-01,0.6106416,0.63687223
BiLSTM+Attention,test,77.72427_12.724051,2024-11-01,0.65330845,0.6584769
BiLSTM+Attention,test,77.72427_12.786933,2024-11-01,0.6299138,0.6318554
BiLSTM+Attention,test,77.72427_12.791425,2024-11-01,0.62832177,0.6357844
BiLSTM+Attention,test,77.72427_12.840832,2024-11-01,0.6197468,0.6323229
BiLSTM+Attention,test,77.72427_12.867782,2024-11-01,0.5642551,0.5764899
BiLSTM+Attention,test,77.72427_12.885748,2024-11-01,0.6005877,0.6098852
BiLSTM+Attention,test,77.72427_13.024987,2024-11-01,0.76943487,0.78217936
BiLSTM+Attention,test,77.72427_13.06092,2024-11-01,0.4885187,0.5163015
BiLSTM+Attention,test,77.72427_13.074394,2024-11-01,0.49830568,0.5221241
BiLSTM+Attention,test,77.728762_12.706085,2024-11-01,0.68153507,0.709154
BiLSTM+Attention,test,77.728762_12.724051,2024-11-01,0.719883,0.7295259
BiLSTM+Attention,test,77.728762_12.759984,2024-11-01,0.6272426,0.6351446
BiLSTM+Attention,test,77.728762_12.782442,2024-11-01,0.65025544,0.6537748
BiLSTM+Attention,test,77.728762_12.809391,2024-11-01,0.6406302,0.64173496
BiLSTM+Attention,test,77.728762_12.858799,2024-11-01,0.63595057,0.64308536
BiLSTM+Attention,test,77.728762_12.876765,2024-11-01,0.64659446,0.6632949
BiLSTM+Attention,test,77.728762_12.885748,2024-11-01,0.58940274,0.6011543
BiLSTM+Attention,test,77.728762_13.016004,2024-11-01,0.75751436,0.7721143
BiLSTM+Attention,test,77.728762_13.047445,2024-11-01,0.552892,0.57740617
BiLSTM+Attention,test,77.728762_13.087869,2024-11-01,0.52219903,0.55178094
BiLSTM+Attention,test,77.728762_13.092361,2024-11-01,0.48409212,0.51243114
BiLSTM+Attention,test,77.733253_12.755492,2024-11-01,0.5978773,0.6032452
BiLSTM+Attention,test,77.733253_12.795916,2024-11-01,0.59987265,0.60218143
BiLSTM+Attention,test,77.733253_12.86329,2024-11-01,0.6491944,0.6658212
BiLSTM+Attention,test,77.733253_12.872273,2024-11-01,0.6327623,0.64763916
BiLSTM+Attention,test,77.733253_12.998037,2024-11-01,0.66398597,0.6837387
BiLSTM+Attention,test,77.733253_13.056428,2024-11-01,0.4652205,0.49152923
BiLSTM+Attention,test,77.737745_12.764475,2024-11-01,0.5756944,0.58538705
BiLSTM+Attention,test,77.737745_12.791425,2024-11-01,0.6186309,0.62455446
BiLSTM+Attention,test,77.737745_12.809391,2024-11-01,0.6143836,0.6202295
BiLSTM+Attention,test,77.737745_12.858799,2024-11-01,0.61497897,0.6291429
BiLSTM+Attention,test,77.737745_12.872273,2024-11-01,0.64015794,0.6615441
BiLSTM+Attention,test,77.737745_12.881256,2024-11-01,0.6604198,0.66764677
BiLSTM+Attention,test,77.737745_13.051936,2024-11-01,0.48918253,0.518497
BiLSTM+Attention,test,77.737745_13.06092,2024-11-01,0.4940507,0.52004844
BiLSTM+Attention,test,77.737745_13.078886,2024-11-01,0.5210615,0.5349648
BiLSTM+Attention,test,77.737745_13.101344,2024-11-01,0.44663265,0.4665402
BiLSTM+Attention,test,77.742237_12.697102,2024-11-01,0.72380126,0.74410343
BiLSTM+Attention,test,77.742237_12.764475,2024-11-01,0.5904487,0.60271853
BiLSTM+Attention,test,77.742237_12.795916,2024-11-01,0.5850535,0.59574246
BiLSTM+Attention,test,77.742237_12.8049,2024-11-01,0.62785316,0.6322851
BiLSTM+Attention,test,77.742237_12.86329,2024-11-01,0.55500317,0.57040983
BiLSTM+Attention,test,77.742237_12.867782,2024-11-01,0.6451488,0.6608479
BiLSTM+Attention,test,77.742237_12.89024,2024-11-01,0.64602894,0.65958536
BiLSTM+Attention,test,77.742237_12.899223,2024-11-01,0.62663,0.64496124
BiLSTM+Attention,test,77.742237_12.921681,2024-11-01,0.57584727,0.5909711
BiLSTM+Attention,test,77.742237_12.980071,2024-11-01,0.61489564,0.6263101
BiLSTM+Attention,test,77.742237_13.002529,2024-11-01,0.63157916,0.6536175
BiLSTM+Attention,test,77.742237_13.016004,2024-11-01,0.63791585,0.65271693
BiLSTM+Attention,test,77.742237_13.038462,2024-11-01,0.46735185,0.50233406
BiLSTM+Attention,test,77.742237_13.074394,2024-11-01,0.44427216,0.47951582
BiLSTM+Attention,test,77.742237_13.078886,2024-11-01,0.5069929,0.5326762
BiLSTM+Attention,test,77.742237_13.101344,2024-11-01,0.46880016,0.48899278
BiLSTM+Attention,test,77.746728_12.751001,2024-11-01,0.6185657,0.62477714
BiLSTM+Attention,test,77.746728_12.764475,2024-11-01,0.60977936,0.6244963
BiLSTM+Attention,test,77.746728_12.782442,2024-11-01,0.64521,0.65011114
BiLSTM+Attention,test,77.746728_12.97558,2024-11-01,0.63542485,0.6461468
BiLSTM+Attention,test,77.746728_12.984563,2024-11-01,0.6255559,0.6257726
BiLSTM+Attention,test,77.746728_13.016004,2024-11-01,0.650005,0.66954434
BiLSTM+Attention,test,77.746728_13.020495,2024-11-01,0.67847943,0.6938545
BiLSTM+Attention,test,77.746728_13.024987,2024-11-01,0.5879425,0.60204464
BiLSTM+Attention,test,77.746728_13.038462,2024-11-01,0.4958448,0.5225316
BiLSTM+Attention,test,77.746728_13.06092,2024-11-01,0.4541415,0.48086146
BiLSTM+Attention,test,77.746728_13.083377,2024-11-01,0.5062901,0.5292375
BiLSTM+Attention,test,77.746728_13.092361,2024-11-01,0.46402246,0.48229873
BiLSTM+Attention,test,77.75122_12.751001,2024-11-01,0.60828525,0.6191099
BiLSTM+Attention,test,77.75122_12.755492,2024-11-01,0.6523868,0.6642446
BiLSTM+Attention,test,77.75122_12.768967,2024-11-01,0.5734871,0.5869422
BiLSTM+Attention,test,77.75122_12.77795,2024-11-01,0.611782,0.6212121
BiLSTM+Attention,test,77.75122_12.894731,2024-11-01,0.56881905,0.58429056
BiLSTM+Attention,test,77.75122_12.993546,2024-11-01,0.566207,0.5912372
BiLSTM+Attention,test,77.75122_13.020495,2024-11-01,0.61159337,0.63110226
BiLSTM+Attention,test,77.75122_13.03397,2024-11-01,0.5067865,0.5396206
BiLSTM+Attention,test,77.75122_13.038462,2024-11-01,0.4759177,0.50085497
BiLSTM+Attention,test,77.755711_12.706085,2024-11-01,0.6389924,0.65676576
BiLSTM+Attention,test,77.755711_12.764475,2024-11-01,0.80649334,0.8110839
BiLSTM+Attention,test,77.755711_12.77795,2024-11-01,0.59454066,0.6056441
BiLSTM+Attention,test,77.755711_12.822866,2024-11-01,0.5954312,0.6099576
BiLSTM+Attention,test,77.755711_12.831849,2024-11-01,0.5698146,0.58196104
BiLSTM+Attention,test,77.755711_12.858799,2024-11-01,0.6179046,0.6307195
BiLSTM+Attention,test,77.755711_12.885748,2024-11-01,0.60536283,0.62537456
BiLSTM+Attention,test,77.755711_12.899223,2024-11-01,0.5358571,0.5461535
BiLSTM+Attention,test,77.755711_12.903714,2024-11-01,0.5905124,0.61097324
BiLSTM+Attention,test,77.755711_12.926172,2024-11-01,0.6115315,0.6174009
BiLSTM+Attention,test,77.760203_12.751001,2024-11-01,0.604812,0.6106019
BiLSTM+Attention,test,77.760203_12.795916,2024-11-01,0.5859766,0.58958024
BiLSTM+Attention,test,77.760203_12.818374,2024-11-01,0.6720665,0.6897286
BiLSTM+Attention,test,77.760203_12.867782,2024-11-01,0.57636404,0.59701854
BiLSTM+Attention,test,77.760203_12.872273,2024-11-01,0.58863854,0.6090524
BiLSTM+Attention,test,77.760203_12.876765,2024-11-01,0.5597946,0.57446307
BiLSTM+Attention,test,77.760203_12.885748,2024-11-01,0.5759538,0.592702
BiLSTM+Attention,test,77.760203_12.984563,2024-11-01,0.62403816,0.6403152
BiLSTM+Attention,test,77.764695_12.742018,2024-11-01,0.7176199,0.7298326
BiLSTM+Attention,test,77.764695_12.746509,2024-11-01,0.7052154,0.718531
BiLSTM+Attention,test,77.764695_12.813883,2024-11-01,0.6319095,0.6444331
BiLSTM+Attention,test,77.764695_12.849815,2024-11-01,0.6029169,0.6123611
BiLSTM+Attention,test,77.764695_12.885748,2024-11-01,0.6006178,0.62416184
BiLSTM+Attention,test,77.764695_12.912697,2024-11-01,0.60743743,0.61718273
BiLSTM+Attention,test,77.764695_13.03397,2024-11-01,0.4548603,0.487216
BiLSTM+Attention,test,77.769186_12.751001,2024-11-01,0.727903,0.7315601
BiLSTM+Attention,test,77.769186_12.791425,2024-11-01,0.5756386,0.59047425
BiLSTM+Attention,test,77.769186_12.800408,2024-11-01,0.62828404,0.6333199
BiLSTM+Attention,test,77.769186_12.8049,2024-11-01,0.6610787,0.66831917
BiLSTM+Attention,test,77.769186_12.809391,2024-11-01,0.5974023,0.6051964
BiLSTM+Attention,test,77.769186_12.876765,2024-11-01,0.6188663,0.63642853
BiLSTM+Attention,test,77.769186_12.894731,2024-11-01,0.58119184,0.5880511
BiLSTM+Attention,test,77.769186_13.016004,2024-11-01,0.5650245,0.5823688
BiLSTM+Attention,test,77.773678_12.746509,2024-11-01,0.72152394,0.73503196
BiLSTM+Attention,test,77.773678_12.858799,2024-11-01,0.5608197,0.57459986
BiLSTM+Attention,test,77.773678_12.885748,2024-11-01,0.57189107,0.59337914
BiLSTM+Attention,test,77.773678_12.899223,2024-11-01,0.5482375,0.5690731
BiLSTM+Attention,test,77.773678_12.908206,2024-11-01,0.58598065,0.61242247
BiLSTM+Attention,test,77.778169_12.809391,2024-11-01,0.5596901,0.5703552
BiLSTM+Attention,test,77.778169_12.885748,2024-11-01,0.59047854,0.61469495
BiLSTM+Attention,test,77.782661_12.786933,2024-11-01,0.57767385,0.586034
BiLSTM+Attention,test,77.782661_12.791425,2024-11-01,0.6056716,0.61522126
BiLSTM+Attention,test,77.782661_12.89024,2024-11-01,0.5834043,0.61087984
BiLSTM+Attention,test,77.787152_12.786933,2024-11-01,0.5915236,0.59903854
BiLSTM+Attention,test,77.787152_12.849815,2024-11-01,0.5629403,0.5826526
BiLSTM+Attention,test,77.787152_12.867782,2024-11-01,0.5733316,0.5929092
BiLSTM+Attention,test,77.791644_12.8049,2024-11-01,0.5910859,0.59927267
BiLSTM+Attention,test,77.791644_12.899223,2024-11-01,0.57214034,0.5958466
BiLSTM+Attention,test,77.796136_12.854307,2024-11-01,0.5721652,0.5752083
BiLSTM+Attention,test,77.796136_12.885748,2024-11-01,0.63497657,0.64477813
BiLSTM+Attention,test,77.800627_12.876765,2024-11-01,0.6278315,0.64349294
BiLSTM+Attention,test,77.800627_12.885748,2024-11-01,0.5952463,0.60594034
BiLSTM+Attention,test,77.805119_12.876765,2024-11-01,0.6352207,0.6468405
BiLSTM+Attention,test,77.805119_12.89024,2024-11-01,0.6243331,0.63174963
BiLSTM+Attention,test,77.80961_12.858799,2024-11-01,0.6404236,0.645097
BiLSTM+Attention,test,77.80961_12.86329,2024-11-01,0.6188453,0.622625
BiLSTM+Attention,test,77.329012_12.944139,2024-12-01,0.5338288,0.57258314
BiLSTM+Attention,test,77.329012_12.962105,2024-12-01,0.7045215,0.71741813
BiLSTM+Attention,test,77.337995_12.921681,2024-12-01,0.6540975,0.66893065
BiLSTM+Attention,test,77.342486_12.926172,2024-12-01,0.692504,0.6953683
BiLSTM+Attention,test,77.342486_12.935155,2024-12-01,0.7135305,0.748991
BiLSTM+Attention,test,77.342486_12.944139,2024-12-01,0.68195105,0.70617986
BiLSTM+Attention,test,77.346978_12.86329,2024-12-01,0.5792065,0.6203197
BiLSTM+Attention,test,77.346978_12.962105,2024-12-01,0.54129857,0.5578139
BiLSTM+Attention,test,77.351469_12.89024,2024-12-01,0.5539045,0.59276587
BiLSTM+Attention,test,77.351469_12.930664,2024-12-01,0.71741515,0.7644577
BiLSTM+Attention,test,77.351469_12.939647,2024-12-01,0.69804025,0.7319838
BiLSTM+Attention,test,77.355961_12.899223,2024-12-01,0.5687742,0.60919946
BiLSTM+Attention,test,77.355961_12.94863,2024-12-01,0.50901073,0.5422321
BiLSTM+Attention,test,77.355961_12.962105,2024-12-01,0.7146612,0.7328509
BiLSTM+Attention,test,77.360453_12.867782,2024-12-01,0.46735168,0.5038297
BiLSTM+Attention,test,77.360453_12.908206,2024-12-01,0.58923864,0.6254817
BiLSTM+Attention,test,77.360453_12.926172,2024-12-01,0.71344167,0.7384112
BiLSTM+Attention,test,77.364944_12.854307,2024-12-01,0.5090164,0.55031276
BiLSTM+Attention,test,77.364944_12.962105,2024-12-01,0.4979905,0.5284905
BiLSTM+Attention,test,77.369436_12.881256,2024-12-01,0.5099038,0.5564307
BiLSTM+Attention,test,77.369436_12.89024,2024-12-01,0.5076356,0.54991525
BiLSTM+Attention,test,77.369436_12.935155,2024-12-01,0.47115308,0.49524075
BiLSTM+Attention,test,77.369436_12.998037,2024-12-01,0.50768054,0.53910947
BiLSTM+Attention,test,77.369436_13.007021,2024-12-01,0.55264586,0.57688266
BiLSTM+Attention,test,77.373927_12.912697,2024-12-01,0.61154026,0.63224196
BiLSTM+Attention,test,77.373927_12.971088,2024-12-01,0.49144793,0.5194189
BiLSTM+Attention,test,77.373927_13.011512,2024-12-01,0.5037428,0.5439232
BiLSTM+Attention,test,77.373927_13.016004,2024-12-01,0.4880428,0.52942306
BiLSTM+Attention,test,77.378419_12.966596,2024-12-01,0.46683195,0.48664504
BiLSTM+Attention,test,77.382911_12.894731,2024-12-01,0.5510995,0.5807556
BiLSTM+Attention,test,77.382911_12.953122,2024-12-01,0.52657104,0.55300486
BiLSTM+Attention,test,77.382911_12.957613,2024-12-01,0.52119994,0.547248
BiLSTM+Attention,test,77.387402_12.962105,2024-12-01,0.5120429,0.53272104
BiLSTM+Attention,test,77.387402_12.97558,2024-12-01,0.512919,0.53663784
BiLSTM+Attention,test,77.387402_12.980071,2024-12-01,0.51543957,0.5430561
BiLSTM+Attention,test,77.391894_12.867782,2024-12-01,0.5507343,0.5939274
BiLSTM+Attention,test,77.391894_12.881256,2024-12-01,0.5175942,0.5532935
BiLSTM+Attention,test,77.391894_12.885748,2024-12-01,0.54975724,0.58080417
BiLSTM+Attention,test,77.396385_12.894731,2024-12-01,0.55277854,0.5943681
BiLSTM+Attention,test,77.396385_12.908206,2024-12-01,0.51116025,0.5427744
BiLSTM+Attention,test,77.396385_12.944139,2024-12-01,0.5592601,0.5923051
BiLSTM+Attention,test,77.396385_12.971088,2024-12-01,0.4828818,0.5104478
BiLSTM+Attention,test,77.396385_12.97558,2024-12-01,0.45900178,0.49087068
BiLSTM+Attention,test,77.396385_13.029478,2024-12-01,0.39238438,0.42984316
BiLSTM+Attention,test,77.400877_12.957613,2024-12-01,0.52674913,0.556209
BiLSTM+Attention,test,77.400877_12.966596,2024-12-01,0.4797335,0.5065358
BiLSTM+Attention,test,77.400877_13.029478,2024-12-01,0.3800451,0.4133016
BiLSTM+Attention,test,77.405368_12.881256,2024-12-01,0.47840118,0.5134235
BiLSTM+Attention,test,77.405368_12.89024,2024-12-01,0.5012642,0.53361064
BiLSTM+Attention,test,77.405368_12.903714,2024-12-01,0.47450963,0.5119753
BiLSTM+Attention,test,77.405368_12.930664,2024-12-01,0.6006244,0.63192713
BiLSTM+Attention,test,77.405368_12.998037,2024-12-01,0.50045955,0.5340301
BiLSTM+Attention,test,77.405368_13.105835,2024-12-01,0.4251351,0.44842035
BiLSTM+Attention,test,77.405368_13.11931,2024-12-01,0.38749373,0.4123717
BiLSTM+Attention,test,77.40986_12.872273,2024-12-01,0.4438274,0.48001328
BiLSTM+Attention,test,77.40986_12.881256,2024-12-01,0.44586438,0.48606586
BiLSTM+Attention,test,77.40986_12.962105,2024-12-01,0.536034,0.5694648
BiLSTM+Attention,test,77.414352_12.930664,2024-12-01,0.5448242,0.5674072
BiLSTM+Attention,test,77.414352_12.989054,2024-12-01,0.46241784,0.5008965
BiLSTM+Attention,test,77.414352_12.993546,2024-12-01,0.47007352,0.50336426
BiLSTM+Attention,test,77.414352_13.03397,2024-12-01,0.437215,0.47892278
BiLSTM+Attention,test,77.414352_13.096852,2024-12-01,0.40470913,0.43527946
BiLSTM+Attention,test,77.414352_13.11931,2024-12-01,0.40675357,0.42887634
BiLSTM+Attention,test,77.418843_12.876765,2024-12-01,0.46100664,0.48094258
BiLSTM+Attention,test,77.418843_12.89024,2024-12-01,0.4891992,0.513143
BiLSTM+Attention,test,77.418843_12.94863,2024-12-01,0.53802764,0.56038976
BiLSTM+Attention,test,77.418843_12.971088,2024-12-01,0.50080377,0.52994317
BiLSTM+Attention,test,77.418843_12.993546,2024-12-01,0.5021152,0.53641653
BiLSTM+Attention,test,77.418843_13.016004,2024-12-01,0.46852013,0.49965236
BiLSTM+Attention,test,77.418843_13.024987,2024-12-01,0.45965183,0.49056852
BiLSTM+Attention,test,77.418843_13.029478,2024-12-01,0.4591828,0.4858533
BiLSTM+Attention,test,77.418843_13.146259,2024-12-01,0.37187558,0.39440295
BiLSTM+Attention,test,77.423335_12.876765,2024-12-01,0.46278486,0.491088
BiLSTM+Attention,test,77.423335_12.921681,2024-12-01,0.5523932,0.5792551
BiLSTM+Attention,test,77.423335_12.930664,2024-12-01,0.5350776,0.55954325
BiLSTM+Attention,test,77.423335_13.002529,2024-12-01,0.5502018,0.57665086
BiLSTM+Attention,test,77.423335_13.092361,2024-12-01,0.34631914,0.37199154
BiLSTM+Attention,test,77.423335_13.141768,2024-12-01,0.43065593,0.45855868
BiLSTM+Attention,test,77.423335_13.150751,2024-12-01,0.38063103,0.40197462
BiLSTM+Attention,test,77.427826_12.845324,2024-12-01,0.40476874,0.43301034
BiLSTM+Attention,test,77.427826_12.858799,2024-12-01,0.4574854,0.4873606
BiLSTM+Attention,test,77.427826_12.930664,2024-12-01,0.5425632,0.56372577
BiLSTM+Attention,test,77.427826_12.939647,2024-12-01,0.48997355,0.51356727
BiLSTM+Attention,test,77.427826_12.944139,2024-12-01,0.50335646,0.5335494
BiLSTM+Attention,test,77.427826_13.020495,2024-12-01,0.47018766,0.5012874
BiLSTM+Attention,test,77.427826_13.024987,2024-12-01,0.46107647,0.48550612
BiLSTM+Attention,test,77.427826_13.110327,2024-12-01,0.42837092,0.4545607
BiLSTM+Attention,test,77.427826_13.132785,2024-12-01,0.4835953,0.5045741
BiLSTM+Attention,test,77.432318_12.858799,2024-12-01,0.47207835,0.5076695
BiLSTM+Attention,test,77.432318_12.86329,2024-12-01,0.47819996,0.5111475
BiLSTM+Attention,test,77.432318_12.867782,2024-12-01,0.46985778,0.49898678
BiLSTM+Attention,test,77.432318_12.881256,2024-12-01,0.5125866,0.5409943
BiLSTM+Attention,test,77.432318_12.885748,2024-12-01,0.6026709,0.62146777
BiLSTM+Attention,test,77.432318_12.957613,2024-12-01,0.4898839,0.5176388
BiLSTM+Attention,test,77.432318_12.998037,2024-12-01,0.4209742,0.45663005
BiLSTM+Attention,test,77.432318_13.087869,2024-12-01,0.43113792,0.45580056
BiLSTM+Attention,test,77.432318_13.092361,2024-12-01,0.38751265,0.41452354
BiLSTM+Attention,test,77.436809_12.818374,2024-12-01,0.60243195,0.6273284
BiLSTM+Attention,test,77.436809_12.840832,2024-12-01,0.51949906,0.55081993
BiLSTM+Attention,test,77.436809_12.854307,2024-12-01,0.4856951,0.51838726
BiLSTM+Attention,test,77.436809_12.912697,2024-12-01,0.6115322,0.6282418
BiLSTM+Attention,test,77.436809_12.926172,2024-12-01,0.54446113,0.5679418
BiLSTM+Attention,test,77.436809_12.944139,2024-12-01,0.5106473,0.54297996
BiLSTM+Attention,test,77.436809_13.03397,2024-12-01,0.44413292,0.47294664
BiLSTM+Attention,test,77.441301_12.818374,2024-12-01,0.61092013,0.637553
BiLSTM+Attention,test,77.441301_12.831849,2024-12-01,0.50426424,0.53577816
BiLSTM+Attention,test,77.441301_12.836341,2024-12-01,0.5331729,0.56115204
BiLSTM+Attention,test,77.441301_12.840832,2024-12-01,0.5064886,0.533658
BiLSTM+Attention,test,77.441301_12.944139,2024-12-01,0.54800767,0.5714975
BiLSTM+Attention,test,77.441301_12.94863,2024-12-01,0.50201505,0.53040326
BiLSTM+Attention,test,77.441301_13.056428,2024-12-01,0.4332946,0.45833942
BiLSTM+Attention,test,77.441301_13.069903,2024-12-01,0.45004895,0.47207892
BiLSTM+Attention,test,77.441301_13.083377,2024-12-01,0.43685225,0.46505147
BiLSTM+Attention,test,77.441301_13.110327,2024-12-01,0.42376363,0.43308303
BiLSTM+Attention,test,77.445793_12.840832,2024-12-01,0.57914835,0.6105504
BiLSTM+Attention,test,77.445793_12.86329,2024-12-01,0.59460294,0.6297692
BiLSTM+Attention,test,77.445793_12.867782,2024-12-01,0.5738266,0.6087039
BiLSTM+Attention,test,77.445793_12.912697,2024-12-01,0.51744694,0.54217875
BiLSTM+Attention,test,77.445793_12.957613,2024-12-01,0.490522,0.51861954
BiLSTM+Attention,test,77.445793_12.984563,2024-12-01,0.5085057,0.52795666
BiLSTM+Attention,test,77.450284_12.809391,2024-12-01,0.5638667,0.59147483
BiLSTM+Attention,test,77.450284_12.872273,2024-12-01,0.57332504,0.60913116
BiLSTM+Attention,test,77.450284_12.89024,2024-12-01,0.5739089,0.6006582
BiLSTM+Attention,test,77.450284_12.971088,2024-12-01,0.4780046,0.5122894
BiLSTM+Attention,test,77.450284_12.993546,2024-12-01,0.38980108,0.4195565
BiLSTM+Attention,test,77.450284_13.029478,2024-12-01,0.43155888,0.45657825
BiLSTM+Attention,test,77.450284_13.047445,2024-12-01,0.44410247,0.47702628
BiLSTM+Attention,test,77.450284_13.146259,2024-12-01,0.49838737,0.5242085
BiLSTM+Attention,test,77.454776_12.809391,2024-12-01,0.5288239,0.558805
BiLSTM+Attention,test,77.454776_12.885748,2024-12-01,0.5552352,0.59299827
BiLSTM+Attention,test,77.454776_12.980071,2024-12-01,0.4300111,0.4647198
BiLSTM+Attention,test,77.454776_12.993546,2024-12-01,0.41567212,0.43951982
BiLSTM+Attention,test,77.454776_13.078886,2024-12-01,0.4428872,0.46526462
BiLSTM+Attention,test,77.454776_13.087869,2024-12-01,0.40659356,0.43178844
BiLSTM+Attention,test,77.454776_13.114818,2024-12-01,0.48494142,0.51903665
BiLSTM+Attention,test,77.454776_13.141768,2024-12-01,0.5017717,0.53207296
BiLSTM+Attention,test,77.459267_12.8049,2024-12-01,0.59778684,0.62980646
BiLSTM+Attention,test,77.459267_12.822866,2024-12-01,0.5632321,0.5962531
BiLSTM+Attention,test,77.459267_12.845324,2024-12-01,0.5670756,0.6007377
BiLSTM+Attention,test,77.459267_12.872273,2024-12-01,0.54464245,0.58913434
BiLSTM+Attention,test,77.459267_12.903714,2024-12-01,0.4980134,0.54317975
BiLSTM+Attention,test,77.459267_12.926172,2024-12-01,0.5387133,0.56477386
BiLSTM+Attention,test,77.459267_12.97558,2024-12-01,0.44474137,0.47940373
BiLSTM+Attention,test,77.459267_13.016004,2024-12-01,0.40694508,0.42921627
BiLSTM+Attention,test,77.459267_13.020495,2024-12-01,0.40050122,0.4250177
BiLSTM+Attention,test,77.459267_13.11931,2024-12-01,0.48180255,0.5104457
BiLSTM+Attention,test,77.463759_12.813883,2024-12-01,0.50905204,0.5496196
BiLSTM+Attention,test,77.463759_12.836341,2024-12-01,0.5640714,0.59528065
BiLSTM+Attention,test,77.463759_12.86329,2024-12-01,0.58096737,0.6238924
BiLSTM+Attention,test,77.463759_12.867782,2024-12-01,0.562942,0.60430056
BiLSTM+Attention,test,77.463759_12.872273,2024-12-01,0.53872293,0.58125454
BiLSTM+Attention,test,77.463759_12.881256,2024-12-01,0.5906221,0.6274131
BiLSTM+Attention,test,77.463759_12.885748,2024-12-01,0.5941854,0.6299248
BiLSTM+Attention,test,77.463759_12.894731,2024-12-01,0.5337938,0.58121705
BiLSTM+Attention,test,77.463759_12.899223,2024-12-01,0.53640103,0.5805372
BiLSTM+Attention,test,77.463759_12.917189,2024-12-01,0.4870964,0.52188474
BiLSTM+Attention,test,77.463759_12.953122,2024-12-01,0.7416956,0.7866053
BiLSTM+Attention,test,77.463759_13.03397,2024-12-01,0.39941135,0.41801983
BiLSTM+Attention,test,77.463759_13.078886,2024-12-01,0.5113558,0.5242595
BiLSTM+Attention,test,77.46825_12.827358,2024-12-01,0.4766574,0.51167524
BiLSTM+Attention,test,77.46825_12.836341,2024-12-01,0.5714606,0.602175
BiLSTM+Attention,test,77.46825_12.894731,2024-12-01,0.51393574,0.56069237
BiLSTM+Attention,test,77.46825_12.94863,2024-12-01,0.58134174,0.6105567
BiLSTM+Attention,test,77.46825_12.953122,2024-12-01,0.5167548,0.5445052
BiLSTM+Attention,test,77.46825_12.966596,2024-12-01,0.49482417,0.52914137
BiLSTM+Attention,test,77.46825_13.007021,2024-12-01,0.41540098,0.43474334
BiLSTM+Attention,test,77.46825_13.020495,2024-12-01,0.4846317,0.50574553
BiLSTM+Attention,test,77.46825_13.114818,2024-12-01,0.5258861,0.5619434
BiLSTM+Attention,test,77.46825_13.150751,2024-12-01,0.43652952,0.46403277
BiLSTM+Attention,test,77.46825_13.1777,2024-12-01,0.5269889,0.56106263
BiLSTM+Attention,test,77.472742_12.746509,2024-12-01,0.6354461,0.6643663
BiLSTM+Attention,test,77.472742_12.751001,2024-12-01,0.5892552,0.6097905
BiLSTM+Attention,test,77.472742_12.755492,2024-12-01,0.6062678,0.63711923
BiLSTM+Attention,test,77.472742_12.795916,2024-12-01,0.5428251,0.57204753
BiLSTM+Attention,test,77.472742_12.836341,2024-12-01,0.56151956,0.58966637
BiLSTM+Attention,test,77.472742_12.984563,2024-12-01,0.4567318,0.47604492
BiLSTM+Attention,test,77.472742_13.087869,2024-12-01,0.46554044,0.4931409
BiLSTM+Attention,test,77.477234_12.764475,2024-12-01,0.6006229,0.6346592
BiLSTM+Attention,test,77.477234_12.782442,2024-12-01,0.53644043,0.56659013
BiLSTM+Attention,test,77.477234_12.840832,2024-12-01,0.5632707,0.5968623
BiLSTM+Attention,test,77.477234_12.899223,2024-12-01,0.4742291,0.5155569
BiLSTM+Attention,test,77.477234_12.935155,2024-12-01,0.6078458,0.6323152
BiLSTM+Attention,test,77.477234_12.944139,2024-12-01,0.53792894,0.56659204
BiLSTM+Attention,test,77.477234_12.94863,2024-12-01,0.5487711,0.57089734
BiLSTM+Attention,test,77.477234_12.971088,2024-12-01,0.507493,0.5428834
BiLSTM+Attention,test,77.477234_13.002529,2024-12-01,0.4109619,0.44021213
BiLSTM+Attention,test,77.477234_13.056428,2024-12-01,0.46727705,0.48931453
BiLSTM+Attention,test,77.481725_12.737526,2024-12-01,0.6120445,0.64214
BiLSTM+Attention,test,77.481725_12.768967,2024-12-01,0.595562,0.62335867
BiLSTM+Attention,test,77.481725_12.831849,2024-12-01,0.5052614,0.5386261
BiLSTM+Attention,test,77.481725_12.89024,2024-12-01,0.55349785,0.599246
BiLSTM+Attention,test,77.481725_12.894731,2024-12-01,0.5206701,0.5585682
BiLSTM+Attention,test,77.481725_12.944139,2024-12-01,0.5507132,0.57994854
BiLSTM+Attention,test,77.481725_12.971088,2024-12-01,0.43228662,0.463264
BiLSTM+Attention,test,77.481725_12.980071,2024-12-01,0.48553193,0.5016379
BiLSTM+Attention,test,77.481725_13.024987,2024-12-01,0.46601635,0.4803617
BiLSTM+Attention,test,77.481725_13.03397,2024-12-01,0.4430889,0.4672089
BiLSTM+Attention,test,77.481725_13.096852,2024-12-01,0.5488728,0.579531
BiLSTM+Attention,test,77.481725_13.137276,2024-12-01,0.6252865,0.6462995
BiLSTM+Attention,test,77.486217_12.764475,2024-12-01,0.5904644,0.6173479
BiLSTM+Attention,test,77.486217_12.872273,2024-12-01,0.5101407,0.5527251
BiLSTM+Attention,test,77.486217_12.939647,2024-12-01,0.56618327,0.5987777
BiLSTM+Attention,test,77.486217_12.998037,2024-12-01,0.45839027,0.47520545
BiLSTM+Attention,test,77.486217_13.042953,2024-12-01,0.5136816,0.52485734
BiLSTM+Attention,test,77.486217_13.06092,2024-12-01,0.53191674,0.54859334
BiLSTM+Attention,test,77.486217_13.114818,2024-12-01,0.4663505,0.4915914
BiLSTM+Attention,test,77.486217_13.11931,2024-12-01,0.48362538,0.50679964
BiLSTM+Attention,test,77.490708_12.768967,2024-12-01,0.58221877,0.6141195
BiLSTM+Attention,test,77.490708_12.8049,2024-12-01,0.56027764,0.6021857
BiLSTM+Attention,test,77.490708_12.849815,2024-12-01,0.5805215,0.6015095
BiLSTM+Attention,test,77.490708_12.89024,2024-12-01,0.512545,0.55534464
BiLSTM+Attention,test,77.490708_13.051936,2024-12-01,0.5803308,0.59595144
BiLSTM+Attention,test,77.490708_13.087869,2024-12-01,0.52137196,0.5496984
BiLSTM+Attention,test,77.490708_13.092361,2024-12-01,0.51685005,0.5455696
BiLSTM+Attention,test,77.490708_13.096852,2024-12-01,0.54692376,0.5747454
BiLSTM+Attention,test,77.490708_13.182192,2024-12-01,0.5654782,0.59329414
BiLSTM+Attention,test,77.490708_13.209142,2024-12-01,0.52276963,0.54995054
BiLSTM+Attention,test,77.4952_12.786933,2024-12-01,0.54252446,0.58272517
BiLSTM+Attention,test,77.4952_12.836341,2024-12-01,0.5369439,0.5675415
BiLSTM+Attention,test,77.4952_12.899223,2024-12-01,0.55978763,0.59737444
BiLSTM+Attention,test,77.4952_12.962105,2024-12-01,0.5503137,0.57452464
BiLSTM+Attention,test,77.4952_13.020495,2024-12-01,0.5084465,0.51988024
BiLSTM+Attention,test,77.4952_13.024987,2024-12-01,0.4980708,0.5018009
BiLSTM+Attention,test,77.4952_13.03397,2024-12-01,0.5512947,0.5684498
BiLSTM+Attention,test,77.4952_13.087869,2024-12-01,0.49563515,0.5144324
BiLSTM+Attention,test,77.4952_13.092361,2024-12-01,0.5220839,0.5471886
BiLSTM+Attention,test,77.4952_13.182192,2024-12-01,0.5650332,0.5875066
BiLSTM+Attention,test,77.499692_12.755492,2024-12-01,0.6481003,0.68471867
BiLSTM+Attention,test,77.499692_12.858799,2024-12-01,0.62801254,0.664173
BiLSTM+Attention,test,77.499692_12.899223,2024-12-01,0.54178244,0.57570624
BiLSTM+Attention,test,77.499692_12.984563,2024-12-01,0.50054544,0.51668763
BiLSTM+Attention,test,77.499692_13.114818,2024-12-01,0.48551384,0.5066716
BiLSTM+Attention,test,77.499692_13.137276,2024-12-01,0.4784315,0.49298108
BiLSTM+Attention,test,77.499692_13.168717,2024-12-01,0.61387813,0.6029103
BiLSTM+Attention,test,77.504183_12.764475,2024-12-01,0.6531389,0.69446033
BiLSTM+Attention,test,77.504183_12.786933,2024-12-01,0.61057127,0.6555896
BiLSTM+Attention,test,77.504183_12.818374,2024-12-01,0.5776135,0.6147064
BiLSTM+Attention,test,77.504183_12.854307,2024-12-01,0.56995016,0.6124866
BiLSTM+Attention,test,77.504183_12.858799,2024-12-01,0.6267763,0.6667416
BiLSTM+Attention,test,77.504183_12.953122,2024-12-01,0.5285032,0.55703235
BiLSTM+Attention,test,77.504183_13.083377,2024-12-01,0.55382717,0.58265
BiLSTM+Attention,test,77.504183_13.141768,2024-12-01,0.555599,0.58208334
BiLSTM+Attention,test,77.504183_13.159734,2024-12-01,0.64453375,0.65180266
BiLSTM+Attention,test,77.504183_13.195667,2024-12-01,0.49769187,0.52979904
BiLSTM+Attention,test,77.508675_12.751001,2024-12-01,0.6529835,0.6904113
BiLSTM+Attention,test,77.508675_12.795916,2024-12-01,0.6379455,0.68297786
BiLSTM+Attention,test,77.508675_12.831849,2024-12-01,0.5779765,0.61404496
BiLSTM+Attention,test,77.508675_12.836341,2024-12-01,0.6031722,0.637143
BiLSTM+Attention,test,77.508675_12.845324,2024-12-01,0.56767327,0.59381855
BiLSTM+Attention,test,77.508675_12.903714,2024-12-01,0.49481362,0.5206838
BiLSTM+Attention,test,77.508675_12.912697,2024-12-01,0.5337662,0.56716686
BiLSTM+Attention,test,77.508675_12.917189,2024-12-01,0.5988595,0.6326216
BiLSTM+Attention,test,77.508675_13.114818,2024-12-01,0.44672763,0.45754623
BiLSTM+Attention,test,77.508675_13.137276,2024-12-01,0.50492316,0.53740805
BiLSTM+Attention,test,77.508675_13.159734,2024-12-01,0.63005143,0.63882405
BiLSTM+Attention,test,77.508675_13.191175,2024-12-01,0.5219525,0.5365202
BiLSTM+Attention,test,77.513166_12.746509,2024-12-01,0.75395,0.8206696
BiLSTM+Attention,test,77.513166_12.764475,2024-12-01,0.6202084,0.64762837
BiLSTM+Attention,test,77.513166_12.77795,2024-12-01,0.71330327,0.7402947
BiLSTM+Attention,test,77.513166_12.822866,2024-12-01,0.6553641,0.6918487
BiLSTM+Attention,test,77.513166_12.908206,2024-12-01,0.50147164,0.52766985
BiLSTM+Attention,test,77.513166_13.087869,2024-12-01,0.55775297,0.5692941
BiLSTM+Attention,test,77.513166_13.096852,2024-12-01,0.6216187,0.6417295
BiLSTM+Attention,test,77.513166_13.137276,2024-12-01,0.47013715,0.4921202
BiLSTM+Attention,test,77.513166_13.1777,2024-12-01,0.5483301,0.5673719
BiLSTM+Attention,test,77.517658_12.764475,2024-12-01,0.66609114,0.6943768
BiLSTM+Attention,test,77.517658_12.77795,2024-12-01,0.6886727,0.7217294
BiLSTM+Attention,test,77.517658_12.782442,2024-12-01,0.68750894,0.7202519
BiLSTM+Attention,test,77.517658_12.795916,2024-12-01,0.64989024,0.6850486
BiLSTM+Attention,test,77.517658_12.827358,2024-12-01,0.5826688,0.6085303
BiLSTM+Attention,test,77.517658_12.849815,2024-12-01,0.5775787,0.60200846
BiLSTM+Attention,test,77.517658_12.885748,2024-12-01,0.57341343,0.60719556
BiLSTM+Attention,test,77.517658_12.89024,2024-12-01,0.56493133,0.59764177
BiLSTM+Attention,test,77.517658_12.899223,2024-12-01,0.55764556,0.59404933
BiLSTM+Attention,test,77.517658_12.998037,2024-12-01,0.5720559,0.59693545
BiLSTM+Attention,test,77.517658_13.11931,2024-12-01,0.41461283,0.43196106
BiLSTM+Attention,test,77.517658_13.182192,2024-12-01,0.5517775,0.57022846
BiLSTM+Attention,test,77.517658_13.186684,2024-12-01,0.5606527,0.57721865
BiLSTM+Attention,test,77.517658_13.191175,2024-12-01,0.5042942,0.52408606
BiLSTM+Attention,test,77.522149_12.751001,2024-12-01,0.69854766,0.7507405
BiLSTM+Attention,test,77.522149_12.755492,2024-12-01,0.6745955,0.7139503
BiLSTM+Attention,test,77.522149_12.759984,2024-12-01,0.7074369,0.73665816
BiLSTM+Attention,test,77.522149_12.782442,2024-12-01,0.7017702,0.734124
BiLSTM+Attention,test,77.522149_12.809391,2024-12-01,0.76459044,0.79521465
BiLSTM+Attention,test,77.522149_12.813883,2024-12-01,0.5793503,0.61563975
BiLSTM+Attention,test,77.522149_12.818374,2024-12-01,0.5613673,0.5893771
BiLSTM+Attention,test,77.522149_12.836341,2024-12-01,0.5726595,0.5991302
BiLSTM+Attention,test,77.522149_12.845324,2024-12-01,0.5885612,0.6221951
BiLSTM+Attention,test,77.522149_13.056428,2024-12-01,0.58380944,0.5959717
BiLSTM+Attention,test,77.522149_13.078886,2024-12-01,0.5584009,0.5763142
BiLSTM+Attention,test,77.522149_13.146259,2024-12-01,0.43389505,0.44911498
BiLSTM+Attention,test,77.522149_13.200158,2024-12-01,0.5421638,0.5658969
BiLSTM+Attention,test,77.526641_12.751001,2024-12-01,0.7105471,0.7458435
BiLSTM+Attention,test,77.526641_12.840832,2024-12-01,0.6429432,0.6664592
BiLSTM+Attention,test,77.526641_12.89024,2024-12-01,0.6093332,0.6486874
BiLSTM+Attention,test,77.526641_12.899223,2024-12-01,0.58097464,0.624479
BiLSTM+Attention,test,77.526641_13.078886,2024-12-01,0.57226783,0.5829904
BiLSTM+Attention,test,77.526641_13.105835,2024-12-01,0.4263325,0.4500156
BiLSTM+Attention,test,77.526641_13.110327,2024-12-01,0.42226288,0.42715716
BiLSTM+Attention,test,77.531133_12.791425,2024-12-01,0.60495746,0.63884634
BiLSTM+Attention,test,77.531133_12.795916,2024-12-01,0.6443891,0.6791457
BiLSTM+Attention,test,77.531133_12.800408,2024-12-01,0.62009156,0.6523502
BiLSTM+Attention,test,77.531133_12.822866,2024-12-01,0.59016997,0.6189785
BiLSTM+Attention,test,77.531133_12.827358,2024-12-01,0.60298556,0.62828535
BiLSTM+Attention,test,77.531133_12.894731,2024-12-01,0.53325874,0.55965817
BiLSTM+Attention,test,77.531133_13.083377,2024-12-01,0.54085785,0.559035
BiLSTM+Attention,test,77.531133_13.114818,2024-12-01,0.43396494,0.4552666
BiLSTM+Attention,test,77.531133_13.195667,2024-12-01,0.55529916,0.57263076
BiLSTM+Attention,test,77.535624_12.77795,2024-12-01,0.748442,0.8053849
BiLSTM+Attention,test,77.535624_12.822866,2024-12-01,0.69314235,0.7156073
BiLSTM+Attention,test,77.535624_12.872273,2024-12-01,0.49812242,0.5011994
BiLSTM+Attention,test,77.535624_12.899223,2024-12-01,0.514222,0.5356495
BiLSTM+Attention,test,77.535624_13.069903,2024-12-01,0.6446417,0.6613348
BiLSTM+Attention,test,77.535624_13.083377,2024-12-01,0.5334687,0.56209874
BiLSTM+Attention,test,77.535624_13.096852,2024-12-01,0.47433138,0.49193963
BiLSTM+Attention,test,77.535624_13.114818,2024-12-01,0.45965368,0.48794717
BiLSTM+Attention,test,77.535624_13.132785,2024-12-01,0.48489958,0.5119063
BiLSTM+Attention,test,77.535624_13.137276,2024-12-01,0.4271607,0.4413734
BiLSTM+Attention,test,77.535624_13.195667,2024-12-01,0.49738863,0.49908948
BiLSTM+Attention,test,77.540116_12.77795,2024-12-01,0.6480991,0.686132
BiLSTM+Attention,test,77.540116_12.795916,2024-12-01,0.66443294,0.70437
BiLSTM+Attention,test,77.540116_13.042953,2024-12-01,0.57367486,0.5895841
BiLSTM+Attention,test,77.540116_13.074394,2024-12-01,0.59187615,0.60489094
BiLSTM+Attention,test,77.540116_13.092361,2024-12-01,0.43232647,0.44850686
BiLSTM+Attention,test,77.540116_13.101344,2024-12-01,0.46222767,0.48315805
BiLSTM+Attention,test,77.540116_13.105835,2024-12-01,0.47084814,0.5002749
BiLSTM+Attention,test,77.540116_13.114818,2024-12-01,0.43173835,0.46113205
BiLSTM+Attention,test,77.540116_13.132785,2024-12-01,0.47012126,0.49648318
BiLSTM+Attention,test,77.540116_13.155243,2024-12-01,0.49636605,0.51826704
BiLSTM+Attention,test,77.540116_13.182192,2024-12-01,0.46267113,0.49493712
BiLSTM+Attention,test,77.544607_12.831849,2024-12-01,0.75086063,0.7602422
BiLSTM+Attention,test,77.544607_13.218125,2024-12-01,0.5477352,0.57887024
BiLSTM+Attention,test,77.549099_12.822866,2024-12-01,0.77105814,0.7771925
BiLSTM+Attention,test,77.549099_12.831849,2024-12-01,0.68405354,0.693771
BiLSTM+Attention,test,77.549099_12.836341,2024-12-01,0.656269,0.66410816
BiLSTM+Attention,test,77.549099_12.845324,2024-12-01,0.63886714,0.6493166
BiLSTM+Attention,test,77.549099_12.867782,2024-12-01,0.56334054,0.57258886
BiLSTM+Attention,test,77.549099_12.876765,2024-12-01,0.52929294,0.5424807
BiLSTM+Attention,test,77.549099_12.894731,2024-12-01,0.6092096,0.63653916
BiLSTM+Attention,test,77.549099_13.096852,2024-12-01,0.4991263,0.5097448
BiLSTM+Attention,test,77.549099_13.132785,2024-12-01,0.6014475,0.63152814
BiLSTM+Attention,test,77.55359_12.71956,2024-12-01,0.78703696,0.8007782
BiLSTM+Attention,test,77.55359_12.782442,2024-12-01,0.7194209,0.7419866
BiLSTM+Attention,test,77.55359_12.849815,2024-12-01,0.6332146,0.6520821
BiLSTM+Attention,test,77.55359_12.872273,2024-12-01,0.5204448,0.5382897
BiLSTM+Attention,test,77.55359_13.069903,2024-12-01,0.7101028,0.7179535
BiLSTM+Attention,test,77.55359_13.101344,2024-12-01,0.45474327,0.4782458
BiLSTM+Attention,test,77.55359_13.110327,2024-12-01,0.5086367,0.53466314
BiLSTM+Attention,test,77.55359_13.128293,2024-12-01,0.5803322,0.61110514
BiLSTM+Attention,test,77.55359_13.168717,2024-12-01,0.50745493,0.53011256
BiLSTM+Attention,test,77.55359_13.173209,2024-12-01,0.43068054,0.45572472
BiLSTM+Attention,test,77.558082_12.710577,2024-12-01,0.81502485,0.818203
BiLSTM+Attention,test,77.558082_12.827358,2024-12-01,0.701621,0.7256007
BiLSTM+Attention,test,77.558082_12.845324,2024-12-01,0.6801572,0.6981527
BiLSTM+Attention,test,77.558082_13.042953,2024-12-01,0.65132374,0.6755401
BiLSTM+Attention,test,77.558082_13.051936,2024-12-01,0.6815331,0.68564034
BiLSTM+Attention,test,77.558082_13.110327,2024-12-01,0.51683813,0.5474619
BiLSTM+Attention,test,77.558082_13.168717,2024-12-01,0.5211438,0.5353367
BiLSTM+Attention,test,77.558082_13.1777,2024-12-01,0.50278544,0.5274085
BiLSTM+Attention,test,77.562574_12.71956,2024-12-01,0.7892859,0.8087611
BiLSTM+Attention,test,77.562574_12.827358,2024-12-01,0.7090102,0.72717464
BiLSTM+Attention,test,77.562574_12.858799,2024-12-01,0.5298053,0.551476
BiLSTM+Attention,test,77.562574_12.872273,2024-12-01,0.6120898,0.6306997
BiLSTM+Attention,test,77.562574_12.876765,2024-12-01,0.6349177,0.66114986
BiLSTM+Attention,test,77.562574_13.141768,2024-12-01,0.4952036,0.5216324
BiLSTM+Attention,test,77.562574_13.159734,2024-12-01,0.5236476,0.5494159
BiLSTM+Attention,test,77.562574_13.173209,2024-12-01,0.53030723,0.5469817
BiLSTM+Attention,test,77.567065_12.724051,2024-12-01,0.73649323,0.7558999
BiLSTM+Attention,test,77.567065_12.813883,2024-12-01,0.6959219,0.7084131
BiLSTM+Attention,test,77.567065_12.849815,2024-12-01,0.67613566,0.6922687
BiLSTM+Attention,test,77.567065_13.105835,2024-12-01,0.5794066,0.6054758
BiLSTM+Attention,test,77.567065_13.114818,2024-12-01,0.6248555,0.653121
BiLSTM+Attention,test,77.567065_13.182192,2024-12-01,0.52685386,0.54607683
BiLSTM+Attention,test,77.571557_12.71956,2024-12-01,0.77221274,0.78694874
BiLSTM+Attention,test,77.571557_12.800408,2024-12-01,0.6938386,0.7103026
BiLSTM+Attention,test,77.571557_12.813883,2024-12-01,0.76497406,0.7605032
BiLSTM+Attention,test,77.571557_12.849815,2024-12-01,0.6799268,0.69149977
BiLSTM+Attention,test,77.571557_13.141768,2024-12-01,0.49936977,0.52301896
BiLSTM+Attention,test,77.571557_13.146259,2024-12-01,0.5027446,0.5300025
BiLSTM+Attention,test,77.576048_12.71956,2024-12-01,0.73842585,0.75358075
BiLSTM+Attention,test,77.576048_12.728543,2024-12-01,0.73466396,0.75196725
BiLSTM+Attention,test,77.576048_12.742018,2024-12-01,0.73193014,0.74359393
BiLSTM+Attention,test,77.576048_12.813883,2024-12-01,0.7845549,0.7760247
BiLSTM+Attention,test,77.576048_12.827358,2024-12-01,0.6656643,0.6836631
BiLSTM+Attention,test,77.58054_12.800408,2024-12-01,0.7330385,0.7475668
BiLSTM+Attention,test,77.58054_12.845324,2024-12-01,0.68228686,0.6894792
BiLSTM+Attention,test,77.58054_13.083377,2024-12-01,0.54400533,0.56838286
BiLSTM+Attention,test,77.58054_13.087869,2024-12-01,0.51800126,0.5392769
BiLSTM+Attention,test,77.585031_12.849815,2024-12-01,0.6797307,0.6861166
BiLSTM+Attention,test,77.585031_13.042953,2024-12-01,0.67977977,0.6975553
BiLSTM+Attention,test,77.585031_13.137276,2024-12-01,0.50641954,0.5325431
BiLSTM+Attention,test,77.589523_12.71956,2024-12-01,0.84529865,0.8457332
BiLSTM+Attention,test,77.589523_12.746509,2024-12-01,0.73299605,0.75380135
BiLSTM+Attention,test,77.589523_12.854307,2024-12-01,0.6274183,0.64365065
BiLSTM+Attention,test,77.589523_12.971088,2024-12-01,0.7406434,0.745692
BiLSTM+Attention,test,77.589523_13.083377,2024-12-01,0.6278059,0.64906895
BiLSTM+Attention,test,77.589523_13.150751,2024-12-01,0.51189786,0.5363741
BiLSTM+Attention,test,77.594015_12.724051,2024-12-01,0.82261014,0.8349657
BiLSTM+Attention,test,77.594015_12.733034,2024-12-01,0.79332167,0.8126115
BiLSTM+Attention,test,77.594015_12.755492,2024-12-01,0.6952602,0.712586
BiLSTM+Attention,test,77.594015_12.831849,2024-12-01,0.6422202,0.6546725
BiLSTM+Attention,test,77.594015_12.836341,2024-12-01,0.6618701,0.6685284
BiLSTM+Attention,test,77.594015_12.840832,2024-12-01,0.6623945,0.6700909
BiLSTM+Attention,test,77.594015_12.849815,2024-12-01,0.653234,0.6700852
BiLSTM+Attention,test,77.594015_12.998037,2024-12-01,0.7345054,0.7441673
BiLSTM+Attention,test,77.594015_13.087869,2024-12-01,0.6124796,0.6349846
BiLSTM+Attention,test,77.598506_12.665661,2024-12-01,0.8248698,0.8165817
BiLSTM+Attention,test,77.598506_12.710577,2024-12-01,0.7529689,0.76873577
BiLSTM+Attention,test,77.598506_12.822866,2024-12-01,0.66704863,0.68348265
BiLSTM+Attention,test,77.598506_12.849815,2024-12-01,0.69320196,0.7106119
BiLSTM+Attention,test,77.598506_13.083377,2024-12-01,0.6054947,0.62674
BiLSTM+Attention,test,77.598506_13.128293,2024-12-01,0.56786627,0.59466827
BiLSTM+Attention,test,77.598506_13.141768,2024-12-01,0.48164606,0.5075661
BiLSTM+Attention,test,77.598506_13.146259,2024-12-01,0.4616099,0.4887501
BiLSTM+Attention,test,77.602998_12.710577,2024-12-01,0.78984904,0.8003616
BiLSTM+Attention,test,77.602998_12.827358,2024-12-01,0.582819,0.59689236
BiLSTM+Attention,test,77.602998_12.849815,2024-12-01,0.5930244,0.6012647
BiLSTM+Attention,test,77.602998_12.858799,2024-12-01,0.6018077,0.6071306
BiLSTM+Attention,test,77.602998_13.114818,2024-12-01,0.59546584,0.623896
BiLSTM+Attention,test,77.602998_13.11931,2024-12-01,0.58921117,0.611799
BiLSTM+Attention,test,77.602998_13.128293,2024-12-01,0.5361074,0.558559
BiLSTM+Attention,test,77.602998_13.164226,2024-12-01,0.495764,0.51075196
BiLSTM+Attention,test,77.607489_12.768967,2024-12-01,0.66275257,0.67688024
BiLSTM+Attention,test,77.607489_12.773459,2024-12-01,0.63628286,0.65070236
BiLSTM+Attention,test,77.607489_12.791425,2024-12-01,0.62434053,0.63284713
BiLSTM+Attention,test,77.607489_12.809391,2024-12-01,0.7108813,0.71649873
BiLSTM+Attention,test,77.607489_12.818374,2024-12-01,0.735389,0.7425773
BiLSTM+Attention,test,77.607489_13.087869,2024-12-01,0.7035516,0.7306281
BiLSTM+Attention,test,77.611981_12.674644,2024-12-01,0.82439935,0.82322687
BiLSTM+Attention,test,77.611981_12.768967,2024-12-01,0.6190655,0.6299814
BiLSTM+Attention,test,77.611981_12.831849,2024-12-01,0.6232818,0.637018
BiLSTM+Attention,test,77.611981_12.867782,2024-12-01,0.5779341,0.58197486
BiLSTM+Attention,test,77.611981_12.953122,2024-12-01,0.7458683,0.7563666
BiLSTM+Attention,test,77.611981_13.105835,2024-12-01,0.5693175,0.5853532
BiLSTM+Attention,test,77.611981_13.168717,2024-12-01,0.47375652,0.4919579
BiLSTM+Attention,test,77.611981_13.182192,2024-12-01,0.44674754,0.46237648
BiLSTM+Attention,test,77.616473_12.831849,2024-12-01,0.6645581,0.6721188
BiLSTM+Attention,test,77.616473_12.858799,2024-12-01,0.58901227,0.59312856
BiLSTM+Attention,test,77.616473_13.114818,2024-12-01,0.5958593,0.61442375
BiLSTM+Attention,test,77.616473_13.141768,2024-12-01,0.5218003,0.5249779
BiLSTM+Attention,test,77.616473_13.1777,2024-12-01,0.43968064,0.45236698
BiLSTM+Attention,test,77.620964_12.674644,2024-12-01,0.83140147,0.83327854
BiLSTM+Attention,test,77.620964_12.795916,2024-12-01,0.57298887,0.5773017
BiLSTM+Attention,test,77.620964_12.813883,2024-12-01,0.56425786,0.57078886
BiLSTM+Attention,test,77.620964_12.845324,2024-12-01,0.7003149,0.6999856
BiLSTM+Attention,test,77.620964_12.858799,2024-12-01,0.5702471,0.5766011
BiLSTM+Attention,test,77.620964_13.132785,2024-12-01,0.57336915,0.57651067
BiLSTM+Attention,test,77.625456_12.782442,2024-12-01,0.6020838,0.61347544
BiLSTM+Attention,test,77.625456_12.858799,2024-12-01,0.5357403,0.5467913
BiLSTM+Attention,test,77.625456_13.065411,2024-12-01,0.4702012,0.48779574
BiLSTM+Attention,test,77.625456_13.128293,2024-12-01,0.5771032,0.58715796
BiLSTM+Attention,test,77.625456_13.137276,2024-12-01,0.5117928,0.5252407
BiLSTM+Attention,test,77.625456_13.155243,2024-12-01,0.63175416,0.63264894
BiLSTM+Attention,test,77.625456_13.182192,2024-12-01,0.47416338,0.48925853
BiLSTM+Attention,test,77.629947_12.795916,2024-12-01,0.7815662,0.77173966
BiLSTM+Attention,test,77.629947_12.809391,2024-12-01,0.58664423,0.5984864
BiLSTM+Attention,test,77.629947_12.836341,2024-12-01,0.6403211,0.643505
BiLSTM+Attention,test,77.629947_12.854307,2024-12-01,0.5894092,0.601085
BiLSTM+Attention,test,77.629947_12.858799,2024-12-01,0.5578113,0.5702401
BiLSTM+Attention,test,77.629947_13.06092,2024-12-01,0.49344364,0.5059174
BiLSTM+Attention,test,77.629947_13.087869,2024-12-01,0.49374607,0.5139145
BiLSTM+Attention,test,77.629947_13.1777,2024-12-01,0.50146204,0.5202009
BiLSTM+Attention,test,77.634439_12.679136,2024-12-01,0.77619255,0.7736124
BiLSTM+Attention,test,77.634439_12.701593,2024-12-01,0.72272354,0.72712153
BiLSTM+Attention,test,77.634439_12.733034,2024-12-01,0.5774365,0.5911305
BiLSTM+Attention,test,77.634439_12.746509,2024-12-01,0.61136013,0.6230111
BiLSTM+Attention,test,77.634439_12.751001,2024-12-01,0.6074274,0.6243342
BiLSTM+Attention,test,77.634439_12.849815,2024-12-01,0.59489566,0.6019238
BiLSTM+Attention,test,77.634439_13.047445,2024-12-01,0.55389917,0.56950015
BiLSTM+Attention,test,77.634439_13.083377,2024-12-01,0.4559858,0.4636338
BiLSTM+Attention,test,77.634439_13.137276,2024-12-01,0.47017187,0.47792128
BiLSTM+Attention,test,77.63893_12.688119,2024-12-01,0.71568894,0.7185805
BiLSTM+Attention,test,77.63893_12.742018,2024-12-01,0.6268096,0.6398665
BiLSTM+Attention,test,77.63893_12.791425,2024-12-01,0.61992073,0.6304112
BiLSTM+Attention,test,77.63893_12.800408,2024-12-01,0.57370585,0.58701503
BiLSTM+Attention,test,77.63893_12.818374,2024-12-01,0.5884253,0.59401506
BiLSTM+Attention,test,77.63893_12.840832,2024-12-01,0.66662157,0.66577464
BiLSTM+Attention,test,77.63893_12.872273,2024-12-01,0.51051635,0.51467836
BiLSTM+Attention,test,77.63893_12.917189,2024-12-01,0.7439073,0.7439538
BiLSTM+Attention,test,77.63893_12.989054,2024-12-01,0.65443707,0.68039113
BiLSTM+Attention,test,77.63893_13.056428,2024-12-01,0.51469797,0.51372486
BiLSTM+Attention,test,77.63893_13.078886,2024-12-01,0.46146938,0.48277476
BiLSTM+Attention,test,77.63893_13.083377,2024-12-01,0.4502517,0.45979044
BiLSTM+Attention,test,77.63893_13.1777,2024-12-01,0.48288187,0.49472064
BiLSTM+Attention,test,77.643422_12.795916,2024-12-01,0.5962115,0.6019645
BiLSTM+Attention,test,77.643422_12.800408,2024-12-01,0.578632,0.5876918
BiLSTM+Attention,test,77.643422_12.809391,2024-12-01,0.6059414,0.6103331
BiLSTM+Attention,test,77.643422_12.867782,2024-12-01,0.548795,0.55324703
BiLSTM+Attention,test,77.643422_13.002529,2024-12-01,0.579846,0.60310113
BiLSTM+Attention,test,77.643422_13.038462,2024-12-01,0.57763284,0.59454006
BiLSTM+Attention,test,77.643422_13.164226,2024-12-01,0.5891146,0.6042532
BiLSTM+Attention,test,77.647914_12.688119,2024-12-01,0.75460047,0.7534704
BiLSTM+Attention,test,77.647914_12.733034,2024-12-01,0.61008614,0.6209886
BiLSTM+Attention,test,77.647914_12.881256,2024-12-01,0.56357634,0.5690869
BiLSTM+Attention,test,77.647914_12.935155,2024-12-01,0.6907131,0.70383793
BiLSTM+Attention,test,77.647914_13.141768,2024-12-01,0.6201826,0.6380995
BiLSTM+Attention,test,77.647914_13.168717,2024-12-01,0.65912753,0.6587052
BiLSTM+Attention,test,77.652405_12.697102,2024-12-01,0.7194981,0.7316234
BiLSTM+Attention,test,77.652405_12.773459,2024-12-01,0.58249867,0.6035525
BiLSTM+Attention,test,77.652405_12.795916,2024-12-01,0.5573751,0.56798244
BiLSTM+Attention,test,77.652405_12.8049,2024-12-01,0.61297786,0.6278125
BiLSTM+Attention,test,77.652405_12.858799,2024-12-01,0.70037407,0.7041914
BiLSTM+Attention,test,77.652405_12.926172,2024-12-01,0.6800215,0.6893551
BiLSTM+Attention,test,77.652405_13.002529,2024-12-01,0.5684456,0.5805367
BiLSTM+Attention,test,77.656897_12.742018,2024-12-01,0.6374248,0.6457734
BiLSTM+Attention,test,77.656897_12.746509,2024-12-01,0.61738867,0.63433325
BiLSTM+Attention,test,77.656897_12.768967,2024-12-01,0.6335242,0.64988494
BiLSTM+Attention,test,77.656897_12.791425,2024-12-01,0.5756506,0.5822334
BiLSTM+Attention,test,77.656897_12.800408,2024-12-01,0.62810117,0.6455738
BiLSTM+Attention,test,77.656897_12.831849,2024-12-01,0.6285691,0.63272303
BiLSTM+Attention,test,77.656897_12.849815,2024-12-01,0.52110016,0.5380559
BiLSTM+Attention,test,77.656897_12.939647,2024-12-01,0.6254816,0.6259161
BiLSTM+Attention,test,77.656897_13.101344,2024-12-01,0.48105916,0.49733987
BiLSTM+Attention,test,77.656897_13.164226,2024-12-01,0.49164116,0.5141454
BiLSTM+Attention,test,77.656897_13.173209,2024-12-01,0.4634611,0.47958374
BiLSTM+Attention,test,77.661388_12.737526,2024-12-01,0.6402586,0.65469956
BiLSTM+Attention,test,77.661388_12.759984,2024-12-01,0.6473465,0.6639545
BiLSTM+Attention,test,77.661388_13.056428,2024-12-01,0.53537345,0.54447883
BiLSTM+Attention,test,77.661388_13.074394,2024-12-01,0.5365329,0.5610678
BiLSTM+Attention,test,77.661388_13.087869,2024-12-01,0.48903844,0.5088027
BiLSTM+Attention,test,77.661388_13.101344,2024-12-01,0.4769338,0.49169838
BiLSTM+Attention,test,77.661388_13.110327,2024-12-01,0.53776383,0.54402864
BiLSTM+Attention,test,77.661388_13.11931,2024-12-01,0.59117347,0.6104172
BiLSTM+Attention,test,77.66588_12.679136,2024-12-01,0.7081857,0.71559674
BiLSTM+Attention,test,77.66588_12.697102,2024-12-01,0.67358017,0.68749654
BiLSTM+Attention,test,77.66588_12.715068,2024-12-01,0.6501969,0.67522115
BiLSTM+Attention,test,77.66588_12.724051,2024-12-01,0.64369005,0.6564052
BiLSTM+Attention,test,77.66588_12.751001,2024-12-01,0.60735875,0.6268227
BiLSTM+Attention,test,77.66588_12.755492,2024-12-01,0.65090245,0.66921824
BiLSTM+Attention,test,77.66588_12.764475,2024-12-01,0.62910527,0.6463017
BiLSTM+Attention,test,77.66588_12.768967,2024-12-01,0.7575501,0.7714074
BiLSTM+Attention,test,77.66588_12.791425,2024-12-01,0.66445786,0.68061227
BiLSTM+Attention,test,77.66588_12.953122,2024-12-01,0.64646614,0.6572092
BiLSTM+Attention,test,77.66588_13.038462,2024-12-01,0.54711634,0.5555621
BiLSTM+Attention,test,77.66588_13.051936,2024-12-01,0.57299644,0.5835237
BiLSTM+Attention,test,77.66588_13.173209,2024-12-01,0.47016883,0.47530848
BiLSTM+Attention,test,77.670371_12.71956,2024-12-01,0.6432776,0.66326606
BiLSTM+Attention,test,77.670371_12.86329,2024-12-01,0.5551916,0.56103784
BiLSTM+Attention,test,77.670371_12.881256,2024-12-01,0.54608905,0.55716133
BiLSTM+Attention,test,77.670371_12.894731,2024-12-01,0.49338913,0.50379235
BiLSTM+Attention,test,77.670371_13.069903,2024-12-01,0.47670984,0.49436885
BiLSTM+Attention,test,77.670371_13.083377,2024-12-01,0.43763053,0.45353886
BiLSTM+Attention,test,77.670371_13.092361,2024-12-01,0.44097066,0.46034294
BiLSTM+Attention,test,77.670371_13.128293,2024-12-01,0.5216664,0.5498018
BiLSTM+Attention,test,77.674863_12.674644,2024-12-01,0.7461081,0.76370287
BiLSTM+Attention,test,77.674863_12.71956,2024-12-01,0.65243644,0.67402935
BiLSTM+Attention,test,77.674863_12.755492,2024-12-01,0.5950264,0.61092246
BiLSTM+Attention,test,77.674863_12.764475,2024-12-01,0.609609,0.61977214
BiLSTM+Attention,test,77.674863_12.786933,2024-12-01,0.63879573,0.6493318
BiLSTM+Attention,test,77.674863_12.836341,2024-12-01,0.5778453,0.5991523
BiLSTM+Attention,test,77.674863_12.867782,2024-12-01,0.7295789,0.72907186
BiLSTM+Attention,test,77.674863_13.051936,2024-12-01,0.5818312,0.5890659
BiLSTM+Attention,test,77.674863_13.069903,2024-12-01,0.45874202,0.4721251
BiLSTM+Attention,test,77.674863_13.092361,2024-12-01,0.46074718,0.47788236
BiLSTM+Attention,test,77.674863_13.105835,2024-12-01,0.514633,0.53267217
BiLSTM+Attention,test,77.679355_12.697102,2024-12-01,0.61913556,0.6308283
BiLSTM+Attention,test,77.679355_12.746509,2024-12-01,0.7067893,0.72153217
BiLSTM+Attention,test,77.679355_12.881256,2024-12-01,0.57195926,0.57164687
BiLSTM+Attention,test,77.679355_12.89024,2024-12-01,0.5849422,0.5888739
BiLSTM+Attention,test,77.679355_12.899223,2024-12-01,0.5063202,0.5142033
BiLSTM+Attention,test,77.679355_13.047445,2024-12-01,0.7591282,0.7506694
BiLSTM+Attention,test,77.679355_13.056428,2024-12-01,0.5536314,0.55956274
BiLSTM+Attention,test,77.679355_13.074394,2024-12-01,0.4775084,0.49149644
BiLSTM+Attention,test,77.679355_13.101344,2024-12-01,0.4788,0.49235815
BiLSTM+Attention,test,77.679355_13.141768,2024-12-01,0.51207167,0.53775024
BiLSTM+Attention,test,77.679355_13.155243,2024-12-01,0.43995866,0.46127987
BiLSTM+Attention,test,77.679355_13.159734,2024-12-01,0.46433905,0.48065248
BiLSTM+Attention,test,77.683846_12.728543,2024-12-01,0.63735235,0.6489779
BiLSTM+Attention,test,77.683846_12.742018,2024-12-01,0.573018,0.5907631
BiLSTM+Attention,test,77.683846_12.755492,2024-12-01,0.74905086,0.76030695
BiLSTM+Attention,test,77.683846_12.795916,2024-12-01,0.6171445,0.630012
BiLSTM+Attention,test,77.683846_12.8049,2024-12-01,0.5760466,0.594555
BiLSTM+Attention,test,77.683846_12.836341,2024-12-01,0.6221352,0.639001
BiLSTM+Attention,test,77.683846_12.840832,2024-12-01,0.6304937,0.6442108
BiLSTM+Attention,test,77.683846_12.894731,2024-12-01,0.5986478,0.605991
BiLSTM+Attention,test,77.683846_12.917189,2024-12-01,0.5040115,0.5228462
BiLSTM+Attention,test,77.683846_12.939647,2024-12-01,0.7403669,0.753282
BiLSTM+Attention,test,77.683846_13.029478,2024-12-01,0.43299577,0.44343454
BiLSTM+Attention,test,77.683846_13.06092,2024-12-01,0.5264906,0.5447256
BiLSTM+Attention,test,77.683846_13.074394,2024-12-01,0.44506046,0.46169955
BiLSTM+Attention,test,77.683846_13.11931,2024-12-01,0.42354932,0.44401106
BiLSTM+Attention,test,77.683846_13.123802,2024-12-01,0.47189555,0.49383116
BiLSTM+Attention,test,77.688338_12.656678,2024-12-01,0.7568305,0.7562267
BiLSTM+Attention,test,77.688338_12.69261,2024-12-01,0.79955685,0.8060031
BiLSTM+Attention,test,77.688338_12.697102,2024-12-01,0.8049275,0.8099648
BiLSTM+Attention,test,77.688338_12.710577,2024-12-01,0.80226237,0.7998699
BiLSTM+Attention,test,77.688338_12.751001,2024-12-01,0.64905685,0.6628917
BiLSTM+Attention,test,77.688338_12.755492,2024-12-01,0.621511,0.636936
BiLSTM+Attention,test,77.688338_12.876765,2024-12-01,0.7878005,0.7710486
BiLSTM+Attention,test,77.688338_12.885748,2024-12-01,0.61090046,0.62224066
BiLSTM+Attention,test,77.688338_12.966596,2024-12-01,0.61770844,0.6418626
BiLSTM+Attention,test,77.692829_12.746509,2024-12-01,0.55005926,0.56712604
BiLSTM+Attention,test,77.692829_12.800408,2024-12-01,0.57922333,0.58950555
BiLSTM+Attention,test,77.692829_12.845324,2024-12-01,0.6398044,0.6613449
BiLSTM+Attention,test,77.692829_12.885748,2024-12-01,0.6365244,0.64305985
BiLSTM+Attention,test,77.692829_12.899223,2024-12-01,0.5616402,0.5714889
BiLSTM+Attention,test,77.692829_13.047445,2024-12-01,0.73200417,0.7251497
BiLSTM+Attention,test,77.692829_13.06092,2024-12-01,0.6215628,0.6404813
BiLSTM+Attention,test,77.692829_13.065411,2024-12-01,0.5748304,0.59797084
BiLSTM+Attention,test,77.692829_13.083377,2024-12-01,0.44192323,0.46063447
BiLSTM+Attention,test,77.692829_13.096852,2024-12-01,0.4237709,0.43944862
BiLSTM+Attention,test,77.692829_13.132785,2024-12-01,0.4018148,0.4201749
BiLSTM+Attention,test,77.692829_13.155243,2024-12-01,0.44108933,0.45916083
BiLSTM+Attention,test,77.697321_12.697102,2024-12-01,0.80773,0.8169479
BiLSTM+Attention,test,77.697321_12.751001,2024-12-01,0.61377513,0.6283791
BiLSTM+Attention,test,77.697321_12.773459,2024-12-01,0.5810805,0.5937278
BiLSTM+Attention,test,77.697321_12.791425,2024-12-01,0.66414505,0.6808472
BiLSTM+Attention,test,77.697321_12.885748,2024-12-01,0.6399568,0.6470295
BiLSTM+Attention,test,77.697321_12.894731,2024-12-01,0.5770729,0.5873037
BiLSTM+Attention,test,77.697321_12.930664,2024-12-01,0.58841795,0.5918671
BiLSTM+Attention,test,77.697321_12.966596,2024-12-01,0.59298867,0.6148053
BiLSTM+Attention,test,77.697321_13.132785,2024-12-01,0.4018148,0.4212068
BiLSTM+Attention,test,77.697321_13.150751,2024-12-01,0.45681986,0.47580618
BiLSTM+Attention,test,77.697321_13.1777,2024-12-01,0.55048716,0.57267785
BiLSTM+Attention,test,77.701812_12.742018,2024-12-01,0.62000024,0.62159
BiLSTM+Attention,test,77.701812_12.77795,2024-12-01,0.5863714,0.58813286
BiLSTM+Attention,test,77.701812_12.8049,2024-12-01,0.65696245,0.65946096
BiLSTM+Attention,test,77.701812_12.822866,2024-12-01,0.6220457,0.6381305
BiLSTM+Attention,test,77.701812_12.872273,2024-12-01,0.5771773,0.5723561
BiLSTM+Attention,test,77.701812_12.984563,2024-12-01,0.5291439,0.5365118
BiLSTM+Attention,test,77.701812_13.03397,2024-12-01,0.49746877,0.5051152
BiLSTM+Attention,test,77.701812_13.114818,2024-12-01,0.48930237,0.5071614
BiLSTM+Attention,test,77.701812_13.164226,2024-12-01,0.4857258,0.48916358
BiLSTM+Attention,test,77.706304_12.746509,2024-12-01,0.63322353,0.6350694
BiLSTM+Attention,test,77.706304_12.751001,2024-12-01,0.6399583,0.63563436
BiLSTM+Attention,test,77.706304_12.759984,2024-12-01,0.5567534,0.5649735
BiLSTM+Attention,test,77.706304_12.764475,2024-12-01,0.59421283,0.60131955
BiLSTM+Attention,test,77.706304_12.86329,2024-12-01,0.5290164,0.5328539
BiLSTM+Attention,test,77.706304_12.984563,2024-12-01,0.536461,0.5469527
BiLSTM+Attention,test,77.706304_13.038462,2024-12-01,0.504183,0.50302595
BiLSTM+Attention,test,77.706304_13.042953,2024-12-01,0.5556947,0.56373584
BiLSTM+Attention,test,77.706304_13.137276,2024-12-01,0.65234923,0.6645416
BiLSTM+Attention,test,77.710796_12.715068,2024-12-01,0.6929552,0.7088845
BiLSTM+Attention,test,77.710796_12.894731,2024-12-01,0.6595403,0.66256404
BiLSTM+Attention,test,77.710796_12.899223,2024-12-01,0.60866314,0.6162812
BiLSTM+Attention,test,77.710796_12.912697,2024-12-01,0.5347437,0.53810406
BiLSTM+Attention,test,77.710796_13.03397,2024-12-01,0.48906907,0.51351947
BiLSTM+Attention,test,77.710796_13.11931,2024-12-01,0.46015555,0.48003417
BiLSTM+Attention,test,77.710796_13.123802,2024-12-01,0.429548,0.4505989
BiLSTM+Attention,test,77.710796_13.132785,2024-12-01,0.45748258,0.47678676
BiLSTM+Attention,test,77.710796_13.150751,2024-12-01,0.43660584,0.44964546
BiLSTM+Attention,test,77.710796_13.168717,2024-12-01,0.5051706,0.5177776
BiLSTM+Attention,test,77.710796_13.173209,2024-12-01,0.51378566,0.53249794
BiLSTM+Attention,test,77.715287_12.679136,2024-12-01,0.75081766,0.7501832
BiLSTM+Attention,test,77.715287_12.742018,2024-12-01,0.6209563,0.6196207
BiLSTM+Attention,test,77.715287_12.773459,2024-12-01,0.58596337,0.58997196
BiLSTM+Attention,test,77.715287_12.822866,2024-12-01,0.64089197,0.64179605
BiLSTM+Attention,test,77.715287_12.827358,2024-12-01,0.6091465,0.6095528
BiLSTM+Attention,test,77.715287_12.845324,2024-12-01,0.55688673,0.5593862
BiLSTM+Attention,test,77.715287_12.885748,2024-12-01,0.6279424,0.6382197
BiLSTM+Attention,test,77.715287_12.899223,2024-12-01,0.52462924,0.53100324
BiLSTM+Attention,test,77.715287_12.939647,2024-12-01,0.7591263,0.7615219
BiLSTM+Attention,test,77.715287_12.944139,2024-12-01,0.7879565,0.792444
BiLSTM+Attention,test,77.715287_12.94863,2024-12-01,0.63519514,0.6487045
BiLSTM+Attention,test,77.715287_13.016004,2024-12-01,0.5696587,0.5740502
BiLSTM+Attention,test,77.715287_13.029478,2024-12-01,0.45112988,0.4679676
BiLSTM+Attention,test,77.715287_13.038462,2024-12-01,0.5737745,0.594984
BiLSTM+Attention,test,77.715287_13.051936,2024-12-01,0.56216896,0.5744095
BiLSTM+Attention,test,77.715287_13.056428,2024-12-01,0.4953859,0.50784594
BiLSTM+Attention,test,77.715287_13.096852,2024-12-01,0.38985988,0.40044072
BiLSTM+Attention,test,77.715287_13.114818,2024-12-01,0.5252055,0.5430506
BiLSTM+Attention,test,77.715287_13.128293,2024-12-01,0.47007078,0.49034682
BiLSTM+Attention,test,77.719779_12.706085,2024-12-01,0.70867115,0.7237643
BiLSTM+Attention,test,77.719779_12.746509,2024-12-01,0.7437696,0.7531031
BiLSTM+Attention,test,77.719779_12.795916,2024-12-01,0.60500306,0.61065286
BiLSTM+Attention,test,77.719779_12.840832,2024-12-01,0.63783455,0.64754194
BiLSTM+Attention,test,77.719779_12.903714,2024-12-01,0.5223996,0.5396431
BiLSTM+Attention,test,77.719779_13.069903,2024-12-01,0.46031865,0.4777956
BiLSTM+Attention,test,77.719779_13.105835,2024-12-01,0.483313,0.4969107
BiLSTM+Attention,test,77.719779_13.123802,2024-12-01,0.44035283,0.45852852
BiLSTM+Attention,test,77.719779_13.137276,2024-12-01,0.44586247,0.46222937
BiLSTM+Attention,test,77.719779_13.155243,2024-12-01,0.43713325,0.4463769
BiLSTM+Attention,test,77.72427_12.674644,2024-12-01,0.657707,0.66290116
BiLSTM+Attention,test,77.72427_12.697102,2024-12-01,0.58503354,0.59828997
BiLSTM+Attention,test,77.72427_12.701593,2024-12-01,0.61191773,0.6275691
BiLSTM+Attention,test,77.72427_12.724051,2024-12-01,0.65248173,0.65225816
BiLSTM+Attention,test,77.72427_12.786933,2024-12-01,0.62908703,0.6269262
BiLSTM+Attention,test,77.72427_12.791425,2024-12-01,0.627495,0.63062155
BiLSTM+Attention,test,77.72427_12.840832,2024-12-01,0.6174864,0.62513965
BiLSTM+Attention,test,77.72427_12.867782,2024-12-01,0.56199473,0.5663341
BiLSTM+Attention,test,77.72427_12.885748,2024-12-01,0.59832734,0.6018057
BiLSTM+Attention,test,77.72427_13.024987,2024-12-01,0.75941426,0.7675107
BiLSTM+Attention,test,77.72427_13.06092,2024-12-01,0.47849807,0.49873564
BiLSTM+Attention,test,77.72427_13.074394,2024-12-01,0.4882851,0.5066196
BiLSTM+Attention,test,77.728762_12.706085,2024-12-01,0.68281126,0.69986755
BiLSTM+Attention,test,77.728762_12.724051,2024-12-01,0.71905625,0.7216803
BiLSTM+Attention,test,77.728762_12.759984,2024-12-01,0.62641585,0.6299061
BiLSTM+Attention,test,77.728762_12.782442,2024-12-01,0.64942867,0.65001386
BiLSTM+Attention,test,77.728762_12.809391,2024-12-01,0.6398034,0.6359407
BiLSTM+Attention,test,77.728762_12.858799,2024-12-01,0.63369024,0.6347044
BiLSTM+Attention,test,77.728762_12.876765,2024-12-01,0.6443341,0.6526536
BiLSTM+Attention,test,77.728762_12.885748,2024-12-01,0.58714235,0.5929079
BiLSTM+Attention,test,77.728762_13.016004,2024-12-01,0.74749374,0.7577298
BiLSTM+Attention,test,77.728762_13.047445,2024-12-01,0.5428714,0.5632654
BiLSTM+Attention,test,77.728762_13.087869,2024-12-01,0.5121784,0.5348947
BiLSTM+Attention,test,77.728762_13.092361,2024-12-01,0.4740715,0.49284106
BiLSTM+Attention,test,77.733253_12.755492,2024-12-01,0.5970506,0.59584254
BiLSTM+Attention,test,77.733253_12.795916,2024-12-01,0.5990459,0.5979976
BiLSTM+Attention,test,77.733253_12.86329,2024-12-01,0.64693403,0.6542761
BiLSTM+Attention,test,77.733253_12.872273,2024-12-01,0.6305019,0.6379961
BiLSTM+Attention,test,77.733253_12.998037,2024-12-01,0.65434045,0.6726953
BiLSTM+Attention,test,77.733253_13.056428,2024-12-01,0.45519993,0.47420707
BiLSTM+Attention,test,77.737745_12.764475,2024-12-01,0.5748676,0.57837784
BiLSTM+Attention,test,77.737745_12.791425,2024-12-01,0.6178041,0.6191684
BiLSTM+Attention,test,77.737745_12.809391,2024-12-01,0.6135568,0.61410606
BiLSTM+Attention,test,77.737745_12.858799,2024-12-01,0.6127186,0.6191167
BiLSTM+Attention,test,77.737745_12.872273,2024-12-01,0.63789755,0.6508111
BiLSTM+Attention,test,77.737745_12.881256,2024-12-01,0.65815943,0.6576873
BiLSTM+Attention,test,77.737745_13.051936,2024-12-01,0.47916192,0.5014732
BiLSTM+Attention,test,77.737745_13.06092,2024-12-01,0.4840301,0.50458133
BiLSTM+Attention,test,77.737745_13.078886,2024-12-01,0.51104087,0.5203245
BiLSTM+Attention,test,77.737745_13.101344,2024-12-01,0.43661207,0.4470126
BiLSTM+Attention,test,77.742237_12.697102,2024-12-01,0.72507745,0.7354106
BiLSTM+Attention,test,77.742237_12.764475,2024-12-01,0.5896219,0.5948862
BiLSTM+Attention,test,77.742237_12.795916,2024-12-01,0.5842268,0.5898555
BiLSTM+Attention,test,77.742237_12.8049,2024-12-01,0.6270264,0.6276207
BiLSTM+Attention,test,77.742237_12.86329,2024-12-01,0.5527428,0.5599818
BiLSTM+Attention,test,77.742237_12.867782,2024-12-01,0.6428885,0.65216446
BiLSTM+Attention,test,77.742237_12.89024,2024-12-01,0.64376855,0.65027744
BiLSTM+Attention,test,77.742237_12.899223,2024-12-01,0.6243696,0.63451535
BiLSTM+Attention,test,77.742237_12.921681,2024-12-01,0.56620175,0.57851934
BiLSTM+Attention,test,77.742237_12.980071,2024-12-01,0.6052502,0.6170222
BiLSTM+Attention,test,77.742237_13.002529,2024-12-01,0.6219337,0.6411251
BiLSTM+Attention,test,77.742237_13.016004,2024-12-01,0.6278953,0.6396741
BiLSTM+Attention,test,77.742237_13.038462,2024-12-01,0.45733124,0.48376927
BiLSTM+Attention,test,77.742237_13.074394,2024-12-01,0.43425155,0.46022117
BiLSTM+Attention,test,77.742237_13.078886,2024-12-01,0.4969723,0.5163762
BiLSTM+Attention,test,77.742237_13.101344,2024-12-01,0.45877954,0.4696068
BiLSTM+Attention,test,77.746728_12.751001,2024-12-01,0.6177389,0.6193062
BiLSTM+Attention,test,77.746728_12.764475,2024-12-01,0.6089526,0.6165675
BiLSTM+Attention,test,77.746728_12.782442,2024-12-01,0.6443833,0.64539814
BiLSTM+Attention,test,77.746728_12.97558,2024-12-01,0.6257794,0.6361948
BiLSTM+Attention,test,77.746728_12.984563,2024-12-01,0.6159104,0.6183156
BiLSTM+Attention,test,77.746728_13.016004,2024-12-01,0.6399844,0.6561984
BiLSTM+Attention,test,77.746728_13.020495,2024-12-01,0.6684588,0.67955774
BiLSTM+Attention,test,77.746728_13.024987,2024-12-01,0.57792187,0.58841884
BiLSTM+Attention,test,77.746728_13.038462,2024-12-01,0.48582423,0.5078859
BiLSTM+Attention,test,77.746728_13.06092,2024-12-01,0.4441209,0.46236363
BiLSTM+Attention,test,77.746728_13.083377,2024-12-01,0.49626946,0.5133677
BiLSTM+Attention,test,77.746728_13.092361,2024-12-01,0.45400184,0.46425197
BiLSTM+Attention,test,77.75122_12.751001,2024-12-01,0.6074585,0.6119796
BiLSTM+Attention,test,77.75122_12.755492,2024-12-01,0.65156,0.6578365
BiLSTM+Attention,test,77.75122_12.768967,2024-12-01,0.5726603,0.578424
BiLSTM+Attention,test,77.75122_12.77795,2024-12-01,0.6109553,0.6143632
BiLSTM+Attention,test,77.75122_12.894731,2024-12-01,0.56655866,0.57543814
BiLSTM+Attention,test,77.75122_12.993546,2024-12-01,0.5565615,0.5800415
BiLSTM+Attention,test,77.75122_13.020495,2024-12-01,0.60157275,0.617309
BiLSTM+Attention,test,77.75122_13.03397,2024-12-01,0.49676594,0.5251194
BiLSTM+Attention,test,77.75122_13.038462,2024-12-01,0.4658971,0.4854566
BiLSTM+Attention,test,77.755711_12.706085,2024-12-01,0.6402686,0.6466134
BiLSTM+Attention,test,77.755711_12.764475,2024-12-01,0.80566657,0.80279326
BiLSTM+Attention,test,77.755711_12.77795,2024-12-01,0.5937139,0.5984962
BiLSTM+Attention,test,77.755711_12.822866,2024-12-01,0.5931709,0.6039431
BiLSTM+Attention,test,77.755711_12.831849,2024-12-01,0.56755424,0.5754197
BiLSTM+Attention,test,77.755711_12.858799,2024-12-01,0.6156443,0.6223266
BiLSTM+Attention,test,77.755711_12.885748,2024-12-01,0.60310245,0.6148305
BiLSTM+Attention,test,77.755711_12.899223,2024-12-01,0.5335967,0.53638685
BiLSTM+Attention,test,77.755711_12.903714,2024-12-01,0.58825207,0.60275394
BiLSTM+Attention,test,77.755711_12.926172,2024-12-01,0.60188603,0.6095846
BiLSTM+Attention,test,77.760203_12.751001,2024-12-01,0.6039853,0.60317785
BiLSTM+Attention,test,77.760203_12.795916,2024-12-01,0.5851498,0.5834727
BiLSTM+Attention,test,77.760203_12.818374,2024-12-01,0.6698062,0.68234736
BiLSTM+Attention,test,77.760203_12.867782,2024-12-01,0.57410365,0.5862458
BiLSTM+Attention,test,77.760203_12.872273,2024-12-01,0.58637816,0.59782124
BiLSTM+Attention,test,77.760203_12.876765,2024-12-01,0.5575343,0.5644214
BiLSTM+Attention,test,77.760203_12.885748,2024-12-01,0.57369345,0.5812293
BiLSTM+Attention,test,77.760203_12.984563,2024-12-01,0.6143927,0.63081026
BiLSTM+Attention,test,77.764695_12.742018,2024-12-01,0.7167931,0.72146726
BiLSTM+Attention,test,77.764695_12.746509,2024-12-01,0.7043886,0.71021783
BiLSTM+Attention,test,77.764695_12.813883,2024-12-01,0.6310827,0.6377082
BiLSTM+Attention,test,77.764695_12.849815,2024-12-01,0.60065657,0.6058246
BiLSTM+Attention,test,77.764695_12.885748,2024-12-01,0.59835744,0.6123318
BiLSTM+Attention,test,77.764695_12.912697,2024-12-01,0.59779197,0.6075494
BiLSTM+Attention,test,77.764695_13.03397,2024-12-01,0.4448397,0.47072035
BiLSTM+Attention,test,77.769186_12.751001,2024-12-01,0.72707623,0.7257251
BiLSTM+Attention,test,77.769186_12.791425,2024-12-01,0.5748119,0.58346117
BiLSTM+Attention,test,77.769186_12.800408,2024-12-01,0.62745726,0.62929016
BiLSTM+Attention,test,77.769186_12.8049,2024-12-01,0.6602519,0.6627555
BiLSTM+Attention,test,77.769186_12.809391,2024-12-01,0.59657556,0.59938514
BiLSTM+Attention,test,77.769186_12.876765,2024-12-01,0.61660594,0.62784076
BiLSTM+Attention,test,77.769186_12.894731,2024-12-01,0.57893145,0.5790312
BiLSTM+Attention,test,77.769186_13.016004,2024-12-01,0.5550039,0.5688051
BiLSTM+Attention,test,77.773678_12.746509,2024-12-01,0.72069716,0.7266783
BiLSTM+Attention,test,77.773678_12.858799,2024-12-01,0.55855936,0.5648674
BiLSTM+Attention,test,77.773678_12.885748,2024-12-01,0.5696307,0.582984
BiLSTM+Attention,test,77.773678_12.899223,2024-12-01,0.5459772,0.5581537
BiLSTM+Attention,test,77.773678_12.908206,2024-12-01,0.58372027,0.60271186
BiLSTM+Attention,test,77.778169_12.809391,2024-12-01,0.55886334,0.5626432
BiLSTM+Attention,test,77.778169_12.885748,2024-12-01,0.58821815,0.6046212
BiLSTM+Attention,test,77.782661_12.786933,2024-12-01,0.5768471,0.57910275
BiLSTM+Attention,test,77.782661_12.791425,2024-12-01,0.6048448,0.6081784
BiLSTM+Attention,test,77.782661_12.89024,2024-12-01,0.581144,0.59921664
BiLSTM+Attention,test,77.787152_12.786933,2024-12-01,0.5906968,0.5920856
BiLSTM+Attention,test,77.787152_12.849815,2024-12-01,0.56068,0.57552284
BiLSTM+Attention,test,77.787152_12.867782,2024-12-01,0.5710712,0.58120424
BiLSTM+Attention,test,77.791644_12.8049,2024-12-01,0.59025913,0.59232444
BiLSTM+Attention,test,77.791644_12.899223,2024-12-01,0.56988,0.58391845
BiLSTM+Attention,test,77.796136_12.854307,2024-12-01,0.56668025,0.56750864
BiLSTM+Attention,test,77.796136_12.885748,2024-12-01,0.6294916,0.6337758
BiLSTM+Attention,test,77.800627_12.876765,2024-12-01,0.6223466,0.6329188
BiLSTM+Attention,test,77.800627_12.885748,2024-12-01,0.5897614,0.59558135
BiLSTM+Attention,test,77.805119_12.876765,2024-12-01,0.62973577,0.63720584
BiLSTM+Attention,test,77.805119_12.89024,2024-12-01,0.61884815,0.62130284
BiLSTM+Attention,test,77.80961_12.858799,2024-12-01,0.63493866,0.63625973
BiLSTM+Attention,test,77.80961_12.86329,2024-12-01,0.61336035,0.61304086
