model,split,site_id,target_date,actual,predicted
BiLSTM+Attention,val,77.329012_12.944139,2023-09-01,0.5240591,0.5269934
BiLSTM+Attention,val,77.329012_12.962105,2023-09-01,0.6947518,0.704559
BiLSTM+Attention,val,77.337995_12.921681,2023-09-01,0.6490093,0.6508567
BiLSTM+Attention,val,77.342486_12.926172,2023-09-01,0.6874158,0.6938772
BiLSTM+Attention,val,77.342486_12.935155,2023-09-01,0.70332056,0.72217244
BiLSTM+Attention,val,77.342486_12.944139,2023-09-01,0.69550115,0.6839104
BiLSTM+Attention,val,77.346978_12.86329,2023-09-01,0.59536886,0.5823261
BiLSTM+Attention,val,77.346978_12.962105,2023-09-01,0.5548487,0.5303105
BiLSTM+Attention,val,77.351469_12.89024,2023-09-01,0.54103,0.5624401
BiLSTM+Attention,val,77.351469_12.930664,2023-09-01,0.70720524,0.72089255
BiLSTM+Attention,val,77.351469_12.939647,2023-09-01,0.6878303,0.7019878
BiLSTM+Attention,val,77.355961_12.899223,2023-09-01,0.55589974,0.5722661
BiLSTM+Attention,val,77.355961_12.94863,2023-09-01,0.49880078,0.50260556
BiLSTM+Attention,val,77.355961_12.962105,2023-09-01,0.7282113,0.719962
BiLSTM+Attention,val,77.360453_12.867782,2023-09-01,0.48351398,0.47035134
BiLSTM+Attention,val,77.360453_12.908206,2023-09-01,0.5780343,0.5912144
BiLSTM+Attention,val,77.360453_12.926172,2023-09-01,0.70323175,0.7202529
BiLSTM+Attention,val,77.364944_12.854307,2023-09-01,0.52517873,0.50442046
BiLSTM+Attention,val,77.364944_12.962105,2023-09-01,0.5115406,0.49280542
BiLSTM+Attention,val,77.369436_12.881256,2023-09-01,0.5260661,0.50918204
BiLSTM+Attention,val,77.369436_12.89024,2023-09-01,0.52379787,0.5044718
BiLSTM+Attention,val,77.369436_12.935155,2023-09-01,0.46094313,0.46461004
BiLSTM+Attention,val,77.369436_12.998037,2023-09-01,0.49791086,0.49829847
BiLSTM+Attention,val,77.369436_13.007021,2023-09-01,0.5428762,0.5499252
BiLSTM+Attention,val,77.373927_12.912697,2023-09-01,0.60645205,0.6008235
BiLSTM+Attention,val,77.373927_12.971088,2023-09-01,0.504998,0.48584306
BiLSTM+Attention,val,77.373927_13.011512,2023-09-01,0.49291247,0.50204074
BiLSTM+Attention,val,77.373927_13.016004,2023-09-01,0.47721246,0.48692226
BiLSTM+Attention,val,77.378419_12.966596,2023-09-01,0.45706227,0.4650792
BiLSTM+Attention,val,77.382911_12.894731,2023-09-01,0.5482402,0.54904276
BiLSTM+Attention,val,77.382911_12.953122,2023-09-01,0.51680136,0.5154829
BiLSTM+Attention,val,77.382911_12.957613,2023-09-01,0.51143026,0.50877327
BiLSTM+Attention,val,77.387402_12.962105,2023-09-01,0.5022732,0.5018972
BiLSTM+Attention,val,77.387402_12.97558,2023-09-01,0.50314933,0.50318736
BiLSTM+Attention,val,77.387402_12.980071,2023-09-01,0.50566995,0.5055579
BiLSTM+Attention,val,77.391894_12.867782,2023-09-01,0.5378598,0.5460039
BiLSTM+Attention,val,77.391894_12.881256,2023-09-01,0.53375655,0.5240721
BiLSTM+Attention,val,77.391894_12.885748,2023-09-01,0.53688276,0.5470347
BiLSTM+Attention,val,77.396385_12.894731,2023-09-01,0.5689409,0.54523593
BiLSTM+Attention,val,77.396385_12.908206,2023-09-01,0.49828577,0.5065069
BiLSTM+Attention,val,77.396385_12.944139,2023-09-01,0.5728102,0.5509511
BiLSTM+Attention,val,77.396385_12.971088,2023-09-01,0.47311217,0.4782322
BiLSTM+Attention,val,77.396385_12.97558,2023-09-01,0.47255188,0.45945603
BiLSTM+Attention,val,77.396385_13.029478,2023-09-01,0.4073999,0.40195245
BiLSTM+Attention,val,77.400877_12.957613,2023-09-01,0.51697946,0.51749474
BiLSTM+Attention,val,77.400877_12.966596,2023-09-01,0.4932836,0.4740206
BiLSTM+Attention,val,77.400877_13.029478,2023-09-01,0.3950606,0.39412266
BiLSTM+Attention,val,77.405368_12.881256,2023-09-01,0.46552667,0.4712941
BiLSTM+Attention,val,77.405368_12.89024,2023-09-01,0.48838973,0.4947514
BiLSTM+Attention,val,77.405368_12.903714,2023-09-01,0.46163514,0.4669516
BiLSTM+Attention,val,77.405368_12.930664,2023-09-01,0.5908547,0.5888171
BiLSTM+Attention,val,77.405368_12.998037,2023-09-01,0.51400965,0.49392247
BiLSTM+Attention,val,77.405368_13.105835,2023-09-01,0.4121651,0.42427468
BiLSTM+Attention,val,77.405368_13.11931,2023-09-01,0.37421137,0.39249292
BiLSTM+Attention,val,77.40986_12.872273,2023-09-01,0.4599897,0.4405948
BiLSTM+Attention,val,77.40986_12.881256,2023-09-01,0.4620267,0.44136328
BiLSTM+Attention,val,77.40986_12.962105,2023-09-01,0.54958415,0.52958864
BiLSTM+Attention,val,77.414352_12.930664,2023-09-01,0.5377069,0.5348304
BiLSTM+Attention,val,77.414352_12.989054,2023-09-01,0.47938007,0.45762724
BiLSTM+Attention,val,77.414352_12.993546,2023-09-01,0.48703575,0.46843684
BiLSTM+Attention,val,77.414352_13.03397,2023-09-01,0.45870936,0.44322023
BiLSTM+Attention,val,77.414352_13.096852,2023-09-01,0.4262035,0.412907
BiLSTM+Attention,val,77.414352_13.11931,2023-09-01,0.3963478,0.4070958
BiLSTM+Attention,val,77.418843_12.876765,2023-09-01,0.4473423,0.45463187
BiLSTM+Attention,val,77.418843_12.89024,2023-09-01,0.4755349,0.47946143
BiLSTM+Attention,val,77.418843_12.94863,2023-09-01,0.53061634,0.52786696
BiLSTM+Attention,val,77.418843_12.971088,2023-09-01,0.517472,0.49164915
BiLSTM+Attention,val,77.418843_12.993546,2023-09-01,0.51878345,0.5008909
BiLSTM+Attention,val,77.418843_13.016004,2023-09-01,0.48536658,0.4626106
BiLSTM+Attention,val,77.418843_13.024987,2023-09-01,0.4508138,0.4549393
BiLSTM+Attention,val,77.418843_13.029478,2023-09-01,0.45034477,0.45495743
BiLSTM+Attention,val,77.418843_13.146259,2023-09-01,0.36139643,0.3819148
BiLSTM+Attention,val,77.423335_12.876765,2023-09-01,0.44912055,0.46423697
BiLSTM+Attention,val,77.423335_12.921681,2023-09-01,0.54498196,0.5390549
BiLSTM+Attention,val,77.423335_12.930664,2023-09-01,0.5276663,0.5204516
BiLSTM+Attention,val,77.423335_13.002529,2023-09-01,0.56687003,0.5470426
BiLSTM+Attention,val,77.423335_13.092361,2023-09-01,0.3631656,0.368682
BiLSTM+Attention,val,77.423335_13.141768,2023-09-01,0.42017674,0.43001524
BiLSTM+Attention,val,77.423335_13.150751,2023-09-01,0.37015185,0.390482
BiLSTM+Attention,val,77.427826_12.845324,2023-09-01,0.39110443,0.40949127
BiLSTM+Attention,val,77.427826_12.858799,2023-09-01,0.44382107,0.449659
BiLSTM+Attention,val,77.427826_12.930664,2023-09-01,0.53515196,0.52894574
BiLSTM+Attention,val,77.427826_12.939647,2023-09-01,0.48256227,0.47804016
BiLSTM+Attention,val,77.427826_12.944139,2023-09-01,0.49594522,0.49402422
BiLSTM+Attention,val,77.427826_13.020495,2023-09-01,0.46134964,0.46672922
BiLSTM+Attention,val,77.427826_13.024987,2023-09-01,0.45223847,0.4584391
BiLSTM+Attention,val,77.427826_13.110327,2023-09-01,0.44603127,0.42271227
BiLSTM+Attention,val,77.427826_13.132785,2023-09-01,0.47311616,0.48833513
BiLSTM+Attention,val,77.432318_12.858799,2023-09-01,0.45841405,0.4654807
BiLSTM+Attention,val,77.432318_12.86329,2023-09-01,0.46453562,0.46933788
BiLSTM+Attention,val,77.432318_12.867782,2023-09-01,0.45619348,0.47014594
BiLSTM+Attention,val,77.432318_12.881256,2023-09-01,0.4989223,0.50860286
BiLSTM+Attention,val,77.432318_12.885748,2023-09-01,0.58900654,0.6033254
BiLSTM+Attention,val,77.432318_12.957613,2023-09-01,0.48247266,0.4819376
BiLSTM+Attention,val,77.432318_12.998037,2023-09-01,0.43764246,0.4236344
BiLSTM+Attention,val,77.432318_13.087869,2023-09-01,0.4222999,0.43702942
BiLSTM+Attention,val,77.432318_13.092361,2023-09-01,0.4043591,0.39686215
BiLSTM+Attention,val,77.436809_12.818374,2023-09-01,0.58876765,0.5859459
BiLSTM+Attention,val,77.436809_12.840832,2023-09-01,0.50583476,0.5086798
BiLSTM+Attention,val,77.436809_12.854307,2023-09-01,0.5009709,0.47790825
BiLSTM+Attention,val,77.436809_12.912697,2023-09-01,0.6041209,0.60316056
BiLSTM+Attention,val,77.436809_12.926172,2023-09-01,0.5370499,0.5319151
BiLSTM+Attention,val,77.436809_12.944139,2023-09-01,0.50323606,0.50011885
BiLSTM+Attention,val,77.436809_13.03397,2023-09-01,0.4352949,0.44406813
BiLSTM+Attention,val,77.441301_12.818374,2023-09-01,0.6261959,0.60139245
BiLSTM+Attention,val,77.441301_12.831849,2023-09-01,0.51954,0.50028
BiLSTM+Attention,val,77.441301_12.836341,2023-09-01,0.5195086,0.5210701
BiLSTM+Attention,val,77.441301_12.840832,2023-09-01,0.49282432,0.49999368
BiLSTM+Attention,val,77.441301_12.944139,2023-09-01,0.5405964,0.53771096
BiLSTM+Attention,val,77.441301_12.94863,2023-09-01,0.4946038,0.49167097
BiLSTM+Attention,val,77.441301_13.056428,2023-09-01,0.4244566,0.43987226
BiLSTM+Attention,val,77.441301_13.069903,2023-09-01,0.44121096,0.45028085
BiLSTM+Attention,val,77.441301_13.083377,2023-09-01,0.45369872,0.44114965
BiLSTM+Attention,val,77.441301_13.110327,2023-09-01,0.44142398,0.42330182
BiLSTM+Attention,val,77.445793_12.840832,2023-09-01,0.5944242,0.564337
BiLSTM+Attention,val,77.445793_12.86329,2023-09-01,0.6098787,0.5867593
BiLSTM+Attention,val,77.445793_12.867782,2023-09-01,0.5891024,0.57165104
BiLSTM+Attention,val,77.445793_12.912697,2023-09-01,0.5104064,0.51047456
BiLSTM+Attention,val,77.445793_12.957613,2023-09-01,0.48311073,0.4823497
BiLSTM+Attention,val,77.445793_12.984563,2023-09-01,0.50109446,0.5052625
BiLSTM+Attention,val,77.450284_12.809391,2023-09-01,0.5451797,0.5514648
BiLSTM+Attention,val,77.450284_12.872273,2023-09-01,0.5886008,0.5723123
BiLSTM+Attention,val,77.450284_12.89024,2023-09-01,0.56167907,0.57126755
BiLSTM+Attention,val,77.450284_12.971088,2023-09-01,0.4946729,0.47313732
BiLSTM+Attention,val,77.450284_12.993546,2023-09-01,0.40646937,0.3895594
BiLSTM+Attention,val,77.450284_13.029478,2023-09-01,0.44840533,0.43366218
BiLSTM+Attention,val,77.450284_13.047445,2023-09-01,0.43526444,0.44461346
BiLSTM+Attention,val,77.450284_13.146259,2023-09-01,0.48790818,0.49270678
BiLSTM+Attention,val,77.454776_12.809391,2023-09-01,0.5101369,0.5172722
BiLSTM+Attention,val,77.454776_12.885748,2023-09-01,0.54300535,0.5441216
BiLSTM+Attention,val,77.454776_12.980071,2023-09-01,0.42259985,0.43047893
BiLSTM+Attention,val,77.454776_12.993546,2023-09-01,0.4323404,0.41559726
BiLSTM+Attention,val,77.454776_13.078886,2023-09-01,0.4340492,0.4472854
BiLSTM+Attention,val,77.454776_13.087869,2023-09-01,0.42344004,0.41685224
BiLSTM+Attention,val,77.454776_13.114818,2023-09-01,0.47446224,0.48445457
BiLSTM+Attention,val,77.454776_13.141768,2023-09-01,0.49129254,0.49782985
BiLSTM+Attention,val,77.459267_12.8049,2023-09-01,0.57909983,0.59730643
BiLSTM+Attention,val,77.459267_12.822866,2023-09-01,0.5785079,0.5489071
BiLSTM+Attention,val,77.459267_12.845324,2023-09-01,0.55341125,0.5627364
BiLSTM+Attention,val,77.459267_12.872273,2023-09-01,0.5599182,0.53908616
BiLSTM+Attention,val,77.459267_12.903714,2023-09-01,0.5132892,0.4912423
BiLSTM+Attention,val,77.459267_12.926172,2023-09-01,0.5316728,0.5287876
BiLSTM+Attention,val,77.459267_12.97558,2023-09-01,0.4373301,0.44370043
BiLSTM+Attention,val,77.459267_13.016004,2023-09-01,0.42379156,0.4142267
BiLSTM+Attention,val,77.459267_13.020495,2023-09-01,0.4173477,0.4048449
BiLSTM+Attention,val,77.459267_13.11931,2023-09-01,0.47132337,0.47896492
BiLSTM+Attention,val,77.463759_12.813883,2023-09-01,0.52284014,0.502223
BiLSTM+Attention,val,77.463759_12.836341,2023-09-01,0.5504071,0.55999756
BiLSTM+Attention,val,77.463759_12.86329,2023-09-01,0.5962432,0.57472223
BiLSTM+Attention,val,77.463759_12.867782,2023-09-01,0.54927766,0.55537736
BiLSTM+Attention,val,77.463759_12.872273,2023-09-01,0.5250586,0.5297673
BiLSTM+Attention,val,77.463759_12.881256,2023-09-01,0.5783922,0.5768676
BiLSTM+Attention,val,77.463759_12.885748,2023-09-01,0.6094612,0.59010035
BiLSTM+Attention,val,77.463759_12.894731,2023-09-01,0.5490696,0.523651
BiLSTM+Attention,val,77.463759_12.899223,2023-09-01,0.55167687,0.5313991
BiLSTM+Attention,val,77.463759_12.917189,2023-09-01,0.48005584,0.47628665
BiLSTM+Attention,val,77.463759_12.953122,2023-09-01,0.75836384,0.73877424
BiLSTM+Attention,val,77.463759_13.03397,2023-09-01,0.39057332,0.40476978
BiLSTM+Attention,val,77.463759_13.078886,2023-09-01,0.5025178,0.5174606
BiLSTM+Attention,val,77.46825_12.827358,2023-09-01,0.4919332,0.47482288
BiLSTM+Attention,val,77.46825_12.836341,2023-09-01,0.5577963,0.5632224
BiLSTM+Attention,val,77.46825_12.894731,2023-09-01,0.5292115,0.5035038
BiLSTM+Attention,val,77.46825_12.94863,2023-09-01,0.5739305,0.5713255
BiLSTM+Attention,val,77.46825_12.953122,2023-09-01,0.53342307,0.50605834
BiLSTM+Attention,val,77.46825_12.966596,2023-09-01,0.51149243,0.48733056
BiLSTM+Attention,val,77.46825_13.007021,2023-09-01,0.43206927,0.41803825
BiLSTM+Attention,val,77.46825_13.020495,2023-09-01,0.47579366,0.4853438
BiLSTM+Attention,val,77.46825_13.114818,2023-09-01,0.5154069,0.5203106
BiLSTM+Attention,val,77.46825_13.150751,2023-09-01,0.45418987,0.43693888
BiLSTM+Attention,val,77.46825_13.1777,2023-09-01,0.51668054,0.5152502
BiLSTM+Attention,val,77.472742_12.746509,2023-09-01,0.6167591,0.6135811
BiLSTM+Attention,val,77.472742_12.751001,2023-09-01,0.57056826,0.568543
BiLSTM+Attention,val,77.472742_12.755492,2023-09-01,0.58758086,0.58483845
BiLSTM+Attention,val,77.472742_12.795916,2023-09-01,0.5257831,0.5309492
BiLSTM+Attention,val,77.472742_12.836341,2023-09-01,0.5478552,0.5574159
BiLSTM+Attention,val,77.472742_12.984563,2023-09-01,0.44932055,0.45687282
BiLSTM+Attention,val,77.472742_13.087869,2023-09-01,0.45670244,0.4696095
BiLSTM+Attention,val,77.477234_12.764475,2023-09-01,0.58193594,0.5840966
BiLSTM+Attention,val,77.477234_12.782442,2023-09-01,0.5177535,0.531549
BiLSTM+Attention,val,77.477234_12.840832,2023-09-01,0.5496064,0.5536789
BiLSTM+Attention,val,77.477234_12.899223,2023-09-01,0.4895049,0.47579443
BiLSTM+Attention,val,77.477234_12.935155,2023-09-01,0.60043454,0.60703254
BiLSTM+Attention,val,77.477234_12.944139,2023-09-01,0.53051764,0.5262166
BiLSTM+Attention,val,77.477234_12.94863,2023-09-01,0.54135984,0.5429933
BiLSTM+Attention,val,77.477234_12.971088,2023-09-01,0.5000818,0.49873334
BiLSTM+Attention,val,77.477234_13.002529,2023-09-01,0.40355065,0.4178515
BiLSTM+Attention,val,77.477234_13.056428,2023-09-01,0.45843902,0.46561986
BiLSTM+Attention,val,77.481725_12.737526,2023-09-01,0.59335756,0.5937916
BiLSTM+Attention,val,77.481725_12.768967,2023-09-01,0.576875,0.5867449
BiLSTM+Attention,val,77.481725_12.831849,2023-09-01,0.52053726,0.49729002
BiLSTM+Attention,val,77.481725_12.89024,2023-09-01,0.5687736,0.54504466
BiLSTM+Attention,val,77.481725_12.894731,2023-09-01,0.5359459,0.50870675
BiLSTM+Attention,val,77.481725_12.944139,2023-09-01,0.54330194,0.5394147
BiLSTM+Attention,val,77.481725_12.971088,2023-09-01,0.42487535,0.42918423
BiLSTM+Attention,val,77.481725_12.980071,2023-09-01,0.47812068,0.48471904
BiLSTM+Attention,val,77.481725_13.024987,2023-09-01,0.45717832,0.45985585
BiLSTM+Attention,val,77.481725_13.03397,2023-09-01,0.4342509,0.44442764
BiLSTM+Attention,val,77.481725_13.096852,2023-09-01,0.56571925,0.5506499
BiLSTM+Attention,val,77.481725_13.137276,2023-09-01,0.6429469,0.64003193
BiLSTM+Attention,val,77.486217_12.764475,2023-09-01,0.5717774,0.5701069
BiLSTM+Attention,val,77.486217_12.872273,2023-09-01,0.49647644,0.50535494
BiLSTM+Attention,val,77.486217_12.939647,2023-09-01,0.55877197,0.55823696
BiLSTM+Attention,val,77.486217_12.998037,2023-09-01,0.45097902,0.46452218
BiLSTM+Attention,val,77.486217_13.042953,2023-09-01,0.53052807,0.51524043
BiLSTM+Attention,val,77.486217_13.06092,2023-09-01,0.52307874,0.5423571
BiLSTM+Attention,val,77.486217_13.114818,2023-09-01,0.45587134,0.4631427
BiLSTM+Attention,val,77.486217_13.11931,2023-09-01,0.4731462,0.48058432
BiLSTM+Attention,val,77.490708_12.768967,2023-09-01,0.56353176,0.5693631
BiLSTM+Attention,val,77.490708_12.8049,2023-09-01,0.5415907,0.5507742
BiLSTM+Attention,val,77.490708_12.849815,2023-09-01,0.5668572,0.58675504
BiLSTM+Attention,val,77.490708_12.89024,2023-09-01,0.5278208,0.5019687
BiLSTM+Attention,val,77.490708_13.051936,2023-09-01,0.5714928,0.58363676
BiLSTM+Attention,val,77.490708_13.087869,2023-09-01,0.5125339,0.52553463
BiLSTM+Attention,val,77.490708_13.092361,2023-09-01,0.50801206,0.5178708
BiLSTM+Attention,val,77.490708_13.096852,2023-09-01,0.53808576,0.5503115
BiLSTM+Attention,val,77.490708_13.182192,2023-09-01,0.5551698,0.5637577
BiLSTM+Attention,val,77.490708_13.209142,2023-09-01,0.5115678,0.51816404
BiLSTM+Attention,val,77.4952_12.786933,2023-09-01,0.52383745,0.5376712
BiLSTM+Attention,val,77.4952_12.836341,2023-09-01,0.5232796,0.52941686
BiLSTM+Attention,val,77.4952_12.899223,2023-09-01,0.5475578,0.54832786
BiLSTM+Attention,val,77.4952_12.962105,2023-09-01,0.54327315,0.54691595
BiLSTM+Attention,val,77.4952_13.020495,2023-09-01,0.49960852,0.5075681
BiLSTM+Attention,val,77.4952_13.024987,2023-09-01,0.48923278,0.49932718
BiLSTM+Attention,val,77.4952_13.03397,2023-09-01,0.5424567,0.55540216
BiLSTM+Attention,val,77.4952_13.087869,2023-09-01,0.48679715,0.4963221
BiLSTM+Attention,val,77.4952_13.092361,2023-09-01,0.5132458,0.5252006
BiLSTM+Attention,val,77.4952_13.182192,2023-09-01,0.5547249,0.5679203
BiLSTM+Attention,val,77.499692_12.755492,2023-09-01,0.6618884,0.63053775
BiLSTM+Attention,val,77.499692_12.858799,2023-09-01,0.61434823,0.6176943
BiLSTM+Attention,val,77.499692_12.899223,2023-09-01,0.5295526,0.532474
BiLSTM+Attention,val,77.499692_12.984563,2023-09-01,0.4931342,0.5014408
BiLSTM+Attention,val,77.499692_13.114818,2023-09-01,0.47503465,0.48181206
BiLSTM+Attention,val,77.499692_13.137276,2023-09-01,0.49609184,0.48232836
BiLSTM+Attention,val,77.499692_13.168717,2023-09-01,0.60356975,0.6176723
BiLSTM+Attention,val,77.504183_12.764475,2023-09-01,0.63445187,0.64076036
BiLSTM+Attention,val,77.504183_12.786933,2023-09-01,0.59188426,0.6034319
BiLSTM+Attention,val,77.504183_12.818374,2023-09-01,0.5928893,0.56352353
BiLSTM+Attention,val,77.504183_12.854307,2023-09-01,0.58522594,0.56047124
BiLSTM+Attention,val,77.504183_12.858799,2023-09-01,0.613112,0.61889756
BiLSTM+Attention,val,77.504183_12.953122,2023-09-01,0.5451715,0.52811325
BiLSTM+Attention,val,77.504183_13.083377,2023-09-01,0.54498917,0.55619866
BiLSTM+Attention,val,77.504183_13.141768,2023-09-01,0.5451198,0.5526836
BiLSTM+Attention,val,77.504183_13.159734,2023-09-01,0.63405454,0.63854253
BiLSTM+Attention,val,77.504183_13.195667,2023-09-01,0.4873835,0.49912584
BiLSTM+Attention,val,77.508675_12.751001,2023-09-01,0.6683147,0.6416295
BiLSTM+Attention,val,77.508675_12.795916,2023-09-01,0.6532767,0.6339244
BiLSTM+Attention,val,77.508675_12.831849,2023-09-01,0.5948868,0.5667733
BiLSTM+Attention,val,77.508675_12.836341,2023-09-01,0.59032005,0.5910176
BiLSTM+Attention,val,77.508675_12.845324,2023-09-01,0.5845835,0.5644135
BiLSTM+Attention,val,77.508675_12.903714,2023-09-01,0.5117239,0.48582637
BiLSTM+Attention,val,77.508675_12.912697,2023-09-01,0.5490562,0.5301172
BiLSTM+Attention,val,77.508675_12.917189,2023-09-01,0.61414945,0.58899504
BiLSTM+Attention,val,77.508675_13.114818,2023-09-01,0.46534896,0.44476038
BiLSTM+Attention,val,77.508675_13.137276,2023-09-01,0.49484938,0.5003412
BiLSTM+Attention,val,77.508675_13.159734,2023-09-01,0.61997765,0.6261748
BiLSTM+Attention,val,77.508675_13.191175,2023-09-01,0.51292664,0.523048
BiLSTM+Attention,val,77.513166_12.746509,2023-09-01,0.73148096,0.7548133
BiLSTM+Attention,val,77.513166_12.764475,2023-09-01,0.59773934,0.5939968
BiLSTM+Attention,val,77.513166_12.77795,2023-09-01,0.7220441,0.7169816
BiLSTM+Attention,val,77.513166_12.822866,2023-09-01,0.6674555,0.6390991
BiLSTM+Attention,val,77.513166_12.908206,2023-09-01,0.51356304,0.49092638
BiLSTM+Attention,val,77.513166_13.087869,2023-09-01,0.545972,0.54764086
BiLSTM+Attention,val,77.513166_13.096852,2023-09-01,0.6098377,0.6233717
BiLSTM+Attention,val,77.513166_13.137276,2023-09-01,0.4590248,0.4644614
BiLSTM+Attention,val,77.513166_13.1777,2023-09-01,0.53826565,0.5439591
BiLSTM+Attention,val,77.517658_12.764475,2023-09-01,0.6436221,0.63875973
BiLSTM+Attention,val,77.517658_12.77795,2023-09-01,0.69741356,0.67676777
BiLSTM+Attention,val,77.517658_12.782442,2023-09-01,0.6962498,0.68375677
BiLSTM+Attention,val,77.517658_12.795916,2023-09-01,0.62742114,0.63481057
BiLSTM+Attention,val,77.517658_12.827358,2023-09-01,0.5947602,0.56108177
BiLSTM+Attention,val,77.517658_12.849815,2023-09-01,0.5896701,0.56682307
BiLSTM+Attention,val,77.517658_12.885748,2023-09-01,0.5584786,0.56904775
BiLSTM+Attention,val,77.517658_12.89024,2023-09-01,0.5499965,0.5549574
BiLSTM+Attention,val,77.517658_12.899223,2023-09-01,0.56973696,0.55132747
BiLSTM+Attention,val,77.517658_12.998037,2023-09-01,0.5641054,0.5668444
BiLSTM+Attention,val,77.517658_13.11931,2023-09-01,0.43219554,0.41584787
BiLSTM+Attention,val,77.517658_13.182192,2023-09-01,0.541713,0.547341
BiLSTM+Attention,val,77.517658_13.186684,2023-09-01,0.5505882,0.5571959
BiLSTM+Attention,val,77.517658_13.191175,2023-09-01,0.49422976,0.50141156
BiLSTM+Attention,val,77.522149_12.751001,2023-09-01,0.67607856,0.68799615
BiLSTM+Attention,val,77.522149_12.755492,2023-09-01,0.65212643,0.6553487
BiLSTM+Attention,val,77.522149_12.759984,2023-09-01,0.6849679,0.6941764
BiLSTM+Attention,val,77.522149_12.782442,2023-09-01,0.67930114,0.70143044
BiLSTM+Attention,val,77.522149_12.809391,2023-09-01,0.7421214,0.76364154
BiLSTM+Attention,val,77.522149_12.813883,2023-09-01,0.58809114,0.5600819
BiLSTM+Attention,val,77.522149_12.818374,2023-09-01,0.5734587,0.5448691
BiLSTM+Attention,val,77.522149_12.836341,2023-09-01,0.55498844,0.5584194
BiLSTM+Attention,val,77.522149_12.845324,2023-09-01,0.60065264,0.5733859
BiLSTM+Attention,val,77.522149_13.056428,2023-09-01,0.59679073,0.5811531
BiLSTM+Attention,val,77.522149_13.078886,2023-09-01,0.54661995,0.5570909
BiLSTM+Attention,val,77.522149_13.146259,2023-09-01,0.42278266,0.43280733
BiLSTM+Attention,val,77.522149_13.200158,2023-09-01,0.56186223,0.5403688
BiLSTM+Attention,val,77.526641_12.751001,2023-09-01,0.688078,0.69106907
BiLSTM+Attention,val,77.526641_12.840832,2023-09-01,0.6252722,0.63213557
BiLSTM+Attention,val,77.526641_12.89024,2023-09-01,0.6214246,0.61298937
BiLSTM+Attention,val,77.526641_12.899223,2023-09-01,0.59306604,0.5755714
BiLSTM+Attention,val,77.526641_13.078886,2023-09-01,0.56048685,0.5727549
BiLSTM+Attention,val,77.526641_13.105835,2023-09-01,0.44391522,0.4259733
BiLSTM+Attention,val,77.526641_13.110327,2023-09-01,0.4398456,0.42382297
BiLSTM+Attention,val,77.531133_12.791425,2023-09-01,0.5824884,0.59338903
BiLSTM+Attention,val,77.531133_12.795916,2023-09-01,0.65312994,0.63387126
BiLSTM+Attention,val,77.531133_12.800408,2023-09-01,0.59762245,0.60008776
BiLSTM+Attention,val,77.531133_12.822866,2023-09-01,0.60226136,0.5722589
BiLSTM+Attention,val,77.531133_12.827358,2023-09-01,0.5853146,0.58417845
BiLSTM+Attention,val,77.531133_12.894731,2023-09-01,0.54535013,0.52338713
BiLSTM+Attention,val,77.531133_13.083377,2023-09-01,0.55383915,0.5372116
BiLSTM+Attention,val,77.531133_13.114818,2023-09-01,0.42285258,0.44008157
BiLSTM+Attention,val,77.531133_13.195667,2023-09-01,0.54523474,0.55451894
BiLSTM+Attention,val,77.535624_12.77795,2023-09-01,0.72597295,0.74816495
BiLSTM+Attention,val,77.535624_12.822866,2023-09-01,0.6754713,0.68527776
BiLSTM+Attention,val,77.535624_12.872273,2023-09-01,0.5102138,0.49083662
BiLSTM+Attention,val,77.535624_12.899223,2023-09-01,0.5263134,0.5100199
BiLSTM+Attention,val,77.535624_13.069903,2023-09-01,0.657623,0.64760864
BiLSTM+Attention,val,77.535624_13.083377,2023-09-01,0.54645,0.5293661
BiLSTM+Attention,val,77.535624_13.096852,2023-09-01,0.48731267,0.47043586
BiLSTM+Attention,val,77.535624_13.114818,2023-09-01,0.44854128,0.46452296
BiLSTM+Attention,val,77.535624_13.132785,2023-09-01,0.47378722,0.4873085
BiLSTM+Attention,val,77.535624_13.137276,2023-09-01,0.44474342,0.43032163
BiLSTM+Attention,val,77.535624_13.195667,2023-09-01,0.48732418,0.49966085
BiLSTM+Attention,val,77.540116_12.77795,2023-09-01,0.6256301,0.6327763
BiLSTM+Attention,val,77.540116_12.795916,2023-09-01,0.6731738,0.6547488
BiLSTM+Attention,val,77.540116_13.042953,2023-09-01,0.58665615,0.56712765
BiLSTM+Attention,val,77.540116_13.074394,2023-09-01,0.60485744,0.59009594
BiLSTM+Attention,val,77.540116_13.092361,2023-09-01,0.44530773,0.43387303
BiLSTM+Attention,val,77.540116_13.101344,2023-09-01,0.47520897,0.45512205
BiLSTM+Attention,val,77.540116_13.105835,2023-09-01,0.48843086,0.47422212
BiLSTM+Attention,val,77.540116_13.114818,2023-09-01,0.44932106,0.44180596
BiLSTM+Attention,val,77.540116_13.132785,2023-09-01,0.4590089,0.47380096
BiLSTM+Attention,val,77.540116_13.155243,2023-09-01,0.5139488,0.494417
BiLSTM+Attention,val,77.540116_13.182192,2023-09-01,0.48025385,0.46355128
BiLSTM+Attention,val,77.544607_12.831849,2023-09-01,0.73592585,0.75210917
BiLSTM+Attention,val,77.544607_13.218125,2023-09-01,0.5357814,0.5491132
BiLSTM+Attention,val,77.549099_12.822866,2023-09-01,0.7533871,0.7640817
BiLSTM+Attention,val,77.549099_12.831849,2023-09-01,0.69614494,0.68336487
BiLSTM+Attention,val,77.549099_12.836341,2023-09-01,0.6683604,0.64322823
BiLSTM+Attention,val,77.549099_12.845324,2023-09-01,0.62393236,0.6340416
BiLSTM+Attention,val,77.549099_12.867782,2023-09-01,0.54840577,0.56339264
BiLSTM+Attention,val,77.549099_12.876765,2023-09-01,0.5116219,0.52311623
BiLSTM+Attention,val,77.549099_12.894731,2023-09-01,0.621301,0.6065364
BiLSTM+Attention,val,77.549099_13.096852,2023-09-01,0.4873453,0.4961717
BiLSTM+Attention,val,77.549099_13.132785,2023-09-01,0.61903024,0.5997557
BiLSTM+Attention,val,77.55359_12.71956,2023-09-01,0.7957029,0.7858304
BiLSTM+Attention,val,77.55359_12.782442,2023-09-01,0.6969518,0.71354884
BiLSTM+Attention,val,77.55359_12.849815,2023-09-01,0.61827976,0.62497675
BiLSTM+Attention,val,77.55359_12.872273,2023-09-01,0.50551,0.5197723
BiLSTM+Attention,val,77.55359_13.069903,2023-09-01,0.6983218,0.70837134
BiLSTM+Attention,val,77.55359_13.101344,2023-09-01,0.46772453,0.44960374
BiLSTM+Attention,val,77.55359_13.110327,2023-09-01,0.5262194,0.51165074
BiLSTM+Attention,val,77.55359_13.128293,2023-09-01,0.59791493,0.57803524
BiLSTM+Attention,val,77.55359_13.168717,2023-09-01,0.49634257,0.50679946
BiLSTM+Attention,val,77.55359_13.173209,2023-09-01,0.41956818,0.4389317
BiLSTM+Attention,val,77.558082_12.710577,2023-09-01,0.8236908,0.82128763
BiLSTM+Attention,val,77.558082_12.827358,2023-09-01,0.68395,0.69596726
BiLSTM+Attention,val,77.558082_12.845324,2023-09-01,0.6624862,0.680309
BiLSTM+Attention,val,77.558082_13.042953,2023-09-01,0.66430503,0.64469194
BiLSTM+Attention,val,77.558082_13.051936,2023-09-01,0.69451433,0.68123037
BiLSTM+Attention,val,77.558082_13.110327,2023-09-01,0.53442085,0.514817
BiLSTM+Attention,val,77.558082_13.168717,2023-09-01,0.5100314,0.52148914
BiLSTM+Attention,val,77.558082_13.1777,2023-09-01,0.49167305,0.49792343
BiLSTM+Attention,val,77.562574_12.71956,2023-09-01,0.7649386,0.7981313
BiLSTM+Attention,val,77.562574_12.827358,2023-09-01,0.7211016,0.7000113
BiLSTM+Attention,val,77.562574_12.858799,2023-09-01,0.5418967,0.52742285
BiLSTM+Attention,val,77.562574_12.872273,2023-09-01,0.6241812,0.60923725
BiLSTM+Attention,val,77.562574_12.876765,2023-09-01,0.6199829,0.6247457
BiLSTM+Attention,val,77.562574_13.141768,2023-09-01,0.5127863,0.4906873
BiLSTM+Attention,val,77.562574_13.159734,2023-09-01,0.5125352,0.51881325
BiLSTM+Attention,val,77.562574_13.173209,2023-09-01,0.5191949,0.527045
BiLSTM+Attention,val,77.567065_12.724051,2023-09-01,0.7140241,0.73163253
BiLSTM+Attention,val,77.567065_12.813883,2023-09-01,0.68404984,0.68938416
BiLSTM+Attention,val,77.567065_12.849815,2023-09-01,0.6584646,0.6726411
BiLSTM+Attention,val,77.567065_13.105835,2023-09-01,0.5682942,0.5770109
BiLSTM+Attention,val,77.567065_13.114818,2023-09-01,0.64243823,0.6277359
BiLSTM+Attention,val,77.567065_13.182192,2023-09-01,0.51574147,0.5258373
BiLSTM+Attention,val,77.571557_12.71956,2023-09-01,0.74786544,0.7807778
BiLSTM+Attention,val,77.571557_12.800408,2023-09-01,0.6713695,0.68358165
BiLSTM+Attention,val,77.571557_12.813883,2023-09-01,0.75310206,0.76400435
BiLSTM+Attention,val,77.571557_12.849815,2023-09-01,0.6622558,0.67276937
BiLSTM+Attention,val,77.571557_13.141768,2023-09-01,0.48825738,0.49478233
BiLSTM+Attention,val,77.571557_13.146259,2023-09-01,0.49163225,0.49830365
BiLSTM+Attention,val,77.576048_12.71956,2023-09-01,0.7140786,0.74641246
BiLSTM+Attention,val,77.576048_12.728543,2023-09-01,0.74340475,0.73303306
BiLSTM+Attention,val,77.576048_12.742018,2023-09-01,0.71123064,0.7449563
BiLSTM+Attention,val,77.576048_12.813883,2023-09-01,0.7638554,0.78325605
BiLSTM+Attention,val,77.576048_12.827358,2023-09-01,0.6777557,0.6549841
BiLSTM+Attention,val,77.58054_12.800408,2023-09-01,0.7105694,0.72984576
BiLSTM+Attention,val,77.58054_12.845324,2023-09-01,0.69437826,0.6843325
BiLSTM+Attention,val,77.58054_13.083377,2023-09-01,0.55698663,0.53162056
BiLSTM+Attention,val,77.58054_13.087869,2023-09-01,0.53098255,0.5103028
BiLSTM+Attention,val,77.585031_12.849815,2023-09-01,0.6918221,0.67768115
BiLSTM+Attention,val,77.585031_13.042953,2023-09-01,0.69276106,0.6751879
BiLSTM+Attention,val,77.585031_13.137276,2023-09-01,0.49530715,0.50161684
BiLSTM+Attention,val,77.589523_12.71956,2023-09-01,0.85396457,0.8477105
BiLSTM+Attention,val,77.589523_12.746509,2023-09-01,0.7417369,0.7369225
BiLSTM+Attention,val,77.589523_12.854307,2023-09-01,0.6395097,0.6216376
BiLSTM+Attention,val,77.589523_12.971088,2023-09-01,0.7299502,0.73374575
BiLSTM+Attention,val,77.589523_13.083377,2023-09-01,0.6407872,0.61634576
BiLSTM+Attention,val,77.589523_13.150751,2023-09-01,0.50078547,0.5071009
BiLSTM+Attention,val,77.594015_12.724051,2023-09-01,0.831351,0.82170063
BiLSTM+Attention,val,77.594015_12.733034,2023-09-01,0.7708526,0.790056
BiLSTM+Attention,val,77.594015_12.755492,2023-09-01,0.6745607,0.6870771
BiLSTM+Attention,val,77.594015_12.831849,2023-09-01,0.6543116,0.6304452
BiLSTM+Attention,val,77.594015_12.836341,2023-09-01,0.64419913,0.6613036
BiLSTM+Attention,val,77.594015_12.840832,2023-09-01,0.6447235,0.66393936
BiLSTM+Attention,val,77.594015_12.849815,2023-09-01,0.63556296,0.65440255
BiLSTM+Attention,val,77.594015_12.998037,2023-09-01,0.7479684,0.7296236
BiLSTM+Attention,val,77.594015_13.087869,2023-09-01,0.6254609,0.6033738
BiLSTM+Attention,val,77.598506_12.665661,2023-09-01,0.83353573,0.8365928
BiLSTM+Attention,val,77.598506_12.710577,2023-09-01,0.7616348,0.73316973
BiLSTM+Attention,val,77.598506_12.822866,2023-09-01,0.6493776,0.6558527
BiLSTM+Attention,val,77.598506_12.849815,2023-09-01,0.67553097,0.6977234
BiLSTM+Attention,val,77.598506_13.083377,2023-09-01,0.618476,0.5986966
BiLSTM+Attention,val,77.598506_13.128293,2023-09-01,0.5578018,0.56725425
BiLSTM+Attention,val,77.598506_13.141768,2023-09-01,0.4715816,0.4836113
BiLSTM+Attention,val,77.598506_13.146259,2023-09-01,0.45154545,0.46675223
BiLSTM+Attention,val,77.602998_12.710577,2023-09-01,0.79957247,0.77646744
BiLSTM+Attention,val,77.602998_12.827358,2023-09-01,0.5948884,0.5739587
BiLSTM+Attention,val,77.602998_12.849815,2023-09-01,0.5807792,0.5880507
BiLSTM+Attention,val,77.602998_12.858799,2023-09-01,0.5895625,0.6001199
BiLSTM+Attention,val,77.602998_13.114818,2023-09-01,0.6121712,0.5906646
BiLSTM+Attention,val,77.602998_13.11931,2023-09-01,0.57766986,0.5886838
BiLSTM+Attention,val,77.602998_13.128293,2023-09-01,0.52743423,0.5344902
BiLSTM+Attention,val,77.602998_13.164226,2023-09-01,0.48422265,0.49803865
BiLSTM+Attention,val,77.607489_12.768967,2023-09-01,0.66653204,0.64733386
BiLSTM+Attention,val,77.607489_12.773459,2023-09-01,0.64006233,0.622767
BiLSTM+Attention,val,77.607489_12.791425,2023-09-01,0.62811995,0.604254
BiLSTM+Attention,val,77.607489_12.809391,2023-09-01,0.68323433,0.6940621
BiLSTM+Attention,val,77.607489_12.818374,2023-09-01,0.71200335,0.722934
BiLSTM+Attention,val,77.607489_13.087869,2023-09-01,0.7116472,0.7001529
BiLSTM+Attention,val,77.611981_12.674644,2023-09-01,0.8290287,0.83196205
BiLSTM+Attention,val,77.611981_12.768967,2023-09-01,0.59141856,0.60296816
BiLSTM+Attention,val,77.611981_12.831849,2023-09-01,0.62838376,0.6025342
BiLSTM+Attention,val,77.611981_12.867782,2023-09-01,0.55872154,0.5667424
BiLSTM+Attention,val,77.611981_12.953122,2023-09-01,0.7529138,0.73689765
BiLSTM+Attention,val,77.611981_13.105835,2023-09-01,0.55204934,0.5689165
BiLSTM+Attention,val,77.611981_13.168717,2023-09-01,0.48473507,0.4714346
BiLSTM+Attention,val,77.611981_13.182192,2023-09-01,0.4294794,0.44476277
BiLSTM+Attention,val,77.616473_12.831849,2023-09-01,0.64117247,0.65038496
BiLSTM+Attention,val,77.616473_12.858799,2023-09-01,0.56979966,0.5755936
BiLSTM+Attention,val,77.616473_13.114818,2023-09-01,0.5785911,0.59109247
BiLSTM+Attention,val,77.616473_13.141768,2023-09-01,0.5074003,0.51830524
BiLSTM+Attention,val,77.616473_13.1777,2023-09-01,0.42241248,0.44148898
BiLSTM+Attention,val,77.620964_12.674644,2023-09-01,0.83603084,0.8380333
BiLSTM+Attention,val,77.620964_12.795916,2023-09-01,0.5453419,0.55938697
BiLSTM+Attention,val,77.620964_12.813883,2023-09-01,0.5366109,0.5490486
BiLSTM+Attention,val,77.620964_12.845324,2023-09-01,0.6811023,0.686732
BiLSTM+Attention,val,77.620964_12.858799,2023-09-01,0.5510345,0.5614124
BiLSTM+Attention,val,77.620964_13.132785,2023-09-01,0.5589691,0.56359875
BiLSTM+Attention,val,77.625456_12.782442,2023-09-01,0.5744368,0.588754
BiLSTM+Attention,val,77.625456_12.858799,2023-09-01,0.5165278,0.52588207
BiLSTM+Attention,val,77.625456_13.065411,2023-09-01,0.4537397,0.4511673
BiLSTM+Attention,val,77.625456_13.128293,2023-09-01,0.56270313,0.56271744
BiLSTM+Attention,val,77.625456_13.137276,2023-09-01,0.49739274,0.50530106
BiLSTM+Attention,val,77.625456_13.155243,2023-09-01,0.61448604,0.6420444
BiLSTM+Attention,val,77.625456_13.182192,2023-09-01,0.45689523,0.47478855
BiLSTM+Attention,val,77.629947_12.795916,2023-09-01,0.7853456,0.7807321
BiLSTM+Attention,val,77.629947_12.809391,2023-09-01,0.59042364,0.5646721
BiLSTM+Attention,val,77.629947_12.836341,2023-09-01,0.6211085,0.61780035
BiLSTM+Attention,val,77.629947_12.854307,2023-09-01,0.59451115,0.57147646
BiLSTM+Attention,val,77.629947_12.858799,2023-09-01,0.5385987,0.5435868
BiLSTM+Attention,val,77.629947_13.06092,2023-09-01,0.47698212,0.47160447
BiLSTM+Attention,val,77.629947_13.087869,2023-09-01,0.5018417,0.48179126
BiLSTM+Attention,val,77.629947_13.1777,2023-09-01,0.48419392,0.49726713
BiLSTM+Attention,val,77.634439_12.679136,2023-09-01,0.7808219,0.7767065
BiLSTM+Attention,val,77.634439_12.701593,2023-09-01,0.7273529,0.7266244
BiLSTM+Attention,val,77.634439_12.733034,2023-09-01,0.5812159,0.56496495
BiLSTM+Attention,val,77.634439_12.746509,2023-09-01,0.6151396,0.6003572
BiLSTM+Attention,val,77.634439_12.751001,2023-09-01,0.6112069,0.584107
BiLSTM+Attention,val,77.634439_12.849815,2023-09-01,0.59999764,0.5852378
BiLSTM+Attention,val,77.634439_13.047445,2023-09-01,0.54070777,0.53951263
BiLSTM+Attention,val,77.634439_13.083377,2023-09-01,0.46408144,0.44249588
BiLSTM+Attention,val,77.634439_13.137276,2023-09-01,0.45577183,0.4621907
BiLSTM+Attention,val,77.63893_12.688119,2023-09-01,0.7203183,0.71541965
BiLSTM+Attention,val,77.63893_12.742018,2023-09-01,0.63058907,0.60750216
BiLSTM+Attention,val,77.63893_12.791425,2023-09-01,0.6237002,0.60716695
BiLSTM+Attention,val,77.63893_12.800408,2023-09-01,0.5774853,0.5574253
BiLSTM+Attention,val,77.63893_12.818374,2023-09-01,0.59352726,0.57024324
BiLSTM+Attention,val,77.63893_12.840832,2023-09-01,0.643236,0.66315985
BiLSTM+Attention,val,77.63893_12.872273,2023-09-01,0.4913038,0.49970394
BiLSTM+Attention,val,77.63893_12.917189,2023-09-01,0.7326607,0.75052774
BiLSTM+Attention,val,77.63893_12.989054,2023-09-01,0.6614825,0.65434575
BiLSTM+Attention,val,77.63893_13.056428,2023-09-01,0.5015065,0.5013547
BiLSTM+Attention,val,77.63893_13.078886,2023-09-01,0.469565,0.44867876
BiLSTM+Attention,val,77.63893_13.083377,2023-09-01,0.45834732,0.43592608
BiLSTM+Attention,val,77.63893_13.1777,2023-09-01,0.46561375,0.48305392
BiLSTM+Attention,val,77.643422_12.795916,2023-09-01,0.56856453,0.57328284
BiLSTM+Attention,val,77.643422_12.800408,2023-09-01,0.5824114,0.5604548
BiLSTM+Attention,val,77.643422_12.809391,2023-09-01,0.6097208,0.5946792
BiLSTM+Attention,val,77.643422_12.867782,2023-09-01,0.5295824,0.53777
BiLSTM+Attention,val,77.643422_13.002529,2023-09-01,0.56859946,0.5703507
BiLSTM+Attention,val,77.643422_13.038462,2023-09-01,0.56444144,0.55733454
BiLSTM+Attention,val,77.643422_13.164226,2023-09-01,0.6000931,0.58825225
BiLSTM+Attention,val,77.647914_12.688119,2023-09-01,0.75922984,0.75678754
BiLSTM+Attention,val,77.647914_12.733034,2023-09-01,0.5824392,0.5939727
BiLSTM+Attention,val,77.647914_12.881256,2023-09-01,0.54436374,0.5510821
BiLSTM+Attention,val,77.647914_12.935155,2023-09-01,0.6977585,0.68654764
BiLSTM+Attention,val,77.647914_13.141768,2023-09-01,0.6057825,0.623108
BiLSTM+Attention,val,77.647914_13.168717,2023-09-01,0.6418594,0.6628738
BiLSTM+Attention,val,77.652405_12.697102,2023-09-01,0.7241275,0.7119305
BiLSTM+Attention,val,77.652405_12.773459,2023-09-01,0.55485165,0.5599164
BiLSTM+Attention,val,77.652405_12.795916,2023-09-01,0.5611545,0.5346482
BiLSTM+Attention,val,77.652405_12.8049,2023-09-01,0.58533084,0.59260625
BiLSTM+Attention,val,77.652405_12.858799,2023-09-01,0.68116146,0.6924393
BiLSTM+Attention,val,77.652405_12.926172,2023-09-01,0.66877496,0.6732497
BiLSTM+Attention,val,77.652405_13.002529,2023-09-01,0.55719906,0.5578951
BiLSTM+Attention,val,77.656897_12.742018,2023-09-01,0.64120424,0.622459
BiLSTM+Attention,val,77.656897_12.746509,2023-09-01,0.62116814,0.5973102
BiLSTM+Attention,val,77.656897_12.768967,2023-09-01,0.6058772,0.6139072
BiLSTM+Attention,val,77.656897_12.791425,2023-09-01,0.5480036,0.56063277
BiLSTM+Attention,val,77.656897_12.800408,2023-09-01,0.6004542,0.60395265
BiLSTM+Attention,val,77.656897_12.831849,2023-09-01,0.6336711,0.6172043
BiLSTM+Attention,val,77.656897_12.849815,2023-09-01,0.52620214,0.51451
BiLSTM+Attention,val,77.656897_12.939647,2023-09-01,0.61864865,0.6229265
BiLSTM+Attention,val,77.656897_13.101344,2023-09-01,0.4891548,0.47491497
BiLSTM+Attention,val,77.656897_13.164226,2023-09-01,0.5026197,0.4879306
BiLSTM+Attention,val,77.656897_13.173209,2023-09-01,0.44619298,0.45748442
BiLSTM+Attention,val,77.661388_12.737526,2023-09-01,0.6126116,0.6176421
BiLSTM+Attention,val,77.661388_12.759984,2023-09-01,0.6511259,0.626931
BiLSTM+Attention,val,77.661388_13.056428,2023-09-01,0.5434691,0.5245988
BiLSTM+Attention,val,77.661388_13.074394,2023-09-01,0.5446285,0.52274317
BiLSTM+Attention,val,77.661388_13.087869,2023-09-01,0.49713406,0.48635602
BiLSTM+Attention,val,77.661388_13.101344,2023-09-01,0.48502943,0.47111046
BiLSTM+Attention,val,77.661388_13.110327,2023-09-01,0.54874235,0.53842115
BiLSTM+Attention,val,77.661388_13.11931,2023-09-01,0.602152,0.5941495
BiLSTM+Attention,val,77.66588_12.679136,2023-09-01,0.71281505,0.6883957
BiLSTM+Attention,val,77.66588_12.697102,2023-09-01,0.67820954,0.6506194
BiLSTM+Attention,val,77.66588_12.715068,2023-09-01,0.6548263,0.6372903
BiLSTM+Attention,val,77.66588_12.724051,2023-09-01,0.61604303,0.6378112
BiLSTM+Attention,val,77.66588_12.751001,2023-09-01,0.6111382,0.5814191
BiLSTM+Attention,val,77.66588_12.755492,2023-09-01,0.6546819,0.6330269
BiLSTM+Attention,val,77.66588_12.764475,2023-09-01,0.63288474,0.6095346
BiLSTM+Attention,val,77.66588_12.768967,2023-09-01,0.72990316,0.74743706
BiLSTM+Attention,val,77.66588_12.791425,2023-09-01,0.63681084,0.64559567
BiLSTM+Attention,val,77.66588_12.953122,2023-09-01,0.6535116,0.63667923
BiLSTM+Attention,val,77.66588_13.038462,2023-09-01,0.55521196,0.53158665
BiLSTM+Attention,val,77.66588_13.051936,2023-09-01,0.58109206,0.5592198
BiLSTM+Attention,val,77.66588_13.173209,2023-09-01,0.4557688,0.466668
BiLSTM+Attention,val,77.670371_12.71956,2023-09-01,0.6145943,0.6302975
BiLSTM+Attention,val,77.670371_12.86329,2023-09-01,0.53597903,0.5487745
BiLSTM+Attention,val,77.670371_12.881256,2023-09-01,0.52687645,0.52824146
BiLSTM+Attention,val,77.670371_12.894731,2023-09-01,0.4700035,0.47119182
BiLSTM+Attention,val,77.670371_13.069903,2023-09-01,0.48480546,0.46254325
BiLSTM+Attention,val,77.670371_13.083377,2023-09-01,0.44572613,0.43262905
BiLSTM+Attention,val,77.670371_13.092361,2023-09-01,0.44906625,0.44086957
BiLSTM+Attention,val,77.670371_13.128293,2023-09-01,0.532645,0.5113781
BiLSTM+Attention,val,77.674863_12.674644,2023-09-01,0.7174248,0.73944026
BiLSTM+Attention,val,77.674863_12.71956,2023-09-01,0.6570658,0.6374247
BiLSTM+Attention,val,77.674863_12.755492,2023-09-01,0.5988058,0.5709696
BiLSTM+Attention,val,77.674863_12.764475,2023-09-01,0.6133884,0.58690304
BiLSTM+Attention,val,77.674863_12.786933,2023-09-01,0.6425752,0.6135326
BiLSTM+Attention,val,77.674863_12.836341,2023-09-01,0.58294725,0.56285524
BiLSTM+Attention,val,77.674863_12.867782,2023-09-01,0.7103663,0.71647036
BiLSTM+Attention,val,77.674863_13.051936,2023-09-01,0.58992684,0.5711403
BiLSTM+Attention,val,77.674863_13.069903,2023-09-01,0.4668376,0.44791156
BiLSTM+Attention,val,77.674863_13.092361,2023-09-01,0.46884277,0.45753056
BiLSTM+Attention,val,77.674863_13.105835,2023-09-01,0.5256116,0.5044385
BiLSTM+Attention,val,77.679355_12.697102,2023-09-01,0.62376493,0.59866714
BiLSTM+Attention,val,77.679355_12.746509,2023-09-01,0.7105688,0.6926257
BiLSTM+Attention,val,77.679355_12.881256,2023-09-01,0.5527467,0.5621527
BiLSTM+Attention,val,77.679355_12.89024,2023-09-01,0.5615566,0.56436926
BiLSTM+Attention,val,77.679355_12.899223,2023-09-01,0.48293453,0.48223364
BiLSTM+Attention,val,77.679355_13.047445,2023-09-01,0.7459368,0.74525183
BiLSTM+Attention,val,77.679355_13.056428,2023-09-01,0.56172705,0.5420109
BiLSTM+Attention,val,77.679355_13.074394,2023-09-01,0.48560402,0.46622604
BiLSTM+Attention,val,77.679355_13.101344,2023-09-01,0.48689562,0.4758557
BiLSTM+Attention,val,77.679355_13.141768,2023-09-01,0.5230502,0.50466275
BiLSTM+Attention,val,77.679355_13.155243,2023-09-01,0.45093718,0.4350834
BiLSTM+Attention,val,77.679355_13.159734,2023-09-01,0.47531757,0.45782334
BiLSTM+Attention,val,77.683846_12.728543,2023-09-01,0.64113176,0.61079234
BiLSTM+Attention,val,77.683846_12.742018,2023-09-01,0.5767974,0.55818796
BiLSTM+Attention,val,77.683846_12.755492,2023-09-01,0.7214039,0.7444343
BiLSTM+Attention,val,77.683846_12.795916,2023-09-01,0.620924,0.59095424
BiLSTM+Attention,val,77.683846_12.8049,2023-09-01,0.57982606,0.56108546
BiLSTM+Attention,val,77.683846_12.836341,2023-09-01,0.6272372,0.60753334
BiLSTM+Attention,val,77.683846_12.840832,2023-09-01,0.63559574,0.6143155
BiLSTM+Attention,val,77.683846_12.894731,2023-09-01,0.5752622,0.57796675
BiLSTM+Attention,val,77.683846_12.917189,2023-09-01,0.5110569,0.49508488
BiLSTM+Attention,val,77.683846_12.939647,2023-09-01,0.7239709,0.7377635
BiLSTM+Attention,val,77.683846_13.029478,2023-09-01,0.41980433,0.4238271
BiLSTM+Attention,val,77.683846_13.06092,2023-09-01,0.5345862,0.5112938
BiLSTM+Attention,val,77.683846_13.074394,2023-09-01,0.45315608,0.4366058
BiLSTM+Attention,val,77.683846_13.11931,2023-09-01,0.43452787,0.4154873
BiLSTM+Attention,val,77.683846_13.123802,2023-09-01,0.4828741,0.46217716
BiLSTM+Attention,val,77.688338_12.656678,2023-09-01,0.7281472,0.7513225
BiLSTM+Attention,val,77.688338_12.69261,2023-09-01,0.8041862,0.79832476
BiLSTM+Attention,val,77.688338_12.697102,2023-09-01,0.8095569,0.7964423
BiLSTM+Attention,val,77.688338_12.710577,2023-09-01,0.77357906,0.80839646
BiLSTM+Attention,val,77.688338_12.751001,2023-09-01,0.62140983,0.6322073
BiLSTM+Attention,val,77.688338_12.755492,2023-09-01,0.59386396,0.5994631
BiLSTM+Attention,val,77.688338_12.876765,2023-09-01,0.76858795,0.785451
BiLSTM+Attention,val,77.688338_12.885748,2023-09-01,0.5875148,0.59245443
BiLSTM+Attention,val,77.688338_12.966596,2023-09-01,0.6247539,0.61699754
BiLSTM+Attention,val,77.692829_12.746509,2023-09-01,0.52241224,0.5320337
BiLSTM+Attention,val,77.692829_12.800408,2023-09-01,0.5830028,0.5560646
BiLSTM+Attention,val,77.692829_12.845324,2023-09-01,0.6449064,0.6279167
BiLSTM+Attention,val,77.692829_12.885748,2023-09-01,0.61313874,0.61472523
BiLSTM+Attention,val,77.692829_12.899223,2023-09-01,0.56674224,0.53685254
BiLSTM+Attention,val,77.692829_13.047445,2023-09-01,0.71881276,0.73795485
BiLSTM+Attention,val,77.692829_13.06092,2023-09-01,0.6296584,0.6089729
BiLSTM+Attention,val,77.692829_13.065411,2023-09-01,0.58292603,0.56361884
BiLSTM+Attention,val,77.692829_13.083377,2023-09-01,0.45001885,0.43608862
BiLSTM+Attention,val,77.692829_13.096852,2023-09-01,0.43186653,0.41900837
BiLSTM+Attention,val,77.692829_13.132785,2023-09-01,0.4127933,0.3991015
BiLSTM+Attention,val,77.692829_13.155243,2023-09-01,0.45206785,0.43766308
BiLSTM+Attention,val,77.697321_12.697102,2023-09-01,0.81235933,0.80692965
BiLSTM+Attention,val,77.697321_12.751001,2023-09-01,0.5861282,0.5920078
BiLSTM+Attention,val,77.697321_12.773459,2023-09-01,0.5534335,0.55655605
BiLSTM+Attention,val,77.697321_12.791425,2023-09-01,0.6364981,0.6417005
BiLSTM+Attention,val,77.697321_12.885748,2023-09-01,0.6165711,0.61817
BiLSTM+Attention,val,77.697321_12.894731,2023-09-01,0.5821749,0.5465984
BiLSTM+Attention,val,77.697321_12.930664,2023-09-01,0.5771713,0.57796824
BiLSTM+Attention,val,77.697321_12.966596,2023-09-01,0.57659274,0.59116626
BiLSTM+Attention,val,77.697321_13.132785,2023-09-01,0.4127933,0.39710492
BiLSTM+Attention,val,77.697321_13.150751,2023-09-01,0.46779838,0.4547729
BiLSTM+Attention,val,77.697321_13.1777,2023-09-01,0.5614657,0.5485119
BiLSTM+Attention,val,77.701812_12.742018,2023-09-01,0.5876505,0.5846068
BiLSTM+Attention,val,77.701812_12.77795,2023-09-01,0.5540216,0.5647756
BiLSTM+Attention,val,77.701812_12.8049,2023-09-01,0.6246126,0.6348783
BiLSTM+Attention,val,77.701812_12.822866,2023-09-01,0.6228631,0.6021937
BiLSTM+Attention,val,77.701812_12.872273,2023-09-01,0.55499154,0.5555036
BiLSTM+Attention,val,77.701812_12.984563,2023-09-01,0.52871954,0.51874685
BiLSTM+Attention,val,77.701812_13.03397,2023-09-01,0.4827465,0.48921394
BiLSTM+Attention,val,77.701812_13.114818,2023-09-01,0.49707475,0.4830836
BiLSTM+Attention,val,77.701812_13.164226,2023-09-01,0.49349818,0.4854396
BiLSTM+Attention,val,77.706304_12.746509,2023-09-01,0.6008737,0.6016596
BiLSTM+Attention,val,77.706304_12.751001,2023-09-01,0.6076085,0.61556554
BiLSTM+Attention,val,77.706304_12.759984,2023-09-01,0.5244036,0.5364513
BiLSTM+Attention,val,77.706304_12.764475,2023-09-01,0.561863,0.57133746
BiLSTM+Attention,val,77.706304_12.86329,2023-09-01,0.5008545,0.51065904
BiLSTM+Attention,val,77.706304_12.984563,2023-09-01,0.5360367,0.5233015
BiLSTM+Attention,val,77.706304_13.038462,2023-09-01,0.5081119,0.490915
BiLSTM+Attention,val,77.706304_13.042953,2023-09-01,0.55962366,0.5394372
BiLSTM+Attention,val,77.706304_13.137276,2023-09-01,0.6601216,0.64924955
BiLSTM+Attention,val,77.710796_12.715068,2023-09-01,0.6938545,0.6726745
BiLSTM+Attention,val,77.710796_12.894731,2023-09-01,0.63137835,0.64555895
BiLSTM+Attention,val,77.710796_12.899223,2023-09-01,0.58050126,0.5908745
BiLSTM+Attention,val,77.710796_12.912697,2023-09-01,0.51982045,0.5099886
BiLSTM+Attention,val,77.710796_13.03397,2023-09-01,0.49299803,0.47924542
BiLSTM+Attention,val,77.710796_13.11931,2023-09-01,0.46792796,0.45848304
BiLSTM+Attention,val,77.710796_13.123802,2023-09-01,0.43732038,0.42571545
BiLSTM+Attention,val,77.710796_13.132785,2023-09-01,0.46525496,0.44530815
BiLSTM+Attention,val,77.710796_13.150751,2023-09-01,0.44437823,0.43390495
BiLSTM+Attention,val,77.710796_13.168717,2023-09-01,0.51294297,0.50355643
BiLSTM+Attention,val,77.710796_13.173209,2023-09-01,0.5215581,0.505779
BiLSTM+Attention,val,77.715287_12.679136,2023-09-01,0.751717,0.74879944
BiLSTM+Attention,val,77.715287_12.742018,2023-09-01,0.61916006,0.5918877
BiLSTM+Attention,val,77.715287_12.773459,2023-09-01,0.55361354,0.5591331
BiLSTM+Attention,val,77.715287_12.822866,2023-09-01,0.64170945,0.6159838
BiLSTM+Attention,val,77.715287_12.827358,2023-09-01,0.6099639,0.5874615
BiLSTM+Attention,val,77.715287_12.845324,2023-09-01,0.55770415,0.5408897
BiLSTM+Attention,val,77.715287_12.885748,2023-09-01,0.6287598,0.6091324
BiLSTM+Attention,val,77.715287_12.899223,2023-09-01,0.4964673,0.5093794
BiLSTM+Attention,val,77.715287_12.939647,2023-09-01,0.74420303,0.7465387
BiLSTM+Attention,val,77.715287_12.944139,2023-09-01,0.76674724,0.7789139
BiLSTM+Attention,val,77.715287_12.94863,2023-09-01,0.6139859,0.627001
BiLSTM+Attention,val,77.715287_13.016004,2023-09-01,0.55012673,0.5615714
BiLSTM+Attention,val,77.715287_13.029478,2023-09-01,0.45505884,0.44289285
BiLSTM+Attention,val,77.715287_13.038462,2023-09-01,0.5777035,0.56183434
BiLSTM+Attention,val,77.715287_13.051936,2023-09-01,0.5660979,0.5500279
BiLSTM+Attention,val,77.715287_13.056428,2023-09-01,0.49931484,0.47835785
BiLSTM+Attention,val,77.715287_13.096852,2023-09-01,0.39378884,0.3872557
BiLSTM+Attention,val,77.715287_13.114818,2023-09-01,0.5329779,0.52087605
BiLSTM+Attention,val,77.715287_13.128293,2023-09-01,0.4778432,0.45861453
BiLSTM+Attention,val,77.719779_12.706085,2023-09-01,0.67436534,0.6867884
BiLSTM+Attention,val,77.719779_12.746509,2023-09-01,0.74197334,0.7263459
BiLSTM+Attention,val,77.719779_12.795916,2023-09-01,0.6032068,0.5861728
BiLSTM+Attention,val,77.719779_12.840832,2023-09-01,0.63865197,0.62286234
BiLSTM+Attention,val,77.719779_12.903714,2023-09-01,0.49423766,0.5011809
BiLSTM+Attention,val,77.719779_13.069903,2023-09-01,0.4642476,0.44781268
BiLSTM+Attention,val,77.719779_13.105835,2023-09-01,0.49108538,0.4742393
BiLSTM+Attention,val,77.719779_13.123802,2023-09-01,0.4481252,0.43030602
BiLSTM+Attention,val,77.719779_13.137276,2023-09-01,0.45363486,0.43596423
BiLSTM+Attention,val,77.719779_13.155243,2023-09-01,0.44490564,0.43254906
BiLSTM+Attention,val,77.72427_12.674644,2023-09-01,0.6586063,0.6292971
BiLSTM+Attention,val,77.72427_12.697102,2023-09-01,0.5507277,0.5670087
BiLSTM+Attention,val,77.72427_12.701593,2023-09-01,0.5776119,0.5901843
BiLSTM+Attention,val,77.72427_12.724051,2023-09-01,0.6201319,0.61862314
BiLSTM+Attention,val,77.72427_12.786933,2023-09-01,0.5967372,0.60069317
BiLSTM+Attention,val,77.72427_12.791425,2023-09-01,0.5951452,0.6010356
BiLSTM+Attention,val,77.72427_12.840832,2023-09-01,0.6183039,0.6005932
BiLSTM+Attention,val,77.72427_12.867782,2023-09-01,0.53383285,0.54164463
BiLSTM+Attention,val,77.72427_12.885748,2023-09-01,0.57016546,0.57804674
BiLSTM+Attention,val,77.72427_13.024987,2023-09-01,0.7398823,0.7513496
BiLSTM+Attention,val,77.72427_13.06092,2023-09-01,0.48242703,0.46709234
BiLSTM+Attention,val,77.72427_13.074394,2023-09-01,0.49221405,0.4819457
BiLSTM+Attention,val,77.728762_12.706085,2023-09-01,0.6485054,0.6674474
BiLSTM+Attention,val,77.728762_12.724051,2023-09-01,0.6867064,0.6953915
BiLSTM+Attention,val,77.728762_12.759984,2023-09-01,0.6246196,0.6003926
BiLSTM+Attention,val,77.728762_12.782442,2023-09-01,0.6476324,0.6275981
BiLSTM+Attention,val,77.728762_12.809391,2023-09-01,0.63800716,0.60857755
BiLSTM+Attention,val,77.728762_12.858799,2023-09-01,0.6055283,0.6196601
BiLSTM+Attention,val,77.728762_12.876765,2023-09-01,0.6161722,0.6265795
BiLSTM+Attention,val,77.728762_12.885748,2023-09-01,0.55898046,0.5693645
BiLSTM+Attention,val,77.728762_13.016004,2023-09-01,0.7279618,0.7407464
BiLSTM+Attention,val,77.728762_13.047445,2023-09-01,0.5468004,0.5252168
BiLSTM+Attention,val,77.728762_13.087869,2023-09-01,0.5161074,0.5111928
BiLSTM+Attention,val,77.728762_13.092361,2023-09-01,0.47800046,0.46299487
BiLSTM+Attention,val,77.733253_12.755492,2023-09-01,0.5647008,0.56485456
BiLSTM+Attention,val,77.733253_12.795916,2023-09-01,0.56669605,0.575132
BiLSTM+Attention,val,77.733253_12.86329,2023-09-01,0.61877215,0.631886
BiLSTM+Attention,val,77.733253_12.872273,2023-09-01,0.60234004,0.61946386
BiLSTM+Attention,val,77.733253_12.998037,2023-09-01,0.6394172,0.63941413
BiLSTM+Attention,val,77.733253_13.056428,2023-09-01,0.4591289,0.44401455
BiLSTM+Attention,val,77.737745_12.764475,2023-09-01,0.57307136,0.5434872
BiLSTM+Attention,val,77.737745_12.791425,2023-09-01,0.61600786,0.59496415
BiLSTM+Attention,val,77.737745_12.809391,2023-09-01,0.61176056,0.58240014
BiLSTM+Attention,val,77.737745_12.858799,2023-09-01,0.61353606,0.5967009
BiLSTM+Attention,val,77.737745_12.872273,2023-09-01,0.6097356,0.62268174
BiLSTM+Attention,val,77.737745_12.881256,2023-09-01,0.65897685,0.64614064
BiLSTM+Attention,val,77.737745_13.051936,2023-09-01,0.48309088,0.46695787
BiLSTM+Attention,val,77.737745_13.06092,2023-09-01,0.48795906,0.47295123
BiLSTM+Attention,val,77.737745_13.078886,2023-09-01,0.5149698,0.50482994
BiLSTM+Attention,val,77.737745_13.101344,2023-09-01,0.440541,0.42578965
BiLSTM+Attention,val,77.742237_12.697102,2023-09-01,0.72597677,0.71327806
BiLSTM+Attention,val,77.742237_12.764475,2023-09-01,0.5572721,0.56191343
BiLSTM+Attention,val,77.742237_12.795916,2023-09-01,0.55187696,0.5615035
BiLSTM+Attention,val,77.742237_12.8049,2023-09-01,0.5946766,0.5989325
BiLSTM+Attention,val,77.742237_12.86329,2023-09-01,0.55356026,0.53234833
BiLSTM+Attention,val,77.742237_12.867782,2023-09-01,0.61472654,0.62458915
BiLSTM+Attention,val,77.742237_12.89024,2023-09-01,0.644586,0.6250147
BiLSTM+Attention,val,77.742237_12.899223,2023-09-01,0.59620774,0.60316926
BiLSTM+Attention,val,77.742237_12.921681,2023-09-01,0.5449925,0.5448
BiLSTM+Attention,val,77.742237_12.980071,2023-09-01,0.6048258,0.5892321
BiLSTM+Attention,val,77.742237_13.002529,2023-09-01,0.60072446,0.61315227
BiLSTM+Attention,val,77.742237_13.016004,2023-09-01,0.6318242,0.6245454
BiLSTM+Attention,val,77.742237_13.038462,2023-09-01,0.4612602,0.4502871
BiLSTM+Attention,val,77.742237_13.074394,2023-09-01,0.4381805,0.4274271
BiLSTM+Attention,val,77.742237_13.078886,2023-09-01,0.5009012,0.48942953
BiLSTM+Attention,val,77.742237_13.101344,2023-09-01,0.4627085,0.4484734
BiLSTM+Attention,val,77.746728_12.751001,2023-09-01,0.58538914,0.5934004
BiLSTM+Attention,val,77.746728_12.764475,2023-09-01,0.57660276,0.5832834
BiLSTM+Attention,val,77.746728_12.782442,2023-09-01,0.642587,0.6248739
BiLSTM+Attention,val,77.746728_12.97558,2023-09-01,0.625355,0.6023368
BiLSTM+Attention,val,77.746728_12.984563,2023-09-01,0.6154861,0.60549206
BiLSTM+Attention,val,77.746728_13.016004,2023-09-01,0.6439133,0.6231327
BiLSTM+Attention,val,77.746728_13.020495,2023-09-01,0.6723878,0.6578983
BiLSTM+Attention,val,77.746728_13.024987,2023-09-01,0.5818508,0.56413454
BiLSTM+Attention,val,77.746728_13.038462,2023-09-01,0.4897532,0.47654444
BiLSTM+Attention,val,77.746728_13.06092,2023-09-01,0.44804987,0.435933
BiLSTM+Attention,val,77.746728_13.083377,2023-09-01,0.5001984,0.4879821
BiLSTM+Attention,val,77.746728_13.092361,2023-09-01,0.4579308,0.44445467
BiLSTM+Attention,val,77.75122_12.751001,2023-09-01,0.6056622,0.58552355
BiLSTM+Attention,val,77.75122_12.755492,2023-09-01,0.61921024,0.63139826
BiLSTM+Attention,val,77.75122_12.768967,2023-09-01,0.5403105,0.5535076
BiLSTM+Attention,val,77.75122_12.77795,2023-09-01,0.609159,0.5918428
BiLSTM+Attention,val,77.75122_12.894731,2023-09-01,0.5383968,0.5473518
BiLSTM+Attention,val,77.75122_12.993546,2023-09-01,0.55613714,0.54528946
BiLSTM+Attention,val,77.75122_13.020495,2023-09-01,0.6055017,0.5921991
BiLSTM+Attention,val,77.75122_13.03397,2023-09-01,0.5006949,0.49233264
BiLSTM+Attention,val,77.75122_13.038462,2023-09-01,0.46982604,0.4557973
BiLSTM+Attention,val,77.755711_12.706085,2023-09-01,0.60596275,0.63022995
BiLSTM+Attention,val,77.755711_12.764475,2023-09-01,0.77331674,0.8182501
BiLSTM+Attention,val,77.755711_12.77795,2023-09-01,0.59191763,0.5754407
BiLSTM+Attention,val,77.755711_12.822866,2023-09-01,0.56500894,0.57243985
BiLSTM+Attention,val,77.755711_12.831849,2023-09-01,0.56837165,0.5430649
BiLSTM+Attention,val,77.755711_12.858799,2023-09-01,0.6164617,0.5946634
BiLSTM+Attention,val,77.755711_12.885748,2023-09-01,0.6039199,0.57967806
BiLSTM+Attention,val,77.755711_12.899223,2023-09-01,0.50543475,0.51253915
BiLSTM+Attention,val,77.755711_12.903714,2023-09-01,0.5600901,0.5698454
BiLSTM+Attention,val,77.755711_12.926172,2023-09-01,0.5806768,0.58861077
BiLSTM+Attention,val,77.760203_12.751001,2023-09-01,0.602189,0.58282304
BiLSTM+Attention,val,77.760203_12.795916,2023-09-01,0.5833536,0.56195045
BiLSTM+Attention,val,77.760203_12.818374,2023-09-01,0.64164424,0.65065366
BiLSTM+Attention,val,77.760203_12.867782,2023-09-01,0.57492113,0.5572957
BiLSTM+Attention,val,77.760203_12.872273,2023-09-01,0.5871956,0.5677161
BiLSTM+Attention,val,77.760203_12.876765,2023-09-01,0.5583517,0.53953356
BiLSTM+Attention,val,77.760203_12.885748,2023-09-01,0.5455315,0.55558234
BiLSTM+Attention,val,77.760203_12.984563,2023-09-01,0.6139683,0.59847766
BiLSTM+Attention,val,77.764695_12.742018,2023-09-01,0.6844433,0.70329344
BiLSTM+Attention,val,77.764695_12.746509,2023-09-01,0.6720388,0.6879826
BiLSTM+Attention,val,77.764695_12.813883,2023-09-01,0.62928647,0.6059607
BiLSTM+Attention,val,77.764695_12.849815,2023-09-01,0.601474,0.57828444
BiLSTM+Attention,val,77.764695_12.885748,2023-09-01,0.57019556,0.57773966
BiLSTM+Attention,val,77.764695_12.912697,2023-09-01,0.5973676,0.58185375
BiLSTM+Attention,val,77.764695_13.03397,2023-09-01,0.44876865,0.43647325
BiLSTM+Attention,val,77.769186_12.751001,2023-09-01,0.72528,0.7193234
BiLSTM+Attention,val,77.769186_12.791425,2023-09-01,0.5730156,0.5539817
BiLSTM+Attention,val,77.769186_12.800408,2023-09-01,0.625661,0.610179
BiLSTM+Attention,val,77.769186_12.8049,2023-09-01,0.65845567,0.6409325
BiLSTM+Attention,val,77.769186_12.809391,2023-09-01,0.59477925,0.573914
BiLSTM+Attention,val,77.769186_12.876765,2023-09-01,0.61742336,0.60434383
BiLSTM+Attention,val,77.769186_12.894731,2023-09-01,0.55076957,0.5640748
BiLSTM+Attention,val,77.769186_13.016004,2023-09-01,0.55893284,0.5415701
BiLSTM+Attention,val,77.773678_12.746509,2023-09-01,0.6883474,0.7005707
BiLSTM+Attention,val,77.773678_12.858799,2023-09-01,0.5303974,0.5357542
BiLSTM+Attention,val,77.773678_12.885748,2023-09-01,0.54146874,0.5480795
BiLSTM+Attention,val,77.773678_12.899223,2023-09-01,0.51781523,0.52623963
BiLSTM+Attention,val,77.773678_12.908206,2023-09-01,0.5555584,0.56412154
BiLSTM+Attention,val,77.778169_12.809391,2023-09-01,0.5265135,0.5397725
BiLSTM+Attention,val,77.778169_12.885748,2023-09-01,0.5600562,0.5721715
BiLSTM+Attention,val,77.782661_12.786933,2023-09-01,0.5494407,0.5590479
BiLSTM+Attention,val,77.782661_12.791425,2023-09-01,0.5774384,0.58797544
BiLSTM+Attention,val,77.782661_12.89024,2023-09-01,0.55298203,0.5606642
BiLSTM+Attention,val,77.787152_12.786933,2023-09-01,0.5632905,0.57306
BiLSTM+Attention,val,77.787152_12.849815,2023-09-01,0.532518,0.55021054
BiLSTM+Attention,val,77.787152_12.867782,2023-09-01,0.5718887,0.5516292
BiLSTM+Attention,val,77.791644_12.8049,2023-09-01,0.5884629,0.574745
BiLSTM+Attention,val,77.791644_12.899223,2023-09-01,0.54171807,0.5511599
BiLSTM+Attention,val,77.796136_12.854307,2023-09-01,0.5327258,0.5459982
BiLSTM+Attention,val,77.796136_12.885748,2023-09-01,0.5955372,0.6017439
BiLSTM+Attention,val,77.800627_12.876765,2023-09-01,0.58839214,0.60479724
BiLSTM+Attention,val,77.800627_12.885748,2023-09-01,0.55580693,0.563297
BiLSTM+Attention,val,77.805119_12.876765,2023-09-01,0.5957813,0.6164264
BiLSTM+Attention,val,77.805119_12.89024,2023-09-01,0.5848937,0.5941467
BiLSTM+Attention,val,77.80961_12.858799,2023-09-01,0.62938845,0.61162007
BiLSTM+Attention,val,77.80961_12.86329,2023-09-01,0.60781014,0.59619606
BiLSTM+Attention,val,77.329012_12.944139,2023-10-01,0.52688426,0.53552425
BiLSTM+Attention,val,77.329012_12.962105,2023-10-01,0.69757694,0.7169694
BiLSTM+Attention,val,77.337995_12.921681,2023-10-01,0.64715296,0.66128933
BiLSTM+Attention,val,77.342486_12.926172,2023-10-01,0.68555945,0.7054931
BiLSTM+Attention,val,77.342486_12.935155,2023-10-01,0.70658594,0.7376047
BiLSTM+Attention,val,77.342486_12.944139,2023-10-01,0.6750065,0.6968082
BiLSTM+Attention,val,77.346978_12.86329,2023-10-01,0.57277626,0.592401
BiLSTM+Attention,val,77.346978_12.962105,2023-10-01,0.53435403,0.5376155
BiLSTM+Attention,val,77.351469_12.89024,2023-10-01,0.5474742,0.5726868
BiLSTM+Attention,val,77.351469_12.930664,2023-10-01,0.7104706,0.73258376
BiLSTM+Attention,val,77.351469_12.939647,2023-10-01,0.6910957,0.71399605
BiLSTM+Attention,val,77.355961_12.899223,2023-10-01,0.56234396,0.5855339
BiLSTM+Attention,val,77.355961_12.94863,2023-10-01,0.5020662,0.51295197
BiLSTM+Attention,val,77.355961_12.962105,2023-10-01,0.70771664,0.73200876
BiLSTM+Attention,val,77.360453_12.867782,2023-10-01,0.4609214,0.47894037
BiLSTM+Attention,val,77.360453_12.908206,2023-10-01,0.5828083,0.60389316
BiLSTM+Attention,val,77.360453_12.926172,2023-10-01,0.70649713,0.73464864
BiLSTM+Attention,val,77.364944_12.854307,2023-10-01,0.5025861,0.51439536
BiLSTM+Attention,val,77.364944_12.962105,2023-10-01,0.49104595,0.50398016
BiLSTM+Attention,val,77.369436_12.881256,2023-10-01,0.5034735,0.52000904
BiLSTM+Attention,val,77.369436_12.89024,2023-10-01,0.50120527,0.5148348
BiLSTM+Attention,val,77.369436_12.935155,2023-10-01,0.46420854,0.4777161
BiLSTM+Attention,val,77.369436_12.998037,2023-10-01,0.500736,0.50931656
BiLSTM+Attention,val,77.369436_13.007021,2023-10-01,0.54570127,0.5630901
BiLSTM+Attention,val,77.373927_12.912697,2023-10-01,0.6045957,0.61348486
BiLSTM+Attention,val,77.373927_12.971088,2023-10-01,0.4845034,0.49693102
BiLSTM+Attention,val,77.373927_13.011512,2023-10-01,0.49624735,0.51352155
BiLSTM+Attention,val,77.373927_13.016004,2023-10-01,0.48054734,0.49793708
BiLSTM+Attention,val,77.378419_12.966596,2023-10-01,0.45988742,0.47717625
BiLSTM+Attention,val,77.382911_12.894731,2023-10-01,0.5446692,0.55996364
BiLSTM+Attention,val,77.382911_12.953122,2023-10-01,0.5196265,0.5292134
BiLSTM+Attention,val,77.382911_12.957613,2023-10-01,0.5142554,0.52219146
BiLSTM+Attention,val,77.387402_12.962105,2023-10-01,0.50509834,0.51442987
BiLSTM+Attention,val,77.387402_12.97558,2023-10-01,0.5059745,0.5155992
BiLSTM+Attention,val,77.387402_12.980071,2023-10-01,0.50849503,0.5179417
BiLSTM+Attention,val,77.391894_12.867782,2023-10-01,0.544304,0.55770797
BiLSTM+Attention,val,77.391894_12.881256,2023-10-01,0.51116395,0.53459316
BiLSTM+Attention,val,77.391894_12.885748,2023-10-01,0.543327,0.5590609
BiLSTM+Attention,val,77.396385_12.894731,2023-10-01,0.5463483,0.5590523
BiLSTM+Attention,val,77.396385_12.908206,2023-10-01,0.50473,0.5203089
BiLSTM+Attention,val,77.396385_12.944139,2023-10-01,0.55231553,0.56521666
BiLSTM+Attention,val,77.396385_12.971088,2023-10-01,0.47593728,0.49070507
BiLSTM+Attention,val,77.396385_12.97558,2023-10-01,0.45205724,0.46994245
BiLSTM+Attention,val,77.396385_13.029478,2023-10-01,0.38488892,0.40960458
BiLSTM+Attention,val,77.400877_12.957613,2023-10-01,0.5198046,0.5309203
BiLSTM+Attention,val,77.400877_12.966596,2023-10-01,0.47278893,0.4865092
BiLSTM+Attention,val,77.400877_13.029478,2023-10-01,0.3725496,0.40100932
BiLSTM+Attention,val,77.405368_12.881256,2023-10-01,0.4719709,0.4821698
BiLSTM+Attention,val,77.405368_12.89024,2023-10-01,0.49483392,0.5060434
BiLSTM+Attention,val,77.405368_12.903714,2023-10-01,0.46807933,0.476362
BiLSTM+Attention,val,77.405368_12.930664,2023-10-01,0.59367985,0.60267067
BiLSTM+Attention,val,77.405368_12.998037,2023-10-01,0.493515,0.5083981
BiLSTM+Attention,val,77.405368_13.105835,2023-10-01,0.41586718,0.4325306
BiLSTM+Attention,val,77.405368_13.11931,2023-10-01,0.3782258,0.39911693
BiLSTM+Attention,val,77.40986_12.872273,2023-10-01,0.4373971,0.44963104
BiLSTM+Attention,val,77.40986_12.881256,2023-10-01,0.4394341,0.45086384
BiLSTM+Attention,val,77.40986_12.962105,2023-10-01,0.52908945,0.54391855
BiLSTM+Attention,val,77.414352_12.930664,2023-10-01,0.54253125,0.54851097
BiLSTM+Attention,val,77.414352_12.989054,2023-10-01,0.46012488,0.46735114
BiLSTM+Attention,val,77.414352_12.993546,2023-10-01,0.46778056,0.4811902
BiLSTM+Attention,val,77.414352_13.03397,2023-10-01,0.43777236,0.45255852
BiLSTM+Attention,val,77.414352_13.096852,2023-10-01,0.4052665,0.42090526
BiLSTM+Attention,val,77.414352_13.11931,2023-10-01,0.40148816,0.4138932
BiLSTM+Attention,val,77.418843_12.876765,2023-10-01,0.4540717,0.4644071
BiLSTM+Attention,val,77.418843_12.89024,2023-10-01,0.48226425,0.4896642
BiLSTM+Attention,val,77.418843_12.94863,2023-10-01,0.53544074,0.5427343
BiLSTM+Attention,val,77.418843_12.971088,2023-10-01,0.49821687,0.50390637
BiLSTM+Attention,val,77.418843_12.993546,2023-10-01,0.49952826,0.5141687
BiLSTM+Attention,val,77.418843_13.016004,2023-10-01,0.4644296,0.47530448
BiLSTM+Attention,val,77.418843_13.024987,2023-10-01,0.45556128,0.46796024
BiLSTM+Attention,val,77.418843_13.029478,2023-10-01,0.45509228,0.46434033
BiLSTM+Attention,val,77.418843_13.146259,2023-10-01,0.36653677,0.3852713
BiLSTM+Attention,val,77.423335_12.876765,2023-10-01,0.45584992,0.4737978
BiLSTM+Attention,val,77.423335_12.921681,2023-10-01,0.5498063,0.55112535
BiLSTM+Attention,val,77.423335_12.930664,2023-10-01,0.5324907,0.53370816
BiLSTM+Attention,val,77.423335_13.002529,2023-10-01,0.5476149,0.56141734
BiLSTM+Attention,val,77.423335_13.092361,2023-10-01,0.34222862,0.37479544
BiLSTM+Attention,val,77.423335_13.141768,2023-10-01,0.42531708,0.43610013
BiLSTM+Attention,val,77.423335_13.150751,2023-10-01,0.3752922,0.39450344
BiLSTM+Attention,val,77.427826_12.845324,2023-10-01,0.3978338,0.41657415
BiLSTM+Attention,val,77.427826_12.858799,2023-10-01,0.45055047,0.45894206
BiLSTM+Attention,val,77.427826_12.930664,2023-10-01,0.5399763,0.5423909
BiLSTM+Attention,val,77.427826_12.939647,2023-10-01,0.48738664,0.48846763
BiLSTM+Attention,val,77.427826_12.944139,2023-10-01,0.50076956,0.5057986
BiLSTM+Attention,val,77.427826_13.020495,2023-10-01,0.46609715,0.4793085
BiLSTM+Attention,val,77.427826_13.024987,2023-10-01,0.45698595,0.4712873
BiLSTM+Attention,val,77.427826_13.110327,2023-10-01,0.4230321,0.43137538
BiLSTM+Attention,val,77.427826_13.132785,2023-10-01,0.4782565,0.4971558
BiLSTM+Attention,val,77.432318_12.858799,2023-10-01,0.4651434,0.47520435
BiLSTM+Attention,val,77.432318_12.86329,2023-10-01,0.47126502,0.47987235
BiLSTM+Attention,val,77.432318_12.867782,2023-10-01,0.46292284,0.4801339
BiLSTM+Attention,val,77.432318_12.881256,2023-10-01,0.50565165,0.5191964
BiLSTM+Attention,val,77.432318_12.885748,2023-10-01,0.59573597,0.61446404
BiLSTM+Attention,val,77.432318_12.957613,2023-10-01,0.487297,0.49392635
BiLSTM+Attention,val,77.432318_12.998037,2023-10-01,0.4183873,0.4319971
BiLSTM+Attention,val,77.432318_13.087869,2023-10-01,0.42704737,0.44567183
BiLSTM+Attention,val,77.432318_13.092361,2023-10-01,0.38342214,0.40366605
BiLSTM+Attention,val,77.436809_12.818374,2023-10-01,0.595497,0.5984177
BiLSTM+Attention,val,77.436809_12.840832,2023-10-01,0.5125641,0.5173191
BiLSTM+Attention,val,77.436809_12.854307,2023-10-01,0.47876015,0.48854256
BiLSTM+Attention,val,77.436809_12.912697,2023-10-01,0.6089453,0.61534023
BiLSTM+Attention,val,77.436809_12.926172,2023-10-01,0.54187423,0.5452712
BiLSTM+Attention,val,77.436809_12.944139,2023-10-01,0.5080604,0.51274216
BiLSTM+Attention,val,77.436809_13.03397,2023-10-01,0.4400424,0.45521158
BiLSTM+Attention,val,77.441301_12.818374,2023-10-01,0.6039852,0.6139049
BiLSTM+Attention,val,77.441301_12.831849,2023-10-01,0.4973293,0.5083461
BiLSTM+Attention,val,77.441301_12.836341,2023-10-01,0.52623796,0.5301519
BiLSTM+Attention,val,77.441301_12.840832,2023-10-01,0.49955368,0.508437
BiLSTM+Attention,val,77.441301_12.944139,2023-10-01,0.54542077,0.55165255
BiLSTM+Attention,val,77.441301_12.94863,2023-10-01,0.49942818,0.5046753
BiLSTM+Attention,val,77.441301_13.056428,2023-10-01,0.42920408,0.4504307
BiLSTM+Attention,val,77.441301_13.069903,2023-10-01,0.44595844,0.46142602
BiLSTM+Attention,val,77.441301_13.083377,2023-10-01,0.43276173,0.4505931
BiLSTM+Attention,val,77.441301_13.110327,2023-10-01,0.41842481,0.43379682
BiLSTM+Attention,val,77.445793_12.840832,2023-10-01,0.5722134,0.5751938
BiLSTM+Attention,val,77.445793_12.86329,2023-10-01,0.587668,0.6008814
BiLSTM+Attention,val,77.445793_12.867782,2023-10-01,0.5668917,0.58444285
BiLSTM+Attention,val,77.445793_12.912697,2023-10-01,0.51486003,0.52216816
BiLSTM+Attention,val,77.445793_12.957613,2023-10-01,0.4879351,0.4955457
BiLSTM+Attention,val,77.445793_12.984563,2023-10-01,0.5059188,0.51676905
BiLSTM+Attention,val,77.450284_12.809391,2023-10-01,0.552888,0.5606362
BiLSTM+Attention,val,77.450284_12.872273,2023-10-01,0.5663901,0.58445936
BiLSTM+Attention,val,77.450284_12.89024,2023-10-01,0.566974,0.5842783
BiLSTM+Attention,val,77.450284_12.971088,2023-10-01,0.4754177,0.48697424
BiLSTM+Attention,val,77.450284_12.993546,2023-10-01,0.38721418,0.4004255
BiLSTM+Attention,val,77.450284_13.029478,2023-10-01,0.42746836,0.44638312
BiLSTM+Attention,val,77.450284_13.047445,2023-10-01,0.44001195,0.45564902
BiLSTM+Attention,val,77.450284_13.146259,2023-10-01,0.49304852,0.5033793
BiLSTM+Attention,val,77.454776_12.809391,2023-10-01,0.51784515,0.52659225
BiLSTM+Attention,val,77.454776_12.885748,2023-10-01,0.54830027,0.55654174
BiLSTM+Attention,val,77.454776_12.980071,2023-10-01,0.4274242,0.44244814
BiLSTM+Attention,val,77.454776_12.993546,2023-10-01,0.41308522,0.42781994
BiLSTM+Attention,val,77.454776_13.078886,2023-10-01,0.43879667,0.45708203
BiLSTM+Attention,val,77.454776_13.087869,2023-10-01,0.40250304,0.42515564
BiLSTM+Attention,val,77.454776_13.114818,2023-10-01,0.47960258,0.49634778
BiLSTM+Attention,val,77.454776_13.141768,2023-10-01,0.49643287,0.50900495
BiLSTM+Attention,val,77.459267_12.8049,2023-10-01,0.5868081,0.6094152
BiLSTM+Attention,val,77.459267_12.822866,2023-10-01,0.5562972,0.5608113
BiLSTM+Attention,val,77.459267_12.845324,2023-10-01,0.56014067,0.57427156
BiLSTM+Attention,val,77.459267_12.872273,2023-10-01,0.5377075,0.5520699
BiLSTM+Attention,val,77.459267_12.903714,2023-10-01,0.49107847,0.5022314
BiLSTM+Attention,val,77.459267_12.926172,2023-10-01,0.5361264,0.540799
BiLSTM+Attention,val,77.459267_12.97558,2023-10-01,0.44215447,0.45633054
BiLSTM+Attention,val,77.459267_13.016004,2023-10-01,0.40285456,0.42512584
BiLSTM+Attention,val,77.459267_13.020495,2023-10-01,0.3964107,0.4159792
BiLSTM+Attention,val,77.459267_13.11931,2023-10-01,0.4764637,0.49021143
BiLSTM+Attention,val,77.463759_12.813883,2023-10-01,0.49807334,0.5133285
BiLSTM+Attention,val,77.463759_12.836341,2023-10-01,0.5571365,0.5730387
BiLSTM+Attention,val,77.463759_12.86329,2023-10-01,0.5740324,0.5905579
BiLSTM+Attention,val,77.463759_12.867782,2023-10-01,0.5560071,0.5705896
BiLSTM+Attention,val,77.463759_12.872273,2023-10-01,0.531788,0.5432129
BiLSTM+Attention,val,77.463759_12.881256,2023-10-01,0.5836872,0.5917118
BiLSTM+Attention,val,77.463759_12.885748,2023-10-01,0.5872505,0.6041183
BiLSTM+Attention,val,77.463759_12.894731,2023-10-01,0.52685887,0.535823
BiLSTM+Attention,val,77.463759_12.899223,2023-10-01,0.5294661,0.54330575
BiLSTM+Attention,val,77.463759_12.917189,2023-10-01,0.4845095,0.4881407
BiLSTM+Attention,val,77.463759_12.953122,2023-10-01,0.7391087,0.75347203
BiLSTM+Attention,val,77.463759_13.03397,2023-10-01,0.3953208,0.41588467
BiLSTM+Attention,val,77.463759_13.078886,2023-10-01,0.50726527,0.5309691
BiLSTM+Attention,val,77.46825_12.827358,2023-10-01,0.46972245,0.48330826
BiLSTM+Attention,val,77.46825_12.836341,2023-10-01,0.56452566,0.5758734
BiLSTM+Attention,val,77.46825_12.894731,2023-10-01,0.5070008,0.51530963
BiLSTM+Attention,val,77.46825_12.94863,2023-10-01,0.57875484,0.5859681
BiLSTM+Attention,val,77.46825_12.953122,2023-10-01,0.5141679,0.5195678
BiLSTM+Attention,val,77.46825_12.966596,2023-10-01,0.49223727,0.4997819
BiLSTM+Attention,val,77.46825_13.007021,2023-10-01,0.41281408,0.42893404
BiLSTM+Attention,val,77.46825_13.020495,2023-10-01,0.48054117,0.4978522
BiLSTM+Attention,val,77.46825_13.114818,2023-10-01,0.5205473,0.533193
BiLSTM+Attention,val,77.46825_13.150751,2023-10-01,0.4311907,0.444379
BiLSTM+Attention,val,77.46825_13.1777,2023-10-01,0.5216501,0.5262758
BiLSTM+Attention,val,77.472742_12.746509,2023-10-01,0.6244673,0.6227703
BiLSTM+Attention,val,77.472742_12.751001,2023-10-01,0.57827646,0.5757924
BiLSTM+Attention,val,77.472742_12.755492,2023-10-01,0.5952891,0.59448224
BiLSTM+Attention,val,77.472742_12.795916,2023-10-01,0.5318464,0.54254675
BiLSTM+Attention,val,77.472742_12.836341,2023-10-01,0.5545846,0.56882083
BiLSTM+Attention,val,77.472742_12.984563,2023-10-01,0.4541449,0.4682637
BiLSTM+Attention,val,77.472742_13.087869,2023-10-01,0.46144992,0.48120767
BiLSTM+Attention,val,77.477234_12.764475,2023-10-01,0.5896442,0.5944737
BiLSTM+Attention,val,77.477234_12.782442,2023-10-01,0.52546173,0.5421961
BiLSTM+Attention,val,77.477234_12.840832,2023-10-01,0.55633575,0.5659747
BiLSTM+Attention,val,77.477234_12.899223,2023-10-01,0.46729416,0.48693836
BiLSTM+Attention,val,77.477234_12.935155,2023-10-01,0.6052589,0.6194474
BiLSTM+Attention,val,77.477234_12.944139,2023-10-01,0.53534204,0.53906155
BiLSTM+Attention,val,77.477234_12.94863,2023-10-01,0.5461842,0.5560913
BiLSTM+Attention,val,77.477234_12.971088,2023-10-01,0.5049061,0.51242775
BiLSTM+Attention,val,77.477234_13.002529,2023-10-01,0.408375,0.42807013
BiLSTM+Attention,val,77.477234_13.056428,2023-10-01,0.4631865,0.47644275
BiLSTM+Attention,val,77.481725_12.737526,2023-10-01,0.60106575,0.60206836
BiLSTM+Attention,val,77.481725_12.768967,2023-10-01,0.5845832,0.60046667
BiLSTM+Attention,val,77.481725_12.831849,2023-10-01,0.4983265,0.5080205
BiLSTM+Attention,val,77.481725_12.89024,2023-10-01,0.5465629,0.5571906
BiLSTM+Attention,val,77.481725_12.894731,2023-10-01,0.5137352,0.5213372
BiLSTM+Attention,val,77.481725_12.944139,2023-10-01,0.5481263,0.5520133
BiLSTM+Attention,val,77.481725_12.971088,2023-10-01,0.42969972,0.4406352
BiLSTM+Attention,val,77.481725_12.980071,2023-10-01,0.48294502,0.4977185
BiLSTM+Attention,val,77.481725_13.024987,2023-10-01,0.46192583,0.47358352
BiLSTM+Attention,val,77.481725_13.03397,2023-10-01,0.43899837,0.4566546
BiLSTM+Attention,val,77.481725_13.096852,2023-10-01,0.5447823,0.5625409
BiLSTM+Attention,val,77.481725_13.137276,2023-10-01,0.61994773,0.6551334
BiLSTM+Attention,val,77.486217_12.764475,2023-10-01,0.57948565,0.5799541
BiLSTM+Attention,val,77.486217_12.872273,2023-10-01,0.50320584,0.5187078
BiLSTM+Attention,val,77.486217_12.939647,2023-10-01,0.56359637,0.57143456
BiLSTM+Attention,val,77.486217_12.998037,2023-10-01,0.45580336,0.4768108
BiLSTM+Attention,val,77.486217_13.042953,2023-10-01,0.50959104,0.5260136
BiLSTM+Attention,val,77.486217_13.06092,2023-10-01,0.5278262,0.55469316
BiLSTM+Attention,val,77.486217_13.114818,2023-10-01,0.46101168,0.47448432
BiLSTM+Attention,val,77.486217_13.11931,2023-10-01,0.47828656,0.49352437
BiLSTM+Attention,val,77.490708_12.768967,2023-10-01,0.57124,0.5795207
BiLSTM+Attention,val,77.490708_12.8049,2023-10-01,0.54929894,0.56312793
BiLSTM+Attention,val,77.490708_12.849815,2023-10-01,0.5735866,0.59750813
BiLSTM+Attention,val,77.490708_12.89024,2023-10-01,0.5056101,0.5139709
BiLSTM+Attention,val,77.490708_13.051936,2023-10-01,0.5762403,0.5960212
BiLSTM+Attention,val,77.490708_13.087869,2023-10-01,0.5172814,0.5371391
BiLSTM+Attention,val,77.490708_13.092361,2023-10-01,0.5127595,0.53001106
BiLSTM+Attention,val,77.490708_13.096852,2023-10-01,0.54283327,0.5629121
BiLSTM+Attention,val,77.490708_13.182192,2023-10-01,0.56013936,0.5752991
BiLSTM+Attention,val,77.490708_13.209142,2023-10-01,0.5168113,0.5322188
BiLSTM+Attention,val,77.4952_12.786933,2023-10-01,0.5315457,0.5472484
BiLSTM+Attention,val,77.4952_12.836341,2023-10-01,0.530009,0.53955066
BiLSTM+Attention,val,77.4952_12.899223,2023-10-01,0.5528527,0.56174123
BiLSTM+Attention,val,77.4952_12.962105,2023-10-01,0.5477268,0.5601848
BiLSTM+Attention,val,77.4952_13.020495,2023-10-01,0.50435597,0.5191925
BiLSTM+Attention,val,77.4952_13.024987,2023-10-01,0.4939803,0.51070505
BiLSTM+Attention,val,77.4952_13.03397,2023-10-01,0.54720414,0.56610566
BiLSTM+Attention,val,77.4952_13.087869,2023-10-01,0.49154463,0.50637037
BiLSTM+Attention,val,77.4952_13.092361,2023-10-01,0.51799333,0.5370398
BiLSTM+Attention,val,77.4952_13.182192,2023-10-01,0.5596944,0.578684
BiLSTM+Attention,val,77.499692_12.755492,2023-10-01,0.6371216,0.6424483
BiLSTM+Attention,val,77.499692_12.858799,2023-10-01,0.6210776,0.63301384
BiLSTM+Attention,val,77.499692_12.899223,2023-10-01,0.5348475,0.54655707
BiLSTM+Attention,val,77.499692_12.984563,2023-10-01,0.49795854,0.5166292
BiLSTM+Attention,val,77.499692_13.114818,2023-10-01,0.48017502,0.49264354
BiLSTM+Attention,val,77.499692_13.137276,2023-10-01,0.47309268,0.49192327
BiLSTM+Attention,val,77.499692_13.168717,2023-10-01,0.6085393,0.6258695
BiLSTM+Attention,val,77.504183_12.764475,2023-10-01,0.6421601,0.6558028
BiLSTM+Attention,val,77.504183_12.786933,2023-10-01,0.5995925,0.6160255
BiLSTM+Attention,val,77.504183_12.818374,2023-10-01,0.57067853,0.57805544
BiLSTM+Attention,val,77.504183_12.854307,2023-10-01,0.5630152,0.5733897
BiLSTM+Attention,val,77.504183_12.858799,2023-10-01,0.61984134,0.6351536
BiLSTM+Attention,val,77.504183_12.953122,2023-10-01,0.5259163,0.5424553
BiLSTM+Attention,val,77.504183_13.083377,2023-10-01,0.5497366,0.56918484
BiLSTM+Attention,val,77.504183_13.141768,2023-10-01,0.5502601,0.5623385
BiLSTM+Attention,val,77.504183_13.159734,2023-10-01,0.6391949,0.65200883
BiLSTM+Attention,val,77.504183_13.195667,2023-10-01,0.49235305,0.51084137
BiLSTM+Attention,val,77.508675_12.751001,2023-10-01,0.6442521,0.65586215
BiLSTM+Attention,val,77.508675_12.795916,2023-10-01,0.6292141,0.64840657
BiLSTM+Attention,val,77.508675_12.831849,2023-10-01,0.57298017,0.5788744
BiLSTM+Attention,val,77.508675_12.836341,2023-10-01,0.5981759,0.6040743
BiLSTM+Attention,val,77.508675_12.845324,2023-10-01,0.56267697,0.5778225
BiLSTM+Attention,val,77.508675_12.903714,2023-10-01,0.4898173,0.49525052
BiLSTM+Attention,val,77.508675_12.912697,2023-10-01,0.5325133,0.5412452
BiLSTM+Attention,val,77.508675_12.917189,2023-10-01,0.5976066,0.60340613
BiLSTM+Attention,val,77.508675_13.114818,2023-10-01,0.4431215,0.45376748
BiLSTM+Attention,val,77.508675_13.137276,2023-10-01,0.501317,0.5096048
BiLSTM+Attention,val,77.508675_13.159734,2023-10-01,0.6264453,0.6395031
BiLSTM+Attention,val,77.508675_13.191175,2023-10-01,0.51834637,0.53394383
BiLSTM+Attention,val,77.513166_12.746509,2023-10-01,0.7386282,0.7708404
BiLSTM+Attention,val,77.513166_12.764475,2023-10-01,0.6048866,0.6057651
BiLSTM+Attention,val,77.513166_12.77795,2023-10-01,0.6979815,0.7305165
BiLSTM+Attention,val,77.513166_12.822866,2023-10-01,0.6455489,0.65585434
BiLSTM+Attention,val,77.513166_12.908206,2023-10-01,0.49165642,0.50153273
BiLSTM+Attention,val,77.513166_13.087869,2023-10-01,0.55244637,0.56180954
BiLSTM+Attention,val,77.513166_13.096852,2023-10-01,0.6163121,0.63762945
BiLSTM+Attention,val,77.513166_13.137276,2023-10-01,0.4654924,0.47390038
BiLSTM+Attention,val,77.513166_13.1777,2023-10-01,0.5436854,0.5543426
BiLSTM+Attention,val,77.517658_12.764475,2023-10-01,0.65076935,0.6531765
BiLSTM+Attention,val,77.517658_12.77795,2023-10-01,0.67335093,0.6919291
BiLSTM+Attention,val,77.517658_12.782442,2023-10-01,0.67218715,0.6990363
BiLSTM+Attention,val,77.517658_12.795916,2023-10-01,0.63456845,0.65157866
BiLSTM+Attention,val,77.517658_12.827358,2023-10-01,0.5728536,0.5738507
BiLSTM+Attention,val,77.517658_12.849815,2023-10-01,0.5677635,0.5795045
BiLSTM+Attention,val,77.517658_12.885748,2023-10-01,0.5635982,0.5836691
BiLSTM+Attention,val,77.517658_12.89024,2023-10-01,0.5551161,0.5680072
BiLSTM+Attention,val,77.517658_12.899223,2023-10-01,0.5478304,0.5649474
BiLSTM+Attention,val,77.517658_12.998037,2023-10-01,0.568976,0.5811621
BiLSTM+Attention,val,77.517658_13.11931,2023-10-01,0.40996805,0.42227024
BiLSTM+Attention,val,77.517658_13.182192,2023-10-01,0.54713273,0.5596968
BiLSTM+Attention,val,77.517658_13.186684,2023-10-01,0.5560079,0.56992596
BiLSTM+Attention,val,77.517658_13.191175,2023-10-01,0.49964947,0.5120849
BiLSTM+Attention,val,77.522149_12.751001,2023-10-01,0.68322587,0.7043517
BiLSTM+Attention,val,77.522149_12.755492,2023-10-01,0.6592737,0.6700549
BiLSTM+Attention,val,77.522149_12.759984,2023-10-01,0.6921151,0.7095122
BiLSTM+Attention,val,77.522149_12.782442,2023-10-01,0.6864484,0.7177886
BiLSTM+Attention,val,77.522149_12.809391,2023-10-01,0.74926865,0.78090525
BiLSTM+Attention,val,77.522149_12.813883,2023-10-01,0.5640285,0.57391953
BiLSTM+Attention,val,77.522149_12.818374,2023-10-01,0.55155206,0.5561016
BiLSTM+Attention,val,77.522149_12.836341,2023-10-01,0.5628443,0.5719041
BiLSTM+Attention,val,77.522149_12.845324,2023-10-01,0.578746,0.58806753
BiLSTM+Attention,val,77.522149_13.056428,2023-10-01,0.57850283,0.5929072
BiLSTM+Attention,val,77.522149_13.078886,2023-10-01,0.5530943,0.56918657
BiLSTM+Attention,val,77.522149_13.146259,2023-10-01,0.42925027,0.4414521
BiLSTM+Attention,val,77.522149_13.200158,2023-10-01,0.53738195,0.5539337
BiLSTM+Attention,val,77.526641_12.751001,2023-10-01,0.6952253,0.70835507
BiLSTM+Attention,val,77.526641_12.840832,2023-10-01,0.63312805,0.64686835
BiLSTM+Attention,val,77.526641_12.89024,2023-10-01,0.59951806,0.62590617
BiLSTM+Attention,val,77.526641_12.899223,2023-10-01,0.5711594,0.5899602
BiLSTM+Attention,val,77.526641_13.078886,2023-10-01,0.5669612,0.58541304
BiLSTM+Attention,val,77.526641_13.105835,2023-10-01,0.42168775,0.43428773
BiLSTM+Attention,val,77.526641_13.110327,2023-10-01,0.4176181,0.43198317
BiLSTM+Attention,val,77.531133_12.791425,2023-10-01,0.58963567,0.60809165
BiLSTM+Attention,val,77.531133_12.795916,2023-10-01,0.6290673,0.6477835
BiLSTM+Attention,val,77.531133_12.800408,2023-10-01,0.60476977,0.6121301
BiLSTM+Attention,val,77.531133_12.822866,2023-10-01,0.5803548,0.5863232
BiLSTM+Attention,val,77.531133_12.827358,2023-10-01,0.5931704,0.59941673
BiLSTM+Attention,val,77.531133_12.894731,2023-10-01,0.5234436,0.53702974
BiLSTM+Attention,val,77.531133_13.083377,2023-10-01,0.53555125,0.5496354
BiLSTM+Attention,val,77.531133_13.114818,2023-10-01,0.4293202,0.44600257
BiLSTM+Attention,val,77.531133_13.195667,2023-10-01,0.5506544,0.5690543
BiLSTM+Attention,val,77.535624_12.77795,2023-10-01,0.7331202,0.7660687
BiLSTM+Attention,val,77.535624_12.822866,2023-10-01,0.68332714,0.7013418
BiLSTM+Attention,val,77.535624_12.872273,2023-10-01,0.48830724,0.5058026
BiLSTM+Attention,val,77.535624_12.899223,2023-10-01,0.5044068,0.52305907
BiLSTM+Attention,val,77.535624_13.069903,2023-10-01,0.6393351,0.6619327
BiLSTM+Attention,val,77.535624_13.083377,2023-10-01,0.5281621,0.54164004
BiLSTM+Attention,val,77.535624_13.096852,2023-10-01,0.46902478,0.48119265
BiLSTM+Attention,val,77.535624_13.114818,2023-10-01,0.45500892,0.47173196
BiLSTM+Attention,val,77.535624_13.132785,2023-10-01,0.48025483,0.49754387
BiLSTM+Attention,val,77.535624_13.137276,2023-10-01,0.42251596,0.4379722
BiLSTM+Attention,val,77.535624_13.195667,2023-10-01,0.49274388,0.5089848
BiLSTM+Attention,val,77.540116_12.77795,2023-10-01,0.63277733,0.6469526
BiLSTM+Attention,val,77.540116_12.795916,2023-10-01,0.64911115,0.66997594
BiLSTM+Attention,val,77.540116_13.042953,2023-10-01,0.56836826,0.5824696
BiLSTM+Attention,val,77.540116_13.074394,2023-10-01,0.58656955,0.60160655
BiLSTM+Attention,val,77.540116_13.092361,2023-10-01,0.42701986,0.44026804
BiLSTM+Attention,val,77.540116_13.101344,2023-10-01,0.45692107,0.46254647
BiLSTM+Attention,val,77.540116_13.105835,2023-10-01,0.46620336,0.48258525
BiLSTM+Attention,val,77.540116_13.114818,2023-10-01,0.4270936,0.4467262
BiLSTM+Attention,val,77.540116_13.132785,2023-10-01,0.4654765,0.48334676
BiLSTM+Attention,val,77.540116_13.155243,2023-10-01,0.4917213,0.5074229
BiLSTM+Attention,val,77.540116_13.182192,2023-10-01,0.45802638,0.47418177
BiLSTM+Attention,val,77.544607_12.831849,2023-10-01,0.7410455,0.76700974
BiLSTM+Attention,val,77.544607_13.218125,2023-10-01,0.5429534,0.5640048
BiLSTM+Attention,val,77.549099_12.822866,2023-10-01,0.7612429,0.7786045
BiLSTM+Attention,val,77.549099_12.831849,2023-10-01,0.6742383,0.6983671
BiLSTM+Attention,val,77.549099_12.836341,2023-10-01,0.64645386,0.65642947
BiLSTM+Attention,val,77.549099_12.845324,2023-10-01,0.629052,0.6494842
BiLSTM+Attention,val,77.549099_12.867782,2023-10-01,0.5535254,0.5789332
BiLSTM+Attention,val,77.549099_12.876765,2023-10-01,0.5194777,0.53823465
BiLSTM+Attention,val,77.549099_12.894731,2023-10-01,0.59939444,0.62193763
BiLSTM+Attention,val,77.549099_13.096852,2023-10-01,0.49381968,0.5074781
BiLSTM+Attention,val,77.549099_13.132785,2023-10-01,0.5968028,0.61502945
BiLSTM+Attention,val,77.55359_12.71956,2023-10-01,0.7678286,0.8017653
BiLSTM+Attention,val,77.55359_12.782442,2023-10-01,0.70409906,0.7275793
BiLSTM+Attention,val,77.55359_12.849815,2023-10-01,0.62339944,0.64015055
BiLSTM+Attention,val,77.55359_12.872273,2023-10-01,0.51062965,0.53407514
BiLSTM+Attention,val,77.55359_13.069903,2023-10-01,0.7047962,0.72073257
BiLSTM+Attention,val,77.55359_13.101344,2023-10-01,0.44943663,0.4573834
BiLSTM+Attention,val,77.55359_13.110327,2023-10-01,0.50399196,0.5211432
BiLSTM+Attention,val,77.55359_13.128293,2023-10-01,0.57568747,0.59391946
BiLSTM+Attention,val,77.55359_13.168717,2023-10-01,0.5028102,0.51922417
BiLSTM+Attention,val,77.55359_13.173209,2023-10-01,0.4260358,0.44831347
BiLSTM+Attention,val,77.558082_12.710577,2023-10-01,0.7958165,0.8352146
BiLSTM+Attention,val,77.558082_12.827358,2023-10-01,0.69180584,0.7105726
BiLSTM+Attention,val,77.558082_12.845324,2023-10-01,0.670342,0.69317704
BiLSTM+Attention,val,77.558082_13.042953,2023-10-01,0.64601713,0.6594998
BiLSTM+Attention,val,77.558082_13.051936,2023-10-01,0.6762265,0.6944421
BiLSTM+Attention,val,77.558082_13.110327,2023-10-01,0.5121934,0.5280393
BiLSTM+Attention,val,77.558082_13.168717,2023-10-01,0.516499,0.53526115
BiLSTM+Attention,val,77.558082_13.1777,2023-10-01,0.49814066,0.5093547
BiLSTM+Attention,val,77.562574_12.71956,2023-10-01,0.77007747,0.811848
BiLSTM+Attention,val,77.562574_12.827358,2023-10-01,0.69919497,0.7122748
BiLSTM+Attention,val,77.562574_12.858799,2023-10-01,0.51999015,0.53982246
BiLSTM+Attention,val,77.562574_12.872273,2023-10-01,0.6022746,0.62294036
BiLSTM+Attention,val,77.562574_12.876765,2023-10-01,0.6251025,0.6384883
BiLSTM+Attention,val,77.562574_13.141768,2023-10-01,0.49055886,0.50481987
BiLSTM+Attention,val,77.562574_13.159734,2023-10-01,0.51900285,0.53303605
BiLSTM+Attention,val,77.562574_13.173209,2023-10-01,0.5256625,0.54006517
BiLSTM+Attention,val,77.567065_12.724051,2023-10-01,0.72117144,0.7467385
BiLSTM+Attention,val,77.567065_12.813883,2023-10-01,0.68060005,0.70007277
BiLSTM+Attention,val,77.567065_12.849815,2023-10-01,0.66632044,0.6854254
BiLSTM+Attention,val,77.567065_13.105835,2023-10-01,0.57476187,0.58879405
BiLSTM+Attention,val,77.567065_13.114818,2023-10-01,0.62021077,0.64071244
BiLSTM+Attention,val,77.567065_13.182192,2023-10-01,0.5222091,0.53993744
BiLSTM+Attention,val,77.571557_12.71956,2023-10-01,0.7530043,0.7927186
BiLSTM+Attention,val,77.571557_12.800408,2023-10-01,0.6785168,0.69368905
BiLSTM+Attention,val,77.571557_12.813883,2023-10-01,0.74965227,0.7732334
BiLSTM+Attention,val,77.571557_12.849815,2023-10-01,0.67011166,0.685293
BiLSTM+Attention,val,77.571557_13.141768,2023-10-01,0.49472502,0.5092169
BiLSTM+Attention,val,77.571557_13.146259,2023-10-01,0.4980999,0.51335955
BiLSTM+Attention,val,77.576048_12.71956,2023-10-01,0.7192175,0.7582026
BiLSTM+Attention,val,77.576048_12.728543,2023-10-01,0.7193422,0.7466818
BiLSTM+Attention,val,77.576048_12.742018,2023-10-01,0.71660835,0.75994956
BiLSTM+Attention,val,77.576048_12.813883,2023-10-01,0.7692331,0.7903921
BiLSTM+Attention,val,77.576048_12.827358,2023-10-01,0.65584916,0.66738003
BiLSTM+Attention,val,77.58054_12.800408,2023-10-01,0.7177167,0.7410686
BiLSTM+Attention,val,77.58054_12.845324,2023-10-01,0.67247164,0.6929692
BiLSTM+Attention,val,77.58054_13.083377,2023-10-01,0.53869873,0.54766226
BiLSTM+Attention,val,77.58054_13.087869,2023-10-01,0.51269466,0.52454275
BiLSTM+Attention,val,77.585031_12.849815,2023-10-01,0.66991556,0.6890279
BiLSTM+Attention,val,77.585031_13.042953,2023-10-01,0.67447317,0.6884305
BiLSTM+Attention,val,77.585031_13.137276,2023-10-01,0.5017748,0.51580554
BiLSTM+Attention,val,77.589523_12.71956,2023-10-01,0.8260903,0.86094695
BiLSTM+Attention,val,77.589523_12.746509,2023-10-01,0.71767426,0.7517553
BiLSTM+Attention,val,77.589523_12.854307,2023-10-01,0.6176031,0.6362619
BiLSTM+Attention,val,77.589523_12.971088,2023-10-01,0.7375635,0.75080395
BiLSTM+Attention,val,77.589523_13.083377,2023-10-01,0.6224993,0.6322833
BiLSTM+Attention,val,77.589523_13.150751,2023-10-01,0.5072531,0.5199055
BiLSTM+Attention,val,77.594015_12.724051,2023-10-01,0.80728835,0.8358708
BiLSTM+Attention,val,77.594015_12.733034,2023-10-01,0.7779999,0.8069271
BiLSTM+Attention,val,77.594015_12.755492,2023-10-01,0.67993844,0.70271134
BiLSTM+Attention,val,77.594015_12.831849,2023-10-01,0.63240504,0.64352053
BiLSTM+Attention,val,77.594015_12.836341,2023-10-01,0.65205497,0.67227143
BiLSTM+Attention,val,77.594015_12.840832,2023-10-01,0.6525793,0.6740578
BiLSTM+Attention,val,77.594015_12.849815,2023-10-01,0.64341885,0.6673495
BiLSTM+Attention,val,77.594015_12.998037,2023-10-01,0.7314255,0.7487239
BiLSTM+Attention,val,77.594015_13.087869,2023-10-01,0.607173,0.6188498
BiLSTM+Attention,val,77.598506_12.665661,2023-10-01,0.8056614,0.8518935
BiLSTM+Attention,val,77.598506_12.710577,2023-10-01,0.7337605,0.74632066
BiLSTM+Attention,val,77.598506_12.822866,2023-10-01,0.6572334,0.6712706
BiLSTM+Attention,val,77.598506_12.849815,2023-10-01,0.6833868,0.7108071
BiLSTM+Attention,val,77.598506_13.083377,2023-10-01,0.6001881,0.614293
BiLSTM+Attention,val,77.598506_13.128293,2023-10-01,0.5632215,0.5807826
BiLSTM+Attention,val,77.598506_13.141768,2023-10-01,0.4770013,0.4964952
BiLSTM+Attention,val,77.598506_13.146259,2023-10-01,0.45696515,0.4785729
BiLSTM+Attention,val,77.602998_12.710577,2023-10-01,0.7709664,0.7907392
BiLSTM+Attention,val,77.602998_12.827358,2023-10-01,0.5749813,0.587104
BiLSTM+Attention,val,77.602998_12.849815,2023-10-01,0.58518666,0.60192126
BiLSTM+Attention,val,77.602998_12.858799,2023-10-01,0.59397,0.61198944
BiLSTM+Attention,val,77.602998_13.114818,2023-10-01,0.5920166,0.6031256
BiLSTM+Attention,val,77.602998_13.11931,2023-10-01,0.58576196,0.6017358
BiLSTM+Attention,val,77.602998_13.128293,2023-10-01,0.5326582,0.54781985
BiLSTM+Attention,val,77.602998_13.164226,2023-10-01,0.49231476,0.50935364
BiLSTM+Attention,val,77.607489_12.768967,2023-10-01,0.6428302,0.6591844
BiLSTM+Attention,val,77.607489_12.773459,2023-10-01,0.61636055,0.6336854
BiLSTM+Attention,val,77.607489_12.791425,2023-10-01,0.60441816,0.6149664
BiLSTM+Attention,val,77.607489_12.809391,2023-10-01,0.690959,0.7095464
BiLSTM+Attention,val,77.607489_12.818374,2023-10-01,0.7205839,0.73628074
BiLSTM+Attention,val,77.607489_13.087869,2023-10-01,0.6955823,0.7154162
BiLSTM+Attention,val,77.611981_12.674644,2023-10-01,0.80042267,0.84212637
BiLSTM+Attention,val,77.611981_12.768967,2023-10-01,0.5991432,0.61456853
BiLSTM+Attention,val,77.611981_12.831849,2023-10-01,0.6084767,0.6155513
BiLSTM+Attention,val,77.611981_12.867782,2023-10-01,0.563129,0.57854056
BiLSTM+Attention,val,77.611981_12.953122,2023-10-01,0.739374,0.7536896
BiLSTM+Attention,val,77.611981_13.105835,2023-10-01,0.56014144,0.5821273
BiLSTM+Attention,val,77.611981_13.168717,2023-10-01,0.4645805,0.4823417
BiLSTM+Attention,val,77.611981_13.182192,2023-10-01,0.4375715,0.45596623
BiLSTM+Attention,val,77.616473_12.831849,2023-10-01,0.64975303,0.6630913
BiLSTM+Attention,val,77.616473_12.858799,2023-10-01,0.5742072,0.5880402
BiLSTM+Attention,val,77.616473_13.114818,2023-10-01,0.5866832,0.60413784
BiLSTM+Attention,val,77.616473_13.141768,2023-10-01,0.51262426,0.5293421
BiLSTM+Attention,val,77.616473_13.1777,2023-10-01,0.4305046,0.45144582
BiLSTM+Attention,val,77.620964_12.674644,2023-10-01,0.8074247,0.8492337
BiLSTM+Attention,val,77.620964_12.795916,2023-10-01,0.55306655,0.56971264
BiLSTM+Attention,val,77.620964_12.813883,2023-10-01,0.5443355,0.5615134
BiLSTM+Attention,val,77.620964_12.845324,2023-10-01,0.6855098,0.69783616
BiLSTM+Attention,val,77.620964_12.858799,2023-10-01,0.55544204,0.57404834
BiLSTM+Attention,val,77.620964_13.132785,2023-10-01,0.56419307,0.57610345
BiLSTM+Attention,val,77.625456_12.782442,2023-10-01,0.5821614,0.6030783
BiLSTM+Attention,val,77.625456_12.858799,2023-10-01,0.52093524,0.53710407
BiLSTM+Attention,val,77.625456_13.065411,2023-10-01,0.4622319,0.46313304
BiLSTM+Attention,val,77.625456_13.128293,2023-10-01,0.5679272,0.57733804
BiLSTM+Attention,val,77.625456_13.137276,2023-10-01,0.50261676,0.5161558
BiLSTM+Attention,val,77.625456_13.155243,2023-10-01,0.62257814,0.6561039
BiLSTM+Attention,val,77.625456_13.182192,2023-10-01,0.46498734,0.487548
BiLSTM+Attention,val,77.629947_12.795916,2023-10-01,0.7616438,0.79376394
BiLSTM+Attention,val,77.629947_12.809391,2023-10-01,0.56672186,0.57799965
BiLSTM+Attention,val,77.629947_12.836341,2023-10-01,0.625516,0.632451
BiLSTM+Attention,val,77.629947_12.854307,2023-10-01,0.5746041,0.5847109
BiLSTM+Attention,val,77.629947_12.858799,2023-10-01,0.5430062,0.5566869
BiLSTM+Attention,val,77.629947_13.06092,2023-10-01,0.48547432,0.48492986
BiLSTM+Attention,val,77.629947_13.087869,2023-10-01,0.48577678,0.49403977
BiLSTM+Attention,val,77.629947_13.1777,2023-10-01,0.49228603,0.50966185
BiLSTM+Attention,val,77.634439_12.679136,2023-10-01,0.75221586,0.7888697
BiLSTM+Attention,val,77.634439_12.701593,2023-10-01,0.69874686,0.7363207
BiLSTM+Attention,val,77.634439_12.733034,2023-10-01,0.55751413,0.57905585
BiLSTM+Attention,val,77.634439_12.746509,2023-10-01,0.5914378,0.613252
BiLSTM+Attention,val,77.634439_12.751001,2023-10-01,0.58750504,0.5963885
BiLSTM+Attention,val,77.634439_12.849815,2023-10-01,0.5800906,0.5987334
BiLSTM+Attention,val,77.634439_13.047445,2023-10-01,0.54592985,0.5527309
BiLSTM+Attention,val,77.634439_13.083377,2023-10-01,0.44801652,0.45408934
BiLSTM+Attention,val,77.634439_13.137276,2023-10-01,0.46099585,0.47208303
BiLSTM+Attention,val,77.63893_12.688119,2023-10-01,0.69171226,0.7260128
BiLSTM+Attention,val,77.63893_12.742018,2023-10-01,0.6068872,0.62174445
BiLSTM+Attention,val,77.63893_12.791425,2023-10-01,0.5999984,0.62147623
BiLSTM+Attention,val,77.63893_12.800408,2023-10-01,0.55378354,0.57036155
BiLSTM+Attention,val,77.63893_12.818374,2023-10-01,0.5736202,0.5820217
BiLSTM+Attention,val,77.63893_12.840832,2023-10-01,0.6518165,0.6771116
BiLSTM+Attention,val,77.63893_12.872273,2023-10-01,0.4957113,0.5098781
BiLSTM+Attention,val,77.63893_12.917189,2023-10-01,0.7374129,0.76678324
BiLSTM+Attention,val,77.63893_12.989054,2023-10-01,0.64794266,0.6737947
BiLSTM+Attention,val,77.63893_13.056428,2023-10-01,0.50672865,0.5184724
BiLSTM+Attention,val,77.63893_13.078886,2023-10-01,0.4535001,0.4614451
BiLSTM+Attention,val,77.63893_13.083377,2023-10-01,0.4422824,0.44726616
BiLSTM+Attention,val,77.63893_13.1777,2023-10-01,0.47370586,0.49501556
BiLSTM+Attention,val,77.643422_12.795916,2023-10-01,0.5762892,0.58618855
BiLSTM+Attention,val,77.643422_12.800408,2023-10-01,0.5587096,0.5727221
BiLSTM+Attention,val,77.643422_12.809391,2023-10-01,0.58601904,0.60685885
BiLSTM+Attention,val,77.643422_12.867782,2023-10-01,0.53398985,0.5474483
BiLSTM+Attention,val,77.643422_13.002529,2023-10-01,0.5733517,0.5885049
BiLSTM+Attention,val,77.643422_13.038462,2023-10-01,0.5696636,0.5738392
BiLSTM+Attention,val,77.643422_13.164226,2023-10-01,0.5799386,0.59910667
BiLSTM+Attention,val,77.647914_12.688119,2023-10-01,0.7306238,0.76517713
BiLSTM+Attention,val,77.647914_12.733034,2023-10-01,0.59016377,0.6091687
BiLSTM+Attention,val,77.647914_12.881256,2023-10-01,0.54877126,0.5640513
BiLSTM+Attention,val,77.647914_12.935155,2023-10-01,0.6842187,0.7043815
BiLSTM+Attention,val,77.647914_13.141768,2023-10-01,0.61100656,0.6389931
BiLSTM+Attention,val,77.647914_13.168717,2023-10-01,0.6499515,0.67563
BiLSTM+Attention,val,77.652405_12.697102,2023-10-01,0.6955214,0.7239998
BiLSTM+Attention,val,77.652405_12.773459,2023-10-01,0.5625763,0.5723192
BiLSTM+Attention,val,77.652405_12.795916,2023-10-01,0.5374527,0.54402924
BiLSTM+Attention,val,77.652405_12.8049,2023-10-01,0.5930555,0.6028308
BiLSTM+Attention,val,77.652405_12.858799,2023-10-01,0.685569,0.7063416
BiLSTM+Attention,val,77.652405_12.926172,2023-10-01,0.6735272,0.6900077
BiLSTM+Attention,val,77.652405_13.002529,2023-10-01,0.5619513,0.5718649
BiLSTM+Attention,val,77.656897_12.742018,2023-10-01,0.61750245,0.6332367
BiLSTM+Attention,val,77.656897_12.746509,2023-10-01,0.5974663,0.6102814
BiLSTM+Attention,val,77.656897_12.768967,2023-10-01,0.61360186,0.62630755
BiLSTM+Attention,val,77.656897_12.791425,2023-10-01,0.55572826,0.5711149
BiLSTM+Attention,val,77.656897_12.800408,2023-10-01,0.60817885,0.6166065
BiLSTM+Attention,val,77.656897_12.831849,2023-10-01,0.61376405,0.6287652
BiLSTM+Attention,val,77.656897_12.849815,2023-10-01,0.5062951,0.5243439
BiLSTM+Attention,val,77.656897_12.939647,2023-10-01,0.61898726,0.63411635
BiLSTM+Attention,val,77.656897_13.101344,2023-10-01,0.47308987,0.48758394
BiLSTM+Attention,val,77.656897_13.164226,2023-10-01,0.48246512,0.50079846
BiLSTM+Attention,val,77.656897_13.173209,2023-10-01,0.4542851,0.46942604
BiLSTM+Attention,val,77.661388_12.737526,2023-10-01,0.62033623,0.63103306
BiLSTM+Attention,val,77.661388_12.759984,2023-10-01,0.6274241,0.640466
BiLSTM+Attention,val,77.661388_13.056428,2023-10-01,0.5274042,0.53832793
BiLSTM+Attention,val,77.661388_13.074394,2023-10-01,0.52856356,0.5391256
BiLSTM+Attention,val,77.661388_13.087869,2023-10-01,0.48106915,0.49588984
BiLSTM+Attention,val,77.661388_13.101344,2023-10-01,0.46896452,0.482226
BiLSTM+Attention,val,77.661388_13.110327,2023-10-01,0.5285878,0.55124605
BiLSTM+Attention,val,77.661388_13.11931,2023-10-01,0.5819974,0.6059392
BiLSTM+Attention,val,77.66588_12.679136,2023-10-01,0.684209,0.69789946
BiLSTM+Attention,val,77.66588_12.697102,2023-10-01,0.6496035,0.6627919
BiLSTM+Attention,val,77.66588_12.715068,2023-10-01,0.62622017,0.6506399
BiLSTM+Attention,val,77.66588_12.724051,2023-10-01,0.6237677,0.65089566
BiLSTM+Attention,val,77.66588_12.751001,2023-10-01,0.58743644,0.593149
BiLSTM+Attention,val,77.66588_12.755492,2023-10-01,0.63098013,0.64575756
BiLSTM+Attention,val,77.66588_12.764475,2023-10-01,0.60918295,0.62218344
BiLSTM+Attention,val,77.66588_12.768967,2023-10-01,0.7376278,0.76121175
BiLSTM+Attention,val,77.66588_12.791425,2023-10-01,0.6445355,0.6599154
BiLSTM+Attention,val,77.66588_12.953122,2023-10-01,0.6399718,0.64865816
BiLSTM+Attention,val,77.66588_13.038462,2023-10-01,0.539147,0.5443045
BiLSTM+Attention,val,77.66588_13.051936,2023-10-01,0.5650271,0.5740579
BiLSTM+Attention,val,77.66588_13.173209,2023-10-01,0.46099278,0.47943842
BiLSTM+Attention,val,77.670371_12.71956,2023-10-01,0.6193009,0.64324296
BiLSTM+Attention,val,77.670371_12.86329,2023-10-01,0.5403865,0.56023145
BiLSTM+Attention,val,77.670371_12.881256,2023-10-01,0.5312839,0.54005224
BiLSTM+Attention,val,77.670371_12.894731,2023-10-01,0.47858402,0.48172933
BiLSTM+Attention,val,77.670371_13.069903,2023-10-01,0.46874055,0.4756472
BiLSTM+Attention,val,77.670371_13.083377,2023-10-01,0.4296612,0.44357288
BiLSTM+Attention,val,77.670371_13.092361,2023-10-01,0.43300134,0.45164484
BiLSTM+Attention,val,77.670371_13.128293,2023-10-01,0.5124904,0.5265002
BiLSTM+Attention,val,77.674863_12.674644,2023-10-01,0.72213143,0.75335485
BiLSTM+Attention,val,77.674863_12.71956,2023-10-01,0.62845975,0.65097547
BiLSTM+Attention,val,77.674863_12.755492,2023-10-01,0.575104,0.58127934
BiLSTM+Attention,val,77.674863_12.764475,2023-10-01,0.58968663,0.6003376
BiLSTM+Attention,val,77.674863_12.786933,2023-10-01,0.61887336,0.6272909
BiLSTM+Attention,val,77.674863_12.836341,2023-10-01,0.5630402,0.5753788
BiLSTM+Attention,val,77.674863_12.867782,2023-10-01,0.7147738,0.7297349
BiLSTM+Attention,val,77.674863_13.051936,2023-10-01,0.57386196,0.5852201
BiLSTM+Attention,val,77.674863_13.069903,2023-10-01,0.45077273,0.45916677
BiLSTM+Attention,val,77.674863_13.092361,2023-10-01,0.45277786,0.47002995
BiLSTM+Attention,val,77.674863_13.105835,2023-10-01,0.505457,0.5185002
BiLSTM+Attention,val,77.679355_12.697102,2023-10-01,0.5951589,0.60883975
BiLSTM+Attention,val,77.679355_12.746509,2023-10-01,0.68686694,0.70683545
BiLSTM+Attention,val,77.679355_12.881256,2023-10-01,0.5571542,0.5726673
BiLSTM+Attention,val,77.679355_12.89024,2023-10-01,0.57013714,0.5774718
BiLSTM+Attention,val,77.679355_12.899223,2023-10-01,0.49151507,0.49364287
BiLSTM+Attention,val,77.679355_13.047445,2023-10-01,0.75115895,0.76271534
BiLSTM+Attention,val,77.679355_13.056428,2023-10-01,0.5456621,0.5566752
BiLSTM+Attention,val,77.679355_13.074394,2023-10-01,0.4695391,0.47962612
BiLSTM+Attention,val,77.679355_13.101344,2023-10-01,0.4708307,0.48885316
BiLSTM+Attention,val,77.679355_13.141768,2023-10-01,0.50289565,0.51936555
BiLSTM+Attention,val,77.679355_13.155243,2023-10-01,0.43078262,0.44659978
BiLSTM+Attention,val,77.679355_13.159734,2023-10-01,0.455163,0.47125483
BiLSTM+Attention,val,77.683846_12.728543,2023-10-01,0.61743,0.62276894
BiLSTM+Attention,val,77.683846_12.742018,2023-10-01,0.55309564,0.5686273
BiLSTM+Attention,val,77.683846_12.755492,2023-10-01,0.72912854,0.75838673
BiLSTM+Attention,val,77.683846_12.795916,2023-10-01,0.59722215,0.60299313
BiLSTM+Attention,val,77.683846_12.8049,2023-10-01,0.5561242,0.5740675
BiLSTM+Attention,val,77.683846_12.836341,2023-10-01,0.60733014,0.62107664
BiLSTM+Attention,val,77.683846_12.840832,2023-10-01,0.6156886,0.62712985
BiLSTM+Attention,val,77.683846_12.894731,2023-10-01,0.5838427,0.5900416
BiLSTM+Attention,val,77.683846_12.917189,2023-10-01,0.4975171,0.5055865
BiLSTM+Attention,val,77.683846_12.939647,2023-10-01,0.7338725,0.7567833
BiLSTM+Attention,val,77.683846_13.029478,2023-10-01,0.42502648,0.4334486
BiLSTM+Attention,val,77.683846_13.06092,2023-10-01,0.5185213,0.52637285
BiLSTM+Attention,val,77.683846_13.074394,2023-10-01,0.43709117,0.4483341
BiLSTM+Attention,val,77.683846_13.11931,2023-10-01,0.4143733,0.42736953
BiLSTM+Attention,val,77.683846_13.123802,2023-10-01,0.46271953,0.47639507
BiLSTM+Attention,val,77.688338_12.656678,2023-10-01,0.73285383,0.7651902
BiLSTM+Attention,val,77.688338_12.69261,2023-10-01,0.77558017,0.8123988
BiLSTM+Attention,val,77.688338_12.697102,2023-10-01,0.78095084,0.8098636
BiLSTM+Attention,val,77.688338_12.710577,2023-10-01,0.7782857,0.8165571
BiLSTM+Attention,val,77.688338_12.751001,2023-10-01,0.6291345,0.64429677
BiLSTM+Attention,val,77.688338_12.755492,2023-10-01,0.6015886,0.6124349
BiLSTM+Attention,val,77.688338_12.876765,2023-10-01,0.7729954,0.7998488
BiLSTM+Attention,val,77.688338_12.885748,2023-10-01,0.5960954,0.60643774
BiLSTM+Attention,val,77.688338_12.966596,2023-10-01,0.6112141,0.6340741
BiLSTM+Attention,val,77.692829_12.746509,2023-10-01,0.5301369,0.54140526
BiLSTM+Attention,val,77.692829_12.800408,2023-10-01,0.55930096,0.5675922
BiLSTM+Attention,val,77.692829_12.845324,2023-10-01,0.62499934,0.640171
BiLSTM+Attention,val,77.692829_12.885748,2023-10-01,0.6217193,0.62793595
BiLSTM+Attention,val,77.692829_12.899223,2023-10-01,0.5468351,0.5494649
BiLSTM+Attention,val,77.692829_13.047445,2023-10-01,0.72403485,0.7613402
BiLSTM+Attention,val,77.692829_13.06092,2023-10-01,0.61359346,0.62687373
BiLSTM+Attention,val,77.692829_13.065411,2023-10-01,0.5668611,0.5819962
BiLSTM+Attention,val,77.692829_13.083377,2023-10-01,0.43395394,0.4493826
BiLSTM+Attention,val,77.692829_13.096852,2023-10-01,0.4158016,0.43148148
BiLSTM+Attention,val,77.692829_13.132785,2023-10-01,0.39263874,0.4090785
BiLSTM+Attention,val,77.692829_13.155243,2023-10-01,0.4319133,0.4506327
BiLSTM+Attention,val,77.697321_12.697102,2023-10-01,0.7837533,0.82089984
BiLSTM+Attention,val,77.697321_12.751001,2023-10-01,0.59385276,0.60319954
BiLSTM+Attention,val,77.697321_12.773459,2023-10-01,0.5611581,0.56921816
BiLSTM+Attention,val,77.697321_12.791425,2023-10-01,0.6442227,0.656693
BiLSTM+Attention,val,77.697321_12.885748,2023-10-01,0.6251517,0.6312933
BiLSTM+Attention,val,77.697321_12.894731,2023-10-01,0.56226784,0.5592718
BiLSTM+Attention,val,77.697321_12.930664,2023-10-01,0.58192354,0.59412766
BiLSTM+Attention,val,77.697321_12.966596,2023-10-01,0.58649427,0.60407925
BiLSTM+Attention,val,77.697321_13.132785,2023-10-01,0.39263874,0.408033
BiLSTM+Attention,val,77.697321_13.150751,2023-10-01,0.44764382,0.4676454
BiLSTM+Attention,val,77.697321_13.1777,2023-10-01,0.54131114,0.56447047
BiLSTM+Attention,val,77.701812_12.742018,2023-10-01,0.5958339,0.5947486
BiLSTM+Attention,val,77.701812_12.77795,2023-10-01,0.562205,0.57650864
BiLSTM+Attention,val,77.701812_12.8049,2023-10-01,0.63279605,0.6486158
BiLSTM+Attention,val,77.701812_12.822866,2023-10-01,0.6037188,0.6163395
BiLSTM+Attention,val,77.701812_12.872273,2023-10-01,0.55885047,0.5679704
BiLSTM+Attention,val,77.701812_12.984563,2023-10-01,0.5188461,0.5297247
BiLSTM+Attention,val,77.701812_13.03397,2023-10-01,0.48754436,0.503219
BiLSTM+Attention,val,77.701812_13.114818,2023-10-01,0.47837278,0.49905235
BiLSTM+Attention,val,77.701812_13.164226,2023-10-01,0.47479618,0.49667263
BiLSTM+Attention,val,77.706304_12.746509,2023-10-01,0.6090571,0.61289376
BiLSTM+Attention,val,77.706304_12.751001,2023-10-01,0.6157919,0.6285431
BiLSTM+Attention,val,77.706304_12.759984,2023-10-01,0.532587,0.54828966
BiLSTM+Attention,val,77.706304_12.764475,2023-10-01,0.5700465,0.5834072
BiLSTM+Attention,val,77.706304_12.86329,2023-10-01,0.51068956,0.52216476
BiLSTM+Attention,val,77.706304_12.984563,2023-10-01,0.52616316,0.5348536
BiLSTM+Attention,val,77.706304_13.038462,2023-10-01,0.49425855,0.50494516
BiLSTM+Attention,val,77.706304_13.042953,2023-10-01,0.5457702,0.5540859
BiLSTM+Attention,val,77.706304_13.137276,2023-10-01,0.6414196,0.66794986
BiLSTM+Attention,val,77.710796_12.715068,2023-10-01,0.66418666,0.6851386
BiLSTM+Attention,val,77.710796_12.894731,2023-10-01,0.6412134,0.6575968
BiLSTM+Attention,val,77.710796_12.899223,2023-10-01,0.5903363,0.6018694
BiLSTM+Attention,val,77.710796_12.912697,2023-10-01,0.5244459,0.52332723
BiLSTM+Attention,val,77.710796_13.03397,2023-10-01,0.47914466,0.49419868
BiLSTM+Attention,val,77.710796_13.11931,2023-10-01,0.44922596,0.47098356
BiLSTM+Attention,val,77.710796_13.123802,2023-10-01,0.4186184,0.43840688
BiLSTM+Attention,val,77.710796_13.132785,2023-10-01,0.446553,0.4595523
BiLSTM+Attention,val,77.710796_13.150751,2023-10-01,0.42567623,0.44452083
BiLSTM+Attention,val,77.710796_13.168717,2023-10-01,0.494241,0.5142341
BiLSTM+Attention,val,77.710796_13.173209,2023-10-01,0.5028561,0.52103984
BiLSTM+Attention,val,77.715287_12.679136,2023-10-01,0.7220491,0.7622964
BiLSTM+Attention,val,77.715287_12.742018,2023-10-01,0.59678996,0.60368764
BiLSTM+Attention,val,77.715287_12.773459,2023-10-01,0.56179696,0.5699797
BiLSTM+Attention,val,77.715287_12.822866,2023-10-01,0.62256515,0.62971854
BiLSTM+Attention,val,77.715287_12.827358,2023-10-01,0.59081966,0.5993347
BiLSTM+Attention,val,77.715287_12.845324,2023-10-01,0.5385599,0.5523461
BiLSTM+Attention,val,77.715287_12.885748,2023-10-01,0.60961556,0.6210795
BiLSTM+Attention,val,77.715287_12.899223,2023-10-01,0.5063024,0.51927537
BiLSTM+Attention,val,77.715287_12.939647,2023-10-01,0.7488285,0.7614584
BiLSTM+Attention,val,77.715287_12.944139,2023-10-01,0.77765864,0.7954901
BiLSTM+Attention,val,77.715287_12.94863,2023-10-01,0.6248973,0.64050215
BiLSTM+Attention,val,77.715287_13.016004,2023-10-01,0.5597343,0.5738465
BiLSTM+Attention,val,77.715287_13.029478,2023-10-01,0.44120547,0.45457816
BiLSTM+Attention,val,77.715287_13.038462,2023-10-01,0.5638501,0.5792864
BiLSTM+Attention,val,77.715287_13.051936,2023-10-01,0.55224454,0.56780475
BiLSTM+Attention,val,77.715287_13.056428,2023-10-01,0.48546147,0.49266267
BiLSTM+Attention,val,77.715287_13.096852,2023-10-01,0.37993547,0.3979477
BiLSTM+Attention,val,77.715287_13.114818,2023-10-01,0.5142759,0.534052
BiLSTM+Attention,val,77.715287_13.128293,2023-10-01,0.4591412,0.47241896
BiLSTM+Attention,val,77.719779_12.706085,2023-10-01,0.6799026,0.7003221
BiLSTM+Attention,val,77.719779_12.746509,2023-10-01,0.71960324,0.74048585
BiLSTM+Attention,val,77.719779_12.795916,2023-10-01,0.5808367,0.5997394
BiLSTM+Attention,val,77.719779_12.840832,2023-10-01,0.6195077,0.6380003
BiLSTM+Attention,val,77.719779_12.903714,2023-10-01,0.5040727,0.5127749
BiLSTM+Attention,val,77.719779_13.069903,2023-10-01,0.45039424,0.4617049
BiLSTM+Attention,val,77.719779_13.105835,2023-10-01,0.47238338,0.48776025
BiLSTM+Attention,val,77.719779_13.123802,2023-10-01,0.4294232,0.44366023
BiLSTM+Attention,val,77.719779_13.137276,2023-10-01,0.43493286,0.44932944
BiLSTM+Attention,val,77.719779_13.155243,2023-10-01,0.42620364,0.4445768
BiLSTM+Attention,val,77.72427_12.674644,2023-10-01,0.62893844,0.6412014
BiLSTM+Attention,val,77.72427_12.697102,2023-10-01,0.556265,0.57803655
BiLSTM+Attention,val,77.72427_12.701593,2023-10-01,0.5831492,0.6018041
BiLSTM+Attention,val,77.72427_12.724051,2023-10-01,0.6283153,0.6319409
BiLSTM+Attention,val,77.72427_12.786933,2023-10-01,0.6049207,0.61139053
BiLSTM+Attention,val,77.72427_12.791425,2023-10-01,0.60332865,0.6136329
BiLSTM+Attention,val,77.72427_12.840832,2023-10-01,0.5991596,0.6144704
BiLSTM+Attention,val,77.72427_12.867782,2023-10-01,0.5436679,0.553187
BiLSTM+Attention,val,77.72427_12.885748,2023-10-01,0.5800005,0.5884902
BiLSTM+Attention,val,77.72427_13.024987,2023-10-01,0.74948984,0.77150834
BiLSTM+Attention,val,77.72427_13.06092,2023-10-01,0.46857366,0.48227322
BiLSTM+Attention,val,77.72427_13.074394,2023-10-01,0.47836065,0.49619287
BiLSTM+Attention,val,77.728762_12.706085,2023-10-01,0.65404266,0.68323064
BiLSTM+Attention,val,77.728762_12.724051,2023-10-01,0.6948899,0.711169
BiLSTM+Attention,val,77.728762_12.759984,2023-10-01,0.60224944,0.6118828
BiLSTM+Attention,val,77.728762_12.782442,2023-10-01,0.6252623,0.64102864
BiLSTM+Attention,val,77.728762_12.809391,2023-10-01,0.615637,0.6223554
BiLSTM+Attention,val,77.728762_12.858799,2023-10-01,0.6153634,0.6330977
BiLSTM+Attention,val,77.728762_12.876765,2023-10-01,0.62600726,0.64007956
BiLSTM+Attention,val,77.728762_12.885748,2023-10-01,0.5688155,0.5797995
BiLSTM+Attention,val,77.728762_13.016004,2023-10-01,0.73756933,0.76026106
BiLSTM+Attention,val,77.728762_13.047445,2023-10-01,0.53294694,0.5418258
BiLSTM+Attention,val,77.728762_13.087869,2023-10-01,0.502254,0.5279992
BiLSTM+Attention,val,77.728762_13.092361,2023-10-01,0.4641471,0.47842032
BiLSTM+Attention,val,77.733253_12.755492,2023-10-01,0.5728842,0.5737143
BiLSTM+Attention,val,77.733253_12.795916,2023-10-01,0.57487947,0.58838993
BiLSTM+Attention,val,77.733253_12.86329,2023-10-01,0.6286072,0.64465815
BiLSTM+Attention,val,77.733253_12.872273,2023-10-01,0.6121751,0.6325766
BiLSTM+Attention,val,77.733253_12.998037,2023-10-01,0.6440426,0.6543954
BiLSTM+Attention,val,77.733253_13.056428,2023-10-01,0.4452755,0.45697474
BiLSTM+Attention,val,77.737745_12.764475,2023-10-01,0.5507012,0.55430484
BiLSTM+Attention,val,77.737745_12.791425,2023-10-01,0.59363776,0.6079858
BiLSTM+Attention,val,77.737745_12.809391,2023-10-01,0.58939046,0.59605545
BiLSTM+Attention,val,77.737745_12.858799,2023-10-01,0.59439176,0.6096609
BiLSTM+Attention,val,77.737745_12.872273,2023-10-01,0.61957073,0.63746893
BiLSTM+Attention,val,77.737745_12.881256,2023-10-01,0.6398326,0.6581336
BiLSTM+Attention,val,77.737745_13.051936,2023-10-01,0.4692375,0.48106927
BiLSTM+Attention,val,77.737745_13.06092,2023-10-01,0.4741057,0.48856556
BiLSTM+Attention,val,77.737745_13.078886,2023-10-01,0.50111645,0.5182615
BiLSTM+Attention,val,77.737745_13.101344,2023-10-01,0.42668763,0.4369167
BiLSTM+Attention,val,77.742237_12.697102,2023-10-01,0.69630885,0.7278489
BiLSTM+Attention,val,77.742237_12.764475,2023-10-01,0.5654555,0.57409763
BiLSTM+Attention,val,77.742237_12.795916,2023-10-01,0.5600604,0.5745016
BiLSTM+Attention,val,77.742237_12.8049,2023-10-01,0.60286003,0.6130893
BiLSTM+Attention,val,77.742237_12.86329,2023-10-01,0.53441596,0.5448794
BiLSTM+Attention,val,77.742237_12.867782,2023-10-01,0.6245616,0.6371469
BiLSTM+Attention,val,77.742237_12.89024,2023-10-01,0.62544173,0.6386924
BiLSTM+Attention,val,77.742237_12.899223,2023-10-01,0.6060428,0.6166052
BiLSTM+Attention,val,77.742237_12.921681,2023-10-01,0.5559039,0.55589604
BiLSTM+Attention,val,77.742237_12.980071,2023-10-01,0.59495234,0.6011593
BiLSTM+Attention,val,77.742237_13.002529,2023-10-01,0.61163586,0.6265047
BiLSTM+Attention,val,77.742237_13.016004,2023-10-01,0.6179708,0.6423446
BiLSTM+Attention,val,77.742237_13.038462,2023-10-01,0.44740683,0.46242177
BiLSTM+Attention,val,77.742237_13.074394,2023-10-01,0.4243271,0.43968278
BiLSTM+Attention,val,77.742237_13.078886,2023-10-01,0.48704785,0.50491625
BiLSTM+Attention,val,77.742237_13.101344,2023-10-01,0.44885513,0.45977348
BiLSTM+Attention,val,77.746728_12.751001,2023-10-01,0.59357256,0.60588014
BiLSTM+Attention,val,77.746728_12.764475,2023-10-01,0.5847862,0.5969687
BiLSTM+Attention,val,77.746728_12.782442,2023-10-01,0.6202169,0.6411409
BiLSTM+Attention,val,77.746728_12.97558,2023-10-01,0.61548156,0.61625004
BiLSTM+Attention,val,77.746728_12.984563,2023-10-01,0.6056126,0.6189657
BiLSTM+Attention,val,77.746728_13.016004,2023-10-01,0.63005996,0.641207
BiLSTM+Attention,val,77.746728_13.020495,2023-10-01,0.6585344,0.67529696
BiLSTM+Attention,val,77.746728_13.024987,2023-10-01,0.56799746,0.5773409
BiLSTM+Attention,val,77.746728_13.038462,2023-10-01,0.4758998,0.48951
BiLSTM+Attention,val,77.746728_13.06092,2023-10-01,0.43419647,0.44857043
BiLSTM+Attention,val,77.746728_13.083377,2023-10-01,0.48634502,0.5042006
BiLSTM+Attention,val,77.746728_13.092361,2023-10-01,0.44407743,0.4583286
BiLSTM+Attention,val,77.75122_12.751001,2023-10-01,0.58329207,0.60080504
BiLSTM+Attention,val,77.75122_12.755492,2023-10-01,0.62739366,0.6464929
BiLSTM+Attention,val,77.75122_12.768967,2023-10-01,0.548494,0.5684403
BiLSTM+Attention,val,77.75122_12.77795,2023-10-01,0.5867889,0.60871243
BiLSTM+Attention,val,77.75122_12.894731,2023-10-01,0.54823184,0.5611804
BiLSTM+Attention,val,77.75122_12.993546,2023-10-01,0.5462637,0.55833
BiLSTM+Attention,val,77.75122_13.020495,2023-10-01,0.59164834,0.6068354
BiLSTM+Attention,val,77.75122_13.03397,2023-10-01,0.4868415,0.50610477
BiLSTM+Attention,val,77.75122_13.038462,2023-10-01,0.45597267,0.46780282
BiLSTM+Attention,val,77.755711_12.706085,2023-10-01,0.6115,0.64465475
BiLSTM+Attention,val,77.755711_12.764475,2023-10-01,0.7815002,0.83478147
BiLSTM+Attention,val,77.755711_12.77795,2023-10-01,0.56954753,0.5922576
BiLSTM+Attention,val,77.755711_12.822866,2023-10-01,0.57484406,0.58495647
BiLSTM+Attention,val,77.755711_12.831849,2023-10-01,0.5492274,0.55559623
BiLSTM+Attention,val,77.755711_12.858799,2023-10-01,0.59731746,0.608221
BiLSTM+Attention,val,77.755711_12.885748,2023-10-01,0.5847756,0.59263813
BiLSTM+Attention,val,77.755711_12.899223,2023-10-01,0.5152699,0.52567613
BiLSTM+Attention,val,77.755711_12.903714,2023-10-01,0.5699252,0.58391887
BiLSTM+Attention,val,77.755711_12.926172,2023-10-01,0.5915882,0.6032098
BiLSTM+Attention,val,77.760203_12.751001,2023-10-01,0.5798189,0.5977962
BiLSTM+Attention,val,77.760203_12.795916,2023-10-01,0.5609835,0.5757904
BiLSTM+Attention,val,77.760203_12.818374,2023-10-01,0.65147936,0.66694164
BiLSTM+Attention,val,77.760203_12.867782,2023-10-01,0.55577683,0.5687828
BiLSTM+Attention,val,77.760203_12.872273,2023-10-01,0.56805134,0.57949793
BiLSTM+Attention,val,77.760203_12.876765,2023-10-01,0.53920746,0.55085415
BiLSTM+Attention,val,77.760203_12.885748,2023-10-01,0.5553666,0.56870806
BiLSTM+Attention,val,77.760203_12.984563,2023-10-01,0.60409486,0.6120381
BiLSTM+Attention,val,77.764695_12.742018,2023-10-01,0.6926268,0.7192073
BiLSTM+Attention,val,77.764695_12.746509,2023-10-01,0.6802223,0.70436656
BiLSTM+Attention,val,77.764695_12.813883,2023-10-01,0.60691637,0.6208134
BiLSTM+Attention,val,77.764695_12.849815,2023-10-01,0.58232975,0.5939025
BiLSTM+Attention,val,77.764695_12.885748,2023-10-01,0.5800306,0.59014523
BiLSTM+Attention,val,77.764695_12.912697,2023-10-01,0.58749413,0.5951038
BiLSTM+Attention,val,77.764695_13.03397,2023-10-01,0.43491527,0.44806123
BiLSTM+Attention,val,77.769186_12.751001,2023-10-01,0.7029098,0.7387035
BiLSTM+Attention,val,77.769186_12.791425,2023-10-01,0.5506455,0.5681869
BiLSTM+Attention,val,77.769186_12.800408,2023-10-01,0.6032909,0.6240781
BiLSTM+Attention,val,77.769186_12.8049,2023-10-01,0.6360855,0.65718967
BiLSTM+Attention,val,77.769186_12.809391,2023-10-01,0.57240915,0.5872458
BiLSTM+Attention,val,77.769186_12.876765,2023-10-01,0.5982791,0.6176841
BiLSTM+Attention,val,77.769186_12.894731,2023-10-01,0.56060463,0.5788843
BiLSTM+Attention,val,77.769186_13.016004,2023-10-01,0.54507947,0.5547359
BiLSTM+Attention,val,77.773678_12.746509,2023-10-01,0.6965308,0.71711606
BiLSTM+Attention,val,77.773678_12.858799,2023-10-01,0.54023254,0.548572
BiLSTM+Attention,val,77.773678_12.885748,2023-10-01,0.55130386,0.56179273
BiLSTM+Attention,val,77.773678_12.899223,2023-10-01,0.52765036,0.5416156
BiLSTM+Attention,val,77.773678_12.908206,2023-10-01,0.56539345,0.58098096
BiLSTM+Attention,val,77.778169_12.809391,2023-10-01,0.53469694,0.5512562
BiLSTM+Attention,val,77.778169_12.885748,2023-10-01,0.56989133,0.58605856
BiLSTM+Attention,val,77.782661_12.786933,2023-10-01,0.5526807,0.572819
BiLSTM+Attention,val,77.782661_12.791425,2023-10-01,0.5806784,0.6034513
BiLSTM+Attention,val,77.782661_12.89024,2023-10-01,0.56281716,0.57568413
BiLSTM+Attention,val,77.787152_12.786933,2023-10-01,0.56653047,0.5878385
BiLSTM+Attention,val,77.787152_12.849815,2023-10-01,0.54235315,0.5641813
BiLSTM+Attention,val,77.787152_12.867782,2023-10-01,0.5527444,0.56251657
BiLSTM+Attention,val,77.791644_12.8049,2023-10-01,0.5660927,0.58839417
BiLSTM+Attention,val,77.791644_12.899223,2023-10-01,0.5515532,0.56649524
BiLSTM+Attention,val,77.796136_12.854307,2023-10-01,0.5432289,0.56080085
BiLSTM+Attention,val,77.796136_12.885748,2023-10-01,0.6060403,0.6169248
BiLSTM+Attention,val,77.800627_12.876765,2023-10-01,0.59889525,0.6186428
BiLSTM+Attention,val,77.800627_12.885748,2023-10-01,0.56631,0.5758677
BiLSTM+Attention,val,77.805119_12.876765,2023-10-01,0.60628444,0.6313952
BiLSTM+Attention,val,77.805119_12.89024,2023-10-01,0.5953968,0.6108775
BiLSTM+Attention,val,77.80961_12.858799,2023-10-01,0.6114873,0.62639666
BiLSTM+Attention,val,77.80961_12.86329,2023-10-01,0.589909,0.60910976
BiLSTM+Attention,val,77.329012_12.944139,2023-11-01,0.5460043,0.54200333
BiLSTM+Attention,val,77.329012_12.962105,2023-11-01,0.7166969,0.7279811
BiLSTM+Attention,val,77.337995_12.921681,2023-11-01,0.666273,0.67044353
BiLSTM+Attention,val,77.342486_12.926172,2023-11-01,0.7046795,0.7152532
BiLSTM+Attention,val,77.342486_12.935155,2023-11-01,0.725706,0.74833345
BiLSTM+Attention,val,77.342486_12.944139,2023-11-01,0.69412655,0.7067596
BiLSTM+Attention,val,77.346978_12.86329,2023-11-01,0.59140396,0.59593946
BiLSTM+Attention,val,77.346978_12.962105,2023-11-01,0.55347407,0.54421276
BiLSTM+Attention,val,77.351469_12.89024,2023-11-01,0.56610185,0.5773084
BiLSTM+Attention,val,77.351469_12.930664,2023-11-01,0.72959065,0.74176526
BiLSTM+Attention,val,77.351469_12.939647,2023-11-01,0.71021575,0.72405666
BiLSTM+Attention,val,77.355961_12.899223,2023-11-01,0.5809716,0.5930848
BiLSTM+Attention,val,77.355961_12.94863,2023-11-01,0.5211862,0.5202069
BiLSTM+Attention,val,77.355961_12.962105,2023-11-01,0.7268367,0.7430207
BiLSTM+Attention,val,77.360453_12.867782,2023-11-01,0.47954908,0.48506492
BiLSTM+Attention,val,77.360453_12.908206,2023-11-01,0.601436,0.61384416
BiLSTM+Attention,val,77.360453_12.926172,2023-11-01,0.7256172,0.7470831
BiLSTM+Attention,val,77.364944_12.854307,2023-11-01,0.5212138,0.5238128
BiLSTM+Attention,val,77.364944_12.962105,2023-11-01,0.510166,0.5097355
BiLSTM+Attention,val,77.369436_12.881256,2023-11-01,0.5221012,0.52669615
BiLSTM+Attention,val,77.369436_12.89024,2023-11-01,0.51983297,0.52102906
BiLSTM+Attention,val,77.369436_12.935155,2023-11-01,0.48332855,0.4839592
BiLSTM+Attention,val,77.369436_12.998037,2023-11-01,0.519856,0.5160298
BiLSTM+Attention,val,77.369436_13.007021,2023-11-01,0.5648213,0.572128
BiLSTM+Attention,val,77.373927_12.912697,2023-11-01,0.62371576,0.62472314
BiLSTM+Attention,val,77.373927_12.971088,2023-11-01,0.5036234,0.5018687
BiLSTM+Attention,val,77.373927_13.011512,2023-11-01,0.5180581,0.5244449
BiLSTM+Attention,val,77.373927_13.016004,2023-11-01,0.5023581,0.5081201
BiLSTM+Attention,val,77.378419_12.966596,2023-11-01,0.47900742,0.48176605
BiLSTM+Attention,val,77.382911_12.894731,2023-11-01,0.5632969,0.5702528
BiLSTM+Attention,val,77.382911_12.953122,2023-11-01,0.53874654,0.5367699
BiLSTM+Attention,val,77.382911_12.957613,2023-11-01,0.53337544,0.5294224
BiLSTM+Attention,val,77.387402_12.962105,2023-11-01,0.5242184,0.51970667
BiLSTM+Attention,val,77.387402_12.97558,2023-11-01,0.5250945,0.5214308
BiLSTM+Attention,val,77.387402_12.980071,2023-11-01,0.5276151,0.52437466
BiLSTM+Attention,val,77.391894_12.867782,2023-11-01,0.5629317,0.5683728
BiLSTM+Attention,val,77.391894_12.881256,2023-11-01,0.52979165,0.54051965
BiLSTM+Attention,val,77.391894_12.885748,2023-11-01,0.5619547,0.5665522
BiLSTM+Attention,val,77.396385_12.894731,2023-11-01,0.564976,0.5686594
BiLSTM+Attention,val,77.396385_12.908206,2023-11-01,0.5233577,0.529167
BiLSTM+Attention,val,77.396385_12.944139,2023-11-01,0.5714356,0.5749839
BiLSTM+Attention,val,77.396385_12.971088,2023-11-01,0.4950573,0.49590862
BiLSTM+Attention,val,77.396385_12.97558,2023-11-01,0.47117725,0.47475737
BiLSTM+Attention,val,77.396385_13.029478,2023-11-01,0.4066997,0.4153031
BiLSTM+Attention,val,77.400877_12.957613,2023-11-01,0.5389246,0.5395331
BiLSTM+Attention,val,77.400877_12.966596,2023-11-01,0.49190897,0.49058294
BiLSTM+Attention,val,77.400877_13.029478,2023-11-01,0.3943604,0.40527397
BiLSTM+Attention,val,77.405368_12.881256,2023-11-01,0.4905986,0.49055624
BiLSTM+Attention,val,77.405368_12.89024,2023-11-01,0.51346165,0.51367617
BiLSTM+Attention,val,77.405368_12.903714,2023-11-01,0.48670703,0.48276478
BiLSTM+Attention,val,77.405368_12.930664,2023-11-01,0.6127999,0.61197215
BiLSTM+Attention,val,77.405368_12.998037,2023-11-01,0.51263505,0.51854986
BiLSTM+Attention,val,77.405368_13.105835,2023-11-01,0.43743375,0.43582332
BiLSTM+Attention,val,77.405368_13.11931,2023-11-01,0.3997924,0.40169227
BiLSTM+Attention,val,77.40986_12.872273,2023-11-01,0.4560248,0.4553696
BiLSTM+Attention,val,77.40986_12.881256,2023-11-01,0.45806178,0.45612866
BiLSTM+Attention,val,77.40986_12.962105,2023-11-01,0.5482095,0.5531661
BiLSTM+Attention,val,77.414352_12.930664,2023-11-01,0.5569997,0.5574347
BiLSTM+Attention,val,77.414352_12.989054,2023-11-01,0.4745933,0.47286516
BiLSTM+Attention,val,77.414352_12.993546,2023-11-01,0.482249,0.48855788
BiLSTM+Attention,val,77.414352_13.03397,2023-11-01,0.45153028,0.46092343
BiLSTM+Attention,val,77.414352_13.096852,2023-11-01,0.4190244,0.42403185
BiLSTM+Attention,val,77.414352_13.11931,2023-11-01,0.41905224,0.41673857
BiLSTM+Attention,val,77.418843_12.876765,2023-11-01,0.4724151,0.4716763
BiLSTM+Attention,val,77.418843_12.89024,2023-11-01,0.50060767,0.49685282
BiLSTM+Attention,val,77.418843_12.94863,2023-11-01,0.5538844,0.55281395
BiLSTM+Attention,val,77.418843_12.971088,2023-11-01,0.5166606,0.5108499
BiLSTM+Attention,val,77.418843_12.993546,2023-11-01,0.51797193,0.521796
BiLSTM+Attention,val,77.418843_13.016004,2023-11-01,0.48474002,0.48478335
BiLSTM+Attention,val,77.418843_13.024987,2023-11-01,0.4758717,0.47784656
BiLSTM+Attention,val,77.418843_13.029478,2023-11-01,0.47540268,0.47513628
BiLSTM+Attention,val,77.418843_13.146259,2023-11-01,0.38816458,0.388003
BiLSTM+Attention,val,77.423335_12.876765,2023-11-01,0.4741933,0.47924805
BiLSTM+Attention,val,77.423335_12.921681,2023-11-01,0.56825,0.5591841
BiLSTM+Attention,val,77.423335_12.930664,2023-11-01,0.5509343,0.5427023
BiLSTM+Attention,val,77.423335_13.002529,2023-11-01,0.5660585,0.57177997
BiLSTM+Attention,val,77.423335_13.092361,2023-11-01,0.36253902,0.3731957
BiLSTM+Attention,val,77.423335_13.141768,2023-11-01,0.4469449,0.4438784
BiLSTM+Attention,val,77.423335_13.150751,2023-11-01,0.39692003,0.39784753
BiLSTM+Attention,val,77.427826_12.845324,2023-11-01,0.41617718,0.42236504
BiLSTM+Attention,val,77.427826_12.858799,2023-11-01,0.46889383,0.4664979
BiLSTM+Attention,val,77.427826_12.930664,2023-11-01,0.55842,0.55179644
BiLSTM+Attention,val,77.427826_12.939647,2023-11-01,0.5058303,0.49659133
BiLSTM+Attention,val,77.427826_12.944139,2023-11-01,0.51921326,0.5148951
BiLSTM+Attention,val,77.427826_13.020495,2023-11-01,0.48640755,0.4874913
BiLSTM+Attention,val,77.427826_13.024987,2023-11-01,0.47729635,0.4798658
BiLSTM+Attention,val,77.427826_13.110327,2023-11-01,0.44465992,0.43833768
BiLSTM+Attention,val,77.427826_13.132785,2023-11-01,0.4998843,0.50533235
BiLSTM+Attention,val,77.432318_12.858799,2023-11-01,0.4834868,0.4829749
BiLSTM+Attention,val,77.432318_12.86329,2023-11-01,0.4896084,0.48678154
BiLSTM+Attention,val,77.432318_12.867782,2023-11-01,0.48126623,0.48675144
BiLSTM+Attention,val,77.432318_12.881256,2023-11-01,0.52399504,0.5260351
BiLSTM+Attention,val,77.432318_12.885748,2023-11-01,0.6140793,0.6204319
BiLSTM+Attention,val,77.432318_12.957613,2023-11-01,0.5057407,0.50184
BiLSTM+Attention,val,77.432318_12.998037,2023-11-01,0.43683097,0.43581265
BiLSTM+Attention,val,77.432318_13.087869,2023-11-01,0.4473578,0.447576
BiLSTM+Attention,val,77.432318_13.092361,2023-11-01,0.40373254,0.4047776
BiLSTM+Attention,val,77.436809_12.818374,2023-11-01,0.6138404,0.6101636
BiLSTM+Attention,val,77.436809_12.840832,2023-11-01,0.5309075,0.5241882
BiLSTM+Attention,val,77.436809_12.854307,2023-11-01,0.49710354,0.4959777
BiLSTM+Attention,val,77.436809_12.912697,2023-11-01,0.62738895,0.6219054
BiLSTM+Attention,val,77.436809_12.926172,2023-11-01,0.56031793,0.5533101
BiLSTM+Attention,val,77.436809_12.944139,2023-11-01,0.5265041,0.5209741
BiLSTM+Attention,val,77.436809_13.03397,2023-11-01,0.4603528,0.46142417
BiLSTM+Attention,val,77.441301_12.818374,2023-11-01,0.6223285,0.62531495
BiLSTM+Attention,val,77.441301_12.831849,2023-11-01,0.5156727,0.5144187
BiLSTM+Attention,val,77.441301_12.836341,2023-11-01,0.54458135,0.53785366
BiLSTM+Attention,val,77.441301_12.840832,2023-11-01,0.51789707,0.5148701
BiLSTM+Attention,val,77.441301_12.944139,2023-11-01,0.56386447,0.56153274
BiLSTM+Attention,val,77.441301_12.94863,2023-11-01,0.51787186,0.51294845
BiLSTM+Attention,val,77.441301_13.056428,2023-11-01,0.4495145,0.45678383
BiLSTM+Attention,val,77.441301_13.069903,2023-11-01,0.46626887,0.4677444
BiLSTM+Attention,val,77.441301_13.083377,2023-11-01,0.45307213,0.45476192
BiLSTM+Attention,val,77.441301_13.110327,2023-11-01,0.44005263,0.43908978
BiLSTM+Attention,val,77.445793_12.840832,2023-11-01,0.5905568,0.5861583
BiLSTM+Attention,val,77.445793_12.86329,2023-11-01,0.6060114,0.6100626
BiLSTM+Attention,val,77.445793_12.867782,2023-11-01,0.58523506,0.5938609
BiLSTM+Attention,val,77.445793_12.912697,2023-11-01,0.5333037,0.52895695
BiLSTM+Attention,val,77.445793_12.957613,2023-11-01,0.50637877,0.50411147
BiLSTM+Attention,val,77.445793_12.984563,2023-11-01,0.5243625,0.5247587
BiLSTM+Attention,val,77.450284_12.809391,2023-11-01,0.57145953,0.5654377
BiLSTM+Attention,val,77.450284_12.872273,2023-11-01,0.5847334,0.5930236
BiLSTM+Attention,val,77.450284_12.89024,2023-11-01,0.5853174,0.59294635
BiLSTM+Attention,val,77.450284_12.971088,2023-11-01,0.49386138,0.49476045
BiLSTM+Attention,val,77.450284_12.993546,2023-11-01,0.40565786,0.40321636
BiLSTM+Attention,val,77.450284_13.029478,2023-11-01,0.44777876,0.45048016
BiLSTM+Attention,val,77.450284_13.047445,2023-11-01,0.46032235,0.46092916
BiLSTM+Attention,val,77.450284_13.146259,2023-11-01,0.51467633,0.51391685
BiLSTM+Attention,val,77.454776_12.809391,2023-11-01,0.5364167,0.5319675
BiLSTM+Attention,val,77.454776_12.885748,2023-11-01,0.56664366,0.56521994
BiLSTM+Attention,val,77.454776_12.980071,2023-11-01,0.44586787,0.44896424
BiLSTM+Attention,val,77.454776_12.993546,2023-11-01,0.4315289,0.43324807
BiLSTM+Attention,val,77.454776_13.078886,2023-11-01,0.45910707,0.4613409
BiLSTM+Attention,val,77.454776_13.087869,2023-11-01,0.42281345,0.42789027
BiLSTM+Attention,val,77.454776_13.114818,2023-11-01,0.5012304,0.50580746
BiLSTM+Attention,val,77.454776_13.141768,2023-11-01,0.5180607,0.520321
BiLSTM+Attention,val,77.459267_12.8049,2023-11-01,0.60537964,0.6176171
BiLSTM+Attention,val,77.459267_12.822866,2023-11-01,0.5746405,0.56915265
BiLSTM+Attention,val,77.459267_12.845324,2023-11-01,0.57848406,0.58237076
BiLSTM+Attention,val,77.459267_12.872273,2023-11-01,0.5560509,0.56115645
BiLSTM+Attention,val,77.459267_12.903714,2023-11-01,0.5094219,0.50871515
BiLSTM+Attention,val,77.459267_12.926172,2023-11-01,0.5545701,0.54799044
BiLSTM+Attention,val,77.459267_12.97558,2023-11-01,0.46059814,0.46367425
BiLSTM+Attention,val,77.459267_13.016004,2023-11-01,0.42316496,0.42731372
BiLSTM+Attention,val,77.459267_13.020495,2023-11-01,0.41672114,0.41745037
BiLSTM+Attention,val,77.459267_13.11931,2023-11-01,0.49809152,0.49938327
BiLSTM+Attention,val,77.463759_12.813883,2023-11-01,0.5166449,0.5208108
BiLSTM+Attention,val,77.463759_12.836341,2023-11-01,0.57547987,0.58232355
BiLSTM+Attention,val,77.463759_12.86329,2023-11-01,0.5923758,0.6023335
BiLSTM+Attention,val,77.463759_12.867782,2023-11-01,0.5743505,0.5789755
BiLSTM+Attention,val,77.463759_12.872273,2023-11-01,0.5501314,0.552327
BiLSTM+Attention,val,77.463759_12.881256,2023-11-01,0.6020306,0.6018211
BiLSTM+Attention,val,77.463759_12.885748,2023-11-01,0.60559386,0.6152387
BiLSTM+Attention,val,77.463759_12.894731,2023-11-01,0.54520226,0.54435754
BiLSTM+Attention,val,77.463759_12.899223,2023-11-01,0.5478095,0.55242383
BiLSTM+Attention,val,77.463759_12.917189,2023-11-01,0.5029532,0.4953118
BiLSTM+Attention,val,77.463759_12.953122,2023-11-01,0.7575523,0.76312834
BiLSTM+Attention,val,77.463759_13.03397,2023-11-01,0.41563123,0.41692245
BiLSTM+Attention,val,77.463759_13.078886,2023-11-01,0.52757573,0.5386823
BiLSTM+Attention,val,77.46825_12.827358,2023-11-01,0.48806584,0.48868883
BiLSTM+Attention,val,77.46825_12.836341,2023-11-01,0.58286905,0.58611214
BiLSTM+Attention,val,77.46825_12.894731,2023-11-01,0.5253442,0.5241856
BiLSTM+Attention,val,77.46825_12.94863,2023-11-01,0.59719855,0.5945753
BiLSTM+Attention,val,77.46825_12.953122,2023-11-01,0.5326116,0.5267085
BiLSTM+Attention,val,77.46825_12.966596,2023-11-01,0.510681,0.50657874
BiLSTM+Attention,val,77.46825_13.007021,2023-11-01,0.43125775,0.4326054
BiLSTM+Attention,val,77.46825_13.020495,2023-11-01,0.5008516,0.503479
BiLSTM+Attention,val,77.46825_13.114818,2023-11-01,0.54217505,0.5428665
BiLSTM+Attention,val,77.46825_13.150751,2023-11-01,0.4528185,0.44951248
BiLSTM+Attention,val,77.46825_13.1777,2023-11-01,0.54327786,0.5346361
BiLSTM+Attention,val,77.472742_12.746509,2023-11-01,0.64303887,0.6335372
BiLSTM+Attention,val,77.472742_12.751001,2023-11-01,0.596848,0.58234763
BiLSTM+Attention,val,77.472742_12.755492,2023-11-01,0.6138606,0.6034467
BiLSTM+Attention,val,77.472742_12.795916,2023-11-01,0.5504179,0.55151194
BiLSTM+Attention,val,77.472742_12.836341,2023-11-01,0.57292795,0.5783676
BiLSTM+Attention,val,77.472742_12.984563,2023-11-01,0.47258857,0.47294778
BiLSTM+Attention,val,77.472742_13.087869,2023-11-01,0.48176032,0.48638064
BiLSTM+Attention,val,77.477234_12.764475,2023-11-01,0.60821575,0.6037262
BiLSTM+Attention,val,77.477234_12.782442,2023-11-01,0.5440333,0.549385
BiLSTM+Attention,val,77.477234_12.840832,2023-11-01,0.57467914,0.5776777
BiLSTM+Attention,val,77.477234_12.899223,2023-11-01,0.48563755,0.49352145
BiLSTM+Attention,val,77.477234_12.935155,2023-11-01,0.6237025,0.62711877
BiLSTM+Attention,val,77.477234_12.944139,2023-11-01,0.5537857,0.54793876
BiLSTM+Attention,val,77.477234_12.94863,2023-11-01,0.5646278,0.564441
BiLSTM+Attention,val,77.477234_12.971088,2023-11-01,0.52334976,0.52065617
BiLSTM+Attention,val,77.477234_13.002529,2023-11-01,0.42681867,0.4301624
BiLSTM+Attention,val,77.477234_13.056428,2023-11-01,0.48349693,0.48046005
BiLSTM+Attention,val,77.481725_12.737526,2023-11-01,0.6196373,0.6091133
BiLSTM+Attention,val,77.481725_12.768967,2023-11-01,0.6031548,0.60971564
BiLSTM+Attention,val,77.481725_12.831849,2023-11-01,0.51666987,0.5158381
BiLSTM+Attention,val,77.481725_12.89024,2023-11-01,0.5649063,0.56794137
BiLSTM+Attention,val,77.481725_12.894731,2023-11-01,0.53207856,0.5319973
BiLSTM+Attention,val,77.481725_12.944139,2023-11-01,0.56657,0.56020397
BiLSTM+Attention,val,77.481725_12.971088,2023-11-01,0.4481434,0.4457205
BiLSTM+Attention,val,77.481725_12.980071,2023-11-01,0.5013887,0.50342435
BiLSTM+Attention,val,77.481725_13.024987,2023-11-01,0.48223624,0.48154783
BiLSTM+Attention,val,77.481725_13.03397,2023-11-01,0.45930877,0.46217698
BiLSTM+Attention,val,77.481725_13.096852,2023-11-01,0.5650927,0.573046
BiLSTM+Attention,val,77.481725_13.137276,2023-11-01,0.6415755,0.6634655
BiLSTM+Attention,val,77.486217_12.764475,2023-11-01,0.5980572,0.5872799
BiLSTM+Attention,val,77.486217_12.872273,2023-11-01,0.52154917,0.52791864
BiLSTM+Attention,val,77.486217_12.939647,2023-11-01,0.58204,0.57982165
BiLSTM+Attention,val,77.486217_12.998037,2023-11-01,0.47424704,0.48160046
BiLSTM+Attention,val,77.486217_13.042953,2023-11-01,0.52990144,0.532393
BiLSTM+Attention,val,77.486217_13.06092,2023-11-01,0.5481366,0.5621979
BiLSTM+Attention,val,77.486217_13.114818,2023-11-01,0.4826395,0.48237562
BiLSTM+Attention,val,77.486217_13.11931,2023-11-01,0.49991438,0.5034451
BiLSTM+Attention,val,77.490708_12.768967,2023-11-01,0.58981156,0.58744156
BiLSTM+Attention,val,77.490708_12.8049,2023-11-01,0.5678705,0.57544285
BiLSTM+Attention,val,77.490708_12.849815,2023-11-01,0.59193,0.6063097
BiLSTM+Attention,val,77.490708_12.89024,2023-11-01,0.52395344,0.52329063
BiLSTM+Attention,val,77.490708_13.051936,2023-11-01,0.5965507,0.6041512
BiLSTM+Attention,val,77.490708_13.087869,2023-11-01,0.5375918,0.54656935
BiLSTM+Attention,val,77.490708_13.092361,2023-11-01,0.5330699,0.5400038
BiLSTM+Attention,val,77.490708_13.096852,2023-11-01,0.5631437,0.5720866
BiLSTM+Attention,val,77.490708_13.182192,2023-11-01,0.5817672,0.58345115
BiLSTM+Attention,val,77.490708_13.209142,2023-11-01,0.538945,0.54310894
BiLSTM+Attention,val,77.4952_12.786933,2023-11-01,0.55011725,0.55660796
BiLSTM+Attention,val,77.4952_12.836341,2023-11-01,0.54835236,0.54712003
BiLSTM+Attention,val,77.4952_12.899223,2023-11-01,0.5711961,0.57085395
BiLSTM+Attention,val,77.4952_12.962105,2023-11-01,0.56617045,0.5668872
BiLSTM+Attention,val,77.4952_13.020495,2023-11-01,0.5246664,0.5266845
BiLSTM+Attention,val,77.4952_13.024987,2023-11-01,0.5142907,0.518029
BiLSTM+Attention,val,77.4952_13.03397,2023-11-01,0.56751454,0.57141364
BiLSTM+Attention,val,77.4952_13.087869,2023-11-01,0.51185507,0.51425856
BiLSTM+Attention,val,77.4952_13.092361,2023-11-01,0.53830373,0.54564285
BiLSTM+Attention,val,77.4952_13.182192,2023-11-01,0.5813222,0.58510023
BiLSTM+Attention,val,77.499692_12.755492,2023-11-01,0.6556932,0.65223557
BiLSTM+Attention,val,77.499692_12.858799,2023-11-01,0.639421,0.6459014
BiLSTM+Attention,val,77.499692_12.899223,2023-11-01,0.5531909,0.5568012
BiLSTM+Attention,val,77.499692_12.984563,2023-11-01,0.51640224,0.5236606
BiLSTM+Attention,val,77.499692_13.114818,2023-11-01,0.5018028,0.5006314
BiLSTM+Attention,val,77.499692_13.137276,2023-11-01,0.4947205,0.4987288
BiLSTM+Attention,val,77.499692_13.168717,2023-11-01,0.6301671,0.6346418
BiLSTM+Attention,val,77.504183_12.764475,2023-11-01,0.6607317,0.66118085
BiLSTM+Attention,val,77.504183_12.786933,2023-11-01,0.61816406,0.62123615
BiLSTM+Attention,val,77.504183_12.818374,2023-11-01,0.5890219,0.59098667
BiLSTM+Attention,val,77.504183_12.854307,2023-11-01,0.58135855,0.5795125
BiLSTM+Attention,val,77.504183_12.858799,2023-11-01,0.6381847,0.6409841
BiLSTM+Attention,val,77.504183_12.953122,2023-11-01,0.54436,0.54980034
BiLSTM+Attention,val,77.504183_13.083377,2023-11-01,0.5700471,0.57735413
BiLSTM+Attention,val,77.504183_13.141768,2023-11-01,0.57188797,0.57066476
BiLSTM+Attention,val,77.504183_13.159734,2023-11-01,0.66082275,0.662615
BiLSTM+Attention,val,77.504183_13.195667,2023-11-01,0.51398087,0.5197142
BiLSTM+Attention,val,77.508675_12.751001,2023-11-01,0.6605763,0.6590861
BiLSTM+Attention,val,77.508675_12.795916,2023-11-01,0.6455383,0.65591884
BiLSTM+Attention,val,77.508675_12.831849,2023-11-01,0.589385,0.58993644
BiLSTM+Attention,val,77.508675_12.836341,2023-11-01,0.61458063,0.6148186
BiLSTM+Attention,val,77.508675_12.845324,2023-11-01,0.5790817,0.5867565
BiLSTM+Attention,val,77.508675_12.903714,2023-11-01,0.50622207,0.49903393
BiLSTM+Attention,val,77.508675_12.912697,2023-11-01,0.549623,0.5468821
BiLSTM+Attention,val,77.508675_12.917189,2023-11-01,0.6147163,0.61229694
BiLSTM+Attention,val,77.508675_13.114818,2023-11-01,0.46301663,0.4602813
BiLSTM+Attention,val,77.508675_13.137276,2023-11-01,0.52121216,0.51908445
BiLSTM+Attention,val,77.508675_13.159734,2023-11-01,0.6463404,0.64953506
BiLSTM+Attention,val,77.508675_13.191175,2023-11-01,0.5382415,0.5403468
BiLSTM+Attention,val,77.513166_12.746509,2023-11-01,0.759353,0.77378345
BiLSTM+Attention,val,77.513166_12.764475,2023-11-01,0.62561136,0.61076725
BiLSTM+Attention,val,77.513166_12.77795,2023-11-01,0.71870625,0.7345178
BiLSTM+Attention,val,77.513166_12.822866,2023-11-01,0.66267437,0.6727004
BiLSTM+Attention,val,77.513166_12.908206,2023-11-01,0.5087819,0.50464445
BiLSTM+Attention,val,77.513166_13.087869,2023-11-01,0.57279783,0.5724835
BiLSTM+Attention,val,77.513166_13.096852,2023-11-01,0.63666356,0.647261
BiLSTM+Attention,val,77.513166_13.137276,2023-11-01,0.48804548,0.48084873
BiLSTM+Attention,val,77.513166_13.1777,2023-11-01,0.5662384,0.56210744
BiLSTM+Attention,val,77.517658_12.764475,2023-11-01,0.6714941,0.6605243
BiLSTM+Attention,val,77.517658_12.77795,2023-11-01,0.6940757,0.6999243
BiLSTM+Attention,val,77.517658_12.782442,2023-11-01,0.6929119,0.70710605
BiLSTM+Attention,val,77.517658_12.795916,2023-11-01,0.6552932,0.66139936
BiLSTM+Attention,val,77.517658_12.827358,2023-11-01,0.58997905,0.58664435
BiLSTM+Attention,val,77.517658_12.849815,2023-11-01,0.584889,0.5880049
BiLSTM+Attention,val,77.517658_12.885748,2023-11-01,0.5807237,0.58700603
BiLSTM+Attention,val,77.517658_12.89024,2023-11-01,0.5722416,0.57213074
BiLSTM+Attention,val,77.517658_12.899223,2023-11-01,0.56495583,0.5687431
BiLSTM+Attention,val,77.517658_12.998037,2023-11-01,0.5889673,0.5882835
BiLSTM+Attention,val,77.517658_13.11931,2023-11-01,0.43252113,0.42822725
BiLSTM+Attention,val,77.517658_13.182192,2023-11-01,0.5696858,0.5688055
BiLSTM+Attention,val,77.517658_13.186684,2023-11-01,0.578561,0.57927346
BiLSTM+Attention,val,77.517658_13.191175,2023-11-01,0.52220255,0.5192083
BiLSTM+Attention,val,77.522149_12.751001,2023-11-01,0.7039506,0.7107345
BiLSTM+Attention,val,77.522149_12.755492,2023-11-01,0.67999846,0.67664564
BiLSTM+Attention,val,77.522149_12.759984,2023-11-01,0.7128399,0.7159141
BiLSTM+Attention,val,77.522149_12.782442,2023-11-01,0.70717317,0.7251335
BiLSTM+Attention,val,77.522149_12.809391,2023-11-01,0.7699934,0.79653805
BiLSTM+Attention,val,77.522149_12.813883,2023-11-01,0.5847533,0.5866732
BiLSTM+Attention,val,77.522149_12.818374,2023-11-01,0.56867754,0.5659823
BiLSTM+Attention,val,77.522149_12.836341,2023-11-01,0.57996976,0.5819361
BiLSTM+Attention,val,77.522149_12.845324,2023-11-01,0.59587145,0.59896874
BiLSTM+Attention,val,77.522149_13.056428,2023-11-01,0.5988543,0.6035379
BiLSTM+Attention,val,77.522149_13.078886,2023-11-01,0.5734458,0.58001214
BiLSTM+Attention,val,77.522149_13.146259,2023-11-01,0.45180336,0.44815361
BiLSTM+Attention,val,77.522149_13.200158,2023-11-01,0.5611671,0.56330764
BiLSTM+Attention,val,77.526641_12.751001,2023-11-01,0.7159501,0.7170292
BiLSTM+Attention,val,77.526641_12.840832,2023-11-01,0.6502535,0.6572369
BiLSTM+Attention,val,77.526641_12.89024,2023-11-01,0.6166435,0.6275701
BiLSTM+Attention,val,77.526641_12.899223,2023-11-01,0.5882849,0.59357095
BiLSTM+Attention,val,77.526641_13.078886,2023-11-01,0.5873127,0.59545994
BiLSTM+Attention,val,77.526641_13.105835,2023-11-01,0.4442408,0.4396159
BiLSTM+Attention,val,77.526641_13.110327,2023-11-01,0.44017118,0.43890554
BiLSTM+Attention,val,77.531133_12.791425,2023-11-01,0.61036044,0.616365
BiLSTM+Attention,val,77.531133_12.795916,2023-11-01,0.6497921,0.6546336
BiLSTM+Attention,val,77.531133_12.800408,2023-11-01,0.62549454,0.62385297
BiLSTM+Attention,val,77.531133_12.822866,2023-11-01,0.59748024,0.5962763
BiLSTM+Attention,val,77.531133_12.827358,2023-11-01,0.61029583,0.6112004
BiLSTM+Attention,val,77.531133_12.894731,2023-11-01,0.540569,0.5397977
BiLSTM+Attention,val,77.531133_13.083377,2023-11-01,0.5559027,0.55954134
BiLSTM+Attention,val,77.531133_13.114818,2023-11-01,0.45187324,0.45403254
BiLSTM+Attention,val,77.531133_13.195667,2023-11-01,0.5732075,0.5801245
BiLSTM+Attention,val,77.535624_12.77795,2023-11-01,0.753845,0.7725291
BiLSTM+Attention,val,77.535624_12.822866,2023-11-01,0.7004526,0.7131819
BiLSTM+Attention,val,77.535624_12.872273,2023-11-01,0.50543267,0.50894684
BiLSTM+Attention,val,77.535624_12.899223,2023-11-01,0.5215323,0.52585423
BiLSTM+Attention,val,77.535624_13.069903,2023-11-01,0.65968657,0.6711855
BiLSTM+Attention,val,77.535624_13.083377,2023-11-01,0.5485136,0.5512143
BiLSTM+Attention,val,77.535624_13.096852,2023-11-01,0.48937625,0.48988312
BiLSTM+Attention,val,77.535624_13.114818,2023-11-01,0.47756198,0.48051387
BiLSTM+Attention,val,77.535624_13.132785,2023-11-01,0.5028079,0.5072585
BiLSTM+Attention,val,77.535624_13.137276,2023-11-01,0.44506902,0.44303054
BiLSTM+Attention,val,77.535624_13.195667,2023-11-01,0.51529694,0.514654
BiLSTM+Attention,val,77.540116_12.77795,2023-11-01,0.6535021,0.6534551
BiLSTM+Attention,val,77.540116_12.795916,2023-11-01,0.6698359,0.6784398
BiLSTM+Attention,val,77.540116_13.042953,2023-11-01,0.5887197,0.59257567
BiLSTM+Attention,val,77.540116_13.074394,2023-11-01,0.606921,0.60760057
BiLSTM+Attention,val,77.540116_13.092361,2023-11-01,0.44737133,0.44444484
BiLSTM+Attention,val,77.540116_13.101344,2023-11-01,0.47727254,0.47131622
BiLSTM+Attention,val,77.540116_13.105835,2023-11-01,0.48875645,0.4926275
BiLSTM+Attention,val,77.540116_13.114818,2023-11-01,0.44964665,0.45282304
BiLSTM+Attention,val,77.540116_13.132785,2023-11-01,0.48802957,0.49232596
BiLSTM+Attention,val,77.540116_13.155243,2023-11-01,0.51427436,0.51801044
BiLSTM+Attention,val,77.540116_13.182192,2023-11-01,0.48057944,0.48304826
BiLSTM+Attention,val,77.544607_12.831849,2023-11-01,0.7581709,0.77825934
BiLSTM+Attention,val,77.544607_13.218125,2023-11-01,0.56673855,0.575623
BiLSTM+Attention,val,77.549099_12.822866,2023-11-01,0.7783684,0.7919707
BiLSTM+Attention,val,77.549099_12.831849,2023-11-01,0.6913638,0.71107686
BiLSTM+Attention,val,77.549099_12.836341,2023-11-01,0.6635793,0.66867
BiLSTM+Attention,val,77.549099_12.845324,2023-11-01,0.6461774,0.65977734
BiLSTM+Attention,val,77.549099_12.867782,2023-11-01,0.5706508,0.5829191
BiLSTM+Attention,val,77.549099_12.876765,2023-11-01,0.5366032,0.5419566
BiLSTM+Attention,val,77.549099_12.894731,2023-11-01,0.61651987,0.62362313
BiLSTM+Attention,val,77.549099_13.096852,2023-11-01,0.5141712,0.51580083
BiLSTM+Attention,val,77.549099_13.132785,2023-11-01,0.61935586,0.62937945
BiLSTM+Attention,val,77.55359_12.71956,2023-11-01,0.79294163,0.8110666
BiLSTM+Attention,val,77.55359_12.782442,2023-11-01,0.72482383,0.7356507
BiLSTM+Attention,val,77.55359_12.849815,2023-11-01,0.64052486,0.6519773
BiLSTM+Attention,val,77.55359_12.872273,2023-11-01,0.5277551,0.54116976
BiLSTM+Attention,val,77.55359_13.069903,2023-11-01,0.72514766,0.7321422
BiLSTM+Attention,val,77.55359_13.101344,2023-11-01,0.46978813,0.4653321
BiLSTM+Attention,val,77.55359_13.110327,2023-11-01,0.52654505,0.5319726
BiLSTM+Attention,val,77.55359_13.128293,2023-11-01,0.5982405,0.60732514
BiLSTM+Attention,val,77.55359_13.168717,2023-11-01,0.52536327,0.5297862
BiLSTM+Attention,val,77.55359_13.173209,2023-11-01,0.44858885,0.45459795
BiLSTM+Attention,val,77.558082_12.710577,2023-11-01,0.8209295,0.84432214
BiLSTM+Attention,val,77.558082_12.827358,2023-11-01,0.70893127,0.7228728
BiLSTM+Attention,val,77.558082_12.845324,2023-11-01,0.68746746,0.7036553
BiLSTM+Attention,val,77.558082_13.042953,2023-11-01,0.6663686,0.6704549
BiLSTM+Attention,val,77.558082_13.051936,2023-11-01,0.69657797,0.706424
BiLSTM+Attention,val,77.558082_13.110327,2023-11-01,0.53474647,0.5388446
BiLSTM+Attention,val,77.558082_13.168717,2023-11-01,0.53905207,0.54553586
BiLSTM+Attention,val,77.558082_13.1777,2023-11-01,0.5206937,0.5189981
BiLSTM+Attention,val,77.562574_12.71956,2023-11-01,0.7951906,0.8177815
BiLSTM+Attention,val,77.562574_12.827358,2023-11-01,0.71632046,0.7220709
BiLSTM+Attention,val,77.562574_12.858799,2023-11-01,0.5371156,0.545756
BiLSTM+Attention,val,77.562574_12.872273,2023-11-01,0.6194001,0.6299441
BiLSTM+Attention,val,77.562574_12.876765,2023-11-01,0.64222795,0.64738935
BiLSTM+Attention,val,77.562574_13.141768,2023-11-01,0.51311195,0.5160649
BiLSTM+Attention,val,77.562574_13.159734,2023-11-01,0.5415559,0.544054
BiLSTM+Attention,val,77.562574_13.173209,2023-11-01,0.54821557,0.55087155
BiLSTM+Attention,val,77.567065_12.724051,2023-11-01,0.7418962,0.7515139
BiLSTM+Attention,val,77.567065_12.813883,2023-11-01,0.7013248,0.71199995
BiLSTM+Attention,val,77.567065_12.849815,2023-11-01,0.68344593,0.6955921
BiLSTM+Attention,val,77.567065_13.105835,2023-11-01,0.59731495,0.59716743
BiLSTM+Attention,val,77.567065_13.114818,2023-11-01,0.64276385,0.64910185
BiLSTM+Attention,val,77.567065_13.182192,2023-11-01,0.5447622,0.5513262
BiLSTM+Attention,val,77.571557_12.71956,2023-11-01,0.77811736,0.7973296
BiLSTM+Attention,val,77.571557_12.800408,2023-11-01,0.6992416,0.70377517
BiLSTM+Attention,val,77.571557_12.813883,2023-11-01,0.77037704,0.7832822
BiLSTM+Attention,val,77.571557_12.849815,2023-11-01,0.6872371,0.695267
BiLSTM+Attention,val,77.571557_13.141768,2023-11-01,0.5172781,0.5203988
BiLSTM+Attention,val,77.571557_13.146259,2023-11-01,0.52065295,0.5263262
BiLSTM+Attention,val,77.576048_12.71956,2023-11-01,0.7443305,0.76247436
BiLSTM+Attention,val,77.576048_12.728543,2023-11-01,0.74006695,0.74925065
BiLSTM+Attention,val,77.576048_12.742018,2023-11-01,0.7373331,0.762921
BiLSTM+Attention,val,77.576048_12.813883,2023-11-01,0.7899579,0.79881626
BiLSTM+Attention,val,77.576048_12.827358,2023-11-01,0.6729746,0.6768659
BiLSTM+Attention,val,77.58054_12.800408,2023-11-01,0.73844147,0.754336
BiLSTM+Attention,val,77.58054_12.845324,2023-11-01,0.68959713,0.6993762
BiLSTM+Attention,val,77.58054_13.083377,2023-11-01,0.5590502,0.5574588
BiLSTM+Attention,val,77.58054_13.087869,2023-11-01,0.5330461,0.5315987
BiLSTM+Attention,val,77.585031_12.849815,2023-11-01,0.687041,0.6982241
BiLSTM+Attention,val,77.585031_13.042953,2023-11-01,0.69482464,0.6969105
BiLSTM+Attention,val,77.585031_13.137276,2023-11-01,0.5243278,0.5282214
BiLSTM+Attention,val,77.589523_12.71956,2023-11-01,0.8512033,0.8643098
BiLSTM+Attention,val,77.589523_12.746509,2023-11-01,0.738399,0.7545747
BiLSTM+Attention,val,77.589523_12.854307,2023-11-01,0.63472855,0.6459279
BiLSTM+Attention,val,77.589523_12.971088,2023-11-01,0.7575548,0.76269823
BiLSTM+Attention,val,77.589523_13.083377,2023-11-01,0.64285076,0.6432605
BiLSTM+Attention,val,77.589523_13.150751,2023-11-01,0.5298062,0.53237665
BiLSTM+Attention,val,77.594015_12.724051,2023-11-01,0.8280131,0.8405914
BiLSTM+Attention,val,77.594015_12.733034,2023-11-01,0.79872465,0.8133037
BiLSTM+Attention,val,77.594015_12.755492,2023-11-01,0.7006632,0.7110724
BiLSTM+Attention,val,77.594015_12.831849,2023-11-01,0.6495305,0.65329367
BiLSTM+Attention,val,77.594015_12.836341,2023-11-01,0.6691804,0.6810117
BiLSTM+Attention,val,77.594015_12.840832,2023-11-01,0.6697048,0.68151665
BiLSTM+Attention,val,77.594015_12.849815,2023-11-01,0.6605443,0.67668205
BiLSTM+Attention,val,77.594015_12.998037,2023-11-01,0.75141686,0.76123387
BiLSTM+Attention,val,77.594015_13.087869,2023-11-01,0.6275245,0.628698
BiLSTM+Attention,val,77.598506_12.665661,2023-11-01,0.8307745,0.86021554
BiLSTM+Attention,val,77.598506_12.710577,2023-11-01,0.7588735,0.7526692
BiLSTM+Attention,val,77.598506_12.822866,2023-11-01,0.6743589,0.6837794
BiLSTM+Attention,val,77.598506_12.849815,2023-11-01,0.70051223,0.7220739
BiLSTM+Attention,val,77.598506_13.083377,2023-11-01,0.62053955,0.62300205
BiLSTM+Attention,val,77.598506_13.128293,2023-11-01,0.5857746,0.5933792
BiLSTM+Attention,val,77.598506_13.141768,2023-11-01,0.49955437,0.50811964
BiLSTM+Attention,val,77.598506_13.146259,2023-11-01,0.4795182,0.48880756
BiLSTM+Attention,val,77.602998_12.710577,2023-11-01,0.79575366,0.8010629
BiLSTM+Attention,val,77.602998_12.827358,2023-11-01,0.59012926,0.5949059
BiLSTM+Attention,val,77.602998_12.849815,2023-11-01,0.60033464,0.61208034
BiLSTM+Attention,val,77.602998_12.858799,2023-11-01,0.609118,0.6190442
BiLSTM+Attention,val,77.602998_13.114818,2023-11-01,0.6133741,0.61361706
BiLSTM+Attention,val,77.602998_13.11931,2023-11-01,0.6071195,0.6141134
BiLSTM+Attention,val,77.602998_13.128293,2023-11-01,0.55401576,0.5606407
BiLSTM+Attention,val,77.602998_13.164226,2023-11-01,0.5136723,0.5205131
BiLSTM+Attention,val,77.607489_12.768967,2023-11-01,0.6630679,0.6707727
BiLSTM+Attention,val,77.607489_12.773459,2023-11-01,0.6365982,0.6431738
BiLSTM+Attention,val,77.607489_12.791425,2023-11-01,0.62465584,0.62593365
BiLSTM+Attention,val,77.607489_12.809391,2023-11-01,0.71119666,0.723493
BiLSTM+Attention,val,77.607489_12.818374,2023-11-01,0.7391262,0.74879193
BiLSTM+Attention,val,77.607489_13.087869,2023-11-01,0.7169698,0.72526485
BiLSTM+Attention,val,77.611981_12.674644,2023-11-01,0.826278,0.8486371
BiLSTM+Attention,val,77.611981_12.768967,2023-11-01,0.6193809,0.6260577
BiLSTM+Attention,val,77.611981_12.831849,2023-11-01,0.627019,0.62555844
BiLSTM+Attention,val,77.611981_12.867782,2023-11-01,0.5816713,0.584725
BiLSTM+Attention,val,77.611981_12.953122,2023-11-01,0.76053715,0.7657545
BiLSTM+Attention,val,77.611981_13.105835,2023-11-01,0.583891,0.5934886
BiLSTM+Attention,val,77.611981_13.168717,2023-11-01,0.48833,0.4946903
BiLSTM+Attention,val,77.611981_13.182192,2023-11-01,0.461321,0.46558028
BiLSTM+Attention,val,77.616473_12.831849,2023-11-01,0.6682953,0.67274195
BiLSTM+Attention,val,77.616473_12.858799,2023-11-01,0.5927495,0.59680074
BiLSTM+Attention,val,77.616473_13.114818,2023-11-01,0.61043274,0.6162914
BiLSTM+Attention,val,77.616473_13.141768,2023-11-01,0.53637373,0.538755
BiLSTM+Attention,val,77.616473_13.1777,2023-11-01,0.4542541,0.46124983
BiLSTM+Attention,val,77.620964_12.674644,2023-11-01,0.8332801,0.8574205
BiLSTM+Attention,val,77.620964_12.795916,2023-11-01,0.57330424,0.5757034
BiLSTM+Attention,val,77.620964_12.813883,2023-11-01,0.56457317,0.56833243
BiLSTM+Attention,val,77.620964_12.845324,2023-11-01,0.7040521,0.7074724
BiLSTM+Attention,val,77.620964_12.858799,2023-11-01,0.5739843,0.5819502
BiLSTM+Attention,val,77.620964_13.132785,2023-11-01,0.5879426,0.58805394
BiLSTM+Attention,val,77.625456_12.782442,2023-11-01,0.6023991,0.6148076
BiLSTM+Attention,val,77.625456_12.858799,2023-11-01,0.5394775,0.5441946
BiLSTM+Attention,val,77.625456_13.065411,2023-11-01,0.4836194,0.4710853
BiLSTM+Attention,val,77.625456_13.128293,2023-11-01,0.59167665,0.5912199
BiLSTM+Attention,val,77.625456_13.137276,2023-11-01,0.52636623,0.5252333
BiLSTM+Attention,val,77.625456_13.155243,2023-11-01,0.6463277,0.66587627
BiLSTM+Attention,val,77.625456_13.182192,2023-11-01,0.48873687,0.49816638
BiLSTM+Attention,val,77.629947_12.795916,2023-11-01,0.7818815,0.8044786
BiLSTM+Attention,val,77.629947_12.809391,2023-11-01,0.58695954,0.58841693
BiLSTM+Attention,val,77.629947_12.836341,2023-11-01,0.6440583,0.6438561
BiLSTM+Attention,val,77.629947_12.854307,2023-11-01,0.5931464,0.5928827
BiLSTM+Attention,val,77.629947_12.858799,2023-11-01,0.56154853,0.5657846
BiLSTM+Attention,val,77.629947_13.06092,2023-11-01,0.5068618,0.49492496
BiLSTM+Attention,val,77.629947_13.087869,2023-11-01,0.5071643,0.503475
BiLSTM+Attention,val,77.629947_13.1777,2023-11-01,0.51603556,0.5226122
BiLSTM+Attention,val,77.634439_12.679136,2023-11-01,0.7780712,0.7943581
BiLSTM+Attention,val,77.634439_12.701593,2023-11-01,0.72460216,0.7410452
BiLSTM+Attention,val,77.634439_12.733034,2023-11-01,0.5777518,0.58444226
BiLSTM+Attention,val,77.634439_12.746509,2023-11-01,0.6116755,0.6183951
BiLSTM+Attention,val,77.634439_12.751001,2023-11-01,0.6077427,0.6077968
BiLSTM+Attention,val,77.634439_12.849815,2023-11-01,0.5986329,0.6074842
BiLSTM+Attention,val,77.634439_13.047445,2023-11-01,0.56731737,0.5618491
BiLSTM+Attention,val,77.634439_13.083377,2023-11-01,0.46940404,0.4622028
BiLSTM+Attention,val,77.634439_13.137276,2023-11-01,0.48474535,0.47993815
BiLSTM+Attention,val,77.63893_12.688119,2023-11-01,0.7175676,0.731713
BiLSTM+Attention,val,77.63893_12.742018,2023-11-01,0.6271249,0.62839764
BiLSTM+Attention,val,77.63893_12.791425,2023-11-01,0.6202361,0.6337199
BiLSTM+Attention,val,77.63893_12.800408,2023-11-01,0.5740212,0.57914764
BiLSTM+Attention,val,77.63893_12.818374,2023-11-01,0.5921625,0.59106815
BiLSTM+Attention,val,77.63893_12.840832,2023-11-01,0.6703588,0.6860168
BiLSTM+Attention,val,77.63893_12.872273,2023-11-01,0.51425356,0.5148981
BiLSTM+Attention,val,77.63893_12.917189,2023-11-01,0.7585761,0.77516425
BiLSTM+Attention,val,77.63893_12.989054,2023-11-01,0.6691059,0.68494564
BiLSTM+Attention,val,77.63893_13.056428,2023-11-01,0.52811617,0.52722216
BiLSTM+Attention,val,77.63893_13.078886,2023-11-01,0.4748876,0.47068882
BiLSTM+Attention,val,77.63893_13.083377,2023-11-01,0.4636699,0.45570576
BiLSTM+Attention,val,77.63893_13.1777,2023-11-01,0.49745536,0.5059383
BiLSTM+Attention,val,77.643422_12.795916,2023-11-01,0.59652686,0.59729266
BiLSTM+Attention,val,77.643422_12.800408,2023-11-01,0.5789473,0.5821184
BiLSTM+Attention,val,77.643422_12.809391,2023-11-01,0.6062567,0.61625224
BiLSTM+Attention,val,77.643422_12.867782,2023-11-01,0.5525322,0.554915
BiLSTM+Attention,val,77.643422_13.002529,2023-11-01,0.59451485,0.60009265
BiLSTM+Attention,val,77.643422_13.038462,2023-11-01,0.59105104,0.58541447
BiLSTM+Attention,val,77.643422_13.164226,2023-11-01,0.60368806,0.6069258
BiLSTM+Attention,val,77.647914_12.688119,2023-11-01,0.75647914,0.7704501
BiLSTM+Attention,val,77.647914_12.733034,2023-11-01,0.61040145,0.6145766
BiLSTM+Attention,val,77.647914_12.881256,2023-11-01,0.56731355,0.57185876
BiLSTM+Attention,val,77.647914_12.935155,2023-11-01,0.7053819,0.7151074
BiLSTM+Attention,val,77.647914_13.141768,2023-11-01,0.634756,0.65037715
BiLSTM+Attention,val,77.647914_13.168717,2023-11-01,0.67370105,0.68431145
BiLSTM+Attention,val,77.652405_12.697102,2023-11-01,0.7213768,0.73885083
BiLSTM+Attention,val,77.652405_12.773459,2023-11-01,0.582814,0.58708143
BiLSTM+Attention,val,77.652405_12.795916,2023-11-01,0.5576904,0.5523867
BiLSTM+Attention,val,77.652405_12.8049,2023-11-01,0.6132932,0.61480635
BiLSTM+Attention,val,77.652405_12.858799,2023-11-01,0.7041113,0.71651226
BiLSTM+Attention,val,77.652405_12.926172,2023-11-01,0.69469035,0.70136356
BiLSTM+Attention,val,77.652405_13.002529,2023-11-01,0.58311445,0.58204645
BiLSTM+Attention,val,77.656897_12.742018,2023-11-01,0.63774014,0.6439678
BiLSTM+Attention,val,77.656897_12.746509,2023-11-01,0.617704,0.6225017
BiLSTM+Attention,val,77.656897_12.768967,2023-11-01,0.63383955,0.63841426
BiLSTM+Attention,val,77.656897_12.791425,2023-11-01,0.57596594,0.5803026
BiLSTM+Attention,val,77.656897_12.800408,2023-11-01,0.62841654,0.6307016
BiLSTM+Attention,val,77.656897_12.831849,2023-11-01,0.63230634,0.6356954
BiLSTM+Attention,val,77.656897_12.849815,2023-11-01,0.5248374,0.5298646
BiLSTM+Attention,val,77.656897_12.939647,2023-11-01,0.6401504,0.6425568
BiLSTM+Attention,val,77.656897_13.101344,2023-11-01,0.49447736,0.50007343
BiLSTM+Attention,val,77.656897_13.164226,2023-11-01,0.5062146,0.5137737
BiLSTM+Attention,val,77.656897_13.173209,2023-11-01,0.4780346,0.48037773
BiLSTM+Attention,val,77.661388_12.737526,2023-11-01,0.6405739,0.64449257
BiLSTM+Attention,val,77.661388_12.759984,2023-11-01,0.6476618,0.654595
BiLSTM+Attention,val,77.661388_13.056428,2023-11-01,0.54879165,0.5464712
BiLSTM+Attention,val,77.661388_13.074394,2023-11-01,0.5499511,0.5498364
BiLSTM+Attention,val,77.661388_13.087869,2023-11-01,0.50245667,0.5039639
BiLSTM+Attention,val,77.661388_13.101344,2023-11-01,0.490352,0.49298006
BiLSTM+Attention,val,77.661388_13.110327,2023-11-01,0.5523373,0.5616348
BiLSTM+Attention,val,77.661388_13.11931,2023-11-01,0.6057469,0.61622715
BiLSTM+Attention,val,77.66588_12.679136,2023-11-01,0.71006435,0.71140236
BiLSTM+Attention,val,77.66588_12.697102,2023-11-01,0.67545885,0.677699
BiLSTM+Attention,val,77.66588_12.715068,2023-11-01,0.6520755,0.6649309
BiLSTM+Attention,val,77.66588_12.724051,2023-11-01,0.64400536,0.6626722
BiLSTM+Attention,val,77.66588_12.751001,2023-11-01,0.6076741,0.6052938
BiLSTM+Attention,val,77.66588_12.755492,2023-11-01,0.6512178,0.6579201
BiLSTM+Attention,val,77.66588_12.764475,2023-11-01,0.62942064,0.63595045
BiLSTM+Attention,val,77.66588_12.768967,2023-11-01,0.7578655,0.77408594
BiLSTM+Attention,val,77.66588_12.791425,2023-11-01,0.66477317,0.67459047
BiLSTM+Attention,val,77.66588_12.953122,2023-11-01,0.66113496,0.6567105
BiLSTM+Attention,val,77.66588_13.038462,2023-11-01,0.56053454,0.552533
BiLSTM+Attention,val,77.66588_13.051936,2023-11-01,0.58641464,0.5846762
BiLSTM+Attention,val,77.66588_13.173209,2023-11-01,0.4847423,0.49165833
BiLSTM+Attention,val,77.670371_12.71956,2023-11-01,0.64515626,0.65577376
BiLSTM+Attention,val,77.670371_12.86329,2023-11-01,0.55892885,0.56920373
BiLSTM+Attention,val,77.670371_12.881256,2023-11-01,0.54982626,0.5491081
BiLSTM+Attention,val,77.670371_12.894731,2023-11-01,0.49712634,0.4905395
BiLSTM+Attention,val,77.670371_13.069903,2023-11-01,0.49012807,0.4855249
BiLSTM+Attention,val,77.670371_13.083377,2023-11-01,0.45104873,0.452388
BiLSTM+Attention,val,77.670371_13.092361,2023-11-01,0.45438886,0.46121228
BiLSTM+Attention,val,77.670371_13.128293,2023-11-01,0.5362399,0.54055154
BiLSTM+Attention,val,77.674863_12.674644,2023-11-01,0.7479868,0.7676259
BiLSTM+Attention,val,77.674863_12.71956,2023-11-01,0.6543151,0.66330934
BiLSTM+Attention,val,77.674863_12.755492,2023-11-01,0.5953417,0.5909094
BiLSTM+Attention,val,77.674863_12.764475,2023-11-01,0.6099243,0.6145514
BiLSTM+Attention,val,77.674863_12.786933,2023-11-01,0.63911104,0.64170295
BiLSTM+Attention,val,77.674863_12.836341,2023-11-01,0.5815825,0.5865087
BiLSTM+Attention,val,77.674863_12.867782,2023-11-01,0.7333161,0.73916245
BiLSTM+Attention,val,77.674863_13.051936,2023-11-01,0.5952495,0.5947043
BiLSTM+Attention,val,77.674863_13.069903,2023-11-01,0.47216022,0.46783602
BiLSTM+Attention,val,77.674863_13.092361,2023-11-01,0.47416538,0.4818564
BiLSTM+Attention,val,77.674863_13.105835,2023-11-01,0.5292065,0.53282595
BiLSTM+Attention,val,77.679355_12.697102,2023-11-01,0.6210142,0.6184325
BiLSTM+Attention,val,77.679355_12.746509,2023-11-01,0.7071046,0.71917117
BiLSTM+Attention,val,77.679355_12.881256,2023-11-01,0.57569647,0.5808705
BiLSTM+Attention,val,77.679355_12.89024,2023-11-01,0.58867943,0.5889149
BiLSTM+Attention,val,77.679355_12.899223,2023-11-01,0.5100574,0.50367075
BiLSTM+Attention,val,77.679355_13.047445,2023-11-01,0.7725464,0.7784613
BiLSTM+Attention,val,77.679355_13.056428,2023-11-01,0.5670496,0.56702495
BiLSTM+Attention,val,77.679355_13.074394,2023-11-01,0.49092662,0.48915738
BiLSTM+Attention,val,77.679355_13.101344,2023-11-01,0.49221823,0.50243914
BiLSTM+Attention,val,77.679355_13.141768,2023-11-01,0.5266451,0.53454566
BiLSTM+Attention,val,77.679355_13.155243,2023-11-01,0.45453215,0.45757836
BiLSTM+Attention,val,77.679355_13.159734,2023-11-01,0.4789125,0.48373973
BiLSTM+Attention,val,77.683846_12.728543,2023-11-01,0.63766766,0.6346284
BiLSTM+Attention,val,77.683846_12.742018,2023-11-01,0.5733333,0.5786459
BiLSTM+Attention,val,77.683846_12.755492,2023-11-01,0.7493662,0.77066875
BiLSTM+Attention,val,77.683846_12.795916,2023-11-01,0.61745983,0.61561793
BiLSTM+Attention,val,77.683846_12.8049,2023-11-01,0.5763619,0.58456993
BiLSTM+Attention,val,77.683846_12.836341,2023-11-01,0.62587243,0.63343865
BiLSTM+Attention,val,77.683846_12.840832,2023-11-01,0.6342309,0.6386565
BiLSTM+Attention,val,77.683846_12.894731,2023-11-01,0.60238504,0.60159653
BiLSTM+Attention,val,77.683846_12.917189,2023-11-01,0.5186803,0.5101816
BiLSTM+Attention,val,77.683846_12.939647,2023-11-01,0.75503564,0.76855266
BiLSTM+Attention,val,77.683846_13.029478,2023-11-01,0.44641396,0.44056988
BiLSTM+Attention,val,77.683846_13.06092,2023-11-01,0.5399088,0.5397082
BiLSTM+Attention,val,77.683846_13.074394,2023-11-01,0.45847866,0.45797324
BiLSTM+Attention,val,77.683846_13.11931,2023-11-01,0.4381228,0.43951318
BiLSTM+Attention,val,77.683846_13.123802,2023-11-01,0.48646903,0.49188828
BiLSTM+Attention,val,77.688338_12.656678,2023-11-01,0.7587092,0.7755457
BiLSTM+Attention,val,77.688338_12.69261,2023-11-01,0.8014355,0.8241599
BiLSTM+Attention,val,77.688338_12.697102,2023-11-01,0.8068062,0.82215714
BiLSTM+Attention,val,77.688338_12.710577,2023-11-01,0.80414104,0.8223682
BiLSTM+Attention,val,77.688338_12.751001,2023-11-01,0.64937216,0.6561062
BiLSTM+Attention,val,77.688338_12.755492,2023-11-01,0.6218263,0.62604547
BiLSTM+Attention,val,77.688338_12.876765,2023-11-01,0.7915377,0.80814224
BiLSTM+Attention,val,77.688338_12.885748,2023-11-01,0.6146377,0.6206258
BiLSTM+Attention,val,77.688338_12.966596,2023-11-01,0.63237727,0.64729416
BiLSTM+Attention,val,77.692829_12.746509,2023-11-01,0.55037457,0.55055875
BiLSTM+Attention,val,77.692829_12.800408,2023-11-01,0.57953864,0.57746553
BiLSTM+Attention,val,77.692829_12.845324,2023-11-01,0.64354163,0.6543609
BiLSTM+Attention,val,77.692829_12.885748,2023-11-01,0.6402616,0.64043486
BiLSTM+Attention,val,77.692829_12.899223,2023-11-01,0.5653774,0.56123376
BiLSTM+Attention,val,77.692829_13.047445,2023-11-01,0.74542236,0.7723658
BiLSTM+Attention,val,77.692829_13.06092,2023-11-01,0.634981,0.6395474
BiLSTM+Attention,val,77.692829_13.065411,2023-11-01,0.5882486,0.5950067
BiLSTM+Attention,val,77.692829_13.083377,2023-11-01,0.45534146,0.46177936
BiLSTM+Attention,val,77.692829_13.096852,2023-11-01,0.4371891,0.44065177
BiLSTM+Attention,val,77.692829_13.132785,2023-11-01,0.41638824,0.41887003
BiLSTM+Attention,val,77.692829_13.155243,2023-11-01,0.45566282,0.46188456
BiLSTM+Attention,val,77.697321_12.697102,2023-11-01,0.80960864,0.8331478
BiLSTM+Attention,val,77.697321_12.751001,2023-11-01,0.61409044,0.6147164
BiLSTM+Attention,val,77.697321_12.773459,2023-11-01,0.5813958,0.58205503
BiLSTM+Attention,val,77.697321_12.791425,2023-11-01,0.66446036,0.6717844
BiLSTM+Attention,val,77.697321_12.885748,2023-11-01,0.643694,0.64459217
BiLSTM+Attention,val,77.697321_12.894731,2023-11-01,0.5808101,0.5703383
BiLSTM+Attention,val,77.697321_12.930664,2023-11-01,0.6030867,0.60276884
BiLSTM+Attention,val,77.697321_12.966596,2023-11-01,0.6076575,0.6127757
BiLSTM+Attention,val,77.697321_13.132785,2023-11-01,0.41638824,0.4183951
BiLSTM+Attention,val,77.697321_13.150751,2023-11-01,0.47139335,0.47790593
BiLSTM+Attention,val,77.697321_13.1777,2023-11-01,0.5650606,0.5796688
BiLSTM+Attention,val,77.701812_12.742018,2023-11-01,0.61708856,0.6068372
BiLSTM+Attention,val,77.701812_12.77795,2023-11-01,0.5834597,0.58731955
BiLSTM+Attention,val,77.701812_12.8049,2023-11-01,0.6540507,0.6624184
BiLSTM+Attention,val,77.701812_12.822866,2023-11-01,0.62397045,0.6302349
BiLSTM+Attention,val,77.701812_12.872273,2023-11-01,0.57910204,0.5803963
BiLSTM+Attention,val,77.701812_12.984563,2023-11-01,0.5381535,0.5367304
BiLSTM+Attention,val,77.701812_13.03397,2023-11-01,0.5077952,0.5112397
BiLSTM+Attention,val,77.701812_13.114818,2023-11-01,0.50098807,0.5143095
BiLSTM+Attention,val,77.701812_13.164226,2023-11-01,0.4974115,0.50509346
BiLSTM+Attention,val,77.706304_12.746509,2023-11-01,0.6303118,0.6253826
BiLSTM+Attention,val,77.706304_12.751001,2023-11-01,0.6370466,0.6412178
BiLSTM+Attention,val,77.706304_12.759984,2023-11-01,0.55384165,0.55880344
BiLSTM+Attention,val,77.706304_12.764475,2023-11-01,0.59130114,0.5955788
BiLSTM+Attention,val,77.706304_12.86329,2023-11-01,0.5309412,0.5341812
BiLSTM+Attention,val,77.706304_12.984563,2023-11-01,0.5454706,0.5428701
BiLSTM+Attention,val,77.706304_13.038462,2023-11-01,0.5145094,0.5139784
BiLSTM+Attention,val,77.706304_13.042953,2023-11-01,0.5660211,0.564479
BiLSTM+Attention,val,77.706304_13.137276,2023-11-01,0.6640349,0.68508154
BiLSTM+Attention,val,77.710796_12.715068,2023-11-01,0.6897172,0.7015078
BiLSTM+Attention,val,77.710796_12.894731,2023-11-01,0.66146505,0.67093295
BiLSTM+Attention,val,77.710796_12.899223,2023-11-01,0.6105879,0.6131074
BiLSTM+Attention,val,77.710796_12.912697,2023-11-01,0.5437533,0.53225857
BiLSTM+Attention,val,77.710796_13.03397,2023-11-01,0.49939552,0.50476867
BiLSTM+Attention,val,77.710796_13.11931,2023-11-01,0.47184125,0.4831757
BiLSTM+Attention,val,77.710796_13.123802,2023-11-01,0.4412337,0.45088166
BiLSTM+Attention,val,77.710796_13.132785,2023-11-01,0.46916828,0.47284782
BiLSTM+Attention,val,77.710796_13.150751,2023-11-01,0.44829154,0.4546795
BiLSTM+Attention,val,77.710796_13.168717,2023-11-01,0.51685625,0.52371216
BiLSTM+Attention,val,77.710796_13.173209,2023-11-01,0.5254714,0.53559035
BiLSTM+Attention,val,77.715287_12.679136,2023-11-01,0.7475797,0.7735266
BiLSTM+Attention,val,77.715287_12.742018,2023-11-01,0.6180446,0.61630684
BiLSTM+Attention,val,77.715287_12.773459,2023-11-01,0.5830516,0.58200395
BiLSTM+Attention,val,77.715287_12.822866,2023-11-01,0.6428168,0.6417647
BiLSTM+Attention,val,77.715287_12.827358,2023-11-01,0.6110712,0.6097598
BiLSTM+Attention,val,77.715287_12.845324,2023-11-01,0.5588115,0.5622536
BiLSTM+Attention,val,77.715287_12.885748,2023-11-01,0.62986714,0.6339635
BiLSTM+Attention,val,77.715287_12.899223,2023-11-01,0.526554,0.52924603
BiLSTM+Attention,val,77.715287_12.939647,2023-11-01,0.76813585,0.7773747
BiLSTM+Attention,val,77.715287_12.944139,2023-11-01,0.7969661,0.812455
BiLSTM+Attention,val,77.715287_12.94863,2023-11-01,0.64420474,0.65096825
BiLSTM+Attention,val,77.715287_13.016004,2023-11-01,0.57998514,0.5847349
BiLSTM+Attention,val,77.715287_13.029478,2023-11-01,0.46145633,0.4624315
BiLSTM+Attention,val,77.715287_13.038462,2023-11-01,0.58410096,0.59339494
BiLSTM+Attention,val,77.715287_13.051936,2023-11-01,0.5724954,0.57965714
BiLSTM+Attention,val,77.715287_13.056428,2023-11-01,0.50571233,0.5027602
BiLSTM+Attention,val,77.715287_13.096852,2023-11-01,0.40018633,0.4057271
BiLSTM+Attention,val,77.715287_13.114818,2023-11-01,0.53689116,0.5468147
BiLSTM+Attention,val,77.715287_13.128293,2023-11-01,0.48175648,0.48541003
BiLSTM+Attention,val,77.719779_12.706085,2023-11-01,0.70543313,0.7161699
BiLSTM+Attention,val,77.719779_12.746509,2023-11-01,0.7408579,0.75425714
BiLSTM+Attention,val,77.719779_12.795916,2023-11-01,0.6020914,0.61215264
BiLSTM+Attention,val,77.719779_12.840832,2023-11-01,0.6397593,0.6530378
BiLSTM+Attention,val,77.719779_12.903714,2023-11-01,0.52432436,0.5240787
BiLSTM+Attention,val,77.719779_13.069903,2023-11-01,0.4706451,0.4740584
BiLSTM+Attention,val,77.719779_13.105835,2023-11-01,0.49499866,0.50002736
BiLSTM+Attention,val,77.719779_13.123802,2023-11-01,0.4520385,0.4562192
BiLSTM+Attention,val,77.719779_13.137276,2023-11-01,0.45754814,0.4621988
BiLSTM+Attention,val,77.719779_13.155243,2023-11-01,0.44881892,0.4556744
BiLSTM+Attention,val,77.72427_12.674644,2023-11-01,0.65446895,0.65361494
BiLSTM+Attention,val,77.72427_12.697102,2023-11-01,0.5817955,0.58691126
BiLSTM+Attention,val,77.72427_12.701593,2023-11-01,0.6086798,0.61403024
BiLSTM+Attention,val,77.72427_12.724051,2023-11-01,0.64957,0.6474079
BiLSTM+Attention,val,77.72427_12.786933,2023-11-01,0.62617534,0.62312925
BiLSTM+Attention,val,77.72427_12.791425,2023-11-01,0.6245833,0.62693137
BiLSTM+Attention,val,77.72427_12.840832,2023-11-01,0.61941123,0.627012
BiLSTM+Attention,val,77.72427_12.867782,2023-11-01,0.5639195,0.5670392
BiLSTM+Attention,val,77.72427_12.885748,2023-11-01,0.60025215,0.5981854
BiLSTM+Attention,val,77.72427_13.024987,2023-11-01,0.7697407,0.7849574
BiLSTM+Attention,val,77.72427_13.06092,2023-11-01,0.48882452,0.49521464
BiLSTM+Attention,val,77.72427_13.074394,2023-11-01,0.4986115,0.5068672
BiLSTM+Attention,val,77.728762_12.706085,2023-11-01,0.67957324,0.69987375
BiLSTM+Attention,val,77.728762_12.724051,2023-11-01,0.71614456,0.727465
BiLSTM+Attention,val,77.728762_12.759984,2023-11-01,0.6235041,0.6264531
BiLSTM+Attention,val,77.728762_12.782442,2023-11-01,0.646517,0.65518403
BiLSTM+Attention,val,77.728762_12.809391,2023-11-01,0.63689166,0.6355299
BiLSTM+Attention,val,77.728762_12.858799,2023-11-01,0.635615,0.64835525
BiLSTM+Attention,val,77.728762_12.876765,2023-11-01,0.6462589,0.6537874
BiLSTM+Attention,val,77.728762_12.885748,2023-11-01,0.5890671,0.5895613
BiLSTM+Attention,val,77.728762_13.016004,2023-11-01,0.7578201,0.7744864
BiLSTM+Attention,val,77.728762_13.047445,2023-11-01,0.5531978,0.5539216
BiLSTM+Attention,val,77.728762_13.087869,2023-11-01,0.52250487,0.5434806
BiLSTM+Attention,val,77.728762_13.092361,2023-11-01,0.48439792,0.4925834
BiLSTM+Attention,val,77.733253_12.755492,2023-11-01,0.59413886,0.58489996
BiLSTM+Attention,val,77.733253_12.795916,2023-11-01,0.5961341,0.6007184
BiLSTM+Attention,val,77.733253_12.86329,2023-11-01,0.64885885,0.6587596
BiLSTM+Attention,val,77.733253_12.872273,2023-11-01,0.63242674,0.6469018
BiLSTM+Attention,val,77.733253_12.998037,2023-11-01,0.66335005,0.6688453
BiLSTM+Attention,val,77.733253_13.056428,2023-11-01,0.46552634,0.46894318
BiLSTM+Attention,val,77.737745_12.764475,2023-11-01,0.57195586,0.5667242
BiLSTM+Attention,val,77.737745_12.791425,2023-11-01,0.6148924,0.6220824
BiLSTM+Attention,val,77.737745_12.809391,2023-11-01,0.6106451,0.61076665
BiLSTM+Attention,val,77.737745_12.858799,2023-11-01,0.6146434,0.6235866
BiLSTM+Attention,val,77.737745_12.872273,2023-11-01,0.6398223,0.6522833
BiLSTM+Attention,val,77.737745_12.881256,2023-11-01,0.6600842,0.671465
BiLSTM+Attention,val,77.737745_13.051936,2023-11-01,0.48948833,0.49395478
BiLSTM+Attention,val,77.737745_13.06092,2023-11-01,0.49435654,0.500255
BiLSTM+Attention,val,77.737745_13.078886,2023-11-01,0.5213673,0.52923584
BiLSTM+Attention,val,77.737745_13.101344,2023-11-01,0.44693848,0.446391
BiLSTM+Attention,val,77.742237_12.697102,2023-11-01,0.7218394,0.7426559
BiLSTM+Attention,val,77.742237_12.764475,2023-11-01,0.58671016,0.58703643
BiLSTM+Attention,val,77.742237_12.795916,2023-11-01,0.58131504,0.5870892
BiLSTM+Attention,val,77.742237_12.8049,2023-11-01,0.6241147,0.62885785
BiLSTM+Attention,val,77.742237_12.86329,2023-11-01,0.5546676,0.559347
BiLSTM+Attention,val,77.742237_12.867782,2023-11-01,0.64481324,0.6518162
BiLSTM+Attention,val,77.742237_12.89024,2023-11-01,0.64569336,0.6520816
BiLSTM+Attention,val,77.742237_12.899223,2023-11-01,0.62629443,0.6306694
BiLSTM+Attention,val,77.742237_12.921681,2023-11-01,0.57521135,0.5658294
BiLSTM+Attention,val,77.742237_12.980071,2023-11-01,0.6142598,0.6142893
BiLSTM+Attention,val,77.742237_13.002529,2023-11-01,0.6309433,0.6408179
BiLSTM+Attention,val,77.742237_13.016004,2023-11-01,0.6382217,0.6561396
BiLSTM+Attention,val,77.742237_13.038462,2023-11-01,0.4676577,0.47201616
BiLSTM+Attention,val,77.742237_13.074394,2023-11-01,0.44457796,0.45105678
BiLSTM+Attention,val,77.742237_13.078886,2023-11-01,0.5072987,0.5192095
BiLSTM+Attention,val,77.742237_13.101344,2023-11-01,0.46910596,0.4710124
BiLSTM+Attention,val,77.746728_12.751001,2023-11-01,0.6148272,0.6196268
BiLSTM+Attention,val,77.746728_12.764475,2023-11-01,0.60604084,0.61159766
BiLSTM+Attention,val,77.746728_12.782442,2023-11-01,0.64147156,0.6558067
BiLSTM+Attention,val,77.746728_12.97558,2023-11-01,0.63478893,0.63171977
BiLSTM+Attention,val,77.746728_12.984563,2023-11-01,0.62492,0.63440216
BiLSTM+Attention,val,77.746728_13.016004,2023-11-01,0.6503108,0.6582903
BiLSTM+Attention,val,77.746728_13.020495,2023-11-01,0.67878526,0.69138765
BiLSTM+Attention,val,77.746728_13.024987,2023-11-01,0.5882483,0.5890581
BiLSTM+Attention,val,77.746728_13.038462,2023-11-01,0.49615064,0.49973243
BiLSTM+Attention,val,77.746728_13.06092,2023-11-01,0.45444733,0.45930123
BiLSTM+Attention,val,77.746728_13.083377,2023-11-01,0.50659585,0.5179409
BiLSTM+Attention,val,77.746728_13.092361,2023-11-01,0.46432826,0.47182292
BiLSTM+Attention,val,77.75122_12.751001,2023-11-01,0.6045467,0.6095037
BiLSTM+Attention,val,77.75122_12.755492,2023-11-01,0.6486483,0.6553049
BiLSTM+Attention,val,77.75122_12.768967,2023-11-01,0.56974864,0.5748254
BiLSTM+Attention,val,77.75122_12.77795,2023-11-01,0.60804355,0.61704767
BiLSTM+Attention,val,77.75122_12.894731,2023-11-01,0.5684834,0.5754296
BiLSTM+Attention,val,77.75122_12.993546,2023-11-01,0.56557107,0.57332474
BiLSTM+Attention,val,77.75122_13.020495,2023-11-01,0.6118992,0.62086296
BiLSTM+Attention,val,77.75122_13.03397,2023-11-01,0.50709236,0.5164994
BiLSTM+Attention,val,77.75122_13.038462,2023-11-01,0.47622353,0.47707462
BiLSTM+Attention,val,77.755711_12.706085,2023-11-01,0.6370306,0.65179056
BiLSTM+Attention,val,77.755711_12.764475,2023-11-01,0.8027549,0.8383309
BiLSTM+Attention,val,77.755711_12.77795,2023-11-01,0.5908022,0.6004443
BiLSTM+Attention,val,77.755711_12.822866,2023-11-01,0.59509563,0.5997988
BiLSTM+Attention,val,77.755711_12.831849,2023-11-01,0.569479,0.56901264
BiLSTM+Attention,val,77.755711_12.858799,2023-11-01,0.617569,0.6201866
BiLSTM+Attention,val,77.755711_12.885748,2023-11-01,0.60502726,0.6071219
BiLSTM+Attention,val,77.755711_12.899223,2023-11-01,0.53552145,0.5378445
BiLSTM+Attention,val,77.755711_12.903714,2023-11-01,0.5901768,0.59797
BiLSTM+Attention,val,77.755711_12.926172,2023-11-01,0.6108956,0.616385
BiLSTM+Attention,val,77.760203_12.751001,2023-11-01,0.60107356,0.6051021
BiLSTM+Attention,val,77.760203_12.795916,2023-11-01,0.58223814,0.58166933
BiLSTM+Attention,val,77.760203_12.818374,2023-11-01,0.67173094,0.6847719
BiLSTM+Attention,val,77.760203_12.867782,2023-11-01,0.57602847,0.5800425
BiLSTM+Attention,val,77.760203_12.872273,2023-11-01,0.5883029,0.59215426
BiLSTM+Attention,val,77.760203_12.876765,2023-11-01,0.55945903,0.5619001
BiLSTM+Attention,val,77.760203_12.885748,2023-11-01,0.5756182,0.5806983
BiLSTM+Attention,val,77.760203_12.984563,2023-11-01,0.62340224,0.62739104
BiLSTM+Attention,val,77.764695_12.742018,2023-11-01,0.71388143,0.7278783
BiLSTM+Attention,val,77.764695_12.746509,2023-11-01,0.70147693,0.71398485
BiLSTM+Attention,val,77.764695_12.813883,2023-11-01,0.628171,0.63761055
BiLSTM+Attention,val,77.764695_12.849815,2023-11-01,0.6025813,0.6094286
BiLSTM+Attention,val,77.764695_12.885748,2023-11-01,0.60028225,0.60202605
BiLSTM+Attention,val,77.764695_12.912697,2023-11-01,0.60680157,0.60820466
BiLSTM+Attention,val,77.764695_13.03397,2023-11-01,0.45516613,0.45797354
BiLSTM+Attention,val,77.769186_12.751001,2023-11-01,0.7241645,0.7438168
BiLSTM+Attention,val,77.769186_12.791425,2023-11-01,0.5719001,0.57514715
BiLSTM+Attention,val,77.769186_12.800408,2023-11-01,0.6245456,0.63634324
BiLSTM+Attention,val,77.769186_12.8049,2023-11-01,0.65734017,0.6730841
BiLSTM+Attention,val,77.769186_12.809391,2023-11-01,0.5936638,0.6011165
BiLSTM+Attention,val,77.769186_12.876765,2023-11-01,0.6185307,0.6314724
BiLSTM+Attention,val,77.769186_12.894731,2023-11-01,0.58085626,0.5927845
BiLSTM+Attention,val,77.769186_13.016004,2023-11-01,0.5653303,0.5671076
BiLSTM+Attention,val,77.773678_12.746509,2023-11-01,0.7177855,0.7266117
BiLSTM+Attention,val,77.773678_12.858799,2023-11-01,0.5604841,0.5607454
BiLSTM+Attention,val,77.773678_12.885748,2023-11-01,0.57155544,0.5743501
BiLSTM+Attention,val,77.773678_12.899223,2023-11-01,0.5479019,0.5558738
BiLSTM+Attention,val,77.773678_12.908206,2023-11-01,0.5856451,0.5960632
BiLSTM+Attention,val,77.778169_12.809391,2023-11-01,0.5559516,0.56281155
BiLSTM+Attention,val,77.778169_12.885748,2023-11-01,0.5901429,0.6001377
BiLSTM+Attention,val,77.782661_12.786933,2023-11-01,0.57393533,0.57883996
BiLSTM+Attention,val,77.782661_12.791425,2023-11-01,0.60193306,0.6107156
BiLSTM+Attention,val,77.782661_12.89024,2023-11-01,0.5830687,0.5900166
BiLSTM+Attention,val,77.787152_12.786933,2023-11-01,0.5877851,0.594665
BiLSTM+Attention,val,77.787152_12.849815,2023-11-01,0.5626047,0.57690215
BiLSTM+Attention,val,77.787152_12.867782,2023-11-01,0.572996,0.5736594
BiLSTM+Attention,val,77.791644_12.8049,2023-11-01,0.5873474,0.6010389
BiLSTM+Attention,val,77.791644_12.899223,2023-11-01,0.57180476,0.5817578
BiLSTM+Attention,val,77.796136_12.854307,2023-11-01,0.5661256,0.5749961
BiLSTM+Attention,val,77.796136_12.885748,2023-11-01,0.62893695,0.63302046
BiLSTM+Attention,val,77.800627_12.876765,2023-11-01,0.6217919,0.63327605
BiLSTM+Attention,val,77.800627_12.885748,2023-11-01,0.5892067,0.5904186
BiLSTM+Attention,val,77.805119_12.876765,2023-11-01,0.6291811,0.644728
BiLSTM+Attention,val,77.805119_12.89024,2023-11-01,0.61829346,0.6280949
BiLSTM+Attention,val,77.80961_12.858799,2023-11-01,0.634384,0.6410901
BiLSTM+Attention,val,77.80961_12.86329,2023-11-01,0.61280566,0.6225603
BiLSTM+Attention,val,77.329012_12.944139,2023-12-01,0.51621276,0.531911
BiLSTM+Attention,val,77.329012_12.962105,2023-12-01,0.68690544,0.71473247
BiLSTM+Attention,val,77.337995_12.921681,2023-12-01,0.63648146,0.66146135
BiLSTM+Attention,val,77.342486_12.926172,2023-12-01,0.67488796,0.70684713
BiLSTM+Attention,val,77.342486_12.935155,2023-12-01,0.69591445,0.7379594
BiLSTM+Attention,val,77.342486_12.944139,2023-12-01,0.664335,0.6962409
BiLSTM+Attention,val,77.346978_12.86329,2023-12-01,0.56027734,0.5882309
BiLSTM+Attention,val,77.346978_12.962105,2023-12-01,0.52368253,0.53387505
BiLSTM+Attention,val,77.351469_12.89024,2023-12-01,0.5349753,0.5656376
BiLSTM+Attention,val,77.351469_12.930664,2023-12-01,0.6997991,0.73198587
BiLSTM+Attention,val,77.351469_12.939647,2023-12-01,0.6804242,0.7138219
BiLSTM+Attention,val,77.355961_12.899223,2023-12-01,0.54984504,0.5829146
BiLSTM+Attention,val,77.355961_12.94863,2023-12-01,0.49139467,0.51087713
BiLSTM+Attention,val,77.355961_12.962105,2023-12-01,0.69704515,0.7337304
BiLSTM+Attention,val,77.360453_12.867782,2023-12-01,0.4484225,0.47561234
BiLSTM+Attention,val,77.360453_12.908206,2023-12-01,0.5703094,0.6050417
BiLSTM+Attention,val,77.360453_12.926172,2023-12-01,0.69582564,0.7369311
BiLSTM+Attention,val,77.364944_12.854307,2023-12-01,0.4900872,0.51539606
BiLSTM+Attention,val,77.364944_12.962105,2023-12-01,0.48037446,0.50032866
BiLSTM+Attention,val,77.369436_12.881256,2023-12-01,0.4909746,0.5162923
BiLSTM+Attention,val,77.369436_12.89024,2023-12-01,0.48870638,0.5104538
BiLSTM+Attention,val,77.369436_12.935155,2023-12-01,0.45353705,0.47345716
BiLSTM+Attention,val,77.369436_12.998037,2023-12-01,0.49006447,0.50663346
BiLSTM+Attention,val,77.369436_13.007021,2023-12-01,0.5350298,0.5628643
BiLSTM+Attention,val,77.373927_12.912697,2023-12-01,0.5939242,0.6181054
BiLSTM+Attention,val,77.373927_12.971088,2023-12-01,0.4738319,0.49267036
BiLSTM+Attention,val,77.373927_13.011512,2023-12-01,0.48699063,0.515913
BiLSTM+Attention,val,77.373927_13.016004,2023-12-01,0.47129062,0.4993065
BiLSTM+Attention,val,77.378419_12.966596,2023-12-01,0.44921592,0.47069925
BiLSTM+Attention,val,77.382911_12.894731,2023-12-01,0.5321703,0.56344134
BiLSTM+Attention,val,77.382911_12.953122,2023-12-01,0.508955,0.5276302
BiLSTM+Attention,val,77.382911_12.957613,2023-12-01,0.5035839,0.5201435
BiLSTM+Attention,val,77.387402_12.962105,2023-12-01,0.49442685,0.5093952
BiLSTM+Attention,val,77.387402_12.97558,2023-12-01,0.49530298,0.5112532
BiLSTM+Attention,val,77.387402_12.980071,2023-12-01,0.49782357,0.5148792
BiLSTM+Attention,val,77.391894_12.867782,2023-12-01,0.5318051,0.5601603
BiLSTM+Attention,val,77.391894_12.881256,2023-12-01,0.49866503,0.53017527
BiLSTM+Attention,val,77.391894_12.885748,2023-12-01,0.53082806,0.5572215
BiLSTM+Attention,val,77.396385_12.894731,2023-12-01,0.53384936,0.5608819
BiLSTM+Attention,val,77.396385_12.908206,2023-12-01,0.49223107,0.5217006
BiLSTM+Attention,val,77.396385_12.944139,2023-12-01,0.54164404,0.56727743
BiLSTM+Attention,val,77.396385_12.971088,2023-12-01,0.46526578,0.4862826
BiLSTM+Attention,val,77.396385_12.97558,2023-12-01,0.44138575,0.46467334
BiLSTM+Attention,val,77.396385_13.029478,2023-12-01,0.3756322,0.40563786
BiLSTM+Attention,val,77.400877_12.957613,2023-12-01,0.5091331,0.5319302
BiLSTM+Attention,val,77.400877_12.966596,2023-12-01,0.46211746,0.4787367
BiLSTM+Attention,val,77.400877_13.029478,2023-12-01,0.3632929,0.3951416
BiLSTM+Attention,val,77.405368_12.881256,2023-12-01,0.45947197,0.4821049
BiLSTM+Attention,val,77.405368_12.89024,2023-12-01,0.48233503,0.5052412
BiLSTM+Attention,val,77.405368_12.903714,2023-12-01,0.45558044,0.4743244
BiLSTM+Attention,val,77.405368_12.930664,2023-12-01,0.58300835,0.6042054
BiLSTM+Attention,val,77.405368_12.998037,2023-12-01,0.48284352,0.5100578
BiLSTM+Attention,val,77.405368_13.105835,2023-12-01,0.40824735,0.42551
BiLSTM+Attention,val,77.405368_13.11931,2023-12-01,0.370606,0.3894329
BiLSTM+Attention,val,77.40986_12.872273,2023-12-01,0.4248982,0.44547182
BiLSTM+Attention,val,77.40986_12.881256,2023-12-01,0.4269352,0.44623435
BiLSTM+Attention,val,77.40986_12.962105,2023-12-01,0.51841795,0.5438821
BiLSTM+Attention,val,77.414352_12.930664,2023-12-01,0.52720815,0.55127996
BiLSTM+Attention,val,77.414352_12.989054,2023-12-01,0.4448018,0.46320975
BiLSTM+Attention,val,77.414352_12.993546,2023-12-01,0.45245746,0.4795581
BiLSTM+Attention,val,77.414352_13.03397,2023-12-01,0.42046282,0.451558
BiLSTM+Attention,val,77.414352_13.096852,2023-12-01,0.38795695,0.4122947
BiLSTM+Attention,val,77.414352_13.11931,2023-12-01,0.38986585,0.4052327
BiLSTM+Attention,val,77.418843_12.876765,2023-12-01,0.44198686,0.46373624
BiLSTM+Attention,val,77.418843_12.89024,2023-12-01,0.4701794,0.48845458
BiLSTM+Attention,val,77.418843_12.94863,2023-12-01,0.52424604,0.54587567
BiLSTM+Attention,val,77.418843_12.971088,2023-12-01,0.48702222,0.50066745
BiLSTM+Attention,val,77.418843_12.993546,2023-12-01,0.4883336,0.5129223
BiLSTM+Attention,val,77.418843_13.016004,2023-12-01,0.45529065,0.47625977
BiLSTM+Attention,val,77.418843_13.024987,2023-12-01,0.44642234,0.46853334
BiLSTM+Attention,val,77.418843_13.029478,2023-12-01,0.44595334,0.46823937
BiLSTM+Attention,val,77.418843_13.146259,2023-12-01,0.35952312,0.37843293
BiLSTM+Attention,val,77.423335_12.876765,2023-12-01,0.44376507,0.46963316
BiLSTM+Attention,val,77.423335_12.921681,2023-12-01,0.53861165,0.55180144
BiLSTM+Attention,val,77.423335_12.930664,2023-12-01,0.52129596,0.53596383
BiLSTM+Attention,val,77.423335_13.002529,2023-12-01,0.53642017,0.5643684
BiLSTM+Attention,val,77.423335_13.092361,2023-12-01,0.33308968,0.35830113
BiLSTM+Attention,val,77.423335_13.141768,2023-12-01,0.41830346,0.43745992
BiLSTM+Attention,val,77.423335_13.150751,2023-12-01,0.36827856,0.3879807
BiLSTM+Attention,val,77.427826_12.845324,2023-12-01,0.38574895,0.41385233
BiLSTM+Attention,val,77.427826_12.858799,2023-12-01,0.43846563,0.45771408
BiLSTM+Attention,val,77.427826_12.930664,2023-12-01,0.52878165,0.5435499
BiLSTM+Attention,val,77.427826_12.939647,2023-12-01,0.47619197,0.4901185
BiLSTM+Attention,val,77.427826_12.944139,2023-12-01,0.4895749,0.5078807
BiLSTM+Attention,val,77.427826_13.020495,2023-12-01,0.4569582,0.476466
BiLSTM+Attention,val,77.427826_13.024987,2023-12-01,0.447847,0.46938616
BiLSTM+Attention,val,77.427826_13.110327,2023-12-01,0.4160185,0.4291994
BiLSTM+Attention,val,77.427826_13.132785,2023-12-01,0.47124287,0.49584806
BiLSTM+Attention,val,77.432318_12.858799,2023-12-01,0.4530586,0.47380352
BiLSTM+Attention,val,77.432318_12.86329,2023-12-01,0.45918018,0.4761579
BiLSTM+Attention,val,77.432318_12.867782,2023-12-01,0.45083803,0.4774999
BiLSTM+Attention,val,77.432318_12.881256,2023-12-01,0.4935668,0.5168119
BiLSTM+Attention,val,77.432318_12.885748,2023-12-01,0.5836511,0.60874325
BiLSTM+Attention,val,77.432318_12.957613,2023-12-01,0.47610235,0.49410713
BiLSTM+Attention,val,77.432318_12.998037,2023-12-01,0.40719262,0.42497483
BiLSTM+Attention,val,77.432318_13.087869,2023-12-01,0.41790846,0.43630895
BiLSTM+Attention,val,77.432318_13.092361,2023-12-01,0.3742832,0.3927461
BiLSTM+Attention,val,77.436809_12.818374,2023-12-01,0.5834122,0.6037395
BiLSTM+Attention,val,77.436809_12.840832,2023-12-01,0.5004793,0.51543075
BiLSTM+Attention,val,77.436809_12.854307,2023-12-01,0.46667534,0.48667789
BiLSTM+Attention,val,77.436809_12.912697,2023-12-01,0.5977506,0.6104904
BiLSTM+Attention,val,77.436809_12.926172,2023-12-01,0.5306796,0.5459887
BiLSTM+Attention,val,77.436809_12.944139,2023-12-01,0.49686575,0.5130523
BiLSTM+Attention,val,77.436809_13.03397,2023-12-01,0.43090346,0.45102614
BiLSTM+Attention,val,77.441301_12.818374,2023-12-01,0.59190035,0.61962646
BiLSTM+Attention,val,77.441301_12.831849,2023-12-01,0.48524445,0.50499666
BiLSTM+Attention,val,77.441301_12.836341,2023-12-01,0.5141531,0.5304356
BiLSTM+Attention,val,77.441301_12.840832,2023-12-01,0.48746887,0.5072123
BiLSTM+Attention,val,77.441301_12.944139,2023-12-01,0.5342261,0.55461335
BiLSTM+Attention,val,77.441301_12.94863,2023-12-01,0.4882335,0.5054417
BiLSTM+Attention,val,77.441301_13.056428,2023-12-01,0.42006513,0.4449085
BiLSTM+Attention,val,77.441301_13.069903,2023-12-01,0.4368195,0.45717722
BiLSTM+Attention,val,77.441301_13.083377,2023-12-01,0.4236228,0.44398728
BiLSTM+Attention,val,77.441301_13.110327,2023-12-01,0.41141117,0.4274337
BiLSTM+Attention,val,77.445793_12.840832,2023-12-01,0.56012857,0.57962686
BiLSTM+Attention,val,77.445793_12.86329,2023-12-01,0.57558316,0.6017626
BiLSTM+Attention,val,77.445793_12.867782,2023-12-01,0.5548068,0.58614135
BiLSTM+Attention,val,77.445793_12.912697,2023-12-01,0.5036653,0.5201467
BiLSTM+Attention,val,77.445793_12.957613,2023-12-01,0.47674042,0.49602532
BiLSTM+Attention,val,77.445793_12.984563,2023-12-01,0.49472415,0.5162983
BiLSTM+Attention,val,77.450284_12.809391,2023-12-01,0.53987813,0.55603796
BiLSTM+Attention,val,77.450284_12.872273,2023-12-01,0.55430526,0.5857298
BiLSTM+Attention,val,77.450284_12.89024,2023-12-01,0.55488914,0.5836908
BiLSTM+Attention,val,77.450284_12.971088,2023-12-01,0.46422306,0.48602015
BiLSTM+Attention,val,77.450284_12.993546,2023-12-01,0.37601954,0.39165127
BiLSTM+Attention,val,77.450284_13.029478,2023-12-01,0.41832942,0.437903
BiLSTM+Attention,val,77.450284_13.047445,2023-12-01,0.430873,0.45005912
BiLSTM+Attention,val,77.450284_13.146259,2023-12-01,0.4860349,0.50954133
BiLSTM+Attention,val,77.454776_12.809391,2023-12-01,0.5048353,0.5226761
BiLSTM+Attention,val,77.454776_12.885748,2023-12-01,0.5362154,0.55609655
BiLSTM+Attention,val,77.454776_12.980071,2023-12-01,0.41622955,0.43955016
BiLSTM+Attention,val,77.454776_12.993546,2023-12-01,0.40189058,0.42371008
BiLSTM+Attention,val,77.454776_13.078886,2023-12-01,0.42965773,0.45032102
BiLSTM+Attention,val,77.454776_13.087869,2023-12-01,0.3933641,0.41659743
BiLSTM+Attention,val,77.454776_13.114818,2023-12-01,0.47258896,0.49717063
BiLSTM+Attention,val,77.454776_13.141768,2023-12-01,0.48941925,0.51644707
BiLSTM+Attention,val,77.459267_12.8049,2023-12-01,0.57379824,0.6082546
BiLSTM+Attention,val,77.459267_12.822866,2023-12-01,0.54421234,0.5602914
BiLSTM+Attention,val,77.459267_12.845324,2023-12-01,0.5480558,0.57223177
BiLSTM+Attention,val,77.459267_12.872273,2023-12-01,0.52562267,0.5542739
BiLSTM+Attention,val,77.459267_12.903714,2023-12-01,0.47899365,0.49768406
BiLSTM+Attention,val,77.459267_12.926172,2023-12-01,0.5249317,0.53976274
BiLSTM+Attention,val,77.459267_12.97558,2023-12-01,0.4309598,0.4549691
BiLSTM+Attention,val,77.459267_13.016004,2023-12-01,0.39371562,0.4141428
BiLSTM+Attention,val,77.459267_13.020495,2023-12-01,0.38727176,0.40353903
BiLSTM+Attention,val,77.459267_13.11931,2023-12-01,0.4694501,0.4909051
BiLSTM+Attention,val,77.463759_12.813883,2023-12-01,0.48506352,0.51232123
BiLSTM+Attention,val,77.463759_12.836341,2023-12-01,0.54505163,0.5733062
BiLSTM+Attention,val,77.463759_12.86329,2023-12-01,0.5619476,0.5951788
BiLSTM+Attention,val,77.463759_12.867782,2023-12-01,0.54392225,0.57187873
BiLSTM+Attention,val,77.463759_12.872273,2023-12-01,0.5197032,0.54685503
BiLSTM+Attention,val,77.463759_12.881256,2023-12-01,0.57160234,0.5938571
BiLSTM+Attention,val,77.463759_12.885748,2023-12-01,0.5751656,0.60644734
BiLSTM+Attention,val,77.463759_12.894731,2023-12-01,0.514774,0.53502244
BiLSTM+Attention,val,77.463759_12.899223,2023-12-01,0.51738125,0.5432964
BiLSTM+Attention,val,77.463759_12.917189,2023-12-01,0.47331485,0.48630643
BiLSTM+Attention,val,77.463759_12.953122,2023-12-01,0.727914,0.75273067
BiLSTM+Attention,val,77.463759_13.03397,2023-12-01,0.3861819,0.40412828
BiLSTM+Attention,val,77.463759_13.078886,2023-12-01,0.49812636,0.5276831
BiLSTM+Attention,val,77.46825_12.827358,2023-12-01,0.4576376,0.47753406
BiLSTM+Attention,val,77.46825_12.836341,2023-12-01,0.5524408,0.5776583
BiLSTM+Attention,val,77.46825_12.894731,2023-12-01,0.49491596,0.5147909
BiLSTM+Attention,val,77.46825_12.94863,2023-12-01,0.5675602,0.5857089
BiLSTM+Attention,val,77.46825_12.953122,2023-12-01,0.50297326,0.51818246
BiLSTM+Attention,val,77.46825_12.966596,2023-12-01,0.48104262,0.49876434
BiLSTM+Attention,val,77.46825_13.007021,2023-12-01,0.4016194,0.4212243
BiLSTM+Attention,val,77.46825_13.020495,2023-12-01,0.47140223,0.4927256
BiLSTM+Attention,val,77.46825_13.114818,2023-12-01,0.51353365,0.53494936
BiLSTM+Attention,val,77.46825_13.150751,2023-12-01,0.42417708,0.44267386
BiLSTM+Attention,val,77.46825_13.1777,2023-12-01,0.51463646,0.5272613
BiLSTM+Attention,val,77.472742_12.746509,2023-12-01,0.6114575,0.62741673
BiLSTM+Attention,val,77.472742_12.751001,2023-12-01,0.56526667,0.5746379
BiLSTM+Attention,val,77.472742_12.755492,2023-12-01,0.58227926,0.5968143
BiLSTM+Attention,val,77.472742_12.795916,2023-12-01,0.51883656,0.5428161
BiLSTM+Attention,val,77.472742_12.836341,2023-12-01,0.5424998,0.5692604
BiLSTM+Attention,val,77.472742_12.984563,2023-12-01,0.44295022,0.46274954
BiLSTM+Attention,val,77.472742_13.087869,2023-12-01,0.45231098,0.47538543
BiLSTM+Attention,val,77.477234_12.764475,2023-12-01,0.57663435,0.59684366
BiLSTM+Attention,val,77.477234_12.782442,2023-12-01,0.5124519,0.5407596
BiLSTM+Attention,val,77.477234_12.840832,2023-12-01,0.5442509,0.5699601
BiLSTM+Attention,val,77.477234_12.899223,2023-12-01,0.4552093,0.48191953
BiLSTM+Attention,val,77.477234_12.935155,2023-12-01,0.59406424,0.6182122
BiLSTM+Attention,val,77.477234_12.944139,2023-12-01,0.52414733,0.5405663
BiLSTM+Attention,val,77.477234_12.94863,2023-12-01,0.5349895,0.5575188
BiLSTM+Attention,val,77.477234_12.971088,2023-12-01,0.49371144,0.51204926
BiLSTM+Attention,val,77.477234_13.002529,2023-12-01,0.39718032,0.41896677
BiLSTM+Attention,val,77.477234_13.056428,2023-12-01,0.4540476,0.46896023
BiLSTM+Attention,val,77.481725_12.737526,2023-12-01,0.58805597,0.60092336
BiLSTM+Attention,val,77.481725_12.768967,2023-12-01,0.5715734,0.5991076
BiLSTM+Attention,val,77.481725_12.831849,2023-12-01,0.48624167,0.5066529
BiLSTM+Attention,val,77.481725_12.89024,2023-12-01,0.53447807,0.55956817
BiLSTM+Attention,val,77.481725_12.894731,2023-12-01,0.50165033,0.5237048
BiLSTM+Attention,val,77.481725_12.944139,2023-12-01,0.53693163,0.5522185
BiLSTM+Attention,val,77.481725_12.971088,2023-12-01,0.41850504,0.43652648
BiLSTM+Attention,val,77.481725_12.980071,2023-12-01,0.47175035,0.49377292
BiLSTM+Attention,val,77.481725_13.024987,2023-12-01,0.4527869,0.4728635
BiLSTM+Attention,val,77.481725_13.03397,2023-12-01,0.42985943,0.45149463
BiLSTM+Attention,val,77.481725_13.096852,2023-12-01,0.53564334,0.5638794
BiLSTM+Attention,val,77.481725_13.137276,2023-12-01,0.6129341,0.6503868
BiLSTM+Attention,val,77.486217_12.764475,2023-12-01,0.56647587,0.5780467
BiLSTM+Attention,val,77.486217_12.872273,2023-12-01,0.49112096,0.5197552
BiLSTM+Attention,val,77.486217_12.939647,2023-12-01,0.55240166,0.5706478
BiLSTM+Attention,val,77.486217_12.998037,2023-12-01,0.4446087,0.47169626
BiLSTM+Attention,val,77.486217_13.042953,2023-12-01,0.5004521,0.522547
BiLSTM+Attention,val,77.486217_13.06092,2023-12-01,0.51868725,0.55151653
BiLSTM+Attention,val,77.486217_13.114818,2023-12-01,0.45399806,0.47471386
BiLSTM+Attention,val,77.486217_13.11931,2023-12-01,0.47127292,0.49597645
BiLSTM+Attention,val,77.490708_12.768967,2023-12-01,0.5582302,0.5781389
BiLSTM+Attention,val,77.490708_12.8049,2023-12-01,0.5362891,0.57203543
BiLSTM+Attention,val,77.490708_12.849815,2023-12-01,0.56150174,0.5969429
BiLSTM+Attention,val,77.490708_12.89024,2023-12-01,0.49352524,0.5140541
BiLSTM+Attention,val,77.490708_13.051936,2023-12-01,0.56710136,0.5947463
BiLSTM+Attention,val,77.490708_13.087869,2023-12-01,0.5081425,0.5375867
BiLSTM+Attention,val,77.490708_13.092361,2023-12-01,0.50362056,0.53168064
BiLSTM+Attention,val,77.490708_13.096852,2023-12-01,0.5336943,0.5615478
BiLSTM+Attention,val,77.490708_13.182192,2023-12-01,0.55312574,0.57793814
BiLSTM+Attention,val,77.490708_13.209142,2023-12-01,0.5115324,0.5353808
BiLSTM+Attention,val,77.4952_12.786933,2023-12-01,0.51853585,0.552266
BiLSTM+Attention,val,77.4952_12.836341,2023-12-01,0.5179242,0.5386956
BiLSTM+Attention,val,77.4952_12.899223,2023-12-01,0.54076785,0.56251603
BiLSTM+Attention,val,77.4952_12.962105,2023-12-01,0.5365321,0.5581688
BiLSTM+Attention,val,77.4952_13.020495,2023-12-01,0.49521706,0.51757807
BiLSTM+Attention,val,77.4952_13.024987,2023-12-01,0.48484135,0.50898546
BiLSTM+Attention,val,77.4952_13.03397,2023-12-01,0.5380652,0.56121075
BiLSTM+Attention,val,77.4952_13.087869,2023-12-01,0.4824057,0.5053832
BiLSTM+Attention,val,77.4952_13.092361,2023-12-01,0.5088544,0.53654015
BiLSTM+Attention,val,77.4952_13.182192,2023-12-01,0.5526808,0.5788048
BiLSTM+Attention,val,77.499692_12.755492,2023-12-01,0.6241118,0.644771
BiLSTM+Attention,val,77.499692_12.858799,2023-12-01,0.60899276,0.64056355
BiLSTM+Attention,val,77.499692_12.899223,2023-12-01,0.52276266,0.5490288
BiLSTM+Attention,val,77.499692_12.984563,2023-12-01,0.4867639,0.51557827
BiLSTM+Attention,val,77.499692_13.114818,2023-12-01,0.47316137,0.49305677
BiLSTM+Attention,val,77.499692_13.137276,2023-12-01,0.46607906,0.48943585
BiLSTM+Attention,val,77.499692_13.168717,2023-12-01,0.60152566,0.630994
BiLSTM+Attention,val,77.504183_12.764475,2023-12-01,0.62915033,0.65627164
BiLSTM+Attention,val,77.504183_12.786933,2023-12-01,0.5865827,0.61750656
BiLSTM+Attention,val,77.504183_12.818374,2023-12-01,0.5585937,0.58396816
BiLSTM+Attention,val,77.504183_12.854307,2023-12-01,0.5509304,0.5755996
BiLSTM+Attention,val,77.504183_12.858799,2023-12-01,0.6077565,0.6344762
BiLSTM+Attention,val,77.504183_12.953122,2023-12-01,0.51472163,0.5410349
BiLSTM+Attention,val,77.504183_13.083377,2023-12-01,0.54059774,0.567141
BiLSTM+Attention,val,77.504183_13.141768,2023-12-01,0.5432465,0.5644975
BiLSTM+Attention,val,77.504183_13.159734,2023-12-01,0.6321813,0.6574994
BiLSTM+Attention,val,77.504183_13.195667,2023-12-01,0.48533943,0.51153684
BiLSTM+Attention,val,77.508675_12.751001,2023-12-01,0.62899494,0.6493487
BiLSTM+Attention,val,77.508675_12.795916,2023-12-01,0.6139569,0.6521368
BiLSTM+Attention,val,77.508675_12.831849,2023-12-01,0.55895674,0.58421904
BiLSTM+Attention,val,77.508675_12.836341,2023-12-01,0.5841524,0.6086827
BiLSTM+Attention,val,77.508675_12.845324,2023-12-01,0.54865354,0.5799787
BiLSTM+Attention,val,77.508675_12.903714,2023-12-01,0.47579387,0.48932582
BiLSTM+Attention,val,77.508675_12.912697,2023-12-01,0.51998466,0.53754276
BiLSTM+Attention,val,77.508675_12.917189,2023-12-01,0.58507794,0.60336596
BiLSTM+Attention,val,77.508675_13.114818,2023-12-01,0.43437517,0.4526983
BiLSTM+Attention,val,77.508675_13.137276,2023-12-01,0.4925707,0.514446
BiLSTM+Attention,val,77.508675_13.159734,2023-12-01,0.61769897,0.6409015
BiLSTM+Attention,val,77.508675_13.191175,2023-12-01,0.50960004,0.53357065
BiLSTM+Attention,val,77.513166_12.746509,2023-12-01,0.7271143,0.76422375
BiLSTM+Attention,val,77.513166_12.764475,2023-12-01,0.5933727,0.6043101
BiLSTM+Attention,val,77.513166_12.77795,2023-12-01,0.6864676,0.7257481
BiLSTM+Attention,val,77.513166_12.822866,2023-12-01,0.6339288,0.669889
BiLSTM+Attention,val,77.513166_12.908206,2023-12-01,0.48003632,0.49453557
BiLSTM+Attention,val,77.513166_13.087869,2023-12-01,0.54639816,0.5650477
BiLSTM+Attention,val,77.513166_13.096852,2023-12-01,0.6102639,0.6376432
BiLSTM+Attention,val,77.513166_13.137276,2023-12-01,0.46045932,0.47511077
BiLSTM+Attention,val,77.513166_13.1777,2023-12-01,0.5386523,0.5569348
BiLSTM+Attention,val,77.517658_12.764475,2023-12-01,0.63925546,0.6528053
BiLSTM+Attention,val,77.517658_12.77795,2023-12-01,0.66183704,0.6956775
BiLSTM+Attention,val,77.517658_12.782442,2023-12-01,0.66067326,0.70109016
BiLSTM+Attention,val,77.517658_12.795916,2023-12-01,0.62305456,0.6575302
BiLSTM+Attention,val,77.517658_12.827358,2023-12-01,0.5612335,0.58311534
BiLSTM+Attention,val,77.517658_12.849815,2023-12-01,0.5561434,0.58133405
BiLSTM+Attention,val,77.517658_12.885748,2023-12-01,0.5519781,0.5790198
BiLSTM+Attention,val,77.517658_12.89024,2023-12-01,0.543496,0.56487453
BiLSTM+Attention,val,77.517658_12.899223,2023-12-01,0.53621024,0.5602916
BiLSTM+Attention,val,77.517658_12.998037,2023-12-01,0.56042945,0.58118343
BiLSTM+Attention,val,77.517658_13.11931,2023-12-01,0.40493497,0.42330873
BiLSTM+Attention,val,77.517658_13.182192,2023-12-01,0.54209965,0.56216645
BiLSTM+Attention,val,77.517658_13.186684,2023-12-01,0.55097485,0.5727855
BiLSTM+Attention,val,77.517658_13.191175,2023-12-01,0.4946164,0.512152
BiLSTM+Attention,val,77.522149_12.751001,2023-12-01,0.6717119,0.7032264
BiLSTM+Attention,val,77.522149_12.755492,2023-12-01,0.6477598,0.6717045
BiLSTM+Attention,val,77.522149_12.759984,2023-12-01,0.68060124,0.70981556
BiLSTM+Attention,val,77.522149_12.782442,2023-12-01,0.6749345,0.7170307
BiLSTM+Attention,val,77.522149_12.809391,2023-12-01,0.73775476,0.7922939
BiLSTM+Attention,val,77.522149_12.813883,2023-12-01,0.5525146,0.58394635
BiLSTM+Attention,val,77.522149_12.818374,2023-12-01,0.53993195,0.5618524
BiLSTM+Attention,val,77.522149_12.836341,2023-12-01,0.5512242,0.5759621
BiLSTM+Attention,val,77.522149_12.845324,2023-12-01,0.5671259,0.59386206
BiLSTM+Attention,val,77.522149_13.056428,2023-12-01,0.57245463,0.59667593
BiLSTM+Attention,val,77.522149_13.078886,2023-12-01,0.5470461,0.5732578
BiLSTM+Attention,val,77.522149_13.146259,2023-12-01,0.4242172,0.44104397
BiLSTM+Attention,val,77.522149_13.200158,2023-12-01,0.5344952,0.5553687
BiLSTM+Attention,val,77.526641_12.751001,2023-12-01,0.6837114,0.7129332
BiLSTM+Attention,val,77.526641_12.840832,2023-12-01,0.62150794,0.6506513
BiLSTM+Attention,val,77.526641_12.89024,2023-12-01,0.5878979,0.6178063
BiLSTM+Attention,val,77.526641_12.899223,2023-12-01,0.5595393,0.58540833
BiLSTM+Attention,val,77.526641_13.078886,2023-12-01,0.560913,0.58799696
BiLSTM+Attention,val,77.526641_13.105835,2023-12-01,0.41665465,0.43227738
BiLSTM+Attention,val,77.526641_13.110327,2023-12-01,0.41258502,0.4321201
BiLSTM+Attention,val,77.531133_12.791425,2023-12-01,0.5781218,0.6114851
BiLSTM+Attention,val,77.531133_12.795916,2023-12-01,0.6175534,0.65056276
BiLSTM+Attention,val,77.531133_12.800408,2023-12-01,0.5932559,0.6182465
BiLSTM+Attention,val,77.531133_12.822866,2023-12-01,0.56873465,0.5921373
BiLSTM+Attention,val,77.531133_12.827358,2023-12-01,0.58155024,0.6075504
BiLSTM+Attention,val,77.531133_12.894731,2023-12-01,0.5118235,0.53126365
BiLSTM+Attention,val,77.531133_13.083377,2023-12-01,0.5295031,0.5526182
BiLSTM+Attention,val,77.531133_13.114818,2023-12-01,0.42428708,0.4487043
BiLSTM+Attention,val,77.531133_13.195667,2023-12-01,0.54562134,0.5730028
BiLSTM+Attention,val,77.535624_12.77795,2023-12-01,0.7216063,0.76469857
BiLSTM+Attention,val,77.535624_12.822866,2023-12-01,0.67170703,0.7096997
BiLSTM+Attention,val,77.535624_12.872273,2023-12-01,0.4766871,0.500324
BiLSTM+Attention,val,77.535624_12.899223,2023-12-01,0.4927867,0.5176225
BiLSTM+Attention,val,77.535624_13.069903,2023-12-01,0.6332869,0.66182244
BiLSTM+Attention,val,77.535624_13.083377,2023-12-01,0.5221139,0.54523176
BiLSTM+Attention,val,77.535624_13.096852,2023-12-01,0.46297657,0.48544025
BiLSTM+Attention,val,77.535624_13.114818,2023-12-01,0.44997582,0.4755957
BiLSTM+Attention,val,77.535624_13.132785,2023-12-01,0.47522175,0.50221175
BiLSTM+Attention,val,77.535624_13.137276,2023-12-01,0.41748285,0.43402803
BiLSTM+Attention,val,77.535624_13.195667,2023-12-01,0.4877108,0.50506663
BiLSTM+Attention,val,77.540116_12.77795,2023-12-01,0.62126344,0.6487333
BiLSTM+Attention,val,77.540116_12.795916,2023-12-01,0.63759726,0.6765619
BiLSTM+Attention,val,77.540116_13.042953,2023-12-01,0.5623201,0.58597094
BiLSTM+Attention,val,77.540116_13.074394,2023-12-01,0.58052135,0.599726
BiLSTM+Attention,val,77.540116_13.092361,2023-12-01,0.42097166,0.43674165
BiLSTM+Attention,val,77.540116_13.101344,2023-12-01,0.4508729,0.46674335
BiLSTM+Attention,val,77.540116_13.105835,2023-12-01,0.4611703,0.48833257
BiLSTM+Attention,val,77.540116_13.114818,2023-12-01,0.4220605,0.44546553
BiLSTM+Attention,val,77.540116_13.132785,2023-12-01,0.4604434,0.486794
BiLSTM+Attention,val,77.540116_13.155243,2023-12-01,0.48668823,0.51050866
BiLSTM+Attention,val,77.540116_13.182192,2023-12-01,0.4529933,0.47600412
BiLSTM+Attention,val,77.544607_12.831849,2023-12-01,0.7294253,0.77176964
BiLSTM+Attention,val,77.544607_13.218125,2023-12-01,0.5400666,0.568956
BiLSTM+Attention,val,77.549099_12.822866,2023-12-01,0.7496228,0.78734237
BiLSTM+Attention,val,77.549099_12.831849,2023-12-01,0.6626182,0.7078873
BiLSTM+Attention,val,77.549099_12.836341,2023-12-01,0.6348337,0.6648638
BiLSTM+Attention,val,77.549099_12.845324,2023-12-01,0.6174319,0.65344757
BiLSTM+Attention,val,77.549099_12.867782,2023-12-01,0.5419053,0.5749876
BiLSTM+Attention,val,77.549099_12.876765,2023-12-01,0.5078576,0.5345479
BiLSTM+Attention,val,77.549099_12.894731,2023-12-01,0.58777434,0.6135029
BiLSTM+Attention,val,77.549099_13.096852,2023-12-01,0.4877715,0.5095442
BiLSTM+Attention,val,77.549099_13.132785,2023-12-01,0.5917697,0.6247329
BiLSTM+Attention,val,77.55359_12.71956,2023-12-01,0.75744975,0.8056783
BiLSTM+Attention,val,77.55359_12.782442,2023-12-01,0.6925852,0.7333515
BiLSTM+Attention,val,77.55359_12.849815,2023-12-01,0.6117793,0.6470035
BiLSTM+Attention,val,77.55359_12.872273,2023-12-01,0.49900952,0.5324814
BiLSTM+Attention,val,77.55359_13.069903,2023-12-01,0.698748,0.7248488
BiLSTM+Attention,val,77.55359_13.101344,2023-12-01,0.44338846,0.4615826
BiLSTM+Attention,val,77.55359_13.110327,2023-12-01,0.49895886,0.5265877
BiLSTM+Attention,val,77.55359_13.128293,2023-12-01,0.57065433,0.6033849
BiLSTM+Attention,val,77.55359_13.168717,2023-12-01,0.4977771,0.52451193
BiLSTM+Attention,val,77.55359_13.173209,2023-12-01,0.42100272,0.44771227
BiLSTM+Attention,val,77.558082_12.710577,2023-12-01,0.78543764,0.84257114
BiLSTM+Attention,val,77.558082_12.827358,2023-12-01,0.6801857,0.7156807
BiLSTM+Attention,val,77.558082_12.845324,2023-12-01,0.6587219,0.6963937
BiLSTM+Attention,val,77.558082_13.042953,2023-12-01,0.63996893,0.66432565
BiLSTM+Attention,val,77.558082_13.051936,2023-12-01,0.6701783,0.69911534
BiLSTM+Attention,val,77.558082_13.110327,2023-12-01,0.5071603,0.53419113
BiLSTM+Attention,val,77.558082_13.168717,2023-12-01,0.5114659,0.53856176
BiLSTM+Attention,val,77.558082_13.1777,2023-12-01,0.4931076,0.51449794
BiLSTM+Attention,val,77.562574_12.71956,2023-12-01,0.7596987,0.81072986
BiLSTM+Attention,val,77.562574_12.827358,2023-12-01,0.68757486,0.7142878
BiLSTM+Attention,val,77.562574_12.858799,2023-12-01,0.50837,0.5365557
BiLSTM+Attention,val,77.562574_12.872273,2023-12-01,0.5906545,0.6211732
BiLSTM+Attention,val,77.562574_12.876765,2023-12-01,0.6134824,0.63883793
BiLSTM+Attention,val,77.562574_13.141768,2023-12-01,0.4855258,0.5103759
BiLSTM+Attention,val,77.562574_13.159734,2023-12-01,0.5139698,0.53881
BiLSTM+Attention,val,77.562574_13.173209,2023-12-01,0.5206294,0.54468113
BiLSTM+Attention,val,77.567065_12.724051,2023-12-01,0.70965755,0.7435296
BiLSTM+Attention,val,77.567065_12.813883,2023-12-01,0.66908616,0.70631486
BiLSTM+Attention,val,77.567065_12.849815,2023-12-01,0.65470034,0.68790644
BiLSTM+Attention,val,77.567065_13.105835,2023-12-01,0.5697288,0.5905192
BiLSTM+Attention,val,77.567065_13.114818,2023-12-01,0.6151777,0.6404336
BiLSTM+Attention,val,77.567065_13.182192,2023-12-01,0.51717603,0.5461008
BiLSTM+Attention,val,77.571557_12.71956,2023-12-01,0.74262553,0.79083055
BiLSTM+Attention,val,77.571557_12.800408,2023-12-01,0.6670029,0.699004
BiLSTM+Attention,val,77.571557_12.813883,2023-12-01,0.7381384,0.7749114
BiLSTM+Attention,val,77.571557_12.849815,2023-12-01,0.65849155,0.68734854
BiLSTM+Attention,val,77.571557_13.141768,2023-12-01,0.4896919,0.51501614
BiLSTM+Attention,val,77.571557_13.146259,2023-12-01,0.4930668,0.52187604
BiLSTM+Attention,val,77.576048_12.71956,2023-12-01,0.7088387,0.75492656
BiLSTM+Attention,val,77.576048_12.728543,2023-12-01,0.7078283,0.738962
BiLSTM+Attention,val,77.576048_12.742018,2023-12-01,0.70509446,0.7520479
BiLSTM+Attention,val,77.576048_12.813883,2023-12-01,0.7577192,0.79153043
BiLSTM+Attention,val,77.576048_12.827358,2023-12-01,0.64422905,0.67128074
BiLSTM+Attention,val,77.58054_12.800408,2023-12-01,0.7062028,0.74832034
BiLSTM+Attention,val,77.58054_12.845324,2023-12-01,0.66085154,0.6896504
BiLSTM+Attention,val,77.58054_13.083377,2023-12-01,0.5326506,0.55267745
BiLSTM+Attention,val,77.58054_13.087869,2023-12-01,0.50664645,0.52505773
BiLSTM+Attention,val,77.585031_12.849815,2023-12-01,0.6582954,0.6910127
BiLSTM+Attention,val,77.585031_13.042953,2023-12-01,0.66842496,0.68644893
BiLSTM+Attention,val,77.585031_13.137276,2023-12-01,0.49674168,0.52309656
BiLSTM+Attention,val,77.589523_12.71956,2023-12-01,0.81571144,0.8557614
BiLSTM+Attention,val,77.589523_12.746509,2023-12-01,0.70616037,0.74614143
BiLSTM+Attention,val,77.589523_12.854307,2023-12-01,0.605983,0.63774365
BiLSTM+Attention,val,77.589523_12.971088,2023-12-01,0.72901696,0.7517279
BiLSTM+Attention,val,77.589523_13.083377,2023-12-01,0.6164511,0.6368932
BiLSTM+Attention,val,77.589523_13.150751,2023-12-01,0.50222003,0.5272227
BiLSTM+Attention,val,77.594015_12.724051,2023-12-01,0.79577446,0.8317764
BiLSTM+Attention,val,77.594015_12.733034,2023-12-01,0.766486,0.8048093
BiLSTM+Attention,val,77.594015_12.755492,2023-12-01,0.66842455,0.70639086
BiLSTM+Attention,val,77.594015_12.831849,2023-12-01,0.6207849,0.6483483
BiLSTM+Attention,val,77.594015_12.836341,2023-12-01,0.64043486,0.67622495
BiLSTM+Attention,val,77.594015_12.840832,2023-12-01,0.6409592,0.67573494
BiLSTM+Attention,val,77.594015_12.849815,2023-12-01,0.6317987,0.6695313
BiLSTM+Attention,val,77.594015_12.998037,2023-12-01,0.722879,0.7524162
BiLSTM+Attention,val,77.594015_13.087869,2023-12-01,0.6011248,0.62016803
BiLSTM+Attention,val,77.598506_12.665661,2023-12-01,0.7952826,0.85450095
BiLSTM+Attention,val,77.598506_12.710577,2023-12-01,0.7233817,0.74741465
BiLSTM+Attention,val,77.598506_12.822866,2023-12-01,0.6456133,0.67863417
BiLSTM+Attention,val,77.598506_12.849815,2023-12-01,0.6717667,0.71434903
BiLSTM+Attention,val,77.598506_13.083377,2023-12-01,0.5941399,0.6141127
BiLSTM+Attention,val,77.598506_13.128293,2023-12-01,0.55818844,0.5888841
BiLSTM+Attention,val,77.598506_13.141768,2023-12-01,0.4719682,0.503794
BiLSTM+Attention,val,77.598506_13.146259,2023-12-01,0.45193207,0.48380828
BiLSTM+Attention,val,77.602998_12.710577,2023-12-01,0.76026183,0.79937774
BiLSTM+Attention,val,77.602998_12.827358,2023-12-01,0.5613837,0.5900387
BiLSTM+Attention,val,77.602998_12.849815,2023-12-01,0.57158905,0.6068614
BiLSTM+Attention,val,77.602998_12.858799,2023-12-01,0.5803724,0.6129439
BiLSTM+Attention,val,77.602998_13.114818,2023-12-01,0.58578795,0.60911304
BiLSTM+Attention,val,77.602998_13.11931,2023-12-01,0.57953334,0.6086982
BiLSTM+Attention,val,77.602998_13.128293,2023-12-01,0.5264296,0.55740386
BiLSTM+Attention,val,77.602998_13.164226,2023-12-01,0.48608613,0.51634985
BiLSTM+Attention,val,77.607489_12.768967,2023-12-01,0.6323896,0.6664319
BiLSTM+Attention,val,77.607489_12.773459,2023-12-01,0.60591996,0.63777333
BiLSTM+Attention,val,77.607489_12.791425,2023-12-01,0.5939776,0.62235016
BiLSTM+Attention,val,77.607489_12.809391,2023-12-01,0.6805184,0.71906734
BiLSTM+Attention,val,77.607489_12.818374,2023-12-01,0.7112522,0.74363965
BiLSTM+Attention,val,77.607489_13.087869,2023-12-01,0.6902644,0.7172773
BiLSTM+Attention,val,77.611981_12.674644,2023-12-01,0.790991,0.8426867
BiLSTM+Attention,val,77.611981_12.768967,2023-12-01,0.5887026,0.62177134
BiLSTM+Attention,val,77.611981_12.831849,2023-12-01,0.599145,0.62322026
BiLSTM+Attention,val,77.611981_12.867782,2023-12-01,0.5537973,0.57902384
BiLSTM+Attention,val,77.611981_12.953122,2023-12-01,0.73112863,0.7594943
BiLSTM+Attention,val,77.611981_13.105835,2023-12-01,0.5576221,0.5888286
BiLSTM+Attention,val,77.611981_13.168717,2023-12-01,0.46206114,0.4918627
BiLSTM+Attention,val,77.611981_13.182192,2023-12-01,0.43505213,0.4592598
BiLSTM+Attention,val,77.616473_12.831849,2023-12-01,0.64042133,0.6681177
BiLSTM+Attention,val,77.616473_12.858799,2023-12-01,0.5648754,0.5906248
BiLSTM+Attention,val,77.616473_13.114818,2023-12-01,0.58416384,0.61321545
BiLSTM+Attention,val,77.616473_13.141768,2023-12-01,0.5101049,0.5337314
BiLSTM+Attention,val,77.616473_13.1777,2023-12-01,0.42798522,0.45618433
BiLSTM+Attention,val,77.620964_12.674644,2023-12-01,0.79799306,0.8521549
BiLSTM+Attention,val,77.620964_12.795916,2023-12-01,0.54262596,0.5687007
BiLSTM+Attention,val,77.620964_12.813883,2023-12-01,0.5338949,0.5619134
BiLSTM+Attention,val,77.620964_12.845324,2023-12-01,0.6761781,0.7017876
BiLSTM+Attention,val,77.620964_12.858799,2023-12-01,0.54611033,0.576177
BiLSTM+Attention,val,77.620964_13.132785,2023-12-01,0.5616737,0.58405375
BiLSTM+Attention,val,77.625456_12.782442,2023-12-01,0.57172084,0.6101086
BiLSTM+Attention,val,77.625456_12.858799,2023-12-01,0.51160353,0.5372483
BiLSTM+Attention,val,77.625456_13.065411,2023-12-01,0.456914,0.46561438
BiLSTM+Attention,val,77.625456_13.128293,2023-12-01,0.5654078,0.59045434
BiLSTM+Attention,val,77.625456_13.137276,2023-12-01,0.5000974,0.5218489
BiLSTM+Attention,val,77.625456_13.155243,2023-12-01,0.6200588,0.6567951
BiLSTM+Attention,val,77.625456_13.182192,2023-12-01,0.46246797,0.49292332
BiLSTM+Attention,val,77.629947_12.795916,2023-12-01,0.75120324,0.79680943
BiLSTM+Attention,val,77.629947_12.809391,2023-12-01,0.55628127,0.5841455
BiLSTM+Attention,val,77.629947_12.836341,2023-12-01,0.61618423,0.6397621
BiLSTM+Attention,val,77.629947_12.854307,2023-12-01,0.5652724,0.58491224
BiLSTM+Attention,val,77.629947_12.858799,2023-12-01,0.5336745,0.55982405
BiLSTM+Attention,val,77.629947_13.06092,2023-12-01,0.48015645,0.49034017
BiLSTM+Attention,val,77.629947_13.087869,2023-12-01,0.48045892,0.4993435
BiLSTM+Attention,val,77.629947_13.1777,2023-12-01,0.48976666,0.5188272
BiLSTM+Attention,val,77.634439_12.679136,2023-12-01,0.7427842,0.78802323
BiLSTM+Attention,val,77.634439_12.701593,2023-12-01,0.68931514,0.73261863
BiLSTM+Attention,val,77.634439_12.733034,2023-12-01,0.54707354,0.5775552
BiLSTM+Attention,val,77.634439_12.746509,2023-12-01,0.5809972,0.6129798
BiLSTM+Attention,val,77.634439_12.751001,2023-12-01,0.57706445,0.6025843
BiLSTM+Attention,val,77.634439_12.849815,2023-12-01,0.5707589,0.6003879
BiLSTM+Attention,val,77.634439_13.047445,2023-12-01,0.540612,0.5556245
BiLSTM+Attention,val,77.634439_13.083377,2023-12-01,0.44269866,0.45756185
BiLSTM+Attention,val,77.634439_13.137276,2023-12-01,0.45847648,0.4749624
BiLSTM+Attention,val,77.63893_12.688119,2023-12-01,0.6822806,0.72627765
BiLSTM+Attention,val,77.63893_12.742018,2023-12-01,0.59644663,0.62412053
BiLSTM+Attention,val,77.63893_12.791425,2023-12-01,0.5895578,0.628997
BiLSTM+Attention,val,77.63893_12.800408,2023-12-01,0.54334295,0.57419825
BiLSTM+Attention,val,77.63893_12.818374,2023-12-01,0.5642885,0.58632
BiLSTM+Attention,val,77.63893_12.840832,2023-12-01,0.6424848,0.6788458
BiLSTM+Attention,val,77.63893_12.872273,2023-12-01,0.48637956,0.507249
BiLSTM+Attention,val,77.63893_12.917189,2023-12-01,0.7291676,0.76431036
BiLSTM+Attention,val,77.63893_12.989054,2023-12-01,0.6396974,0.67578644
BiLSTM+Attention,val,77.63893_13.056428,2023-12-01,0.5014108,0.5192981
BiLSTM+Attention,val,77.63893_13.078886,2023-12-01,0.44818223,0.46666026
BiLSTM+Attention,val,77.63893_13.083377,2023-12-01,0.4369645,0.4512354
BiLSTM+Attention,val,77.63893_13.1777,2023-12-01,0.4711865,0.5006788
BiLSTM+Attention,val,77.643422_12.795916,2023-12-01,0.5658486,0.59467
BiLSTM+Attention,val,77.643422_12.800408,2023-12-01,0.54826903,0.5784846
BiLSTM+Attention,val,77.643422_12.809391,2023-12-01,0.57557845,0.6103822
BiLSTM+Attention,val,77.643422_12.867782,2023-12-01,0.52465814,0.5491562
BiLSTM+Attention,val,77.643422_13.002529,2023-12-01,0.56510633,0.596366
BiLSTM+Attention,val,77.643422_13.038462,2023-12-01,0.56434566,0.5806778
BiLSTM+Attention,val,77.643422_13.164226,2023-12-01,0.5774192,0.5996118
BiLSTM+Attention,val,77.647914_12.688119,2023-12-01,0.7211921,0.7655889
BiLSTM+Attention,val,77.647914_12.733034,2023-12-01,0.5797232,0.6089867
BiLSTM+Attention,val,77.647914_12.881256,2023-12-01,0.53943956,0.5667131
BiLSTM+Attention,val,77.647914_12.935155,2023-12-01,0.67597336,0.7055664
BiLSTM+Attention,val,77.647914_13.141768,2023-12-01,0.6084872,0.6415932
BiLSTM+Attention,val,77.647914_13.168717,2023-12-01,0.64743215,0.67683536
BiLSTM+Attention,val,77.652405_12.697102,2023-12-01,0.68608975,0.7324232
BiLSTM+Attention,val,77.652405_12.773459,2023-12-01,0.5521357,0.5859875
BiLSTM+Attention,val,77.652405_12.795916,2023-12-01,0.5270121,0.5482767
BiLSTM+Attention,val,77.652405_12.8049,2023-12-01,0.5826149,0.61374265
BiLSTM+Attention,val,77.652405_12.858799,2023-12-01,0.6762372,0.7075992
BiLSTM+Attention,val,77.652405_12.926172,2023-12-01,0.66528183,0.69480056
BiLSTM+Attention,val,77.652405_13.002529,2023-12-01,0.55370593,0.5788569
BiLSTM+Attention,val,77.656897_12.742018,2023-12-01,0.60706186,0.6392208
BiLSTM+Attention,val,77.656897_12.746509,2023-12-01,0.5870257,0.6181713
BiLSTM+Attention,val,77.656897_12.768967,2023-12-01,0.6031613,0.63566667
BiLSTM+Attention,val,77.656897_12.791425,2023-12-01,0.54528767,0.5760467
BiLSTM+Attention,val,77.656897_12.800408,2023-12-01,0.59773827,0.6294454
BiLSTM+Attention,val,77.656897_12.831849,2023-12-01,0.60443234,0.62807345
BiLSTM+Attention,val,77.656897_12.849815,2023-12-01,0.49696335,0.5225797
BiLSTM+Attention,val,77.656897_12.939647,2023-12-01,0.6107419,0.6358929
BiLSTM+Attention,val,77.656897_13.101344,2023-12-01,0.46777198,0.49565762
BiLSTM+Attention,val,77.656897_13.164226,2023-12-01,0.47994575,0.5104271
BiLSTM+Attention,val,77.656897_13.173209,2023-12-01,0.45176572,0.47588503
BiLSTM+Attention,val,77.661388_12.737526,2023-12-01,0.60989565,0.64012206
BiLSTM+Attention,val,77.661388_12.759984,2023-12-01,0.61698353,0.652835
BiLSTM+Attention,val,77.661388_13.056428,2023-12-01,0.52208626,0.5384388
BiLSTM+Attention,val,77.661388_13.074394,2023-12-01,0.5232457,0.5447695
BiLSTM+Attention,val,77.661388_13.087869,2023-12-01,0.47575125,0.49816495
BiLSTM+Attention,val,77.661388_13.101344,2023-12-01,0.46364662,0.48863184
BiLSTM+Attention,val,77.661388_13.110327,2023-12-01,0.52606845,0.5539361
BiLSTM+Attention,val,77.661388_13.11931,2023-12-01,0.5794781,0.6093093
BiLSTM+Attention,val,77.66588_12.679136,2023-12-01,0.6747773,0.70712703
BiLSTM+Attention,val,77.66588_12.697102,2023-12-01,0.6401718,0.6723465
BiLSTM+Attention,val,77.66588_12.715068,2023-12-01,0.6167885,0.6586357
BiLSTM+Attention,val,77.66588_12.724051,2023-12-01,0.6133271,0.65560603
BiLSTM+Attention,val,77.66588_12.751001,2023-12-01,0.57699585,0.60362303
BiLSTM+Attention,val,77.66588_12.755492,2023-12-01,0.62053955,0.6561716
BiLSTM+Attention,val,77.66588_12.764475,2023-12-01,0.59874237,0.63454187
BiLSTM+Attention,val,77.66588_12.768967,2023-12-01,0.7271872,0.76963264
BiLSTM+Attention,val,77.66588_12.791425,2023-12-01,0.6340949,0.6738481
BiLSTM+Attention,val,77.66588_12.953122,2023-12-01,0.63172644,0.64758426
BiLSTM+Attention,val,77.66588_13.038462,2023-12-01,0.53382915,0.5461377
BiLSTM+Attention,val,77.66588_13.051936,2023-12-01,0.55970925,0.57857984
BiLSTM+Attention,val,77.66588_13.173209,2023-12-01,0.4584734,0.48668027
BiLSTM+Attention,val,77.670371_12.71956,2023-12-01,0.60986924,0.6479379
BiLSTM+Attention,val,77.670371_12.86329,2023-12-01,0.5310548,0.56449234
BiLSTM+Attention,val,77.670371_12.881256,2023-12-01,0.5219522,0.5447729
BiLSTM+Attention,val,77.670371_12.894731,2023-12-01,0.46925232,0.48675567
BiLSTM+Attention,val,77.670371_13.069903,2023-12-01,0.4634227,0.48089772
BiLSTM+Attention,val,77.670371_13.083377,2023-12-01,0.42434335,0.44693476
BiLSTM+Attention,val,77.670371_13.092361,2023-12-01,0.42768347,0.45586354
BiLSTM+Attention,val,77.670371_13.128293,2023-12-01,0.509971,0.53612894
BiLSTM+Attention,val,77.674863_12.674644,2023-12-01,0.7126998,0.7602556
BiLSTM+Attention,val,77.674863_12.71956,2023-12-01,0.6190281,0.655404
BiLSTM+Attention,val,77.674863_12.755492,2023-12-01,0.5646634,0.5892216
BiLSTM+Attention,val,77.674863_12.764475,2023-12-01,0.57924604,0.61288726
BiLSTM+Attention,val,77.674863_12.786933,2023-12-01,0.60843277,0.6407919
BiLSTM+Attention,val,77.674863_12.836341,2023-12-01,0.55370843,0.58326113
BiLSTM+Attention,val,77.674863_12.867782,2023-12-01,0.7054421,0.7296139
BiLSTM+Attention,val,77.674863_13.051936,2023-12-01,0.5685441,0.58747035
BiLSTM+Attention,val,77.674863_13.069903,2023-12-01,0.44545484,0.46279198
BiLSTM+Attention,val,77.674863_13.092361,2023-12-01,0.44746,0.47842234
BiLSTM+Attention,val,77.674863_13.105835,2023-12-01,0.5029376,0.5307899
BiLSTM+Attention,val,77.679355_12.697102,2023-12-01,0.58572716,0.61131704
BiLSTM+Attention,val,77.679355_12.746509,2023-12-01,0.67642635,0.7143515
BiLSTM+Attention,val,77.679355_12.881256,2023-12-01,0.5478225,0.5766217
BiLSTM+Attention,val,77.679355_12.89024,2023-12-01,0.56080544,0.58592975
BiLSTM+Attention,val,77.679355_12.899223,2023-12-01,0.48218337,0.5008448
BiLSTM+Attention,val,77.679355_13.047445,2023-12-01,0.745841,0.77313095
BiLSTM+Attention,val,77.679355_13.056428,2023-12-01,0.54034424,0.56013393
BiLSTM+Attention,val,77.679355_13.074394,2023-12-01,0.46422124,0.48415023
BiLSTM+Attention,val,77.679355_13.101344,2023-12-01,0.4655128,0.49961978
BiLSTM+Attention,val,77.679355_13.141768,2023-12-01,0.5003763,0.53097445
BiLSTM+Attention,val,77.679355_13.155243,2023-12-01,0.42826325,0.45145744
BiLSTM+Attention,val,77.679355_13.159734,2023-12-01,0.45264363,0.47685653
BiLSTM+Attention,val,77.683846_12.728543,2023-12-01,0.6069894,0.628856
BiLSTM+Attention,val,77.683846_12.742018,2023-12-01,0.54265505,0.5740938
BiLSTM+Attention,val,77.683846_12.755492,2023-12-01,0.71868795,0.76492655
BiLSTM+Attention,val,77.683846_12.795916,2023-12-01,0.58678156,0.614059
BiLSTM+Attention,val,77.683846_12.8049,2023-12-01,0.5456836,0.58070785
BiLSTM+Attention,val,77.683846_12.836341,2023-12-01,0.59799844,0.63009644
BiLSTM+Attention,val,77.683846_12.840832,2023-12-01,0.6063569,0.6352073
BiLSTM+Attention,val,77.683846_12.894731,2023-12-01,0.574511,0.59974086
BiLSTM+Attention,val,77.683846_12.917189,2023-12-01,0.48927176,0.5006325
BiLSTM+Attention,val,77.683846_12.939647,2023-12-01,0.7256271,0.761047
BiLSTM+Attention,val,77.683846_13.029478,2023-12-01,0.41970858,0.4330125
BiLSTM+Attention,val,77.683846_13.06092,2023-12-01,0.51320344,0.53616923
BiLSTM+Attention,val,77.683846_13.074394,2023-12-01,0.43177328,0.4532985
BiLSTM+Attention,val,77.683846_13.11931,2023-12-01,0.41185394,0.43523878
BiLSTM+Attention,val,77.683846_13.123802,2023-12-01,0.46020016,0.48913193
BiLSTM+Attention,val,77.688338_12.656678,2023-12-01,0.72342217,0.76610553
BiLSTM+Attention,val,77.688338_12.69261,2023-12-01,0.76614845,0.8125301
BiLSTM+Attention,val,77.688338_12.697102,2023-12-01,0.7715192,0.81131804
BiLSTM+Attention,val,77.688338_12.710577,2023-12-01,0.768854,0.81297714
BiLSTM+Attention,val,77.688338_12.751001,2023-12-01,0.6186939,0.6527594
BiLSTM+Attention,val,77.688338_12.755492,2023-12-01,0.591148,0.6239781
BiLSTM+Attention,val,77.688338_12.876765,2023-12-01,0.7636637,0.79645365
BiLSTM+Attention,val,77.688338_12.885748,2023-12-01,0.5867637,0.6193518
BiLSTM+Attention,val,77.688338_12.966596,2023-12-01,0.60296875,0.6400207
BiLSTM+Attention,val,77.692829_12.746509,2023-12-01,0.5196963,0.5461702
BiLSTM+Attention,val,77.692829_12.800408,2023-12-01,0.5488604,0.5727917
BiLSTM+Attention,val,77.692829_12.845324,2023-12-01,0.61566764,0.65107965
BiLSTM+Attention,val,77.692829_12.885748,2023-12-01,0.6123876,0.63823277
BiLSTM+Attention,val,77.692829_12.899223,2023-12-01,0.5375034,0.5596805
BiLSTM+Attention,val,77.692829_13.047445,2023-12-01,0.718717,0.7601302
BiLSTM+Attention,val,77.692829_13.06092,2023-12-01,0.6082756,0.634353
BiLSTM+Attention,val,77.692829_13.065411,2023-12-01,0.5615432,0.58946604
BiLSTM+Attention,val,77.692829_13.083377,2023-12-01,0.42863607,0.4562801
BiLSTM+Attention,val,77.692829_13.096852,2023-12-01,0.41048372,0.43336725
BiLSTM+Attention,val,77.692829_13.132785,2023-12-01,0.39011937,0.4139924
BiLSTM+Attention,val,77.692829_13.155243,2023-12-01,0.42939392,0.455423
BiLSTM+Attention,val,77.697321_12.697102,2023-12-01,0.7743216,0.8230477
BiLSTM+Attention,val,77.697321_12.751001,2023-12-01,0.58341223,0.6116478
BiLSTM+Attention,val,77.697321_12.773459,2023-12-01,0.55071753,0.5771596
BiLSTM+Attention,val,77.697321_12.791425,2023-12-01,0.6337821,0.6709636
BiLSTM+Attention,val,77.697321_12.885748,2023-12-01,0.61582,0.6430477
BiLSTM+Attention,val,77.697321_12.894731,2023-12-01,0.55293614,0.5682495
BiLSTM+Attention,val,77.697321_12.930664,2023-12-01,0.5736782,0.59616995
BiLSTM+Attention,val,77.697321_12.966596,2023-12-01,0.578249,0.6062651
BiLSTM+Attention,val,77.697321_13.132785,2023-12-01,0.39011937,0.414002
BiLSTM+Attention,val,77.697321_13.150751,2023-12-01,0.44512445,0.47008872
BiLSTM+Attention,val,77.697321_13.1777,2023-12-01,0.5387918,0.57428443
BiLSTM+Attention,val,77.701812_12.742018,2023-12-01,0.58676344,0.6048528
BiLSTM+Attention,val,77.701812_12.77795,2023-12-01,0.55313456,0.58078194
BiLSTM+Attention,val,77.701812_12.8049,2023-12-01,0.6237256,0.6601777
BiLSTM+Attention,val,77.701812_12.822866,2023-12-01,0.59326303,0.6276299
BiLSTM+Attention,val,77.701812_12.872273,2023-12-01,0.5483946,0.5773816
BiLSTM+Attention,val,77.701812_12.984563,2023-12-01,0.5098481,0.52913815
BiLSTM+Attention,val,77.701812_13.03397,2023-12-01,0.48104477,0.5027223
BiLSTM+Attention,val,77.701812_13.114818,2023-12-01,0.4748371,0.51133657
BiLSTM+Attention,val,77.701812_13.164226,2023-12-01,0.47126052,0.4970066
BiLSTM+Attention,val,77.706304_12.746509,2023-12-01,0.5999867,0.621977
BiLSTM+Attention,val,77.706304_12.751001,2023-12-01,0.60672146,0.63733613
BiLSTM+Attention,val,77.706304_12.759984,2023-12-01,0.52351654,0.55346376
BiLSTM+Attention,val,77.706304_12.764475,2023-12-01,0.560976,0.59166807
BiLSTM+Attention,val,77.706304_12.86329,2023-12-01,0.50023377,0.52986425
BiLSTM+Attention,val,77.706304_12.984563,2023-12-01,0.5171652,0.53564537
BiLSTM+Attention,val,77.706304_13.038462,2023-12-01,0.487759,0.50561535
BiLSTM+Attention,val,77.706304_13.042953,2023-12-01,0.5392707,0.55743974
BiLSTM+Attention,val,77.706304_13.137276,2023-12-01,0.6378839,0.68132704
BiLSTM+Attention,val,77.710796_12.715068,2023-12-01,0.6539739,0.69783133
BiLSTM+Attention,val,77.710796_12.894731,2023-12-01,0.63075763,0.6685124
BiLSTM+Attention,val,77.710796_12.899223,2023-12-01,0.5798805,0.61021423
BiLSTM+Attention,val,77.710796_12.912697,2023-12-01,0.5154479,0.527712
BiLSTM+Attention,val,77.710796_13.03397,2023-12-01,0.4726451,0.498146
BiLSTM+Attention,val,77.710796_13.11931,2023-12-01,0.44569027,0.4770283
BiLSTM+Attention,val,77.710796_13.123802,2023-12-01,0.41508272,0.4445799
BiLSTM+Attention,val,77.710796_13.132785,2023-12-01,0.4430173,0.4679522
BiLSTM+Attention,val,77.710796_13.150751,2023-12-01,0.42214057,0.44875905
BiLSTM+Attention,val,77.710796_13.168717,2023-12-01,0.4907053,0.5161379
BiLSTM+Attention,val,77.710796_13.173209,2023-12-01,0.49932042,0.53117794
BiLSTM+Attention,val,77.715287_12.679136,2023-12-01,0.71183634,0.76422614
BiLSTM+Attention,val,77.715287_12.742018,2023-12-01,0.5877195,0.6118197
BiLSTM+Attention,val,77.715287_12.773459,2023-12-01,0.5527265,0.57738215
BiLSTM+Attention,val,77.715287_12.822866,2023-12-01,0.6121093,0.6368447
BiLSTM+Attention,val,77.715287_12.827358,2023-12-01,0.5803638,0.6041566
BiLSTM+Attention,val,77.715287_12.845324,2023-12-01,0.52810407,0.55677795
BiLSTM+Attention,val,77.715287_12.885748,2023-12-01,0.5991597,0.63158816
BiLSTM+Attention,val,77.715287_12.899223,2023-12-01,0.49584654,0.52397615
BiLSTM+Attention,val,77.715287_12.939647,2023-12-01,0.73983043,0.7744291
BiLSTM+Attention,val,77.715287_12.944139,2023-12-01,0.76866066,0.8069099
BiLSTM+Attention,val,77.715287_12.94863,2023-12-01,0.6158993,0.64383614
BiLSTM+Attention,val,77.715287_13.016004,2023-12-01,0.5532347,0.5805372
BiLSTM+Attention,val,77.715287_13.029478,2023-12-01,0.4347059,0.45495218
BiLSTM+Attention,val,77.715287_13.038462,2023-12-01,0.5573506,0.5893495
BiLSTM+Attention,val,77.715287_13.051936,2023-12-01,0.545745,0.5718829
BiLSTM+Attention,val,77.715287_13.056428,2023-12-01,0.4789619,0.49551725
BiLSTM+Attention,val,77.715287_13.096852,2023-12-01,0.3734359,0.39815447
BiLSTM+Attention,val,77.715287_13.114818,2023-12-01,0.5107402,0.5425507
BiLSTM+Attention,val,77.715287_13.128293,2023-12-01,0.4556055,0.4813003
BiLSTM+Attention,val,77.719779_12.706085,2023-12-01,0.66968983,0.71018726
BiLSTM+Attention,val,77.719779_12.746509,2023-12-01,0.7105328,0.7476421
BiLSTM+Attention,val,77.719779_12.795916,2023-12-01,0.57176626,0.60761243
BiLSTM+Attention,val,77.719779_12.840832,2023-12-01,0.6090519,0.64930683
BiLSTM+Attention,val,77.719779_12.903714,2023-12-01,0.4936169,0.51968735
BiLSTM+Attention,val,77.719779_13.069903,2023-12-01,0.44389468,0.46855116
BiLSTM+Attention,val,77.719779_13.105835,2023-12-01,0.4688477,0.49643207
BiLSTM+Attention,val,77.719779_13.123802,2023-12-01,0.42588753,0.45190752
BiLSTM+Attention,val,77.719779_13.137276,2023-12-01,0.43139717,0.4589846
BiLSTM+Attention,val,77.719779_13.155243,2023-12-01,0.42266795,0.4501397
BiLSTM+Attention,val,77.72427_12.674644,2023-12-01,0.61872566,0.6487048
BiLSTM+Attention,val,77.72427_12.697102,2023-12-01,0.5460522,0.577297
BiLSTM+Attention,val,77.72427_12.701593,2023-12-01,0.5729364,0.6053335
BiLSTM+Attention,val,77.72427_12.724051,2023-12-01,0.6192449,0.64392376
BiLSTM+Attention,val,77.72427_12.786933,2023-12-01,0.5958502,0.6195909
BiLSTM+Attention,val,77.72427_12.791425,2023-12-01,0.5942582,0.6239602
BiLSTM+Attention,val,77.72427_12.840832,2023-12-01,0.58870375,0.6217867
BiLSTM+Attention,val,77.72427_12.867782,2023-12-01,0.53321207,0.5644461
BiLSTM+Attention,val,77.72427_12.885748,2023-12-01,0.5695447,0.593892
BiLSTM+Attention,val,77.72427_13.024987,2023-12-01,0.74299026,0.77776664
BiLSTM+Attention,val,77.72427_13.06092,2023-12-01,0.4620741,0.48975104
BiLSTM+Attention,val,77.72427_13.074394,2023-12-01,0.4718611,0.49939185
BiLSTM+Attention,val,77.728762_12.706085,2023-12-01,0.6438299,0.6917168
BiLSTM+Attention,val,77.728762_12.724051,2023-12-01,0.68581945,0.7225947
BiLSTM+Attention,val,77.728762_12.759984,2023-12-01,0.59317905,0.6232549
BiLSTM+Attention,val,77.728762_12.782442,2023-12-01,0.61619186,0.6504129
BiLSTM+Attention,val,77.728762_12.809391,2023-12-01,0.6065666,0.63341516
BiLSTM+Attention,val,77.728762_12.858799,2023-12-01,0.6049076,0.6459479
BiLSTM+Attention,val,77.728762_12.876765,2023-12-01,0.6155515,0.6511044
BiLSTM+Attention,val,77.728762_12.885748,2023-12-01,0.5583597,0.5854238
BiLSTM+Attention,val,77.728762_13.016004,2023-12-01,0.73106974,0.7682515
BiLSTM+Attention,val,77.728762_13.047445,2023-12-01,0.5264474,0.5482421
BiLSTM+Attention,val,77.728762_13.087869,2023-12-01,0.49575445,0.5397052
BiLSTM+Attention,val,77.728762_13.092361,2023-12-01,0.45764753,0.487817
BiLSTM+Attention,val,77.733253_12.755492,2023-12-01,0.56381375,0.5814571
BiLSTM+Attention,val,77.733253_12.795916,2023-12-01,0.5658091,0.595424
BiLSTM+Attention,val,77.733253_12.86329,2023-12-01,0.61815137,0.656659
BiLSTM+Attention,val,77.733253_12.872273,2023-12-01,0.6017193,0.64384836
BiLSTM+Attention,val,77.733253_12.998037,2023-12-01,0.63504463,0.6657838
BiLSTM+Attention,val,77.733253_13.056428,2023-12-01,0.43877593,0.4639985
BiLSTM+Attention,val,77.737745_12.764475,2023-12-01,0.5416308,0.5629599
BiLSTM+Attention,val,77.737745_12.791425,2023-12-01,0.5845673,0.6183135
BiLSTM+Attention,val,77.737745_12.809391,2023-12-01,0.58032,0.607891
BiLSTM+Attention,val,77.737745_12.858799,2023-12-01,0.583936,0.62076026
BiLSTM+Attention,val,77.737745_12.872273,2023-12-01,0.6091149,0.6495563
BiLSTM+Attention,val,77.737745_12.881256,2023-12-01,0.62937677,0.66866004
BiLSTM+Attention,val,77.737745_13.051936,2023-12-01,0.46273795,0.48875982
BiLSTM+Attention,val,77.737745_13.06092,2023-12-01,0.46760613,0.49394822
BiLSTM+Attention,val,77.737745_13.078886,2023-12-01,0.4946169,0.52162856
BiLSTM+Attention,val,77.737745_13.101344,2023-12-01,0.42018807,0.44139057
BiLSTM+Attention,val,77.742237_12.697102,2023-12-01,0.68609613,0.73470765
BiLSTM+Attention,val,77.742237_12.764475,2023-12-01,0.5563851,0.5831388
BiLSTM+Attention,val,77.742237_12.795916,2023-12-01,0.5509899,0.5817788
BiLSTM+Attention,val,77.742237_12.8049,2023-12-01,0.5937896,0.6259002
BiLSTM+Attention,val,77.742237_12.86329,2023-12-01,0.5239601,0.556284
BiLSTM+Attention,val,77.742237_12.867782,2023-12-01,0.6141058,0.64954317
BiLSTM+Attention,val,77.742237_12.89024,2023-12-01,0.6149859,0.6493141
BiLSTM+Attention,val,77.742237_12.899223,2023-12-01,0.59558696,0.6281146
BiLSTM+Attention,val,77.742237_12.921681,2023-12-01,0.54690593,0.55913216
BiLSTM+Attention,val,77.742237_12.980071,2023-12-01,0.5859543,0.61259234
BiLSTM+Attention,val,77.742237_13.002529,2023-12-01,0.6026379,0.63800067
BiLSTM+Attention,val,77.742237_13.016004,2023-12-01,0.6114713,0.6504033
BiLSTM+Attention,val,77.742237_13.038462,2023-12-01,0.44090727,0.4656402
BiLSTM+Attention,val,77.742237_13.074394,2023-12-01,0.41782755,0.4458881
BiLSTM+Attention,val,77.742237_13.078886,2023-12-01,0.4805483,0.51383984
BiLSTM+Attention,val,77.742237_13.101344,2023-12-01,0.44235554,0.46722406
BiLSTM+Attention,val,77.746728_12.751001,2023-12-01,0.5845021,0.6160165
BiLSTM+Attention,val,77.746728_12.764475,2023-12-01,0.5757157,0.6094149
BiLSTM+Attention,val,77.746728_12.782442,2023-12-01,0.61114645,0.6499011
BiLSTM+Attention,val,77.746728_12.97558,2023-12-01,0.6064835,0.6317301
BiLSTM+Attention,val,77.746728_12.984563,2023-12-01,0.5966146,0.63243264
BiLSTM+Attention,val,77.746728_13.016004,2023-12-01,0.6235604,0.65599036
BiLSTM+Attention,val,77.746728_13.020495,2023-12-01,0.6520349,0.68768317
BiLSTM+Attention,val,77.746728_13.024987,2023-12-01,0.56149787,0.58448654
BiLSTM+Attention,val,77.746728_13.038462,2023-12-01,0.46940023,0.493266
BiLSTM+Attention,val,77.746728_13.06092,2023-12-01,0.4276969,0.45331448
BiLSTM+Attention,val,77.746728_13.083377,2023-12-01,0.47984546,0.5116884
BiLSTM+Attention,val,77.746728_13.092361,2023-12-01,0.43757787,0.46604717
BiLSTM+Attention,val,77.75122_12.751001,2023-12-01,0.5742217,0.60686415
BiLSTM+Attention,val,77.75122_12.755492,2023-12-01,0.6183232,0.6533678
BiLSTM+Attention,val,77.75122_12.768967,2023-12-01,0.5394235,0.5699446
BiLSTM+Attention,val,77.75122_12.77795,2023-12-01,0.57771844,0.6130672
BiLSTM+Attention,val,77.75122_12.894731,2023-12-01,0.537776,0.5716265
BiLSTM+Attention,val,77.75122_12.993546,2023-12-01,0.53726566,0.5713512
BiLSTM+Attention,val,77.75122_13.020495,2023-12-01,0.58514875,0.61753523
BiLSTM+Attention,val,77.75122_13.03397,2023-12-01,0.48034194,0.50927246
BiLSTM+Attention,val,77.75122_13.038462,2023-12-01,0.4494731,0.47078753
BiLSTM+Attention,val,77.755711_12.706085,2023-12-01,0.60128725,0.64546496
BiLSTM+Attention,val,77.755711_12.764475,2023-12-01,0.77242976,0.8283289
BiLSTM+Attention,val,77.755711_12.77795,2023-12-01,0.5604771,0.5960698
BiLSTM+Attention,val,77.755711_12.822866,2023-12-01,0.5643882,0.5965175
BiLSTM+Attention,val,77.755711_12.831849,2023-12-01,0.53877157,0.56579906
BiLSTM+Attention,val,77.755711_12.858799,2023-12-01,0.5868616,0.6158536
BiLSTM+Attention,val,77.755711_12.885748,2023-12-01,0.5743198,0.60510224
BiLSTM+Attention,val,77.755711_12.899223,2023-12-01,0.504814,0.53206074
BiLSTM+Attention,val,77.755711_12.903714,2023-12-01,0.5594694,0.5928673
BiLSTM+Attention,val,77.755711_12.926172,2023-12-01,0.58259016,0.6116719
BiLSTM+Attention,val,77.760203_12.751001,2023-12-01,0.57074845,0.6019145
BiLSTM+Attention,val,77.760203_12.795916,2023-12-01,0.551913,0.57603014
BiLSTM+Attention,val,77.760203_12.818374,2023-12-01,0.6410235,0.68256307
BiLSTM+Attention,val,77.760203_12.867782,2023-12-01,0.545321,0.575136
BiLSTM+Attention,val,77.760203_12.872273,2023-12-01,0.5575955,0.58804923
BiLSTM+Attention,val,77.760203_12.876765,2023-12-01,0.5287516,0.55603415
BiLSTM+Attention,val,77.760203_12.885748,2023-12-01,0.5449108,0.574299
BiLSTM+Attention,val,77.760203_12.984563,2023-12-01,0.5950968,0.62612504
BiLSTM+Attention,val,77.764695_12.742018,2023-12-01,0.6835563,0.72388345
BiLSTM+Attention,val,77.764695_12.746509,2023-12-01,0.6711518,0.71025586
BiLSTM+Attention,val,77.764695_12.813883,2023-12-01,0.5978459,0.6338341
BiLSTM+Attention,val,77.764695_12.849815,2023-12-01,0.5718739,0.6056304
BiLSTM+Attention,val,77.764695_12.885748,2023-12-01,0.5695748,0.59614056
BiLSTM+Attention,val,77.764695_12.912697,2023-12-01,0.57849616,0.6036423
BiLSTM+Attention,val,77.764695_13.03397,2023-12-01,0.42841572,0.45191514
BiLSTM+Attention,val,77.769186_12.751001,2023-12-01,0.69383943,0.7339144
BiLSTM+Attention,val,77.769186_12.791425,2023-12-01,0.541575,0.570127
BiLSTM+Attention,val,77.769186_12.800408,2023-12-01,0.59422046,0.6314458
BiLSTM+Attention,val,77.769186_12.8049,2023-12-01,0.6270151,0.66859007
BiLSTM+Attention,val,77.769186_12.809391,2023-12-01,0.5633387,0.5956162
BiLSTM+Attention,val,77.769186_12.876765,2023-12-01,0.5878233,0.62711275
BiLSTM+Attention,val,77.769186_12.894731,2023-12-01,0.5501488,0.5871032
BiLSTM+Attention,val,77.769186_13.016004,2023-12-01,0.53857994,0.5627069
BiLSTM+Attention,val,77.773678_12.746509,2023-12-01,0.68746036,0.722382
BiLSTM+Attention,val,77.773678_12.858799,2023-12-01,0.5297767,0.55541545
BiLSTM+Attention,val,77.773678_12.885748,2023-12-01,0.540848,0.5682355
BiLSTM+Attention,val,77.773678_12.899223,2023-12-01,0.5171945,0.5498029
BiLSTM+Attention,val,77.773678_12.908206,2023-12-01,0.5549376,0.5909556
BiLSTM+Attention,val,77.778169_12.809391,2023-12-01,0.52562654,0.55514395
BiLSTM+Attention,val,77.778169_12.885748,2023-12-01,0.5594355,0.59552413
BiLSTM+Attention,val,77.782661_12.786933,2023-12-01,0.5436103,0.5729502
BiLSTM+Attention,val,77.782661_12.791425,2023-12-01,0.571608,0.60580945
BiLSTM+Attention,val,77.782661_12.89024,2023-12-01,0.5523613,0.5855832
BiLSTM+Attention,val,77.787152_12.786933,2023-12-01,0.55746,0.58926654
BiLSTM+Attention,val,77.787152_12.849815,2023-12-01,0.5318973,0.5697323
BiLSTM+Attention,val,77.787152_12.867782,2023-12-01,0.54228854,0.5677954
BiLSTM+Attention,val,77.791644_12.8049,2023-12-01,0.5570223,0.5939705
BiLSTM+Attention,val,77.791644_12.899223,2023-12-01,0.54109734,0.57687026
BiLSTM+Attention,val,77.796136_12.854307,2023-12-01,0.53351533,0.56878483
BiLSTM+Attention,val,77.796136_12.885748,2023-12-01,0.5963267,0.6299303
BiLSTM+Attention,val,77.800627_12.876765,2023-12-01,0.58918166,0.627805
BiLSTM+Attention,val,77.800627_12.885748,2023-12-01,0.55659646,0.5854822
BiLSTM+Attention,val,77.805119_12.876765,2023-12-01,0.59657085,0.6377791
BiLSTM+Attention,val,77.805119_12.89024,2023-12-01,0.5856832,0.62435687
BiLSTM+Attention,val,77.80961_12.858799,2023-12-01,0.60177374,0.63753325
BiLSTM+Attention,val,77.80961_12.86329,2023-12-01,0.5801954,0.61809295
BiLSTM+Attention,val,77.329012_12.944139,2024-01-01,0.4992846,0.50422424
BiLSTM+Attention,val,77.329012_12.962105,2024-01-01,0.66997725,0.6802771
BiLSTM+Attention,val,77.337995_12.921681,2024-01-01,0.6195533,0.63030905
BiLSTM+Attention,val,77.342486_12.926172,2024-01-01,0.6579598,0.67538524
BiLSTM+Attention,val,77.342486_12.935155,2024-01-01,0.6789863,0.7016938
BiLSTM+Attention,val,77.342486_12.944139,2024-01-01,0.6474069,0.65970415
BiLSTM+Attention,val,77.346978_12.86329,2024-01-01,0.54236114,0.55848587
BiLSTM+Attention,val,77.346978_12.962105,2024-01-01,0.5067544,0.5005168
BiLSTM+Attention,val,77.351469_12.89024,2024-01-01,0.5170591,0.5374479
BiLSTM+Attention,val,77.351469_12.930664,2024-01-01,0.682871,0.6992529
BiLSTM+Attention,val,77.351469_12.939647,2024-01-01,0.6634961,0.67908746
BiLSTM+Attention,val,77.355961_12.899223,2024-01-01,0.53192884,0.5514674
BiLSTM+Attention,val,77.355961_12.94863,2024-01-01,0.47446653,0.48207116
BiLSTM+Attention,val,77.355961_12.962105,2024-01-01,0.680117,0.69796485
BiLSTM+Attention,val,77.360453_12.867782,2024-01-01,0.43050632,0.44441354
BiLSTM+Attention,val,77.360453_12.908206,2024-01-01,0.55239326,0.57347476
BiLSTM+Attention,val,77.360453_12.926172,2024-01-01,0.6788975,0.6992018
BiLSTM+Attention,val,77.364944_12.854307,2024-01-01,0.47217104,0.48080617
BiLSTM+Attention,val,77.364944_12.962105,2024-01-01,0.4634463,0.46883297
BiLSTM+Attention,val,77.369436_12.881256,2024-01-01,0.47305843,0.48595166
BiLSTM+Attention,val,77.369436_12.89024,2024-01-01,0.47079018,0.48179692
BiLSTM+Attention,val,77.369436_12.935155,2024-01-01,0.43660888,0.44432664
BiLSTM+Attention,val,77.369436_12.998037,2024-01-01,0.47313634,0.47606003
BiLSTM+Attention,val,77.369436_13.007021,2024-01-01,0.51810163,0.53160256
BiLSTM+Attention,val,77.373927_12.912697,2024-01-01,0.5769961,0.5901292
BiLSTM+Attention,val,77.373927_12.971088,2024-01-01,0.45690376,0.4617414
BiLSTM+Attention,val,77.373927_13.011512,2024-01-01,0.46983403,0.4824149
BiLSTM+Attention,val,77.373927_13.016004,2024-01-01,0.45413402,0.4657377
BiLSTM+Attention,val,77.378419_12.966596,2024-01-01,0.43228775,0.44004416
BiLSTM+Attention,val,77.382911_12.894731,2024-01-01,0.51425415,0.5366054
BiLSTM+Attention,val,77.382911_12.953122,2024-01-01,0.49202687,0.4989794
BiLSTM+Attention,val,77.382911_12.957613,2024-01-01,0.48665577,0.49197352
BiLSTM+Attention,val,77.387402_12.962105,2024-01-01,0.47749868,0.48125684
BiLSTM+Attention,val,77.387402_12.97558,2024-01-01,0.47837484,0.47969985
BiLSTM+Attention,val,77.387402_12.980071,2024-01-01,0.4808954,0.4840727
BiLSTM+Attention,val,77.391894_12.867782,2024-01-01,0.5138889,0.5313296
BiLSTM+Attention,val,77.391894_12.881256,2024-01-01,0.48074886,0.5047609
BiLSTM+Attention,val,77.391894_12.885748,2024-01-01,0.51291186,0.53260535
BiLSTM+Attention,val,77.396385_12.894731,2024-01-01,0.5159332,0.53311247
BiLSTM+Attention,val,77.396385_12.908206,2024-01-01,0.47431487,0.4929011
BiLSTM+Attention,val,77.396385_12.944139,2024-01-01,0.5247159,0.5352139
BiLSTM+Attention,val,77.396385_12.971088,2024-01-01,0.44833764,0.45642042
BiLSTM+Attention,val,77.396385_12.97558,2024-01-01,0.42445758,0.43306345
BiLSTM+Attention,val,77.396385_13.029478,2024-01-01,0.3584756,0.37206465
BiLSTM+Attention,val,77.400877_12.957613,2024-01-01,0.49220493,0.5036425
BiLSTM+Attention,val,77.400877_12.966596,2024-01-01,0.4451893,0.4487732
BiLSTM+Attention,val,77.400877_13.029478,2024-01-01,0.3461363,0.36102253
BiLSTM+Attention,val,77.405368_12.881256,2024-01-01,0.4415558,0.4510616
BiLSTM+Attention,val,77.405368_12.89024,2024-01-01,0.46441883,0.4773019
BiLSTM+Attention,val,77.405368_12.903714,2024-01-01,0.43766424,0.44467813
BiLSTM+Attention,val,77.405368_12.930664,2024-01-01,0.5660802,0.5772204
BiLSTM+Attention,val,77.405368_12.998037,2024-01-01,0.46591538,0.47603393
BiLSTM+Attention,val,77.405368_13.105835,2024-01-01,0.38950166,0.39674002
BiLSTM+Attention,val,77.405368_13.11931,2024-01-01,0.35186028,0.35633877
BiLSTM+Attention,val,77.40986_12.872273,2024-01-01,0.406982,0.40956688
BiLSTM+Attention,val,77.40986_12.881256,2024-01-01,0.40901902,0.4172052
BiLSTM+Attention,val,77.40986_12.962105,2024-01-01,0.5014898,0.5122446
BiLSTM+Attention,val,77.414352_12.930664,2024-01-01,0.51028,0.5238457
BiLSTM+Attention,val,77.414352_12.989054,2024-01-01,0.42787364,0.43220672
BiLSTM+Attention,val,77.414352_12.993546,2024-01-01,0.43552932,0.44780275
BiLSTM+Attention,val,77.414352_13.03397,2024-01-01,0.40330622,0.41656893
BiLSTM+Attention,val,77.414352_13.096852,2024-01-01,0.37080035,0.37986767
BiLSTM+Attention,val,77.414352_13.11931,2024-01-01,0.37112013,0.3736673
BiLSTM+Attention,val,77.418843_12.876765,2024-01-01,0.422135,0.4342484
BiLSTM+Attention,val,77.418843_12.89024,2024-01-01,0.45032755,0.46025616
BiLSTM+Attention,val,77.418843_12.94863,2024-01-01,0.5052019,0.5170195
BiLSTM+Attention,val,77.418843_12.971088,2024-01-01,0.46797803,0.46873772
BiLSTM+Attention,val,77.418843_12.993546,2024-01-01,0.46928942,0.47995663
BiLSTM+Attention,val,77.418843_13.016004,2024-01-01,0.4354418,0.44430095
BiLSTM+Attention,val,77.418843_13.024987,2024-01-01,0.4265735,0.43698782
BiLSTM+Attention,val,77.418843_13.029478,2024-01-01,0.4261045,0.43649426
BiLSTM+Attention,val,77.418843_13.146259,2024-01-01,0.33864474,0.34652156
BiLSTM+Attention,val,77.423335_12.876765,2024-01-01,0.4239132,0.44193476
BiLSTM+Attention,val,77.423335_12.921681,2024-01-01,0.51956743,0.5255146
BiLSTM+Attention,val,77.423335_12.930664,2024-01-01,0.5022518,0.50872487
BiLSTM+Attention,val,77.423335_13.002529,2024-01-01,0.517376,0.5323835
BiLSTM+Attention,val,77.423335_13.092361,2024-01-01,0.31324083,0.32879442
BiLSTM+Attention,val,77.423335_13.141768,2024-01-01,0.39742506,0.4036081
BiLSTM+Attention,val,77.423335_13.150751,2024-01-01,0.34740016,0.35440725
BiLSTM+Attention,val,77.427826_12.845324,2024-01-01,0.3658971,0.38476068
BiLSTM+Attention,val,77.427826_12.858799,2024-01-01,0.41861373,0.42904937
BiLSTM+Attention,val,77.427826_12.930664,2024-01-01,0.5097375,0.5147004
BiLSTM+Attention,val,77.427826_12.939647,2024-01-01,0.45714778,0.4625731
BiLSTM+Attention,val,77.427826_12.944139,2024-01-01,0.47053072,0.48122215
BiLSTM+Attention,val,77.427826_13.020495,2024-01-01,0.43710935,0.44652402
BiLSTM+Attention,val,77.427826_13.024987,2024-01-01,0.42799816,0.4372452
BiLSTM+Attention,val,77.427826_13.110327,2024-01-01,0.39514008,0.39335102
BiLSTM+Attention,val,77.427826_13.132785,2024-01-01,0.45036447,0.45979708
BiLSTM+Attention,val,77.432318_12.858799,2024-01-01,0.4332067,0.44434696
BiLSTM+Attention,val,77.432318_12.86329,2024-01-01,0.4393283,0.44737375
BiLSTM+Attention,val,77.432318_12.867782,2024-01-01,0.43098614,0.4485711
BiLSTM+Attention,val,77.432318_12.881256,2024-01-01,0.47371495,0.48935592
BiLSTM+Attention,val,77.432318_12.885748,2024-01-01,0.5637992,0.5803129
BiLSTM+Attention,val,77.432318_12.957613,2024-01-01,0.45705816,0.4650424
BiLSTM+Attention,val,77.432318_12.998037,2024-01-01,0.38814843,0.393856
BiLSTM+Attention,val,77.432318_13.087869,2024-01-01,0.3980596,0.40553015
BiLSTM+Attention,val,77.432318_13.092361,2024-01-01,0.35443434,0.35928357
BiLSTM+Attention,val,77.436809_12.818374,2024-01-01,0.5635603,0.5755938
BiLSTM+Attention,val,77.436809_12.840832,2024-01-01,0.48062742,0.48608446
BiLSTM+Attention,val,77.436809_12.854307,2024-01-01,0.44682345,0.45574504
BiLSTM+Attention,val,77.436809_12.912697,2024-01-01,0.57870644,0.58247274
BiLSTM+Attention,val,77.436809_12.926172,2024-01-01,0.5116354,0.5168345
BiLSTM+Attention,val,77.436809_12.944139,2024-01-01,0.47782156,0.4857731
BiLSTM+Attention,val,77.436809_13.03397,2024-01-01,0.4110546,0.42097485
BiLSTM+Attention,val,77.441301_12.818374,2024-01-01,0.5720484,0.58842283
BiLSTM+Attention,val,77.441301_12.831849,2024-01-01,0.4653926,0.4741482
BiLSTM+Attention,val,77.441301_12.836341,2024-01-01,0.4943013,0.5014806
BiLSTM+Attention,val,77.441301_12.840832,2024-01-01,0.46761698,0.47766632
BiLSTM+Attention,val,77.441301_12.944139,2024-01-01,0.5151819,0.52701193
BiLSTM+Attention,val,77.441301_12.94863,2024-01-01,0.46918932,0.47918874
BiLSTM+Attention,val,77.441301_13.056428,2024-01-01,0.40021628,0.4136697
BiLSTM+Attention,val,77.441301_13.069903,2024-01-01,0.41697064,0.4265002
BiLSTM+Attention,val,77.441301_13.083377,2024-01-01,0.40377393,0.40961647
BiLSTM+Attention,val,77.441301_13.110327,2024-01-01,0.3905328,0.39208704
BiLSTM+Attention,val,77.445793_12.840832,2024-01-01,0.5402767,0.5500931
BiLSTM+Attention,val,77.445793_12.86329,2024-01-01,0.5557313,0.5718511
BiLSTM+Attention,val,77.445793_12.867782,2024-01-01,0.53495497,0.55601656
BiLSTM+Attention,val,77.445793_12.912697,2024-01-01,0.48462117,0.49331003
BiLSTM+Attention,val,77.445793_12.957613,2024-01-01,0.45769623,0.46601224
BiLSTM+Attention,val,77.445793_12.984563,2024-01-01,0.47567996,0.48850524
BiLSTM+Attention,val,77.450284_12.809391,2024-01-01,0.52135056,0.52602476
BiLSTM+Attention,val,77.450284_12.872273,2024-01-01,0.53445333,0.55466276
BiLSTM+Attention,val,77.450284_12.89024,2024-01-01,0.5350373,0.55628395
BiLSTM+Attention,val,77.450284_12.971088,2024-01-01,0.44517887,0.45649534
BiLSTM+Attention,val,77.450284_12.993546,2024-01-01,0.35697535,0.3635385
BiLSTM+Attention,val,77.450284_13.029478,2024-01-01,0.39848056,0.40647215
BiLSTM+Attention,val,77.450284_13.047445,2024-01-01,0.41102415,0.41942492
BiLSTM+Attention,val,77.450284_13.146259,2024-01-01,0.4651565,0.47414845
BiLSTM+Attention,val,77.454776_12.809391,2024-01-01,0.48630774,0.491104
BiLSTM+Attention,val,77.454776_12.885748,2024-01-01,0.51636356,0.5290092
BiLSTM+Attention,val,77.454776_12.980071,2024-01-01,0.39718536,0.41012755
BiLSTM+Attention,val,77.454776_12.993546,2024-01-01,0.3828464,0.39528668
BiLSTM+Attention,val,77.454776_13.078886,2024-01-01,0.40980887,0.41929805
BiLSTM+Attention,val,77.454776_13.087869,2024-01-01,0.37351525,0.38291752
BiLSTM+Attention,val,77.454776_13.114818,2024-01-01,0.45171055,0.46187901
BiLSTM+Attention,val,77.454776_13.141768,2024-01-01,0.46854085,0.48169214
BiLSTM+Attention,val,77.459267_12.8049,2024-01-01,0.5552707,0.5777208
BiLSTM+Attention,val,77.459267_12.822866,2024-01-01,0.5243604,0.5268368
BiLSTM+Attention,val,77.459267_12.845324,2024-01-01,0.52820396,0.5396861
BiLSTM+Attention,val,77.459267_12.872273,2024-01-01,0.5057708,0.5230145
BiLSTM+Attention,val,77.459267_12.903714,2024-01-01,0.45914176,0.46949935
BiLSTM+Attention,val,77.459267_12.926172,2024-01-01,0.50588757,0.51279765
BiLSTM+Attention,val,77.459267_12.97558,2024-01-01,0.41191563,0.4262764
BiLSTM+Attention,val,77.459267_13.016004,2024-01-01,0.37386677,0.38348144
BiLSTM+Attention,val,77.459267_13.020495,2024-01-01,0.3674229,0.37288135
BiLSTM+Attention,val,77.459267_13.11931,2024-01-01,0.44857168,0.45521694
BiLSTM+Attention,val,77.463759_12.813883,2024-01-01,0.4665359,0.4780637
BiLSTM+Attention,val,77.463759_12.836341,2024-01-01,0.5251998,0.542174
BiLSTM+Attention,val,77.463759_12.86329,2024-01-01,0.5420957,0.5594714
BiLSTM+Attention,val,77.463759_12.867782,2024-01-01,0.5240704,0.5417022
BiLSTM+Attention,val,77.463759_12.872273,2024-01-01,0.49985132,0.5176363
BiLSTM+Attention,val,77.463759_12.881256,2024-01-01,0.5517505,0.5663167
BiLSTM+Attention,val,77.463759_12.885748,2024-01-01,0.55531377,0.5753141
BiLSTM+Attention,val,77.463759_12.894731,2024-01-01,0.49492216,0.50809646
BiLSTM+Attention,val,77.463759_12.899223,2024-01-01,0.4975294,0.51622283
BiLSTM+Attention,val,77.463759_12.917189,2024-01-01,0.45427066,0.46120572
BiLSTM+Attention,val,77.463759_12.953122,2024-01-01,0.7088698,0.7147286
BiLSTM+Attention,val,77.463759_13.03397,2024-01-01,0.366333,0.37469745
BiLSTM+Attention,val,77.463759_13.078886,2024-01-01,0.4782775,0.49470907
BiLSTM+Attention,val,77.46825_12.827358,2024-01-01,0.43778574,0.4431423
BiLSTM+Attention,val,77.46825_12.836341,2024-01-01,0.53258896,0.5456183
BiLSTM+Attention,val,77.46825_12.894731,2024-01-01,0.47506407,0.4875304
BiLSTM+Attention,val,77.46825_12.94863,2024-01-01,0.548516,0.5579855
BiLSTM+Attention,val,77.46825_12.953122,2024-01-01,0.48392907,0.48665822
BiLSTM+Attention,val,77.46825_12.966596,2024-01-01,0.46199843,0.47240108
BiLSTM+Attention,val,77.46825_13.007021,2024-01-01,0.38257524,0.3917536
BiLSTM+Attention,val,77.46825_13.020495,2024-01-01,0.45155337,0.46365392
BiLSTM+Attention,val,77.46825_13.114818,2024-01-01,0.49265525,0.5005493
BiLSTM+Attention,val,77.46825_13.150751,2024-01-01,0.40329868,0.40661323
BiLSTM+Attention,val,77.46825_13.1777,2024-01-01,0.49375805,0.49537778
BiLSTM+Attention,val,77.472742_12.746509,2024-01-01,0.5929299,0.59692365
BiLSTM+Attention,val,77.472742_12.751001,2024-01-01,0.54673904,0.5458524
BiLSTM+Attention,val,77.472742_12.755492,2024-01-01,0.56375164,0.5666871
BiLSTM+Attention,val,77.472742_12.795916,2024-01-01,0.50030893,0.5113224
BiLSTM+Attention,val,77.472742_12.836341,2024-01-01,0.52264786,0.5373221
BiLSTM+Attention,val,77.472742_12.984563,2024-01-01,0.42390606,0.4391383
BiLSTM+Attention,val,77.472742_13.087869,2024-01-01,0.43246213,0.44331726
BiLSTM+Attention,val,77.477234_12.764475,2024-01-01,0.5581068,0.5683565
BiLSTM+Attention,val,77.477234_12.782442,2024-01-01,0.4939243,0.50864995
BiLSTM+Attention,val,77.477234_12.840832,2024-01-01,0.52439904,0.5385785
BiLSTM+Attention,val,77.477234_12.899223,2024-01-01,0.43535745,0.45199955
BiLSTM+Attention,val,77.477234_12.935155,2024-01-01,0.57502,0.5910662
BiLSTM+Attention,val,77.477234_12.944139,2024-01-01,0.5051032,0.5135571
BiLSTM+Attention,val,77.477234_12.94863,2024-01-01,0.5159453,0.5316224
BiLSTM+Attention,val,77.477234_12.971088,2024-01-01,0.47466725,0.48460698
BiLSTM+Attention,val,77.477234_13.002529,2024-01-01,0.37813616,0.39343154
BiLSTM+Attention,val,77.477234_13.056428,2024-01-01,0.4341987,0.44185004
BiLSTM+Attention,val,77.481725_12.737526,2024-01-01,0.56952834,0.5737701
BiLSTM+Attention,val,77.481725_12.768967,2024-01-01,0.5530458,0.5659078
BiLSTM+Attention,val,77.481725_12.831849,2024-01-01,0.4663898,0.47212088
BiLSTM+Attention,val,77.481725_12.89024,2024-01-01,0.5146262,0.5300343
BiLSTM+Attention,val,77.481725_12.894731,2024-01-01,0.48179847,0.49428612
BiLSTM+Attention,val,77.481725_12.944139,2024-01-01,0.5178875,0.5256291
BiLSTM+Attention,val,77.481725_12.971088,2024-01-01,0.39946085,0.41015452
BiLSTM+Attention,val,77.481725_12.980071,2024-01-01,0.4527062,0.46746367
BiLSTM+Attention,val,77.481725_13.024987,2024-01-01,0.43293804,0.4462881
BiLSTM+Attention,val,77.481725_13.03397,2024-01-01,0.41001058,0.42283422
BiLSTM+Attention,val,77.481725_13.096852,2024-01-01,0.51579446,0.5253758
BiLSTM+Attention,val,77.481725_13.137276,2024-01-01,0.5920557,0.6088646
BiLSTM+Attention,val,77.486217_12.764475,2024-01-01,0.54794824,0.5481869
BiLSTM+Attention,val,77.486217_12.872273,2024-01-01,0.4712691,0.48805934
BiLSTM+Attention,val,77.486217_12.939647,2024-01-01,0.5333575,0.5434866
BiLSTM+Attention,val,77.486217_12.998037,2024-01-01,0.42556453,0.44753605
BiLSTM+Attention,val,77.486217_13.042953,2024-01-01,0.48060325,0.49184573
BiLSTM+Attention,val,77.486217_13.06092,2024-01-01,0.49883842,0.52003634
BiLSTM+Attention,val,77.486217_13.114818,2024-01-01,0.43311965,0.4396984
BiLSTM+Attention,val,77.486217_13.11931,2024-01-01,0.45039454,0.45973545
BiLSTM+Attention,val,77.490708_12.768967,2024-01-01,0.5397026,0.54734206
BiLSTM+Attention,val,77.490708_12.8049,2024-01-01,0.5177615,0.54127836
BiLSTM+Attention,val,77.490708_12.849815,2024-01-01,0.5416499,0.56798273
BiLSTM+Attention,val,77.490708_12.89024,2024-01-01,0.47367337,0.48509878
BiLSTM+Attention,val,77.490708_13.051936,2024-01-01,0.5472525,0.56576586
BiLSTM+Attention,val,77.490708_13.087869,2024-01-01,0.48829362,0.50437975
BiLSTM+Attention,val,77.490708_13.092361,2024-01-01,0.48377174,0.49959064
BiLSTM+Attention,val,77.490708_13.096852,2024-01-01,0.51384544,0.52853286
BiLSTM+Attention,val,77.490708_13.182192,2024-01-01,0.53224736,0.5472057
BiLSTM+Attention,val,77.490708_13.209142,2024-01-01,0.4893089,0.50236326
BiLSTM+Attention,val,77.4952_12.786933,2024-01-01,0.5000083,0.5203414
BiLSTM+Attention,val,77.4952_12.836341,2024-01-01,0.4980723,0.5113284
BiLSTM+Attention,val,77.4952_12.899223,2024-01-01,0.520916,0.5354043
BiLSTM+Attention,val,77.4952_12.962105,2024-01-01,0.51748794,0.53183323
BiLSTM+Attention,val,77.4952_13.020495,2024-01-01,0.4753682,0.48919016
BiLSTM+Attention,val,77.4952_13.024987,2024-01-01,0.4649925,0.4817314
BiLSTM+Attention,val,77.4952_13.03397,2024-01-01,0.5182164,0.5347748
BiLSTM+Attention,val,77.4952_13.087869,2024-01-01,0.46255684,0.47341537
BiLSTM+Attention,val,77.4952_13.092361,2024-01-01,0.48900554,0.5043027
BiLSTM+Attention,val,77.4952_13.182192,2024-01-01,0.53180236,0.54776
BiLSTM+Attention,val,77.499692_12.755492,2024-01-01,0.6055842,0.6109784
BiLSTM+Attention,val,77.499692_12.858799,2024-01-01,0.5891409,0.60879
BiLSTM+Attention,val,77.499692_12.899223,2024-01-01,0.5029108,0.5196731
BiLSTM+Attention,val,77.499692_12.984563,2024-01-01,0.4677197,0.48893708
BiLSTM+Attention,val,77.499692_13.114818,2024-01-01,0.45228297,0.45945746
BiLSTM+Attention,val,77.499692_13.137276,2024-01-01,0.44520065,0.45526135
BiLSTM+Attention,val,77.499692_13.168717,2024-01-01,0.5806473,0.6029308
BiLSTM+Attention,val,77.504183_12.764475,2024-01-01,0.6106227,0.6261811
BiLSTM+Attention,val,77.504183_12.786933,2024-01-01,0.5680551,0.5868845
BiLSTM+Attention,val,77.504183_12.818374,2024-01-01,0.5387418,0.55029523
BiLSTM+Attention,val,77.504183_12.854307,2024-01-01,0.53107846,0.54507005
BiLSTM+Attention,val,77.504183_12.858799,2024-01-01,0.58790463,0.6031606
BiLSTM+Attention,val,77.504183_12.953122,2024-01-01,0.49567747,0.5146725
BiLSTM+Attention,val,77.504183_13.083377,2024-01-01,0.52074885,0.53466195
BiLSTM+Attention,val,77.504183_13.141768,2024-01-01,0.52236813,0.5332544
BiLSTM+Attention,val,77.504183_13.159734,2024-01-01,0.61130285,0.62595856
BiLSTM+Attention,val,77.504183_13.195667,2024-01-01,0.46446103,0.47676378
BiLSTM+Attention,val,77.508675_12.751001,2024-01-01,0.6104673,0.61298716
BiLSTM+Attention,val,77.508675_12.795916,2024-01-01,0.5954293,0.6156601
BiLSTM+Attention,val,77.508675_12.831849,2024-01-01,0.5391049,0.5512339
BiLSTM+Attention,val,77.508675_12.836341,2024-01-01,0.56430054,0.57975364
BiLSTM+Attention,val,77.508675_12.845324,2024-01-01,0.5288016,0.5491147
BiLSTM+Attention,val,77.508675_12.903714,2024-01-01,0.45594198,0.46453655
BiLSTM+Attention,val,77.508675_12.912697,2024-01-01,0.50094044,0.51159966
BiLSTM+Attention,val,77.508675_12.917189,2024-01-01,0.5660338,0.57509965
BiLSTM+Attention,val,77.508675_13.114818,2024-01-01,0.41349676,0.418845
BiLSTM+Attention,val,77.508675_13.137276,2024-01-01,0.4716923,0.48262596
BiLSTM+Attention,val,77.508675_13.159734,2024-01-01,0.5968206,0.60806143
BiLSTM+Attention,val,77.508675_13.191175,2024-01-01,0.48872167,0.5024313
BiLSTM+Attention,val,77.513166_12.746509,2024-01-01,0.70775473,0.7273675
BiLSTM+Attention,val,77.513166_12.764475,2024-01-01,0.5740131,0.5753173
BiLSTM+Attention,val,77.513166_12.77795,2024-01-01,0.66710794,0.6872855
BiLSTM+Attention,val,77.513166_12.822866,2024-01-01,0.6129636,0.63211256
BiLSTM+Attention,val,77.513166_12.908206,2024-01-01,0.45907116,0.46958452
BiLSTM+Attention,val,77.513166_13.087869,2024-01-01,0.5234122,0.53352576
BiLSTM+Attention,val,77.513166_13.096852,2024-01-01,0.58727795,0.60433555
BiLSTM+Attention,val,77.513166_13.137276,2024-01-01,0.4374597,0.4429412
BiLSTM+Attention,val,77.513166_13.1777,2024-01-01,0.51565266,0.5271842
BiLSTM+Attention,val,77.517658_12.764475,2024-01-01,0.6198959,0.62176466
BiLSTM+Attention,val,77.517658_12.77795,2024-01-01,0.6424774,0.65848607
BiLSTM+Attention,val,77.517658_12.782442,2024-01-01,0.6413137,0.66234964
BiLSTM+Attention,val,77.517658_12.795916,2024-01-01,0.6036949,0.62395734
BiLSTM+Attention,val,77.517658_12.827358,2024-01-01,0.54026836,0.5492061
BiLSTM+Attention,val,77.517658_12.849815,2024-01-01,0.53517824,0.54900265
BiLSTM+Attention,val,77.517658_12.885748,2024-01-01,0.53101295,0.5525831
BiLSTM+Attention,val,77.517658_12.89024,2024-01-01,0.52253085,0.537693
BiLSTM+Attention,val,77.517658_12.899223,2024-01-01,0.51524514,0.5307786
BiLSTM+Attention,val,77.517658_12.998037,2024-01-01,0.5385141,0.5569664
BiLSTM+Attention,val,77.517658_13.11931,2024-01-01,0.38193536,0.39061058
BiLSTM+Attention,val,77.517658_13.182192,2024-01-01,0.5191,0.53001344
BiLSTM+Attention,val,77.517658_13.186684,2024-01-01,0.5279752,0.5403085
BiLSTM+Attention,val,77.517658_13.191175,2024-01-01,0.47161677,0.48035216
BiLSTM+Attention,val,77.522149_12.751001,2024-01-01,0.65235233,0.66993827
BiLSTM+Attention,val,77.522149_12.755492,2024-01-01,0.6284002,0.6381717
BiLSTM+Attention,val,77.522149_12.759984,2024-01-01,0.66124165,0.67691964
BiLSTM+Attention,val,77.522149_12.782442,2024-01-01,0.6555749,0.6825823
BiLSTM+Attention,val,77.522149_12.809391,2024-01-01,0.7183952,0.7550482
BiLSTM+Attention,val,77.522149_12.813883,2024-01-01,0.533155,0.54880065
BiLSTM+Attention,val,77.522149_12.818374,2024-01-01,0.5189668,0.5284105
BiLSTM+Attention,val,77.522149_12.836341,2024-01-01,0.5302591,0.54504615
BiLSTM+Attention,val,77.522149_12.845324,2024-01-01,0.54616076,0.55829364
BiLSTM+Attention,val,77.522149_13.056428,2024-01-01,0.5494687,0.5628455
BiLSTM+Attention,val,77.522149_13.078886,2024-01-01,0.5240602,0.5413624
BiLSTM+Attention,val,77.522149_13.146259,2024-01-01,0.40121758,0.40815789
BiLSTM+Attention,val,77.522149_13.200158,2024-01-01,0.5102202,0.5186951
BiLSTM+Attention,val,77.526641_12.751001,2024-01-01,0.66435176,0.6790561
BiLSTM+Attention,val,77.526641_12.840832,2024-01-01,0.6005428,0.62031764
BiLSTM+Attention,val,77.526641_12.89024,2024-01-01,0.5669328,0.5888053
BiLSTM+Attention,val,77.526641_12.899223,2024-01-01,0.5385742,0.5562154
BiLSTM+Attention,val,77.526641_13.078886,2024-01-01,0.5379271,0.55581707
BiLSTM+Attention,val,77.526641_13.105835,2024-01-01,0.39365503,0.39802778
BiLSTM+Attention,val,77.526641_13.110327,2024-01-01,0.3895854,0.39727318
BiLSTM+Attention,val,77.531133_12.791425,2024-01-01,0.5587622,0.57790935
BiLSTM+Attention,val,77.531133_12.795916,2024-01-01,0.5981938,0.61459124
BiLSTM+Attention,val,77.531133_12.800408,2024-01-01,0.5738962,0.58600944
BiLSTM+Attention,val,77.531133_12.822866,2024-01-01,0.54776955,0.5583652
BiLSTM+Attention,val,77.531133_12.827358,2024-01-01,0.56058514,0.5782594
BiLSTM+Attention,val,77.531133_12.894731,2024-01-01,0.49085832,0.5045756
BiLSTM+Attention,val,77.531133_13.083377,2024-01-01,0.5065171,0.51855046
BiLSTM+Attention,val,77.531133_13.114818,2024-01-01,0.4012875,0.41685086
BiLSTM+Attention,val,77.531133_13.195667,2024-01-01,0.52262175,0.53896374
BiLSTM+Attention,val,77.535624_12.77795,2024-01-01,0.7022467,0.72696066
BiLSTM+Attention,val,77.535624_12.822866,2024-01-01,0.6507419,0.6782083
BiLSTM+Attention,val,77.535624_12.872273,2024-01-01,0.45572197,0.4701838
BiLSTM+Attention,val,77.535624_12.899223,2024-01-01,0.47182158,0.49070972
BiLSTM+Attention,val,77.535624_13.069903,2024-01-01,0.61030096,0.62324905
BiLSTM+Attention,val,77.535624_13.083377,2024-01-01,0.49912795,0.5132596
BiLSTM+Attention,val,77.535624_13.096852,2024-01-01,0.4399906,0.45390326
BiLSTM+Attention,val,77.535624_13.114818,2024-01-01,0.4269762,0.44430158
BiLSTM+Attention,val,77.535624_13.132785,2024-01-01,0.45222214,0.46796024
BiLSTM+Attention,val,77.535624_13.137276,2024-01-01,0.39448327,0.39964962
BiLSTM+Attention,val,77.535624_13.195667,2024-01-01,0.4647112,0.4716648
BiLSTM+Attention,val,77.540116_12.77795,2024-01-01,0.60190386,0.6165092
BiLSTM+Attention,val,77.540116_12.795916,2024-01-01,0.6182376,0.6389689
BiLSTM+Attention,val,77.540116_13.042953,2024-01-01,0.5393341,0.551886
BiLSTM+Attention,val,77.540116_13.074394,2024-01-01,0.5575354,0.5670914
BiLSTM+Attention,val,77.540116_13.092361,2024-01-01,0.3979857,0.40575546
BiLSTM+Attention,val,77.540116_13.101344,2024-01-01,0.42788693,0.4358673
BiLSTM+Attention,val,77.540116_13.105835,2024-01-01,0.43817067,0.45512205
BiLSTM+Attention,val,77.540116_13.114818,2024-01-01,0.3990609,0.4121085
BiLSTM+Attention,val,77.540116_13.132785,2024-01-01,0.43744382,0.4563977
BiLSTM+Attention,val,77.540116_13.155243,2024-01-01,0.4636886,0.47296816
BiLSTM+Attention,val,77.540116_13.182192,2024-01-01,0.4299937,0.44327953
BiLSTM+Attention,val,77.544607_12.831849,2024-01-01,0.7084602,0.73769665
BiLSTM+Attention,val,77.544607_13.218125,2024-01-01,0.5157916,0.5327985
BiLSTM+Attention,val,77.549099_12.822866,2024-01-01,0.72865766,0.7518864
BiLSTM+Attention,val,77.549099_12.831849,2024-01-01,0.64165306,0.6668526
BiLSTM+Attention,val,77.549099_12.836341,2024-01-01,0.6138686,0.62712634
BiLSTM+Attention,val,77.549099_12.845324,2024-01-01,0.5964667,0.6218343
BiLSTM+Attention,val,77.549099_12.867782,2024-01-01,0.5209401,0.544688
BiLSTM+Attention,val,77.549099_12.876765,2024-01-01,0.4868925,0.505927
BiLSTM+Attention,val,77.549099_12.894731,2024-01-01,0.5668092,0.5850021
BiLSTM+Attention,val,77.549099_13.096852,2024-01-01,0.46478555,0.47899944
BiLSTM+Attention,val,77.549099_13.132785,2024-01-01,0.56877005,0.58677644
BiLSTM+Attention,val,77.55359_12.71956,2024-01-01,0.73975146,0.7654147
BiLSTM+Attention,val,77.55359_12.782442,2024-01-01,0.6732256,0.69703555
BiLSTM+Attention,val,77.55359_12.849815,2024-01-01,0.5908142,0.6165098
BiLSTM+Attention,val,77.55359_12.872273,2024-01-01,0.47804436,0.50545084
BiLSTM+Attention,val,77.55359_13.069903,2024-01-01,0.675762,0.68967557
BiLSTM+Attention,val,77.55359_13.101344,2024-01-01,0.4204025,0.42995077
BiLSTM+Attention,val,77.55359_13.110327,2024-01-01,0.47595927,0.49375552
BiLSTM+Attention,val,77.55359_13.128293,2024-01-01,0.54765475,0.56696105
BiLSTM+Attention,val,77.55359_13.168717,2024-01-01,0.4747775,0.49405885
BiLSTM+Attention,val,77.55359_13.173209,2024-01-01,0.3980031,0.41653538
BiLSTM+Attention,val,77.558082_12.710577,2024-01-01,0.76773936,0.8042941
BiLSTM+Attention,val,77.558082_12.827358,2024-01-01,0.6592206,0.68091613
BiLSTM+Attention,val,77.558082_12.845324,2024-01-01,0.63775676,0.662977
BiLSTM+Attention,val,77.558082_13.042953,2024-01-01,0.616983,0.6275527
BiLSTM+Attention,val,77.558082_13.051936,2024-01-01,0.6471923,0.66117203
BiLSTM+Attention,val,77.558082_13.110327,2024-01-01,0.4841607,0.5006391
BiLSTM+Attention,val,77.558082_13.168717,2024-01-01,0.48846632,0.5073868
BiLSTM+Attention,val,77.558082_13.1777,2024-01-01,0.47010797,0.4840334
BiLSTM+Attention,val,77.562574_12.71956,2024-01-01,0.74200034,0.7760426
BiLSTM+Attention,val,77.562574_12.827358,2024-01-01,0.6666097,0.67562443
BiLSTM+Attention,val,77.562574_12.858799,2024-01-01,0.48740485,0.5055493
BiLSTM+Attention,val,77.562574_12.872273,2024-01-01,0.56968933,0.5902811
BiLSTM+Attention,val,77.562574_12.876765,2024-01-01,0.59251726,0.6096013
BiLSTM+Attention,val,77.562574_13.141768,2024-01-01,0.46252617,0.47411293
BiLSTM+Attention,val,77.562574_13.159734,2024-01-01,0.49097016,0.5085524
BiLSTM+Attention,val,77.562574_13.173209,2024-01-01,0.49762982,0.5134933
BiLSTM+Attention,val,77.567065_12.724051,2024-01-01,0.6902979,0.70987606
BiLSTM+Attention,val,77.567065_12.813883,2024-01-01,0.64972657,0.67527896
BiLSTM+Attention,val,77.567065_12.849815,2024-01-01,0.6337352,0.6550665
BiLSTM+Attention,val,77.567065_13.105835,2024-01-01,0.54672915,0.5619487
BiLSTM+Attention,val,77.567065_13.114818,2024-01-01,0.59217805,0.60349804
BiLSTM+Attention,val,77.567065_13.182192,2024-01-01,0.49417642,0.5133371
BiLSTM+Attention,val,77.571557_12.71956,2024-01-01,0.7249272,0.758519
BiLSTM+Attention,val,77.571557_12.800408,2024-01-01,0.64764327,0.6653959
BiLSTM+Attention,val,77.571557_12.813883,2024-01-01,0.7187788,0.74266106
BiLSTM+Attention,val,77.571557_12.849815,2024-01-01,0.6375264,0.6558889
BiLSTM+Attention,val,77.571557_13.141768,2024-01-01,0.46669233,0.48101026
BiLSTM+Attention,val,77.571557_13.146259,2024-01-01,0.4700672,0.48786378
BiLSTM+Attention,val,77.576048_12.71956,2024-01-01,0.69114035,0.72187537
BiLSTM+Attention,val,77.576048_12.728543,2024-01-01,0.68846864,0.7011922
BiLSTM+Attention,val,77.576048_12.742018,2024-01-01,0.6857348,0.718984
BiLSTM+Attention,val,77.576048_12.813883,2024-01-01,0.73835963,0.7618549
BiLSTM+Attention,val,77.576048_12.827358,2024-01-01,0.6232639,0.63512
BiLSTM+Attention,val,77.58054_12.800408,2024-01-01,0.68684316,0.71194404
BiLSTM+Attention,val,77.58054_12.845324,2024-01-01,0.6398864,0.65367645
BiLSTM+Attention,val,77.58054_13.083377,2024-01-01,0.5096646,0.51997465
BiLSTM+Attention,val,77.58054_13.087869,2024-01-01,0.4836605,0.4931627
BiLSTM+Attention,val,77.585031_12.849815,2024-01-01,0.6373303,0.6545871
BiLSTM+Attention,val,77.585031_13.042953,2024-01-01,0.645439,0.6495494
BiLSTM+Attention,val,77.585031_13.137276,2024-01-01,0.47374207,0.4899723
BiLSTM+Attention,val,77.589523_12.71956,2024-01-01,0.79801315,0.8210109
BiLSTM+Attention,val,77.589523_12.746509,2024-01-01,0.6868007,0.7073382
BiLSTM+Attention,val,77.589523_12.854307,2024-01-01,0.58501786,0.60475934
BiLSTM+Attention,val,77.589523_12.971088,2024-01-01,0.7071015,0.7147951
BiLSTM+Attention,val,77.589523_13.083377,2024-01-01,0.5934651,0.5997171
BiLSTM+Attention,val,77.589523_13.150751,2024-01-01,0.47922042,0.49611044
BiLSTM+Attention,val,77.594015_12.724051,2024-01-01,0.7764149,0.7925634
BiLSTM+Attention,val,77.594015_12.733034,2024-01-01,0.7471264,0.7695448
BiLSTM+Attention,val,77.594015_12.755492,2024-01-01,0.6490649,0.67407656
BiLSTM+Attention,val,77.594015_12.831849,2024-01-01,0.5998198,0.61382115
BiLSTM+Attention,val,77.594015_12.836341,2024-01-01,0.6194697,0.6460397
BiLSTM+Attention,val,77.594015_12.840832,2024-01-01,0.61999404,0.6458979
BiLSTM+Attention,val,77.594015_12.849815,2024-01-01,0.6108336,0.63732225
BiLSTM+Attention,val,77.594015_12.998037,2024-01-01,0.7009636,0.71491647
BiLSTM+Attention,val,77.594015_13.087869,2024-01-01,0.5781389,0.58315206
BiLSTM+Attention,val,77.598506_12.665661,2024-01-01,0.77758425,0.81513095
BiLSTM+Attention,val,77.598506_12.710577,2024-01-01,0.70568335,0.71267205
BiLSTM+Attention,val,77.598506_12.822866,2024-01-01,0.62464815,0.6469765
BiLSTM+Attention,val,77.598506_12.849815,2024-01-01,0.65080154,0.6800893
BiLSTM+Attention,val,77.598506_13.083377,2024-01-01,0.57115394,0.5765669
BiLSTM+Attention,val,77.598506_13.128293,2024-01-01,0.5351888,0.55701363
BiLSTM+Attention,val,77.598506_13.141768,2024-01-01,0.44896862,0.47232348
BiLSTM+Attention,val,77.598506_13.146259,2024-01-01,0.42893246,0.4524082
BiLSTM+Attention,val,77.602998_12.710577,2024-01-01,0.7425635,0.7647326
BiLSTM+Attention,val,77.602998_12.827358,2024-01-01,0.54041857,0.55797356
BiLSTM+Attention,val,77.602998_12.849815,2024-01-01,0.55062395,0.57942855
BiLSTM+Attention,val,77.602998_12.858799,2024-01-01,0.55940723,0.58693093
BiLSTM+Attention,val,77.602998_13.114818,2024-01-01,0.56278837,0.5730782
BiLSTM+Attention,val,77.602998_13.11931,2024-01-01,0.5565337,0.57472026
BiLSTM+Attention,val,77.602998_13.128293,2024-01-01,0.50343,0.52650195
BiLSTM+Attention,val,77.602998_13.164226,2024-01-01,0.46308655,0.48284996
BiLSTM+Attention,val,77.607489_12.768967,2024-01-01,0.6121653,0.6310905
BiLSTM+Attention,val,77.607489_12.773459,2024-01-01,0.58569556,0.6046112
BiLSTM+Attention,val,77.607489_12.791425,2024-01-01,0.57375324,0.5873169
BiLSTM+Attention,val,77.607489_12.809391,2024-01-01,0.660294,0.68631005
BiLSTM+Attention,val,77.607489_12.818374,2024-01-01,0.6902476,0.7110561
BiLSTM+Attention,val,77.607489_13.087869,2024-01-01,0.6670318,0.67663646
BiLSTM+Attention,val,77.611981_12.674644,2024-01-01,0.77302855,0.80216444
BiLSTM+Attention,val,77.611981_12.768967,2024-01-01,0.5684782,0.5911821
BiLSTM+Attention,val,77.611981_12.831849,2024-01-01,0.5781404,0.5900437
BiLSTM+Attention,val,77.611981_12.867782,2024-01-01,0.5327927,0.554629
BiLSTM+Attention,val,77.611981_12.953122,2024-01-01,0.7090452,0.72263783
BiLSTM+Attention,val,77.611981_13.105835,2024-01-01,0.53388,0.5563589
BiLSTM+Attention,val,77.611981_13.168717,2024-01-01,0.438319,0.45505923
BiLSTM+Attention,val,77.611981_13.182192,2024-01-01,0.41131002,0.42579922
BiLSTM+Attention,val,77.616473_12.831849,2024-01-01,0.6194167,0.63937765
BiLSTM+Attention,val,77.616473_12.858799,2024-01-01,0.54387087,0.56368726
BiLSTM+Attention,val,77.616473_13.114818,2024-01-01,0.56042176,0.5799122
BiLSTM+Attention,val,77.616473_13.141768,2024-01-01,0.48636276,0.5030142
BiLSTM+Attention,val,77.616473_13.1777,2024-01-01,0.4042431,0.42159075
BiLSTM+Attention,val,77.620964_12.674644,2024-01-01,0.78003067,0.8111003
BiLSTM+Attention,val,77.620964_12.795916,2024-01-01,0.5224016,0.5441378
BiLSTM+Attention,val,77.620964_12.813883,2024-01-01,0.51367056,0.5356799
BiLSTM+Attention,val,77.620964_12.845324,2024-01-01,0.6551735,0.6730631
BiLSTM+Attention,val,77.620964_12.858799,2024-01-01,0.5251057,0.54904896
BiLSTM+Attention,val,77.620964_13.132785,2024-01-01,0.5379316,0.55328614
BiLSTM+Attention,val,77.625456_12.782442,2024-01-01,0.5514965,0.57936114
BiLSTM+Attention,val,77.625456_12.858799,2024-01-01,0.49059892,0.5091481
BiLSTM+Attention,val,77.625456_13.065411,2024-01-01,0.43368143,0.43719923
BiLSTM+Attention,val,77.625456_13.128293,2024-01-01,0.5416657,0.56104565
BiLSTM+Attention,val,77.625456_13.137276,2024-01-01,0.47635525,0.49314678
BiLSTM+Attention,val,77.625456_13.155243,2024-01-01,0.59631664,0.62015796
BiLSTM+Attention,val,77.625456_13.182192,2024-01-01,0.43872586,0.45692968
BiLSTM+Attention,val,77.629947_12.795916,2024-01-01,0.7309789,0.7613671
BiLSTM+Attention,val,77.629947_12.809391,2024-01-01,0.5360569,0.55233085
BiLSTM+Attention,val,77.629947_12.836341,2024-01-01,0.5951797,0.6121342
BiLSTM+Attention,val,77.629947_12.854307,2024-01-01,0.5442678,0.55439603
BiLSTM+Attention,val,77.629947_12.858799,2024-01-01,0.51266986,0.5314895
BiLSTM+Attention,val,77.629947_13.06092,2024-01-01,0.45692384,0.46325195
BiLSTM+Attention,val,77.629947_13.087869,2024-01-01,0.4572263,0.4643064
BiLSTM+Attention,val,77.629947_13.1777,2024-01-01,0.46602455,0.483859
BiLSTM+Attention,val,77.634439_12.679136,2024-01-01,0.72482175,0.74862343
BiLSTM+Attention,val,77.634439_12.701593,2024-01-01,0.67135274,0.69402796
BiLSTM+Attention,val,77.634439_12.733034,2024-01-01,0.5268492,0.5456662
BiLSTM+Attention,val,77.634439_12.746509,2024-01-01,0.56077284,0.5815518
BiLSTM+Attention,val,77.634439_12.751001,2024-01-01,0.5568401,0.5702308
BiLSTM+Attention,val,77.634439_12.849815,2024-01-01,0.54975426,0.5705945
BiLSTM+Attention,val,77.634439_13.047445,2024-01-01,0.5173794,0.52808475
BiLSTM+Attention,val,77.634439_13.083377,2024-01-01,0.41946605,0.42560148
BiLSTM+Attention,val,77.634439_13.137276,2024-01-01,0.43473434,0.44421536
BiLSTM+Attention,val,77.63893_12.688119,2024-01-01,0.66431814,0.68850285
BiLSTM+Attention,val,77.63893_12.742018,2024-01-01,0.5762223,0.59215325
BiLSTM+Attention,val,77.63893_12.791425,2024-01-01,0.56933343,0.59566957
BiLSTM+Attention,val,77.63893_12.800408,2024-01-01,0.52311856,0.5419186
BiLSTM+Attention,val,77.63893_12.818374,2024-01-01,0.5432839,0.5552895
BiLSTM+Attention,val,77.63893_12.840832,2024-01-01,0.62148017,0.64695394
BiLSTM+Attention,val,77.63893_12.872273,2024-01-01,0.46537498,0.4823339
BiLSTM+Attention,val,77.63893_12.917189,2024-01-01,0.7070841,0.7340379
BiLSTM+Attention,val,77.63893_12.989054,2024-01-01,0.61761385,0.6379337
BiLSTM+Attention,val,77.63893_13.056428,2024-01-01,0.47817817,0.492738
BiLSTM+Attention,val,77.63893_13.078886,2024-01-01,0.42494962,0.4339165
BiLSTM+Attention,val,77.63893_13.083377,2024-01-01,0.4137319,0.41853082
BiLSTM+Attention,val,77.63893_13.1777,2024-01-01,0.44744435,0.4652856
BiLSTM+Attention,val,77.643422_12.795916,2024-01-01,0.5456242,0.56747544
BiLSTM+Attention,val,77.643422_12.800408,2024-01-01,0.5280447,0.54735804
BiLSTM+Attention,val,77.643422_12.809391,2024-01-01,0.55535406,0.5782437
BiLSTM+Attention,val,77.643422_12.867782,2024-01-01,0.5036536,0.5227515
BiLSTM+Attention,val,77.643422_13.002529,2024-01-01,0.5430229,0.5682073
BiLSTM+Attention,val,77.643422_13.038462,2024-01-01,0.5411131,0.5530166
BiLSTM+Attention,val,77.643422_13.164226,2024-01-01,0.5536771,0.5655713
BiLSTM+Attention,val,77.647914_12.688119,2024-01-01,0.70322967,0.72904545
BiLSTM+Attention,val,77.647914_12.733034,2024-01-01,0.55949885,0.58073187
BiLSTM+Attention,val,77.647914_12.881256,2024-01-01,0.51843494,0.54338175
BiLSTM+Attention,val,77.647914_12.935155,2024-01-01,0.6538899,0.66938394
BiLSTM+Attention,val,77.647914_13.141768,2024-01-01,0.58474505,0.6053499
BiLSTM+Attention,val,77.647914_13.168717,2024-01-01,0.62369,0.64756835
BiLSTM+Attention,val,77.652405_12.697102,2024-01-01,0.6681273,0.69420874
BiLSTM+Attention,val,77.652405_12.773459,2024-01-01,0.5319114,0.55288416
BiLSTM+Attention,val,77.652405_12.795916,2024-01-01,0.5067878,0.51920223
BiLSTM+Attention,val,77.652405_12.8049,2024-01-01,0.56239057,0.5873656
BiLSTM+Attention,val,77.652405_12.858799,2024-01-01,0.65523267,0.6754484
BiLSTM+Attention,val,77.652405_12.926172,2024-01-01,0.6431984,0.6652971
BiLSTM+Attention,val,77.652405_13.002529,2024-01-01,0.53162247,0.5544516
BiLSTM+Attention,val,77.656897_12.742018,2024-01-01,0.58683753,0.607638
BiLSTM+Attention,val,77.656897_12.746509,2024-01-01,0.56680137,0.585264
BiLSTM+Attention,val,77.656897_12.768967,2024-01-01,0.5829369,0.6045936
BiLSTM+Attention,val,77.656897_12.791425,2024-01-01,0.5250633,0.54942805
BiLSTM+Attention,val,77.656897_12.800408,2024-01-01,0.5775139,0.6018133
BiLSTM+Attention,val,77.656897_12.831849,2024-01-01,0.5834277,0.5991383
BiLSTM+Attention,val,77.656897_12.849815,2024-01-01,0.47595873,0.49219048
BiLSTM+Attention,val,77.656897_12.939647,2024-01-01,0.58865845,0.6094418
BiLSTM+Attention,val,77.656897_13.101344,2024-01-01,0.4445394,0.45898145
BiLSTM+Attention,val,77.656897_13.164226,2024-01-01,0.45620364,0.47656906
BiLSTM+Attention,val,77.656897_13.173209,2024-01-01,0.4280236,0.43995142
BiLSTM+Attention,val,77.661388_12.737526,2024-01-01,0.58967125,0.6087913
BiLSTM+Attention,val,77.661388_12.759984,2024-01-01,0.5967592,0.6201747
BiLSTM+Attention,val,77.661388_13.056428,2024-01-01,0.49885368,0.50605553
BiLSTM+Attention,val,77.661388_13.074394,2024-01-01,0.5000131,0.5091009
BiLSTM+Attention,val,77.661388_13.087869,2024-01-01,0.45251864,0.4658969
BiLSTM+Attention,val,77.661388_13.101344,2024-01-01,0.440414,0.45402753
BiLSTM+Attention,val,77.661388_13.110327,2024-01-01,0.5023263,0.51750654
BiLSTM+Attention,val,77.661388_13.11931,2024-01-01,0.55573595,0.5724467
BiLSTM+Attention,val,77.66588_12.679136,2024-01-01,0.6568149,0.67105013
BiLSTM+Attention,val,77.66588_12.697102,2024-01-01,0.62220937,0.6363532
BiLSTM+Attention,val,77.66588_12.715068,2024-01-01,0.59882605,0.6221688
BiLSTM+Attention,val,77.66588_12.724051,2024-01-01,0.59310275,0.62314093
BiLSTM+Attention,val,77.66588_12.751001,2024-01-01,0.55677146,0.5730943
BiLSTM+Attention,val,77.66588_12.755492,2024-01-01,0.60031515,0.6237889
BiLSTM+Attention,val,77.66588_12.764475,2024-01-01,0.578518,0.6027483
BiLSTM+Attention,val,77.66588_12.768967,2024-01-01,0.7069628,0.7380208
BiLSTM+Attention,val,77.66588_12.791425,2024-01-01,0.61387056,0.64496857
BiLSTM+Attention,val,77.66588_12.953122,2024-01-01,0.609643,0.6145489
BiLSTM+Attention,val,77.66588_13.038462,2024-01-01,0.5105966,0.5167555
BiLSTM+Attention,val,77.66588_13.051936,2024-01-01,0.5364767,0.5457095
BiLSTM+Attention,val,77.66588_13.173209,2024-01-01,0.4347313,0.4518515
BiLSTM+Attention,val,77.670371_12.71956,2024-01-01,0.5919068,0.6170458
BiLSTM+Attention,val,77.670371_12.86329,2024-01-01,0.5100502,0.5394864
BiLSTM+Attention,val,77.670371_12.881256,2024-01-01,0.50094765,0.52061844
BiLSTM+Attention,val,77.670371_12.894731,2024-01-01,0.44824773,0.4606099
BiLSTM+Attention,val,77.670371_13.069903,2024-01-01,0.44019008,0.44632325
BiLSTM+Attention,val,77.670371_13.083377,2024-01-01,0.40111074,0.4125295
BiLSTM+Attention,val,77.670371_13.092361,2024-01-01,0.40445086,0.4209711
BiLSTM+Attention,val,77.670371_13.128293,2024-01-01,0.4862289,0.49906296
BiLSTM+Attention,val,77.674863_12.674644,2024-01-01,0.6947373,0.72618103
BiLSTM+Attention,val,77.674863_12.71956,2024-01-01,0.60106564,0.62209713
BiLSTM+Attention,val,77.674863_12.755492,2024-01-01,0.544439,0.5589894
BiLSTM+Attention,val,77.674863_12.764475,2024-01-01,0.5590217,0.5806469
BiLSTM+Attention,val,77.674863_12.786933,2024-01-01,0.58820844,0.6100605
BiLSTM+Attention,val,77.674863_12.836341,2024-01-01,0.5327039,0.5509552
BiLSTM+Attention,val,77.674863_12.867782,2024-01-01,0.6844375,0.6988984
BiLSTM+Attention,val,77.674863_13.051936,2024-01-01,0.54531145,0.5546096
BiLSTM+Attention,val,77.674863_13.069903,2024-01-01,0.42222223,0.42896235
BiLSTM+Attention,val,77.674863_13.092361,2024-01-01,0.4242274,0.442675
BiLSTM+Attention,val,77.674863_13.105835,2024-01-01,0.4791955,0.49573523
BiLSTM+Attention,val,77.679355_12.697102,2024-01-01,0.56776476,0.5805638
BiLSTM+Attention,val,77.679355_12.746509,2024-01-01,0.656202,0.67814237
BiLSTM+Attention,val,77.679355_12.881256,2024-01-01,0.52681786,0.5533387
BiLSTM+Attention,val,77.679355_12.89024,2024-01-01,0.5398008,0.56009704
BiLSTM+Attention,val,77.679355_12.899223,2024-01-01,0.46117878,0.47510076
BiLSTM+Attention,val,77.679355_13.047445,2024-01-01,0.72260845,0.74155813
BiLSTM+Attention,val,77.679355_13.056428,2024-01-01,0.5171116,0.5272038
BiLSTM+Attention,val,77.679355_13.074394,2024-01-01,0.44098863,0.4503417
BiLSTM+Attention,val,77.679355_13.101344,2024-01-01,0.44228023,0.46313447
BiLSTM+Attention,val,77.679355_13.141768,2024-01-01,0.47663414,0.4937637
BiLSTM+Attention,val,77.679355_13.155243,2024-01-01,0.40452114,0.41587716
BiLSTM+Attention,val,77.679355_13.159734,2024-01-01,0.42890152,0.44190818
BiLSTM+Attention,val,77.683846_12.728543,2024-01-01,0.58676505,0.5981728
BiLSTM+Attention,val,77.683846_12.742018,2024-01-01,0.5224307,0.5415189
BiLSTM+Attention,val,77.683846_12.755492,2024-01-01,0.69846356,0.734598
BiLSTM+Attention,val,77.683846_12.795916,2024-01-01,0.5665572,0.58399224
BiLSTM+Attention,val,77.683846_12.8049,2024-01-01,0.5254593,0.54955494
BiLSTM+Attention,val,77.683846_12.836341,2024-01-01,0.5769938,0.59743905
BiLSTM+Attention,val,77.683846_12.840832,2024-01-01,0.5853523,0.6025437
BiLSTM+Attention,val,77.683846_12.894731,2024-01-01,0.5535064,0.57385606
BiLSTM+Attention,val,77.683846_12.917189,2024-01-01,0.4671883,0.47262365
BiLSTM+Attention,val,77.683846_12.939647,2024-01-01,0.70354366,0.7305622
BiLSTM+Attention,val,77.683846_13.029478,2024-01-01,0.39647597,0.4045409
BiLSTM+Attention,val,77.683846_13.06092,2024-01-01,0.48997083,0.5011211
BiLSTM+Attention,val,77.683846_13.074394,2024-01-01,0.4085407,0.4177953
BiLSTM+Attention,val,77.683846_13.11931,2024-01-01,0.3881118,0.3994704
BiLSTM+Attention,val,77.683846_13.123802,2024-01-01,0.43645802,0.45301062
BiLSTM+Attention,val,77.688338_12.656678,2024-01-01,0.7054597,0.7349475
BiLSTM+Attention,val,77.688338_12.69261,2024-01-01,0.74818605,0.77252144
BiLSTM+Attention,val,77.688338_12.697102,2024-01-01,0.7535567,0.7720201
BiLSTM+Attention,val,77.688338_12.710577,2024-01-01,0.75089157,0.7826459
BiLSTM+Attention,val,77.688338_12.751001,2024-01-01,0.59846956,0.62597775
BiLSTM+Attention,val,77.688338_12.755492,2024-01-01,0.5709237,0.59670585
BiLSTM+Attention,val,77.688338_12.876765,2024-01-01,0.7426591,0.76313925
BiLSTM+Attention,val,77.688338_12.885748,2024-01-01,0.56575906,0.591083
BiLSTM+Attention,val,77.688338_12.966596,2024-01-01,0.5808853,0.6067169
BiLSTM+Attention,val,77.692829_12.746509,2024-01-01,0.49947193,0.518353
BiLSTM+Attention,val,77.692829_12.800408,2024-01-01,0.52863604,0.5417729
BiLSTM+Attention,val,77.692829_12.845324,2024-01-01,0.594663,0.61730576
BiLSTM+Attention,val,77.692829_12.885748,2024-01-01,0.591383,0.6107242
BiLSTM+Attention,val,77.692829_12.899223,2024-01-01,0.5164988,0.5297234
BiLSTM+Attention,val,77.692829_13.047445,2024-01-01,0.6954844,0.7255166
BiLSTM+Attention,val,77.692829_13.06092,2024-01-01,0.585043,0.5979248
BiLSTM+Attention,val,77.692829_13.065411,2024-01-01,0.53831065,0.5523529
BiLSTM+Attention,val,77.692829_13.083377,2024-01-01,0.40540347,0.41877633
BiLSTM+Attention,val,77.692829_13.096852,2024-01-01,0.3872511,0.39891368
BiLSTM+Attention,val,77.692829_13.132785,2024-01-01,0.36637726,0.37910742
BiLSTM+Attention,val,77.692829_13.155243,2024-01-01,0.4056518,0.4186037
BiLSTM+Attention,val,77.697321_12.697102,2024-01-01,0.75635916,0.7842455
BiLSTM+Attention,val,77.697321_12.751001,2024-01-01,0.56318784,0.5855861
BiLSTM+Attention,val,77.697321_12.773459,2024-01-01,0.5304932,0.5475024
BiLSTM+Attention,val,77.697321_12.791425,2024-01-01,0.61355776,0.64273345
BiLSTM+Attention,val,77.697321_12.885748,2024-01-01,0.5948154,0.6155908
BiLSTM+Attention,val,77.697321_12.894731,2024-01-01,0.5319315,0.53862494
BiLSTM+Attention,val,77.697321_12.930664,2024-01-01,0.55159473,0.5707495
BiLSTM+Attention,val,77.697321_12.966596,2024-01-01,0.55616546,0.5797699
BiLSTM+Attention,val,77.697321_13.132785,2024-01-01,0.36637726,0.37939018
BiLSTM+Attention,val,77.697321_13.150751,2024-01-01,0.42138234,0.4317729
BiLSTM+Attention,val,77.697321_13.1777,2024-01-01,0.51504964,0.538917
BiLSTM+Attention,val,77.701812_12.742018,2024-01-01,0.5655994,0.57749254
BiLSTM+Attention,val,77.701812_12.77795,2024-01-01,0.5319705,0.55224645
BiLSTM+Attention,val,77.701812_12.8049,2024-01-01,0.60256153,0.6308314
BiLSTM+Attention,val,77.701812_12.822866,2024-01-01,0.57218003,0.59352034
BiLSTM+Attention,val,77.701812_12.872273,2024-01-01,0.5273116,0.5506937
BiLSTM+Attention,val,77.701812_12.984563,2024-01-01,0.48754248,0.50015366
BiLSTM+Attention,val,77.701812_13.03397,2024-01-01,0.45797443,0.47234696
BiLSTM+Attention,val,77.701812_13.114818,2024-01-01,0.45087057,0.47455567
BiLSTM+Attention,val,77.701812_13.164226,2024-01-01,0.447294,0.46177542
BiLSTM+Attention,val,77.706304_12.746509,2024-01-01,0.5788226,0.5925598
BiLSTM+Attention,val,77.706304_12.751001,2024-01-01,0.5855574,0.6094573
BiLSTM+Attention,val,77.706304_12.759984,2024-01-01,0.5023525,0.52388376
BiLSTM+Attention,val,77.706304_12.764475,2024-01-01,0.53981197,0.5621289
BiLSTM+Attention,val,77.706304_12.86329,2024-01-01,0.47915077,0.49664146
BiLSTM+Attention,val,77.706304_12.984563,2024-01-01,0.49485955,0.5062906
BiLSTM+Attention,val,77.706304_13.038462,2024-01-01,0.46468863,0.4746675
BiLSTM+Attention,val,77.706304_13.042953,2024-01-01,0.51620036,0.5256921
BiLSTM+Attention,val,77.706304_13.137276,2024-01-01,0.6139174,0.64561236
BiLSTM+Attention,val,77.710796_12.715068,2024-01-01,0.63383234,0.662815
BiLSTM+Attention,val,77.710796_12.894731,2024-01-01,0.60967463,0.63907677
BiLSTM+Attention,val,77.710796_12.899223,2024-01-01,0.55879754,0.58285326
BiLSTM+Attention,val,77.710796_12.912697,2024-01-01,0.4931423,0.49984932
BiLSTM+Attention,val,77.710796_13.03397,2024-01-01,0.44957477,0.4627236
BiLSTM+Attention,val,77.710796_13.11931,2024-01-01,0.42172375,0.4399083
BiLSTM+Attention,val,77.710796_13.123802,2024-01-01,0.3911162,0.40632415
BiLSTM+Attention,val,77.710796_13.132785,2024-01-01,0.41905078,0.43012995
BiLSTM+Attention,val,77.710796_13.150751,2024-01-01,0.39817405,0.41162258
BiLSTM+Attention,val,77.710796_13.168717,2024-01-01,0.4667388,0.48299664
BiLSTM+Attention,val,77.710796_13.173209,2024-01-01,0.4753539,0.4980023
BiLSTM+Attention,val,77.715287_12.679136,2024-01-01,0.6916948,0.72892773
BiLSTM+Attention,val,77.715287_12.742018,2024-01-01,0.56655544,0.5797988
BiLSTM+Attention,val,77.715287_12.773459,2024-01-01,0.53156245,0.5473933
BiLSTM+Attention,val,77.715287_12.822866,2024-01-01,0.59102637,0.6041232
BiLSTM+Attention,val,77.715287_12.827358,2024-01-01,0.5592808,0.57218087
BiLSTM+Attention,val,77.715287_12.845324,2024-01-01,0.50702107,0.52506703
BiLSTM+Attention,val,77.715287_12.885748,2024-01-01,0.5780767,0.59668326
BiLSTM+Attention,val,77.715287_12.899223,2024-01-01,0.47476357,0.49405432
BiLSTM+Attention,val,77.715287_12.939647,2024-01-01,0.7175248,0.7454767
BiLSTM+Attention,val,77.715287_12.944139,2024-01-01,0.746355,0.77614623
BiLSTM+Attention,val,77.715287_12.94863,2024-01-01,0.5935937,0.6155788
BiLSTM+Attention,val,77.715287_13.016004,2024-01-01,0.53016436,0.55483913
BiLSTM+Attention,val,77.715287_13.029478,2024-01-01,0.41163558,0.42439583
BiLSTM+Attention,val,77.715287_13.038462,2024-01-01,0.5342802,0.55438435
BiLSTM+Attention,val,77.715287_13.051936,2024-01-01,0.5226746,0.53822476
BiLSTM+Attention,val,77.715287_13.056428,2024-01-01,0.45589158,0.463412
BiLSTM+Attention,val,77.715287_13.096852,2024-01-01,0.35036558,0.36380485
BiLSTM+Attention,val,77.715287_13.114818,2024-01-01,0.4867737,0.5075756
BiLSTM+Attention,val,77.715287_13.128293,2024-01-01,0.43163902,0.44404125
BiLSTM+Attention,val,77.719779_12.706085,2024-01-01,0.6495483,0.6766566
BiLSTM+Attention,val,77.719779_12.746509,2024-01-01,0.6893687,0.7124518
BiLSTM+Attention,val,77.719779_12.795916,2024-01-01,0.5506022,0.5751002
BiLSTM+Attention,val,77.719779_12.840832,2024-01-01,0.5879689,0.6143156
BiLSTM+Attention,val,77.719779_12.903714,2024-01-01,0.47253394,0.4888624
BiLSTM+Attention,val,77.719779_13.069903,2024-01-01,0.42082435,0.4305126
BiLSTM+Attention,val,77.719779_13.105835,2024-01-01,0.4448812,0.4599837
BiLSTM+Attention,val,77.719779_13.123802,2024-01-01,0.40192103,0.41417032
BiLSTM+Attention,val,77.719779_13.137276,2024-01-01,0.40743068,0.42284188
BiLSTM+Attention,val,77.719779_13.155243,2024-01-01,0.39870146,0.41653794
BiLSTM+Attention,val,77.72427_12.674644,2024-01-01,0.5985841,0.6171162
BiLSTM+Attention,val,77.72427_12.697102,2024-01-01,0.5259107,0.5466321
BiLSTM+Attention,val,77.72427_12.701593,2024-01-01,0.5527949,0.572713
BiLSTM+Attention,val,77.72427_12.724051,2024-01-01,0.5980808,0.6131584
BiLSTM+Attention,val,77.72427_12.786933,2024-01-01,0.5746861,0.5918326
BiLSTM+Attention,val,77.72427_12.791425,2024-01-01,0.5730941,0.5953951
BiLSTM+Attention,val,77.72427_12.840832,2024-01-01,0.5676208,0.58740735
BiLSTM+Attention,val,77.72427_12.867782,2024-01-01,0.5121291,0.53442013
BiLSTM+Attention,val,77.72427_12.885748,2024-01-01,0.54846174,0.56744117
BiLSTM+Attention,val,77.72427_13.024987,2024-01-01,0.7199199,0.7468195
BiLSTM+Attention,val,77.72427_13.06092,2024-01-01,0.43900377,0.4524588
BiLSTM+Attention,val,77.72427_13.074394,2024-01-01,0.44879076,0.46143395
BiLSTM+Attention,val,77.728762_12.706085,2024-01-01,0.6236884,0.6561172
BiLSTM+Attention,val,77.728762_12.724051,2024-01-01,0.6646554,0.6907992
BiLSTM+Attention,val,77.728762_12.759984,2024-01-01,0.5720149,0.5927701
BiLSTM+Attention,val,77.728762_12.782442,2024-01-01,0.5950278,0.6179383
BiLSTM+Attention,val,77.728762_12.809391,2024-01-01,0.5854025,0.60117716
BiLSTM+Attention,val,77.728762_12.858799,2024-01-01,0.5838246,0.61555326
BiLSTM+Attention,val,77.728762_12.876765,2024-01-01,0.5944685,0.6219182
BiLSTM+Attention,val,77.728762_12.885748,2024-01-01,0.53727674,0.55788064
BiLSTM+Attention,val,77.728762_13.016004,2024-01-01,0.7079994,0.73683256
BiLSTM+Attention,val,77.728762_13.047445,2024-01-01,0.5033771,0.51387936
BiLSTM+Attention,val,77.728762_13.087869,2024-01-01,0.47268412,0.49985874
BiLSTM+Attention,val,77.728762_13.092361,2024-01-01,0.43457717,0.44858742
BiLSTM+Attention,val,77.733253_12.755492,2024-01-01,0.5426497,0.5554095
BiLSTM+Attention,val,77.733253_12.795916,2024-01-01,0.54464495,0.5659781
BiLSTM+Attention,val,77.733253_12.86329,2024-01-01,0.5970684,0.6271915
BiLSTM+Attention,val,77.733253_12.872273,2024-01-01,0.5806363,0.61421806
BiLSTM+Attention,val,77.733253_12.998037,2024-01-01,0.612739,0.6387747
BiLSTM+Attention,val,77.733253_13.056428,2024-01-01,0.4157056,0.429671
BiLSTM+Attention,val,77.737745_12.764475,2024-01-01,0.5204667,0.53229153
BiLSTM+Attention,val,77.737745_12.791425,2024-01-01,0.56340325,0.586743
BiLSTM+Attention,val,77.737745_12.809391,2024-01-01,0.55915594,0.57480395
BiLSTM+Attention,val,77.737745_12.858799,2024-01-01,0.562853,0.5877241
BiLSTM+Attention,val,77.737745_12.872273,2024-01-01,0.5880319,0.6203748
BiLSTM+Attention,val,77.737745_12.881256,2024-01-01,0.6082938,0.6357702
BiLSTM+Attention,val,77.737745_13.051936,2024-01-01,0.43966758,0.45396227
BiLSTM+Attention,val,77.737745_13.06092,2024-01-01,0.4445358,0.45938933
BiLSTM+Attention,val,77.737745_13.078886,2024-01-01,0.47154656,0.48770958
BiLSTM+Attention,val,77.737745_13.101344,2024-01-01,0.39711773,0.40730375
BiLSTM+Attention,val,77.742237_12.697102,2024-01-01,0.6659546,0.7012532
BiLSTM+Attention,val,77.742237_12.764475,2024-01-01,0.535221,0.5531242
BiLSTM+Attention,val,77.742237_12.795916,2024-01-01,0.52982587,0.5512739
BiLSTM+Attention,val,77.742237_12.8049,2024-01-01,0.5726255,0.59646696
BiLSTM+Attention,val,77.742237_12.86329,2024-01-01,0.5028772,0.52204514
BiLSTM+Attention,val,77.742237_12.867782,2024-01-01,0.5930228,0.6207361
BiLSTM+Attention,val,77.742237_12.89024,2024-01-01,0.59390295,0.61745316
BiLSTM+Attention,val,77.742237_12.899223,2024-01-01,0.574504,0.59964883
BiLSTM+Attention,val,77.742237_12.921681,2024-01-01,0.5246003,0.5304304
BiLSTM+Attention,val,77.742237_12.980071,2024-01-01,0.5636487,0.58234894
BiLSTM+Attention,val,77.742237_13.002529,2024-01-01,0.5803322,0.60959995
BiLSTM+Attention,val,77.742237_13.016004,2024-01-01,0.58840096,0.6160265
BiLSTM+Attention,val,77.742237_13.038462,2024-01-01,0.41783693,0.43260333
BiLSTM+Attention,val,77.742237_13.074394,2024-01-01,0.3947572,0.4100206
BiLSTM+Attention,val,77.742237_13.078886,2024-01-01,0.45747796,0.47766894
BiLSTM+Attention,val,77.742237_13.101344,2024-01-01,0.4192852,0.43171486
BiLSTM+Attention,val,77.746728_12.751001,2024-01-01,0.56333804,0.587079
BiLSTM+Attention,val,77.746728_12.764475,2024-01-01,0.55455166,0.57876015
BiLSTM+Attention,val,77.746728_12.782442,2024-01-01,0.5899824,0.6156637
BiLSTM+Attention,val,77.746728_12.97558,2024-01-01,0.5841779,0.600871
BiLSTM+Attention,val,77.746728_12.984563,2024-01-01,0.57430893,0.5999663
BiLSTM+Attention,val,77.746728_13.016004,2024-01-01,0.6004901,0.62322384
BiLSTM+Attention,val,77.746728_13.020495,2024-01-01,0.6289645,0.6535955
BiLSTM+Attention,val,77.746728_13.024987,2024-01-01,0.53842753,0.55428404
BiLSTM+Attention,val,77.746728_13.038462,2024-01-01,0.4463299,0.4610719
BiLSTM+Attention,val,77.746728_13.06092,2024-01-01,0.40462658,0.41860777
BiLSTM+Attention,val,77.746728_13.083377,2024-01-01,0.45677513,0.4747094
BiLSTM+Attention,val,77.746728_13.092361,2024-01-01,0.4145075,0.42846635
BiLSTM+Attention,val,77.75122_12.751001,2024-01-01,0.55305755,0.57332754
BiLSTM+Attention,val,77.75122_12.755492,2024-01-01,0.59715915,0.62315905
BiLSTM+Attention,val,77.75122_12.768967,2024-01-01,0.51825947,0.53961295
BiLSTM+Attention,val,77.75122_12.77795,2024-01-01,0.5565544,0.58017504
BiLSTM+Attention,val,77.75122_12.894731,2024-01-01,0.51669306,0.5399877
BiLSTM+Attention,val,77.75122_12.993546,2024-01-01,0.51496005,0.5402907
BiLSTM+Attention,val,77.75122_13.020495,2024-01-01,0.5620784,0.5849104
BiLSTM+Attention,val,77.75122_13.03397,2024-01-01,0.4572716,0.47641724
BiLSTM+Attention,val,77.75122_13.038462,2024-01-01,0.42640278,0.44128466
BiLSTM+Attention,val,77.755711_12.706085,2024-01-01,0.5811457,0.6113426
BiLSTM+Attention,val,77.755711_12.764475,2024-01-01,0.7512657,0.7949113
BiLSTM+Attention,val,77.755711_12.77795,2024-01-01,0.539313,0.5626794
BiLSTM+Attention,val,77.755711_12.822866,2024-01-01,0.5433052,0.56515056
BiLSTM+Attention,val,77.755711_12.831849,2024-01-01,0.5176886,0.5328071
BiLSTM+Attention,val,77.755711_12.858799,2024-01-01,0.5657786,0.58599883
BiLSTM+Attention,val,77.755711_12.885748,2024-01-01,0.55323684,0.5752506
BiLSTM+Attention,val,77.755711_12.899223,2024-01-01,0.48373106,0.5012151
BiLSTM+Attention,val,77.755711_12.903714,2024-01-01,0.5383864,0.5617669
BiLSTM+Attention,val,77.755711_12.926172,2024-01-01,0.56028455,0.5823524
BiLSTM+Attention,val,77.760203_12.751001,2024-01-01,0.5495844,0.5695559
BiLSTM+Attention,val,77.760203_12.795916,2024-01-01,0.53074896,0.5450422
BiLSTM+Attention,val,77.760203_12.818374,2024-01-01,0.6199405,0.6527391
BiLSTM+Attention,val,77.760203_12.867782,2024-01-01,0.52423805,0.54464936
BiLSTM+Attention,val,77.760203_12.872273,2024-01-01,0.5365125,0.55900735
BiLSTM+Attention,val,77.760203_12.876765,2024-01-01,0.5076686,0.5261065
BiLSTM+Attention,val,77.760203_12.885748,2024-01-01,0.5238278,0.5422513
BiLSTM+Attention,val,77.760203_12.984563,2024-01-01,0.5727912,0.5951518
BiLSTM+Attention,val,77.764695_12.742018,2024-01-01,0.66239226,0.6925201
BiLSTM+Attention,val,77.764695_12.746509,2024-01-01,0.6499877,0.6784371
BiLSTM+Attention,val,77.764695_12.813883,2024-01-01,0.57668185,0.59859586
BiLSTM+Attention,val,77.764695_12.849815,2024-01-01,0.5507909,0.5718687
BiLSTM+Attention,val,77.764695_12.885748,2024-01-01,0.54849184,0.56486905
BiLSTM+Attention,val,77.764695_12.912697,2024-01-01,0.5561905,0.5709427
BiLSTM+Attention,val,77.764695_13.03397,2024-01-01,0.40534538,0.41948605
BiLSTM+Attention,val,77.769186_12.751001,2024-01-01,0.6726753,0.69724816
BiLSTM+Attention,val,77.769186_12.791425,2024-01-01,0.52041095,0.5364251
BiLSTM+Attention,val,77.769186_12.800408,2024-01-01,0.5730564,0.59698755
BiLSTM+Attention,val,77.769186_12.8049,2024-01-01,0.605851,0.63270664
BiLSTM+Attention,val,77.769186_12.809391,2024-01-01,0.54217464,0.56194127
BiLSTM+Attention,val,77.769186_12.876765,2024-01-01,0.5667403,0.5967603
BiLSTM+Attention,val,77.769186_12.894731,2024-01-01,0.52906585,0.5564406
BiLSTM+Attention,val,77.769186_13.016004,2024-01-01,0.51550955,0.5324536
BiLSTM+Attention,val,77.773678_12.746509,2024-01-01,0.6662963,0.68738544
BiLSTM+Attention,val,77.773678_12.858799,2024-01-01,0.5086937,0.5258926
BiLSTM+Attention,val,77.773678_12.885748,2024-01-01,0.519765,0.5366594
BiLSTM+Attention,val,77.773678_12.899223,2024-01-01,0.49611154,0.5162372
BiLSTM+Attention,val,77.773678_12.908206,2024-01-01,0.53385466,0.5578325
BiLSTM+Attention,val,77.778169_12.809391,2024-01-01,0.5044624,0.5232974
BiLSTM+Attention,val,77.778169_12.885748,2024-01-01,0.5383525,0.5654352
BiLSTM+Attention,val,77.782661_12.786933,2024-01-01,0.52244616,0.54408723
BiLSTM+Attention,val,77.782661_12.791425,2024-01-01,0.5504439,0.5774766
BiLSTM+Attention,val,77.782661_12.89024,2024-01-01,0.5312783,0.5548705
BiLSTM+Attention,val,77.787152_12.786933,2024-01-01,0.53629595,0.5605376
BiLSTM+Attention,val,77.787152_12.849815,2024-01-01,0.5108143,0.53688484
BiLSTM+Attention,val,77.787152_12.867782,2024-01-01,0.5212056,0.5360879
BiLSTM+Attention,val,77.791644_12.8049,2024-01-01,0.5358582,0.561303
BiLSTM+Attention,val,77.791644_12.899223,2024-01-01,0.52001435,0.5438452
BiLSTM+Attention,val,77.796136_12.854307,2024-01-01,0.51066935,0.5343084
BiLSTM+Attention,val,77.796136_12.885748,2024-01-01,0.5734807,0.5979446
BiLSTM+Attention,val,77.800627_12.876765,2024-01-01,0.5663357,0.5940944
BiLSTM+Attention,val,77.800627_12.885748,2024-01-01,0.5337505,0.55147666
BiLSTM+Attention,val,77.805119_12.876765,2024-01-01,0.57372487,0.60356253
BiLSTM+Attention,val,77.805119_12.89024,2024-01-01,0.56283724,0.5901157
BiLSTM+Attention,val,77.80961_12.858799,2024-01-01,0.57892776,0.6043674
BiLSTM+Attention,val,77.80961_12.86329,2024-01-01,0.55734944,0.5840086
BiLSTM+Attention,val,77.329012_12.944139,2024-02-01,0.47990647,0.47471118
BiLSTM+Attention,val,77.329012_12.962105,2024-02-01,0.6505991,0.64803517
BiLSTM+Attention,val,77.337995_12.921681,2024-02-01,0.60017514,0.5981529
BiLSTM+Attention,val,77.342486_12.926172,2024-02-01,0.6385817,0.6419971
BiLSTM+Attention,val,77.342486_12.935155,2024-02-01,0.6596082,0.6636859
BiLSTM+Attention,val,77.342486_12.944139,2024-02-01,0.62802875,0.6276868
BiLSTM+Attention,val,77.346978_12.86329,2024-02-01,0.5238268,0.53061354
BiLSTM+Attention,val,77.346978_12.962105,2024-02-01,0.48737627,0.4720735
BiLSTM+Attention,val,77.351469_12.89024,2024-02-01,0.49852476,0.5101311
BiLSTM+Attention,val,77.351469_12.930664,2024-02-01,0.66349286,0.66736585
BiLSTM+Attention,val,77.351469_12.939647,2024-02-01,0.64411795,0.6445471
BiLSTM+Attention,val,77.355961_12.899223,2024-02-01,0.5133945,0.5176933
BiLSTM+Attention,val,77.355961_12.94863,2024-02-01,0.45508838,0.45162797
BiLSTM+Attention,val,77.355961_12.962105,2024-02-01,0.6607388,0.6658321
BiLSTM+Attention,val,77.360453_12.867782,2024-02-01,0.41197196,0.4160526
BiLSTM+Attention,val,77.360453_12.908206,2024-02-01,0.5338589,0.5401108
BiLSTM+Attention,val,77.360453_12.926172,2024-02-01,0.6595193,0.66053903
BiLSTM+Attention,val,77.364944_12.854307,2024-02-01,0.45363668,0.45149946
BiLSTM+Attention,val,77.364944_12.962105,2024-02-01,0.44406816,0.43915445
BiLSTM+Attention,val,77.369436_12.881256,2024-02-01,0.45452407,0.45688957
BiLSTM+Attention,val,77.369436_12.89024,2024-02-01,0.45225585,0.4540816
BiLSTM+Attention,val,77.369436_12.935155,2024-02-01,0.41723076,0.41253215
BiLSTM+Attention,val,77.369436_12.998037,2024-02-01,0.4537582,0.44415897
BiLSTM+Attention,val,77.369436_13.007021,2024-02-01,0.4987235,0.49568945
BiLSTM+Attention,val,77.373927_12.912697,2024-02-01,0.55761796,0.56008506
BiLSTM+Attention,val,77.373927_12.971088,2024-02-01,0.4375256,0.4312479
BiLSTM+Attention,val,77.373927_13.011512,2024-02-01,0.45093903,0.4466746
BiLSTM+Attention,val,77.373927_13.016004,2024-02-01,0.43523902,0.43031806
BiLSTM+Attention,val,77.378419_12.966596,2024-02-01,0.41290963,0.4061762
BiLSTM+Attention,val,77.382911_12.894731,2024-02-01,0.4957198,0.5060433
BiLSTM+Attention,val,77.382911_12.953122,2024-02-01,0.4726487,0.4679466
BiLSTM+Attention,val,77.382911_12.957613,2024-02-01,0.46727762,0.46180338
BiLSTM+Attention,val,77.387402_12.962105,2024-02-01,0.45812055,0.45106685
BiLSTM+Attention,val,77.387402_12.97558,2024-02-01,0.45899668,0.4461459
BiLSTM+Attention,val,77.387402_12.980071,2024-02-01,0.46151727,0.45199603
BiLSTM+Attention,val,77.391894_12.867782,2024-02-01,0.49535456,0.50127596
BiLSTM+Attention,val,77.391894_12.881256,2024-02-01,0.4622145,0.48001713
BiLSTM+Attention,val,77.391894_12.885748,2024-02-01,0.49437752,0.5055064
BiLSTM+Attention,val,77.396385_12.894731,2024-02-01,0.49739885,0.50170434
BiLSTM+Attention,val,77.396385_12.908206,2024-02-01,0.45578054,0.45958126
BiLSTM+Attention,val,77.396385_12.944139,2024-02-01,0.5053378,0.5047607
BiLSTM+Attention,val,77.396385_12.971088,2024-02-01,0.42895952,0.4231121
BiLSTM+Attention,val,77.396385_12.97558,2024-02-01,0.40507945,0.402695
BiLSTM+Attention,val,77.396385_13.029478,2024-02-01,0.3395806,0.3409878
BiLSTM+Attention,val,77.400877_12.957613,2024-02-01,0.4728268,0.47340965
BiLSTM+Attention,val,77.400877_12.966596,2024-02-01,0.42581117,0.42256248
BiLSTM+Attention,val,77.400877_13.029478,2024-02-01,0.3272413,0.33047003
BiLSTM+Attention,val,77.405368_12.881256,2024-02-01,0.42302144,0.41801667
BiLSTM+Attention,val,77.405368_12.89024,2024-02-01,0.4458845,0.44596848
BiLSTM+Attention,val,77.405368_12.903714,2024-02-01,0.4191299,0.41313708
BiLSTM+Attention,val,77.405368_12.930664,2024-02-01,0.5467021,0.54795986
BiLSTM+Attention,val,77.405368_12.998037,2024-02-01,0.44653726,0.44299424
BiLSTM+Attention,val,77.405368_13.105835,2024-02-01,0.36983222,0.36489528
BiLSTM+Attention,val,77.405368_13.11931,2024-02-01,0.33219084,0.32174122
BiLSTM+Attention,val,77.40986_12.872273,2024-02-01,0.38844767,0.3776729
BiLSTM+Attention,val,77.40986_12.881256,2024-02-01,0.39048466,0.38660792
BiLSTM+Attention,val,77.40986_12.962105,2024-02-01,0.4821117,0.48326892
BiLSTM+Attention,val,77.414352_12.930664,2024-02-01,0.4909019,0.49308604
BiLSTM+Attention,val,77.414352_12.989054,2024-02-01,0.40849552,0.4012168
BiLSTM+Attention,val,77.414352_12.993546,2024-02-01,0.4161512,0.41677448
BiLSTM+Attention,val,77.414352_13.03397,2024-02-01,0.38441122,0.3844372
BiLSTM+Attention,val,77.414352_13.096852,2024-02-01,0.35190535,0.34939846
BiLSTM+Attention,val,77.414352_13.11931,2024-02-01,0.35145068,0.33981943
BiLSTM+Attention,val,77.418843_12.876765,2024-02-01,0.40344384,0.40027553
BiLSTM+Attention,val,77.418843_12.89024,2024-02-01,0.4316364,0.42881024
BiLSTM+Attention,val,77.418843_12.94863,2024-02-01,0.4851399,0.4843372
BiLSTM+Attention,val,77.418843_12.971088,2024-02-01,0.44791606,0.43919104
BiLSTM+Attention,val,77.418843_12.993546,2024-02-01,0.44922745,0.44881475
BiLSTM+Attention,val,77.418843_13.016004,2024-02-01,0.41484463,0.4137512
BiLSTM+Attention,val,77.418843_13.024987,2024-02-01,0.40597633,0.4025389
BiLSTM+Attention,val,77.418843_13.029478,2024-02-01,0.40550733,0.4012801
BiLSTM+Attention,val,77.418843_13.146259,2024-02-01,0.3173882,0.3114075
BiLSTM+Attention,val,77.423335_12.876765,2024-02-01,0.40522206,0.41139227
BiLSTM+Attention,val,77.423335_12.921681,2024-02-01,0.4995055,0.49668044
BiLSTM+Attention,val,77.423335_12.930664,2024-02-01,0.48218983,0.47773778
BiLSTM+Attention,val,77.423335_13.002529,2024-02-01,0.49731407,0.50012624
BiLSTM+Attention,val,77.423335_13.092361,2024-02-01,0.29264367,0.30381972
BiLSTM+Attention,val,77.423335_13.141768,2024-02-01,0.37616852,0.36586207
BiLSTM+Attention,val,77.423335_13.150751,2024-02-01,0.32614362,0.32002568
BiLSTM+Attention,val,77.427826_12.845324,2024-02-01,0.34720594,0.35295302
BiLSTM+Attention,val,77.427826_12.858799,2024-02-01,0.39992258,0.39767888
BiLSTM+Attention,val,77.427826_12.930664,2024-02-01,0.48967552,0.48304456
BiLSTM+Attention,val,77.427826_12.939647,2024-02-01,0.43708584,0.43054295
BiLSTM+Attention,val,77.427826_12.944139,2024-02-01,0.45046875,0.45084167
BiLSTM+Attention,val,77.427826_13.020495,2024-02-01,0.4165122,0.41407788
BiLSTM+Attention,val,77.427826_13.024987,2024-02-01,0.407401,0.40198177
BiLSTM+Attention,val,77.427826_13.110327,2024-02-01,0.37388355,0.3595779
BiLSTM+Attention,val,77.427826_13.132785,2024-02-01,0.42910793,0.42044246
BiLSTM+Attention,val,77.432318_12.858799,2024-02-01,0.41451555,0.4121759
BiLSTM+Attention,val,77.432318_12.86329,2024-02-01,0.42063716,0.4167183
BiLSTM+Attention,val,77.432318_12.867782,2024-02-01,0.41229498,0.41615373
BiLSTM+Attention,val,77.432318_12.881256,2024-02-01,0.4550238,0.457416
BiLSTM+Attention,val,77.432318_12.885748,2024-02-01,0.5451081,0.5492147
BiLSTM+Attention,val,77.432318_12.957613,2024-02-01,0.4369962,0.4321308
BiLSTM+Attention,val,77.432318_12.998037,2024-02-01,0.3680865,0.36424646
BiLSTM+Attention,val,77.432318_13.087869,2024-02-01,0.37746242,0.37298793
BiLSTM+Attention,val,77.432318_13.092361,2024-02-01,0.33383718,0.3301934
BiLSTM+Attention,val,77.436809_12.818374,2024-02-01,0.5448692,0.5441292
BiLSTM+Attention,val,77.436809_12.840832,2024-02-01,0.46193627,0.4541158
BiLSTM+Attention,val,77.436809_12.854307,2024-02-01,0.4281323,0.42568564
BiLSTM+Attention,val,77.436809_12.912697,2024-02-01,0.5586445,0.5535236
BiLSTM+Attention,val,77.436809_12.926172,2024-02-01,0.49157345,0.48325336
BiLSTM+Attention,val,77.436809_12.944139,2024-02-01,0.45775962,0.45536828
BiLSTM+Attention,val,77.436809_13.03397,2024-02-01,0.39045745,0.3890967
BiLSTM+Attention,val,77.441301_12.818374,2024-02-01,0.5533573,0.5586677
BiLSTM+Attention,val,77.441301_12.831849,2024-02-01,0.44670144,0.44457877
BiLSTM+Attention,val,77.441301_12.836341,2024-02-01,0.47561014,0.46904188
BiLSTM+Attention,val,77.441301_12.840832,2024-02-01,0.44892582,0.4433143
BiLSTM+Attention,val,77.441301_12.944139,2024-02-01,0.49511996,0.49459374
BiLSTM+Attention,val,77.441301_12.94863,2024-02-01,0.44912738,0.4488355
BiLSTM+Attention,val,77.441301_13.056428,2024-02-01,0.37961912,0.3805408
BiLSTM+Attention,val,77.441301_13.069903,2024-02-01,0.39637348,0.39355552
BiLSTM+Attention,val,77.441301_13.083377,2024-02-01,0.38317677,0.37852517
BiLSTM+Attention,val,77.441301_13.110327,2024-02-01,0.36927626,0.355735
BiLSTM+Attention,val,77.445793_12.840832,2024-02-01,0.5215856,0.51967335
BiLSTM+Attention,val,77.445793_12.86329,2024-02-01,0.5370401,0.54121643
BiLSTM+Attention,val,77.445793_12.867782,2024-02-01,0.5162638,0.5245198
BiLSTM+Attention,val,77.445793_12.912697,2024-02-01,0.46455923,0.46342993
BiLSTM+Attention,val,77.445793_12.957613,2024-02-01,0.4376343,0.4329756
BiLSTM+Attention,val,77.445793_12.984563,2024-02-01,0.45561802,0.45713204
BiLSTM+Attention,val,77.450284_12.809391,2024-02-01,0.50464875,0.49495202
BiLSTM+Attention,val,77.450284_12.872273,2024-02-01,0.5157622,0.5225318
BiLSTM+Attention,val,77.450284_12.89024,2024-02-01,0.51634616,0.5248893
BiLSTM+Attention,val,77.450284_12.971088,2024-02-01,0.4251169,0.42833835
BiLSTM+Attention,val,77.450284_12.993546,2024-02-01,0.33691338,0.3353762
BiLSTM+Attention,val,77.450284_13.029478,2024-02-01,0.3778834,0.37563807
BiLSTM+Attention,val,77.450284_13.047445,2024-02-01,0.390427,0.38788974
BiLSTM+Attention,val,77.450284_13.146259,2024-02-01,0.44389996,0.4362356
BiLSTM+Attention,val,77.454776_12.809391,2024-02-01,0.46960595,0.45857358
BiLSTM+Attention,val,77.454776_12.885748,2024-02-01,0.4976724,0.5003091
BiLSTM+Attention,val,77.454776_12.980071,2024-02-01,0.3771234,0.37774536
BiLSTM+Attention,val,77.454776_12.993546,2024-02-01,0.36278442,0.3648122
BiLSTM+Attention,val,77.454776_13.078886,2024-02-01,0.3892117,0.3855641
BiLSTM+Attention,val,77.454776_13.087869,2024-02-01,0.3529181,0.35061574
BiLSTM+Attention,val,77.454776_13.114818,2024-02-01,0.43045402,0.42406258
BiLSTM+Attention,val,77.454776_13.141768,2024-02-01,0.4472843,0.44376355
BiLSTM+Attention,val,77.459267_12.8049,2024-02-01,0.53856885,0.54430145
BiLSTM+Attention,val,77.459267_12.822866,2024-02-01,0.5056693,0.4973461
BiLSTM+Attention,val,77.459267_12.845324,2024-02-01,0.5095128,0.50748515
BiLSTM+Attention,val,77.459267_12.872273,2024-02-01,0.48707965,0.49516898
BiLSTM+Attention,val,77.459267_12.903714,2024-02-01,0.4404506,0.4425589
BiLSTM+Attention,val,77.459267_12.926172,2024-02-01,0.4858256,0.4828264
BiLSTM+Attention,val,77.459267_12.97558,2024-02-01,0.39185366,0.39394414
BiLSTM+Attention,val,77.459267_13.016004,2024-02-01,0.3532696,0.35467863
BiLSTM+Attention,val,77.459267_13.020495,2024-02-01,0.34682575,0.3447614
BiLSTM+Attention,val,77.459267_13.11931,2024-02-01,0.42731515,0.41743577
BiLSTM+Attention,val,77.463759_12.813883,2024-02-01,0.4498341,0.4463343
BiLSTM+Attention,val,77.463759_12.836341,2024-02-01,0.50650865,0.5086713
BiLSTM+Attention,val,77.463759_12.86329,2024-02-01,0.5234046,0.52870506
BiLSTM+Attention,val,77.463759_12.867782,2024-02-01,0.5053792,0.51263076
BiLSTM+Attention,val,77.463759_12.872273,2024-02-01,0.48116016,0.48880857
BiLSTM+Attention,val,77.463759_12.881256,2024-02-01,0.5330593,0.5367789
BiLSTM+Attention,val,77.463759_12.885748,2024-02-01,0.5366226,0.5423519
BiLSTM+Attention,val,77.463759_12.894731,2024-02-01,0.476231,0.48080647
BiLSTM+Attention,val,77.463759_12.899223,2024-02-01,0.47883824,0.48748964
BiLSTM+Attention,val,77.463759_12.917189,2024-02-01,0.4342087,0.43422925
BiLSTM+Attention,val,77.463759_12.953122,2024-02-01,0.68880785,0.68033004
BiLSTM+Attention,val,77.463759_13.03397,2024-02-01,0.34573585,0.34345055
BiLSTM+Attention,val,77.463759_13.078886,2024-02-01,0.45768034,0.45863712
BiLSTM+Attention,val,77.46825_12.827358,2024-02-01,0.4190946,0.412396
BiLSTM+Attention,val,77.46825_12.836341,2024-02-01,0.5138978,0.5125122
BiLSTM+Attention,val,77.46825_12.894731,2024-02-01,0.45637292,0.45925117
BiLSTM+Attention,val,77.46825_12.94863,2024-02-01,0.52845407,0.5270843
BiLSTM+Attention,val,77.46825_12.953122,2024-02-01,0.4638671,0.4597144
BiLSTM+Attention,val,77.46825_12.966596,2024-02-01,0.44193646,0.4479435
BiLSTM+Attention,val,77.46825_13.007021,2024-02-01,0.36251327,0.36379123
BiLSTM+Attention,val,77.46825_13.020495,2024-02-01,0.4309562,0.4309618
BiLSTM+Attention,val,77.46825_13.114818,2024-02-01,0.4713987,0.46306884
BiLSTM+Attention,val,77.46825_13.150751,2024-02-01,0.38204214,0.37271705
BiLSTM+Attention,val,77.46825_13.1777,2024-02-01,0.47250152,0.46093887
BiLSTM+Attention,val,77.472742_12.746509,2024-02-01,0.57622814,0.56848603
BiLSTM+Attention,val,77.472742_12.751001,2024-02-01,0.5300373,0.5188981
BiLSTM+Attention,val,77.472742_12.755492,2024-02-01,0.5470499,0.5381468
BiLSTM+Attention,val,77.472742_12.795916,2024-02-01,0.48360717,0.47877282
BiLSTM+Attention,val,77.472742_12.836341,2024-02-01,0.50395674,0.50376487
BiLSTM+Attention,val,77.472742_12.984563,2024-02-01,0.4038441,0.4127723
BiLSTM+Attention,val,77.472742_13.087869,2024-02-01,0.41186497,0.40947115
BiLSTM+Attention,val,77.477234_12.764475,2024-02-01,0.54140496,0.53870004
BiLSTM+Attention,val,77.477234_12.782442,2024-02-01,0.4772225,0.47289258
BiLSTM+Attention,val,77.477234_12.840832,2024-02-01,0.50570786,0.5066116
BiLSTM+Attention,val,77.477234_12.899223,2024-02-01,0.4166663,0.42286816
BiLSTM+Attention,val,77.477234_12.935155,2024-02-01,0.55495805,0.5593463
BiLSTM+Attention,val,77.477234_12.944139,2024-02-01,0.4850412,0.48203343
BiLSTM+Attention,val,77.477234_12.94863,2024-02-01,0.49588338,0.50008124
BiLSTM+Attention,val,77.477234_12.971088,2024-02-01,0.4546053,0.45551085
BiLSTM+Attention,val,77.477234_13.002529,2024-02-01,0.3580742,0.36516243
BiLSTM+Attention,val,77.477234_13.056428,2024-02-01,0.41360155,0.41241154
BiLSTM+Attention,val,77.481725_12.737526,2024-02-01,0.5528266,0.54824
BiLSTM+Attention,val,77.481725_12.768967,2024-02-01,0.536344,0.5328614
BiLSTM+Attention,val,77.481725_12.831849,2024-02-01,0.44769865,0.44362515
BiLSTM+Attention,val,77.481725_12.89024,2024-02-01,0.49593502,0.5018669
BiLSTM+Attention,val,77.481725_12.894731,2024-02-01,0.46310732,0.4652744
BiLSTM+Attention,val,77.481725_12.944139,2024-02-01,0.4978255,0.4951446
BiLSTM+Attention,val,77.481725_12.971088,2024-02-01,0.3793989,0.38121313
BiLSTM+Attention,val,77.481725_12.980071,2024-02-01,0.43264422,0.4380754
BiLSTM+Attention,val,77.481725_13.024987,2024-02-01,0.41234088,0.41472077
BiLSTM+Attention,val,77.481725_13.03397,2024-02-01,0.38941342,0.38956034
BiLSTM+Attention,val,77.481725_13.096852,2024-02-01,0.49519733,0.4945271
BiLSTM+Attention,val,77.481725_13.137276,2024-02-01,0.5707992,0.5689946
BiLSTM+Attention,val,77.486217_12.764475,2024-02-01,0.5312465,0.5213072
BiLSTM+Attention,val,77.486217_12.872273,2024-02-01,0.45257795,0.4562772
BiLSTM+Attention,val,77.486217_12.939647,2024-02-01,0.51329553,0.51351583
BiLSTM+Attention,val,77.486217_12.998037,2024-02-01,0.40550256,0.4204239
BiLSTM+Attention,val,77.486217_13.042953,2024-02-01,0.4600061,0.4617285
BiLSTM+Attention,val,77.486217_13.06092,2024-02-01,0.47824126,0.48519975
BiLSTM+Attention,val,77.486217_13.114818,2024-02-01,0.41186312,0.402421
BiLSTM+Attention,val,77.486217_13.11931,2024-02-01,0.429138,0.42206556
BiLSTM+Attention,val,77.490708_12.768967,2024-02-01,0.52300084,0.5194309
BiLSTM+Attention,val,77.490708_12.8049,2024-02-01,0.5010597,0.50663245
BiLSTM+Attention,val,77.490708_12.849815,2024-02-01,0.52295876,0.53747314
BiLSTM+Attention,val,77.490708_12.89024,2024-02-01,0.45498222,0.45591813
BiLSTM+Attention,val,77.490708_13.051936,2024-02-01,0.5266553,0.5342602
BiLSTM+Attention,val,77.490708_13.087869,2024-02-01,0.46769646,0.46771705
BiLSTM+Attention,val,77.490708_13.092361,2024-02-01,0.46317458,0.4638201
BiLSTM+Attention,val,77.490708_13.096852,2024-02-01,0.49324828,0.4927802
BiLSTM+Attention,val,77.490708_13.182192,2024-02-01,0.5109908,0.5107996
BiLSTM+Attention,val,77.490708_13.209142,2024-02-01,0.4673963,0.46175647
BiLSTM+Attention,val,77.4952_12.786933,2024-02-01,0.4833065,0.487073
BiLSTM+Attention,val,77.4952_12.836341,2024-02-01,0.47938114,0.4827357
BiLSTM+Attention,val,77.4952_12.899223,2024-02-01,0.50222486,0.5072783
BiLSTM+Attention,val,77.4952_12.962105,2024-02-01,0.49742597,0.5028908
BiLSTM+Attention,val,77.4952_13.020495,2024-02-01,0.45477104,0.45697308
BiLSTM+Attention,val,77.4952_13.024987,2024-02-01,0.44439533,0.45032114
BiLSTM+Attention,val,77.4952_13.03397,2024-02-01,0.49761918,0.5049598
BiLSTM+Attention,val,77.4952_13.087869,2024-02-01,0.44195968,0.43791303
BiLSTM+Attention,val,77.4952_13.092361,2024-02-01,0.46840838,0.46722758
BiLSTM+Attention,val,77.4952_13.182192,2024-02-01,0.51054585,0.5114626
BiLSTM+Attention,val,77.499692_12.755492,2024-02-01,0.5888824,0.58618873
BiLSTM+Attention,val,77.499692_12.858799,2024-02-01,0.5704497,0.57625604
BiLSTM+Attention,val,77.499692_12.899223,2024-02-01,0.48421964,0.48839974
BiLSTM+Attention,val,77.499692_12.984563,2024-02-01,0.44765776,0.45800263
BiLSTM+Attention,val,77.499692_13.114818,2024-02-01,0.43102643,0.42347425
BiLSTM+Attention,val,77.499692_13.137276,2024-02-01,0.42394412,0.41911274
BiLSTM+Attention,val,77.499692_13.168717,2024-02-01,0.5593907,0.5703573
BiLSTM+Attention,val,77.504183_12.764475,2024-02-01,0.59392095,0.598168
BiLSTM+Attention,val,77.504183_12.786933,2024-02-01,0.55135334,0.55424094
BiLSTM+Attention,val,77.504183_12.818374,2024-02-01,0.5200507,0.52254814
BiLSTM+Attention,val,77.504183_12.854307,2024-02-01,0.51238734,0.51690024
BiLSTM+Attention,val,77.504183_12.858799,2024-02-01,0.56921345,0.57162976
BiLSTM+Attention,val,77.504183_12.953122,2024-02-01,0.4756155,0.48585027
BiLSTM+Attention,val,77.504183_13.083377,2024-02-01,0.5001517,0.49889642
BiLSTM+Attention,val,77.504183_13.141768,2024-02-01,0.50111157,0.49745053
BiLSTM+Attention,val,77.504183_13.159734,2024-02-01,0.59004635,0.59036475
BiLSTM+Attention,val,77.504183_13.195667,2024-02-01,0.4432045,0.43749994
BiLSTM+Attention,val,77.508675_12.751001,2024-02-01,0.59376556,0.5870319
BiLSTM+Attention,val,77.508675_12.795916,2024-02-01,0.57872754,0.5872989
BiLSTM+Attention,val,77.508675_12.831849,2024-02-01,0.5204137,0.5220287
BiLSTM+Attention,val,77.508675_12.836341,2024-02-01,0.5456094,0.5496586
BiLSTM+Attention,val,77.508675_12.845324,2024-02-01,0.5101105,0.5226789
BiLSTM+Attention,val,77.508675_12.903714,2024-02-01,0.43725082,0.43836677
BiLSTM+Attention,val,77.508675_12.912697,2024-02-01,0.4808785,0.48449808
BiLSTM+Attention,val,77.508675_12.917189,2024-02-01,0.5459718,0.547723
BiLSTM+Attention,val,77.508675_13.114818,2024-02-01,0.39224023,0.3849851
BiLSTM+Attention,val,77.508675_13.137276,2024-02-01,0.45043576,0.44808024
BiLSTM+Attention,val,77.508675_13.159734,2024-02-01,0.5755641,0.5725321
BiLSTM+Attention,val,77.508675_13.191175,2024-02-01,0.46746513,0.46509182
BiLSTM+Attention,val,77.513166_12.746509,2024-02-01,0.69037294,0.6884498
BiLSTM+Attention,val,77.513166_12.764475,2024-02-01,0.5566313,0.5477481
BiLSTM+Attention,val,77.513166_12.77795,2024-02-01,0.6497262,0.65644735
BiLSTM+Attention,val,77.513166_12.822866,2024-02-01,0.59406483,0.6006585
BiLSTM+Attention,val,77.513166_12.908206,2024-02-01,0.44017234,0.4441805
BiLSTM+Attention,val,77.513166_13.087869,2024-02-01,0.50038135,0.49778742
BiLSTM+Attention,val,77.513166_13.096852,2024-02-01,0.564247,0.56994313
BiLSTM+Attention,val,77.513166_13.137276,2024-02-01,0.41491503,0.40785563
BiLSTM+Attention,val,77.513166_13.1777,2024-02-01,0.49310797,0.49277103
BiLSTM+Attention,val,77.517658_12.764475,2024-02-01,0.6025141,0.5937806
BiLSTM+Attention,val,77.517658_12.77795,2024-02-01,0.62509567,0.628853
BiLSTM+Attention,val,77.517658_12.782442,2024-02-01,0.6239319,0.63124555
BiLSTM+Attention,val,77.517658_12.795916,2024-02-01,0.5863132,0.58953977
BiLSTM+Attention,val,77.517658_12.827358,2024-02-01,0.5213695,0.52278626
BiLSTM+Attention,val,77.517658_12.849815,2024-02-01,0.51627946,0.5215543
BiLSTM+Attention,val,77.517658_12.885748,2024-02-01,0.51211417,0.5242807
BiLSTM+Attention,val,77.517658_12.89024,2024-02-01,0.50363207,0.5082773
BiLSTM+Attention,val,77.517658_12.899223,2024-02-01,0.4963463,0.5031374
BiLSTM+Attention,val,77.517658_12.998037,2024-02-01,0.51699084,0.52828705
BiLSTM+Attention,val,77.517658_13.11931,2024-02-01,0.35939068,0.3569535
BiLSTM+Attention,val,77.517658_13.182192,2024-02-01,0.49655533,0.4931705
BiLSTM+Attention,val,77.517658_13.186684,2024-02-01,0.5054305,0.502482
BiLSTM+Attention,val,77.517658_13.191175,2024-02-01,0.4490721,0.4440263
BiLSTM+Attention,val,77.522149_12.751001,2024-02-01,0.6349706,0.63561535
BiLSTM+Attention,val,77.522149_12.755492,2024-02-01,0.6110184,0.6038791
BiLSTM+Attention,val,77.522149_12.759984,2024-02-01,0.64385986,0.644157
BiLSTM+Attention,val,77.522149_12.782442,2024-02-01,0.63819313,0.6465322
BiLSTM+Attention,val,77.522149_12.809391,2024-02-01,0.7010134,0.7102756
BiLSTM+Attention,val,77.522149_12.813883,2024-02-01,0.51577324,0.5213509
BiLSTM+Attention,val,77.522149_12.818374,2024-02-01,0.50006795,0.50129706
BiLSTM+Attention,val,77.522149_12.836341,2024-02-01,0.5113602,0.51188695
BiLSTM+Attention,val,77.522149_12.845324,2024-02-01,0.5272619,0.52812237
BiLSTM+Attention,val,77.522149_13.056428,2024-02-01,0.52643776,0.5296613
BiLSTM+Attention,val,77.522149_13.078886,2024-02-01,0.50102925,0.50449157
BiLSTM+Attention,val,77.522149_13.146259,2024-02-01,0.3786729,0.3727881
BiLSTM+Attention,val,77.522149_13.200158,2024-02-01,0.48696136,0.48287433
BiLSTM+Attention,val,77.526641_12.751001,2024-02-01,0.64697003,0.6448662
BiLSTM+Attention,val,77.526641_12.840832,2024-02-01,0.58164394,0.58802
BiLSTM+Attention,val,77.526641_12.89024,2024-02-01,0.54803395,0.56023943
BiLSTM+Attention,val,77.526641_12.899223,2024-02-01,0.5196754,0.5286754
BiLSTM+Attention,val,77.526641_13.078886,2024-02-01,0.51489615,0.519319
BiLSTM+Attention,val,77.526641_13.105835,2024-02-01,0.37111035,0.36407435
BiLSTM+Attention,val,77.526641_13.110327,2024-02-01,0.36704072,0.36223125
BiLSTM+Attention,val,77.531133_12.791425,2024-02-01,0.5413804,0.5416218
BiLSTM+Attention,val,77.531133_12.795916,2024-02-01,0.58081204,0.5870415
BiLSTM+Attention,val,77.531133_12.800408,2024-02-01,0.5565145,0.55262315
BiLSTM+Attention,val,77.531133_12.822866,2024-02-01,0.5288707,0.5329234
BiLSTM+Attention,val,77.531133_12.827358,2024-02-01,0.5416863,0.54705334
BiLSTM+Attention,val,77.531133_12.894731,2024-02-01,0.47195947,0.47888023
BiLSTM+Attention,val,77.531133_13.083377,2024-02-01,0.48348624,0.48482436
BiLSTM+Attention,val,77.531133_13.114818,2024-02-01,0.37874278,0.38079765
BiLSTM+Attention,val,77.531133_13.195667,2024-02-01,0.50007707,0.5008517
BiLSTM+Attention,val,77.535624_12.77795,2024-02-01,0.68486494,0.686104
BiLSTM+Attention,val,77.535624_12.822866,2024-02-01,0.6318431,0.64154106
BiLSTM+Attention,val,77.535624_12.872273,2024-02-01,0.43682313,0.44288546
BiLSTM+Attention,val,77.535624_12.899223,2024-02-01,0.45292273,0.4626847
BiLSTM+Attention,val,77.535624_13.069903,2024-02-01,0.5872701,0.58802825
BiLSTM+Attention,val,77.535624_13.083377,2024-02-01,0.47609708,0.4817037
BiLSTM+Attention,val,77.535624_13.096852,2024-02-01,0.41695973,0.42000806
BiLSTM+Attention,val,77.535624_13.114818,2024-02-01,0.40443152,0.40810323
BiLSTM+Attention,val,77.535624_13.132785,2024-02-01,0.42967746,0.4306766
BiLSTM+Attention,val,77.535624_13.137276,2024-02-01,0.37193856,0.367729
BiLSTM+Attention,val,77.535624_13.195667,2024-02-01,0.4421665,0.43491274
BiLSTM+Attention,val,77.540116_12.77795,2024-02-01,0.58452207,0.5826137
BiLSTM+Attention,val,77.540116_12.795916,2024-02-01,0.6008559,0.6092701
BiLSTM+Attention,val,77.540116_13.042953,2024-02-01,0.51630324,0.5177506
BiLSTM+Attention,val,77.540116_13.074394,2024-02-01,0.5345045,0.538836
BiLSTM+Attention,val,77.540116_13.092361,2024-02-01,0.37495482,0.37767574
BiLSTM+Attention,val,77.540116_13.101344,2024-02-01,0.40485603,0.40487164
BiLSTM+Attention,val,77.540116_13.105835,2024-02-01,0.415626,0.42220044
BiLSTM+Attention,val,77.540116_13.114818,2024-02-01,0.3765162,0.38247174
BiLSTM+Attention,val,77.540116_13.132785,2024-02-01,0.41489914,0.4221117
BiLSTM+Attention,val,77.540116_13.155243,2024-02-01,0.44114393,0.43776995
BiLSTM+Attention,val,77.540116_13.182192,2024-02-01,0.407449,0.40692323
BiLSTM+Attention,val,77.544607_12.831849,2024-02-01,0.68956137,0.6971181
BiLSTM+Attention,val,77.544607_13.218125,2024-02-01,0.4925328,0.49300253
BiLSTM+Attention,val,77.549099_12.822866,2024-02-01,0.7097589,0.71176094
BiLSTM+Attention,val,77.549099_12.831849,2024-02-01,0.6227543,0.63635004
BiLSTM+Attention,val,77.549099_12.836341,2024-02-01,0.59496975,0.5984937
BiLSTM+Attention,val,77.549099_12.845324,2024-02-01,0.5775679,0.5873198
BiLSTM+Attention,val,77.549099_12.867782,2024-02-01,0.5020413,0.5112659
BiLSTM+Attention,val,77.549099_12.876765,2024-02-01,0.46799365,0.47442788
BiLSTM+Attention,val,77.549099_12.894731,2024-02-01,0.54791033,0.5599234
BiLSTM+Attention,val,77.549099_13.096852,2024-02-01,0.44175464,0.4431616
BiLSTM+Attention,val,77.549099_13.132785,2024-02-01,0.54622537,0.54945505
BiLSTM+Attention,val,77.55359_12.71956,2024-02-01,0.72355664,0.7308634
BiLSTM+Attention,val,77.55359_12.782442,2024-02-01,0.6558438,0.65909606
BiLSTM+Attention,val,77.55359_12.849815,2024-02-01,0.5719153,0.58395463
BiLSTM+Attention,val,77.55359_12.872273,2024-02-01,0.45914555,0.47690696
BiLSTM+Attention,val,77.55359_13.069903,2024-02-01,0.6527311,0.6523831
BiLSTM+Attention,val,77.55359_13.101344,2024-02-01,0.39737162,0.39721298
BiLSTM+Attention,val,77.55359_13.110327,2024-02-01,0.4534146,0.4618054
BiLSTM+Attention,val,77.55359_13.128293,2024-02-01,0.52511007,0.5309733
BiLSTM+Attention,val,77.55359_13.168717,2024-02-01,0.4522328,0.45710212
BiLSTM+Attention,val,77.55359_13.173209,2024-02-01,0.37545842,0.3801415
BiLSTM+Attention,val,77.558082_12.710577,2024-02-01,0.75154454,0.773059
BiLSTM+Attention,val,77.558082_12.827358,2024-02-01,0.64032173,0.644684
BiLSTM+Attention,val,77.558082_12.845324,2024-02-01,0.6188579,0.6285865
BiLSTM+Attention,val,77.558082_13.042953,2024-02-01,0.5939521,0.5929819
BiLSTM+Attention,val,77.558082_13.051936,2024-02-01,0.6241614,0.62828416
BiLSTM+Attention,val,77.558082_13.110327,2024-02-01,0.461616,0.46673638
BiLSTM+Attention,val,77.558082_13.168717,2024-02-01,0.46592164,0.46916032
BiLSTM+Attention,val,77.558082_13.1777,2024-02-01,0.4475633,0.44779903
BiLSTM+Attention,val,77.562574_12.71956,2024-02-01,0.7258055,0.7350772
BiLSTM+Attention,val,77.562574_12.827358,2024-02-01,0.6477109,0.6484061
BiLSTM+Attention,val,77.562574_12.858799,2024-02-01,0.46850604,0.48206216
BiLSTM+Attention,val,77.562574_12.872273,2024-02-01,0.55079055,0.56469584
BiLSTM+Attention,val,77.562574_12.876765,2024-02-01,0.5736184,0.58040833
BiLSTM+Attention,val,77.562574_13.141768,2024-02-01,0.4399815,0.43864775
BiLSTM+Attention,val,77.562574_13.159734,2024-02-01,0.46842545,0.4722762
BiLSTM+Attention,val,77.562574_13.173209,2024-02-01,0.4750851,0.47615582
BiLSTM+Attention,val,77.567065_12.724051,2024-02-01,0.6729162,0.6750619
BiLSTM+Attention,val,77.567065_12.813883,2024-02-01,0.6323448,0.64281017
BiLSTM+Attention,val,77.567065_12.849815,2024-02-01,0.61483634,0.6211113
BiLSTM+Attention,val,77.567065_13.105835,2024-02-01,0.52418447,0.52985734
BiLSTM+Attention,val,77.567065_13.114818,2024-02-01,0.56963336,0.5700442
BiLSTM+Attention,val,77.567065_13.182192,2024-02-01,0.47163174,0.47538483
BiLSTM+Attention,val,77.571557_12.71956,2024-02-01,0.70873237,0.722773
BiLSTM+Attention,val,77.571557_12.800408,2024-02-01,0.63026154,0.6308379
BiLSTM+Attention,val,77.571557_12.813883,2024-02-01,0.701397,0.7072939
BiLSTM+Attention,val,77.571557_12.849815,2024-02-01,0.61862755,0.6234071
BiLSTM+Attention,val,77.571557_13.141768,2024-02-01,0.44414762,0.4417218
BiLSTM+Attention,val,77.571557_13.146259,2024-02-01,0.4475225,0.44845918
BiLSTM+Attention,val,77.576048_12.71956,2024-02-01,0.67494553,0.68466777
BiLSTM+Attention,val,77.576048_12.728543,2024-02-01,0.6710869,0.6702106
BiLSTM+Attention,val,77.576048_12.742018,2024-02-01,0.6683531,0.6842775
BiLSTM+Attention,val,77.576048_12.813883,2024-02-01,0.72097784,0.728446
BiLSTM+Attention,val,77.576048_12.827358,2024-02-01,0.60436505,0.60914284
BiLSTM+Attention,val,77.58054_12.800408,2024-02-01,0.6694614,0.67310727
BiLSTM+Attention,val,77.58054_12.845324,2024-02-01,0.6209876,0.6278057
BiLSTM+Attention,val,77.58054_13.083377,2024-02-01,0.48663372,0.48823166
BiLSTM+Attention,val,77.58054_13.087869,2024-02-01,0.4606296,0.46420354
BiLSTM+Attention,val,77.585031_12.849815,2024-02-01,0.61843145,0.6268505
BiLSTM+Attention,val,77.585031_13.042953,2024-02-01,0.62240815,0.61682725
BiLSTM+Attention,val,77.585031_13.137276,2024-02-01,0.4511974,0.45149362
BiLSTM+Attention,val,77.589523_12.71956,2024-02-01,0.78181833,0.7905737
BiLSTM+Attention,val,77.589523_12.746509,2024-02-01,0.669419,0.67364323
BiLSTM+Attention,val,77.589523_12.854307,2024-02-01,0.566119,0.57819027
BiLSTM+Attention,val,77.589523_12.971088,2024-02-01,0.68557835,0.6718096
BiLSTM+Attention,val,77.589523_13.083377,2024-02-01,0.5704342,0.5667567
BiLSTM+Attention,val,77.589523_13.150751,2024-02-01,0.45667574,0.45967656
BiLSTM+Attention,val,77.594015_12.724051,2024-02-01,0.7590331,0.7616581
BiLSTM+Attention,val,77.594015_12.733034,2024-02-01,0.7297446,0.73391086
BiLSTM+Attention,val,77.594015_12.755492,2024-02-01,0.6316832,0.6391106
BiLSTM+Attention,val,77.594015_12.831849,2024-02-01,0.58092093,0.58480614
BiLSTM+Attention,val,77.594015_12.836341,2024-02-01,0.60057086,0.61323917
BiLSTM+Attention,val,77.594015_12.840832,2024-02-01,0.60109526,0.6139821
BiLSTM+Attention,val,77.594015_12.849815,2024-02-01,0.59193474,0.6012279
BiLSTM+Attention,val,77.594015_12.998037,2024-02-01,0.6794404,0.6751969
BiLSTM+Attention,val,77.594015_13.087869,2024-02-01,0.55510795,0.5509171
BiLSTM+Attention,val,77.598506_12.665661,2024-02-01,0.76138943,0.7824671
BiLSTM+Attention,val,77.598506_12.710577,2024-02-01,0.68948853,0.68533957
BiLSTM+Attention,val,77.598506_12.822866,2024-02-01,0.6057493,0.6117968
BiLSTM+Attention,val,77.598506_12.849815,2024-02-01,0.6319027,0.64130616
BiLSTM+Attention,val,77.598506_13.083377,2024-02-01,0.548123,0.54242784
BiLSTM+Attention,val,77.598506_13.128293,2024-02-01,0.5126441,0.51941496
BiLSTM+Attention,val,77.598506_13.141768,2024-02-01,0.4264239,0.43570942
BiLSTM+Attention,val,77.598506_13.146259,2024-02-01,0.40638778,0.4167041
BiLSTM+Attention,val,77.602998_12.710577,2024-02-01,0.72636867,0.7349643
BiLSTM+Attention,val,77.602998_12.827358,2024-02-01,0.5215197,0.5304803
BiLSTM+Attention,val,77.602998_12.849815,2024-02-01,0.5317251,0.54805285
BiLSTM+Attention,val,77.602998_12.858799,2024-02-01,0.5405084,0.55803084
BiLSTM+Attention,val,77.602998_13.114818,2024-02-01,0.5402437,0.53820336
BiLSTM+Attention,val,77.602998_13.11931,2024-02-01,0.533989,0.53551656
BiLSTM+Attention,val,77.602998_13.128293,2024-02-01,0.4808853,0.48982036
BiLSTM+Attention,val,77.602998_13.164226,2024-02-01,0.44054183,0.44437793
BiLSTM+Attention,val,77.607489_12.768967,2024-02-01,0.5933983,0.59904987
BiLSTM+Attention,val,77.607489_12.773459,2024-02-01,0.56692857,0.57504255
BiLSTM+Attention,val,77.607489_12.791425,2024-02-01,0.55498624,0.557981
BiLSTM+Attention,val,77.607489_12.809391,2024-02-01,0.64152706,0.6493921
BiLSTM+Attention,val,77.607489_12.818374,2024-02-01,0.6693279,0.67394567
BiLSTM+Attention,val,77.607489_13.087869,2024-02-01,0.6442503,0.6388655
BiLSTM+Attention,val,77.611981_12.674644,2024-02-01,0.7563221,0.7701126
BiLSTM+Attention,val,77.611981_12.768967,2024-02-01,0.5497112,0.55628616
BiLSTM+Attention,val,77.611981_12.831849,2024-02-01,0.5572207,0.5610364
BiLSTM+Attention,val,77.611981_12.867782,2024-02-01,0.511873,0.52700603
BiLSTM+Attention,val,77.611981_12.953122,2024-02-01,0.6878382,0.6897646
BiLSTM+Attention,val,77.611981_13.105835,2024-02-01,0.5105675,0.51709867
BiLSTM+Attention,val,77.611981_13.168717,2024-02-01,0.41500652,0.41830003
BiLSTM+Attention,val,77.611981_13.182192,2024-02-01,0.38799754,0.3888514
BiLSTM+Attention,val,77.616473_12.831849,2024-02-01,0.59849703,0.60733426
BiLSTM+Attention,val,77.616473_12.858799,2024-02-01,0.5229512,0.533241
BiLSTM+Attention,val,77.616473_13.114818,2024-02-01,0.53710926,0.53944427
BiLSTM+Attention,val,77.616473_13.141768,2024-02-01,0.46305028,0.46705544
BiLSTM+Attention,val,77.616473_13.1777,2024-02-01,0.3809306,0.38329744
BiLSTM+Attention,val,77.620964_12.674644,2024-02-01,0.7633242,0.77718717
BiLSTM+Attention,val,77.620964_12.795916,2024-02-01,0.5036346,0.5153984
BiLSTM+Attention,val,77.620964_12.813883,2024-02-01,0.49490356,0.50463533
BiLSTM+Attention,val,77.620964_12.845324,2024-02-01,0.6342538,0.6413527
BiLSTM+Attention,val,77.620964_12.858799,2024-02-01,0.50418603,0.5181157
BiLSTM+Attention,val,77.620964_13.132785,2024-02-01,0.5146191,0.5158433
BiLSTM+Attention,val,77.625456_12.782442,2024-02-01,0.5327295,0.54274356
BiLSTM+Attention,val,77.625456_12.858799,2024-02-01,0.46967924,0.47767437
BiLSTM+Attention,val,77.625456_13.065411,2024-02-01,0.41089988,0.40342218
BiLSTM+Attention,val,77.625456_13.128293,2024-02-01,0.51835316,0.5243441
BiLSTM+Attention,val,77.625456_13.137276,2024-02-01,0.45304278,0.4577301
BiLSTM+Attention,val,77.625456_13.155243,2024-02-01,0.5730042,0.5760199
BiLSTM+Attention,val,77.625456_13.182192,2024-02-01,0.41541338,0.4163441
BiLSTM+Attention,val,77.629947_12.795916,2024-02-01,0.7122119,0.724644
BiLSTM+Attention,val,77.629947_12.809391,2024-02-01,0.51728994,0.5211159
BiLSTM+Attention,val,77.629947_12.836341,2024-02-01,0.57426,0.5799334
BiLSTM+Attention,val,77.629947_12.854307,2024-02-01,0.5233481,0.52657425
BiLSTM+Attention,val,77.629947_12.858799,2024-02-01,0.4917502,0.4999224
BiLSTM+Attention,val,77.629947_13.06092,2024-02-01,0.4341423,0.43113118
BiLSTM+Attention,val,77.629947_13.087869,2024-02-01,0.43444476,0.431131
BiLSTM+Attention,val,77.629947_13.1777,2024-02-01,0.44271207,0.44284016
BiLSTM+Attention,val,77.634439_12.679136,2024-02-01,0.70811534,0.71850324
BiLSTM+Attention,val,77.634439_12.701593,2024-02-01,0.6546463,0.66209704
BiLSTM+Attention,val,77.634439_12.733034,2024-02-01,0.5080822,0.51301074
BiLSTM+Attention,val,77.634439_12.746509,2024-02-01,0.54200584,0.5509501
BiLSTM+Attention,val,77.634439_12.751001,2024-02-01,0.5380731,0.5375833
BiLSTM+Attention,val,77.634439_12.849815,2024-02-01,0.5288346,0.54231083
BiLSTM+Attention,val,77.634439_13.047445,2024-02-01,0.49459785,0.49712276
BiLSTM+Attention,val,77.634439_13.083377,2024-02-01,0.3966845,0.39324063
BiLSTM+Attention,val,77.634439_13.137276,2024-02-01,0.41142187,0.40855205
BiLSTM+Attention,val,77.63893_12.688119,2024-02-01,0.6476117,0.6596382
BiLSTM+Attention,val,77.63893_12.742018,2024-02-01,0.5574553,0.5590669
BiLSTM+Attention,val,77.63893_12.791425,2024-02-01,0.5505665,0.5608945
BiLSTM+Attention,val,77.63893_12.800408,2024-02-01,0.50435156,0.51153576
BiLSTM+Attention,val,77.63893_12.818374,2024-02-01,0.5223642,0.5249989
BiLSTM+Attention,val,77.63893_12.840832,2024-02-01,0.6005605,0.60816914
BiLSTM+Attention,val,77.63893_12.872273,2024-02-01,0.4444553,0.4542367
BiLSTM+Attention,val,77.63893_12.917189,2024-02-01,0.6858772,0.7000511
BiLSTM+Attention,val,77.63893_12.989054,2024-02-01,0.59640694,0.60066557
BiLSTM+Attention,val,77.63893_13.056428,2024-02-01,0.45539665,0.46001565
BiLSTM+Attention,val,77.63893_13.078886,2024-02-01,0.40216807,0.400526
BiLSTM+Attention,val,77.63893_13.083377,2024-02-01,0.39095038,0.38559783
BiLSTM+Attention,val,77.63893_13.1777,2024-02-01,0.42413187,0.4233801
BiLSTM+Attention,val,77.643422_12.795916,2024-02-01,0.5268572,0.5328698
BiLSTM+Attention,val,77.643422_12.800408,2024-02-01,0.5092777,0.5170331
BiLSTM+Attention,val,77.643422_12.809391,2024-02-01,0.5365871,0.5484134
BiLSTM+Attention,val,77.643422_12.867782,2024-02-01,0.48273388,0.49150735
BiLSTM+Attention,val,77.643422_13.002529,2024-02-01,0.52181596,0.53570247
BiLSTM+Attention,val,77.643422_13.038462,2024-02-01,0.5183315,0.52070427
BiLSTM+Attention,val,77.643422_13.164226,2024-02-01,0.5303646,0.5331437
BiLSTM+Attention,val,77.647914_12.688119,2024-02-01,0.6865232,0.7009514
BiLSTM+Attention,val,77.647914_12.733034,2024-02-01,0.54073185,0.54814994
BiLSTM+Attention,val,77.647914_12.881256,2024-02-01,0.49751526,0.5158084
BiLSTM+Attention,val,77.647914_12.935155,2024-02-01,0.632683,0.63530445
BiLSTM+Attention,val,77.647914_13.141768,2024-02-01,0.56143254,0.56290144
BiLSTM+Attention,val,77.647914_13.168717,2024-02-01,0.60037756,0.6133171
BiLSTM+Attention,val,77.652405_12.697102,2024-02-01,0.65142083,0.6615946
BiLSTM+Attention,val,77.652405_12.773459,2024-02-01,0.5131444,0.5118678
BiLSTM+Attention,val,77.652405_12.795916,2024-02-01,0.48802078,0.49053454
BiLSTM+Attention,val,77.652405_12.8049,2024-02-01,0.54362357,0.55416596
BiLSTM+Attention,val,77.652405_12.858799,2024-02-01,0.634313,0.6385401
BiLSTM+Attention,val,77.652405_12.926172,2024-02-01,0.62199146,0.632447
BiLSTM+Attention,val,77.652405_13.002529,2024-02-01,0.51041555,0.52595377
BiLSTM+Attention,val,77.656897_12.742018,2024-02-01,0.56807053,0.5796296
BiLSTM+Attention,val,77.656897_12.746509,2024-02-01,0.54803437,0.55173707
BiLSTM+Attention,val,77.656897_12.768967,2024-02-01,0.5641699,0.5668989
BiLSTM+Attention,val,77.656897_12.791425,2024-02-01,0.5062963,0.51661545
BiLSTM+Attention,val,77.656897_12.800408,2024-02-01,0.55874693,0.5666343
BiLSTM+Attention,val,77.656897_12.831849,2024-02-01,0.56250805,0.57350713
BiLSTM+Attention,val,77.656897_12.849815,2024-02-01,0.45503905,0.46370918
BiLSTM+Attention,val,77.656897_12.939647,2024-02-01,0.56745154,0.57966214
BiLSTM+Attention,val,77.656897_13.101344,2024-02-01,0.42175785,0.42234772
BiLSTM+Attention,val,77.656897_13.164226,2024-02-01,0.43289116,0.43929166
BiLSTM+Attention,val,77.656897_13.173209,2024-02-01,0.4047111,0.39830804
BiLSTM+Attention,val,77.661388_12.737526,2024-02-01,0.5709043,0.5725606
BiLSTM+Attention,val,77.661388_12.759984,2024-02-01,0.5779922,0.5845827
BiLSTM+Attention,val,77.661388_13.056428,2024-02-01,0.47607216,0.47695363
BiLSTM+Attention,val,77.661388_13.074394,2024-02-01,0.47723156,0.47528285
BiLSTM+Attention,val,77.661388_13.087869,2024-02-01,0.42973712,0.43507367
BiLSTM+Attention,val,77.661388_13.101344,2024-02-01,0.4176325,0.420507
BiLSTM+Attention,val,77.661388_13.110327,2024-02-01,0.47901383,0.4845993
BiLSTM+Attention,val,77.661388_13.11931,2024-02-01,0.53242344,0.5393908
BiLSTM+Attention,val,77.66588_12.679136,2024-02-01,0.6401084,0.6429525
BiLSTM+Attention,val,77.66588_12.697102,2024-02-01,0.6055029,0.6053038
BiLSTM+Attention,val,77.66588_12.715068,2024-02-01,0.58211964,0.5850037
BiLSTM+Attention,val,77.66588_12.724051,2024-02-01,0.57433575,0.5860425
BiLSTM+Attention,val,77.66588_12.751001,2024-02-01,0.53800446,0.540502
BiLSTM+Attention,val,77.66588_12.755492,2024-02-01,0.58154815,0.5922272
BiLSTM+Attention,val,77.66588_12.764475,2024-02-01,0.55975103,0.5701777
BiLSTM+Attention,val,77.66588_12.768967,2024-02-01,0.6881958,0.6957949
BiLSTM+Attention,val,77.66588_12.791425,2024-02-01,0.59510356,0.6076612
BiLSTM+Attention,val,77.66588_12.953122,2024-02-01,0.58843607,0.58718145
BiLSTM+Attention,val,77.66588_13.038462,2024-02-01,0.487815,0.4899916
BiLSTM+Attention,val,77.66588_13.051936,2024-02-01,0.5136951,0.51587105
BiLSTM+Attention,val,77.66588_13.173209,2024-02-01,0.41141883,0.41165328
BiLSTM+Attention,val,77.670371_12.71956,2024-02-01,0.5752003,0.58410287
BiLSTM+Attention,val,77.670371_12.86329,2024-02-01,0.48913053,0.508017
BiLSTM+Attention,val,77.670371_12.881256,2024-02-01,0.48002794,0.4901932
BiLSTM+Attention,val,77.670371_12.894731,2024-02-01,0.42732802,0.4287568
BiLSTM+Attention,val,77.670371_13.069903,2024-02-01,0.41740853,0.41467106
BiLSTM+Attention,val,77.670371_13.083377,2024-02-01,0.3783292,0.3795542
BiLSTM+Attention,val,77.670371_13.092361,2024-02-01,0.3816693,0.3865658
BiLSTM+Attention,val,77.670371_13.128293,2024-02-01,0.46291643,0.46096504
BiLSTM+Attention,val,77.674863_12.674644,2024-02-01,0.67803085,0.6879695
BiLSTM+Attention,val,77.674863_12.71956,2024-02-01,0.58435917,0.591206
BiLSTM+Attention,val,77.674863_12.755492,2024-02-01,0.5256721,0.5282889
BiLSTM+Attention,val,77.674863_12.764475,2024-02-01,0.5402547,0.54744035
BiLSTM+Attention,val,77.674863_12.786933,2024-02-01,0.56944144,0.5764597
BiLSTM+Attention,val,77.674863_12.836341,2024-02-01,0.5117842,0.51909083
BiLSTM+Attention,val,77.674863_12.867782,2024-02-01,0.6635178,0.66534513
BiLSTM+Attention,val,77.674863_13.051936,2024-02-01,0.5225299,0.5258263
BiLSTM+Attention,val,77.674863_13.069903,2024-02-01,0.3994407,0.3986537
BiLSTM+Attention,val,77.674863_13.092361,2024-02-01,0.40144584,0.40751523
BiLSTM+Attention,val,77.674863_13.105835,2024-02-01,0.45588303,0.46144903
BiLSTM+Attention,val,77.679355_12.697102,2024-02-01,0.5510583,0.5510059
BiLSTM+Attention,val,77.679355_12.746509,2024-02-01,0.637435,0.6410946
BiLSTM+Attention,val,77.679355_12.881256,2024-02-01,0.5058982,0.52426213
BiLSTM+Attention,val,77.679355_12.89024,2024-02-01,0.51888114,0.5276841
BiLSTM+Attention,val,77.679355_12.899223,2024-02-01,0.4402591,0.4425233
BiLSTM+Attention,val,77.679355_13.047445,2024-02-01,0.6998269,0.70437324
BiLSTM+Attention,val,77.679355_13.056428,2024-02-01,0.49433008,0.49651992
BiLSTM+Attention,val,77.679355_13.074394,2024-02-01,0.41820708,0.4190203
BiLSTM+Attention,val,77.679355_13.101344,2024-02-01,0.41949868,0.42737076
BiLSTM+Attention,val,77.679355_13.141768,2024-02-01,0.45332167,0.4550928
BiLSTM+Attention,val,77.679355_13.155243,2024-02-01,0.38120866,0.37549272
BiLSTM+Attention,val,77.679355_13.159734,2024-02-01,0.405589,0.40144637
BiLSTM+Attention,val,77.683846_12.728543,2024-02-01,0.56799805,0.567671
BiLSTM+Attention,val,77.683846_12.742018,2024-02-01,0.5036637,0.5094386
BiLSTM+Attention,val,77.683846_12.755492,2024-02-01,0.6796966,0.6935421
BiLSTM+Attention,val,77.683846_12.795916,2024-02-01,0.5477902,0.55228364
BiLSTM+Attention,val,77.683846_12.8049,2024-02-01,0.5066923,0.518722
BiLSTM+Attention,val,77.683846_12.836341,2024-02-01,0.55607414,0.5671145
BiLSTM+Attention,val,77.683846_12.840832,2024-02-01,0.5644326,0.57266
BiLSTM+Attention,val,77.683846_12.894731,2024-02-01,0.5325867,0.5429812
BiLSTM+Attention,val,77.683846_12.917189,2024-02-01,0.44598138,0.44269592
BiLSTM+Attention,val,77.683846_12.939647,2024-02-01,0.68233675,0.6938621
BiLSTM+Attention,val,77.683846_13.029478,2024-02-01,0.37369445,0.37217277
BiLSTM+Attention,val,77.683846_13.06092,2024-02-01,0.46718928,0.46900028
BiLSTM+Attention,val,77.683846_13.074394,2024-02-01,0.38575915,0.38547522
BiLSTM+Attention,val,77.683846_13.11931,2024-02-01,0.36479932,0.36305243
BiLSTM+Attention,val,77.683846_13.123802,2024-02-01,0.41314554,0.41428494
BiLSTM+Attention,val,77.688338_12.656678,2024-02-01,0.68875325,0.6969351
BiLSTM+Attention,val,77.688338_12.69261,2024-02-01,0.7314796,0.7383093
BiLSTM+Attention,val,77.688338_12.697102,2024-02-01,0.73685026,0.73969305
BiLSTM+Attention,val,77.688338_12.710577,2024-02-01,0.7341851,0.74743336
BiLSTM+Attention,val,77.688338_12.751001,2024-02-01,0.57970256,0.59026384
BiLSTM+Attention,val,77.688338_12.755492,2024-02-01,0.5521567,0.5597759
BiLSTM+Attention,val,77.688338_12.876765,2024-02-01,0.7217394,0.7224794
BiLSTM+Attention,val,77.688338_12.885748,2024-02-01,0.5448394,0.5559695
BiLSTM+Attention,val,77.688338_12.966596,2024-02-01,0.5596784,0.5751425
BiLSTM+Attention,val,77.692829_12.746509,2024-02-01,0.48070493,0.48402095
BiLSTM+Attention,val,77.692829_12.800408,2024-02-01,0.50986904,0.51192653
BiLSTM+Attention,val,77.692829_12.845324,2024-02-01,0.57374334,0.5839578
BiLSTM+Attention,val,77.692829_12.885748,2024-02-01,0.5704633,0.5786635
BiLSTM+Attention,val,77.692829_12.899223,2024-02-01,0.49557915,0.5000248
BiLSTM+Attention,val,77.692829_13.047445,2024-02-01,0.67270285,0.68797505
BiLSTM+Attention,val,77.692829_13.06092,2024-02-01,0.56226146,0.5636212
BiLSTM+Attention,val,77.692829_13.065411,2024-02-01,0.5155291,0.5163685
BiLSTM+Attention,val,77.692829_13.083377,2024-02-01,0.3826219,0.38366872
BiLSTM+Attention,val,77.692829_13.096852,2024-02-01,0.3644696,0.36358914
BiLSTM+Attention,val,77.692829_13.132785,2024-02-01,0.34306476,0.34164613
BiLSTM+Attention,val,77.692829_13.155243,2024-02-01,0.38233933,0.3786903
BiLSTM+Attention,val,77.697321_12.697102,2024-02-01,0.73965275,0.75021076
BiLSTM+Attention,val,77.697321_12.751001,2024-02-01,0.54442084,0.55156595
BiLSTM+Attention,val,77.697321_12.773459,2024-02-01,0.5117262,0.5098685
BiLSTM+Attention,val,77.697321_12.791425,2024-02-01,0.59479076,0.604972
BiLSTM+Attention,val,77.697321_12.885748,2024-02-01,0.5738957,0.58310044
BiLSTM+Attention,val,77.697321_12.894731,2024-02-01,0.51101184,0.5097976
BiLSTM+Attention,val,77.697321_12.930664,2024-02-01,0.5303878,0.5424306
BiLSTM+Attention,val,77.697321_12.966596,2024-02-01,0.53495854,0.5511811
BiLSTM+Attention,val,77.697321_13.132785,2024-02-01,0.34306476,0.3420264
BiLSTM+Attention,val,77.697321_13.150751,2024-02-01,0.39806986,0.39231366
BiLSTM+Attention,val,77.697321_13.1777,2024-02-01,0.49173713,0.49887985
BiLSTM+Attention,val,77.701812_12.742018,2024-02-01,0.5447119,0.54329073
BiLSTM+Attention,val,77.701812_12.77795,2024-02-01,0.511083,0.5161549
BiLSTM+Attention,val,77.701812_12.8049,2024-02-01,0.58167404,0.5961681
BiLSTM+Attention,val,77.701812_12.822866,2024-02-01,0.5512868,0.55776465
BiLSTM+Attention,val,77.701812_12.872273,2024-02-01,0.5064184,0.5183156
BiLSTM+Attention,val,77.701812_12.984563,2024-02-01,0.46602222,0.47339475
BiLSTM+Attention,val,77.701812_13.03397,2024-02-01,0.4357148,0.4387753
BiLSTM+Attention,val,77.701812_13.114818,2024-02-01,0.42815357,0.4361185
BiLSTM+Attention,val,77.701812_13.164226,2024-02-01,0.424577,0.42557386
BiLSTM+Attention,val,77.706304_12.746509,2024-02-01,0.5579351,0.55610234
BiLSTM+Attention,val,77.706304_12.751001,2024-02-01,0.5646699,0.57301617
BiLSTM+Attention,val,77.706304_12.759984,2024-02-01,0.481465,0.48639607
BiLSTM+Attention,val,77.706304_12.764475,2024-02-01,0.5189245,0.52307767
BiLSTM+Attention,val,77.706304_12.86329,2024-02-01,0.45825753,0.46032512
BiLSTM+Attention,val,77.706304_12.984563,2024-02-01,0.47333932,0.47853452
BiLSTM+Attention,val,77.706304_13.038462,2024-02-01,0.442429,0.44495386
BiLSTM+Attention,val,77.706304_13.042953,2024-02-01,0.4939407,0.49620456
BiLSTM+Attention,val,77.706304_13.137276,2024-02-01,0.5912004,0.60420036
BiLSTM+Attention,val,77.710796_12.715068,2024-02-01,0.6173306,0.6269306
BiLSTM+Attention,val,77.710796_12.894731,2024-02-01,0.5887814,0.60453564
BiLSTM+Attention,val,77.710796_12.899223,2024-02-01,0.53790426,0.551147
BiLSTM+Attention,val,77.710796_12.912697,2024-02-01,0.47162205,0.46835577
BiLSTM+Attention,val,77.710796_13.03397,2024-02-01,0.42731512,0.42667273
BiLSTM+Attention,val,77.710796_13.11931,2024-02-01,0.39900675,0.4033895
BiLSTM+Attention,val,77.710796_13.123802,2024-02-01,0.3683992,0.36645228
BiLSTM+Attention,val,77.710796_13.132785,2024-02-01,0.39633378,0.38876787
BiLSTM+Attention,val,77.710796_13.150751,2024-02-01,0.37545705,0.37258524
BiLSTM+Attention,val,77.710796_13.168717,2024-02-01,0.4440218,0.4470098
BiLSTM+Attention,val,77.710796_13.173209,2024-02-01,0.4526369,0.45943516
BiLSTM+Attention,val,77.715287_12.679136,2024-02-01,0.6751931,0.69313174
BiLSTM+Attention,val,77.715287_12.742018,2024-02-01,0.54566795,0.5448182
BiLSTM+Attention,val,77.715287_12.773459,2024-02-01,0.51067495,0.50876945
BiLSTM+Attention,val,77.715287_12.822866,2024-02-01,0.5701331,0.5722904
BiLSTM+Attention,val,77.715287_12.827358,2024-02-01,0.5383876,0.54151255
BiLSTM+Attention,val,77.715287_12.845324,2024-02-01,0.48612782,0.49345225
BiLSTM+Attention,val,77.715287_12.885748,2024-02-01,0.5571835,0.56328636
BiLSTM+Attention,val,77.715287_12.899223,2024-02-01,0.45387036,0.46066737
BiLSTM+Attention,val,77.715287_12.939647,2024-02-01,0.69600457,0.71130866
BiLSTM+Attention,val,77.715287_12.944139,2024-02-01,0.7248348,0.7388142
BiLSTM+Attention,val,77.715287_12.94863,2024-02-01,0.57207346,0.58430266
BiLSTM+Attention,val,77.715287_13.016004,2024-02-01,0.5079047,0.52503186
BiLSTM+Attention,val,77.715287_13.029478,2024-02-01,0.38937593,0.39265597
BiLSTM+Attention,val,77.715287_13.038462,2024-02-01,0.5120206,0.5188173
BiLSTM+Attention,val,77.715287_13.051936,2024-02-01,0.500415,0.502619
BiLSTM+Attention,val,77.715287_13.056428,2024-02-01,0.43363193,0.4302101
BiLSTM+Attention,val,77.715287_13.096852,2024-02-01,0.32810593,0.3322264
BiLSTM+Attention,val,77.715287_13.114818,2024-02-01,0.4640567,0.47271937
BiLSTM+Attention,val,77.715287_13.128293,2024-02-01,0.40892202,0.40551668
BiLSTM+Attention,val,77.719779_12.706085,2024-02-01,0.63304657,0.6383587
BiLSTM+Attention,val,77.719779_12.746509,2024-02-01,0.66848123,0.67368835
BiLSTM+Attention,val,77.719779_12.795916,2024-02-01,0.5297147,0.5408505
BiLSTM+Attention,val,77.719779_12.840832,2024-02-01,0.56707567,0.57945937
BiLSTM+Attention,val,77.719779_12.903714,2024-02-01,0.4516407,0.45225513
BiLSTM+Attention,val,77.719779_13.069903,2024-02-01,0.3985647,0.39512348
BiLSTM+Attention,val,77.719779_13.105835,2024-02-01,0.4221642,0.4224707
BiLSTM+Attention,val,77.719779_13.123802,2024-02-01,0.37920403,0.37452966
BiLSTM+Attention,val,77.719779_13.137276,2024-02-01,0.38471368,0.38036048
BiLSTM+Attention,val,77.719779_13.155243,2024-02-01,0.37598446,0.378268
BiLSTM+Attention,val,77.72427_12.674644,2024-02-01,0.5820824,0.5864199
BiLSTM+Attention,val,77.72427_12.697102,2024-02-01,0.50940895,0.5136257
BiLSTM+Attention,val,77.72427_12.701593,2024-02-01,0.53629315,0.53778833
BiLSTM+Attention,val,77.72427_12.724051,2024-02-01,0.5771933,0.57538974
BiLSTM+Attention,val,77.72427_12.786933,2024-02-01,0.5537987,0.55785906
BiLSTM+Attention,val,77.72427_12.791425,2024-02-01,0.55220664,0.5604213
BiLSTM+Attention,val,77.72427_12.840832,2024-02-01,0.54672754,0.5547897
BiLSTM+Attention,val,77.72427_12.867782,2024-02-01,0.49123585,0.4985867
BiLSTM+Attention,val,77.72427_12.885748,2024-02-01,0.52756846,0.5354412
BiLSTM+Attention,val,77.72427_13.024987,2024-02-01,0.6976603,0.7072921
BiLSTM+Attention,val,77.72427_13.06092,2024-02-01,0.4167441,0.41663224
BiLSTM+Attention,val,77.72427_13.074394,2024-02-01,0.42653114,0.4268952
BiLSTM+Attention,val,77.728762_12.706085,2024-02-01,0.6071866,0.61621875
BiLSTM+Attention,val,77.728762_12.724051,2024-02-01,0.6437679,0.6506116
BiLSTM+Attention,val,77.728762_12.759984,2024-02-01,0.5511275,0.559296
BiLSTM+Attention,val,77.728762_12.782442,2024-02-01,0.5741403,0.5822707
BiLSTM+Attention,val,77.728762_12.809391,2024-02-01,0.56451505,0.5698116
BiLSTM+Attention,val,77.728762_12.858799,2024-02-01,0.56293136,0.5791742
BiLSTM+Attention,val,77.728762_12.876765,2024-02-01,0.57357526,0.5848258
BiLSTM+Attention,val,77.728762_12.885748,2024-02-01,0.51638347,0.5245345
BiLSTM+Attention,val,77.728762_13.016004,2024-02-01,0.68573976,0.69778305
BiLSTM+Attention,val,77.728762_13.047445,2024-02-01,0.48111743,0.47942066
BiLSTM+Attention,val,77.728762_13.087869,2024-02-01,0.4504245,0.46173513
BiLSTM+Attention,val,77.728762_13.092361,2024-02-01,0.41231754,0.41141677
BiLSTM+Attention,val,77.733253_12.755492,2024-02-01,0.5217622,0.52245915
BiLSTM+Attention,val,77.733253_12.795916,2024-02-01,0.5237575,0.5293819
BiLSTM+Attention,val,77.733253_12.86329,2024-02-01,0.5761752,0.5913645
BiLSTM+Attention,val,77.733253_12.872273,2024-02-01,0.5597431,0.57808805
BiLSTM+Attention,val,77.733253_12.998037,2024-02-01,0.59121877,0.60665697
BiLSTM+Attention,val,77.733253_13.056428,2024-02-01,0.39344597,0.39520317
BiLSTM+Attention,val,77.737745_12.764475,2024-02-01,0.49957922,0.49799722
BiLSTM+Attention,val,77.737745_12.791425,2024-02-01,0.54251575,0.553684
BiLSTM+Attention,val,77.737745_12.809391,2024-02-01,0.53826845,0.5418206
BiLSTM+Attention,val,77.737745_12.858799,2024-02-01,0.54195976,0.55526716
BiLSTM+Attention,val,77.737745_12.872273,2024-02-01,0.5671387,0.5825304
BiLSTM+Attention,val,77.737745_12.881256,2024-02-01,0.58740056,0.6022024
BiLSTM+Attention,val,77.737745_13.051936,2024-02-01,0.41740796,0.41887185
BiLSTM+Attention,val,77.737745_13.06092,2024-02-01,0.42227614,0.42266658
BiLSTM+Attention,val,77.737745_13.078886,2024-02-01,0.44928694,0.45481598
BiLSTM+Attention,val,77.737745_13.101344,2024-02-01,0.37485808,0.37373346
BiLSTM+Attention,val,77.742237_12.697102,2024-02-01,0.64945287,0.6614809
BiLSTM+Attention,val,77.742237_12.764475,2024-02-01,0.5143335,0.5146393
BiLSTM+Attention,val,77.742237_12.795916,2024-02-01,0.5089384,0.51322407
BiLSTM+Attention,val,77.742237_12.8049,2024-02-01,0.551738,0.55995667
BiLSTM+Attention,val,77.742237_12.86329,2024-02-01,0.48198393,0.48755658
BiLSTM+Attention,val,77.742237_12.867782,2024-02-01,0.5721296,0.5847405
BiLSTM+Attention,val,77.742237_12.89024,2024-02-01,0.57300967,0.58338505
BiLSTM+Attention,val,77.742237_12.899223,2024-02-01,0.55361074,0.5659961
BiLSTM+Attention,val,77.742237_12.921681,2024-02-01,0.50308007,0.49855775
BiLSTM+Attention,val,77.742237_12.980071,2024-02-01,0.5421285,0.55295104
BiLSTM+Attention,val,77.742237_13.002529,2024-02-01,0.558812,0.57593256
BiLSTM+Attention,val,77.742237_13.016004,2024-02-01,0.5661413,0.5812462
BiLSTM+Attention,val,77.742237_13.038462,2024-02-01,0.39557728,0.3976674
BiLSTM+Attention,val,77.742237_13.074394,2024-02-01,0.3724976,0.37344745
BiLSTM+Attention,val,77.742237_13.078886,2024-02-01,0.4352183,0.43886602
BiLSTM+Attention,val,77.742237_13.101344,2024-02-01,0.3970256,0.39814723
BiLSTM+Attention,val,77.746728_12.751001,2024-02-01,0.54245055,0.55005103
BiLSTM+Attention,val,77.746728_12.764475,2024-02-01,0.53366417,0.5393262
BiLSTM+Attention,val,77.746728_12.782442,2024-02-01,0.5690949,0.57911474
BiLSTM+Attention,val,77.746728_12.97558,2024-02-01,0.5626577,0.56979203
BiLSTM+Attention,val,77.746728_12.984563,2024-02-01,0.55278873,0.5674053
BiLSTM+Attention,val,77.746728_13.016004,2024-02-01,0.57823044,0.58830005
BiLSTM+Attention,val,77.746728_13.020495,2024-02-01,0.6067049,0.6187406
BiLSTM+Attention,val,77.746728_13.024987,2024-02-01,0.51616794,0.52192724
BiLSTM+Attention,val,77.746728_13.038462,2024-02-01,0.42407027,0.4275599
BiLSTM+Attention,val,77.746728_13.06092,2024-02-01,0.38236696,0.38261378
BiLSTM+Attention,val,77.746728_13.083377,2024-02-01,0.43451548,0.43749502
BiLSTM+Attention,val,77.746728_13.092361,2024-02-01,0.3922479,0.3911299
BiLSTM+Attention,val,77.75122_12.751001,2024-02-01,0.5321701,0.5362286
BiLSTM+Attention,val,77.75122_12.755492,2024-02-01,0.57627165,0.5841973
BiLSTM+Attention,val,77.75122_12.768967,2024-02-01,0.49737197,0.5020376
BiLSTM+Attention,val,77.75122_12.77795,2024-02-01,0.5356669,0.5447634
BiLSTM+Attention,val,77.75122_12.894731,2024-02-01,0.49579978,0.50174415
BiLSTM+Attention,val,77.75122_12.993546,2024-02-01,0.49343982,0.5062828
BiLSTM+Attention,val,77.75122_13.020495,2024-02-01,0.53981876,0.5521293
BiLSTM+Attention,val,77.75122_13.03397,2024-02-01,0.43501198,0.44111758
BiLSTM+Attention,val,77.75122_13.038462,2024-02-01,0.40414312,0.40876168
BiLSTM+Attention,val,77.755711_12.706085,2024-02-01,0.564644,0.57231396
BiLSTM+Attention,val,77.755711_12.764475,2024-02-01,0.7303782,0.75295264
BiLSTM+Attention,val,77.755711_12.77795,2024-02-01,0.5184255,0.52667654
BiLSTM+Attention,val,77.755711_12.822866,2024-02-01,0.522412,0.5277435
BiLSTM+Attention,val,77.755711_12.831849,2024-02-01,0.49679536,0.50012136
BiLSTM+Attention,val,77.755711_12.858799,2024-02-01,0.5448854,0.5552872
BiLSTM+Attention,val,77.755711_12.885748,2024-02-01,0.53234357,0.5414947
BiLSTM+Attention,val,77.755711_12.899223,2024-02-01,0.46283782,0.46609777
BiLSTM+Attention,val,77.755711_12.903714,2024-02-01,0.5174932,0.5232614
BiLSTM+Attention,val,77.755711_12.926172,2024-02-01,0.53876436,0.5485339
BiLSTM+Attention,val,77.760203_12.751001,2024-02-01,0.5286969,0.53451025
BiLSTM+Attention,val,77.760203_12.795916,2024-02-01,0.50986147,0.51381034
BiLSTM+Attention,val,77.760203_12.818374,2024-02-01,0.5990473,0.6145439
BiLSTM+Attention,val,77.760203_12.867782,2024-02-01,0.5033448,0.51328385
BiLSTM+Attention,val,77.760203_12.872273,2024-02-01,0.5156193,0.52650726
BiLSTM+Attention,val,77.760203_12.876765,2024-02-01,0.4867754,0.49420232
BiLSTM+Attention,val,77.760203_12.885748,2024-02-01,0.5029346,0.50446045
BiLSTM+Attention,val,77.760203_12.984563,2024-02-01,0.55127096,0.56445104
BiLSTM+Attention,val,77.764695_12.742018,2024-02-01,0.64150476,0.6511171
BiLSTM+Attention,val,77.764695_12.746509,2024-02-01,0.62910026,0.6376129
BiLSTM+Attention,val,77.764695_12.813883,2024-02-01,0.55579436,0.55993754
BiLSTM+Attention,val,77.764695_12.849815,2024-02-01,0.5298977,0.53608865
BiLSTM+Attention,val,77.764695_12.885748,2024-02-01,0.5275986,0.52923477
BiLSTM+Attention,val,77.764695_12.912697,2024-02-01,0.5346703,0.53771704
BiLSTM+Attention,val,77.764695_13.03397,2024-02-01,0.38308573,0.3852825
BiLSTM+Attention,val,77.769186_12.751001,2024-02-01,0.6517879,0.6577233
BiLSTM+Attention,val,77.769186_12.791425,2024-02-01,0.4995235,0.50093216
BiLSTM+Attention,val,77.769186_12.800408,2024-02-01,0.5521689,0.5615833
BiLSTM+Attention,val,77.769186_12.8049,2024-02-01,0.58496356,0.5968311
BiLSTM+Attention,val,77.769186_12.809391,2024-02-01,0.52128714,0.5273657
BiLSTM+Attention,val,77.769186_12.876765,2024-02-01,0.54584706,0.5623572
BiLSTM+Attention,val,77.769186_12.894731,2024-02-01,0.5081726,0.51941085
BiLSTM+Attention,val,77.769186_13.016004,2024-02-01,0.49324995,0.5004351
BiLSTM+Attention,val,77.773678_12.746509,2024-02-01,0.6454088,0.6443015
BiLSTM+Attention,val,77.773678_12.858799,2024-02-01,0.48780048,0.49007
BiLSTM+Attention,val,77.773678_12.885748,2024-02-01,0.4988718,0.50084746
BiLSTM+Attention,val,77.773678_12.899223,2024-02-01,0.4752183,0.47790557
BiLSTM+Attention,val,77.773678_12.908206,2024-02-01,0.5129614,0.51851124
BiLSTM+Attention,val,77.778169_12.809391,2024-02-01,0.48357496,0.48512447
BiLSTM+Attention,val,77.778169_12.885748,2024-02-01,0.5174593,0.53011906
BiLSTM+Attention,val,77.782661_12.786933,2024-02-01,0.5015587,0.5091026
BiLSTM+Attention,val,77.782661_12.791425,2024-02-01,0.52955645,0.54274595
BiLSTM+Attention,val,77.782661_12.89024,2024-02-01,0.5103851,0.5193512
BiLSTM+Attention,val,77.787152_12.786933,2024-02-01,0.51540846,0.5259915
BiLSTM+Attention,val,77.787152_12.849815,2024-02-01,0.4899211,0.4963817
BiLSTM+Attention,val,77.787152_12.867782,2024-02-01,0.5003124,0.50288427
BiLSTM+Attention,val,77.791644_12.8049,2024-02-01,0.5149707,0.5259481
BiLSTM+Attention,val,77.791644_12.899223,2024-02-01,0.4991211,0.50612587
BiLSTM+Attention,val,77.796136_12.854307,2024-02-01,0.488893,0.49488258
BiLSTM+Attention,val,77.796136_12.885748,2024-02-01,0.55170435,0.5619669
BiLSTM+Attention,val,77.800627_12.876765,2024-02-01,0.5445593,0.55328536
BiLSTM+Attention,val,77.800627_12.885748,2024-02-01,0.5119741,0.5150444
BiLSTM+Attention,val,77.805119_12.876765,2024-02-01,0.5519485,0.5619451
BiLSTM+Attention,val,77.805119_12.89024,2024-02-01,0.54106086,0.552218
BiLSTM+Attention,val,77.80961_12.858799,2024-02-01,0.5571514,0.5684505
BiLSTM+Attention,val,77.80961_12.86329,2024-02-01,0.53557307,0.54768115
BiLSTM+Attention,val,77.329012_12.944139,2024-03-01,0.46163604,0.46097857
BiLSTM+Attention,val,77.329012_12.962105,2024-03-01,0.6323287,0.6392563
BiLSTM+Attention,val,77.337995_12.921681,2024-03-01,0.5819047,0.5859795
BiLSTM+Attention,val,77.342486_12.926172,2024-03-01,0.62031126,0.63014996
BiLSTM+Attention,val,77.342486_12.935155,2024-03-01,0.64133775,0.65247107
BiLSTM+Attention,val,77.342486_12.944139,2024-03-01,0.60975826,0.6160436
BiLSTM+Attention,val,77.346978_12.86329,2024-03-01,0.50787616,0.5189606
BiLSTM+Attention,val,77.346978_12.962105,2024-03-01,0.4691058,0.4581253
BiLSTM+Attention,val,77.351469_12.89024,2024-03-01,0.4825741,0.49703753
BiLSTM+Attention,val,77.351469_12.930664,2024-03-01,0.6452224,0.6564366
BiLSTM+Attention,val,77.351469_12.939647,2024-03-01,0.6258475,0.63154143
BiLSTM+Attention,val,77.355961_12.899223,2024-03-01,0.49744385,0.500107
BiLSTM+Attention,val,77.355961_12.94863,2024-03-01,0.43681794,0.43472305
BiLSTM+Attention,val,77.355961_12.962105,2024-03-01,0.6424684,0.6532754
BiLSTM+Attention,val,77.360453_12.867782,2024-03-01,0.3960213,0.40054375
BiLSTM+Attention,val,77.360453_12.908206,2024-03-01,0.5179082,0.52261734
BiLSTM+Attention,val,77.360453_12.926172,2024-03-01,0.6412489,0.6444744
BiLSTM+Attention,val,77.364944_12.854307,2024-03-01,0.43768603,0.43553916
BiLSTM+Attention,val,77.364944_12.962105,2024-03-01,0.4257977,0.42187786
BiLSTM+Attention,val,77.369436_12.881256,2024-03-01,0.43857342,0.44170263
BiLSTM+Attention,val,77.369436_12.89024,2024-03-01,0.4363052,0.43841946
BiLSTM+Attention,val,77.369436_12.935155,2024-03-01,0.39896032,0.3913151
BiLSTM+Attention,val,77.369436_12.998037,2024-03-01,0.43548775,0.42757878
BiLSTM+Attention,val,77.369436_13.007021,2024-03-01,0.48045307,0.47681904
BiLSTM+Attention,val,77.373927_12.912697,2024-03-01,0.5393475,0.5445977
BiLSTM+Attention,val,77.373927_12.971088,2024-03-01,0.41925517,0.41431016
BiLSTM+Attention,val,77.373927_13.011512,2024-03-01,0.43358916,0.4284194
BiLSTM+Attention,val,77.373927_13.016004,2024-03-01,0.41788915,0.4125144
BiLSTM+Attention,val,77.378419_12.966596,2024-03-01,0.3946392,0.3875885
BiLSTM+Attention,val,77.382911_12.894731,2024-03-01,0.47976914,0.48759705
BiLSTM+Attention,val,77.382911_12.953122,2024-03-01,0.45437828,0.45079845
BiLSTM+Attention,val,77.382911_12.957613,2024-03-01,0.44900718,0.44499618
BiLSTM+Attention,val,77.387402_12.962105,2024-03-01,0.43985012,0.4331192
BiLSTM+Attention,val,77.387402_12.97558,2024-03-01,0.44072625,0.42866528
BiLSTM+Attention,val,77.387402_12.980071,2024-03-01,0.4432468,0.43483436
BiLSTM+Attention,val,77.391894_12.867782,2024-03-01,0.4794039,0.48738736
BiLSTM+Attention,val,77.391894_12.881256,2024-03-01,0.44626385,0.46484047
BiLSTM+Attention,val,77.391894_12.885748,2024-03-01,0.47842687,0.49070483
BiLSTM+Attention,val,77.396385_12.894731,2024-03-01,0.4814482,0.48474163
BiLSTM+Attention,val,77.396385_12.908206,2024-03-01,0.4398299,0.4408728
BiLSTM+Attention,val,77.396385_12.944139,2024-03-01,0.4870673,0.4882425
BiLSTM+Attention,val,77.396385_12.971088,2024-03-01,0.41068906,0.40404773
BiLSTM+Attention,val,77.396385_12.97558,2024-03-01,0.38680902,0.38497877
BiLSTM+Attention,val,77.396385_13.029478,2024-03-01,0.32223073,0.3233306
BiLSTM+Attention,val,77.400877_12.957613,2024-03-01,0.45455635,0.45668554
BiLSTM+Attention,val,77.400877_12.966596,2024-03-01,0.4075407,0.40481246
BiLSTM+Attention,val,77.400877_13.029478,2024-03-01,0.30989143,0.312714
BiLSTM+Attention,val,77.405368_12.881256,2024-03-01,0.40707082,0.39997554
BiLSTM+Attention,val,77.405368_12.89024,2024-03-01,0.42993385,0.42887768
BiLSTM+Attention,val,77.405368_12.903714,2024-03-01,0.40317926,0.3952967
BiLSTM+Attention,val,77.405368_12.930664,2024-03-01,0.5284316,0.5340074
BiLSTM+Attention,val,77.405368_12.998037,2024-03-01,0.4282668,0.42579415
BiLSTM+Attention,val,77.405368_13.105835,2024-03-01,0.3529894,0.3469776
BiLSTM+Attention,val,77.405368_13.11931,2024-03-01,0.31534806,0.30615658
BiLSTM+Attention,val,77.40986_12.872273,2024-03-01,0.37249702,0.35946003
BiLSTM+Attention,val,77.40986_12.881256,2024-03-01,0.374534,0.36932904
BiLSTM+Attention,val,77.40986_12.962105,2024-03-01,0.46384123,0.46645612
BiLSTM+Attention,val,77.414352_12.930664,2024-03-01,0.47263142,0.477256
BiLSTM+Attention,val,77.414352_12.989054,2024-03-01,0.39022505,0.3843187
BiLSTM+Attention,val,77.414352_12.993546,2024-03-01,0.39788073,0.39974797
BiLSTM+Attention,val,77.414352_13.03397,2024-03-01,0.36706135,0.36618713
BiLSTM+Attention,val,77.414352_13.096852,2024-03-01,0.33455548,0.3322553
BiLSTM+Attention,val,77.414352_13.11931,2024-03-01,0.3346079,0.3247853
BiLSTM+Attention,val,77.418843_12.876765,2024-03-01,0.38652107,0.38226122
BiLSTM+Attention,val,77.418843_12.89024,2024-03-01,0.41471362,0.41257447
BiLSTM+Attention,val,77.418843_12.94863,2024-03-01,0.46593598,0.46774608
BiLSTM+Attention,val,77.418843_12.971088,2024-03-01,0.42871213,0.42196676
BiLSTM+Attention,val,77.418843_12.993546,2024-03-01,0.43002352,0.4316439
BiLSTM+Attention,val,77.418843_13.016004,2024-03-01,0.3960182,0.39598227
BiLSTM+Attention,val,77.418843_13.024987,2024-03-01,0.3871499,0.383671
BiLSTM+Attention,val,77.418843_13.029478,2024-03-01,0.3866809,0.38155833
BiLSTM+Attention,val,77.418843_13.146259,2024-03-01,0.2999007,0.297004
BiLSTM+Attention,val,77.423335_12.876765,2024-03-01,0.3882993,0.39548415
BiLSTM+Attention,val,77.423335_12.921681,2024-03-01,0.48030156,0.48216963
BiLSTM+Attention,val,77.423335_12.930664,2024-03-01,0.4629859,0.46243793
BiLSTM+Attention,val,77.423335_13.002529,2024-03-01,0.4781101,0.4817744
BiLSTM+Attention,val,77.423335_13.092361,2024-03-01,0.27381724,0.29011667
BiLSTM+Attention,val,77.423335_13.141768,2024-03-01,0.35868102,0.34912264
BiLSTM+Attention,val,77.423335_13.150751,2024-03-01,0.30865616,0.3037425
BiLSTM+Attention,val,77.427826_12.845324,2024-03-01,0.33028316,0.33737206
BiLSTM+Attention,val,77.427826_12.858799,2024-03-01,0.38299984,0.38161957
BiLSTM+Attention,val,77.427826_12.930664,2024-03-01,0.47047156,0.46781892
BiLSTM+Attention,val,77.427826_12.939647,2024-03-01,0.41788188,0.41422433
BiLSTM+Attention,val,77.427826_12.944139,2024-03-01,0.43126482,0.4344619
BiLSTM+Attention,val,77.427826_13.020495,2024-03-01,0.39768577,0.3958612
BiLSTM+Attention,val,77.427826_13.024987,2024-03-01,0.38857457,0.38314217
BiLSTM+Attention,val,77.427826_13.110327,2024-03-01,0.35639605,0.34289625
BiLSTM+Attention,val,77.427826_13.132785,2024-03-01,0.41162044,0.39981002
BiLSTM+Attention,val,77.432318_12.858799,2024-03-01,0.39759278,0.39537972
BiLSTM+Attention,val,77.432318_12.86329,2024-03-01,0.4037144,0.40091658
BiLSTM+Attention,val,77.432318_12.867782,2024-03-01,0.3953722,0.39745086
BiLSTM+Attention,val,77.432318_12.881256,2024-03-01,0.43810102,0.4409476
BiLSTM+Attention,val,77.432318_12.885748,2024-03-01,0.5281853,0.5343314
BiLSTM+Attention,val,77.432318_12.957613,2024-03-01,0.41779226,0.4144165
BiLSTM+Attention,val,77.432318_12.998037,2024-03-01,0.34888253,0.3474977
BiLSTM+Attention,val,77.432318_13.087869,2024-03-01,0.35863602,0.3560071
BiLSTM+Attention,val,77.432318_13.092361,2024-03-01,0.31501076,0.31621894
BiLSTM+Attention,val,77.436809_12.818374,2024-03-01,0.5279464,0.5296764
BiLSTM+Attention,val,77.436809_12.840832,2024-03-01,0.4450135,0.43983144
BiLSTM+Attention,val,77.436809_12.854307,2024-03-01,0.41120952,0.41067493
BiLSTM+Attention,val,77.436809_12.912697,2024-03-01,0.5394405,0.54000115
BiLSTM+Attention,val,77.436809_12.926172,2024-03-01,0.4723695,0.46705657
BiLSTM+Attention,val,77.436809_12.944139,2024-03-01,0.43855566,0.4394045
BiLSTM+Attention,val,77.436809_13.03397,2024-03-01,0.37163103,0.3710049
BiLSTM+Attention,val,77.441301_12.818374,2024-03-01,0.53643453,0.5432595
BiLSTM+Attention,val,77.441301_12.831849,2024-03-01,0.42977867,0.4307109
BiLSTM+Attention,val,77.441301_12.836341,2024-03-01,0.45868737,0.45402837
BiLSTM+Attention,val,77.441301_12.840832,2024-03-01,0.43200305,0.42662102
BiLSTM+Attention,val,77.441301_12.944139,2024-03-01,0.475916,0.47695702
BiLSTM+Attention,val,77.441301_12.94863,2024-03-01,0.42992342,0.4318943
BiLSTM+Attention,val,77.441301_13.056428,2024-03-01,0.3607927,0.36371413
BiLSTM+Attention,val,77.441301_13.069903,2024-03-01,0.37754706,0.37570703
BiLSTM+Attention,val,77.441301_13.083377,2024-03-01,0.36435035,0.36207736
BiLSTM+Attention,val,77.441301_13.110327,2024-03-01,0.35178876,0.33755827
BiLSTM+Attention,val,77.445793_12.840832,2024-03-01,0.5046628,0.5055053
BiLSTM+Attention,val,77.445793_12.86329,2024-03-01,0.52011734,0.5255999
BiLSTM+Attention,val,77.445793_12.867782,2024-03-01,0.499341,0.5074543
BiLSTM+Attention,val,77.445793_12.912697,2024-03-01,0.44535527,0.44615084
BiLSTM+Attention,val,77.445793_12.957613,2024-03-01,0.41843033,0.41541082
BiLSTM+Attention,val,77.445793_12.984563,2024-03-01,0.43641406,0.43968087
BiLSTM+Attention,val,77.450284_12.809391,2024-03-01,0.48939466,0.48184133
BiLSTM+Attention,val,77.450284_12.872273,2024-03-01,0.49883944,0.5046778
BiLSTM+Attention,val,77.450284_12.89024,2024-03-01,0.49942338,0.50824773
BiLSTM+Attention,val,77.450284_12.971088,2024-03-01,0.40591297,0.41225582
BiLSTM+Attention,val,77.450284_12.993546,2024-03-01,0.31770945,0.3205126
BiLSTM+Attention,val,77.450284_13.029478,2024-03-01,0.35905698,0.35859495
BiLSTM+Attention,val,77.450284_13.047445,2024-03-01,0.37160057,0.37081614
BiLSTM+Attention,val,77.450284_13.146259,2024-03-01,0.42641246,0.4184093
BiLSTM+Attention,val,77.454776_12.809391,2024-03-01,0.45435184,0.4442687
BiLSTM+Attention,val,77.454776_12.885748,2024-03-01,0.48074967,0.48616707
BiLSTM+Attention,val,77.454776_12.980071,2024-03-01,0.35791945,0.36063942
BiLSTM+Attention,val,77.454776_12.993546,2024-03-01,0.34358048,0.34710246
BiLSTM+Attention,val,77.454776_13.078886,2024-03-01,0.3703853,0.36758155
BiLSTM+Attention,val,77.454776_13.087869,2024-03-01,0.33409166,0.33325732
BiLSTM+Attention,val,77.454776_13.114818,2024-03-01,0.41296652,0.40472937
BiLSTM+Attention,val,77.454776_13.141768,2024-03-01,0.42979681,0.42492533
BiLSTM+Attention,val,77.459267_12.8049,2024-03-01,0.5233148,0.5284225
BiLSTM+Attention,val,77.459267_12.822866,2024-03-01,0.48874652,0.48309487
BiLSTM+Attention,val,77.459267_12.845324,2024-03-01,0.49259,0.49155754
BiLSTM+Attention,val,77.459267_12.872273,2024-03-01,0.47015688,0.47976625
BiLSTM+Attention,val,77.459267_12.903714,2024-03-01,0.42352784,0.42729783
BiLSTM+Attention,val,77.459267_12.926172,2024-03-01,0.46662164,0.4663217
BiLSTM+Attention,val,77.459267_12.97558,2024-03-01,0.3726497,0.37683383
BiLSTM+Attention,val,77.459267_13.016004,2024-03-01,0.33444318,0.336849
BiLSTM+Attention,val,77.459267_13.020495,2024-03-01,0.32799932,0.3277951
BiLSTM+Attention,val,77.459267_13.11931,2024-03-01,0.40982765,0.39805907
BiLSTM+Attention,val,77.463759_12.813883,2024-03-01,0.43458003,0.43094426
BiLSTM+Attention,val,77.463759_12.836341,2024-03-01,0.48958585,0.49250013
BiLSTM+Attention,val,77.463759_12.86329,2024-03-01,0.5064818,0.5120757
BiLSTM+Attention,val,77.463759_12.867782,2024-03-01,0.48845643,0.49618024
BiLSTM+Attention,val,77.463759_12.872273,2024-03-01,0.4642374,0.47277254
BiLSTM+Attention,val,77.463759_12.881256,2024-03-01,0.5161365,0.52327085
BiLSTM+Attention,val,77.463759_12.885748,2024-03-01,0.5196998,0.52509606
BiLSTM+Attention,val,77.463759_12.894731,2024-03-01,0.45930824,0.46567315
BiLSTM+Attention,val,77.463759_12.899223,2024-03-01,0.46191546,0.47016758
BiLSTM+Attention,val,77.463759_12.917189,2024-03-01,0.41500476,0.41997832
BiLSTM+Attention,val,77.463759_12.953122,2024-03-01,0.6696039,0.6646983
BiLSTM+Attention,val,77.463759_13.03397,2024-03-01,0.32690942,0.32615846
BiLSTM+Attention,val,77.463759_13.078886,2024-03-01,0.43885392,0.43759492
BiLSTM+Attention,val,77.46825_12.827358,2024-03-01,0.40217182,0.39558417
BiLSTM+Attention,val,77.46825_12.836341,2024-03-01,0.49697503,0.49745047
BiLSTM+Attention,val,77.46825_12.894731,2024-03-01,0.43945014,0.44334978
BiLSTM+Attention,val,77.46825_12.94863,2024-03-01,0.5092501,0.51151276
BiLSTM+Attention,val,77.46825_12.953122,2024-03-01,0.44466314,0.44394636
BiLSTM+Attention,val,77.46825_12.966596,2024-03-01,0.42273253,0.43266317
BiLSTM+Attention,val,77.46825_13.007021,2024-03-01,0.3433093,0.34572965
BiLSTM+Attention,val,77.46825_13.020495,2024-03-01,0.4121298,0.41197193
BiLSTM+Attention,val,77.46825_13.114818,2024-03-01,0.45391122,0.4438511
BiLSTM+Attention,val,77.46825_13.150751,2024-03-01,0.36455464,0.35440046
BiLSTM+Attention,val,77.46825_13.1777,2024-03-01,0.45501402,0.44503766
BiLSTM+Attention,val,77.472742_12.746509,2024-03-01,0.56097406,0.5558197
BiLSTM+Attention,val,77.472742_12.751001,2024-03-01,0.51478314,0.5059966
BiLSTM+Attention,val,77.472742_12.755492,2024-03-01,0.5317958,0.52570426
BiLSTM+Attention,val,77.472742_12.795916,2024-03-01,0.46835306,0.46333683
BiLSTM+Attention,val,77.472742_12.836341,2024-03-01,0.48703396,0.48737854
BiLSTM+Attention,val,77.472742_12.984563,2024-03-01,0.38464013,0.39673674
BiLSTM+Attention,val,77.472742_13.087869,2024-03-01,0.39303854,0.38970035
BiLSTM+Attention,val,77.477234_12.764475,2024-03-01,0.5261509,0.52461207
BiLSTM+Attention,val,77.477234_12.782442,2024-03-01,0.4619684,0.45530647
BiLSTM+Attention,val,77.477234_12.840832,2024-03-01,0.48878512,0.49169123
BiLSTM+Attention,val,77.477234_12.899223,2024-03-01,0.39974353,0.40612054
BiLSTM+Attention,val,77.477234_12.935155,2024-03-01,0.53575414,0.54212004
BiLSTM+Attention,val,77.477234_12.944139,2024-03-01,0.46583727,0.46489155
BiLSTM+Attention,val,77.477234_12.94863,2024-03-01,0.4766794,0.4825663
BiLSTM+Attention,val,77.477234_12.971088,2024-03-01,0.43540135,0.43956292
BiLSTM+Attention,val,77.477234_13.002529,2024-03-01,0.33887023,0.34737158
BiLSTM+Attention,val,77.477234_13.056428,2024-03-01,0.39477512,0.39526883
BiLSTM+Attention,val,77.481725_12.737526,2024-03-01,0.53757244,0.5342866
BiLSTM+Attention,val,77.481725_12.768967,2024-03-01,0.5210899,0.5181408
BiLSTM+Attention,val,77.481725_12.831849,2024-03-01,0.43077588,0.42840979
BiLSTM+Attention,val,77.481725_12.89024,2024-03-01,0.47901228,0.48676026
BiLSTM+Attention,val,77.481725_12.894731,2024-03-01,0.44618455,0.44986188
BiLSTM+Attention,val,77.481725_12.944139,2024-03-01,0.47862154,0.47805375
BiLSTM+Attention,val,77.481725_12.971088,2024-03-01,0.36019495,0.36491078
BiLSTM+Attention,val,77.481725_12.980071,2024-03-01,0.41344026,0.41998118
BiLSTM+Attention,val,77.481725_13.024987,2024-03-01,0.39351445,0.39644852
BiLSTM+Attention,val,77.481725_13.03397,2024-03-01,0.370587,0.37105644
BiLSTM+Attention,val,77.481725_13.096852,2024-03-01,0.4763709,0.47594613
BiLSTM+Attention,val,77.481725_13.137276,2024-03-01,0.55331165,0.5539622
BiLSTM+Attention,val,77.486217_12.764475,2024-03-01,0.51599234,0.50853497
BiLSTM+Attention,val,77.486217_12.872273,2024-03-01,0.43565518,0.43946
BiLSTM+Attention,val,77.486217_12.939647,2024-03-01,0.4940916,0.498204
BiLSTM+Attention,val,77.486217_12.998037,2024-03-01,0.38629863,0.40397698
BiLSTM+Attention,val,77.486217_13.042953,2024-03-01,0.44117966,0.44310862
BiLSTM+Attention,val,77.486217_13.06092,2024-03-01,0.45941484,0.46388674
BiLSTM+Attention,val,77.486217_13.114818,2024-03-01,0.39437562,0.3829744
BiLSTM+Attention,val,77.486217_13.11931,2024-03-01,0.4116505,0.4025199
BiLSTM+Attention,val,77.490708_12.768967,2024-03-01,0.5077467,0.50628185
BiLSTM+Attention,val,77.490708_12.8049,2024-03-01,0.48580563,0.48853487
BiLSTM+Attention,val,77.490708_12.849815,2024-03-01,0.506036,0.5206344
BiLSTM+Attention,val,77.490708_12.89024,2024-03-01,0.43805945,0.4410467
BiLSTM+Attention,val,77.490708_13.051936,2024-03-01,0.5078289,0.5158945
BiLSTM+Attention,val,77.490708_13.087869,2024-03-01,0.44887003,0.44742644
BiLSTM+Attention,val,77.490708_13.092361,2024-03-01,0.44434816,0.4443731
BiLSTM+Attention,val,77.490708_13.096852,2024-03-01,0.4744219,0.47398573
BiLSTM+Attention,val,77.490708_13.182192,2024-03-01,0.49350333,0.49074858
BiLSTM+Attention,val,77.490708_13.209142,2024-03-01,0.45231232,0.43923795
BiLSTM+Attention,val,77.4952_12.786933,2024-03-01,0.4680524,0.46997106
BiLSTM+Attention,val,77.4952_12.836341,2024-03-01,0.46245837,0.46738607
BiLSTM+Attention,val,77.4952_12.899223,2024-03-01,0.48530206,0.49355614
BiLSTM+Attention,val,77.4952_12.962105,2024-03-01,0.47822204,0.4854164
BiLSTM+Attention,val,77.4952_13.020495,2024-03-01,0.43594462,0.43925554
BiLSTM+Attention,val,77.4952_13.024987,2024-03-01,0.4255689,0.43281144
BiLSTM+Attention,val,77.4952_13.03397,2024-03-01,0.4787928,0.48813844
BiLSTM+Attention,val,77.4952_13.087869,2024-03-01,0.42313325,0.4183833
BiLSTM+Attention,val,77.4952_13.092361,2024-03-01,0.44958195,0.44727492
BiLSTM+Attention,val,77.4952_13.182192,2024-03-01,0.49305835,0.49194372
BiLSTM+Attention,val,77.499692_12.755492,2024-03-01,0.5736283,0.57304513
BiLSTM+Attention,val,77.499692_12.858799,2024-03-01,0.55352694,0.5621217
BiLSTM+Attention,val,77.499692_12.899223,2024-03-01,0.4672969,0.47254503
BiLSTM+Attention,val,77.499692_12.984563,2024-03-01,0.4284538,0.4376611
BiLSTM+Attention,val,77.499692_13.114818,2024-03-01,0.41353896,0.40470994
BiLSTM+Attention,val,77.499692_13.137276,2024-03-01,0.40645662,0.3988208
BiLSTM+Attention,val,77.499692_13.168717,2024-03-01,0.54190326,0.55107355
BiLSTM+Attention,val,77.504183_12.764475,2024-03-01,0.5786668,0.5864295
BiLSTM+Attention,val,77.504183_12.786933,2024-03-01,0.5360992,0.53946173
BiLSTM+Attention,val,77.504183_12.818374,2024-03-01,0.50312793,0.5081392
BiLSTM+Attention,val,77.504183_12.854307,2024-03-01,0.49546456,0.5020643
BiLSTM+Attention,val,77.504183_12.858799,2024-03-01,0.5522907,0.5599124
BiLSTM+Attention,val,77.504183_12.953122,2024-03-01,0.45641154,0.46708006
BiLSTM+Attention,val,77.504183_13.083377,2024-03-01,0.48132527,0.47970802
BiLSTM+Attention,val,77.504183_13.141768,2024-03-01,0.4836241,0.47869998
BiLSTM+Attention,val,77.504183_13.159734,2024-03-01,0.5725589,0.57185894
BiLSTM+Attention,val,77.504183_13.195667,2024-03-01,0.425717,0.41705954
BiLSTM+Attention,val,77.508675_12.751001,2024-03-01,0.5785115,0.57615685
BiLSTM+Attention,val,77.508675_12.795916,2024-03-01,0.5634734,0.57244986
BiLSTM+Attention,val,77.508675_12.831849,2024-03-01,0.503491,0.50807106
BiLSTM+Attention,val,77.508675_12.836341,2024-03-01,0.52868664,0.53696895
BiLSTM+Attention,val,77.508675_12.845324,2024-03-01,0.49318773,0.50857055
BiLSTM+Attention,val,77.508675_12.903714,2024-03-01,0.42032805,0.4247593
BiLSTM+Attention,val,77.508675_12.912697,2024-03-01,0.46167454,0.4697625
BiLSTM+Attention,val,77.508675_12.917189,2024-03-01,0.52676785,0.533511
BiLSTM+Attention,val,77.508675_13.114818,2024-03-01,0.37475276,0.36642432
BiLSTM+Attention,val,77.508675_13.137276,2024-03-01,0.4329483,0.42929763
BiLSTM+Attention,val,77.508675_13.159734,2024-03-01,0.55807656,0.5562781
BiLSTM+Attention,val,77.508675_13.191175,2024-03-01,0.44997764,0.44416636
BiLSTM+Attention,val,77.513166_12.746509,2024-03-01,0.6762419,0.6761941
BiLSTM+Attention,val,77.513166_12.764475,2024-03-01,0.54250026,0.5361494
BiLSTM+Attention,val,77.513166_12.77795,2024-03-01,0.63559514,0.6439848
BiLSTM+Attention,val,77.513166_12.822866,2024-03-01,0.5775151,0.58610106
BiLSTM+Attention,val,77.513166_12.908206,2024-03-01,0.42362267,0.42984605
BiLSTM+Attention,val,77.513166_13.087869,2024-03-01,0.48059413,0.47902662
BiLSTM+Attention,val,77.513166_13.096852,2024-03-01,0.5444598,0.55304015
BiLSTM+Attention,val,77.513166_13.137276,2024-03-01,0.39702845,0.3882771
BiLSTM+Attention,val,77.513166_13.1777,2024-03-01,0.4752214,0.47385395
BiLSTM+Attention,val,77.517658_12.764475,2024-03-01,0.588383,0.58377546
BiLSTM+Attention,val,77.517658_12.77795,2024-03-01,0.6109646,0.6158871
BiLSTM+Attention,val,77.517658_12.782442,2024-03-01,0.6098008,0.6174715
BiLSTM+Attention,val,77.517658_12.795916,2024-03-01,0.57218206,0.57585496
BiLSTM+Attention,val,77.517658_12.827358,2024-03-01,0.50481987,0.5091344
BiLSTM+Attention,val,77.517658_12.849815,2024-03-01,0.49972978,0.508022
BiLSTM+Attention,val,77.517658_12.885748,2024-03-01,0.4955645,0.50926197
BiLSTM+Attention,val,77.517658_12.89024,2024-03-01,0.4870824,0.49309003
BiLSTM+Attention,val,77.517658_12.899223,2024-03-01,0.47979662,0.48776
BiLSTM+Attention,val,77.517658_12.998037,2024-03-01,0.49786708,0.5106173
BiLSTM+Attention,val,77.517658_13.11931,2024-03-01,0.3415041,0.3384325
BiLSTM+Attention,val,77.517658_13.182192,2024-03-01,0.47866875,0.4734608
BiLSTM+Attention,val,77.517658_13.186684,2024-03-01,0.48754394,0.48212886
BiLSTM+Attention,val,77.517658_13.191175,2024-03-01,0.4311855,0.42358935
BiLSTM+Attention,val,77.522149_12.751001,2024-03-01,0.6208395,0.6259745
BiLSTM+Attention,val,77.522149_12.755492,2024-03-01,0.59688735,0.5940919
BiLSTM+Attention,val,77.522149_12.759984,2024-03-01,0.6297288,0.632825
BiLSTM+Attention,val,77.522149_12.782442,2024-03-01,0.62406206,0.63386124
BiLSTM+Attention,val,77.522149_12.809391,2024-03-01,0.6868823,0.69519275
BiLSTM+Attention,val,77.522149_12.813883,2024-03-01,0.50164217,0.5073035
BiLSTM+Attention,val,77.522149_12.818374,2024-03-01,0.4835183,0.48832065
BiLSTM+Attention,val,77.522149_12.836341,2024-03-01,0.49481055,0.497653
BiLSTM+Attention,val,77.522149_12.845324,2024-03-01,0.51071227,0.51419395
BiLSTM+Attention,val,77.522149_13.056428,2024-03-01,0.50665057,0.50916964
BiLSTM+Attention,val,77.522149_13.078886,2024-03-01,0.4812421,0.48307234
BiLSTM+Attention,val,77.522149_13.146259,2024-03-01,0.36078632,0.3537686
BiLSTM+Attention,val,77.522149_13.200158,2024-03-01,0.47113714,0.46452582
BiLSTM+Attention,val,77.526641_12.751001,2024-03-01,0.6328389,0.6353616
BiLSTM+Attention,val,77.526641_12.840832,2024-03-01,0.5650943,0.5755777
BiLSTM+Attention,val,77.526641_12.89024,2024-03-01,0.53148425,0.5463905
BiLSTM+Attention,val,77.526641_12.899223,2024-03-01,0.50312567,0.51511604
BiLSTM+Attention,val,77.526641_13.078886,2024-03-01,0.495109,0.49725068
BiLSTM+Attention,val,77.526641_13.105835,2024-03-01,0.35322377,0.34616923
BiLSTM+Attention,val,77.526641_13.110327,2024-03-01,0.34915414,0.3443643
BiLSTM+Attention,val,77.531133_12.791425,2024-03-01,0.52724934,0.52980787
BiLSTM+Attention,val,77.531133_12.795916,2024-03-01,0.56668097,0.57554734
BiLSTM+Attention,val,77.531133_12.800408,2024-03-01,0.5423834,0.54180795
BiLSTM+Attention,val,77.531133_12.822866,2024-03-01,0.51232105,0.5188329
BiLSTM+Attention,val,77.531133_12.827358,2024-03-01,0.52513665,0.5334073
BiLSTM+Attention,val,77.531133_12.894731,2024-03-01,0.45540982,0.4652627
BiLSTM+Attention,val,77.531133_13.083377,2024-03-01,0.46369904,0.4648242
BiLSTM+Attention,val,77.531133_13.114818,2024-03-01,0.3608562,0.36209118
BiLSTM+Attention,val,77.531133_13.195667,2024-03-01,0.48219046,0.48020852
BiLSTM+Attention,val,77.535624_12.77795,2024-03-01,0.67073387,0.67745477
BiLSTM+Attention,val,77.535624_12.822866,2024-03-01,0.6152934,0.6281143
BiLSTM+Attention,val,77.535624_12.872273,2024-03-01,0.42027348,0.427566
BiLSTM+Attention,val,77.535624_12.899223,2024-03-01,0.43637305,0.44574666
BiLSTM+Attention,val,77.535624_13.069903,2024-03-01,0.5674829,0.56934696
BiLSTM+Attention,val,77.535624_13.083377,2024-03-01,0.45630988,0.46097982
BiLSTM+Attention,val,77.535624_13.096852,2024-03-01,0.39717254,0.39988118
BiLSTM+Attention,val,77.535624_13.114818,2024-03-01,0.38654494,0.38855582
BiLSTM+Attention,val,77.535624_13.132785,2024-03-01,0.41179088,0.41057405
BiLSTM+Attention,val,77.535624_13.137276,2024-03-01,0.35405198,0.34994528
BiLSTM+Attention,val,77.535624_13.195667,2024-03-01,0.42427993,0.4146706
BiLSTM+Attention,val,77.540116_12.77795,2024-03-01,0.570391,0.5740007
BiLSTM+Attention,val,77.540116_12.795916,2024-03-01,0.5867248,0.5971441
BiLSTM+Attention,val,77.540116_13.042953,2024-03-01,0.49651605,0.49735183
BiLSTM+Attention,val,77.540116_13.074394,2024-03-01,0.5147173,0.52090293
BiLSTM+Attention,val,77.540116_13.092361,2024-03-01,0.35516763,0.36016473
BiLSTM+Attention,val,77.540116_13.101344,2024-03-01,0.38506883,0.38638955
BiLSTM+Attention,val,77.540116_13.105835,2024-03-01,0.3977394,0.40327922
BiLSTM+Attention,val,77.540116_13.114818,2024-03-01,0.3586296,0.3634627
BiLSTM+Attention,val,77.540116_13.132785,2024-03-01,0.39701253,0.40244377
BiLSTM+Attention,val,77.540116_13.155243,2024-03-01,0.42325735,0.4177252
BiLSTM+Attention,val,77.540116_13.182192,2024-03-01,0.38956243,0.38749385
BiLSTM+Attention,val,77.544607_12.831849,2024-03-01,0.6730117,0.68431693
BiLSTM+Attention,val,77.544607_13.218125,2024-03-01,0.47670856,0.4709801
BiLSTM+Attention,val,77.549099_12.822866,2024-03-01,0.6932092,0.69949186
BiLSTM+Attention,val,77.549099_12.831849,2024-03-01,0.60620457,0.6217653
BiLSTM+Attention,val,77.549099_12.836341,2024-03-01,0.5784201,0.5871931
BiLSTM+Attention,val,77.549099_12.845324,2024-03-01,0.5610182,0.57254755
BiLSTM+Attention,val,77.549099_12.867782,2024-03-01,0.4854916,0.49507588
BiLSTM+Attention,val,77.549099_12.876765,2024-03-01,0.45144397,0.4598528
BiLSTM+Attention,val,77.549099_12.894731,2024-03-01,0.5313607,0.5471721
BiLSTM+Attention,val,77.549099_13.096852,2024-03-01,0.42196745,0.42173582
BiLSTM+Attention,val,77.549099_13.132785,2024-03-01,0.5283388,0.5291123
BiLSTM+Attention,val,77.55359_12.71956,2024-03-01,0.7106964,0.7200403
BiLSTM+Attention,val,77.55359_12.782442,2024-03-01,0.6417127,0.6474091
BiLSTM+Attention,val,77.55359_12.849815,2024-03-01,0.5553657,0.56883216
BiLSTM+Attention,val,77.55359_12.872273,2024-03-01,0.44259587,0.46223563
BiLSTM+Attention,val,77.55359_13.069903,2024-03-01,0.6329439,0.6355244
BiLSTM+Attention,val,77.55359_13.101344,2024-03-01,0.37758443,0.37766683
BiLSTM+Attention,val,77.55359_13.110327,2024-03-01,0.43552798,0.44139427
BiLSTM+Attention,val,77.55359_13.128293,2024-03-01,0.5072235,0.5101729
BiLSTM+Attention,val,77.55359_13.168717,2024-03-01,0.43434623,0.43786025
BiLSTM+Attention,val,77.55359_13.173209,2024-03-01,0.35757184,0.36218625
BiLSTM+Attention,val,77.558082_12.710577,2024-03-01,0.73868436,0.7644498
BiLSTM+Attention,val,77.558082_12.827358,2024-03-01,0.6237721,0.63126594
BiLSTM+Attention,val,77.558082_12.845324,2024-03-01,0.6023083,0.61486024
BiLSTM+Attention,val,77.558082_13.042953,2024-03-01,0.5741649,0.5733302
BiLSTM+Attention,val,77.558082_13.051936,2024-03-01,0.60437423,0.61022735
BiLSTM+Attention,val,77.558082_13.110327,2024-03-01,0.44372943,0.44662917
BiLSTM+Attention,val,77.558082_13.168717,2024-03-01,0.44803503,0.44930965
BiLSTM+Attention,val,77.558082_13.1777,2024-03-01,0.4296767,0.42926854
BiLSTM+Attention,val,77.562574_12.71956,2024-03-01,0.71294534,0.72430843
BiLSTM+Attention,val,77.562574_12.827358,2024-03-01,0.6311612,0.6374502
BiLSTM+Attention,val,77.562574_12.858799,2024-03-01,0.45195636,0.46649426
BiLSTM+Attention,val,77.562574_12.872273,2024-03-01,0.53424084,0.54949975
BiLSTM+Attention,val,77.562574_12.876765,2024-03-01,0.55706877,0.5653461
BiLSTM+Attention,val,77.562574_13.141768,2024-03-01,0.4220949,0.4188
BiLSTM+Attention,val,77.562574_13.159734,2024-03-01,0.45053887,0.45102042
BiLSTM+Attention,val,77.562574_13.173209,2024-03-01,0.45719853,0.45676464
BiLSTM+Attention,val,77.567065_12.724051,2024-03-01,0.65878505,0.6641124
BiLSTM+Attention,val,77.567065_12.813883,2024-03-01,0.6182137,0.6290755
BiLSTM+Attention,val,77.567065_12.849815,2024-03-01,0.5982867,0.60714006
BiLSTM+Attention,val,77.567065_13.105835,2024-03-01,0.5062979,0.51190275
BiLSTM+Attention,val,77.567065_13.114818,2024-03-01,0.5517468,0.5529841
BiLSTM+Attention,val,77.567065_13.182192,2024-03-01,0.45374516,0.45495474
BiLSTM+Attention,val,77.571557_12.71956,2024-03-01,0.6958722,0.7097702
BiLSTM+Attention,val,77.571557_12.800408,2024-03-01,0.6161305,0.61845946
BiLSTM+Attention,val,77.571557_12.813883,2024-03-01,0.68726593,0.69380105
BiLSTM+Attention,val,77.571557_12.849815,2024-03-01,0.6020779,0.60898626
BiLSTM+Attention,val,77.571557_13.141768,2024-03-01,0.42626104,0.42125738
BiLSTM+Attention,val,77.571557_13.146259,2024-03-01,0.4296359,0.42736334
BiLSTM+Attention,val,77.576048_12.71956,2024-03-01,0.66208535,0.6714342
BiLSTM+Attention,val,77.576048_12.728543,2024-03-01,0.6569558,0.65858454
BiLSTM+Attention,val,77.576048_12.742018,2024-03-01,0.654222,0.67341053
BiLSTM+Attention,val,77.576048_12.813883,2024-03-01,0.7068468,0.71610236
BiLSTM+Attention,val,77.576048_12.827358,2024-03-01,0.5878154,0.5953529
BiLSTM+Attention,val,77.58054_12.800408,2024-03-01,0.6553303,0.66127956
BiLSTM+Attention,val,77.58054_12.845324,2024-03-01,0.6044379,0.6150596
BiLSTM+Attention,val,77.58054_13.083377,2024-03-01,0.46684653,0.47025657
BiLSTM+Attention,val,77.58054_13.087869,2024-03-01,0.44084242,0.44635832
BiLSTM+Attention,val,77.585031_12.849815,2024-03-01,0.60188174,0.6115557
BiLSTM+Attention,val,77.585031_13.042953,2024-03-01,0.60262096,0.59933776
BiLSTM+Attention,val,77.585031_13.137276,2024-03-01,0.4333108,0.43084878
BiLSTM+Attention,val,77.589523_12.71956,2024-03-01,0.76895815,0.78340214
BiLSTM+Attention,val,77.589523_12.746509,2024-03-01,0.6552879,0.66370666
BiLSTM+Attention,val,77.589523_12.854307,2024-03-01,0.54956937,0.56190526
BiLSTM+Attention,val,77.589523_12.971088,2024-03-01,0.66645455,0.65471196
BiLSTM+Attention,val,77.589523_13.083377,2024-03-01,0.550647,0.54925466
BiLSTM+Attention,val,77.589523_13.150751,2024-03-01,0.43878913,0.43895507
BiLSTM+Attention,val,77.594015_12.724051,2024-03-01,0.744902,0.75202614
BiLSTM+Attention,val,77.594015_12.733034,2024-03-01,0.71561354,0.7238789
BiLSTM+Attention,val,77.594015_12.755492,2024-03-01,0.61755204,0.6272575
BiLSTM+Attention,val,77.594015_12.831849,2024-03-01,0.5643712,0.57058924
BiLSTM+Attention,val,77.594015_12.836341,2024-03-01,0.5840212,0.5980944
BiLSTM+Attention,val,77.594015_12.840832,2024-03-01,0.58454555,0.5991662
BiLSTM+Attention,val,77.594015_12.849815,2024-03-01,0.57538503,0.58308125
BiLSTM+Attention,val,77.594015_12.998037,2024-03-01,0.66031665,0.65771586
BiLSTM+Attention,val,77.594015_13.087869,2024-03-01,0.53532076,0.5340337
BiLSTM+Attention,val,77.598506_12.665661,2024-03-01,0.74852926,0.7701211
BiLSTM+Attention,val,77.598506_12.710577,2024-03-01,0.67662835,0.67550135
BiLSTM+Attention,val,77.598506_12.822866,2024-03-01,0.58919966,0.59683675
BiLSTM+Attention,val,77.598506_12.849815,2024-03-01,0.61535305,0.6228066
BiLSTM+Attention,val,77.598506_13.083377,2024-03-01,0.5283358,0.5236853
BiLSTM+Attention,val,77.598506_13.128293,2024-03-01,0.49475753,0.49820507
BiLSTM+Attention,val,77.598506_13.141768,2024-03-01,0.40853733,0.41383636
BiLSTM+Attention,val,77.598506_13.146259,2024-03-01,0.3885012,0.3957401
BiLSTM+Attention,val,77.602998_12.710577,2024-03-01,0.7135085,0.7234272
BiLSTM+Attention,val,77.602998_12.827358,2024-03-01,0.5049701,0.5152006
BiLSTM+Attention,val,77.602998_12.849815,2024-03-01,0.51517546,0.53010803
BiLSTM+Attention,val,77.602998_12.858799,2024-03-01,0.52395874,0.54118973
BiLSTM+Attention,val,77.602998_13.114818,2024-03-01,0.5223571,0.5185902
BiLSTM+Attention,val,77.602998_13.11931,2024-03-01,0.51610243,0.5159073
BiLSTM+Attention,val,77.602998_13.128293,2024-03-01,0.46299872,0.46910048
BiLSTM+Attention,val,77.602998_13.164226,2024-03-01,0.42265525,0.42388156
BiLSTM+Attention,val,77.607489_12.768967,2024-03-01,0.5797969,0.58424824
BiLSTM+Attention,val,77.607489_12.773459,2024-03-01,0.55332726,0.5596829
BiLSTM+Attention,val,77.607489_12.791425,2024-03-01,0.5413849,0.54086006
BiLSTM+Attention,val,77.607489_12.809391,2024-03-01,0.6279257,0.63405293
BiLSTM+Attention,val,77.607489_12.818374,2024-03-01,0.65279984,0.6595791
BiLSTM+Attention,val,77.607489_13.087869,2024-03-01,0.62508035,0.62058526
BiLSTM+Attention,val,77.611981_12.674644,2024-03-01,0.7445605,0.75678176
BiLSTM+Attention,val,77.611981_12.768967,2024-03-01,0.53610986,0.53960514
BiLSTM+Attention,val,77.611981_12.831849,2024-03-01,0.5406926,0.54479617
BiLSTM+Attention,val,77.611981_12.867782,2024-03-01,0.49534497,0.51077294
BiLSTM+Attention,val,77.611981_12.953122,2024-03-01,0.67005134,0.671494
BiLSTM+Attention,val,77.611981_13.105835,2024-03-01,0.49217746,0.49456877
BiLSTM+Attention,val,77.611981_13.168717,2024-03-01,0.3966165,0.3978915
BiLSTM+Attention,val,77.611981_13.182192,2024-03-01,0.36960748,0.36904126
BiLSTM+Attention,val,77.616473_12.831849,2024-03-01,0.58196896,0.59120715
BiLSTM+Attention,val,77.616473_12.858799,2024-03-01,0.5064231,0.5164269
BiLSTM+Attention,val,77.616473_13.114818,2024-03-01,0.5187192,0.5183542
BiLSTM+Attention,val,77.616473_13.141768,2024-03-01,0.44466025,0.4450844
BiLSTM+Attention,val,77.616473_13.1777,2024-03-01,0.36254057,0.36349148
BiLSTM+Attention,val,77.620964_12.674644,2024-03-01,0.7515626,0.76638854
BiLSTM+Attention,val,77.620964_12.795916,2024-03-01,0.49003324,0.49565792
BiLSTM+Attention,val,77.620964_12.813883,2024-03-01,0.4813022,0.48694408
BiLSTM+Attention,val,77.620964_12.845324,2024-03-01,0.61772573,0.6263128
BiLSTM+Attention,val,77.620964_12.858799,2024-03-01,0.48765796,0.5010652
BiLSTM+Attention,val,77.620964_13.132785,2024-03-01,0.49622908,0.49681783
BiLSTM+Attention,val,77.625456_12.782442,2024-03-01,0.51912814,0.52332634
BiLSTM+Attention,val,77.625456_12.858799,2024-03-01,0.45315117,0.4604001
BiLSTM+Attention,val,77.625456_13.065411,2024-03-01,0.39172998,0.38375714
BiLSTM+Attention,val,77.625456_13.128293,2024-03-01,0.49996313,0.503949
BiLSTM+Attention,val,77.625456_13.137276,2024-03-01,0.43465272,0.43718386
BiLSTM+Attention,val,77.625456_13.155243,2024-03-01,0.5546141,0.5564244
BiLSTM+Attention,val,77.625456_13.182192,2024-03-01,0.39702332,0.3961109
BiLSTM+Attention,val,77.629947_12.795916,2024-03-01,0.69861054,0.7116562
BiLSTM+Attention,val,77.629947_12.809391,2024-03-01,0.5036886,0.5038098
BiLSTM+Attention,val,77.629947_12.836341,2024-03-01,0.5577319,0.5644008
BiLSTM+Attention,val,77.629947_12.854307,2024-03-01,0.50682,0.5108027
BiLSTM+Attention,val,77.629947_12.858799,2024-03-01,0.47522214,0.48297673
BiLSTM+Attention,val,77.629947_13.06092,2024-03-01,0.4149724,0.4115578
BiLSTM+Attention,val,77.629947_13.087869,2024-03-01,0.41527486,0.410432
BiLSTM+Attention,val,77.629947_13.1777,2024-03-01,0.424322,0.42189634
BiLSTM+Attention,val,77.634439_12.679136,2024-03-01,0.6963537,0.70438266
BiLSTM+Attention,val,77.634439_12.701593,2024-03-01,0.6428847,0.6505833
BiLSTM+Attention,val,77.634439_12.733034,2024-03-01,0.49448085,0.49698597
BiLSTM+Attention,val,77.634439_12.746509,2024-03-01,0.5284045,0.5345328
BiLSTM+Attention,val,77.634439_12.751001,2024-03-01,0.52447176,0.52052027
BiLSTM+Attention,val,77.634439_12.849815,2024-03-01,0.5123065,0.52658576
BiLSTM+Attention,val,77.634439_13.047445,2024-03-01,0.47542793,0.47779167
BiLSTM+Attention,val,77.634439_13.083377,2024-03-01,0.3775146,0.37336275
BiLSTM+Attention,val,77.634439_13.137276,2024-03-01,0.3930318,0.38970798
BiLSTM+Attention,val,77.63893_12.688119,2024-03-01,0.6358501,0.64450866
BiLSTM+Attention,val,77.63893_12.742018,2024-03-01,0.54385394,0.54292804
BiLSTM+Attention,val,77.63893_12.791425,2024-03-01,0.53696513,0.5392169
BiLSTM+Attention,val,77.63893_12.800408,2024-03-01,0.49075022,0.4939288
BiLSTM+Attention,val,77.63893_12.818374,2024-03-01,0.5058361,0.5086966
BiLSTM+Attention,val,77.63893_12.840832,2024-03-01,0.5840325,0.5912864
BiLSTM+Attention,val,77.63893_12.872273,2024-03-01,0.42792723,0.437262
BiLSTM+Attention,val,77.63893_12.917189,2024-03-01,0.6680903,0.6822815
BiLSTM+Attention,val,77.63893_12.989054,2024-03-01,0.5786201,0.5812599
BiLSTM+Attention,val,77.63893_13.056428,2024-03-01,0.43622673,0.4408621
BiLSTM+Attention,val,77.63893_13.078886,2024-03-01,0.38299817,0.3801964
BiLSTM+Attention,val,77.63893_13.083377,2024-03-01,0.37178046,0.36603868
BiLSTM+Attention,val,77.63893_13.1777,2024-03-01,0.40574184,0.4018302
BiLSTM+Attention,val,77.643422_12.795916,2024-03-01,0.51325583,0.51336193
BiLSTM+Attention,val,77.643422_12.800408,2024-03-01,0.49567634,0.5000518
BiLSTM+Attention,val,77.643422_12.809391,2024-03-01,0.52298576,0.53054035
BiLSTM+Attention,val,77.643422_12.867782,2024-03-01,0.46620584,0.4741196
BiLSTM+Attention,val,77.643422_13.002529,2024-03-01,0.50402904,0.5131027
BiLSTM+Attention,val,77.643422_13.038462,2024-03-01,0.49916163,0.5002071
BiLSTM+Attention,val,77.643422_13.164226,2024-03-01,0.5119746,0.5163801
BiLSTM+Attention,val,77.647914_12.688119,2024-03-01,0.6747616,0.68526155
BiLSTM+Attention,val,77.647914_12.733034,2024-03-01,0.5271305,0.5327038
BiLSTM+Attention,val,77.647914_12.881256,2024-03-01,0.4809872,0.4981001
BiLSTM+Attention,val,77.647914_12.935155,2024-03-01,0.61489606,0.6185788
BiLSTM+Attention,val,77.647914_13.141768,2024-03-01,0.54304254,0.54464686
BiLSTM+Attention,val,77.647914_13.168717,2024-03-01,0.5819875,0.5967291
BiLSTM+Attention,val,77.652405_12.697102,2024-03-01,0.6396592,0.6450068
BiLSTM+Attention,val,77.652405_12.773459,2024-03-01,0.499543,0.4920751
BiLSTM+Attention,val,77.652405_12.795916,2024-03-01,0.47441941,0.472928
BiLSTM+Attention,val,77.652405_12.8049,2024-03-01,0.5300222,0.5385167
BiLSTM+Attention,val,77.652405_12.858799,2024-03-01,0.6177849,0.62411416
BiLSTM+Attention,val,77.652405_12.926172,2024-03-01,0.60420454,0.617809
BiLSTM+Attention,val,77.652405_13.002529,2024-03-01,0.49262863,0.5043103
BiLSTM+Attention,val,77.656897_12.742018,2024-03-01,0.55446917,0.5623951
BiLSTM+Attention,val,77.656897_12.746509,2024-03-01,0.534433,0.5331733
BiLSTM+Attention,val,77.656897_12.768967,2024-03-01,0.5505685,0.54879034
BiLSTM+Attention,val,77.656897_12.791425,2024-03-01,0.49269494,0.49779058
BiLSTM+Attention,val,77.656897_12.800408,2024-03-01,0.5451456,0.54976857
BiLSTM+Attention,val,77.656897_12.831849,2024-03-01,0.54598,0.5607553
BiLSTM+Attention,val,77.656897_12.849815,2024-03-01,0.438511,0.44770157
BiLSTM+Attention,val,77.656897_12.939647,2024-03-01,0.5496646,0.5635876
BiLSTM+Attention,val,77.656897_13.101344,2024-03-01,0.40258792,0.40375894
BiLSTM+Attention,val,77.656897_13.164226,2024-03-01,0.4145011,0.41912723
BiLSTM+Attention,val,77.656897_13.173209,2024-03-01,0.38632107,0.37830794
BiLSTM+Attention,val,77.661388_12.737526,2024-03-01,0.55730295,0.5556881
BiLSTM+Attention,val,77.661388_12.759984,2024-03-01,0.56439084,0.5662185
BiLSTM+Attention,val,77.661388_13.056428,2024-03-01,0.45690224,0.4572906
BiLSTM+Attention,val,77.661388_13.074394,2024-03-01,0.45806164,0.4563942
BiLSTM+Attention,val,77.661388_13.087869,2024-03-01,0.4105672,0.41600215
BiLSTM+Attention,val,77.661388_13.101344,2024-03-01,0.39846256,0.40264052
BiLSTM+Attention,val,77.661388_13.110327,2024-03-01,0.46062377,0.46699113
BiLSTM+Attention,val,77.661388_13.11931,2024-03-01,0.5140334,0.52183956
BiLSTM+Attention,val,77.66588_12.679136,2024-03-01,0.6283468,0.62587327
BiLSTM+Attention,val,77.66588_12.697102,2024-03-01,0.5937413,0.58930326
BiLSTM+Attention,val,77.66588_12.715068,2024-03-01,0.57035804,0.57142997
BiLSTM+Attention,val,77.66588_12.724051,2024-03-01,0.5607344,0.5725805
BiLSTM+Attention,val,77.66588_12.751001,2024-03-01,0.5244031,0.52297384
BiLSTM+Attention,val,77.66588_12.755492,2024-03-01,0.5679468,0.5744254
BiLSTM+Attention,val,77.66588_12.764475,2024-03-01,0.5461497,0.55261683
BiLSTM+Attention,val,77.66588_12.768967,2024-03-01,0.67459446,0.6797698
BiLSTM+Attention,val,77.66588_12.791425,2024-03-01,0.5815022,0.59045815
BiLSTM+Attention,val,77.66588_12.953122,2024-03-01,0.57064915,0.5727429
BiLSTM+Attention,val,77.66588_13.038462,2024-03-01,0.4686451,0.47071326
BiLSTM+Attention,val,77.66588_13.051936,2024-03-01,0.4945252,0.49610084
BiLSTM+Attention,val,77.66588_13.173209,2024-03-01,0.39302877,0.39162713
BiLSTM+Attention,val,77.670371_12.71956,2024-03-01,0.5634387,0.57100093
BiLSTM+Attention,val,77.670371_12.86329,2024-03-01,0.47260246,0.4908703
BiLSTM+Attention,val,77.670371_12.881256,2024-03-01,0.46349987,0.4730265
BiLSTM+Attention,val,77.670371_12.894731,2024-03-01,0.41079998,0.4117101
BiLSTM+Attention,val,77.670371_13.069903,2024-03-01,0.39823863,0.39531577
BiLSTM+Attention,val,77.670371_13.083377,2024-03-01,0.3591593,0.3601612
BiLSTM+Attention,val,77.670371_13.092361,2024-03-01,0.36249942,0.36766252
BiLSTM+Attention,val,77.670371_13.128293,2024-03-01,0.44452637,0.44139338
BiLSTM+Attention,val,77.674863_12.674644,2024-03-01,0.66626924,0.6720086
BiLSTM+Attention,val,77.674863_12.71956,2024-03-01,0.57259756,0.57734185
BiLSTM+Attention,val,77.674863_12.755492,2024-03-01,0.5120707,0.511922
BiLSTM+Attention,val,77.674863_12.764475,2024-03-01,0.52665335,0.52996975
BiLSTM+Attention,val,77.674863_12.786933,2024-03-01,0.5558401,0.55846435
BiLSTM+Attention,val,77.674863_12.836341,2024-03-01,0.49525613,0.5031473
BiLSTM+Attention,val,77.674863_12.867782,2024-03-01,0.64698976,0.6533208
BiLSTM+Attention,val,77.674863_13.051936,2024-03-01,0.50336003,0.50691885
BiLSTM+Attention,val,77.674863_13.069903,2024-03-01,0.38027078,0.37919906
BiLSTM+Attention,val,77.674863_13.092361,2024-03-01,0.38227594,0.38863188
BiLSTM+Attention,val,77.674863_13.105835,2024-03-01,0.43749297,0.44210184
BiLSTM+Attention,val,77.679355_12.697102,2024-03-01,0.5392967,0.53302693
BiLSTM+Attention,val,77.679355_12.746509,2024-03-01,0.62383366,0.62673676
BiLSTM+Attention,val,77.679355_12.881256,2024-03-01,0.48937014,0.50654364
BiLSTM+Attention,val,77.679355_12.89024,2024-03-01,0.5023531,0.509659
BiLSTM+Attention,val,77.679355_12.899223,2024-03-01,0.42373103,0.42481935
BiLSTM+Attention,val,77.679355_13.047445,2024-03-01,0.68065697,0.68587345
BiLSTM+Attention,val,77.679355_13.056428,2024-03-01,0.47516018,0.47655052
BiLSTM+Attention,val,77.679355_13.074394,2024-03-01,0.39903718,0.40038466
BiLSTM+Attention,val,77.679355_13.101344,2024-03-01,0.4003288,0.4075756
BiLSTM+Attention,val,77.679355_13.141768,2024-03-01,0.4349316,0.43484437
BiLSTM+Attention,val,77.679355_13.155243,2024-03-01,0.3628186,0.35780782
BiLSTM+Attention,val,77.679355_13.159734,2024-03-01,0.38719898,0.3839977
BiLSTM+Attention,val,77.683846_12.728543,2024-03-01,0.5543967,0.5525235
BiLSTM+Attention,val,77.683846_12.742018,2024-03-01,0.49006236,0.493519
BiLSTM+Attention,val,77.683846_12.755492,2024-03-01,0.66609526,0.6770583
BiLSTM+Attention,val,77.683846_12.795916,2024-03-01,0.53418887,0.53396916
BiLSTM+Attention,val,77.683846_12.8049,2024-03-01,0.49309093,0.50241596
BiLSTM+Attention,val,77.683846_12.836341,2024-03-01,0.5395461,0.55142
BiLSTM+Attention,val,77.683846_12.840832,2024-03-01,0.5479046,0.5572774
BiLSTM+Attention,val,77.683846_12.894731,2024-03-01,0.5160587,0.5265383
BiLSTM+Attention,val,77.683846_12.917189,2024-03-01,0.4281945,0.42659706
BiLSTM+Attention,val,77.683846_12.939647,2024-03-01,0.6645498,0.676023
BiLSTM+Attention,val,77.683846_13.029478,2024-03-01,0.35452452,0.3528454
BiLSTM+Attention,val,77.683846_13.06092,2024-03-01,0.44801936,0.4490036
BiLSTM+Attention,val,77.683846_13.074394,2024-03-01,0.36658922,0.36549836
BiLSTM+Attention,val,77.683846_13.11931,2024-03-01,0.3464093,0.3450163
BiLSTM+Attention,val,77.683846_13.123802,2024-03-01,0.39475548,0.39522088
BiLSTM+Attention,val,77.688338_12.656678,2024-03-01,0.67699164,0.68295467
BiLSTM+Attention,val,77.688338_12.69261,2024-03-01,0.719718,0.7258982
BiLSTM+Attention,val,77.688338_12.697102,2024-03-01,0.72508866,0.7267514
BiLSTM+Attention,val,77.688338_12.710577,2024-03-01,0.7224235,0.73844
BiLSTM+Attention,val,77.688338_12.751001,2024-03-01,0.5661012,0.5731495
BiLSTM+Attention,val,77.688338_12.755492,2024-03-01,0.5385553,0.5427244
BiLSTM+Attention,val,77.688338_12.876765,2024-03-01,0.70521134,0.70915747
BiLSTM+Attention,val,77.688338_12.885748,2024-03-01,0.5283113,0.53691834
BiLSTM+Attention,val,77.688338_12.966596,2024-03-01,0.54189146,0.5565641
BiLSTM+Attention,val,77.692829_12.746509,2024-03-01,0.4671036,0.4682011
BiLSTM+Attention,val,77.692829_12.800408,2024-03-01,0.49626768,0.49655515
BiLSTM+Attention,val,77.692829_12.845324,2024-03-01,0.5572153,0.5674885
BiLSTM+Attention,val,77.692829_12.885748,2024-03-01,0.5539352,0.56158245
BiLSTM+Attention,val,77.692829_12.899223,2024-03-01,0.47905108,0.48207855
BiLSTM+Attention,val,77.692829_13.047445,2024-03-01,0.6535329,0.6715932
BiLSTM+Attention,val,77.692829_13.06092,2024-03-01,0.54309154,0.5443723
BiLSTM+Attention,val,77.692829_13.065411,2024-03-01,0.49635917,0.49444145
BiLSTM+Attention,val,77.692829_13.083377,2024-03-01,0.36345202,0.36346555
BiLSTM+Attention,val,77.692829_13.096852,2024-03-01,0.34529966,0.3459612
BiLSTM+Attention,val,77.692829_13.132785,2024-03-01,0.32467473,0.32466015
BiLSTM+Attention,val,77.692829_13.155243,2024-03-01,0.36394927,0.36137608
BiLSTM+Attention,val,77.697321_12.697102,2024-03-01,0.7278911,0.7363439
BiLSTM+Attention,val,77.697321_12.751001,2024-03-01,0.5308195,0.5340982
BiLSTM+Attention,val,77.697321_12.773459,2024-03-01,0.49812484,0.49181265
BiLSTM+Attention,val,77.697321_12.791425,2024-03-01,0.5811894,0.5862075
BiLSTM+Attention,val,77.697321_12.885748,2024-03-01,0.5573676,0.5658021
BiLSTM+Attention,val,77.697321_12.894731,2024-03-01,0.49448377,0.49274278
BiLSTM+Attention,val,77.697321_12.930664,2024-03-01,0.5126009,0.5263448
BiLSTM+Attention,val,77.697321_12.966596,2024-03-01,0.5171717,0.5335927
BiLSTM+Attention,val,77.697321_13.132785,2024-03-01,0.32467473,0.3254171
BiLSTM+Attention,val,77.697321_13.150751,2024-03-01,0.3796798,0.3746168
BiLSTM+Attention,val,77.697321_13.1777,2024-03-01,0.4733471,0.47942019
BiLSTM+Attention,val,77.701812_12.742018,2024-03-01,0.53142464,0.5274099
BiLSTM+Attention,val,77.701812_12.77795,2024-03-01,0.49779576,0.49730623
BiLSTM+Attention,val,77.701812_12.8049,2024-03-01,0.5683868,0.57884425
BiLSTM+Attention,val,77.701812_12.822866,2024-03-01,0.5369137,0.5401176
BiLSTM+Attention,val,77.701812_12.872273,2024-03-01,0.49204528,0.50183105
BiLSTM+Attention,val,77.701812_12.984563,2024-03-01,0.44851837,0.4557863
BiLSTM+Attention,val,77.701812_13.03397,2024-03-01,0.4172572,0.418146
BiLSTM+Attention,val,77.701812_13.114818,2024-03-01,0.41033208,0.4138201
BiLSTM+Attention,val,77.701812_13.164226,2024-03-01,0.4067555,0.40790206
BiLSTM+Attention,val,77.706304_12.746509,2024-03-01,0.5446479,0.5401284
BiLSTM+Attention,val,77.706304_12.751001,2024-03-01,0.55138266,0.5556625
BiLSTM+Attention,val,77.706304_12.759984,2024-03-01,0.46817777,0.46616632
BiLSTM+Attention,val,77.706304_12.764475,2024-03-01,0.5056372,0.5026763
BiLSTM+Attention,val,77.706304_12.86329,2024-03-01,0.4438844,0.44353807
BiLSTM+Attention,val,77.706304_12.984563,2024-03-01,0.45583543,0.46094847
BiLSTM+Attention,val,77.706304_13.038462,2024-03-01,0.42397138,0.42560232
BiLSTM+Attention,val,77.706304_13.042953,2024-03-01,0.47548312,0.47857344
BiLSTM+Attention,val,77.706304_13.137276,2024-03-01,0.5733789,0.586327
BiLSTM+Attention,val,77.710796_12.715068,2024-03-01,0.6073276,0.61183053
BiLSTM+Attention,val,77.710796_12.894731,2024-03-01,0.5744083,0.58669436
BiLSTM+Attention,val,77.710796_12.899223,2024-03-01,0.52353114,0.53362364
BiLSTM+Attention,val,77.710796_12.912697,2024-03-01,0.45411816,0.45092148
BiLSTM+Attention,val,77.710796_13.03397,2024-03-01,0.40885752,0.4052927
BiLSTM+Attention,val,77.710796_13.11931,2024-03-01,0.38118526,0.38292778
BiLSTM+Attention,val,77.710796_13.123802,2024-03-01,0.3505777,0.34721297
BiLSTM+Attention,val,77.710796_13.132785,2024-03-01,0.3785123,0.37228727
BiLSTM+Attention,val,77.710796_13.150751,2024-03-01,0.35763556,0.3545339
BiLSTM+Attention,val,77.710796_13.168717,2024-03-01,0.4262003,0.43030882
BiLSTM+Attention,val,77.710796_13.173209,2024-03-01,0.4348154,0.44066828
BiLSTM+Attention,val,77.715287_12.679136,2024-03-01,0.66519004,0.67962074
BiLSTM+Attention,val,77.715287_12.742018,2024-03-01,0.5323807,0.5280347
BiLSTM+Attention,val,77.715287_12.773459,2024-03-01,0.4973877,0.48936397
BiLSTM+Attention,val,77.715287_12.822866,2024-03-01,0.55575997,0.5559805
BiLSTM+Attention,val,77.715287_12.827358,2024-03-01,0.5240145,0.52473295
BiLSTM+Attention,val,77.715287_12.845324,2024-03-01,0.47175473,0.475958
BiLSTM+Attention,val,77.715287_12.885748,2024-03-01,0.5428104,0.54599464
BiLSTM+Attention,val,77.715287_12.899223,2024-03-01,0.43949723,0.44423336
BiLSTM+Attention,val,77.715287_12.939647,2024-03-01,0.6785007,0.6928319
BiLSTM+Attention,val,77.715287_12.944139,2024-03-01,0.7073309,0.72000206
BiLSTM+Attention,val,77.715287_12.94863,2024-03-01,0.55456954,0.56854147
BiLSTM+Attention,val,77.715287_13.016004,2024-03-01,0.48944712,0.5046398
BiLSTM+Attention,val,77.715287_13.029478,2024-03-01,0.37091833,0.3727932
BiLSTM+Attention,val,77.715287_13.038462,2024-03-01,0.49356297,0.49726063
BiLSTM+Attention,val,77.715287_13.051936,2024-03-01,0.4819574,0.48235893
BiLSTM+Attention,val,77.715287_13.056428,2024-03-01,0.41517434,0.4102372
BiLSTM+Attention,val,77.715287_13.096852,2024-03-01,0.30964833,0.3147853
BiLSTM+Attention,val,77.715287_13.114818,2024-03-01,0.4462352,0.45267367
BiLSTM+Attention,val,77.715287_13.128293,2024-03-01,0.3911005,0.38725558
BiLSTM+Attention,val,77.719779_12.706085,2024-03-01,0.62304354,0.62216777
BiLSTM+Attention,val,77.719779_12.746509,2024-03-01,0.655194,0.65672076
BiLSTM+Attention,val,77.719779_12.795916,2024-03-01,0.51642746,0.5207961
BiLSTM+Attention,val,77.719779_12.840832,2024-03-01,0.55270255,0.56253666
BiLSTM+Attention,val,77.719779_12.903714,2024-03-01,0.4372676,0.4350611
BiLSTM+Attention,val,77.719779_13.069903,2024-03-01,0.3801071,0.3757679
BiLSTM+Attention,val,77.719779_13.105835,2024-03-01,0.40434268,0.4032914
BiLSTM+Attention,val,77.719779_13.123802,2024-03-01,0.3613825,0.3565483
BiLSTM+Attention,val,77.719779_13.137276,2024-03-01,0.36689216,0.3620739
BiLSTM+Attention,val,77.719779_13.155243,2024-03-01,0.35816294,0.3610742
BiLSTM+Attention,val,77.72427_12.674644,2024-03-01,0.57207936,0.57064193
BiLSTM+Attention,val,77.72427_12.697102,2024-03-01,0.49940592,0.49651796
BiLSTM+Attention,val,77.72427_12.701593,2024-03-01,0.5262901,0.52127916
BiLSTM+Attention,val,77.72427_12.724051,2024-03-01,0.5639061,0.5584166
BiLSTM+Attention,val,77.72427_12.786933,2024-03-01,0.54051137,0.5393794
BiLSTM+Attention,val,77.72427_12.791425,2024-03-01,0.5389194,0.54240036
BiLSTM+Attention,val,77.72427_12.840832,2024-03-01,0.5323545,0.5389748
BiLSTM+Attention,val,77.72427_12.867782,2024-03-01,0.47686276,0.4812613
BiLSTM+Attention,val,77.72427_12.885748,2024-03-01,0.51319534,0.52002025
BiLSTM+Attention,val,77.72427_13.024987,2024-03-01,0.6792027,0.68536645
BiLSTM+Attention,val,77.72427_13.06092,2024-03-01,0.39828652,0.39600682
BiLSTM+Attention,val,77.72427_13.074394,2024-03-01,0.4080735,0.40731508
BiLSTM+Attention,val,77.728762_12.706085,2024-03-01,0.59718364,0.59955454
BiLSTM+Attention,val,77.728762_12.724051,2024-03-01,0.63048065,0.6347886
BiLSTM+Attention,val,77.728762_12.759984,2024-03-01,0.5378402,0.54161334
BiLSTM+Attention,val,77.728762_12.782442,2024-03-01,0.56085306,0.5630206
BiLSTM+Attention,val,77.728762_12.809391,2024-03-01,0.55122775,0.5546989
BiLSTM+Attention,val,77.728762_12.858799,2024-03-01,0.54855824,0.56316376
BiLSTM+Attention,val,77.728762_12.876765,2024-03-01,0.55920213,0.5677497
BiLSTM+Attention,val,77.728762_12.885748,2024-03-01,0.50201035,0.5078785
BiLSTM+Attention,val,77.728762_13.016004,2024-03-01,0.66728216,0.67727
BiLSTM+Attention,val,77.728762_13.047445,2024-03-01,0.46265984,0.4602098
BiLSTM+Attention,val,77.728762_13.087869,2024-03-01,0.43196687,0.43713325
BiLSTM+Attention,val,77.728762_13.092361,2024-03-01,0.39385992,0.39076644
BiLSTM+Attention,val,77.733253_12.755492,2024-03-01,0.50847495,0.50600183
BiLSTM+Attention,val,77.733253_12.795916,2024-03-01,0.5104702,0.5109386
BiLSTM+Attention,val,77.733253_12.86329,2024-03-01,0.5618021,0.5747894
BiLSTM+Attention,val,77.733253_12.872273,2024-03-01,0.54537,0.5609279
BiLSTM+Attention,val,77.733253_12.998037,2024-03-01,0.5737149,0.58730847
BiLSTM+Attention,val,77.733253_13.056428,2024-03-01,0.37498835,0.375031
BiLSTM+Attention,val,77.737745_12.764475,2024-03-01,0.48629197,0.48153567
BiLSTM+Attention,val,77.737745_12.791425,2024-03-01,0.5292285,0.5358798
BiLSTM+Attention,val,77.737745_12.809391,2024-03-01,0.5249812,0.5255799
BiLSTM+Attention,val,77.737745_12.858799,2024-03-01,0.52758664,0.53902435
BiLSTM+Attention,val,77.737745_12.872273,2024-03-01,0.55276555,0.56461674
BiLSTM+Attention,val,77.737745_12.881256,2024-03-01,0.57302743,0.58595544
BiLSTM+Attention,val,77.737745_13.051936,2024-03-01,0.39895034,0.3983612
BiLSTM+Attention,val,77.737745_13.06092,2024-03-01,0.40381855,0.40253484
BiLSTM+Attention,val,77.737745_13.078886,2024-03-01,0.43082932,0.43446642
BiLSTM+Attention,val,77.737745_13.101344,2024-03-01,0.3564005,0.35663763
BiLSTM+Attention,val,77.742237_12.697102,2024-03-01,0.63944983,0.6498882
BiLSTM+Attention,val,77.742237_12.764475,2024-03-01,0.50104624,0.4977671
BiLSTM+Attention,val,77.742237_12.795916,2024-03-01,0.49565113,0.49501055
BiLSTM+Attention,val,77.742237_12.8049,2024-03-01,0.5384508,0.5434489
BiLSTM+Attention,val,77.742237_12.86329,2024-03-01,0.4676108,0.47111827
BiLSTM+Attention,val,77.742237_12.867782,2024-03-01,0.5577565,0.5687845
BiLSTM+Attention,val,77.742237_12.89024,2024-03-01,0.5586366,0.5670828
BiLSTM+Attention,val,77.742237_12.899223,2024-03-01,0.5392377,0.5507943
BiLSTM+Attention,val,77.742237_12.921681,2024-03-01,0.48557618,0.4818707
BiLSTM+Attention,val,77.742237_12.980071,2024-03-01,0.5246246,0.5333424
BiLSTM+Attention,val,77.742237_13.002529,2024-03-01,0.5413081,0.555894
BiLSTM+Attention,val,77.742237_13.016004,2024-03-01,0.5476837,0.5607364
BiLSTM+Attention,val,77.742237_13.038462,2024-03-01,0.3771197,0.3762883
BiLSTM+Attention,val,77.742237_13.074394,2024-03-01,0.35403997,0.35290414
BiLSTM+Attention,val,77.742237_13.078886,2024-03-01,0.4167607,0.4164403
BiLSTM+Attention,val,77.742237_13.101344,2024-03-01,0.37856796,0.38003182
BiLSTM+Attention,val,77.746728_12.751001,2024-03-01,0.5291633,0.53390956
BiLSTM+Attention,val,77.746728_12.764475,2024-03-01,0.5203769,0.5210951
BiLSTM+Attention,val,77.746728_12.782442,2024-03-01,0.55580765,0.55996025
BiLSTM+Attention,val,77.746728_12.97558,2024-03-01,0.5451538,0.5498571
BiLSTM+Attention,val,77.746728_12.984563,2024-03-01,0.5352848,0.54708046
BiLSTM+Attention,val,77.746728_13.016004,2024-03-01,0.55977285,0.56792265
BiLSTM+Attention,val,77.746728_13.020495,2024-03-01,0.58824724,0.599554
BiLSTM+Attention,val,77.746728_13.024987,2024-03-01,0.49771032,0.50363594
BiLSTM+Attention,val,77.746728_13.038462,2024-03-01,0.40561265,0.40777516
BiLSTM+Attention,val,77.746728_13.06092,2024-03-01,0.36390933,0.36353695
BiLSTM+Attention,val,77.746728_13.083377,2024-03-01,0.41605788,0.41627288
BiLSTM+Attention,val,77.746728_13.092361,2024-03-01,0.3737903,0.37150222
BiLSTM+Attention,val,77.75122_12.751001,2024-03-01,0.5188828,0.52100617
BiLSTM+Attention,val,77.75122_12.755492,2024-03-01,0.5629844,0.56832486
BiLSTM+Attention,val,77.75122_12.768967,2024-03-01,0.4840847,0.48160058
BiLSTM+Attention,val,77.75122_12.77795,2024-03-01,0.52237964,0.5243789
BiLSTM+Attention,val,77.75122_12.894731,2024-03-01,0.4814267,0.48571742
BiLSTM+Attention,val,77.75122_12.993546,2024-03-01,0.47593594,0.48491633
BiLSTM+Attention,val,77.75122_13.020495,2024-03-01,0.5213612,0.532594
BiLSTM+Attention,val,77.75122_13.03397,2024-03-01,0.41655436,0.4197557
BiLSTM+Attention,val,77.75122_13.038462,2024-03-01,0.38568553,0.38981557
BiLSTM+Attention,val,77.755711_12.706085,2024-03-01,0.554641,0.55835444
BiLSTM+Attention,val,77.755711_12.764475,2024-03-01,0.71709096,0.7391723
BiLSTM+Attention,val,77.755711_12.77795,2024-03-01,0.5051383,0.50615704
BiLSTM+Attention,val,77.755711_12.822866,2024-03-01,0.5080389,0.51142883
BiLSTM+Attention,val,77.755711_12.831849,2024-03-01,0.48242223,0.48457962
BiLSTM+Attention,val,77.755711_12.858799,2024-03-01,0.5305123,0.5421349
BiLSTM+Attention,val,77.755711_12.885748,2024-03-01,0.51797044,0.52627426
BiLSTM+Attention,val,77.755711_12.899223,2024-03-01,0.4484647,0.4505369
BiLSTM+Attention,val,77.755711_12.903714,2024-03-01,0.50312006,0.5065213
BiLSTM+Attention,val,77.755711_12.926172,2024-03-01,0.52126044,0.53036934
BiLSTM+Attention,val,77.760203_12.751001,2024-03-01,0.51540965,0.51984125
BiLSTM+Attention,val,77.760203_12.795916,2024-03-01,0.4965742,0.49627775
BiLSTM+Attention,val,77.760203_12.818374,2024-03-01,0.5846742,0.5977301
BiLSTM+Attention,val,77.760203_12.867782,2024-03-01,0.48897168,0.498448
BiLSTM+Attention,val,77.760203_12.872273,2024-03-01,0.50124615,0.5119714
BiLSTM+Attention,val,77.760203_12.876765,2024-03-01,0.47240227,0.4791175
BiLSTM+Attention,val,77.760203_12.885748,2024-03-01,0.48856142,0.4884981
BiLSTM+Attention,val,77.760203_12.984563,2024-03-01,0.5337671,0.54513663
BiLSTM+Attention,val,77.764695_12.742018,2024-03-01,0.6282175,0.63581777
BiLSTM+Attention,val,77.764695_12.746509,2024-03-01,0.61581296,0.62277895
BiLSTM+Attention,val,77.764695_12.813883,2024-03-01,0.5425071,0.5438297
BiLSTM+Attention,val,77.764695_12.849815,2024-03-01,0.51552457,0.5217747
BiLSTM+Attention,val,77.764695_12.885748,2024-03-01,0.5132255,0.51490587
BiLSTM+Attention,val,77.764695_12.912697,2024-03-01,0.5171664,0.5211614
BiLSTM+Attention,val,77.764695_13.03397,2024-03-01,0.36462814,0.3672526
BiLSTM+Attention,val,77.769186_12.751001,2024-03-01,0.6385006,0.6469719
BiLSTM+Attention,val,77.769186_12.791425,2024-03-01,0.4862362,0.48308605
BiLSTM+Attention,val,77.769186_12.800408,2024-03-01,0.53888166,0.54402757
BiLSTM+Attention,val,77.769186_12.8049,2024-03-01,0.57167625,0.5799795
BiLSTM+Attention,val,77.769186_12.809391,2024-03-01,0.5079999,0.50972813
BiLSTM+Attention,val,77.769186_12.876765,2024-03-01,0.53147393,0.5462469
BiLSTM+Attention,val,77.769186_12.894731,2024-03-01,0.49379948,0.5032973
BiLSTM+Attention,val,77.769186_13.016004,2024-03-01,0.47479233,0.48246938
BiLSTM+Attention,val,77.773678_12.746509,2024-03-01,0.63212156,0.63075674
BiLSTM+Attention,val,77.773678_12.858799,2024-03-01,0.47342736,0.47614366
BiLSTM+Attention,val,77.773678_12.885748,2024-03-01,0.48449868,0.48652267
BiLSTM+Attention,val,77.773678_12.899223,2024-03-01,0.46084517,0.46349156
BiLSTM+Attention,val,77.773678_12.908206,2024-03-01,0.4985883,0.5025957
BiLSTM+Attention,val,77.778169_12.809391,2024-03-01,0.4702877,0.46661073
BiLSTM+Attention,val,77.778169_12.885748,2024-03-01,0.50308615,0.5155749
BiLSTM+Attention,val,77.782661_12.786933,2024-03-01,0.48827145,0.49173307
BiLSTM+Attention,val,77.782661_12.791425,2024-03-01,0.51626915,0.52603805
BiLSTM+Attention,val,77.782661_12.89024,2024-03-01,0.49601197,0.50520587
BiLSTM+Attention,val,77.787152_12.786933,2024-03-01,0.5021212,0.5090672
BiLSTM+Attention,val,77.787152_12.849815,2024-03-01,0.47554797,0.47980857
BiLSTM+Attention,val,77.787152_12.867782,2024-03-01,0.48593923,0.48652935
BiLSTM+Attention,val,77.791644_12.8049,2024-03-01,0.5016835,0.5089788
BiLSTM+Attention,val,77.791644_12.899223,2024-03-01,0.484748,0.48972106
BiLSTM+Attention,val,77.796136_12.854307,2024-03-01,0.47464594,0.47725254
BiLSTM+Attention,val,77.796136_12.885748,2024-03-01,0.5374573,0.5442161
BiLSTM+Attention,val,77.800627_12.876765,2024-03-01,0.5303123,0.5337744
BiLSTM+Attention,val,77.800627_12.885748,2024-03-01,0.49772704,0.4981795
BiLSTM+Attention,val,77.805119_12.876765,2024-03-01,0.5377014,0.541872
BiLSTM+Attention,val,77.805119_12.89024,2024-03-01,0.5268138,0.5335548
BiLSTM+Attention,val,77.80961_12.858799,2024-03-01,0.5429043,0.54995203
BiLSTM+Attention,val,77.80961_12.86329,2024-03-01,0.521326,0.5288782
BiLSTM+Attention,test,77.329012_12.944139,2024-04-01,0.45179698,0.47085083
BiLSTM+Attention,test,77.329012_12.962105,2024-04-01,0.62248963,0.6602798
BiLSTM+Attention,test,77.337995_12.921681,2024-04-01,0.57206565,0.6059913
BiLSTM+Attention,test,77.342486_12.926172,2024-04-01,0.6104722,0.6491224
BiLSTM+Attention,test,77.342486_12.935155,2024-04-01,0.6314987,0.6707887
BiLSTM+Attention,test,77.342486_12.944139,2024-04-01,0.59991926,0.63350374
BiLSTM+Attention,test,77.346978_12.86329,2024-04-01,0.49840665,0.53680706
BiLSTM+Attention,test,77.346978_12.962105,2024-04-01,0.45926678,0.46948612
BiLSTM+Attention,test,77.351469_12.89024,2024-04-01,0.4731046,0.5106652
BiLSTM+Attention,test,77.351469_12.930664,2024-04-01,0.63538337,0.6760325
BiLSTM+Attention,test,77.351469_12.939647,2024-04-01,0.61600846,0.65063894
BiLSTM+Attention,test,77.355961_12.899223,2024-04-01,0.48797435,0.5152518
BiLSTM+Attention,test,77.355961_12.94863,2024-04-01,0.4269789,0.44364756
BiLSTM+Attention,test,77.355961_12.962105,2024-04-01,0.63262933,0.6683864
BiLSTM+Attention,test,77.360453_12.867782,2024-04-01,0.38655183,0.40899166
BiLSTM+Attention,test,77.360453_12.908206,2024-04-01,0.50843877,0.5420904
BiLSTM+Attention,test,77.360453_12.926172,2024-04-01,0.6314098,0.6647582
BiLSTM+Attention,test,77.364944_12.854307,2024-04-01,0.42821655,0.44653684
BiLSTM+Attention,test,77.364944_12.962105,2024-04-01,0.41595867,0.42943382
BiLSTM+Attention,test,77.369436_12.881256,2024-04-01,0.42910394,0.45173788
BiLSTM+Attention,test,77.369436_12.89024,2024-04-01,0.4268357,0.4503652
BiLSTM+Attention,test,77.369436_12.935155,2024-04-01,0.38912126,0.39610618
BiLSTM+Attention,test,77.369436_12.998037,2024-04-01,0.42564872,0.43350708
BiLSTM+Attention,test,77.369436_13.007021,2024-04-01,0.47061402,0.48498487
BiLSTM+Attention,test,77.373927_12.912697,2024-04-01,0.5295085,0.55935204
BiLSTM+Attention,test,77.373927_12.971088,2024-04-01,0.4094161,0.42092425
BiLSTM+Attention,test,77.373927_13.011512,2024-04-01,0.4227694,0.43490952
BiLSTM+Attention,test,77.373927_13.016004,2024-04-01,0.40706939,0.41803634
BiLSTM+Attention,test,77.378419_12.966596,2024-04-01,0.38480014,0.39240432
BiLSTM+Attention,test,77.382911_12.894731,2024-04-01,0.47029963,0.5007633
BiLSTM+Attention,test,77.382911_12.953122,2024-04-01,0.44453922,0.45747387
BiLSTM+Attention,test,77.382911_12.957613,2024-04-01,0.43916813,0.45133865
BiLSTM+Attention,test,77.387402_12.962105,2024-04-01,0.43001106,0.4381209
BiLSTM+Attention,test,77.387402_12.97558,2024-04-01,0.4308872,0.43557996
BiLSTM+Attention,test,77.387402_12.980071,2024-04-01,0.43340778,0.4418158
BiLSTM+Attention,test,77.391894_12.867782,2024-04-01,0.4699344,0.4994399
BiLSTM+Attention,test,77.391894_12.881256,2024-04-01,0.43679437,0.47520775
BiLSTM+Attention,test,77.391894_12.885748,2024-04-01,0.4689574,0.50395364
BiLSTM+Attention,test,77.396385_12.894731,2024-04-01,0.4719787,0.49939048
BiLSTM+Attention,test,77.396385_12.908206,2024-04-01,0.43036038,0.45121336
BiLSTM+Attention,test,77.396385_12.944139,2024-04-01,0.47722825,0.5007399
BiLSTM+Attention,test,77.396385_12.971088,2024-04-01,0.40085003,0.40890443
BiLSTM+Attention,test,77.396385_12.97558,2024-04-01,0.37696996,0.38970798
BiLSTM+Attention,test,77.396385_13.029478,2024-04-01,0.31141096,0.32409844
BiLSTM+Attention,test,77.400877_12.957613,2024-04-01,0.44471732,0.46361518
BiLSTM+Attention,test,77.400877_12.966596,2024-04-01,0.39770168,0.40826276
BiLSTM+Attention,test,77.400877_13.029478,2024-04-01,0.29907167,0.3119917
BiLSTM+Attention,test,77.405368_12.881256,2024-04-01,0.3976013,0.40683192
BiLSTM+Attention,test,77.405368_12.89024,2024-04-01,0.42046434,0.43613112
BiLSTM+Attention,test,77.405368_12.903714,2024-04-01,0.39370975,0.40205586
BiLSTM+Attention,test,77.405368_12.930664,2024-04-01,0.5185926,0.5456652
BiLSTM+Attention,test,77.405368_12.998037,2024-04-01,0.41842777,0.4318198
BiLSTM+Attention,test,77.405368_13.105835,2024-04-01,0.34010386,0.3501404
BiLSTM+Attention,test,77.405368_13.11931,2024-04-01,0.3024625,0.31014878
BiLSTM+Attention,test,77.40986_12.872273,2024-04-01,0.3630275,0.36329615
BiLSTM+Attention,test,77.40986_12.881256,2024-04-01,0.36506453,0.37355113
BiLSTM+Attention,test,77.40986_12.962105,2024-04-01,0.4540022,0.4742852
BiLSTM+Attention,test,77.414352_12.930664,2024-04-01,0.4627924,0.48690593
BiLSTM+Attention,test,77.414352_12.989054,2024-04-01,0.38038602,0.38840425
BiLSTM+Attention,test,77.414352_12.993546,2024-04-01,0.3880417,0.40340656
BiLSTM+Attention,test,77.414352_13.03397,2024-04-01,0.35624158,0.36846292
BiLSTM+Attention,test,77.414352_13.096852,2024-04-01,0.3237357,0.33181858
BiLSTM+Attention,test,77.414352_13.11931,2024-04-01,0.32172233,0.32934472
BiLSTM+Attention,test,77.418843_12.876765,2024-04-01,0.3784665,0.3878952
BiLSTM+Attention,test,77.418843_12.89024,2024-04-01,0.40665904,0.4202283
BiLSTM+Attention,test,77.418843_12.94863,2024-04-01,0.45846677,0.4762975
BiLSTM+Attention,test,77.418843_12.971088,2024-04-01,0.42124292,0.42711383
BiLSTM+Attention,test,77.418843_12.993546,2024-04-01,0.4225543,0.43789208
BiLSTM+Attention,test,77.418843_13.016004,2024-04-01,0.38670048,0.3975639
BiLSTM+Attention,test,77.418843_13.024987,2024-04-01,0.37783217,0.38574114
BiLSTM+Attention,test,77.418843_13.029478,2024-04-01,0.37736315,0.38270795
BiLSTM+Attention,test,77.418843_13.146259,2024-04-01,0.28856468,0.301797
BiLSTM+Attention,test,77.423335_12.876765,2024-04-01,0.3802447,0.40388167
BiLSTM+Attention,test,77.423335_12.921681,2024-04-01,0.47283235,0.49248344
BiLSTM+Attention,test,77.423335_12.930664,2024-04-01,0.4555167,0.47209352
BiLSTM+Attention,test,77.423335_13.002529,2024-04-01,0.4706409,0.48896694
BiLSTM+Attention,test,77.423335_13.092361,2024-04-01,0.2644995,0.29025722
BiLSTM+Attention,test,77.423335_13.141768,2024-04-01,0.34734502,0.35458338
BiLSTM+Attention,test,77.423335_13.150751,2024-04-01,0.29732013,0.30781236
BiLSTM+Attention,test,77.427826_12.845324,2024-04-01,0.32222858,0.34309727
BiLSTM+Attention,test,77.427826_12.858799,2024-04-01,0.37494525,0.39000458
BiLSTM+Attention,test,77.427826_12.930664,2024-04-01,0.46300238,0.47722316
BiLSTM+Attention,test,77.427826_12.939647,2024-04-01,0.4104127,0.4209398
BiLSTM+Attention,test,77.427826_12.944139,2024-04-01,0.4237956,0.44000375
BiLSTM+Attention,test,77.427826_13.020495,2024-04-01,0.388368,0.39954695
BiLSTM+Attention,test,77.427826_13.024987,2024-04-01,0.37925684,0.38597834
BiLSTM+Attention,test,77.427826_13.110327,2024-04-01,0.34506005,0.34731263
BiLSTM+Attention,test,77.427826_13.132785,2024-04-01,0.40028444,0.4061644
BiLSTM+Attention,test,77.432318_12.858799,2024-04-01,0.38953823,0.40447614
BiLSTM+Attention,test,77.432318_12.86329,2024-04-01,0.3956598,0.40927267
BiLSTM+Attention,test,77.432318_12.867782,2024-04-01,0.38731766,0.40385985
BiLSTM+Attention,test,77.432318_12.881256,2024-04-01,0.43004644,0.4508177
BiLSTM+Attention,test,77.432318_12.885748,2024-04-01,0.52013075,0.5485536
BiLSTM+Attention,test,77.432318_12.957613,2024-04-01,0.41032305,0.42023963
BiLSTM+Attention,test,77.432318_12.998037,2024-04-01,0.34141335,0.34921014
BiLSTM+Attention,test,77.432318_13.087869,2024-04-01,0.34931827,0.35730666
BiLSTM+Attention,test,77.432318_13.092361,2024-04-01,0.305693,0.3181708
BiLSTM+Attention,test,77.436809_12.818374,2024-04-01,0.51989186,0.5456786
BiLSTM+Attention,test,77.436809_12.840832,2024-04-01,0.4369589,0.4513064
BiLSTM+Attention,test,77.436809_12.854307,2024-04-01,0.40315497,0.42164242
BiLSTM+Attention,test,77.436809_12.912697,2024-04-01,0.53197134,0.5539705
BiLSTM+Attention,test,77.436809_12.926172,2024-04-01,0.46490029,0.47871584
BiLSTM+Attention,test,77.436809_12.944139,2024-04-01,0.43108648,0.4462508
BiLSTM+Attention,test,77.436809_13.03397,2024-04-01,0.36231327,0.3719241
BiLSTM+Attention,test,77.441301_12.818374,2024-04-01,0.52838,0.5592927
BiLSTM+Attention,test,77.441301_12.831849,2024-04-01,0.42172408,0.44207484
BiLSTM+Attention,test,77.441301_12.836341,2024-04-01,0.45063278,0.46652538
BiLSTM+Attention,test,77.441301_12.840832,2024-04-01,0.4239485,0.43611586
BiLSTM+Attention,test,77.441301_12.944139,2024-04-01,0.46844682,0.48589182
BiLSTM+Attention,test,77.441301_12.94863,2024-04-01,0.42245424,0.43882912
BiLSTM+Attention,test,77.441301_13.056428,2024-04-01,0.35147497,0.364037
BiLSTM+Attention,test,77.441301_13.069903,2024-04-01,0.36822933,0.37688053
BiLSTM+Attention,test,77.441301_13.083377,2024-04-01,0.3550326,0.36217356
BiLSTM+Attention,test,77.441301_13.110327,2024-04-01,0.34045273,0.34108025
BiLSTM+Attention,test,77.445793_12.840832,2024-04-01,0.49660823,0.519069
BiLSTM+Attention,test,77.445793_12.86329,2024-04-01,0.5120628,0.53995836
BiLSTM+Attention,test,77.445793_12.867782,2024-04-01,0.49128646,0.5205705
BiLSTM+Attention,test,77.445793_12.912697,2024-04-01,0.43788606,0.45394027
BiLSTM+Attention,test,77.445793_12.957613,2024-04-01,0.41096115,0.42245686
BiLSTM+Attention,test,77.445793_12.984563,2024-04-01,0.4289449,0.4438771
BiLSTM+Attention,test,77.450284_12.809391,2024-04-01,0.4787148,0.49616408
BiLSTM+Attention,test,77.450284_12.872273,2024-04-01,0.49078485,0.5155008
BiLSTM+Attention,test,77.450284_12.89024,2024-04-01,0.4913688,0.51796585
BiLSTM+Attention,test,77.450284_12.971088,2024-04-01,0.39844376,0.41711515
BiLSTM+Attention,test,77.450284_12.993546,2024-04-01,0.31024024,0.32082185
BiLSTM+Attention,test,77.450284_13.029478,2024-04-01,0.34973922,0.36075878
BiLSTM+Attention,test,77.450284_13.047445,2024-04-01,0.3622828,0.37163925
BiLSTM+Attention,test,77.450284_13.146259,2024-04-01,0.41507646,0.42498583
BiLSTM+Attention,test,77.454776_12.809391,2024-04-01,0.443672,0.4575839
BiLSTM+Attention,test,77.454776_12.885748,2024-04-01,0.47269508,0.49659824
BiLSTM+Attention,test,77.454776_12.980071,2024-04-01,0.35045025,0.36214972
BiLSTM+Attention,test,77.454776_12.993546,2024-04-01,0.33611128,0.34677857
BiLSTM+Attention,test,77.454776_13.078886,2024-04-01,0.36106753,0.367009
BiLSTM+Attention,test,77.454776_13.087869,2024-04-01,0.3247739,0.33353454
BiLSTM+Attention,test,77.454776_13.114818,2024-04-01,0.40163052,0.4093114
BiLSTM+Attention,test,77.454776_13.141768,2024-04-01,0.41846082,0.4312262
BiLSTM+Attention,test,77.459267_12.8049,2024-04-01,0.51263493,0.54415524
BiLSTM+Attention,test,77.459267_12.822866,2024-04-01,0.48069194,0.49790972
BiLSTM+Attention,test,77.459267_12.845324,2024-04-01,0.48453546,0.5018504
BiLSTM+Attention,test,77.459267_12.872273,2024-04-01,0.4621023,0.48958373
BiLSTM+Attention,test,77.459267_12.903714,2024-04-01,0.41547328,0.43610823
BiLSTM+Attention,test,77.459267_12.926172,2024-04-01,0.45915246,0.4749468
BiLSTM+Attention,test,77.459267_12.97558,2024-04-01,0.36518052,0.37965786
BiLSTM+Attention,test,77.459267_13.016004,2024-04-01,0.32512543,0.33700103
BiLSTM+Attention,test,77.459267_13.020495,2024-04-01,0.3186816,0.3280062
BiLSTM+Attention,test,77.459267_13.11931,2024-04-01,0.39849165,0.40323687
BiLSTM+Attention,test,77.463759_12.813883,2024-04-01,0.42390016,0.44375268
BiLSTM+Attention,test,77.463759_12.836341,2024-04-01,0.4815313,0.50499135
BiLSTM+Attention,test,77.463759_12.86329,2024-04-01,0.49842724,0.5259548
BiLSTM+Attention,test,77.463759_12.867782,2024-04-01,0.48040187,0.507733
BiLSTM+Attention,test,77.463759_12.872273,2024-04-01,0.4561828,0.4817747
BiLSTM+Attention,test,77.463759_12.881256,2024-04-01,0.508082,0.5349676
BiLSTM+Attention,test,77.463759_12.885748,2024-04-01,0.51164526,0.5373936
BiLSTM+Attention,test,77.463759_12.894731,2024-04-01,0.45125365,0.47577304
BiLSTM+Attention,test,77.463759_12.899223,2024-04-01,0.45386088,0.47966647
BiLSTM+Attention,test,77.463759_12.917189,2024-04-01,0.40753555,0.42484415
BiLSTM+Attention,test,77.463759_12.953122,2024-04-01,0.6621347,0.6831802
BiLSTM+Attention,test,77.463759_13.03397,2024-04-01,0.3175917,0.32581788
BiLSTM+Attention,test,77.463759_13.078886,2024-04-01,0.42953616,0.44040996
BiLSTM+Attention,test,77.46825_12.827358,2024-04-01,0.39411724,0.40274808
BiLSTM+Attention,test,77.46825_12.836341,2024-04-01,0.48892045,0.51249516
BiLSTM+Attention,test,77.46825_12.894731,2024-04-01,0.4313956,0.4522702
BiLSTM+Attention,test,77.46825_12.94863,2024-04-01,0.5017809,0.5218927
BiLSTM+Attention,test,77.46825_12.953122,2024-04-01,0.43719396,0.45088893
BiLSTM+Attention,test,77.46825_12.966596,2024-04-01,0.41526332,0.43838152
BiLSTM+Attention,test,77.46825_13.007021,2024-04-01,0.33584014,0.345325
BiLSTM+Attention,test,77.46825_13.020495,2024-04-01,0.40281203,0.41448712
BiLSTM+Attention,test,77.46825_13.114818,2024-04-01,0.4425752,0.45158863
BiLSTM+Attention,test,77.46825_13.150751,2024-04-01,0.35321862,0.36061835
BiLSTM+Attention,test,77.46825_13.1777,2024-04-01,0.443678,0.45348442
BiLSTM+Attention,test,77.472742_12.746509,2024-04-01,0.55029416,0.56706023
BiLSTM+Attention,test,77.472742_12.751001,2024-04-01,0.5041033,0.51474226
BiLSTM+Attention,test,77.472742_12.755492,2024-04-01,0.5211159,0.5382357
BiLSTM+Attention,test,77.472742_12.795916,2024-04-01,0.4576732,0.47751075
BiLSTM+Attention,test,77.472742_12.836341,2024-04-01,0.47897938,0.5001752
BiLSTM+Attention,test,77.472742_12.984563,2024-04-01,0.37717095,0.39961642
BiLSTM+Attention,test,77.472742_13.087869,2024-04-01,0.38372082,0.3920701
BiLSTM+Attention,test,77.477234_12.764475,2024-04-01,0.51547104,0.53703654
BiLSTM+Attention,test,77.477234_12.782442,2024-04-01,0.45128855,0.46480316
BiLSTM+Attention,test,77.477234_12.840832,2024-04-01,0.48073053,0.504397
BiLSTM+Attention,test,77.477234_12.899223,2024-04-01,0.39168894,0.41183963
BiLSTM+Attention,test,77.477234_12.935155,2024-04-01,0.5282849,0.552676
BiLSTM+Attention,test,77.477234_12.944139,2024-04-01,0.45836806,0.47198778
BiLSTM+Attention,test,77.477234_12.94863,2024-04-01,0.46921024,0.490238
BiLSTM+Attention,test,77.477234_12.971088,2024-04-01,0.42793217,0.44513428
BiLSTM+Attention,test,77.477234_13.002529,2024-04-01,0.33140105,0.3483857
BiLSTM+Attention,test,77.477234_13.056428,2024-04-01,0.3854574,0.3975165
BiLSTM+Attention,test,77.481725_12.737526,2024-04-01,0.5268926,0.5442812
BiLSTM+Attention,test,77.481725_12.768967,2024-04-01,0.5104101,0.52983063
BiLSTM+Attention,test,77.481725_12.831849,2024-04-01,0.4227213,0.43762147
BiLSTM+Attention,test,77.481725_12.89024,2024-04-01,0.4709577,0.4981858
BiLSTM+Attention,test,77.481725_12.894731,2024-04-01,0.43812996,0.45937192
BiLSTM+Attention,test,77.481725_12.944139,2024-04-01,0.47115237,0.48619586
BiLSTM+Attention,test,77.481725_12.971088,2024-04-01,0.35272577,0.36643875
BiLSTM+Attention,test,77.481725_12.980071,2024-04-01,0.40597108,0.42337954
BiLSTM+Attention,test,77.481725_13.024987,2024-04-01,0.3841967,0.39872664
BiLSTM+Attention,test,77.481725_13.03397,2024-04-01,0.36126927,0.37167764
BiLSTM+Attention,test,77.481725_13.096852,2024-04-01,0.46705315,0.48485547
BiLSTM+Attention,test,77.481725_13.137276,2024-04-01,0.5419757,0.5725435
BiLSTM+Attention,test,77.486217_12.764475,2024-04-01,0.5053125,0.51747227
BiLSTM+Attention,test,77.486217_12.872273,2024-04-01,0.4276006,0.4491278
BiLSTM+Attention,test,77.486217_12.939647,2024-04-01,0.4866224,0.50690913
BiLSTM+Attention,test,77.486217_12.998037,2024-04-01,0.37882942,0.40608823
BiLSTM+Attention,test,77.486217_13.042953,2024-04-01,0.43186194,0.44864908
BiLSTM+Attention,test,77.486217_13.06092,2024-04-01,0.45009708,0.46707004
BiLSTM+Attention,test,77.486217_13.114818,2024-04-01,0.3830396,0.38759762
BiLSTM+Attention,test,77.486217_13.11931,2024-04-01,0.40031448,0.40853956
BiLSTM+Attention,test,77.490708_12.768967,2024-04-01,0.49706686,0.5150366
BiLSTM+Attention,test,77.490708_12.8049,2024-04-01,0.47512576,0.5008608
BiLSTM+Attention,test,77.490708_12.849815,2024-04-01,0.4979814,0.5329223
BiLSTM+Attention,test,77.490708_12.89024,2024-04-01,0.43000486,0.4510075
BiLSTM+Attention,test,77.490708_13.051936,2024-04-01,0.49851117,0.52354306
BiLSTM+Attention,test,77.490708_13.087869,2024-04-01,0.4395523,0.4515583
BiLSTM+Attention,test,77.490708_13.092361,2024-04-01,0.4350304,0.44985688
BiLSTM+Attention,test,77.490708_13.096852,2024-04-01,0.46510413,0.48091346
BiLSTM+Attention,test,77.490708_13.182192,2024-04-01,0.4821673,0.5002307
BiLSTM+Attention,test,77.490708_13.209142,2024-04-01,0.4394547,0.4476502
BiLSTM+Attention,test,77.4952_12.786933,2024-04-01,0.45737255,0.47797757
BiLSTM+Attention,test,77.4952_12.836341,2024-04-01,0.4544038,0.47686023
BiLSTM+Attention,test,77.4952_12.899223,2024-04-01,0.4772475,0.50448805
BiLSTM+Attention,test,77.4952_12.962105,2024-04-01,0.47075284,0.49349904
BiLSTM+Attention,test,77.4952_13.020495,2024-04-01,0.4266269,0.4434133
BiLSTM+Attention,test,77.4952_13.024987,2024-04-01,0.41625115,0.436669
BiLSTM+Attention,test,77.4952_13.03397,2024-04-01,0.46947503,0.49487066
BiLSTM+Attention,test,77.4952_13.087869,2024-04-01,0.41381553,0.4214623
BiLSTM+Attention,test,77.4952_13.092361,2024-04-01,0.4402642,0.45316666
BiLSTM+Attention,test,77.4952_13.182192,2024-04-01,0.48172233,0.5017066
BiLSTM+Attention,test,77.499692_12.755492,2024-04-01,0.56294847,0.5841351
BiLSTM+Attention,test,77.499692_12.858799,2024-04-01,0.5454724,0.58082885
BiLSTM+Attention,test,77.499692_12.899223,2024-04-01,0.4592423,0.4833446
BiLSTM+Attention,test,77.499692_12.984563,2024-04-01,0.4209846,0.44119704
BiLSTM+Attention,test,77.499692_13.114818,2024-04-01,0.40220293,0.4088229
BiLSTM+Attention,test,77.499692_13.137276,2024-04-01,0.39512062,0.4054793
BiLSTM+Attention,test,77.499692_13.168717,2024-04-01,0.5305672,0.56094134
BiLSTM+Attention,test,77.504183_12.764475,2024-04-01,0.56798697,0.60026544
BiLSTM+Attention,test,77.504183_12.786933,2024-04-01,0.52541935,0.5519386
BiLSTM+Attention,test,77.504183_12.818374,2024-04-01,0.49507335,0.5210802
BiLSTM+Attention,test,77.504183_12.854307,2024-04-01,0.48740998,0.51444745
BiLSTM+Attention,test,77.504183_12.858799,2024-04-01,0.5442361,0.5770217
BiLSTM+Attention,test,77.504183_12.953122,2024-04-01,0.44894236,0.47527105
BiLSTM+Attention,test,77.504183_13.083377,2024-04-01,0.47200754,0.48759586
BiLSTM+Attention,test,77.504183_13.141768,2024-04-01,0.47228807,0.49023312
BiLSTM+Attention,test,77.504183_13.159734,2024-04-01,0.56122285,0.5864425
BiLSTM+Attention,test,77.504183_13.195667,2024-04-01,0.414381,0.42304018
BiLSTM+Attention,test,77.508675_12.751001,2024-04-01,0.5678316,0.59251684
BiLSTM+Attention,test,77.508675_12.795916,2024-04-01,0.55279356,0.58754534
BiLSTM+Attention,test,77.508675_12.831849,2024-04-01,0.49543637,0.5201009
BiLSTM+Attention,test,77.508675_12.836341,2024-04-01,0.5206321,0.54987717
BiLSTM+Attention,test,77.508675_12.845324,2024-04-01,0.48513314,0.5223185
BiLSTM+Attention,test,77.508675_12.903714,2024-04-01,0.4122735,0.43201482
BiLSTM+Attention,test,77.508675_12.912697,2024-04-01,0.45420536,0.478391
BiLSTM+Attention,test,77.508675_12.917189,2024-04-01,0.5192987,0.5452624
BiLSTM+Attention,test,77.508675_13.114818,2024-04-01,0.36341673,0.3687877
BiLSTM+Attention,test,77.508675_13.137276,2024-04-01,0.42161226,0.4352605
BiLSTM+Attention,test,77.508675_13.159734,2024-04-01,0.54674053,0.5710667
BiLSTM+Attention,test,77.508675_13.191175,2024-04-01,0.4386416,0.44946343
BiLSTM+Attention,test,77.513166_12.746509,2024-04-01,0.6644778,0.697394
BiLSTM+Attention,test,77.513166_12.764475,2024-04-01,0.5307362,0.5467775
BiLSTM+Attention,test,77.513166_12.77795,2024-04-01,0.6238311,0.66233903
BiLSTM+Attention,test,77.513166_12.822866,2024-04-01,0.5693049,0.60301703
BiLSTM+Attention,test,77.513166_12.908206,2024-04-01,0.41541243,0.4364099
BiLSTM+Attention,test,77.513166_13.087869,2024-04-01,0.4719711,0.48794013
BiLSTM+Attention,test,77.513166_13.096852,2024-04-01,0.5358368,0.5633125
BiLSTM+Attention,test,77.513166_13.137276,2024-04-01,0.3871262,0.39218688
BiLSTM+Attention,test,77.513166_13.1777,2024-04-01,0.46531916,0.48268044
BiLSTM+Attention,test,77.517658_12.764475,2024-04-01,0.57661897,0.60065997
BiLSTM+Attention,test,77.517658_12.77795,2024-04-01,0.59920055,0.6313279
BiLSTM+Attention,test,77.517658_12.782442,2024-04-01,0.59803677,0.6336991
BiLSTM+Attention,test,77.517658_12.795916,2024-04-01,0.56041807,0.5911833
BiLSTM+Attention,test,77.517658_12.827358,2024-04-01,0.49660963,0.521222
BiLSTM+Attention,test,77.517658_12.849815,2024-04-01,0.49151954,0.52073514
BiLSTM+Attention,test,77.517658_12.885748,2024-04-01,0.48735425,0.5211389
BiLSTM+Attention,test,77.517658_12.89024,2024-04-01,0.47887215,0.5043441
BiLSTM+Attention,test,77.517658_12.899223,2024-04-01,0.47158638,0.50016063
BiLSTM+Attention,test,77.517658_12.998037,2024-04-01,0.4911075,0.5145518
BiLSTM+Attention,test,77.517658_13.11931,2024-04-01,0.33160186,0.33933645
BiLSTM+Attention,test,77.517658_13.182192,2024-04-01,0.4687665,0.48284668
BiLSTM+Attention,test,77.517658_13.186684,2024-04-01,0.4776417,0.4918235
BiLSTM+Attention,test,77.517658_13.191175,2024-04-01,0.42128327,0.42892703
BiLSTM+Attention,test,77.522149_12.751001,2024-04-01,0.6090755,0.64272344
BiLSTM+Attention,test,77.522149_12.755492,2024-04-01,0.58512336,0.6118779
BiLSTM+Attention,test,77.522149_12.759984,2024-04-01,0.61796474,0.649058
BiLSTM+Attention,test,77.522149_12.782442,2024-04-01,0.612298,0.6520394
BiLSTM+Attention,test,77.522149_12.809391,2024-04-01,0.67511827,0.7156773
BiLSTM+Attention,test,77.522149_12.813883,2024-04-01,0.48987812,0.52018815
BiLSTM+Attention,test,77.522149_12.818374,2024-04-01,0.4753081,0.49861568
BiLSTM+Attention,test,77.522149_12.836341,2024-04-01,0.4866003,0.5113596
BiLSTM+Attention,test,77.522149_12.845324,2024-04-01,0.502502,0.52969515
BiLSTM+Attention,test,77.522149_13.056428,2024-04-01,0.49802756,0.5171054
BiLSTM+Attention,test,77.522149_13.078886,2024-04-01,0.47261906,0.49004763
BiLSTM+Attention,test,77.522149_13.146259,2024-04-01,0.35088408,0.35683182
BiLSTM+Attention,test,77.522149_13.200158,2024-04-01,0.45937,0.47444236
BiLSTM+Attention,test,77.526641_12.751001,2024-04-01,0.6210749,0.652751
BiLSTM+Attention,test,77.526641_12.840832,2024-04-01,0.55688405,0.59070903
BiLSTM+Attention,test,77.526641_12.89024,2024-04-01,0.52327406,0.56180763
BiLSTM+Attention,test,77.526641_12.899223,2024-04-01,0.49491546,0.52744585
BiLSTM+Attention,test,77.526641_13.078886,2024-04-01,0.48648596,0.503903
BiLSTM+Attention,test,77.526641_13.105835,2024-04-01,0.34332153,0.34687376
BiLSTM+Attention,test,77.526641_13.110327,2024-04-01,0.3392519,0.34477457
BiLSTM+Attention,test,77.531133_12.791425,2024-04-01,0.5154853,0.5420792
BiLSTM+Attention,test,77.531133_12.795916,2024-04-01,0.5549169,0.58829117
BiLSTM+Attention,test,77.531133_12.800408,2024-04-01,0.5306194,0.55780816
BiLSTM+Attention,test,77.531133_12.822866,2024-04-01,0.5041108,0.53318024
BiLSTM+Attention,test,77.531133_12.827358,2024-04-01,0.5169264,0.54790074
BiLSTM+Attention,test,77.531133_12.894731,2024-04-01,0.44719958,0.47617418
BiLSTM+Attention,test,77.531133_13.083377,2024-04-01,0.455076,0.47099626
BiLSTM+Attention,test,77.531133_13.114818,2024-04-01,0.35095397,0.3641922
BiLSTM+Attention,test,77.531133_13.195667,2024-04-01,0.47228822,0.48919225
BiLSTM+Attention,test,77.535624_12.77795,2024-04-01,0.6589698,0.69602
BiLSTM+Attention,test,77.535624_12.822866,2024-04-01,0.60708314,0.64729047
BiLSTM+Attention,test,77.535624_12.872273,2024-04-01,0.41206324,0.434537
BiLSTM+Attention,test,77.535624_12.899223,2024-04-01,0.42816284,0.4527442
BiLSTM+Attention,test,77.535624_13.069903,2024-04-01,0.5588598,0.58178645
BiLSTM+Attention,test,77.535624_13.083377,2024-04-01,0.44768685,0.46572614
BiLSTM+Attention,test,77.535624_13.096852,2024-04-01,0.3885495,0.4021889
BiLSTM+Attention,test,77.535624_13.114818,2024-04-01,0.3766427,0.39109862
BiLSTM+Attention,test,77.535624_13.132785,2024-04-01,0.40188864,0.41474068
BiLSTM+Attention,test,77.535624_13.137276,2024-04-01,0.34414974,0.35303873
BiLSTM+Attention,test,77.535624_13.195667,2024-04-01,0.4143777,0.42032093
BiLSTM+Attention,test,77.540116_12.77795,2024-04-01,0.55862695,0.5899438
BiLSTM+Attention,test,77.540116_12.795916,2024-04-01,0.57496077,0.6137656
BiLSTM+Attention,test,77.540116_13.042953,2024-04-01,0.48789302,0.5055783
BiLSTM+Attention,test,77.540116_13.074394,2024-04-01,0.5060943,0.5301481
BiLSTM+Attention,test,77.540116_13.092361,2024-04-01,0.3465446,0.3627187
BiLSTM+Attention,test,77.540116_13.101344,2024-04-01,0.3764458,0.3890101
BiLSTM+Attention,test,77.540116_13.105835,2024-04-01,0.38783717,0.4064206
BiLSTM+Attention,test,77.540116_13.114818,2024-04-01,0.34872738,0.36734444
BiLSTM+Attention,test,77.540116_13.132785,2024-04-01,0.38711032,0.4057947
BiLSTM+Attention,test,77.540116_13.155243,2024-04-01,0.4133551,0.42624074
BiLSTM+Attention,test,77.540116_13.182192,2024-04-01,0.3796602,0.3920605
BiLSTM+Attention,test,77.544607_12.831849,2024-04-01,0.6648015,0.7050591
BiLSTM+Attention,test,77.544607_13.218125,2024-04-01,0.46494138,0.48051065
BiLSTM+Attention,test,77.549099_12.822866,2024-04-01,0.6849989,0.721295
BiLSTM+Attention,test,77.549099_12.831849,2024-04-01,0.5979943,0.64051884
BiLSTM+Attention,test,77.549099_12.836341,2024-04-01,0.57020986,0.6067179
BiLSTM+Attention,test,77.549099_12.845324,2024-04-01,0.552808,0.5885417
BiLSTM+Attention,test,77.549099_12.867782,2024-04-01,0.4772814,0.5067149
BiLSTM+Attention,test,77.549099_12.876765,2024-04-01,0.44323376,0.46971053
BiLSTM+Attention,test,77.549099_12.894731,2024-04-01,0.52315044,0.5612326
BiLSTM+Attention,test,77.549099_13.096852,2024-04-01,0.4133444,0.4243953
BiLSTM+Attention,test,77.549099_13.132785,2024-04-01,0.51843655,0.5409377
BiLSTM+Attention,test,77.55359_12.71956,2024-04-01,0.69582623,0.73994267
BiLSTM+Attention,test,77.55359_12.782442,2024-04-01,0.62994874,0.66803896
BiLSTM+Attention,test,77.55359_12.849815,2024-04-01,0.54715544,0.58462137
BiLSTM+Attention,test,77.55359_12.872273,2024-04-01,0.43438563,0.47224838
BiLSTM+Attention,test,77.55359_13.069903,2024-04-01,0.6243209,0.65096253
BiLSTM+Attention,test,77.55359_13.101344,2024-04-01,0.3689614,0.38055044
BiLSTM+Attention,test,77.55359_13.110327,2024-04-01,0.42562577,0.44550407
BiLSTM+Attention,test,77.55359_13.128293,2024-04-01,0.49732125,0.5211701
BiLSTM+Attention,test,77.55359_13.168717,2024-04-01,0.424444,0.4434482
BiLSTM+Attention,test,77.55359_13.173209,2024-04-01,0.3476696,0.3663062
BiLSTM+Attention,test,77.558082_12.710577,2024-04-01,0.72381413,0.7824816
BiLSTM+Attention,test,77.558082_12.827358,2024-04-01,0.61556184,0.6526681
BiLSTM+Attention,test,77.558082_12.845324,2024-04-01,0.59409803,0.63327885
BiLSTM+Attention,test,77.558082_13.042953,2024-04-01,0.56554186,0.5854936
BiLSTM+Attention,test,77.558082_13.051936,2024-04-01,0.5957512,0.62344456
BiLSTM+Attention,test,77.558082_13.110327,2024-04-01,0.4338272,0.4531744
BiLSTM+Attention,test,77.558082_13.168717,2024-04-01,0.43813282,0.45522904
BiLSTM+Attention,test,77.558082_13.1777,2024-04-01,0.41977447,0.43570065
BiLSTM+Attention,test,77.562574_12.71956,2024-04-01,0.6980752,0.7424691
BiLSTM+Attention,test,77.562574_12.827358,2024-04-01,0.622951,0.65813565
BiLSTM+Attention,test,77.562574_12.858799,2024-04-01,0.44374612,0.47646147
BiLSTM+Attention,test,77.562574_12.872273,2024-04-01,0.5260306,0.5638682
BiLSTM+Attention,test,77.562574_12.876765,2024-04-01,0.5488585,0.5826457
BiLSTM+Attention,test,77.562574_13.141768,2024-04-01,0.41219267,0.4240117
BiLSTM+Attention,test,77.562574_13.159734,2024-04-01,0.44063663,0.45674014
BiLSTM+Attention,test,77.562574_13.173209,2024-04-01,0.4472963,0.46321547
BiLSTM+Attention,test,77.567065_12.724051,2024-04-01,0.64702106,0.68377626
BiLSTM+Attention,test,77.567065_12.813883,2024-04-01,0.6064497,0.6478706
BiLSTM+Attention,test,77.567065_12.849815,2024-04-01,0.59007645,0.6255938
BiLSTM+Attention,test,77.567065_13.105835,2024-04-01,0.49639565,0.52100587
BiLSTM+Attention,test,77.567065_13.114818,2024-04-01,0.54184455,0.56597596
BiLSTM+Attention,test,77.567065_13.182192,2024-04-01,0.44384292,0.4610331
BiLSTM+Attention,test,77.571557_12.71956,2024-04-01,0.681002,0.7281292
BiLSTM+Attention,test,77.571557_12.800408,2024-04-01,0.6043664,0.6377872
BiLSTM+Attention,test,77.571557_12.813883,2024-04-01,0.6755019,0.71392703
BiLSTM+Attention,test,77.571557_12.849815,2024-04-01,0.59386766,0.62685543
BiLSTM+Attention,test,77.571557_13.141768,2024-04-01,0.4163588,0.4267816
BiLSTM+Attention,test,77.571557_13.146259,2024-04-01,0.41973367,0.43252796
BiLSTM+Attention,test,77.576048_12.71956,2024-04-01,0.6472152,0.68952066
BiLSTM+Attention,test,77.576048_12.728543,2024-04-01,0.6451918,0.6769109
BiLSTM+Attention,test,77.576048_12.742018,2024-04-01,0.64245796,0.68968457
BiLSTM+Attention,test,77.576048_12.813883,2024-04-01,0.6950827,0.7357648
BiLSTM+Attention,test,77.576048_12.827358,2024-04-01,0.57960516,0.614131
BiLSTM+Attention,test,77.58054_12.800408,2024-04-01,0.6435663,0.68206304
BiLSTM+Attention,test,77.58054_12.845324,2024-04-01,0.59622765,0.63239986
BiLSTM+Attention,test,77.58054_13.083377,2024-04-01,0.4582235,0.47823566
BiLSTM+Attention,test,77.58054_13.087869,2024-04-01,0.4322194,0.45175135
BiLSTM+Attention,test,77.585031_12.849815,2024-04-01,0.59367156,0.62806004
BiLSTM+Attention,test,77.585031_13.042953,2024-04-01,0.5939979,0.61349905
BiLSTM+Attention,test,77.585031_13.137276,2024-04-01,0.42340857,0.43738246
BiLSTM+Attention,test,77.589523_12.71956,2024-04-01,0.7540879,0.8011312
BiLSTM+Attention,test,77.589523_12.746509,2024-04-01,0.6435239,0.68388844
BiLSTM+Attention,test,77.589523_12.854307,2024-04-01,0.5413591,0.5780745
BiLSTM+Attention,test,77.589523_12.971088,2024-04-01,0.65969497,0.67020005
BiLSTM+Attention,test,77.589523_13.083377,2024-04-01,0.542024,0.56184053
BiLSTM+Attention,test,77.589523_13.150751,2024-04-01,0.42888692,0.444188
BiLSTM+Attention,test,77.594015_12.724051,2024-04-01,0.73313797,0.7708952
BiLSTM+Attention,test,77.594015_12.733034,2024-04-01,0.7038495,0.74151605
BiLSTM+Attention,test,77.594015_12.755492,2024-04-01,0.60578805,0.64499235
BiLSTM+Attention,test,77.594015_12.831849,2024-04-01,0.55616105,0.5881031
BiLSTM+Attention,test,77.594015_12.836341,2024-04-01,0.57581097,0.61509347
BiLSTM+Attention,test,77.594015_12.840832,2024-04-01,0.5763353,0.6141409
BiLSTM+Attention,test,77.594015_12.849815,2024-04-01,0.56717485,0.59866786
BiLSTM+Attention,test,77.594015_12.998037,2024-04-01,0.65355706,0.6730074
BiLSTM+Attention,test,77.594015_13.087869,2024-04-01,0.52669775,0.54683954
BiLSTM+Attention,test,77.598506_12.665661,2024-04-01,0.7336591,0.7923404
BiLSTM+Attention,test,77.598506_12.710577,2024-04-01,0.6617582,0.6953231
BiLSTM+Attention,test,77.598506_12.822866,2024-04-01,0.5809894,0.61316955
BiLSTM+Attention,test,77.598506_12.849815,2024-04-01,0.6071428,0.6396474
BiLSTM+Attention,test,77.598506_13.083377,2024-04-01,0.5197128,0.53682977
BiLSTM+Attention,test,77.598506_13.128293,2024-04-01,0.4848553,0.5063601
BiLSTM+Attention,test,77.598506_13.141768,2024-04-01,0.3986351,0.4177975
BiLSTM+Attention,test,77.598506_13.146259,2024-04-01,0.37859896,0.39893615
BiLSTM+Attention,test,77.602998_12.710577,2024-04-01,0.6986383,0.7418218
BiLSTM+Attention,test,77.602998_12.827358,2024-04-01,0.49675983,0.52622354
BiLSTM+Attention,test,77.602998_12.849815,2024-04-01,0.5069652,0.53986186
BiLSTM+Attention,test,77.602998_12.858799,2024-04-01,0.5157485,0.5567816
BiLSTM+Attention,test,77.602998_13.114818,2024-04-01,0.51245487,0.531418
BiLSTM+Attention,test,77.602998_13.11931,2024-04-01,0.5062002,0.5274735
BiLSTM+Attention,test,77.602998_13.128293,2024-04-01,0.45309648,0.47381967
BiLSTM+Attention,test,77.602998_13.164226,2024-04-01,0.41275302,0.4283373
BiLSTM+Attention,test,77.607489_12.768967,2024-04-01,0.565472,0.5991785
BiLSTM+Attention,test,77.607489_12.773459,2024-04-01,0.53900236,0.5720925
BiLSTM+Attention,test,77.607489_12.791425,2024-04-01,0.52706,0.5525038
BiLSTM+Attention,test,77.607489_12.809391,2024-04-01,0.6136008,0.6515862
BiLSTM+Attention,test,77.607489_12.818374,2024-04-01,0.6415105,0.6791534
BiLSTM+Attention,test,77.607489_13.087869,2024-04-01,0.61546063,0.6368758
BiLSTM+Attention,test,77.611981_12.674644,2024-04-01,0.72713447,0.7711792
BiLSTM+Attention,test,77.611981_12.768967,2024-04-01,0.521785,0.5511396
BiLSTM+Attention,test,77.611981_12.831849,2024-04-01,0.52940327,0.55812037
BiLSTM+Attention,test,77.611981_12.867782,2024-04-01,0.4840556,0.52347136
BiLSTM+Attention,test,77.611981_12.953122,2024-04-01,0.6616885,0.6870262
BiLSTM+Attention,test,77.611981_13.105835,2024-04-01,0.4814608,0.50269216
BiLSTM+Attention,test,77.611981_13.168717,2024-04-01,0.38589984,0.40248054
BiLSTM+Attention,test,77.611981_13.182192,2024-04-01,0.35889086,0.37101123
BiLSTM+Attention,test,77.616473_12.831849,2024-04-01,0.5706796,0.6040098
BiLSTM+Attention,test,77.616473_12.858799,2024-04-01,0.49513376,0.5271965
BiLSTM+Attention,test,77.616473_13.114818,2024-04-01,0.5080026,0.52666074
BiLSTM+Attention,test,77.616473_13.141768,2024-04-01,0.4339436,0.44906384
BiLSTM+Attention,test,77.616473_13.1777,2024-04-01,0.35182396,0.36569238
BiLSTM+Attention,test,77.620964_12.674644,2024-04-01,0.7341366,0.77854455
BiLSTM+Attention,test,77.620964_12.795916,2024-04-01,0.47570834,0.5021194
BiLSTM+Attention,test,77.620964_12.813883,2024-04-01,0.46697733,0.49423802
BiLSTM+Attention,test,77.620964_12.845324,2024-04-01,0.6064364,0.64101934
BiLSTM+Attention,test,77.620964_12.858799,2024-04-01,0.4763686,0.51033986
BiLSTM+Attention,test,77.620964_13.132785,2024-04-01,0.48551244,0.5057059
BiLSTM+Attention,test,77.625456_12.782442,2024-04-01,0.50480324,0.53148925
BiLSTM+Attention,test,77.625456_12.858799,2024-04-01,0.4418618,0.46795052
BiLSTM+Attention,test,77.625456_13.065411,2024-04-01,0.38211027,0.386752
BiLSTM+Attention,test,77.625456_13.128293,2024-04-01,0.48924652,0.51038486
BiLSTM+Attention,test,77.625456_13.137276,2024-04-01,0.4239361,0.4412428
BiLSTM+Attention,test,77.625456_13.155243,2024-04-01,0.5438975,0.5676468
BiLSTM+Attention,test,77.625456_13.182192,2024-04-01,0.3863067,0.40003574
BiLSTM+Attention,test,77.629947_12.795916,2024-04-01,0.68428564,0.73185706
BiLSTM+Attention,test,77.629947_12.809391,2024-04-01,0.48936367,0.5121985
BiLSTM+Attention,test,77.629947_12.836341,2024-04-01,0.54644257,0.57582533
BiLSTM+Attention,test,77.629947_12.854307,2024-04-01,0.4955307,0.52123076
BiLSTM+Attention,test,77.629947_12.858799,2024-04-01,0.46393278,0.49068522
BiLSTM+Attention,test,77.629947_13.06092,2024-04-01,0.40535268,0.4166612
BiLSTM+Attention,test,77.629947_13.087869,2024-04-01,0.40565515,0.41493207
BiLSTM+Attention,test,77.629947_13.1777,2024-04-01,0.4136054,0.42552763
BiLSTM+Attention,test,77.634439_12.679136,2024-04-01,0.67892766,0.7137709
BiLSTM+Attention,test,77.634439_12.701593,2024-04-01,0.62545866,0.6727134
BiLSTM+Attention,test,77.634439_12.733034,2024-04-01,0.48015594,0.50501096
BiLSTM+Attention,test,77.634439_12.746509,2024-04-01,0.51407963,0.5422993
BiLSTM+Attention,test,77.634439_12.751001,2024-04-01,0.51014686,0.5290495
BiLSTM+Attention,test,77.634439_12.849815,2024-04-01,0.50101715,0.53543013
BiLSTM+Attention,test,77.634439_13.047445,2024-04-01,0.46580824,0.48452437
BiLSTM+Attention,test,77.634439_13.083377,2024-04-01,0.3678949,0.3773281
BiLSTM+Attention,test,77.634439_13.137276,2024-04-01,0.3823152,0.39468324
BiLSTM+Attention,test,77.63893_12.688119,2024-04-01,0.61842406,0.6561991
BiLSTM+Attention,test,77.63893_12.742018,2024-04-01,0.52952904,0.5547213
BiLSTM+Attention,test,77.63893_12.791425,2024-04-01,0.5226402,0.5491794
BiLSTM+Attention,test,77.63893_12.800408,2024-04-01,0.47642532,0.5009602
BiLSTM+Attention,test,77.63893_12.818374,2024-04-01,0.49454677,0.5175651
BiLSTM+Attention,test,77.63893_12.840832,2024-04-01,0.5727431,0.60153717
BiLSTM+Attention,test,77.63893_12.872273,2024-04-01,0.41663787,0.44241202
BiLSTM+Attention,test,77.63893_12.917189,2024-04-01,0.65972745,0.6988919
BiLSTM+Attention,test,77.63893_12.989054,2024-04-01,0.57025725,0.59760123
BiLSTM+Attention,test,77.63893_13.056428,2024-04-01,0.426607,0.44548005
BiLSTM+Attention,test,77.63893_13.078886,2024-04-01,0.37337846,0.38424975
BiLSTM+Attention,test,77.63893_13.083377,2024-04-01,0.36216074,0.37026304
BiLSTM+Attention,test,77.63893_13.1777,2024-04-01,0.3950252,0.40492532
BiLSTM+Attention,test,77.643422_12.795916,2024-04-01,0.49893096,0.52119523
BiLSTM+Attention,test,77.643422_12.800408,2024-04-01,0.48135144,0.5080523
BiLSTM+Attention,test,77.643422_12.809391,2024-04-01,0.50866085,0.5394778
BiLSTM+Attention,test,77.643422_12.867782,2024-04-01,0.45491648,0.4819771
BiLSTM+Attention,test,77.643422_13.002529,2024-04-01,0.4956662,0.51981896
BiLSTM+Attention,test,77.643422_13.038462,2024-04-01,0.48954192,0.5083682
BiLSTM+Attention,test,77.643422_13.164226,2024-04-01,0.50125796,0.5258495
BiLSTM+Attention,test,77.647914_12.688119,2024-04-01,0.6573356,0.69658244
BiLSTM+Attention,test,77.647914_12.733034,2024-04-01,0.5128056,0.54120153
BiLSTM+Attention,test,77.647914_12.881256,2024-04-01,0.46969783,0.50479734
BiLSTM+Attention,test,77.647914_12.935155,2024-04-01,0.6065332,0.63663167
BiLSTM+Attention,test,77.647914_13.141768,2024-04-01,0.5323259,0.5537149
BiLSTM+Attention,test,77.647914_13.168717,2024-04-01,0.5712709,0.6036578
BiLSTM+Attention,test,77.652405_12.697102,2024-04-01,0.6222332,0.6575194
BiLSTM+Attention,test,77.652405_12.773459,2024-04-01,0.4852181,0.5020629
BiLSTM+Attention,test,77.652405_12.795916,2024-04-01,0.4600945,0.4799655
BiLSTM+Attention,test,77.652405_12.8049,2024-04-01,0.5156973,0.5477457
BiLSTM+Attention,test,77.652405_12.858799,2024-04-01,0.60649556,0.6382235
BiLSTM+Attention,test,77.652405_12.926172,2024-04-01,0.5958417,0.63087106
BiLSTM+Attention,test,77.652405_13.002529,2024-04-01,0.4842658,0.50857246
BiLSTM+Attention,test,77.656897_12.742018,2024-04-01,0.54014426,0.57176524
BiLSTM+Attention,test,77.656897_12.746509,2024-04-01,0.5201081,0.5424854
BiLSTM+Attention,test,77.656897_12.768967,2024-04-01,0.5362437,0.56233704
BiLSTM+Attention,test,77.656897_12.791425,2024-04-01,0.47837004,0.50395244
BiLSTM+Attention,test,77.656897_12.800408,2024-04-01,0.53082067,0.5592643
BiLSTM+Attention,test,77.656897_12.831849,2024-04-01,0.5346906,0.5720012
BiLSTM+Attention,test,77.656897_12.849815,2024-04-01,0.42722166,0.45310366
BiLSTM+Attention,test,77.656897_12.939647,2024-04-01,0.5413018,0.5734968
BiLSTM+Attention,test,77.656897_13.101344,2024-04-01,0.39296824,0.40779454
BiLSTM+Attention,test,77.656897_13.164226,2024-04-01,0.40378448,0.4219699
BiLSTM+Attention,test,77.656897_13.173209,2024-04-01,0.37560442,0.38014072
BiLSTM+Attention,test,77.661388_12.737526,2024-04-01,0.54297805,0.56609994
BiLSTM+Attention,test,77.661388_12.759984,2024-04-01,0.55006593,0.58057326
BiLSTM+Attention,test,77.661388_13.056428,2024-04-01,0.44728252,0.4622439
BiLSTM+Attention,test,77.661388_13.074394,2024-04-01,0.44844192,0.46303302
BiLSTM+Attention,test,77.661388_13.087869,2024-04-01,0.40094748,0.41810417
BiLSTM+Attention,test,77.661388_13.101344,2024-04-01,0.38884285,0.40613562
BiLSTM+Attention,test,77.661388_13.110327,2024-04-01,0.44990715,0.47139686
BiLSTM+Attention,test,77.661388_13.11931,2024-04-01,0.50331676,0.5280472
BiLSTM+Attention,test,77.66588_12.679136,2024-04-01,0.6109208,0.6383828
BiLSTM+Attention,test,77.66588_12.697102,2024-04-01,0.5763153,0.6002557
BiLSTM+Attention,test,77.66588_12.715068,2024-04-01,0.552932,0.58626384
BiLSTM+Attention,test,77.66588_12.724051,2024-04-01,0.5464095,0.58524376
BiLSTM+Attention,test,77.66588_12.751001,2024-04-01,0.51007825,0.5326971
BiLSTM+Attention,test,77.66588_12.755492,2024-04-01,0.55362195,0.5869447
BiLSTM+Attention,test,77.66588_12.764475,2024-04-01,0.53182477,0.5662629
BiLSTM+Attention,test,77.66588_12.768967,2024-04-01,0.6602696,0.70107055
BiLSTM+Attention,test,77.66588_12.791425,2024-04-01,0.5671773,0.6017919
BiLSTM+Attention,test,77.66588_12.953122,2024-04-01,0.5622863,0.58362687
BiLSTM+Attention,test,77.66588_13.038462,2024-04-01,0.45902538,0.4773913
BiLSTM+Attention,test,77.66588_13.051936,2024-04-01,0.48490548,0.50317615
BiLSTM+Attention,test,77.66588_13.173209,2024-04-01,0.38231215,0.39130378
BiLSTM+Attention,test,77.670371_12.71956,2024-04-01,0.5460127,0.58574045
BiLSTM+Attention,test,77.670371_12.86329,2024-04-01,0.4613131,0.496409
BiLSTM+Attention,test,77.670371_12.881256,2024-04-01,0.45221052,0.4802904
BiLSTM+Attention,test,77.670371_12.894731,2024-04-01,0.39951062,0.41688085
BiLSTM+Attention,test,77.670371_13.069903,2024-04-01,0.38861892,0.39676145
BiLSTM+Attention,test,77.670371_13.083377,2024-04-01,0.34953958,0.36087573
BiLSTM+Attention,test,77.670371_13.092361,2024-04-01,0.3528797,0.3684429
BiLSTM+Attention,test,77.670371_13.128293,2024-04-01,0.43380976,0.4471422
BiLSTM+Attention,test,77.674863_12.674644,2024-04-01,0.6488432,0.6904906
BiLSTM+Attention,test,77.674863_12.71956,2024-04-01,0.55517155,0.5906785
BiLSTM+Attention,test,77.674863_12.755492,2024-04-01,0.4977458,0.5219404
BiLSTM+Attention,test,77.674863_12.764475,2024-04-01,0.51232845,0.54018813
BiLSTM+Attention,test,77.674863_12.786933,2024-04-01,0.5415152,0.56804806
BiLSTM+Attention,test,77.674863_12.836341,2024-04-01,0.48396677,0.51413053
BiLSTM+Attention,test,77.674863_12.867782,2024-04-01,0.6357004,0.66810364
BiLSTM+Attention,test,77.674863_13.051936,2024-04-01,0.4937403,0.51534027
BiLSTM+Attention,test,77.674863_13.069903,2024-04-01,0.37065107,0.3792442
BiLSTM+Attention,test,77.674863_13.092361,2024-04-01,0.37265623,0.3906237
BiLSTM+Attention,test,77.674863_13.105835,2024-04-01,0.42677635,0.4451984
BiLSTM+Attention,test,77.679355_12.697102,2024-04-01,0.5218707,0.5430549
BiLSTM+Attention,test,77.679355_12.746509,2024-04-01,0.60950875,0.64072496
BiLSTM+Attention,test,77.679355_12.881256,2024-04-01,0.47808078,0.5141902
BiLSTM+Attention,test,77.679355_12.89024,2024-04-01,0.4910637,0.5175376
BiLSTM+Attention,test,77.679355_12.899223,2024-04-01,0.41244167,0.42944235
BiLSTM+Attention,test,77.679355_13.047445,2024-04-01,0.67103726,0.699261
BiLSTM+Attention,test,77.679355_13.056428,2024-04-01,0.46554047,0.48310184
BiLSTM+Attention,test,77.679355_13.074394,2024-04-01,0.38941747,0.4023144
BiLSTM+Attention,test,77.679355_13.101344,2024-04-01,0.39070907,0.4089101
BiLSTM+Attention,test,77.679355_13.141768,2024-04-01,0.424215,0.44011167
BiLSTM+Attention,test,77.679355_13.155243,2024-04-01,0.35210198,0.36020106
BiLSTM+Attention,test,77.679355_13.159734,2024-04-01,0.37648237,0.38787776
BiLSTM+Attention,test,77.683846_12.728543,2024-04-01,0.5400718,0.56443816
BiLSTM+Attention,test,77.683846_12.742018,2024-04-01,0.47573745,0.50150114
BiLSTM+Attention,test,77.683846_12.755492,2024-04-01,0.65177035,0.69494635
BiLSTM+Attention,test,77.683846_12.795916,2024-04-01,0.51986396,0.5446878
BiLSTM+Attention,test,77.683846_12.8049,2024-04-01,0.47876605,0.5114467
BiLSTM+Attention,test,77.683846_12.836341,2024-04-01,0.5282567,0.5621354
BiLSTM+Attention,test,77.683846_12.840832,2024-04-01,0.53661525,0.5707847
BiLSTM+Attention,test,77.683846_12.894731,2024-04-01,0.5047693,0.53637415
BiLSTM+Attention,test,77.683846_12.917189,2024-04-01,0.41983166,0.43031108
BiLSTM+Attention,test,77.683846_12.939647,2024-04-01,0.656187,0.6893705
BiLSTM+Attention,test,77.683846_13.029478,2024-04-01,0.3449048,0.35411084
BiLSTM+Attention,test,77.683846_13.06092,2024-04-01,0.43839967,0.45391208
BiLSTM+Attention,test,77.683846_13.074394,2024-04-01,0.35696954,0.36643562
BiLSTM+Attention,test,77.683846_13.11931,2024-04-01,0.33569264,0.34655464
BiLSTM+Attention,test,77.683846_13.123802,2024-04-01,0.38403887,0.39698604
BiLSTM+Attention,test,77.688338_12.656678,2024-04-01,0.6595656,0.6997394
BiLSTM+Attention,test,77.688338_12.69261,2024-04-01,0.70229197,0.7477563
BiLSTM+Attention,test,77.688338_12.697102,2024-04-01,0.70766264,0.74692893
BiLSTM+Attention,test,77.688338_12.710577,2024-04-01,0.7049975,0.75819796
BiLSTM+Attention,test,77.688338_12.751001,2024-04-01,0.5517763,0.5855475
BiLSTM+Attention,test,77.688338_12.755492,2024-04-01,0.5242304,0.5539485
BiLSTM+Attention,test,77.688338_12.876765,2024-04-01,0.693922,0.724227
BiLSTM+Attention,test,77.688338_12.885748,2024-04-01,0.51702195,0.5445076
BiLSTM+Attention,test,77.688338_12.966596,2024-04-01,0.5335286,0.56492966
BiLSTM+Attention,test,77.692829_12.746509,2024-04-01,0.4527787,0.47548318
BiLSTM+Attention,test,77.692829_12.800408,2024-04-01,0.4819428,0.50498617
BiLSTM+Attention,test,77.692829_12.845324,2024-04-01,0.5459259,0.580295
BiLSTM+Attention,test,77.692829_12.885748,2024-04-01,0.5426459,0.57205474
BiLSTM+Attention,test,77.692829_12.899223,2024-04-01,0.46776173,0.490614
BiLSTM+Attention,test,77.692829_13.047445,2024-04-01,0.6439132,0.68395853
BiLSTM+Attention,test,77.692829_13.06092,2024-04-01,0.5334718,0.55521935
BiLSTM+Attention,test,77.692829_13.065411,2024-04-01,0.48673946,0.5034618
BiLSTM+Attention,test,77.692829_13.083377,2024-04-01,0.3538323,0.3643034
BiLSTM+Attention,test,77.692829_13.096852,2024-04-01,0.33567995,0.34584087
BiLSTM+Attention,test,77.692829_13.132785,2024-04-01,0.3139581,0.3247012
BiLSTM+Attention,test,77.692829_13.155243,2024-04-01,0.35323265,0.36376297
BiLSTM+Attention,test,77.697321_12.697102,2024-04-01,0.71046513,0.75878304
BiLSTM+Attention,test,77.697321_12.751001,2024-04-01,0.5164946,0.54480875
BiLSTM+Attention,test,77.697321_12.773459,2024-04-01,0.48379993,0.49995375
BiLSTM+Attention,test,77.697321_12.791425,2024-04-01,0.5668645,0.59845346
BiLSTM+Attention,test,77.697321_12.885748,2024-04-01,0.54607826,0.5762215
BiLSTM+Attention,test,77.697321_12.894731,2024-04-01,0.4831944,0.5040788
BiLSTM+Attention,test,77.697321_12.930664,2024-04-01,0.50423807,0.535366
BiLSTM+Attention,test,77.697321_12.966596,2024-04-01,0.50880885,0.53954387
BiLSTM+Attention,test,77.697321_13.132785,2024-04-01,0.3139581,0.32572165
BiLSTM+Attention,test,77.697321_13.150751,2024-04-01,0.36896318,0.37916273
BiLSTM+Attention,test,77.697321_13.1777,2024-04-01,0.46263048,0.48663783
BiLSTM+Attention,test,77.701812_12.742018,2024-04-01,0.51506084,0.5369339
BiLSTM+Attention,test,77.701812_12.77795,2024-04-01,0.481432,0.5035219
BiLSTM+Attention,test,77.701812_12.8049,2024-04-01,0.552023,0.58775103
BiLSTM+Attention,test,77.701812_12.822866,2024-04-01,0.5231764,0.54679024
BiLSTM+Attention,test,77.701812_12.872273,2024-04-01,0.47830796,0.5083471
BiLSTM+Attention,test,77.701812_12.984563,2024-04-01,0.43616584,0.4585775
BiLSTM+Attention,test,77.701812_13.03397,2024-04-01,0.40512815,0.41981763
BiLSTM+Attention,test,77.701812_13.114818,2024-04-01,0.39761546,0.4152171
BiLSTM+Attention,test,77.701812_13.164226,2024-04-01,0.3940389,0.4101876
BiLSTM+Attention,test,77.706304_12.746509,2024-04-01,0.5282841,0.55048966
BiLSTM+Attention,test,77.706304_12.751001,2024-04-01,0.53501886,0.5666387
BiLSTM+Attention,test,77.706304_12.759984,2024-04-01,0.45181397,0.47012496
BiLSTM+Attention,test,77.706304_12.764475,2024-04-01,0.48927343,0.50954694
BiLSTM+Attention,test,77.706304_12.86329,2024-04-01,0.4301471,0.44894964
BiLSTM+Attention,test,77.706304_12.984563,2024-04-01,0.4434829,0.46263105
BiLSTM+Attention,test,77.706304_13.038462,2024-04-01,0.41184235,0.42839858
BiLSTM+Attention,test,77.706304_13.042953,2024-04-01,0.46335405,0.48394197
BiLSTM+Attention,test,77.706304_13.137276,2024-04-01,0.5606623,0.5901464
BiLSTM+Attention,test,77.710796_12.715068,2024-04-01,0.59043,0.62561905
BiLSTM+Attention,test,77.710796_12.894731,2024-04-01,0.560671,0.5969566
BiLSTM+Attention,test,77.710796_12.899223,2024-04-01,0.5097939,0.5424018
BiLSTM+Attention,test,77.710796_12.912697,2024-04-01,0.44176567,0.45502746
BiLSTM+Attention,test,77.710796_13.03397,2024-04-01,0.39672846,0.4076244
BiLSTM+Attention,test,77.710796_13.11931,2024-04-01,0.36846864,0.3837118
BiLSTM+Attention,test,77.710796_13.123802,2024-04-01,0.3378611,0.3481805
BiLSTM+Attention,test,77.710796_13.132785,2024-04-01,0.36579567,0.37438786
BiLSTM+Attention,test,77.710796_13.150751,2024-04-01,0.34491894,0.35523236
BiLSTM+Attention,test,77.710796_13.168717,2024-04-01,0.41348368,0.43401086
BiLSTM+Attention,test,77.710796_13.173209,2024-04-01,0.4220988,0.44386554
BiLSTM+Attention,test,77.715287_12.679136,2024-04-01,0.64829254,0.69894725
BiLSTM+Attention,test,77.715287_12.742018,2024-04-01,0.5160169,0.53622687
BiLSTM+Attention,test,77.715287_12.773459,2024-04-01,0.48102394,0.49494934
BiLSTM+Attention,test,77.715287_12.822866,2024-04-01,0.5420227,0.56419426
BiLSTM+Attention,test,77.715287_12.827358,2024-04-01,0.51027715,0.5322285
BiLSTM+Attention,test,77.715287_12.845324,2024-04-01,0.4580174,0.48304796
BiLSTM+Attention,test,77.715287_12.885748,2024-04-01,0.52907306,0.5566277
BiLSTM+Attention,test,77.715287_12.899223,2024-04-01,0.4257599,0.45012975
BiLSTM+Attention,test,77.715287_12.939647,2024-04-01,0.6661482,0.70357454
BiLSTM+Attention,test,77.715287_12.944139,2024-04-01,0.6949784,0.7303365
BiLSTM+Attention,test,77.715287_12.94863,2024-04-01,0.5422171,0.5762192
BiLSTM+Attention,test,77.715287_13.016004,2024-04-01,0.47731808,0.5075849
BiLSTM+Attention,test,77.715287_13.029478,2024-04-01,0.35878927,0.37215242
BiLSTM+Attention,test,77.715287_13.038462,2024-04-01,0.48143393,0.5024071
BiLSTM+Attention,test,77.715287_13.051936,2024-04-01,0.46982837,0.48823482
BiLSTM+Attention,test,77.715287_13.056428,2024-04-01,0.40304527,0.412238
BiLSTM+Attention,test,77.715287_13.096852,2024-04-01,0.29751927,0.3140425
BiLSTM+Attention,test,77.715287_13.114818,2024-04-01,0.4335186,0.4552304
BiLSTM+Attention,test,77.715287_13.128293,2024-04-01,0.37838387,0.38924074
BiLSTM+Attention,test,77.719779_12.706085,2024-04-01,0.606146,0.63643897
BiLSTM+Attention,test,77.719779_12.746509,2024-04-01,0.6388302,0.67187035
BiLSTM+Attention,test,77.719779_12.795916,2024-04-01,0.50006366,0.52576935
BiLSTM+Attention,test,77.719779_12.840832,2024-04-01,0.5389652,0.5726923
BiLSTM+Attention,test,77.719779_12.903714,2024-04-01,0.42353028,0.44090247
BiLSTM+Attention,test,77.719779_13.069903,2024-04-01,0.36797804,0.3768434
BiLSTM+Attention,test,77.719779_13.105835,2024-04-01,0.39162606,0.40346208
BiLSTM+Attention,test,77.719779_13.123802,2024-04-01,0.3486659,0.35677415
BiLSTM+Attention,test,77.719779_13.137276,2024-04-01,0.35417554,0.3623109
BiLSTM+Attention,test,77.719779_13.155243,2024-04-01,0.34544632,0.36122394
BiLSTM+Attention,test,77.72427_12.674644,2024-04-01,0.5551818,0.5792997
BiLSTM+Attention,test,77.72427_12.697102,2024-04-01,0.4825084,0.50462216
BiLSTM+Attention,test,77.72427_12.701593,2024-04-01,0.50939256,0.53014845
BiLSTM+Attention,test,77.72427_12.724051,2024-04-01,0.5475423,0.5693897
BiLSTM+Attention,test,77.72427_12.786933,2024-04-01,0.5241476,0.54619807
BiLSTM+Attention,test,77.72427_12.791425,2024-04-01,0.5225556,0.549726
BiLSTM+Attention,test,77.72427_12.840832,2024-04-01,0.51861715,0.5482022
BiLSTM+Attention,test,77.72427_12.867782,2024-04-01,0.46312544,0.48742437
BiLSTM+Attention,test,77.72427_12.885748,2024-04-01,0.49945804,0.5291502
BiLSTM+Attention,test,77.72427_13.024987,2024-04-01,0.66707367,0.6956799
BiLSTM+Attention,test,77.72427_13.06092,2024-04-01,0.38615745,0.39749134
BiLSTM+Attention,test,77.72427_13.074394,2024-04-01,0.39594448,0.40925312
BiLSTM+Attention,test,77.728762_12.706085,2024-04-01,0.5802861,0.6119529
BiLSTM+Attention,test,77.728762_12.724051,2024-04-01,0.61411685,0.6499827
BiLSTM+Attention,test,77.728762_12.759984,2024-04-01,0.52147645,0.550538
BiLSTM+Attention,test,77.728762_12.782442,2024-04-01,0.54448926,0.5714789
BiLSTM+Attention,test,77.728762_12.809391,2024-04-01,0.534864,0.563202
BiLSTM+Attention,test,77.728762_12.858799,2024-04-01,0.5348209,0.57152486
BiLSTM+Attention,test,77.728762_12.876765,2024-04-01,0.5454648,0.5772133
BiLSTM+Attention,test,77.728762_12.885748,2024-04-01,0.48827305,0.5160451
BiLSTM+Attention,test,77.728762_13.016004,2024-04-01,0.6551531,0.6868264
BiLSTM+Attention,test,77.728762_13.047445,2024-04-01,0.45053077,0.4640473
BiLSTM+Attention,test,77.728762_13.087869,2024-04-01,0.41983783,0.43705004
BiLSTM+Attention,test,77.728762_13.092361,2024-04-01,0.38173088,0.39197513
BiLSTM+Attention,test,77.733253_12.755492,2024-04-01,0.49211115,0.5120768
BiLSTM+Attention,test,77.733253_12.795916,2024-04-01,0.49410644,0.5169084
BiLSTM+Attention,test,77.733253_12.86329,2024-04-01,0.54806477,0.5831917
BiLSTM+Attention,test,77.733253_12.872273,2024-04-01,0.53163266,0.57122386
BiLSTM+Attention,test,77.733253_12.998037,2024-04-01,0.5613624,0.5951077
BiLSTM+Attention,test,77.733253_13.056428,2024-04-01,0.3628593,0.3747197
BiLSTM+Attention,test,77.737745_12.764475,2024-04-01,0.46992818,0.48736513
BiLSTM+Attention,test,77.737745_12.791425,2024-04-01,0.5128647,0.5416295
BiLSTM+Attention,test,77.737745_12.809391,2024-04-01,0.5086174,0.5334731
BiLSTM+Attention,test,77.737745_12.858799,2024-04-01,0.5138493,0.545806
BiLSTM+Attention,test,77.737745_12.872273,2024-04-01,0.5390282,0.5737916
BiLSTM+Attention,test,77.737745_12.881256,2024-04-01,0.5592901,0.5974448
BiLSTM+Attention,test,77.737745_13.051936,2024-04-01,0.3868213,0.39876068
BiLSTM+Attention,test,77.737745_13.06092,2024-04-01,0.39168948,0.40259427
BiLSTM+Attention,test,77.737745_13.078886,2024-04-01,0.41870028,0.43529993
BiLSTM+Attention,test,77.737745_13.101344,2024-04-01,0.34427142,0.35773942
BiLSTM+Attention,test,77.742237_12.697102,2024-04-01,0.6225523,0.664954
BiLSTM+Attention,test,77.742237_12.764475,2024-04-01,0.48468247,0.5038693
BiLSTM+Attention,test,77.742237_12.795916,2024-04-01,0.47928736,0.49950182
BiLSTM+Attention,test,77.742237_12.8049,2024-04-01,0.522087,0.5514431
BiLSTM+Attention,test,77.742237_12.86329,2024-04-01,0.45387352,0.47567296
BiLSTM+Attention,test,77.742237_12.867782,2024-04-01,0.54401916,0.5761429
BiLSTM+Attention,test,77.742237_12.89024,2024-04-01,0.5448993,0.5776536
BiLSTM+Attention,test,77.742237_12.899223,2024-04-01,0.52550036,0.5610265
BiLSTM+Attention,test,77.742237_12.921681,2024-04-01,0.47322366,0.48930496
BiLSTM+Attention,test,77.742237_12.980071,2024-04-01,0.51227206,0.53760004
BiLSTM+Attention,test,77.742237_13.002529,2024-04-01,0.52895564,0.56120837
BiLSTM+Attention,test,77.742237_13.016004,2024-04-01,0.53555465,0.5671225
BiLSTM+Attention,test,77.742237_13.038462,2024-04-01,0.36499062,0.37408885
BiLSTM+Attention,test,77.742237_13.074394,2024-04-01,0.34191093,0.35261676
BiLSTM+Attention,test,77.742237_13.078886,2024-04-01,0.40463164,0.4181964
BiLSTM+Attention,test,77.742237_13.101344,2024-04-01,0.36643893,0.38174438
BiLSTM+Attention,test,77.746728_12.751001,2024-04-01,0.5127995,0.54028255
BiLSTM+Attention,test,77.746728_12.764475,2024-04-01,0.5040131,0.52915365
BiLSTM+Attention,test,77.746728_12.782442,2024-04-01,0.53944385,0.5681541
BiLSTM+Attention,test,77.746728_12.97558,2024-04-01,0.5328013,0.55453646
BiLSTM+Attention,test,77.746728_12.984563,2024-04-01,0.52293235,0.55077314
BiLSTM+Attention,test,77.746728_13.016004,2024-04-01,0.5476438,0.575275
BiLSTM+Attention,test,77.746728_13.020495,2024-04-01,0.57611823,0.6054344
BiLSTM+Attention,test,77.746728_13.024987,2024-04-01,0.48558125,0.5071533
BiLSTM+Attention,test,77.746728_13.038462,2024-04-01,0.3934836,0.40802333
BiLSTM+Attention,test,77.746728_13.06092,2024-04-01,0.3517803,0.36237997
BiLSTM+Attention,test,77.746728_13.083377,2024-04-01,0.40392882,0.41940415
BiLSTM+Attention,test,77.746728_13.092361,2024-04-01,0.36166123,0.37383455
BiLSTM+Attention,test,77.75122_12.751001,2024-04-01,0.5025191,0.5260578
BiLSTM+Attention,test,77.75122_12.755492,2024-04-01,0.5466206,0.57696617
BiLSTM+Attention,test,77.75122_12.768967,2024-04-01,0.46772093,0.48622537
BiLSTM+Attention,test,77.75122_12.77795,2024-04-01,0.50601584,0.5319857
BiLSTM+Attention,test,77.75122_12.894731,2024-04-01,0.46768937,0.4930296
BiLSTM+Attention,test,77.75122_12.993546,2024-04-01,0.4635834,0.48612618
BiLSTM+Attention,test,77.75122_13.020495,2024-04-01,0.5092321,0.53549486
BiLSTM+Attention,test,77.75122_13.03397,2024-04-01,0.40442532,0.42017245
BiLSTM+Attention,test,77.75122_13.038462,2024-04-01,0.37355646,0.38925463
BiLSTM+Attention,test,77.755711_12.706085,2024-04-01,0.53774345,0.5657783
BiLSTM+Attention,test,77.755711_12.764475,2024-04-01,0.70072716,0.7527392
BiLSTM+Attention,test,77.755711_12.77795,2024-04-01,0.48877448,0.5135254
BiLSTM+Attention,test,77.755711_12.822866,2024-04-01,0.4943016,0.5188149
BiLSTM+Attention,test,77.755711_12.831849,2024-04-01,0.46868494,0.4892351
BiLSTM+Attention,test,77.755711_12.858799,2024-04-01,0.51677495,0.5494232
BiLSTM+Attention,test,77.755711_12.885748,2024-04-01,0.5042332,0.5352282
BiLSTM+Attention,test,77.755711_12.899223,2024-04-01,0.4347274,0.4553401
BiLSTM+Attention,test,77.755711_12.903714,2024-04-01,0.48938274,0.51253384
BiLSTM+Attention,test,77.755711_12.926172,2024-04-01,0.5089079,0.5355952
BiLSTM+Attention,test,77.760203_12.751001,2024-04-01,0.49904588,0.52568376
BiLSTM+Attention,test,77.760203_12.795916,2024-04-01,0.48021042,0.50100034
BiLSTM+Attention,test,77.760203_12.818374,2024-04-01,0.57093686,0.6044606
BiLSTM+Attention,test,77.760203_12.867782,2024-04-01,0.47523436,0.5028291
BiLSTM+Attention,test,77.760203_12.872273,2024-04-01,0.48750886,0.5189776
BiLSTM+Attention,test,77.760203_12.876765,2024-04-01,0.45866495,0.4855324
BiLSTM+Attention,test,77.760203_12.885748,2024-04-01,0.47482413,0.49556297
BiLSTM+Attention,test,77.760203_12.984563,2024-04-01,0.5214146,0.5489749
BiLSTM+Attention,test,77.764695_12.742018,2024-04-01,0.6118537,0.64594376
BiLSTM+Attention,test,77.764695_12.746509,2024-04-01,0.5994492,0.63309234
BiLSTM+Attention,test,77.764695_12.813883,2024-04-01,0.5261433,0.5495221
BiLSTM+Attention,test,77.764695_12.849815,2024-04-01,0.50178725,0.5281241
BiLSTM+Attention,test,77.764695_12.885748,2024-04-01,0.49948817,0.5229895
BiLSTM+Attention,test,77.764695_12.912697,2024-04-01,0.5048139,0.5259712
BiLSTM+Attention,test,77.764695_13.03397,2024-04-01,0.35249907,0.3667897
BiLSTM+Attention,test,77.769186_12.751001,2024-04-01,0.62213683,0.6605595
BiLSTM+Attention,test,77.769186_12.791425,2024-04-01,0.46987244,0.48803854
BiLSTM+Attention,test,77.769186_12.800408,2024-04-01,0.52251786,0.5501227
BiLSTM+Attention,test,77.769186_12.8049,2024-04-01,0.5553125,0.5870604
BiLSTM+Attention,test,77.769186_12.809391,2024-04-01,0.49163613,0.51241326
BiLSTM+Attention,test,77.769186_12.876765,2024-04-01,0.5177366,0.5527641
BiLSTM+Attention,test,77.769186_12.894731,2024-04-01,0.48006216,0.50938326
BiLSTM+Attention,test,77.769186_13.016004,2024-04-01,0.4626633,0.48494267
BiLSTM+Attention,test,77.773678_12.746509,2024-04-01,0.61575776,0.64266944
BiLSTM+Attention,test,77.773678_12.858799,2024-04-01,0.45969006,0.48039818
BiLSTM+Attention,test,77.773678_12.885748,2024-04-01,0.4707614,0.49220264
BiLSTM+Attention,test,77.773678_12.899223,2024-04-01,0.44710788,0.46762425
BiLSTM+Attention,test,77.773678_12.908206,2024-04-01,0.48485097,0.508273
BiLSTM+Attention,test,77.778169_12.809391,2024-04-01,0.4539239,0.46787566
BiLSTM+Attention,test,77.778169_12.885748,2024-04-01,0.48934886,0.52070946
BiLSTM+Attention,test,77.782661_12.786933,2024-04-01,0.47190765,0.4948402
BiLSTM+Attention,test,77.782661_12.791425,2024-04-01,0.49990538,0.53054494
BiLSTM+Attention,test,77.782661_12.89024,2024-04-01,0.48227465,0.5104641
BiLSTM+Attention,test,77.787152_12.786933,2024-04-01,0.4857574,0.51232517
BiLSTM+Attention,test,77.787152_12.849815,2024-04-01,0.46181065,0.4844091
BiLSTM+Attention,test,77.787152_12.867782,2024-04-01,0.47220194,0.49232024
BiLSTM+Attention,test,77.791644_12.8049,2024-04-01,0.4853197,0.51146734
BiLSTM+Attention,test,77.791644_12.899223,2024-04-01,0.47101068,0.49517286
BiLSTM+Attention,test,77.796136_12.854307,2024-04-01,0.4597062,0.4810295
BiLSTM+Attention,test,77.796136_12.885748,2024-04-01,0.52251756,0.55026364
BiLSTM+Attention,test,77.800627_12.876765,2024-04-01,0.5153725,0.54008967
BiLSTM+Attention,test,77.800627_12.885748,2024-04-01,0.48278728,0.5037377
BiLSTM+Attention,test,77.805119_12.876765,2024-04-01,0.5227617,0.548059
BiLSTM+Attention,test,77.805119_12.89024,2024-04-01,0.5118741,0.5369418
BiLSTM+Attention,test,77.80961_12.858799,2024-04-01,0.5279646,0.55698687
BiLSTM+Attention,test,77.80961_12.86329,2024-04-01,0.5063863,0.5354846
BiLSTM+Attention,test,77.329012_12.944139,2024-05-01,0.5107549,0.49708623
BiLSTM+Attention,test,77.329012_12.962105,2024-05-01,0.6814475,0.6847237
BiLSTM+Attention,test,77.337995_12.921681,2024-05-01,0.6310236,0.63442004
BiLSTM+Attention,test,77.342486_12.926172,2024-05-01,0.6694301,0.6773259
BiLSTM+Attention,test,77.342486_12.935155,2024-05-01,0.69045657,0.70049
BiLSTM+Attention,test,77.342486_12.944139,2024-05-01,0.65887713,0.66352326
BiLSTM+Attention,test,77.346978_12.86329,2024-05-01,0.564212,0.5512945
BiLSTM+Attention,test,77.346978_12.962105,2024-05-01,0.51822466,0.4986943
BiLSTM+Attention,test,77.351469_12.89024,2024-05-01,0.5389099,0.5345838
BiLSTM+Attention,test,77.351469_12.930664,2024-05-01,0.69434124,0.7017103
BiLSTM+Attention,test,77.351469_12.939647,2024-05-01,0.67496634,0.67978066
BiLSTM+Attention,test,77.355961_12.899223,2024-05-01,0.55377966,0.54367596
BiLSTM+Attention,test,77.355961_12.94863,2024-05-01,0.4859368,0.47204286
BiLSTM+Attention,test,77.355961_12.962105,2024-05-01,0.69158727,0.69338673
BiLSTM+Attention,test,77.360453_12.867782,2024-05-01,0.45235714,0.43298078
BiLSTM+Attention,test,77.360453_12.908206,2024-05-01,0.5742441,0.57187563
BiLSTM+Attention,test,77.360453_12.926172,2024-05-01,0.69036776,0.6923826
BiLSTM+Attention,test,77.364944_12.854307,2024-05-01,0.4940219,0.4724825
BiLSTM+Attention,test,77.364944_12.962105,2024-05-01,0.47491655,0.4565258
BiLSTM+Attention,test,77.369436_12.881256,2024-05-01,0.4949093,0.476718
BiLSTM+Attention,test,77.369436_12.89024,2024-05-01,0.49264103,0.47516704
BiLSTM+Attention,test,77.369436_12.935155,2024-05-01,0.44807917,0.4200523
BiLSTM+Attention,test,77.369436_12.998037,2024-05-01,0.4846066,0.45873666
BiLSTM+Attention,test,77.369436_13.007021,2024-05-01,0.5295719,0.51179653
BiLSTM+Attention,test,77.373927_12.912697,2024-05-01,0.58846635,0.5848619
BiLSTM+Attention,test,77.373927_12.971088,2024-05-01,0.468374,0.4452578
BiLSTM+Attention,test,77.373927_13.011512,2024-05-01,0.48160696,0.4592179
BiLSTM+Attention,test,77.373927_13.016004,2024-05-01,0.46590695,0.44143432
BiLSTM+Attention,test,77.378419_12.966596,2024-05-01,0.44375804,0.41478598
BiLSTM+Attention,test,77.382911_12.894731,2024-05-01,0.536105,0.5265969
BiLSTM+Attention,test,77.382911_12.953122,2024-05-01,0.5034971,0.4831645
BiLSTM+Attention,test,77.382911_12.957613,2024-05-01,0.49812603,0.47645468
BiLSTM+Attention,test,77.387402_12.962105,2024-05-01,0.48896897,0.46274173
BiLSTM+Attention,test,77.387402_12.97558,2024-05-01,0.4898451,0.46054298
BiLSTM+Attention,test,77.387402_12.980071,2024-05-01,0.49236566,0.4666186
BiLSTM+Attention,test,77.391894_12.867782,2024-05-01,0.5357398,0.5259965
BiLSTM+Attention,test,77.391894_12.881256,2024-05-01,0.5025997,0.49984682
BiLSTM+Attention,test,77.391894_12.885748,2024-05-01,0.53476274,0.52883965
BiLSTM+Attention,test,77.396385_12.894731,2024-05-01,0.53778404,0.5250685
BiLSTM+Attention,test,77.396385_12.908206,2024-05-01,0.49616572,0.47539753
BiLSTM+Attention,test,77.396385_12.944139,2024-05-01,0.53618616,0.5285564
BiLSTM+Attention,test,77.396385_12.971088,2024-05-01,0.4598079,0.4331466
BiLSTM+Attention,test,77.396385_12.97558,2024-05-01,0.43592787,0.41318768
BiLSTM+Attention,test,77.396385_13.029478,2024-05-01,0.37024853,0.34385458
BiLSTM+Attention,test,77.400877_12.957613,2024-05-01,0.5036752,0.49065948
BiLSTM+Attention,test,77.400877_12.966596,2024-05-01,0.45665956,0.43323863
BiLSTM+Attention,test,77.400877_13.029478,2024-05-01,0.3579092,0.33158046
BiLSTM+Attention,test,77.405368_12.881256,2024-05-01,0.46340665,0.43234488
BiLSTM+Attention,test,77.405368_12.89024,2024-05-01,0.48626968,0.4618634
BiLSTM+Attention,test,77.405368_12.903714,2024-05-01,0.4595151,0.42751983
BiLSTM+Attention,test,77.405368_12.930664,2024-05-01,0.5775505,0.57447
BiLSTM+Attention,test,77.405368_12.998037,2024-05-01,0.47738564,0.45917815
BiLSTM+Attention,test,77.405368_13.105835,2024-05-01,0.3998763,0.37337983
BiLSTM+Attention,test,77.405368_13.11931,2024-05-01,0.36223492,0.3330961
BiLSTM+Attention,test,77.40986_12.872273,2024-05-01,0.42883286,0.38523284
BiLSTM+Attention,test,77.40986_12.881256,2024-05-01,0.43086988,0.39711416
BiLSTM+Attention,test,77.40986_12.962105,2024-05-01,0.5129601,0.50292903
BiLSTM+Attention,test,77.414352_12.930664,2024-05-01,0.5217503,0.5149515
BiLSTM+Attention,test,77.414352_12.989054,2024-05-01,0.4393439,0.41475713
BiLSTM+Attention,test,77.414352_12.993546,2024-05-01,0.44699958,0.42883176
BiLSTM+Attention,test,77.414352_13.03397,2024-05-01,0.41507912,0.3912558
BiLSTM+Attention,test,77.414352_13.096852,2024-05-01,0.38257325,0.35171682
BiLSTM+Attention,test,77.414352_13.11931,2024-05-01,0.38149476,0.35091242
BiLSTM+Attention,test,77.418843_12.876765,2024-05-01,0.44113916,0.41034758
BiLSTM+Attention,test,77.418843_12.89024,2024-05-01,0.4693317,0.44530714
BiLSTM+Attention,test,77.418843_12.94863,2024-05-01,0.51247233,0.50554055
BiLSTM+Attention,test,77.418843_12.971088,2024-05-01,0.47524852,0.45407462
BiLSTM+Attention,test,77.418843_12.993546,2024-05-01,0.4765599,0.46705455
BiLSTM+Attention,test,77.418843_13.016004,2024-05-01,0.4409265,0.42009383
BiLSTM+Attention,test,77.418843_13.024987,2024-05-01,0.4320582,0.40810966
BiLSTM+Attention,test,77.418843_13.029478,2024-05-01,0.43158916,0.40523905
BiLSTM+Attention,test,77.418843_13.146259,2024-05-01,0.34351605,0.32355222
BiLSTM+Attention,test,77.423335_12.876765,2024-05-01,0.44291738,0.42777312
BiLSTM+Attention,test,77.423335_12.921681,2024-05-01,0.52683794,0.5211011
BiLSTM+Attention,test,77.423335_12.930664,2024-05-01,0.50952226,0.50142825
BiLSTM+Attention,test,77.423335_13.002529,2024-05-01,0.5246465,0.517952
BiLSTM+Attention,test,77.423335_13.092361,2024-05-01,0.3187255,0.30885756
BiLSTM+Attention,test,77.423335_13.141768,2024-05-01,0.40229636,0.37757874
BiLSTM+Attention,test,77.423335_13.150751,2024-05-01,0.35227147,0.32876045
BiLSTM+Attention,test,77.427826_12.845324,2024-05-01,0.38490126,0.3614804
BiLSTM+Attention,test,77.427826_12.858799,2024-05-01,0.4376179,0.415196
BiLSTM+Attention,test,77.427826_12.930664,2024-05-01,0.51700795,0.5066743
BiLSTM+Attention,test,77.427826_12.939647,2024-05-01,0.46441826,0.44874984
BiLSTM+Attention,test,77.427826_12.944139,2024-05-01,0.4778012,0.46731114
BiLSTM+Attention,test,77.427826_13.020495,2024-05-01,0.44259402,0.4240328
BiLSTM+Attention,test,77.427826_13.024987,2024-05-01,0.43348283,0.4089359
BiLSTM+Attention,test,77.427826_13.110327,2024-05-01,0.4000114,0.36936688
BiLSTM+Attention,test,77.427826_13.132785,2024-05-01,0.45523578,0.43217325
BiLSTM+Attention,test,77.432318_12.858799,2024-05-01,0.45221087,0.42946902
BiLSTM+Attention,test,77.432318_12.86329,2024-05-01,0.45833248,0.43486404
BiLSTM+Attention,test,77.432318_12.867782,2024-05-01,0.4499903,0.42754406
BiLSTM+Attention,test,77.432318_12.881256,2024-05-01,0.4927191,0.47594506
BiLSTM+Attention,test,77.432318_12.885748,2024-05-01,0.58280337,0.57436186
BiLSTM+Attention,test,77.432318_12.957613,2024-05-01,0.46432865,0.44693723
BiLSTM+Attention,test,77.432318_12.998037,2024-05-01,0.3954189,0.37263024
BiLSTM+Attention,test,77.432318_13.087869,2024-05-01,0.40354428,0.37822065
BiLSTM+Attention,test,77.432318_13.092361,2024-05-01,0.359919,0.3386551
BiLSTM+Attention,test,77.436809_12.818374,2024-05-01,0.5825645,0.569096
BiLSTM+Attention,test,77.436809_12.840832,2024-05-01,0.49963158,0.47787476
BiLSTM+Attention,test,77.436809_12.854307,2024-05-01,0.4658276,0.44787192
BiLSTM+Attention,test,77.436809_12.912697,2024-05-01,0.5859769,0.58226407
BiLSTM+Attention,test,77.436809_12.926172,2024-05-01,0.5189059,0.5100942
BiLSTM+Attention,test,77.436809_12.944139,2024-05-01,0.48509204,0.47353947
BiLSTM+Attention,test,77.436809_13.03397,2024-05-01,0.41653928,0.39581627
BiLSTM+Attention,test,77.441301_12.818374,2024-05-01,0.5910526,0.58420235
BiLSTM+Attention,test,77.441301_12.831849,2024-05-01,0.48439676,0.46913975
BiLSTM+Attention,test,77.441301_12.836341,2024-05-01,0.5133054,0.4943546
BiLSTM+Attention,test,77.441301_12.840832,2024-05-01,0.48662114,0.46162254
BiLSTM+Attention,test,77.441301_12.944139,2024-05-01,0.5224524,0.514959
BiLSTM+Attention,test,77.441301_12.94863,2024-05-01,0.4764598,0.46591073
BiLSTM+Attention,test,77.441301_13.056428,2024-05-01,0.40570098,0.3850636
BiLSTM+Attention,test,77.441301_13.069903,2024-05-01,0.42245534,0.39850354
BiLSTM+Attention,test,77.441301_13.083377,2024-05-01,0.4092586,0.38238204
BiLSTM+Attention,test,77.441301_13.110327,2024-05-01,0.3954041,0.36306542
BiLSTM+Attention,test,77.445793_12.840832,2024-05-01,0.5592809,0.54664576
BiLSTM+Attention,test,77.445793_12.86329,2024-05-01,0.57473546,0.5696415
BiLSTM+Attention,test,77.445793_12.867782,2024-05-01,0.55395913,0.549216
BiLSTM+Attention,test,77.445793_12.912697,2024-05-01,0.49189165,0.4805165
BiLSTM+Attention,test,77.445793_12.957613,2024-05-01,0.4649667,0.44895184
BiLSTM+Attention,test,77.445793_12.984563,2024-05-01,0.48295045,0.47033793
BiLSTM+Attention,test,77.450284_12.809391,2024-05-01,0.547794,0.52365655
BiLSTM+Attention,test,77.450284_12.872273,2024-05-01,0.5534575,0.5449349
BiLSTM+Attention,test,77.450284_12.89024,2024-05-01,0.5091552,0.5431448
BiLSTM+Attention,test,77.450284_12.971088,2024-05-01,0.445037,0.44336563
BiLSTM+Attention,test,77.450284_12.993546,2024-05-01,0.36424583,0.3435368
BiLSTM+Attention,test,77.450284_13.029478,2024-05-01,0.40396523,0.38516936
BiLSTM+Attention,test,77.450284_13.047445,2024-05-01,0.41650882,0.39547688
BiLSTM+Attention,test,77.450284_13.146259,2024-05-01,0.4700278,0.45014828
BiLSTM+Attention,test,77.454776_12.809391,2024-05-01,0.51275116,0.4848132
BiLSTM+Attention,test,77.454776_12.885748,2024-05-01,0.5353677,0.5233585
BiLSTM+Attention,test,77.454776_12.980071,2024-05-01,0.40445584,0.38581228
BiLSTM+Attention,test,77.454776_12.993546,2024-05-01,0.39011687,0.3695383
BiLSTM+Attention,test,77.454776_13.078886,2024-05-01,0.41529354,0.38765365
BiLSTM+Attention,test,77.454776_13.087869,2024-05-01,0.37899992,0.3536299
BiLSTM+Attention,test,77.454776_13.114818,2024-05-01,0.45658186,0.4344452
BiLSTM+Attention,test,77.454776_13.141768,2024-05-01,0.47341216,0.45677078
BiLSTM+Attention,test,77.459267_12.8049,2024-05-01,0.5817141,0.5695924
BiLSTM+Attention,test,77.459267_12.822866,2024-05-01,0.5433646,0.526736
BiLSTM+Attention,test,77.459267_12.845324,2024-05-01,0.54720813,0.52731174
BiLSTM+Attention,test,77.459267_12.872273,2024-05-01,0.52477497,0.51795435
BiLSTM+Attention,test,77.459267_12.903714,2024-05-01,0.47814593,0.4640522
BiLSTM+Attention,test,77.459267_12.926172,2024-05-01,0.513158,0.5067046
BiLSTM+Attention,test,77.459267_12.97558,2024-05-01,0.4191861,0.40507752
BiLSTM+Attention,test,77.459267_13.016004,2024-05-01,0.37935144,0.35918278
BiLSTM+Attention,test,77.459267_13.020495,2024-05-01,0.3729076,0.3512635
BiLSTM+Attention,test,77.459267_13.11931,2024-05-01,0.453443,0.43005902
BiLSTM+Attention,test,77.463759_12.813883,2024-05-01,0.49297935,0.46999478
BiLSTM+Attention,test,77.463759_12.836341,2024-05-01,0.54420394,0.531833
BiLSTM+Attention,test,77.463759_12.86329,2024-05-01,0.5610999,0.5584505
BiLSTM+Attention,test,77.463759_12.867782,2024-05-01,0.54307455,0.53729546
BiLSTM+Attention,test,77.463759_12.872273,2024-05-01,0.51885545,0.51089686
BiLSTM+Attention,test,77.463759_12.881256,2024-05-01,0.57075465,0.56249183
BiLSTM+Attention,test,77.463759_12.885748,2024-05-01,0.57431793,0.5683352
BiLSTM+Attention,test,77.463759_12.894731,2024-05-01,0.5139263,0.504454
BiLSTM+Attention,test,77.463759_12.899223,2024-05-01,0.51653355,0.5090457
BiLSTM+Attention,test,77.463759_12.917189,2024-05-01,0.46154115,0.4525259
BiLSTM+Attention,test,77.463759_12.953122,2024-05-01,0.71614033,0.7190006
BiLSTM+Attention,test,77.463759_13.03397,2024-05-01,0.3718177,0.34727293
BiLSTM+Attention,test,77.463759_13.078886,2024-05-01,0.48376217,0.46494257
BiLSTM+Attention,test,77.46825_12.827358,2024-05-01,0.4567899,0.4272629
BiLSTM+Attention,test,77.46825_12.836341,2024-05-01,0.5515931,0.54125196
BiLSTM+Attention,test,77.46825_12.894731,2024-05-01,0.49406824,0.48094434
BiLSTM+Attention,test,77.46825_12.94863,2024-05-01,0.5557865,0.5551651
BiLSTM+Attention,test,77.46825_12.953122,2024-05-01,0.49119955,0.48255557
BiLSTM+Attention,test,77.46825_12.966596,2024-05-01,0.46926892,0.46592999
BiLSTM+Attention,test,77.46825_13.007021,2024-05-01,0.38984573,0.3674147
BiLSTM+Attention,test,77.46825_13.020495,2024-05-01,0.45703804,0.43943086
BiLSTM+Attention,test,77.46825_13.114818,2024-05-01,0.49752656,0.48067778
BiLSTM+Attention,test,77.46825_13.150751,2024-05-01,0.40816998,0.3837875
BiLSTM+Attention,test,77.46825_13.1777,2024-05-01,0.49862936,0.47791064
BiLSTM+Attention,test,77.472742_12.746509,2024-05-01,0.6193734,0.58045685
BiLSTM+Attention,test,77.472742_12.751001,2024-05-01,0.5731825,0.52906454
BiLSTM+Attention,test,77.472742_12.755492,2024-05-01,0.5901951,0.5555317
BiLSTM+Attention,test,77.472742_12.795916,2024-05-01,0.5267524,0.4943226
BiLSTM+Attention,test,77.472742_12.836341,2024-05-01,0.541652,0.5284078
BiLSTM+Attention,test,77.472742_12.984563,2024-05-01,0.43117654,0.42399502
BiLSTM+Attention,test,77.472742_13.087869,2024-05-01,0.4379468,0.41585723
BiLSTM+Attention,test,77.477234_12.764475,2024-05-01,0.5845502,0.5534926
BiLSTM+Attention,test,77.477234_12.782442,2024-05-01,0.52036774,0.4794292
BiLSTM+Attention,test,77.477234_12.840832,2024-05-01,0.5434032,0.53312206
BiLSTM+Attention,test,77.477234_12.899223,2024-05-01,0.45436162,0.4372712
BiLSTM+Attention,test,77.477234_12.935155,2024-05-01,0.58229053,0.58493763
BiLSTM+Attention,test,77.477234_12.944139,2024-05-01,0.5123736,0.5037144
BiLSTM+Attention,test,77.477234_12.94863,2024-05-01,0.52321583,0.52181804
BiLSTM+Attention,test,77.477234_12.971088,2024-05-01,0.48193774,0.47470224
BiLSTM+Attention,test,77.477234_13.002529,2024-05-01,0.38540664,0.37101567
BiLSTM+Attention,test,77.477234_13.056428,2024-05-01,0.4396834,0.421373
BiLSTM+Attention,test,77.481725_12.737526,2024-05-01,0.5959718,0.558837
BiLSTM+Attention,test,77.481725_12.768967,2024-05-01,0.57948923,0.5464815
BiLSTM+Attention,test,77.481725_12.831849,2024-05-01,0.48539397,0.4640091
BiLSTM+Attention,test,77.481725_12.89024,2024-05-01,0.5336304,0.5304393
BiLSTM+Attention,test,77.481725_12.894731,2024-05-01,0.50080264,0.4904685
BiLSTM+Attention,test,77.481725_12.944139,2024-05-01,0.5251579,0.51852334
BiLSTM+Attention,test,77.481725_12.971088,2024-05-01,0.40673134,0.39133638
BiLSTM+Attention,test,77.481725_12.980071,2024-05-01,0.45997667,0.45060605
BiLSTM+Attention,test,77.481725_13.024987,2024-05-01,0.4384227,0.42196935
BiLSTM+Attention,test,77.481725_13.03397,2024-05-01,0.41549525,0.39352643
BiLSTM+Attention,test,77.481725_13.096852,2024-05-01,0.52127916,0.5140531
BiLSTM+Attention,test,77.481725_13.137276,2024-05-01,0.596927,0.60630816
BiLSTM+Attention,test,77.486217_12.764475,2024-05-01,0.57439166,0.53423166
BiLSTM+Attention,test,77.486217_12.872273,2024-05-01,0.49027327,0.47872174
BiLSTM+Attention,test,77.486217_12.939647,2024-05-01,0.54062796,0.539094
BiLSTM+Attention,test,77.486217_12.998037,2024-05-01,0.432835,0.4297576
BiLSTM+Attention,test,77.486217_13.042953,2024-05-01,0.48608795,0.47503877
BiLSTM+Attention,test,77.486217_13.06092,2024-05-01,0.5043231,0.49181527
BiLSTM+Attention,test,77.486217_13.114818,2024-05-01,0.43799096,0.41353834
BiLSTM+Attention,test,77.486217_13.11931,2024-05-01,0.45526585,0.4361164
BiLSTM+Attention,test,77.490708_12.768967,2024-05-01,0.5661461,0.5305849
BiLSTM+Attention,test,77.490708_12.8049,2024-05-01,0.54420495,0.5262311
BiLSTM+Attention,test,77.490708_12.849815,2024-05-01,0.56065404,0.56142163
BiLSTM+Attention,test,77.490708_12.89024,2024-05-01,0.49267754,0.4812978
BiLSTM+Attention,test,77.490708_13.051936,2024-05-01,0.5527372,0.54902464
BiLSTM+Attention,test,77.490708_13.087869,2024-05-01,0.49377832,0.47674108
BiLSTM+Attention,test,77.490708_13.092361,2024-05-01,0.4892564,0.47555274
BiLSTM+Attention,test,77.490708_13.096852,2024-05-01,0.51933014,0.50832427
BiLSTM+Attention,test,77.490708_13.182192,2024-05-01,0.5371187,0.52581584
BiLSTM+Attention,test,77.490708_13.209142,2024-05-01,0.4943776,0.47360772
BiLSTM+Attention,test,77.4952_12.786933,2024-05-01,0.5264517,0.49391407
BiLSTM+Attention,test,77.4952_12.836341,2024-05-01,0.51707643,0.50279504
BiLSTM+Attention,test,77.4952_12.899223,2024-05-01,0.53992015,0.53435296
BiLSTM+Attention,test,77.4952_12.962105,2024-05-01,0.5247584,0.52498
BiLSTM+Attention,test,77.4952_13.020495,2024-05-01,0.48085287,0.4671402
BiLSTM+Attention,test,77.4952_13.024987,2024-05-01,0.47047716,0.45918274
BiLSTM+Attention,test,77.4952_13.03397,2024-05-01,0.523701,0.51918167
BiLSTM+Attention,test,77.4952_13.087869,2024-05-01,0.4680415,0.44551176
BiLSTM+Attention,test,77.4952_13.092361,2024-05-01,0.4944902,0.48015296
BiLSTM+Attention,test,77.4952_13.182192,2024-05-01,0.53667367,0.52680063
BiLSTM+Attention,test,77.499692_12.755492,2024-05-01,0.6320276,0.60191643
BiLSTM+Attention,test,77.499692_12.858799,2024-05-01,0.60814506,0.61385536
BiLSTM+Attention,test,77.499692_12.899223,2024-05-01,0.52191496,0.51542515
BiLSTM+Attention,test,77.499692_12.984563,2024-05-01,0.4749902,0.46876323
BiLSTM+Attention,test,77.499692_13.114818,2024-05-01,0.45715427,0.43406734
BiLSTM+Attention,test,77.499692_13.137276,2024-05-01,0.45007196,0.4316759
BiLSTM+Attention,test,77.499692_13.168717,2024-05-01,0.5855186,0.5856349
BiLSTM+Attention,test,77.504183_12.764475,2024-05-01,0.6370661,0.6181632
BiLSTM+Attention,test,77.504183_12.786933,2024-05-01,0.5944985,0.569195
BiLSTM+Attention,test,77.504183_12.818374,2024-05-01,0.557746,0.54904264
BiLSTM+Attention,test,77.504183_12.854307,2024-05-01,0.5500826,0.53469545
BiLSTM+Attention,test,77.504183_12.858799,2024-05-01,0.6069088,0.59808326
BiLSTM+Attention,test,77.504183_12.953122,2024-05-01,0.5029479,0.5059916
BiLSTM+Attention,test,77.504183_13.083377,2024-05-01,0.52623355,0.5154645
BiLSTM+Attention,test,77.504183_13.141768,2024-05-01,0.52723944,0.51956606
BiLSTM+Attention,test,77.504183_13.159734,2024-05-01,0.61617416,0.61417234
BiLSTM+Attention,test,77.504183_13.195667,2024-05-01,0.46933234,0.44956374
BiLSTM+Attention,test,77.508675_12.751001,2024-05-01,0.6369108,0.6119189
BiLSTM+Attention,test,77.508675_12.795916,2024-05-01,0.6218728,0.6046331
BiLSTM+Attention,test,77.508675_12.831849,2024-05-01,0.55810905,0.5488368
BiLSTM+Attention,test,77.508675_12.836341,2024-05-01,0.5833047,0.5768206
BiLSTM+Attention,test,77.508675_12.845324,2024-05-01,0.5478058,0.55179745
BiLSTM+Attention,test,77.508675_12.903714,2024-05-01,0.47494614,0.4592957
BiLSTM+Attention,test,77.508675_12.912697,2024-05-01,0.50821096,0.5087336
BiLSTM+Attention,test,77.508675_12.917189,2024-05-01,0.57330424,0.5769025
BiLSTM+Attention,test,77.508675_13.114818,2024-05-01,0.41836807,0.39119214
BiLSTM+Attention,test,77.508675_13.137276,2024-05-01,0.4765636,0.46137905
BiLSTM+Attention,test,77.508675_13.159734,2024-05-01,0.6016919,0.5978833
BiLSTM+Attention,test,77.508675_13.191175,2024-05-01,0.49359298,0.4751824
BiLSTM+Attention,test,77.513166_12.746509,2024-05-01,0.7295272,0.7190393
BiLSTM+Attention,test,77.513166_12.764475,2024-05-01,0.59578556,0.5634076
BiLSTM+Attention,test,77.513166_12.77795,2024-05-01,0.68888044,0.6822361
BiLSTM+Attention,test,77.513166_12.822866,2024-05-01,0.6313503,0.6333824
BiLSTM+Attention,test,77.513166_12.908206,2024-05-01,0.47745782,0.46513897
BiLSTM+Attention,test,77.513166_13.087869,2024-05-01,0.523393,0.5169412
BiLSTM+Attention,test,77.513166_13.096852,2024-05-01,0.5872587,0.5915313
BiLSTM+Attention,test,77.513166_13.137276,2024-05-01,0.43903437,0.41618812
BiLSTM+Attention,test,77.513166_13.1777,2024-05-01,0.5172273,0.5073247
BiLSTM+Attention,test,77.517658_12.764475,2024-05-01,0.6416683,0.62119406
BiLSTM+Attention,test,77.517658_12.77795,2024-05-01,0.6642499,0.6491119
BiLSTM+Attention,test,77.517658_12.782442,2024-05-01,0.6630861,0.65223986
BiLSTM+Attention,test,77.517658_12.795916,2024-05-01,0.6254674,0.6091491
BiLSTM+Attention,test,77.517658_12.827358,2024-05-01,0.558655,0.5492024
BiLSTM+Attention,test,77.517658_12.849815,2024-05-01,0.55356497,0.5520115
BiLSTM+Attention,test,77.517658_12.885748,2024-05-01,0.5493997,0.5404081
BiLSTM+Attention,test,77.517658_12.89024,2024-05-01,0.5409175,0.5235419
BiLSTM+Attention,test,77.517658_12.899223,2024-05-01,0.5336318,0.5198869
BiLSTM+Attention,test,77.517658_12.998037,2024-05-01,0.5430122,0.5429386
BiLSTM+Attention,test,77.517658_13.11931,2024-05-01,0.38351002,0.36101022
BiLSTM+Attention,test,77.517658_13.182192,2024-05-01,0.5206747,0.5075971
BiLSTM+Attention,test,77.517658_13.186684,2024-05-01,0.5295499,0.5183707
BiLSTM+Attention,test,77.517658_13.191175,2024-05-01,0.4731914,0.45465076
BiLSTM+Attention,test,77.522149_12.751001,2024-05-01,0.67412484,0.6654095
BiLSTM+Attention,test,77.522149_12.755492,2024-05-01,0.65017265,0.63521755
BiLSTM+Attention,test,77.522149_12.759984,2024-05-01,0.6830141,0.6688347
BiLSTM+Attention,test,77.522149_12.782442,2024-05-01,0.67734736,0.67167723
BiLSTM+Attention,test,77.522149_12.809391,2024-05-01,0.7401676,0.7455743
BiLSTM+Attention,test,77.522149_12.813883,2024-05-01,0.55492747,0.54749006
BiLSTM+Attention,test,77.522149_12.818374,2024-05-01,0.53735346,0.52482545
BiLSTM+Attention,test,77.522149_12.836341,2024-05-01,0.54864573,0.5409006
BiLSTM+Attention,test,77.522149_12.845324,2024-05-01,0.5645474,0.5643428
BiLSTM+Attention,test,77.522149_13.056428,2024-05-01,0.54944944,0.5465147
BiLSTM+Attention,test,77.522149_13.078886,2024-05-01,0.52404094,0.518549
BiLSTM+Attention,test,77.522149_13.146259,2024-05-01,0.40279225,0.37893516
BiLSTM+Attention,test,77.522149_13.200158,2024-05-01,0.5114121,0.5035466
BiLSTM+Attention,test,77.526641_12.751001,2024-05-01,0.68612427,0.6752545
BiLSTM+Attention,test,77.526641_12.840832,2024-05-01,0.61892945,0.62048894
BiLSTM+Attention,test,77.526641_12.89024,2024-05-01,0.58531946,0.58292496
BiLSTM+Attention,test,77.526641_12.899223,2024-05-01,0.5569609,0.54659224
BiLSTM+Attention,test,77.526641_13.078886,2024-05-01,0.53790784,0.5319024
BiLSTM+Attention,test,77.526641_13.105835,2024-05-01,0.3952297,0.36759385
BiLSTM+Attention,test,77.526641_13.110327,2024-05-01,0.39116007,0.3658514
BiLSTM+Attention,test,77.531133_12.791425,2024-05-01,0.58053464,0.5587836
BiLSTM+Attention,test,77.531133_12.795916,2024-05-01,0.61996627,0.60558856
BiLSTM+Attention,test,77.531133_12.800408,2024-05-01,0.59566873,0.5871531
BiLSTM+Attention,test,77.531133_12.822866,2024-05-01,0.5661562,0.56210977
BiLSTM+Attention,test,77.531133_12.827358,2024-05-01,0.5789718,0.5774977
BiLSTM+Attention,test,77.531133_12.894731,2024-05-01,0.509245,0.49481428
BiLSTM+Attention,test,77.531133_13.083377,2024-05-01,0.49736112,0.49754906
BiLSTM+Attention,test,77.531133_13.114818,2024-05-01,0.40286213,0.3852048
BiLSTM+Attention,test,77.531133_13.195667,2024-05-01,0.5241964,0.5159968
BiLSTM+Attention,test,77.535624_12.77795,2024-05-01,0.72401917,0.72014403
BiLSTM+Attention,test,77.535624_12.822866,2024-05-01,0.66912854,0.67775995
BiLSTM+Attention,test,77.535624_12.872273,2024-05-01,0.47410864,0.44954526
BiLSTM+Attention,test,77.535624_12.899223,2024-05-01,0.49020824,0.46836013
BiLSTM+Attention,test,77.535624_13.069903,2024-05-01,0.61028177,0.6134322
BiLSTM+Attention,test,77.535624_13.083377,2024-05-01,0.48997197,0.4904406
BiLSTM+Attention,test,77.535624_13.096852,2024-05-01,0.43997142,0.42493027
BiLSTM+Attention,test,77.535624_13.114818,2024-05-01,0.42855087,0.41261795
BiLSTM+Attention,test,77.535624_13.132785,2024-05-01,0.4537968,0.4384241
BiLSTM+Attention,test,77.535624_13.137276,2024-05-01,0.3960579,0.37533087
BiLSTM+Attention,test,77.535624_13.195667,2024-05-01,0.46628585,0.44613943
BiLSTM+Attention,test,77.540116_12.77795,2024-05-01,0.6236763,0.61139333
BiLSTM+Attention,test,77.540116_12.795916,2024-05-01,0.6400101,0.63522595
BiLSTM+Attention,test,77.540116_13.042953,2024-05-01,0.5393149,0.5356695
BiLSTM+Attention,test,77.540116_13.074394,2024-05-01,0.55751616,0.55785835
BiLSTM+Attention,test,77.540116_13.092361,2024-05-01,0.3979665,0.38431078
BiLSTM+Attention,test,77.540116_13.101344,2024-05-01,0.4278677,0.4106948
BiLSTM+Attention,test,77.540116_13.105835,2024-05-01,0.43974534,0.42772967
BiLSTM+Attention,test,77.540116_13.114818,2024-05-01,0.40063554,0.3893494
BiLSTM+Attention,test,77.540116_13.132785,2024-05-01,0.43901846,0.42745543
BiLSTM+Attention,test,77.540116_13.155243,2024-05-01,0.46526325,0.44944888
BiLSTM+Attention,test,77.540116_13.182192,2024-05-01,0.43156832,0.4163145
BiLSTM+Attention,test,77.544607_12.831849,2024-05-01,0.7268469,0.7359359
BiLSTM+Attention,test,77.544607_13.218125,2024-05-01,0.5169835,0.50762385
BiLSTM+Attention,test,77.549099_12.822866,2024-05-01,0.7470443,0.751416
BiLSTM+Attention,test,77.549099_12.831849,2024-05-01,0.6600398,0.67214745
BiLSTM+Attention,test,77.549099_12.836341,2024-05-01,0.63225526,0.639156
BiLSTM+Attention,test,77.549099_12.845324,2024-05-01,0.6148534,0.62052286
BiLSTM+Attention,test,77.549099_12.867782,2024-05-01,0.5393268,0.5236651
BiLSTM+Attention,test,77.549099_12.876765,2024-05-01,0.5052791,0.48556668
BiLSTM+Attention,test,77.549099_12.894731,2024-05-01,0.58519584,0.5803689
BiLSTM+Attention,test,77.549099_13.096852,2024-05-01,0.46476632,0.4481737
BiLSTM+Attention,test,77.549099_13.132785,2024-05-01,0.57034475,0.56580293
BiLSTM+Attention,test,77.55359_12.71956,2024-05-01,0.7637165,0.76539946
BiLSTM+Attention,test,77.55359_12.782442,2024-05-01,0.694998,0.692722
BiLSTM+Attention,test,77.55359_12.849815,2024-05-01,0.60920084,0.6022999
BiLSTM+Attention,test,77.55359_12.872273,2024-05-01,0.49643102,0.50000423
BiLSTM+Attention,test,77.55359_13.069903,2024-05-01,0.6757428,0.681731
BiLSTM+Attention,test,77.55359_13.101344,2024-05-01,0.4203833,0.4032939
BiLSTM+Attention,test,77.55359_13.110327,2024-05-01,0.4775339,0.4667772
BiLSTM+Attention,test,77.55359_13.128293,2024-05-01,0.5492294,0.54416263
BiLSTM+Attention,test,77.55359_13.168717,2024-05-01,0.47635213,0.46664494
BiLSTM+Attention,test,77.55359_13.173209,2024-05-01,0.39957777,0.38805404
BiLSTM+Attention,test,77.558082_12.710577,2024-05-01,0.7917045,0.799982
BiLSTM+Attention,test,77.558082_12.827358,2024-05-01,0.67760724,0.6720003
BiLSTM+Attention,test,77.558082_12.845324,2024-05-01,0.6561434,0.651969
BiLSTM+Attention,test,77.558082_13.042953,2024-05-01,0.6169638,0.61888486
BiLSTM+Attention,test,77.558082_13.051936,2024-05-01,0.6471731,0.65285
BiLSTM+Attention,test,77.558082_13.110327,2024-05-01,0.48573533,0.47612554
BiLSTM+Attention,test,77.558082_13.168717,2024-05-01,0.49004096,0.47921348
BiLSTM+Attention,test,77.558082_13.1777,2024-05-01,0.4716826,0.45957077
BiLSTM+Attention,test,77.562574_12.71956,2024-05-01,0.76596546,0.7670775
BiLSTM+Attention,test,77.562574_12.827358,2024-05-01,0.68499637,0.6765943
BiLSTM+Attention,test,77.562574_12.858799,2024-05-01,0.50579154,0.5027804
BiLSTM+Attention,test,77.562574_12.872273,2024-05-01,0.588076,0.5924489
BiLSTM+Attention,test,77.562574_12.876765,2024-05-01,0.6109039,0.6155487
BiLSTM+Attention,test,77.562574_13.141768,2024-05-01,0.4641008,0.44794798
BiLSTM+Attention,test,77.562574_13.159734,2024-05-01,0.4925448,0.48068088
BiLSTM+Attention,test,77.562574_13.173209,2024-05-01,0.49920446,0.48715603
BiLSTM+Attention,test,77.567065_12.724051,2024-05-01,0.7120704,0.71021444
BiLSTM+Attention,test,77.567065_12.813883,2024-05-01,0.671499,0.66440594
BiLSTM+Attention,test,77.567065_12.849815,2024-05-01,0.65212184,0.6444764
BiLSTM+Attention,test,77.567065_13.105835,2024-05-01,0.54830384,0.54553586
BiLSTM+Attention,test,77.567065_13.114818,2024-05-01,0.59375274,0.59140056
BiLSTM+Attention,test,77.567065_13.182192,2024-05-01,0.49575105,0.4862573
BiLSTM+Attention,test,77.571557_12.71956,2024-05-01,0.7488923,0.750536
BiLSTM+Attention,test,77.571557_12.800408,2024-05-01,0.6694158,0.6598657
BiLSTM+Attention,test,77.571557_12.813883,2024-05-01,0.74055123,0.7305107
BiLSTM+Attention,test,77.571557_12.849815,2024-05-01,0.65591305,0.646133
BiLSTM+Attention,test,77.571557_13.141768,2024-05-01,0.46826696,0.45240808
BiLSTM+Attention,test,77.571557_13.146259,2024-05-01,0.47164184,0.4575417
BiLSTM+Attention,test,77.576048_12.71956,2024-05-01,0.7151055,0.71379656
BiLSTM+Attention,test,77.576048_12.728543,2024-05-01,0.71024114,0.70047253
BiLSTM+Attention,test,77.576048_12.742018,2024-05-01,0.7075073,0.7092425
BiLSTM+Attention,test,77.576048_12.813883,2024-05-01,0.7601321,0.7496118
BiLSTM+Attention,test,77.576048_12.827358,2024-05-01,0.64165056,0.6319369
BiLSTM+Attention,test,77.58054_12.800408,2024-05-01,0.70861566,0.707347
BiLSTM+Attention,test,77.58054_12.845324,2024-05-01,0.65827304,0.64877534
BiLSTM+Attention,test,77.58054_13.083377,2024-05-01,0.5096454,0.50646657
BiLSTM+Attention,test,77.58054_13.087869,2024-05-01,0.4836413,0.47652888
BiLSTM+Attention,test,77.585031_12.849815,2024-05-01,0.65571696,0.6445578
BiLSTM+Attention,test,77.585031_13.042953,2024-05-01,0.64541984,0.64577794
BiLSTM+Attention,test,77.585031_13.137276,2024-05-01,0.47531673,0.46303833
BiLSTM+Attention,test,77.589523_12.71956,2024-05-01,0.8219782,0.8188128
BiLSTM+Attention,test,77.589523_12.746509,2024-05-01,0.7085732,0.7055249
BiLSTM+Attention,test,77.589523_12.854307,2024-05-01,0.6034045,0.6054148
BiLSTM+Attention,test,77.589523_12.971088,2024-05-01,0.71159965,0.7021442
BiLSTM+Attention,test,77.589523_13.083377,2024-05-01,0.5934459,0.59419954
BiLSTM+Attention,test,77.589523_13.150751,2024-05-01,0.48079506,0.46731323
BiLSTM+Attention,test,77.594015_12.724051,2024-05-01,0.7981873,0.79222196
BiLSTM+Attention,test,77.594015_12.733034,2024-05-01,0.76889884,0.7637037
BiLSTM+Attention,test,77.594015_12.755492,2024-05-01,0.6708374,0.6663969
BiLSTM+Attention,test,77.594015_12.831849,2024-05-01,0.61820644,0.60678315
BiLSTM+Attention,test,77.594015_12.836341,2024-05-01,0.63785636,0.6326365
BiLSTM+Attention,test,77.594015_12.840832,2024-05-01,0.6383807,0.63214064
BiLSTM+Attention,test,77.594015_12.849815,2024-05-01,0.62922025,0.61765635
BiLSTM+Attention,test,77.594015_12.998037,2024-05-01,0.70546174,0.70569634
BiLSTM+Attention,test,77.594015_13.087869,2024-05-01,0.57811964,0.5791517
BiLSTM+Attention,test,77.598506_12.665661,2024-05-01,0.8015494,0.80716395
BiLSTM+Attention,test,77.598506_12.710577,2024-05-01,0.7296485,0.71398044
BiLSTM+Attention,test,77.598506_12.822866,2024-05-01,0.6430348,0.63193905
BiLSTM+Attention,test,77.598506_12.849815,2024-05-01,0.6691882,0.6603621
BiLSTM+Attention,test,77.598506_13.083377,2024-05-01,0.5711347,0.56907374
BiLSTM+Attention,test,77.598506_13.128293,2024-05-01,0.5367635,0.53297096
BiLSTM+Attention,test,77.598506_13.141768,2024-05-01,0.45054325,0.44164062
BiLSTM+Attention,test,77.598506_13.146259,2024-05-01,0.4305071,0.4214195
BiLSTM+Attention,test,77.602998_12.710577,2024-05-01,0.7665286,0.759695
BiLSTM+Attention,test,77.602998_12.827358,2024-05-01,0.5588052,0.546533
BiLSTM+Attention,test,77.602998_12.849815,2024-05-01,0.5690106,0.55928695
BiLSTM+Attention,test,77.602998_12.858799,2024-05-01,0.5777939,0.584157
BiLSTM+Attention,test,77.602998_13.114818,2024-05-01,0.564363,0.5622841
BiLSTM+Attention,test,77.602998_13.11931,2024-05-01,0.5581084,0.5559223
BiLSTM+Attention,test,77.602998_13.128293,2024-05-01,0.50500464,0.49957043
BiLSTM+Attention,test,77.602998_13.164226,2024-05-01,0.46466118,0.45218587
BiLSTM+Attention,test,77.607489_12.768967,2024-05-01,0.6326759,0.62366337
BiLSTM+Attention,test,77.607489_12.773459,2024-05-01,0.6062062,0.5945506
BiLSTM+Attention,test,77.607489_12.791425,2024-05-01,0.5942638,0.5733101
BiLSTM+Attention,test,77.607489_12.809391,2024-05-01,0.6808046,0.6762125
BiLSTM+Attention,test,77.607489_12.818374,2024-05-01,0.7041091,0.7049866
BiLSTM+Attention,test,77.607489_13.087869,2024-05-01,0.66763747,0.6685336
BiLSTM+Attention,test,77.611981_12.674644,2024-05-01,0.7827609,0.78364897
BiLSTM+Attention,test,77.611981_12.768967,2024-05-01,0.58898884,0.57258767
BiLSTM+Attention,test,77.611981_12.831849,2024-05-01,0.59200186,0.5835638
BiLSTM+Attention,test,77.611981_12.867782,2024-05-01,0.54665416,0.55368483
BiLSTM+Attention,test,77.611981_12.953122,2024-05-01,0.714658,0.71451646
BiLSTM+Attention,test,77.611981_13.105835,2024-05-01,0.53364664,0.532143
BiLSTM+Attention,test,77.611981_13.168717,2024-05-01,0.4380857,0.42724365
BiLSTM+Attention,test,77.611981_13.182192,2024-05-01,0.4110767,0.39491683
BiLSTM+Attention,test,77.616473_12.831849,2024-05-01,0.6332782,0.6281257
BiLSTM+Attention,test,77.616473_12.858799,2024-05-01,0.55773234,0.55654925
BiLSTM+Attention,test,77.616473_13.114818,2024-05-01,0.5601884,0.5580367
BiLSTM+Attention,test,77.616473_13.141768,2024-05-01,0.48612946,0.47277188
BiLSTM+Attention,test,77.616473_13.1777,2024-05-01,0.4040098,0.38931343
BiLSTM+Attention,test,77.620964_12.674644,2024-05-01,0.789763,0.7954276
BiLSTM+Attention,test,77.620964_12.795916,2024-05-01,0.5429122,0.5188668
BiLSTM+Attention,test,77.620964_12.813883,2024-05-01,0.5341812,0.5141935
BiLSTM+Attention,test,77.620964_12.845324,2024-05-01,0.66903496,0.66592276
BiLSTM+Attention,test,77.620964_12.858799,2024-05-01,0.5389672,0.53928965
BiLSTM+Attention,test,77.620964_13.132785,2024-05-01,0.53769827,0.52975374
BiLSTM+Attention,test,77.625456_12.782442,2024-05-01,0.57200706,0.55150473
BiLSTM+Attention,test,77.625456_12.858799,2024-05-01,0.5044604,0.49635595
BiLSTM+Attention,test,77.625456_13.065411,2024-05-01,0.43428707,0.41216266
BiLSTM+Attention,test,77.625456_13.128293,2024-05-01,0.5414324,0.53406197
BiLSTM+Attention,test,77.625456_13.137276,2024-05-01,0.47612193,0.46570605
BiLSTM+Attention,test,77.625456_13.155243,2024-05-01,0.59608334,0.59379524
BiLSTM+Attention,test,77.625456_13.182192,2024-05-01,0.43849254,0.42519635
BiLSTM+Attention,test,77.629947_12.795916,2024-05-01,0.75148946,0.7531198
BiLSTM+Attention,test,77.629947_12.809391,2024-05-01,0.5565675,0.53288263
BiLSTM+Attention,test,77.629947_12.836341,2024-05-01,0.60904115,0.5987353
BiLSTM+Attention,test,77.629947_12.854307,2024-05-01,0.55812925,0.55222344
BiLSTM+Attention,test,77.629947_12.858799,2024-05-01,0.5265314,0.51924753
BiLSTM+Attention,test,77.629947_13.06092,2024-05-01,0.4575295,0.44465017
BiLSTM+Attention,test,77.629947_13.087869,2024-05-01,0.45783195,0.44285294
BiLSTM+Attention,test,77.629947_13.1777,2024-05-01,0.46579123,0.45049512
BiLSTM+Attention,test,77.634439_12.679136,2024-05-01,0.7462927,0.725791
BiLSTM+Attention,test,77.634439_12.701593,2024-05-01,0.69282365,0.6950419
BiLSTM+Attention,test,77.634439_12.733034,2024-05-01,0.54735976,0.5208501
BiLSTM+Attention,test,77.634439_12.746509,2024-05-01,0.58128345,0.55849963
BiLSTM+Attention,test,77.634439_12.751001,2024-05-01,0.57735074,0.55032676
BiLSTM+Attention,test,77.634439_12.849815,2024-05-01,0.56361574,0.5576201
BiLSTM+Attention,test,77.634439_13.047445,2024-05-01,0.51798505,0.51513857
BiLSTM+Attention,test,77.634439_13.083377,2024-05-01,0.4200717,0.40284073
BiLSTM+Attention,test,77.634439_13.137276,2024-05-01,0.43450102,0.41640204
BiLSTM+Attention,test,77.63893_12.688119,2024-05-01,0.6857891,0.6684388
BiLSTM+Attention,test,77.63893_12.742018,2024-05-01,0.5967329,0.5722777
BiLSTM+Attention,test,77.63893_12.791425,2024-05-01,0.58984405,0.5689546
BiLSTM+Attention,test,77.63893_12.800408,2024-05-01,0.54362917,0.5192906
BiLSTM+Attention,test,77.63893_12.818374,2024-05-01,0.55714536,0.53841037
BiLSTM+Attention,test,77.63893_12.840832,2024-05-01,0.6353417,0.6292503
BiLSTM+Attention,test,77.63893_12.872273,2024-05-01,0.47923645,0.4687971
BiLSTM+Attention,test,77.63893_12.917189,2024-05-01,0.71269697,0.7216075
BiLSTM+Attention,test,77.63893_12.989054,2024-05-01,0.62322676,0.62842304
BiLSTM+Attention,test,77.63893_13.056428,2024-05-01,0.47878385,0.47357452
BiLSTM+Attention,test,77.63893_13.078886,2024-05-01,0.42555526,0.41037482
BiLSTM+Attention,test,77.63893_13.083377,2024-05-01,0.41433758,0.39576036
BiLSTM+Attention,test,77.63893_13.1777,2024-05-01,0.44721106,0.42931083
BiLSTM+Attention,test,77.643422_12.795916,2024-05-01,0.5661348,0.5383684
BiLSTM+Attention,test,77.643422_12.800408,2024-05-01,0.54855525,0.52711457
BiLSTM+Attention,test,77.643422_12.809391,2024-05-01,0.5758647,0.5596157
BiLSTM+Attention,test,77.643422_12.867782,2024-05-01,0.51751506,0.5122885
BiLSTM+Attention,test,77.643422_13.002529,2024-05-01,0.5486357,0.5469358
BiLSTM+Attention,test,77.643422_13.038462,2024-05-01,0.5417187,0.54000086
BiLSTM+Attention,test,77.643422_13.164226,2024-05-01,0.5534438,0.5513454
BiLSTM+Attention,test,77.647914_12.688119,2024-05-01,0.7247006,0.7090807
BiLSTM+Attention,test,77.647914_12.733034,2024-05-01,0.58000946,0.55574876
BiLSTM+Attention,test,77.647914_12.881256,2024-05-01,0.5322964,0.53167325
BiLSTM+Attention,test,77.647914_12.935155,2024-05-01,0.65950274,0.6690527
BiLSTM+Attention,test,77.647914_13.141768,2024-05-01,0.58451176,0.5807297
BiLSTM+Attention,test,77.647914_13.168717,2024-05-01,0.6234567,0.6264862
BiLSTM+Attention,test,77.652405_12.697102,2024-05-01,0.6895982,0.67845047
BiLSTM+Attention,test,77.652405_12.773459,2024-05-01,0.5524219,0.5219456
BiLSTM+Attention,test,77.652405_12.795916,2024-05-01,0.52729833,0.49779075
BiLSTM+Attention,test,77.652405_12.8049,2024-05-01,0.5829011,0.5714812
BiLSTM+Attention,test,77.652405_12.858799,2024-05-01,0.66909415,0.6719702
BiLSTM+Attention,test,77.652405_12.926172,2024-05-01,0.6488112,0.66250944
BiLSTM+Attention,test,77.652405_13.002529,2024-05-01,0.5372353,0.5309975
BiLSTM+Attention,test,77.656897_12.742018,2024-05-01,0.6073481,0.5877961
BiLSTM+Attention,test,77.656897_12.746509,2024-05-01,0.587312,0.5590549
BiLSTM+Attention,test,77.656897_12.768967,2024-05-01,0.6034475,0.5815397
BiLSTM+Attention,test,77.656897_12.791425,2024-05-01,0.5455739,0.52134615
BiLSTM+Attention,test,77.656897_12.800408,2024-05-01,0.5980245,0.5834809
BiLSTM+Attention,test,77.656897_12.831849,2024-05-01,0.5972892,0.5953286
BiLSTM+Attention,test,77.656897_12.849815,2024-05-01,0.48982024,0.4745552
BiLSTM+Attention,test,77.656897_12.939647,2024-05-01,0.5942713,0.6026664
BiLSTM+Attention,test,77.656897_13.101344,2024-05-01,0.44514504,0.43221807
BiLSTM+Attention,test,77.656897_13.164226,2024-05-01,0.45597032,0.4462781
BiLSTM+Attention,test,77.656897_13.173209,2024-05-01,0.42779028,0.40524977
BiLSTM+Attention,test,77.661388_12.737526,2024-05-01,0.61018187,0.58402437
BiLSTM+Attention,test,77.661388_12.759984,2024-05-01,0.61726975,0.5990381
BiLSTM+Attention,test,77.661388_13.056428,2024-05-01,0.49945936,0.49048334
BiLSTM+Attention,test,77.661388_13.074394,2024-05-01,0.50061876,0.49471015
BiLSTM+Attention,test,77.661388_13.087869,2024-05-01,0.4531243,0.44496828
BiLSTM+Attention,test,77.661388_13.101344,2024-05-01,0.44101968,0.43110934
BiLSTM+Attention,test,77.661388_13.110327,2024-05-01,0.502093,0.49832648
BiLSTM+Attention,test,77.661388_13.11931,2024-05-01,0.5555026,0.5568483
BiLSTM+Attention,test,77.66588_12.679136,2024-05-01,0.6782858,0.658279
BiLSTM+Attention,test,77.66588_12.697102,2024-05-01,0.64368033,0.6171511
BiLSTM+Attention,test,77.66588_12.715068,2024-05-01,0.620297,0.6079372
BiLSTM+Attention,test,77.66588_12.724051,2024-05-01,0.61361337,0.60397536
BiLSTM+Attention,test,77.66588_12.751001,2024-05-01,0.5772821,0.551557
BiLSTM+Attention,test,77.66588_12.755492,2024-05-01,0.62082577,0.6058852
BiLSTM+Attention,test,77.66588_12.764475,2024-05-01,0.5990286,0.5843995
BiLSTM+Attention,test,77.66588_12.768967,2024-05-01,0.72747344,0.7222204
BiLSTM+Attention,test,77.66588_12.791425,2024-05-01,0.6343811,0.62158084
BiLSTM+Attention,test,77.66588_12.953122,2024-05-01,0.61525583,0.6125968
BiLSTM+Attention,test,77.66588_13.038462,2024-05-01,0.5112022,0.50500625
BiLSTM+Attention,test,77.66588_13.051936,2024-05-01,0.5370823,0.5332643
BiLSTM+Attention,test,77.66588_13.173209,2024-05-01,0.43449798,0.41342717
BiLSTM+Attention,test,77.670371_12.71956,2024-05-01,0.61337775,0.6061707
BiLSTM+Attention,test,77.670371_12.86329,2024-05-01,0.5239117,0.52032876
BiLSTM+Attention,test,77.670371_12.881256,2024-05-01,0.51480913,0.50460386
BiLSTM+Attention,test,77.670371_12.894731,2024-05-01,0.4621092,0.43967503
BiLSTM+Attention,test,77.670371_13.069903,2024-05-01,0.44079572,0.42200035
BiLSTM+Attention,test,77.670371_13.083377,2024-05-01,0.4017164,0.38358924
BiLSTM+Attention,test,77.670371_13.092361,2024-05-01,0.4050565,0.39060163
BiLSTM+Attention,test,77.670371_13.128293,2024-05-01,0.4859956,0.47584665
BiLSTM+Attention,test,77.674863_12.674644,2024-05-01,0.7162082,0.71602917
BiLSTM+Attention,test,77.674863_12.71956,2024-05-01,0.6225366,0.60930455
BiLSTM+Attention,test,77.674863_12.755492,2024-05-01,0.56494963,0.54192346
BiLSTM+Attention,test,77.674863_12.764475,2024-05-01,0.57953227,0.55728537
BiLSTM+Attention,test,77.674863_12.786933,2024-05-01,0.60871905,0.58652663
BiLSTM+Attention,test,77.674863_12.836341,2024-05-01,0.54656535,0.53628165
BiLSTM+Attention,test,77.674863_12.867782,2024-05-01,0.698299,0.69729835
BiLSTM+Attention,test,77.674863_13.051936,2024-05-01,0.5459171,0.54381317
BiLSTM+Attention,test,77.674863_13.069903,2024-05-01,0.4228279,0.40449142
BiLSTM+Attention,test,77.674863_13.092361,2024-05-01,0.42483303,0.4127419
BiLSTM+Attention,test,77.674863_13.105835,2024-05-01,0.47896218,0.47068077
BiLSTM+Attention,test,77.679355_12.697102,2024-05-01,0.58923566,0.55707264
BiLSTM+Attention,test,77.679355_12.746509,2024-05-01,0.67671263,0.6631712
BiLSTM+Attention,test,77.679355_12.881256,2024-05-01,0.54067934,0.538413
BiLSTM+Attention,test,77.679355_12.89024,2024-05-01,0.5536623,0.5431116
BiLSTM+Attention,test,77.679355_12.899223,2024-05-01,0.47504026,0.45191276
BiLSTM+Attention,test,77.679355_13.047445,2024-05-01,0.7232141,0.72663367
BiLSTM+Attention,test,77.679355_13.056428,2024-05-01,0.5177173,0.5115945
BiLSTM+Attention,test,77.679355_13.074394,2024-05-01,0.44159427,0.42870542
BiLSTM+Attention,test,77.679355_13.101344,2024-05-01,0.44288588,0.4331985
BiLSTM+Attention,test,77.679355_13.141768,2024-05-01,0.47640082,0.4674636
BiLSTM+Attention,test,77.679355_13.155243,2024-05-01,0.40428782,0.3813312
BiLSTM+Attention,test,77.679355_13.159734,2024-05-01,0.4286682,0.40933198
BiLSTM+Attention,test,77.683846_12.728543,2024-05-01,0.6072756,0.58073807
BiLSTM+Attention,test,77.683846_12.742018,2024-05-01,0.5429413,0.5189788
BiLSTM+Attention,test,77.683846_12.755492,2024-05-01,0.7189742,0.7174276
BiLSTM+Attention,test,77.683846_12.795916,2024-05-01,0.58706784,0.562974
BiLSTM+Attention,test,77.683846_12.8049,2024-05-01,0.5459699,0.5323022
BiLSTM+Attention,test,77.683846_12.836341,2024-05-01,0.5908553,0.5852804
BiLSTM+Attention,test,77.683846_12.840832,2024-05-01,0.59921384,0.59390295
BiLSTM+Attention,test,77.683846_12.894731,2024-05-01,0.5673679,0.56207174
BiLSTM+Attention,test,77.683846_12.917189,2024-05-01,0.47280118,0.45591074
BiLSTM+Attention,test,77.683846_12.939647,2024-05-01,0.7091565,0.7189442
BiLSTM+Attention,test,77.683846_13.029478,2024-05-01,0.38613266,0.37622738
BiLSTM+Attention,test,77.683846_13.06092,2024-05-01,0.49057648,0.48045218
BiLSTM+Attention,test,77.683846_13.074394,2024-05-01,0.40914634,0.38901708
BiLSTM+Attention,test,77.683846_13.11931,2024-05-01,0.3878785,0.37110454
BiLSTM+Attention,test,77.683846_13.123802,2024-05-01,0.43622473,0.42316547
BiLSTM+Attention,test,77.688338_12.656678,2024-05-01,0.7269306,0.7252117
BiLSTM+Attention,test,77.688338_12.69261,2024-05-01,0.76965696,0.7737779
BiLSTM+Attention,test,77.688338_12.697102,2024-05-01,0.77502763,0.77233267
BiLSTM+Attention,test,77.688338_12.710577,2024-05-01,0.7723625,0.78064656
BiLSTM+Attention,test,77.688338_12.751001,2024-05-01,0.61898017,0.6047733
BiLSTM+Attention,test,77.688338_12.755492,2024-05-01,0.5914343,0.5723706
BiLSTM+Attention,test,77.688338_12.876765,2024-05-01,0.75652057,0.75521135
BiLSTM+Attention,test,77.688338_12.885748,2024-05-01,0.57962054,0.5701401
BiLSTM+Attention,test,77.688338_12.966596,2024-05-01,0.58649814,0.59244466
BiLSTM+Attention,test,77.692829_12.746509,2024-05-01,0.5199825,0.4922222
BiLSTM+Attention,test,77.692829_12.800408,2024-05-01,0.54914665,0.52668476
BiLSTM+Attention,test,77.692829_12.845324,2024-05-01,0.6085245,0.6049386
BiLSTM+Attention,test,77.692829_12.885748,2024-05-01,0.60524446,0.5981258
BiLSTM+Attention,test,77.692829_12.899223,2024-05-01,0.5303603,0.51504344
BiLSTM+Attention,test,77.692829_13.047445,2024-05-01,0.69609004,0.7094806
BiLSTM+Attention,test,77.692829_13.06092,2024-05-01,0.58564866,0.5828557
BiLSTM+Attention,test,77.692829_13.065411,2024-05-01,0.5389163,0.5317303
BiLSTM+Attention,test,77.692829_13.083377,2024-05-01,0.4060091,0.38675874
BiLSTM+Attention,test,77.692829_13.096852,2024-05-01,0.38785678,0.36599153
BiLSTM+Attention,test,77.692829_13.132785,2024-05-01,0.36614394,0.34759015
BiLSTM+Attention,test,77.692829_13.155243,2024-05-01,0.4054185,0.38462523
BiLSTM+Attention,test,77.697321_12.697102,2024-05-01,0.7778301,0.78412616
BiLSTM+Attention,test,77.697321_12.751001,2024-05-01,0.58369845,0.5635226
BiLSTM+Attention,test,77.697321_12.773459,2024-05-01,0.55100375,0.5180194
BiLSTM+Attention,test,77.697321_12.791425,2024-05-01,0.63406837,0.6184974
BiLSTM+Attention,test,77.697321_12.885748,2024-05-01,0.60867685,0.60259676
BiLSTM+Attention,test,77.697321_12.894731,2024-05-01,0.545793,0.5303413
BiLSTM+Attention,test,77.697321_12.930664,2024-05-01,0.5572076,0.56268007
BiLSTM+Attention,test,77.697321_12.966596,2024-05-01,0.56177837,0.5666711
BiLSTM+Attention,test,77.697321_13.132785,2024-05-01,0.36614394,0.34837934
BiLSTM+Attention,test,77.697321_13.150751,2024-05-01,0.42114902,0.40172684
BiLSTM+Attention,test,77.697321_13.1777,2024-05-01,0.51481634,0.5140613
BiLSTM+Attention,test,77.701812_12.742018,2024-05-01,0.58389604,0.5557562
BiLSTM+Attention,test,77.701812_12.77795,2024-05-01,0.5502672,0.5189845
BiLSTM+Attention,test,77.701812_12.8049,2024-05-01,0.62085825,0.6040923
BiLSTM+Attention,test,77.701812_12.822866,2024-05-01,0.58799255,0.56460255
BiLSTM+Attention,test,77.701812_12.872273,2024-05-01,0.54312414,0.5383086
BiLSTM+Attention,test,77.701812_12.984563,2024-05-01,0.49079084,0.4829355
BiLSTM+Attention,test,77.701812_13.03397,2024-05-01,0.45866668,0.44318482
BiLSTM+Attention,test,77.701812_13.114818,2024-05-01,0.45125458,0.44092372
BiLSTM+Attention,test,77.701812_13.164226,2024-05-01,0.447678,0.43315583
BiLSTM+Attention,test,77.706304_12.746509,2024-05-01,0.59711933,0.56980443
BiLSTM+Attention,test,77.706304_12.751001,2024-05-01,0.6038541,0.5820227
BiLSTM+Attention,test,77.706304_12.759984,2024-05-01,0.5206492,0.4827106
BiLSTM+Attention,test,77.706304_12.764475,2024-05-01,0.5581086,0.5238185
BiLSTM+Attention,test,77.706304_12.86329,2024-05-01,0.4949633,0.4790089
BiLSTM+Attention,test,77.706304_12.984563,2024-05-01,0.4981079,0.48873585
BiLSTM+Attention,test,77.706304_13.038462,2024-05-01,0.46538088,0.4515834
BiLSTM+Attention,test,77.706304_13.042953,2024-05-01,0.5168926,0.5099493
BiLSTM+Attention,test,77.706304_13.137276,2024-05-01,0.61430144,0.618764
BiLSTM+Attention,test,77.710796_12.715068,2024-05-01,0.6604854,0.6458841
BiLSTM+Attention,test,77.710796_12.894731,2024-05-01,0.62548715,0.6277273
BiLSTM+Attention,test,77.710796_12.899223,2024-05-01,0.57461,0.57402945
BiLSTM+Attention,test,77.710796_12.912697,2024-05-01,0.49639067,0.4839601
BiLSTM+Attention,test,77.710796_13.03397,2024-05-01,0.450267,0.43384796
BiLSTM+Attention,test,77.710796_13.11931,2024-05-01,0.42210776,0.4092707
BiLSTM+Attention,test,77.710796_13.123802,2024-05-01,0.3915002,0.3731467
BiLSTM+Attention,test,77.710796_13.132785,2024-05-01,0.4194348,0.39969072
BiLSTM+Attention,test,77.710796_13.150751,2024-05-01,0.39855805,0.3771058
BiLSTM+Attention,test,77.710796_13.168717,2024-05-01,0.4671228,0.45753253
BiLSTM+Attention,test,77.710796_13.173209,2024-05-01,0.4757379,0.46745384
BiLSTM+Attention,test,77.715287_12.679136,2024-05-01,0.71834785,0.72142243
BiLSTM+Attention,test,77.715287_12.742018,2024-05-01,0.5848521,0.5521212
BiLSTM+Attention,test,77.715287_12.773459,2024-05-01,0.54985917,0.50808984
BiLSTM+Attention,test,77.715287_12.822866,2024-05-01,0.6068389,0.58043516
BiLSTM+Attention,test,77.715287_12.827358,2024-05-01,0.5750933,0.5481563
BiLSTM+Attention,test,77.715287_12.845324,2024-05-01,0.5228336,0.49960178
BiLSTM+Attention,test,77.715287_12.885748,2024-05-01,0.59388924,0.5891368
BiLSTM+Attention,test,77.715287_12.899223,2024-05-01,0.4905761,0.4801324
BiLSTM+Attention,test,77.715287_12.939647,2024-05-01,0.7207732,0.7323219
BiLSTM+Attention,test,77.715287_12.944139,2024-05-01,0.7496034,0.75941783
BiLSTM+Attention,test,77.715287_12.94863,2024-05-01,0.59684205,0.6064308
BiLSTM+Attention,test,77.715287_13.016004,2024-05-01,0.5308566,0.5324395
BiLSTM+Attention,test,77.715287_13.029478,2024-05-01,0.4123278,0.39485624
BiLSTM+Attention,test,77.715287_13.038462,2024-05-01,0.5349724,0.5312917
BiLSTM+Attention,test,77.715287_13.051936,2024-05-01,0.52336687,0.518117
BiLSTM+Attention,test,77.715287_13.056428,2024-05-01,0.4565838,0.4397118
BiLSTM+Attention,test,77.715287_13.096852,2024-05-01,0.3510578,0.33639893
BiLSTM+Attention,test,77.715287_13.114818,2024-05-01,0.4871577,0.48128682
BiLSTM+Attention,test,77.715287_13.128293,2024-05-01,0.432023,0.4140848
BiLSTM+Attention,test,77.719779_12.706085,2024-05-01,0.67620134,0.6543134
BiLSTM+Attention,test,77.719779_12.746509,2024-05-01,0.7076654,0.69204676
BiLSTM+Attention,test,77.719779_12.795916,2024-05-01,0.56889886,0.53832674
BiLSTM+Attention,test,77.719779_12.840832,2024-05-01,0.6037814,0.5903967
BiLSTM+Attention,test,77.719779_12.903714,2024-05-01,0.48834646,0.47162127
BiLSTM+Attention,test,77.719779_13.069903,2024-05-01,0.42151657,0.40367746
BiLSTM+Attention,test,77.719779_13.105835,2024-05-01,0.44526517,0.42984688
BiLSTM+Attention,test,77.719779_13.123802,2024-05-01,0.402305,0.38053513
BiLSTM+Attention,test,77.719779_13.137276,2024-05-01,0.40781465,0.38444936
BiLSTM+Attention,test,77.719779_13.155243,2024-05-01,0.39908543,0.38240743
BiLSTM+Attention,test,77.72427_12.674644,2024-05-01,0.62523717,0.59530324
BiLSTM+Attention,test,77.72427_12.697102,2024-05-01,0.5525637,0.5181613
BiLSTM+Attention,test,77.72427_12.701593,2024-05-01,0.5794479,0.54389507
BiLSTM+Attention,test,77.72427_12.724051,2024-05-01,0.61637753,0.5856069
BiLSTM+Attention,test,77.72427_12.786933,2024-05-01,0.5929828,0.56058013
BiLSTM+Attention,test,77.72427_12.791425,2024-05-01,0.5913908,0.56413084
BiLSTM+Attention,test,77.72427_12.840832,2024-05-01,0.58343333,0.56470025
BiLSTM+Attention,test,77.72427_12.867782,2024-05-01,0.5279416,0.5154164
BiLSTM+Attention,test,77.72427_12.885748,2024-05-01,0.56427425,0.5583099
BiLSTM+Attention,test,77.72427_13.024987,2024-05-01,0.72061217,0.7260011
BiLSTM+Attention,test,77.72427_13.06092,2024-05-01,0.43969598,0.4255287
BiLSTM+Attention,test,77.72427_13.074394,2024-05-01,0.449483,0.43781933
BiLSTM+Attention,test,77.728762_12.706085,2024-05-01,0.65034145,0.62633765
BiLSTM+Attention,test,77.728762_12.724051,2024-05-01,0.68295205,0.6672937
BiLSTM+Attention,test,77.728762_12.759984,2024-05-01,0.59031165,0.56517255
BiLSTM+Attention,test,77.728762_12.782442,2024-05-01,0.61332446,0.5855752
BiLSTM+Attention,test,77.728762_12.809391,2024-05-01,0.6036992,0.580408
BiLSTM+Attention,test,77.728762_12.858799,2024-05-01,0.5996371,0.6006736
BiLSTM+Attention,test,77.728762_12.876765,2024-05-01,0.610281,0.6056162
BiLSTM+Attention,test,77.728762_12.885748,2024-05-01,0.5530892,0.5447331
BiLSTM+Attention,test,77.728762_13.016004,2024-05-01,0.70869166,0.7178561
BiLSTM+Attention,test,77.728762_13.047445,2024-05-01,0.5040693,0.49174207
BiLSTM+Attention,test,77.728762_13.087869,2024-05-01,0.47337636,0.46514958
BiLSTM+Attention,test,77.728762_13.092361,2024-05-01,0.43526942,0.4209394
BiLSTM+Attention,test,77.733253_12.755492,2024-05-01,0.56094635,0.5256132
BiLSTM+Attention,test,77.733253_12.795916,2024-05-01,0.5629417,0.5321988
BiLSTM+Attention,test,77.733253_12.86329,2024-05-01,0.61288095,0.6137238
BiLSTM+Attention,test,77.733253_12.872273,2024-05-01,0.59644884,0.5965608
BiLSTM+Attention,test,77.733253_12.998037,2024-05-01,0.61598736,0.6228912
BiLSTM+Attention,test,77.733253_13.056428,2024-05-01,0.41639784,0.40029556
BiLSTM+Attention,test,77.737745_12.764475,2024-05-01,0.5387634,0.50044346
BiLSTM+Attention,test,77.737745_12.791425,2024-05-01,0.5816999,0.5558918
BiLSTM+Attention,test,77.737745_12.809391,2024-05-01,0.5774526,0.5511117
BiLSTM+Attention,test,77.737745_12.858799,2024-05-01,0.5786655,0.57563096
BiLSTM+Attention,test,77.737745_12.872273,2024-05-01,0.6038444,0.5986858
BiLSTM+Attention,test,77.737745_12.881256,2024-05-01,0.6241063,0.6228674
BiLSTM+Attention,test,77.737745_13.051936,2024-05-01,0.44035983,0.42620957
BiLSTM+Attention,test,77.737745_13.06092,2024-05-01,0.445228,0.42952496
BiLSTM+Attention,test,77.737745_13.078886,2024-05-01,0.4722388,0.4656
BiLSTM+Attention,test,77.737745_13.101344,2024-05-01,0.39780995,0.38323283
BiLSTM+Attention,test,77.742237_12.697102,2024-05-01,0.69260764,0.68473595
BiLSTM+Attention,test,77.742237_12.764475,2024-05-01,0.5535177,0.5192735
BiLSTM+Attention,test,77.742237_12.795916,2024-05-01,0.5481226,0.5142533
BiLSTM+Attention,test,77.742237_12.8049,2024-05-01,0.5909222,0.5689691
BiLSTM+Attention,test,77.742237_12.86329,2024-05-01,0.5186897,0.5026945
BiLSTM+Attention,test,77.742237_12.867782,2024-05-01,0.60883534,0.6038864
BiLSTM+Attention,test,77.742237_12.89024,2024-05-01,0.60971546,0.60646397
BiLSTM+Attention,test,77.742237_12.899223,2024-05-01,0.59031653,0.5901172
BiLSTM+Attention,test,77.742237_12.921681,2024-05-01,0.52784866,0.5217758
BiLSTM+Attention,test,77.742237_12.980071,2024-05-01,0.5668971,0.5673563
BiLSTM+Attention,test,77.742237_13.002529,2024-05-01,0.5835806,0.58619606
BiLSTM+Attention,test,77.742237_13.016004,2024-05-01,0.58909315,0.59589016
BiLSTM+Attention,test,77.742237_13.038462,2024-05-01,0.41852915,0.39780998
BiLSTM+Attention,test,77.742237_13.074394,2024-05-01,0.39544946,0.38071662
BiLSTM+Attention,test,77.742237_13.078886,2024-05-01,0.45817018,0.44915444
BiLSTM+Attention,test,77.742237_13.101344,2024-05-01,0.41997746,0.40679568
BiLSTM+Attention,test,77.746728_12.751001,2024-05-01,0.5816347,0.55515563
BiLSTM+Attention,test,77.746728_12.764475,2024-05-01,0.5728484,0.5450291
BiLSTM+Attention,test,77.746728_12.782442,2024-05-01,0.6082791,0.5827011
BiLSTM+Attention,test,77.746728_12.97558,2024-05-01,0.5874263,0.5862573
BiLSTM+Attention,test,77.746728_12.984563,2024-05-01,0.5775573,0.5782467
BiLSTM+Attention,test,77.746728_13.016004,2024-05-01,0.6011823,0.6036278
BiLSTM+Attention,test,77.746728_13.020495,2024-05-01,0.62965673,0.6340555
BiLSTM+Attention,test,77.746728_13.024987,2024-05-01,0.5391198,0.53570825
BiLSTM+Attention,test,77.746728_13.038462,2024-05-01,0.44702214,0.43118504
BiLSTM+Attention,test,77.746728_13.06092,2024-05-01,0.40531883,0.38759273
BiLSTM+Attention,test,77.746728_13.083377,2024-05-01,0.45746735,0.44898117
BiLSTM+Attention,test,77.746728_13.092361,2024-05-01,0.41519976,0.40011346
BiLSTM+Attention,test,77.75122_12.751001,2024-05-01,0.57135427,0.53957003
BiLSTM+Attention,test,77.75122_12.755492,2024-05-01,0.6154558,0.5925847
BiLSTM+Attention,test,77.75122_12.768967,2024-05-01,0.5365561,0.4981169
BiLSTM+Attention,test,77.75122_12.77795,2024-05-01,0.5748511,0.5425438
BiLSTM+Attention,test,77.75122_12.894731,2024-05-01,0.5325055,0.5235425
BiLSTM+Attention,test,77.75122_12.993546,2024-05-01,0.51820844,0.51363546
BiLSTM+Attention,test,77.75122_13.020495,2024-05-01,0.56277066,0.56359845
BiLSTM+Attention,test,77.75122_13.03397,2024-05-01,0.45796385,0.44413906
BiLSTM+Attention,test,77.75122_13.038462,2024-05-01,0.427095,0.4105302
BiLSTM+Attention,test,77.755711_12.706085,2024-05-01,0.6077988,0.5777957
BiLSTM+Attention,test,77.755711_12.764475,2024-05-01,0.76956236,0.77304095
BiLSTM+Attention,test,77.755711_12.77795,2024-05-01,0.5576097,0.5242852
BiLSTM+Attention,test,77.755711_12.822866,2024-05-01,0.55911773,0.5484028
BiLSTM+Attention,test,77.755711_12.831849,2024-05-01,0.5335011,0.52019686
BiLSTM+Attention,test,77.755711_12.858799,2024-05-01,0.5815911,0.578814
BiLSTM+Attention,test,77.755711_12.885748,2024-05-01,0.56904936,0.5643257
BiLSTM+Attention,test,77.755711_12.899223,2024-05-01,0.49954355,0.48243392
BiLSTM+Attention,test,77.755711_12.903714,2024-05-01,0.5541989,0.54095554
BiLSTM+Attention,test,77.755711_12.926172,2024-05-01,0.56353295,0.56535923
BiLSTM+Attention,test,77.760203_12.751001,2024-05-01,0.5678811,0.5390162
BiLSTM+Attention,test,77.760203_12.795916,2024-05-01,0.5490456,0.51285887
BiLSTM+Attention,test,77.760203_12.818374,2024-05-01,0.63575304,0.6307045
BiLSTM+Attention,test,77.760203_12.867782,2024-05-01,0.54005057,0.5309359
BiLSTM+Attention,test,77.760203_12.872273,2024-05-01,0.552325,0.5470019
BiLSTM+Attention,test,77.760203_12.876765,2024-05-01,0.52348113,0.5130612
BiLSTM+Attention,test,77.760203_12.885748,2024-05-01,0.5396403,0.5243731
BiLSTM+Attention,test,77.760203_12.984563,2024-05-01,0.5760396,0.57680273
BiLSTM+Attention,test,77.764695_12.742018,2024-05-01,0.6806889,0.66118556
BiLSTM+Attention,test,77.764695_12.746509,2024-05-01,0.6682844,0.64810395
BiLSTM+Attention,test,77.764695_12.813883,2024-05-01,0.5949785,0.5768752
BiLSTM+Attention,test,77.764695_12.849815,2024-05-01,0.5666034,0.5586854
BiLSTM+Attention,test,77.764695_12.885748,2024-05-01,0.56430435,0.55271256
BiLSTM+Attention,test,77.764695_12.912697,2024-05-01,0.5594389,0.5550861
BiLSTM+Attention,test,77.764695_13.03397,2024-05-01,0.4060376,0.3882209
BiLSTM+Attention,test,77.769186_12.751001,2024-05-01,0.69097203,0.6779445
BiLSTM+Attention,test,77.769186_12.791425,2024-05-01,0.5387077,0.5015348
BiLSTM+Attention,test,77.769186_12.800408,2024-05-01,0.59135306,0.57665026
BiLSTM+Attention,test,77.769186_12.8049,2024-05-01,0.6241477,0.6129644
BiLSTM+Attention,test,77.769186_12.809391,2024-05-01,0.56047136,0.538285
BiLSTM+Attention,test,77.769186_12.876765,2024-05-01,0.5825528,0.5814262
BiLSTM+Attention,test,77.769186_12.894731,2024-05-01,0.54487836,0.53624296
BiLSTM+Attention,test,77.769186_13.016004,2024-05-01,0.5162018,0.5122197
BiLSTM+Attention,test,77.773678_12.746509,2024-05-01,0.68459296,0.65997964
BiLSTM+Attention,test,77.773678_12.858799,2024-05-01,0.5245062,0.50918096
BiLSTM+Attention,test,77.773678_12.885748,2024-05-01,0.53557754,0.5211046
BiLSTM+Attention,test,77.773678_12.899223,2024-05-01,0.511924,0.4948308
BiLSTM+Attention,test,77.773678_12.908206,2024-05-01,0.5496672,0.5361558
BiLSTM+Attention,test,77.778169_12.809391,2024-05-01,0.52275914,0.4925391
BiLSTM+Attention,test,77.778169_12.885748,2024-05-01,0.554165,0.5481218
BiLSTM+Attention,test,77.782661_12.786933,2024-05-01,0.5407429,0.5063309
BiLSTM+Attention,test,77.782661_12.791425,2024-05-01,0.5687406,0.5410225
BiLSTM+Attention,test,77.782661_12.89024,2024-05-01,0.5470908,0.5399746
BiLSTM+Attention,test,77.787152_12.786933,2024-05-01,0.5545926,0.5235507
BiLSTM+Attention,test,77.787152_12.849815,2024-05-01,0.5266268,0.50917846
BiLSTM+Attention,test,77.787152_12.867782,2024-05-01,0.5370181,0.5200144
BiLSTM+Attention,test,77.791644_12.8049,2024-05-01,0.55415493,0.5350946
BiLSTM+Attention,test,77.791644_12.899223,2024-05-01,0.53582686,0.521408
BiLSTM+Attention,test,77.796136_12.854307,2024-05-01,0.52237296,0.50610346
BiLSTM+Attention,test,77.796136_12.885748,2024-05-01,0.58518434,0.5790128
BiLSTM+Attention,test,77.800627_12.876765,2024-05-01,0.5780393,0.56856334
BiLSTM+Attention,test,77.800627_12.885748,2024-05-01,0.545454,0.5325927
BiLSTM+Attention,test,77.805119_12.876765,2024-05-01,0.5854284,0.5763687
BiLSTM+Attention,test,77.805119_12.89024,2024-05-01,0.5745408,0.5630234
BiLSTM+Attention,test,77.80961_12.858799,2024-05-01,0.5906313,0.58192134
BiLSTM+Attention,test,77.80961_12.86329,2024-05-01,0.569053,0.56257385
BiLSTM+Attention,test,77.329012_12.944139,2024-06-01,0.5545897,0.50777704
BiLSTM+Attention,test,77.329012_12.962105,2024-06-01,0.7252823,0.6934185
BiLSTM+Attention,test,77.337995_12.921681,2024-06-01,0.67485833,0.6473805
BiLSTM+Attention,test,77.342486_12.926172,2024-06-01,0.7132649,0.69431615
BiLSTM+Attention,test,77.342486_12.935155,2024-06-01,0.7342914,0.7145258
BiLSTM+Attention,test,77.342486_12.944139,2024-06-01,0.70271194,0.67764294
BiLSTM+Attention,test,77.346978_12.86329,2024-06-01,0.5849463,0.5675476
BiLSTM+Attention,test,77.346978_12.962105,2024-06-01,0.56205946,0.5076923
BiLSTM+Attention,test,77.351469_12.89024,2024-06-01,0.54380447,0.546248
BiLSTM+Attention,test,77.351469_12.930664,2024-06-01,0.70033985,0.717596
BiLSTM+Attention,test,77.351469_12.939647,2024-06-01,0.71880114,0.69689554
BiLSTM+Attention,test,77.355961_12.899223,2024-06-01,0.5586742,0.5576531
BiLSTM+Attention,test,77.355961_12.94863,2024-06-01,0.4919354,0.48419392
BiLSTM+Attention,test,77.355961_12.962105,2024-06-01,0.735422,0.7047081
BiLSTM+Attention,test,77.360453_12.867782,2024-06-01,0.4935906,0.44132456
BiLSTM+Attention,test,77.360453_12.908206,2024-06-01,0.57913864,0.5868853
BiLSTM+Attention,test,77.360453_12.926172,2024-06-01,0.69636637,0.710013
BiLSTM+Attention,test,77.364944_12.854307,2024-06-01,0.50898635,0.48218673
BiLSTM+Attention,test,77.364944_12.962105,2024-06-01,0.5187513,0.46807128
BiLSTM+Attention,test,77.369436_12.881256,2024-06-01,0.5361427,0.486517
BiLSTM+Attention,test,77.369436_12.89024,2024-06-01,0.51337534,0.48656005
BiLSTM+Attention,test,77.369436_12.935155,2024-06-01,0.49191394,0.4317643
BiLSTM+Attention,test,77.369436_12.998037,2024-06-01,0.52844137,0.47017217
BiLSTM+Attention,test,77.369436_13.007021,2024-06-01,0.5734067,0.5239284
BiLSTM+Attention,test,77.373927_12.912697,2024-06-01,0.59446496,0.59664756
BiLSTM+Attention,test,77.373927_12.971088,2024-06-01,0.5122088,0.45676756
BiLSTM+Attention,test,77.373927_13.011512,2024-06-01,0.52341807,0.47156167
BiLSTM+Attention,test,77.373927_13.016004,2024-06-01,0.5077181,0.45386094
BiLSTM+Attention,test,77.378419_12.966596,2024-06-01,0.48759282,0.42415327
BiLSTM+Attention,test,77.382911_12.894731,2024-06-01,0.5568392,0.53788054
BiLSTM+Attention,test,77.382911_12.953122,2024-06-01,0.5473319,0.49425954
BiLSTM+Attention,test,77.382911_12.957613,2024-06-01,0.54196084,0.48706168
BiLSTM+Attention,test,77.387402_12.962105,2024-06-01,0.5328038,0.47351688
BiLSTM+Attention,test,77.387402_12.97558,2024-06-01,0.5070891,0.47321695
BiLSTM+Attention,test,77.387402_12.980071,2024-06-01,0.50960964,0.4793318
BiLSTM+Attention,test,77.391894_12.867782,2024-06-01,0.5406343,0.5380506
BiLSTM+Attention,test,77.391894_12.881256,2024-06-01,0.54383314,0.51383334
BiLSTM+Attention,test,77.391894_12.885748,2024-06-01,0.57599616,0.542379
BiLSTM+Attention,test,77.396385_12.894731,2024-06-01,0.5585183,0.53894514
BiLSTM+Attention,test,77.396385_12.908206,2024-06-01,0.5169,0.48827273
BiLSTM+Attention,test,77.396385_12.944139,2024-06-01,0.5585605,0.5403892
BiLSTM+Attention,test,77.396385_12.971088,2024-06-01,0.5036427,0.44531646
BiLSTM+Attention,test,77.396385_12.97558,2024-06-01,0.45317182,0.42521018
BiLSTM+Attention,test,77.396385_13.029478,2024-06-01,0.41205963,0.3554806
BiLSTM+Attention,test,77.400877_12.957613,2024-06-01,0.54750997,0.50195473
BiLSTM+Attention,test,77.400877_12.966596,2024-06-01,0.50049436,0.44567627
BiLSTM+Attention,test,77.400877_13.029478,2024-06-01,0.39972034,0.34340948
BiLSTM+Attention,test,77.405368_12.881256,2024-06-01,0.46830118,0.44546312
BiLSTM+Attention,test,77.405368_12.89024,2024-06-01,0.49116424,0.4753651
BiLSTM+Attention,test,77.405368_12.903714,2024-06-01,0.48024938,0.44116637
BiLSTM+Attention,test,77.405368_12.930664,2024-06-01,0.5835491,0.58672684
BiLSTM+Attention,test,77.405368_12.998037,2024-06-01,0.4946296,0.4723934
BiLSTM+Attention,test,77.405368_13.105835,2024-06-01,0.43962422,0.3876074
BiLSTM+Attention,test,77.405368_13.11931,2024-06-01,0.40198284,0.34724283
BiLSTM+Attention,test,77.40986_12.872273,2024-06-01,0.4337274,0.39658302
BiLSTM+Attention,test,77.40986_12.881256,2024-06-01,0.4357644,0.40953702
BiLSTM+Attention,test,77.40986_12.962105,2024-06-01,0.5567949,0.5164781
BiLSTM+Attention,test,77.414352_12.930664,2024-06-01,0.5441246,0.5277596
BiLSTM+Attention,test,77.414352_12.989054,2024-06-01,0.4831787,0.429181
BiLSTM+Attention,test,77.414352_12.993546,2024-06-01,0.4908344,0.44132832
BiLSTM+Attention,test,77.414352_13.03397,2024-06-01,0.45689026,0.40240687
BiLSTM+Attention,test,77.414352_13.096852,2024-06-01,0.4243844,0.3625949
BiLSTM+Attention,test,77.414352_13.11931,2024-06-01,0.42124268,0.36458385
BiLSTM+Attention,test,77.418843_12.876765,2024-06-01,0.44770405,0.42126498
BiLSTM+Attention,test,77.418843_12.89024,2024-06-01,0.4758966,0.45860517
BiLSTM+Attention,test,77.418843_12.94863,2024-06-01,0.55165327,0.51919156
BiLSTM+Attention,test,77.418843_12.971088,2024-06-01,0.5144294,0.46885675
BiLSTM+Attention,test,77.418843_12.993546,2024-06-01,0.5157408,0.48051506
BiLSTM+Attention,test,77.418843_13.016004,2024-06-01,0.4780825,0.43053782
BiLSTM+Attention,test,77.418843_13.024987,2024-06-01,0.4692142,0.4184117
BiLSTM+Attention,test,77.418843_13.029478,2024-06-01,0.46874517,0.4158756
BiLSTM+Attention,test,77.418843_13.146259,2024-06-01,0.37832978,0.33765566
BiLSTM+Attention,test,77.423335_12.876765,2024-06-01,0.44948226,0.44075805
BiLSTM+Attention,test,77.423335_12.921681,2024-06-01,0.54857767,0.53418654
BiLSTM+Attention,test,77.423335_12.930664,2024-06-01,0.51598036,0.514253
BiLSTM+Attention,test,77.423335_13.002529,2024-06-01,0.5638274,0.53031236
BiLSTM+Attention,test,77.423335_13.092361,2024-06-01,0.3558815,0.32175374
BiLSTM+Attention,test,77.423335_13.141768,2024-06-01,0.4371101,0.38971537
BiLSTM+Attention,test,77.423335_13.150751,2024-06-01,0.38708523,0.34116668
BiLSTM+Attention,test,77.427826_12.845324,2024-06-01,0.39146614,0.37114254
BiLSTM+Attention,test,77.427826_12.858799,2024-06-01,0.44418278,0.4291321
BiLSTM+Attention,test,77.427826_12.930664,2024-06-01,0.52346605,0.519884
BiLSTM+Attention,test,77.427826_12.939647,2024-06-01,0.50359917,0.46228546
BiLSTM+Attention,test,77.427826_12.944139,2024-06-01,0.5169821,0.48008823
BiLSTM+Attention,test,77.427826_13.020495,2024-06-01,0.47975007,0.43682128
BiLSTM+Attention,test,77.427826_13.024987,2024-06-01,0.47063887,0.4204524
BiLSTM+Attention,test,77.427826_13.110327,2024-06-01,0.43482512,0.38293183
BiLSTM+Attention,test,77.427826_13.132785,2024-06-01,0.4900495,0.4446885
BiLSTM+Attention,test,77.432318_12.858799,2024-06-01,0.45877576,0.44355583
BiLSTM+Attention,test,77.432318_12.86329,2024-06-01,0.46489736,0.44907406
BiLSTM+Attention,test,77.432318_12.867782,2024-06-01,0.4565552,0.4405203
BiLSTM+Attention,test,77.432318_12.881256,2024-06-01,0.499284,0.4897092
BiLSTM+Attention,test,77.432318_12.885748,2024-06-01,0.5893683,0.58776265
BiLSTM+Attention,test,77.432318_12.957613,2024-06-01,0.5035095,0.46057838
BiLSTM+Attention,test,77.432318_12.998037,2024-06-01,0.43459982,0.3862031
BiLSTM+Attention,test,77.432318_13.087869,2024-06-01,0.42116505,0.39014688
BiLSTM+Attention,test,77.432318_13.092361,2024-06-01,0.37753978,0.35186523
BiLSTM+Attention,test,77.436809_12.818374,2024-06-01,0.59870857,0.57778174
BiLSTM+Attention,test,77.436809_12.840832,2024-06-01,0.50619644,0.49033338
BiLSTM+Attention,test,77.436809_12.854307,2024-06-01,0.4723925,0.46101826
BiLSTM+Attention,test,77.436809_12.912697,2024-06-01,0.6251578,0.59498906
BiLSTM+Attention,test,77.436809_12.926172,2024-06-01,0.55808675,0.5264122
BiLSTM+Attention,test,77.436809_12.944139,2024-06-01,0.5242729,0.487885
BiLSTM+Attention,test,77.436809_13.03397,2024-06-01,0.4536953,0.40838718
BiLSTM+Attention,test,77.441301_12.818374,2024-06-01,0.5976175,0.59433156
BiLSTM+Attention,test,77.441301_12.831849,2024-06-01,0.4909616,0.48103136
BiLSTM+Attention,test,77.441301_12.836341,2024-06-01,0.51987034,0.5063391
BiLSTM+Attention,test,77.441301_12.840832,2024-06-01,0.49318603,0.47465158
BiLSTM+Attention,test,77.441301_12.944139,2024-06-01,0.5616333,0.53018016
BiLSTM+Attention,test,77.441301_12.94863,2024-06-01,0.5156407,0.48078722
BiLSTM+Attention,test,77.441301_13.056428,2024-06-01,0.442857,0.39603525
BiLSTM+Attention,test,77.441301_13.069903,2024-06-01,0.45961136,0.40960497
BiLSTM+Attention,test,77.441301_13.083377,2024-06-01,0.42687938,0.39480698
BiLSTM+Attention,test,77.441301_13.110327,2024-06-01,0.43021783,0.37470007
BiLSTM+Attention,test,77.445793_12.840832,2024-06-01,0.5658458,0.5572923
BiLSTM+Attention,test,77.445793_12.86329,2024-06-01,0.5813003,0.5850147
BiLSTM+Attention,test,77.445793_12.867782,2024-06-01,0.560524,0.56521916
BiLSTM+Attention,test,77.445793_12.912697,2024-06-01,0.53107256,0.494287
BiLSTM+Attention,test,77.445793_12.957613,2024-06-01,0.5041476,0.4630527
BiLSTM+Attention,test,77.445793_12.984563,2024-06-01,0.5221313,0.4856031
BiLSTM+Attention,test,77.450284_12.809391,2024-06-01,0.56887984,0.5366647
BiLSTM+Attention,test,77.450284_12.872273,2024-06-01,0.5600224,0.56145734
BiLSTM+Attention,test,77.450284_12.89024,2024-06-01,0.52694166,0.55917794
BiLSTM+Attention,test,77.450284_12.971088,2024-06-01,0.49163023,0.45910776
BiLSTM+Attention,test,77.450284_12.993546,2024-06-01,0.4034267,0.35848093
BiLSTM+Attention,test,77.450284_13.029478,2024-06-01,0.44112125,0.3991295
BiLSTM+Attention,test,77.450284_13.047445,2024-06-01,0.45366484,0.41095895
BiLSTM+Attention,test,77.450284_13.146259,2024-06-01,0.50484157,0.46231848
BiLSTM+Attention,test,77.454776_12.809391,2024-06-01,0.5190489,0.49965173
BiLSTM+Attention,test,77.454776_12.885748,2024-06-01,0.54193264,0.5390662
BiLSTM+Attention,test,77.454776_12.980071,2024-06-01,0.44363672,0.40095156
BiLSTM+Attention,test,77.454776_12.993546,2024-06-01,0.42929775,0.38362926
BiLSTM+Attention,test,77.454776_13.078886,2024-06-01,0.4524496,0.40061808
BiLSTM+Attention,test,77.454776_13.087869,2024-06-01,0.3966207,0.3671365
BiLSTM+Attention,test,77.454776_13.114818,2024-06-01,0.4913956,0.4475912
BiLSTM+Attention,test,77.454776_13.141768,2024-06-01,0.50822586,0.4701786
BiLSTM+Attention,test,77.459267_12.8049,2024-06-01,0.58801186,0.5823044
BiLSTM+Attention,test,77.459267_12.822866,2024-06-01,0.56541413,0.5394274
BiLSTM+Attention,test,77.459267_12.845324,2024-06-01,0.553773,0.54075664
BiLSTM+Attention,test,77.459267_12.872273,2024-06-01,0.5657645,0.5345931
BiLSTM+Attention,test,77.459267_12.903714,2024-06-01,0.5191355,0.48046112
BiLSTM+Attention,test,77.459267_12.926172,2024-06-01,0.5523389,0.5235202
BiLSTM+Attention,test,77.459267_12.97558,2024-06-01,0.458367,0.4211989
BiLSTM+Attention,test,77.459267_13.016004,2024-06-01,0.41650745,0.37101126
BiLSTM+Attention,test,77.459267_13.020495,2024-06-01,0.41006362,0.365177
BiLSTM+Attention,test,77.459267_13.11931,2024-06-01,0.48825672,0.44336843
BiLSTM+Attention,test,77.463759_12.813883,2024-06-01,0.4992771,0.48522455
BiLSTM+Attention,test,77.463759_12.836341,2024-06-01,0.55076885,0.54522747
BiLSTM+Attention,test,77.463759_12.86329,2024-06-01,0.5676648,0.5724621
BiLSTM+Attention,test,77.463759_12.867782,2024-06-01,0.58406407,0.5501863
BiLSTM+Attention,test,77.463759_12.872273,2024-06-01,0.55984503,0.52570933
BiLSTM+Attention,test,77.463759_12.881256,2024-06-01,0.61174417,0.5764962
BiLSTM+Attention,test,77.463759_12.885748,2024-06-01,0.61530745,0.5848142
BiLSTM+Attention,test,77.463759_12.894731,2024-06-01,0.55491585,0.5201961
BiLSTM+Attention,test,77.463759_12.899223,2024-06-01,0.5575231,0.5269346
BiLSTM+Attention,test,77.463759_12.917189,2024-06-01,0.50072205,0.46881902
BiLSTM+Attention,test,77.463759_12.953122,2024-06-01,0.7553212,0.73793
BiLSTM+Attention,test,77.463759_13.03397,2024-06-01,0.40897372,0.36070138
BiLSTM+Attention,test,77.463759_13.078886,2024-06-01,0.5209182,0.4801588
BiLSTM+Attention,test,77.46825_12.827358,2024-06-01,0.4633548,0.44091368
BiLSTM+Attention,test,77.46825_12.836341,2024-06-01,0.558158,0.55413914
BiLSTM+Attention,test,77.46825_12.894731,2024-06-01,0.5350578,0.4977972
BiLSTM+Attention,test,77.46825_12.94863,2024-06-01,0.59496737,0.5719727
BiLSTM+Attention,test,77.46825_12.953122,2024-06-01,0.5303804,0.4990096
BiLSTM+Attention,test,77.46825_12.966596,2024-06-01,0.5084498,0.48060685
BiLSTM+Attention,test,77.46825_13.007021,2024-06-01,0.4290266,0.38139492
BiLSTM+Attention,test,77.46825_13.020495,2024-06-01,0.49419406,0.45361555
BiLSTM+Attention,test,77.46825_13.114818,2024-06-01,0.5323403,0.49417555
BiLSTM+Attention,test,77.46825_13.150751,2024-06-01,0.44298372,0.39734107
BiLSTM+Attention,test,77.46825_13.1777,2024-06-01,0.5334431,0.49011022
BiLSTM+Attention,test,77.472742_12.746509,2024-06-01,0.64045924,0.5973264
BiLSTM+Attention,test,77.472742_12.751001,2024-06-01,0.5942684,0.5454859
BiLSTM+Attention,test,77.472742_12.755492,2024-06-01,0.611281,0.57354885
BiLSTM+Attention,test,77.472742_12.795916,2024-06-01,0.5330502,0.51257384
BiLSTM+Attention,test,77.472742_12.836341,2024-06-01,0.54821694,0.54083216
BiLSTM+Attention,test,77.472742_12.984563,2024-06-01,0.47035742,0.44096357
BiLSTM+Attention,test,77.472742_13.087869,2024-06-01,0.45556757,0.4306882
BiLSTM+Attention,test,77.477234_12.764475,2024-06-01,0.60563606,0.5727822
BiLSTM+Attention,test,77.477234_12.782442,2024-06-01,0.5414536,0.49674088
BiLSTM+Attention,test,77.477234_12.840832,2024-06-01,0.54996806,0.5464531
BiLSTM+Attention,test,77.477234_12.899223,2024-06-01,0.49535114,0.4523034
BiLSTM+Attention,test,77.477234_12.935155,2024-06-01,0.6214714,0.6026789
BiLSTM+Attention,test,77.477234_12.944139,2024-06-01,0.55155456,0.52132523
BiLSTM+Attention,test,77.477234_12.94863,2024-06-01,0.5623967,0.5390282
BiLSTM+Attention,test,77.477234_12.971088,2024-06-01,0.52111864,0.4922456
BiLSTM+Attention,test,77.477234_13.002529,2024-06-01,0.42458752,0.38650203
BiLSTM+Attention,test,77.477234_13.056428,2024-06-01,0.47683942,0.4364853
BiLSTM+Attention,test,77.481725_12.737526,2024-06-01,0.63721496,0.5783259
BiLSTM+Attention,test,77.481725_12.768967,2024-06-01,0.6005751,0.5624679
BiLSTM+Attention,test,77.481725_12.831849,2024-06-01,0.49195886,0.47763604
BiLSTM+Attention,test,77.481725_12.89024,2024-06-01,0.5746199,0.54677695
BiLSTM+Attention,test,77.481725_12.894731,2024-06-01,0.54179215,0.50474685
BiLSTM+Attention,test,77.481725_12.944139,2024-06-01,0.5643388,0.5361831
BiLSTM+Attention,test,77.481725_12.971088,2024-06-01,0.44591224,0.40778595
BiLSTM+Attention,test,77.481725_12.980071,2024-06-01,0.49915755,0.46900058
BiLSTM+Attention,test,77.481725_13.024987,2024-06-01,0.47557873,0.43581432
BiLSTM+Attention,test,77.481725_13.03397,2024-06-01,0.4526513,0.40693486
BiLSTM+Attention,test,77.481725_13.096852,2024-06-01,0.53889996,0.53039515
BiLSTM+Attention,test,77.481725_13.137276,2024-06-01,0.63174075,0.6198448
BiLSTM+Attention,test,77.486217_12.764475,2024-06-01,0.61563486,0.5526352
BiLSTM+Attention,test,77.486217_12.872273,2024-06-01,0.5312628,0.4944567
BiLSTM+Attention,test,77.486217_12.939647,2024-06-01,0.5798089,0.5573381
BiLSTM+Attention,test,77.486217_12.998037,2024-06-01,0.4720159,0.4469033
BiLSTM+Attention,test,77.486217_13.042953,2024-06-01,0.52324396,0.49174255
BiLSTM+Attention,test,77.486217_13.06092,2024-06-01,0.5414791,0.5092768
BiLSTM+Attention,test,77.486217_13.114818,2024-06-01,0.4728047,0.42820552
BiLSTM+Attention,test,77.486217_13.11931,2024-06-01,0.49007958,0.45110244
BiLSTM+Attention,test,77.490708_12.768967,2024-06-01,0.5872319,0.5483881
BiLSTM+Attention,test,77.490708_12.8049,2024-06-01,0.5505027,0.5420542
BiLSTM+Attention,test,77.490708_12.849815,2024-06-01,0.60164356,0.57540995
BiLSTM+Attention,test,77.490708_12.89024,2024-06-01,0.5336671,0.4971571
BiLSTM+Attention,test,77.490708_13.051936,2024-06-01,0.5898932,0.5657676
BiLSTM+Attention,test,77.490708_13.087869,2024-06-01,0.53093433,0.4938835
BiLSTM+Attention,test,77.490708_13.092361,2024-06-01,0.5264124,0.493455
BiLSTM+Attention,test,77.490708_13.096852,2024-06-01,0.5564862,0.52682954
BiLSTM+Attention,test,77.490708_13.182192,2024-06-01,0.5719324,0.5401179
BiLSTM+Attention,test,77.490708_13.209142,2024-06-01,0.5275768,0.48720556
BiLSTM+Attention,test,77.4952_12.786933,2024-06-01,0.5676949,0.514383
BiLSTM+Attention,test,77.4952_12.836341,2024-06-01,0.558066,0.51756006
BiLSTM+Attention,test,77.4952_12.899223,2024-06-01,0.58090967,0.5498584
BiLSTM+Attention,test,77.4952_12.962105,2024-06-01,0.56393933,0.54413474
BiLSTM+Attention,test,77.4952_13.020495,2024-06-01,0.5180089,0.4829467
BiLSTM+Attention,test,77.4952_13.024987,2024-06-01,0.5076332,0.4749686
BiLSTM+Attention,test,77.4952_13.03397,2024-06-01,0.56085706,0.5345657
BiLSTM+Attention,test,77.4952_13.087869,2024-06-01,0.5051975,0.4612646
BiLSTM+Attention,test,77.4952_13.092361,2024-06-01,0.53164625,0.4983487
BiLSTM+Attention,test,77.4952_13.182192,2024-06-01,0.5714874,0.541424
BiLSTM+Attention,test,77.499692_12.755492,2024-06-01,0.6531135,0.62044114
BiLSTM+Attention,test,77.499692_12.858799,2024-06-01,0.6491346,0.6269326
BiLSTM+Attention,test,77.499692_12.899223,2024-06-01,0.5284799,0.5316933
BiLSTM+Attention,test,77.499692_12.984563,2024-06-01,0.51417106,0.48645514
BiLSTM+Attention,test,77.499692_13.114818,2024-06-01,0.491968,0.44902578
BiLSTM+Attention,test,77.499692_13.137276,2024-06-01,0.4848857,0.44468683
BiLSTM+Attention,test,77.499692_13.168717,2024-06-01,0.6203323,0.60111636
BiLSTM+Attention,test,77.504183_12.764475,2024-06-01,0.658152,0.6370312
BiLSTM+Attention,test,77.504183_12.786933,2024-06-01,0.6357417,0.59191406
BiLSTM+Attention,test,77.504183_12.818374,2024-06-01,0.5987356,0.56350476
BiLSTM+Attention,test,77.504183_12.854307,2024-06-01,0.5910722,0.5568278
BiLSTM+Attention,test,77.504183_12.858799,2024-06-01,0.6478983,0.61905444
BiLSTM+Attention,test,77.504183_12.953122,2024-06-01,0.5421288,0.5250242
BiLSTM+Attention,test,77.504183_13.083377,2024-06-01,0.56338954,0.53620595
BiLSTM+Attention,test,77.504183_13.141768,2024-06-01,0.56205314,0.53413314
BiLSTM+Attention,test,77.504183_13.159734,2024-06-01,0.6509879,0.6303855
BiLSTM+Attention,test,77.504183_13.195667,2024-06-01,0.5041461,0.46503013
BiLSTM+Attention,test,77.508675_12.751001,2024-06-01,0.65799665,0.6316737
BiLSTM+Attention,test,77.508675_12.795916,2024-06-01,0.6631159,0.62511724
BiLSTM+Attention,test,77.508675_12.831849,2024-06-01,0.59909856,0.5624236
BiLSTM+Attention,test,77.508675_12.836341,2024-06-01,0.6242943,0.5899761
BiLSTM+Attention,test,77.508675_12.845324,2024-06-01,0.58879536,0.5646345
BiLSTM+Attention,test,77.508675_12.903714,2024-06-01,0.4877822,0.4725809
BiLSTM+Attention,test,77.508675_12.912697,2024-06-01,0.54739183,0.5234291
BiLSTM+Attention,test,77.508675_12.917189,2024-06-01,0.6124851,0.59247136
BiLSTM+Attention,test,77.508675_13.114818,2024-06-01,0.4531818,0.4040475
BiLSTM+Attention,test,77.508675_13.137276,2024-06-01,0.51137733,0.47375125
BiLSTM+Attention,test,77.508675_13.159734,2024-06-01,0.63650566,0.61201686
BiLSTM+Attention,test,77.508675_13.191175,2024-06-01,0.5284067,0.49101382
BiLSTM+Attention,test,77.513166_12.746509,2024-06-01,0.7737437,0.74324334
BiLSTM+Attention,test,77.513166_12.764475,2024-06-01,0.61900723,0.5844762
BiLSTM+Attention,test,77.513166_12.77795,2024-06-01,0.7330969,0.69945973
BiLSTM+Attention,test,77.513166_12.822866,2024-06-01,0.6700219,0.64580506
BiLSTM+Attention,test,77.513166_12.908206,2024-06-01,0.48987925,0.47908723
BiLSTM+Attention,test,77.513166_13.087869,2024-06-01,0.5565413,0.5360521
BiLSTM+Attention,test,77.513166_13.096852,2024-06-01,0.62040704,0.6111915
BiLSTM+Attention,test,77.513166_13.137276,2024-06-01,0.46896723,0.42830706
BiLSTM+Attention,test,77.513166_13.1777,2024-06-01,0.5471602,0.5199243
BiLSTM+Attention,test,77.517658_12.764475,2024-06-01,0.64894664,0.63972396
BiLSTM+Attention,test,77.517658_12.77795,2024-06-01,0.70846635,0.66775244
BiLSTM+Attention,test,77.517658_12.782442,2024-06-01,0.70730263,0.67062074
BiLSTM+Attention,test,77.517658_12.795916,2024-06-01,0.6696839,0.62731534
BiLSTM+Attention,test,77.517658_12.827358,2024-06-01,0.59732664,0.56267595
BiLSTM+Attention,test,77.517658_12.849815,2024-06-01,0.5922366,0.5643015
BiLSTM+Attention,test,77.517658_12.885748,2024-06-01,0.55623764,0.5624309
BiLSTM+Attention,test,77.517658_12.89024,2024-06-01,0.54775554,0.54639614
BiLSTM+Attention,test,77.517658_12.899223,2024-06-01,0.54046977,0.54246414
BiLSTM+Attention,test,77.517658_12.998037,2024-06-01,0.57723033,0.5614828
BiLSTM+Attention,test,77.517658_13.11931,2024-06-01,0.41344288,0.37484646
BiLSTM+Attention,test,77.517658_13.182192,2024-06-01,0.55060756,0.52146685
BiLSTM+Attention,test,77.517658_13.186684,2024-06-01,0.55948275,0.5332866
BiLSTM+Attention,test,77.517658_13.191175,2024-06-01,0.5031243,0.4694366
BiLSTM+Attention,test,77.522149_12.751001,2024-06-01,0.6814031,0.6870957
BiLSTM+Attention,test,77.522149_12.755492,2024-06-01,0.657451,0.6567133
BiLSTM+Attention,test,77.522149_12.759984,2024-06-01,0.6902924,0.6864017
BiLSTM+Attention,test,77.522149_12.782442,2024-06-01,0.70056903,0.6887672
BiLSTM+Attention,test,77.522149_12.809391,2024-06-01,0.78438413,0.75930184
BiLSTM+Attention,test,77.522149_12.813883,2024-06-01,0.5991439,0.5596123
BiLSTM+Attention,test,77.522149_12.818374,2024-06-01,0.57602507,0.53716075
BiLSTM+Attention,test,77.522149_12.836341,2024-06-01,0.58731735,0.55504763
BiLSTM+Attention,test,77.522149_12.845324,2024-06-01,0.60321903,0.57762045
BiLSTM+Attention,test,77.522149_13.056428,2024-06-01,0.5825978,0.5644131
BiLSTM+Attention,test,77.522149_13.078886,2024-06-01,0.5571893,0.5386673
BiLSTM+Attention,test,77.522149_13.146259,2024-06-01,0.4327251,0.39065918
BiLSTM+Attention,test,77.522149_13.200158,2024-06-01,0.5405016,0.5166637
BiLSTM+Attention,test,77.526641_12.751001,2024-06-01,0.6934025,0.6938225
BiLSTM+Attention,test,77.526641_12.840832,2024-06-01,0.65760106,0.63220364
BiLSTM+Attention,test,77.526641_12.89024,2024-06-01,0.6239911,0.606216
BiLSTM+Attention,test,77.526641_12.899223,2024-06-01,0.5956325,0.56955427
BiLSTM+Attention,test,77.526641_13.078886,2024-06-01,0.5710562,0.5520061
BiLSTM+Attention,test,77.526641_13.105835,2024-06-01,0.42516255,0.38249967
BiLSTM+Attention,test,77.526641_13.110327,2024-06-01,0.42109293,0.3792515
BiLSTM+Attention,test,77.531133_12.791425,2024-06-01,0.62475115,0.5793663
BiLSTM+Attention,test,77.531133_12.795916,2024-06-01,0.6641828,0.62351507
BiLSTM+Attention,test,77.531133_12.800408,2024-06-01,0.6398852,0.6000709
BiLSTM+Attention,test,77.531133_12.822866,2024-06-01,0.6048278,0.5754256
BiLSTM+Attention,test,77.531133_12.827358,2024-06-01,0.6176434,0.5884604
BiLSTM+Attention,test,77.531133_12.894731,2024-06-01,0.5479166,0.5179711
BiLSTM+Attention,test,77.531133_13.083377,2024-06-01,0.53964627,0.51455903
BiLSTM+Attention,test,77.531133_13.114818,2024-06-01,0.43279502,0.39890742
BiLSTM+Attention,test,77.531133_13.195667,2024-06-01,0.55412924,0.53053576
BiLSTM+Attention,test,77.535624_12.77795,2024-06-01,0.7312975,0.7425599
BiLSTM+Attention,test,77.535624_12.822866,2024-06-01,0.7078002,0.69215626
BiLSTM+Attention,test,77.535624_12.872273,2024-06-01,0.51278025,0.47134292
BiLSTM+Attention,test,77.535624_12.899223,2024-06-01,0.5288798,0.4913355
BiLSTM+Attention,test,77.535624_13.069903,2024-06-01,0.64343005,0.63346374
BiLSTM+Attention,test,77.535624_13.083377,2024-06-01,0.5322571,0.50643456
BiLSTM+Attention,test,77.535624_13.096852,2024-06-01,0.47311977,0.4394579
BiLSTM+Attention,test,77.535624_13.114818,2024-06-01,0.45848373,0.42779392
BiLSTM+Attention,test,77.535624_13.132785,2024-06-01,0.48372966,0.45221096
BiLSTM+Attention,test,77.535624_13.137276,2024-06-01,0.4259908,0.3890369
BiLSTM+Attention,test,77.535624_13.195667,2024-06-01,0.4962187,0.46082628
BiLSTM+Attention,test,77.540116_12.77795,2024-06-01,0.6402233,0.63279116
BiLSTM+Attention,test,77.540116_12.795916,2024-06-01,0.6842266,0.6569943
BiLSTM+Attention,test,77.540116_13.042953,2024-06-01,0.5724633,0.5535975
BiLSTM+Attention,test,77.540116_13.074394,2024-06-01,0.5906645,0.5770071
BiLSTM+Attention,test,77.540116_13.092361,2024-06-01,0.43111482,0.39990398
BiLSTM+Attention,test,77.540116_13.101344,2024-06-01,0.46101606,0.4255382
BiLSTM+Attention,test,77.540116_13.105835,2024-06-01,0.4696782,0.4424013
BiLSTM+Attention,test,77.540116_13.114818,2024-06-01,0.43056843,0.4046113
BiLSTM+Attention,test,77.540116_13.132785,2024-06-01,0.46895134,0.44222933
BiLSTM+Attention,test,77.540116_13.155243,2024-06-01,0.49519613,0.4654935
BiLSTM+Attention,test,77.540116_13.182192,2024-06-01,0.4615012,0.4314292
BiLSTM+Attention,test,77.544607_12.831849,2024-06-01,0.7655185,0.75023353
BiLSTM+Attention,test,77.544607_13.218125,2024-06-01,0.54607296,0.521782
BiLSTM+Attention,test,77.549099_12.822866,2024-06-01,0.78571594,0.7624028
BiLSTM+Attention,test,77.549099_12.831849,2024-06-01,0.6987114,0.68487835
BiLSTM+Attention,test,77.549099_12.836341,2024-06-01,0.67092687,0.65168905
BiLSTM+Attention,test,77.549099_12.845324,2024-06-01,0.653525,0.6336795
BiLSTM+Attention,test,77.549099_12.867782,2024-06-01,0.5779984,0.548917
BiLSTM+Attention,test,77.549099_12.876765,2024-06-01,0.54395074,0.5082624
BiLSTM+Attention,test,77.549099_12.894731,2024-06-01,0.62386745,0.60518456
BiLSTM+Attention,test,77.549099_13.096852,2024-06-01,0.49791467,0.4644196
BiLSTM+Attention,test,77.549099_13.132785,2024-06-01,0.6002776,0.5826867
BiLSTM+Attention,test,77.55359_12.71956,2024-06-01,0.8078368,0.7899811
BiLSTM+Attention,test,77.55359_12.782442,2024-06-01,0.73921454,0.7160112
BiLSTM+Attention,test,77.55359_12.849815,2024-06-01,0.64787245,0.622436
BiLSTM+Attention,test,77.55359_12.872273,2024-06-01,0.53510267,0.51627433
BiLSTM+Attention,test,77.55359_13.069903,2024-06-01,0.70889115,0.70316285
BiLSTM+Attention,test,77.55359_13.101344,2024-06-01,0.45353162,0.41710943
BiLSTM+Attention,test,77.55359_13.110327,2024-06-01,0.5074668,0.48199934
BiLSTM+Attention,test,77.55359_13.128293,2024-06-01,0.5791623,0.5629449
BiLSTM+Attention,test,77.55359_13.168717,2024-06-01,0.506285,0.4827031
BiLSTM+Attention,test,77.55359_13.173209,2024-06-01,0.42951062,0.40456957
BiLSTM+Attention,test,77.558082_12.710577,2024-06-01,0.83582467,0.81987923
BiLSTM+Attention,test,77.558082_12.827358,2024-06-01,0.71627885,0.6911942
BiLSTM+Attention,test,77.558082_12.845324,2024-06-01,0.69481504,0.6725334
BiLSTM+Attention,test,77.558082_13.042953,2024-06-01,0.6501121,0.63819283
BiLSTM+Attention,test,77.558082_13.051936,2024-06-01,0.68032146,0.67258763
BiLSTM+Attention,test,77.558082_13.110327,2024-06-01,0.5156682,0.491561
BiLSTM+Attention,test,77.558082_13.168717,2024-06-01,0.5199738,0.49563837
BiLSTM+Attention,test,77.558082_13.1777,2024-06-01,0.50161546,0.47531277
BiLSTM+Attention,test,77.562574_12.71956,2024-06-01,0.8100857,0.79220575
BiLSTM+Attention,test,77.562574_12.827358,2024-06-01,0.723668,0.696587
BiLSTM+Attention,test,77.562574_12.858799,2024-06-01,0.54446316,0.51650715
BiLSTM+Attention,test,77.562574_12.872273,2024-06-01,0.6267476,0.60689
BiLSTM+Attention,test,77.562574_12.876765,2024-06-01,0.64957553,0.63278663
BiLSTM+Attention,test,77.562574_13.141768,2024-06-01,0.4940337,0.4633326
BiLSTM+Attention,test,77.562574_13.159734,2024-06-01,0.5224777,0.49719644
BiLSTM+Attention,test,77.562574_13.173209,2024-06-01,0.5291373,0.5045987
BiLSTM+Attention,test,77.567065_12.724051,2024-06-01,0.75628686,0.7351124
BiLSTM+Attention,test,77.567065_12.813883,2024-06-01,0.7157155,0.6873301
BiLSTM+Attention,test,77.567065_12.849815,2024-06-01,0.69079345,0.6666378
BiLSTM+Attention,test,77.567065_13.105835,2024-06-01,0.5782367,0.5646344
BiLSTM+Attention,test,77.567065_13.114818,2024-06-01,0.6236856,0.61168903
BiLSTM+Attention,test,77.567065_13.182192,2024-06-01,0.52568394,0.50334746
BiLSTM+Attention,test,77.571557_12.71956,2024-06-01,0.79301256,0.7757205
BiLSTM+Attention,test,77.571557_12.800408,2024-06-01,0.7136322,0.68168914
BiLSTM+Attention,test,77.571557_12.813883,2024-06-01,0.78476775,0.7567444
BiLSTM+Attention,test,77.571557_12.849815,2024-06-01,0.69458467,0.6684275
BiLSTM+Attention,test,77.571557_13.141768,2024-06-01,0.49819985,0.46739358
BiLSTM+Attention,test,77.571557_13.146259,2024-06-01,0.5015747,0.4724965
BiLSTM+Attention,test,77.576048_12.71956,2024-06-01,0.75922567,0.7399866
BiLSTM+Attention,test,77.576048_12.728543,2024-06-01,0.7544576,0.7241386
BiLSTM+Attention,test,77.576048_12.742018,2024-06-01,0.75172377,0.72912645
BiLSTM+Attention,test,77.576048_12.813883,2024-06-01,0.8043486,0.7720442
BiLSTM+Attention,test,77.576048_12.827358,2024-06-01,0.6803222,0.65262544
BiLSTM+Attention,test,77.58054_12.800408,2024-06-01,0.7528321,0.73078793
BiLSTM+Attention,test,77.58054_12.845324,2024-06-01,0.69694465,0.67080975
BiLSTM+Attention,test,77.58054_13.083377,2024-06-01,0.54279375,0.5270853
BiLSTM+Attention,test,77.58054_13.087869,2024-06-01,0.5167896,0.4965183
BiLSTM+Attention,test,77.585031_12.849815,2024-06-01,0.69438857,0.6654978
BiLSTM+Attention,test,77.585031_13.042953,2024-06-01,0.6785681,0.6689768
BiLSTM+Attention,test,77.585031_13.137276,2024-06-01,0.5052496,0.47822368
BiLSTM+Attention,test,77.589523_12.71956,2024-06-01,0.86609846,0.8411305
BiLSTM+Attention,test,77.589523_12.746509,2024-06-01,0.7527897,0.7307758
BiLSTM+Attention,test,77.589523_12.854307,2024-06-01,0.64207613,0.6209525
BiLSTM+Attention,test,77.589523_12.971088,2024-06-01,0.7458178,0.7200486
BiLSTM+Attention,test,77.589523_13.083377,2024-06-01,0.62659425,0.61437935
BiLSTM+Attention,test,77.589523_13.150751,2024-06-01,0.51072794,0.4817161
BiLSTM+Attention,test,77.594015_12.724051,2024-06-01,0.8424038,0.8150248
BiLSTM+Attention,test,77.594015_12.733034,2024-06-01,0.81311536,0.78686875
BiLSTM+Attention,test,77.594015_12.755492,2024-06-01,0.71505386,0.6899186
BiLSTM+Attention,test,77.594015_12.831849,2024-06-01,0.65687805,0.63107103
BiLSTM+Attention,test,77.594015_12.836341,2024-06-01,0.676528,0.6583149
BiLSTM+Attention,test,77.594015_12.840832,2024-06-01,0.6770523,0.6565161
BiLSTM+Attention,test,77.594015_12.849815,2024-06-01,0.66789186,0.64470816
BiLSTM+Attention,test,77.594015_12.998037,2024-06-01,0.7396799,0.72317505
BiLSTM+Attention,test,77.594015_13.087869,2024-06-01,0.611268,0.60085243
BiLSTM+Attention,test,77.598506_12.665661,2024-06-01,0.8456696,0.82578874
BiLSTM+Attention,test,77.598506_12.710577,2024-06-01,0.7737687,0.73593485
BiLSTM+Attention,test,77.598506_12.822866,2024-06-01,0.6817064,0.6546469
BiLSTM+Attention,test,77.598506_12.849815,2024-06-01,0.7078598,0.6866154
BiLSTM+Attention,test,77.598506_13.083377,2024-06-01,0.60428303,0.5908429
BiLSTM+Attention,test,77.598506_13.128293,2024-06-01,0.56669635,0.5474646
BiLSTM+Attention,test,77.598506_13.141768,2024-06-01,0.48047614,0.4562459
BiLSTM+Attention,test,77.598506_13.146259,2024-06-01,0.46043998,0.4352457
BiLSTM+Attention,test,77.602998_12.710577,2024-06-01,0.81064886,0.77814054
BiLSTM+Attention,test,77.602998_12.827358,2024-06-01,0.59747684,0.5647042
BiLSTM+Attention,test,77.602998_12.849815,2024-06-01,0.6076822,0.5769764
BiLSTM+Attention,test,77.602998_12.858799,2024-06-01,0.6164655,0.59758055
BiLSTM+Attention,test,77.602998_13.114818,2024-06-01,0.5942959,0.57981
BiLSTM+Attention,test,77.602998_13.11931,2024-06-01,0.58804125,0.5715068
BiLSTM+Attention,test,77.602998_13.128293,2024-06-01,0.5349375,0.51375425
BiLSTM+Attention,test,77.602998_13.164226,2024-06-01,0.49459407,0.46635497
BiLSTM+Attention,test,77.607489_12.768967,2024-06-01,0.6735577,0.643943
BiLSTM+Attention,test,77.607489_12.773459,2024-06-01,0.647088,0.6115848
BiLSTM+Attention,test,77.607489_12.791425,2024-06-01,0.63514566,0.5884329
BiLSTM+Attention,test,77.607489_12.809391,2024-06-01,0.7216864,0.69337887
BiLSTM+Attention,test,77.607489_12.818374,2024-06-01,0.7420279,0.72316086
BiLSTM+Attention,test,77.607489_13.087869,2024-06-01,0.6979163,0.69290173
BiLSTM+Attention,test,77.611981_12.674644,2024-06-01,0.83838737,0.80351853
BiLSTM+Attention,test,77.611981_12.768967,2024-06-01,0.62987065,0.59059566
BiLSTM+Attention,test,77.611981_12.831849,2024-06-01,0.6299207,0.6032104
BiLSTM+Attention,test,77.611981_12.867782,2024-06-01,0.58457303,0.5663854
BiLSTM+Attention,test,77.611981_12.953122,2024-06-01,0.74622923,0.72949564
BiLSTM+Attention,test,77.611981_13.105835,2024-06-01,0.56156456,0.5484225
BiLSTM+Attention,test,77.611981_13.168717,2024-06-01,0.46600357,0.43994203
BiLSTM+Attention,test,77.611981_13.182192,2024-06-01,0.4389946,0.40766615
BiLSTM+Attention,test,77.616473_12.831849,2024-06-01,0.67119706,0.64652944
BiLSTM+Attention,test,77.616473_12.858799,2024-06-01,0.59565115,0.57105327
BiLSTM+Attention,test,77.616473_13.114818,2024-06-01,0.58810633,0.57455647
BiLSTM+Attention,test,77.616473_13.141768,2024-06-01,0.5140473,0.489322
BiLSTM+Attention,test,77.616473_13.1777,2024-06-01,0.43192768,0.4015323
BiLSTM+Attention,test,77.620964_12.674644,2024-06-01,0.8453894,0.81802666
BiLSTM+Attention,test,77.620964_12.795916,2024-06-01,0.583794,0.53574336
BiLSTM+Attention,test,77.620964_12.813883,2024-06-01,0.575063,0.5285618
BiLSTM+Attention,test,77.620964_12.845324,2024-06-01,0.70695376,0.6832691
BiLSTM+Attention,test,77.620964_12.858799,2024-06-01,0.57688606,0.5524669
BiLSTM+Attention,test,77.620964_13.132785,2024-06-01,0.5656162,0.5434393
BiLSTM+Attention,test,77.625456_12.782442,2024-06-01,0.61288893,0.5689429
BiLSTM+Attention,test,77.625456_12.858799,2024-06-01,0.54237926,0.50983363
BiLSTM+Attention,test,77.625456_13.065411,2024-06-01,0.46456593,0.43238077
BiLSTM+Attention,test,77.625456_13.128293,2024-06-01,0.56935024,0.5475708
BiLSTM+Attention,test,77.625456_13.137276,2024-06-01,0.5040398,0.47984892
BiLSTM+Attention,test,77.625456_13.155243,2024-06-01,0.6240012,0.6120895
BiLSTM+Attention,test,77.625456_13.182192,2024-06-01,0.46641043,0.4372344
BiLSTM+Attention,test,77.629947_12.795916,2024-06-01,0.79237133,0.7746645
BiLSTM+Attention,test,77.629947_12.809391,2024-06-01,0.59744936,0.5467888
BiLSTM+Attention,test,77.629947_12.836341,2024-06-01,0.64695996,0.6157947
BiLSTM+Attention,test,77.629947_12.854307,2024-06-01,0.5960481,0.5651131
BiLSTM+Attention,test,77.629947_12.858799,2024-06-01,0.5644502,0.5319563
BiLSTM+Attention,test,77.629947_13.06092,2024-06-01,0.48780838,0.4647711
BiLSTM+Attention,test,77.629947_13.087869,2024-06-01,0.48811084,0.46076363
BiLSTM+Attention,test,77.629947_13.1777,2024-06-01,0.49370912,0.4639514
BiLSTM+Attention,test,77.634439_12.679136,2024-06-01,0.79018056,0.7443804
BiLSTM+Attention,test,77.634439_12.701593,2024-06-01,0.7367115,0.71379036
BiLSTM+Attention,test,77.634439_12.733034,2024-06-01,0.58824164,0.5420098
BiLSTM+Attention,test,77.634439_12.746509,2024-06-01,0.62216526,0.58111286
BiLSTM+Attention,test,77.634439_12.751001,2024-06-01,0.61823255,0.5713307
BiLSTM+Attention,test,77.634439_12.849815,2024-06-01,0.60153455,0.5738669
BiLSTM+Attention,test,77.634439_13.047445,2024-06-01,0.5482639,0.5374168
BiLSTM+Attention,test,77.634439_13.083377,2024-06-01,0.45035058,0.419262
BiLSTM+Attention,test,77.634439_13.137276,2024-06-01,0.4624189,0.430198
BiLSTM+Attention,test,77.63893_12.688119,2024-06-01,0.72967696,0.68455774
BiLSTM+Attention,test,77.63893_12.742018,2024-06-01,0.6376147,0.5976235
BiLSTM+Attention,test,77.63893_12.791425,2024-06-01,0.6307259,0.58951265
BiLSTM+Attention,test,77.63893_12.800408,2024-06-01,0.584511,0.5323734
BiLSTM+Attention,test,77.63893_12.818374,2024-06-01,0.5950642,0.5555426
BiLSTM+Attention,test,77.63893_12.840832,2024-06-01,0.6732605,0.649635
BiLSTM+Attention,test,77.63893_12.872273,2024-06-01,0.5171553,0.48373747
BiLSTM+Attention,test,77.63893_12.917189,2024-06-01,0.74426824,0.7346757
BiLSTM+Attention,test,77.63893_12.989054,2024-06-01,0.654798,0.64528304
BiLSTM+Attention,test,77.63893_13.056428,2024-06-01,0.5090627,0.49481195
BiLSTM+Attention,test,77.63893_13.078886,2024-06-01,0.45583415,0.42792457
BiLSTM+Attention,test,77.63893_13.083377,2024-06-01,0.44461644,0.41235203
BiLSTM+Attention,test,77.63893_13.1777,2024-06-01,0.47512892,0.4412933
BiLSTM+Attention,test,77.643422_12.795916,2024-06-01,0.6070166,0.55759585
BiLSTM+Attention,test,77.643422_12.800408,2024-06-01,0.5894371,0.54120314
BiLSTM+Attention,test,77.643422_12.809391,2024-06-01,0.61674654,0.57536405
BiLSTM+Attention,test,77.643422_12.867782,2024-06-01,0.55543387,0.52981335
BiLSTM+Attention,test,77.643422_13.002529,2024-06-01,0.58020693,0.56567085
BiLSTM+Attention,test,77.643422_13.038462,2024-06-01,0.5719976,0.562826
BiLSTM+Attention,test,77.643422_13.164226,2024-06-01,0.58136165,0.5659507
BiLSTM+Attention,test,77.647914_12.688119,2024-06-01,0.7685885,0.7260249
BiLSTM+Attention,test,77.647914_12.733034,2024-06-01,0.6208913,0.5751688
BiLSTM+Attention,test,77.647914_12.881256,2024-06-01,0.5702153,0.5469047
BiLSTM+Attention,test,77.647914_12.935155,2024-06-01,0.691074,0.68403494
BiLSTM+Attention,test,77.647914_13.141768,2024-06-01,0.6124296,0.59611267
BiLSTM+Attention,test,77.647914_13.168717,2024-06-01,0.6513746,0.6435032
BiLSTM+Attention,test,77.652405_12.697102,2024-06-01,0.7334861,0.6936146
BiLSTM+Attention,test,77.652405_12.773459,2024-06-01,0.5933038,0.5478807
BiLSTM+Attention,test,77.652405_12.795916,2024-06-01,0.5681802,0.51931125
BiLSTM+Attention,test,77.652405_12.8049,2024-06-01,0.623783,0.59074664
BiLSTM+Attention,test,77.652405_12.858799,2024-06-01,0.70701295,0.696879
BiLSTM+Attention,test,77.652405_12.926172,2024-06-01,0.68038243,0.67621446
BiLSTM+Attention,test,77.652405_13.002529,2024-06-01,0.5688065,0.547384
BiLSTM+Attention,test,77.656897_12.742018,2024-06-01,0.64822996,0.60821676
BiLSTM+Attention,test,77.656897_12.746509,2024-06-01,0.6281938,0.5791817
BiLSTM+Attention,test,77.656897_12.768967,2024-06-01,0.6443293,0.6094467
BiLSTM+Attention,test,77.656897_12.791425,2024-06-01,0.5864557,0.5444407
BiLSTM+Attention,test,77.656897_12.800408,2024-06-01,0.6389063,0.6037395
BiLSTM+Attention,test,77.656897_12.831849,2024-06-01,0.6352081,0.614334
BiLSTM+Attention,test,77.656897_12.849815,2024-06-01,0.52773905,0.4969368
BiLSTM+Attention,test,77.656897_12.939647,2024-06-01,0.6258426,0.6162749
BiLSTM+Attention,test,77.656897_13.101344,2024-06-01,0.46260083,0.44900578
BiLSTM+Attention,test,77.656897_13.164226,2024-06-01,0.4838882,0.45863354
BiLSTM+Attention,test,77.656897_13.173209,2024-06-01,0.45570815,0.41821223
BiLSTM+Attention,test,77.661388_12.737526,2024-06-01,0.65106374,0.6016906
BiLSTM+Attention,test,77.661388_12.759984,2024-06-01,0.6581516,0.6239855
BiLSTM+Attention,test,77.661388_13.056428,2024-06-01,0.52973825,0.5069693
BiLSTM+Attention,test,77.661388_13.074394,2024-06-01,0.5308976,0.5112699
BiLSTM+Attention,test,77.661388_13.087869,2024-06-01,0.4705801,0.46189243
BiLSTM+Attention,test,77.661388_13.101344,2024-06-01,0.45847547,0.44876605
BiLSTM+Attention,test,77.661388_13.110327,2024-06-01,0.5300109,0.51456785
BiLSTM+Attention,test,77.661388_13.11931,2024-06-01,0.5834205,0.5717229
BiLSTM+Attention,test,77.66588_12.679136,2024-06-01,0.7221737,0.67075497
BiLSTM+Attention,test,77.66588_12.697102,2024-06-01,0.6875682,0.6291784
BiLSTM+Attention,test,77.66588_12.715068,2024-06-01,0.66418487,0.6245165
BiLSTM+Attention,test,77.66588_12.724051,2024-06-01,0.6544952,0.62147415
BiLSTM+Attention,test,77.66588_12.751001,2024-06-01,0.6181639,0.571517
BiLSTM+Attention,test,77.66588_12.755492,2024-06-01,0.6617076,0.6280429
BiLSTM+Attention,test,77.66588_12.764475,2024-06-01,0.6399104,0.6087873
BiLSTM+Attention,test,77.66588_12.768967,2024-06-01,0.76835525,0.7469346
BiLSTM+Attention,test,77.66588_12.791425,2024-06-01,0.675263,0.6415859
BiLSTM+Attention,test,77.66588_12.953122,2024-06-01,0.64682704,0.62901706
BiLSTM+Attention,test,77.66588_13.038462,2024-06-01,0.5414811,0.52328855
BiLSTM+Attention,test,77.66588_13.051936,2024-06-01,0.5673612,0.54757816
BiLSTM+Attention,test,77.66588_13.173209,2024-06-01,0.46241587,0.4259741
BiLSTM+Attention,test,77.670371_12.71956,2024-06-01,0.6572656,0.62178946
BiLSTM+Attention,test,77.670371_12.86329,2024-06-01,0.5618305,0.5420395
BiLSTM+Attention,test,77.670371_12.881256,2024-06-01,0.55272794,0.52846694
BiLSTM+Attention,test,77.670371_12.894731,2024-06-01,0.500028,0.46291453
BiLSTM+Attention,test,77.670371_13.069903,2024-06-01,0.45825154,0.43801135
BiLSTM+Attention,test,77.670371_13.083377,2024-06-01,0.43199527,0.39854556
BiLSTM+Attention,test,77.670371_13.092361,2024-06-01,0.42251232,0.40634227
BiLSTM+Attention,test,77.670371_13.128293,2024-06-01,0.51391345,0.49156702
BiLSTM+Attention,test,77.674863_12.674644,2024-06-01,0.76009613,0.7273777
BiLSTM+Attention,test,77.674863_12.71956,2024-06-01,0.66642445,0.6217199
BiLSTM+Attention,test,77.674863_12.755492,2024-06-01,0.6058315,0.5631718
BiLSTM+Attention,test,77.674863_12.764475,2024-06-01,0.62041414,0.5788926
BiLSTM+Attention,test,77.674863_12.786933,2024-06-01,0.64960086,0.60662234
BiLSTM+Attention,test,77.674863_12.836341,2024-06-01,0.58448416,0.5595502
BiLSTM+Attention,test,77.674863_12.867782,2024-06-01,0.7362178,0.7219915
BiLSTM+Attention,test,77.674863_13.051936,2024-06-01,0.576196,0.5580097
BiLSTM+Attention,test,77.674863_13.069903,2024-06-01,0.4402837,0.42048258
BiLSTM+Attention,test,77.674863_13.092361,2024-06-01,0.44228885,0.42781925
BiLSTM+Attention,test,77.674863_13.105835,2024-06-01,0.49497518,0.48661482
BiLSTM+Attention,test,77.679355_12.697102,2024-06-01,0.6331235,0.5658157
BiLSTM+Attention,test,77.679355_12.746509,2024-06-01,0.71759444,0.68430585
BiLSTM+Attention,test,77.679355_12.881256,2024-06-01,0.5785982,0.56204927
BiLSTM+Attention,test,77.679355_12.89024,2024-06-01,0.59158117,0.5670835
BiLSTM+Attention,test,77.679355_12.899223,2024-06-01,0.51295906,0.47443408
BiLSTM+Attention,test,77.679355_13.047445,2024-06-01,0.75349295,0.7455696
BiLSTM+Attention,test,77.679355_13.056428,2024-06-01,0.54799616,0.5277737
BiLSTM+Attention,test,77.679355_13.074394,2024-06-01,0.4590501,0.4437408
BiLSTM+Attention,test,77.679355_13.101344,2024-06-01,0.4603417,0.45050955
BiLSTM+Attention,test,77.679355_13.141768,2024-06-01,0.5043187,0.48243076
BiLSTM+Attention,test,77.679355_13.155243,2024-06-01,0.4322057,0.39333996
BiLSTM+Attention,test,77.679355_13.159734,2024-06-01,0.4565861,0.4199507
BiLSTM+Attention,test,77.683846_12.728543,2024-06-01,0.6481575,0.5947755
BiLSTM+Attention,test,77.683846_12.742018,2024-06-01,0.58382314,0.5398095
BiLSTM+Attention,test,77.683846_12.755492,2024-06-01,0.759856,0.7398371
BiLSTM+Attention,test,77.683846_12.795916,2024-06-01,0.62794966,0.58673316
BiLSTM+Attention,test,77.683846_12.8049,2024-06-01,0.5868517,0.55493444
BiLSTM+Attention,test,77.683846_12.836341,2024-06-01,0.62877417,0.6060452
BiLSTM+Attention,test,77.683846_12.840832,2024-06-01,0.63713264,0.61525804
BiLSTM+Attention,test,77.683846_12.894731,2024-06-01,0.6052867,0.58569115
BiLSTM+Attention,test,77.683846_12.917189,2024-06-01,0.5043724,0.4710915
BiLSTM+Attention,test,77.683846_12.939647,2024-06-01,0.7407278,0.73244023
BiLSTM+Attention,test,77.683846_13.029478,2024-06-01,0.4273605,0.39556733
BiLSTM+Attention,test,77.683846_13.06092,2024-06-01,0.52085537,0.49741542
BiLSTM+Attention,test,77.683846_13.074394,2024-06-01,0.4394252,0.40492374
BiLSTM+Attention,test,77.683846_13.11931,2024-06-01,0.41579637,0.38589627
BiLSTM+Attention,test,77.683846_13.123802,2024-06-01,0.4641426,0.43744677
BiLSTM+Attention,test,77.688338_12.656678,2024-06-01,0.77081853,0.74191993
BiLSTM+Attention,test,77.688338_12.69261,2024-06-01,0.8135448,0.78718716
BiLSTM+Attention,test,77.688338_12.697102,2024-06-01,0.81891555,0.78325045
BiLSTM+Attention,test,77.688338_12.710577,2024-06-01,0.8162504,0.8038435
BiLSTM+Attention,test,77.688338_12.751001,2024-06-01,0.659862,0.62726444
BiLSTM+Attention,test,77.688338_12.755492,2024-06-01,0.6323161,0.5944847
BiLSTM+Attention,test,77.688338_12.876765,2024-06-01,0.79443944,0.77933604
BiLSTM+Attention,test,77.688338_12.885748,2024-06-01,0.61753935,0.5916616
BiLSTM+Attention,test,77.688338_12.966596,2024-06-01,0.61806935,0.607836
BiLSTM+Attention,test,77.692829_12.746509,2024-06-01,0.5608644,0.51381844
BiLSTM+Attention,test,77.692829_12.800408,2024-06-01,0.59002846,0.54916686
BiLSTM+Attention,test,77.692829_12.845324,2024-06-01,0.64644337,0.6285122
BiLSTM+Attention,test,77.692829_12.885748,2024-06-01,0.6431633,0.6180115
BiLSTM+Attention,test,77.692829_12.899223,2024-06-01,0.56827915,0.53828907
BiLSTM+Attention,test,77.692829_13.047445,2024-06-01,0.7263689,0.7263978
BiLSTM+Attention,test,77.692829_13.06092,2024-06-01,0.6159275,0.5986704
BiLSTM+Attention,test,77.692829_13.065411,2024-06-01,0.56919515,0.551595
BiLSTM+Attention,test,77.692829_13.083377,2024-06-01,0.436288,0.40233916
BiLSTM+Attention,test,77.692829_13.096852,2024-06-01,0.41813564,0.38085112
BiLSTM+Attention,test,77.692829_13.132785,2024-06-01,0.39406183,0.3643226
BiLSTM+Attention,test,77.692829_13.155243,2024-06-01,0.43333638,0.39761275
BiLSTM+Attention,test,77.697321_12.697102,2024-06-01,0.821718,0.79667294
BiLSTM+Attention,test,77.697321_12.751001,2024-06-01,0.62458026,0.5852801
BiLSTM+Attention,test,77.697321_12.773459,2024-06-01,0.5918856,0.5425622
BiLSTM+Attention,test,77.697321_12.791425,2024-06-01,0.6749502,0.64180666
BiLSTM+Attention,test,77.697321_12.885748,2024-06-01,0.6465957,0.623048
BiLSTM+Attention,test,77.697321_12.894731,2024-06-01,0.58371186,0.5532563
BiLSTM+Attention,test,77.697321_12.930664,2024-06-01,0.58877885,0.5764016
BiLSTM+Attention,test,77.697321_12.966596,2024-06-01,0.5933496,0.5827051
BiLSTM+Attention,test,77.697321_13.132785,2024-06-01,0.39406183,0.3645371
BiLSTM+Attention,test,77.697321_13.150751,2024-06-01,0.4490669,0.4156329
BiLSTM+Attention,test,77.697321_13.1777,2024-06-01,0.5427342,0.5282205
BiLSTM+Attention,test,77.701812_12.742018,2024-06-01,0.6237112,0.57625645
BiLSTM+Attention,test,77.701812_12.77795,2024-06-01,0.59008235,0.54483557
BiLSTM+Attention,test,77.701812_12.8049,2024-06-01,0.6606734,0.62381434
BiLSTM+Attention,test,77.701812_12.822866,2024-06-01,0.6239549,0.582485
BiLSTM+Attention,test,77.701812_12.872273,2024-06-01,0.5790865,0.5520366
BiLSTM+Attention,test,77.701812_12.984563,2024-06-01,0.5216544,0.50206804
BiLSTM+Attention,test,77.701812_13.03397,2024-06-01,0.48710614,0.46306074
BiLSTM+Attention,test,77.701812_13.114818,2024-06-01,0.46594635,0.45742214
BiLSTM+Attention,test,77.701812_13.164226,2024-06-01,0.47482386,0.44766963
BiLSTM+Attention,test,77.706304_12.746509,2024-06-01,0.63693446,0.59150344
BiLSTM+Attention,test,77.706304_12.751001,2024-06-01,0.64366925,0.6052302
BiLSTM+Attention,test,77.706304_12.759984,2024-06-01,0.5604643,0.5010507
BiLSTM+Attention,test,77.706304_12.764475,2024-06-01,0.5979238,0.545225
BiLSTM+Attention,test,77.706304_12.86329,2024-06-01,0.53092563,0.49451214
BiLSTM+Attention,test,77.706304_12.984563,2024-06-01,0.5289715,0.5085797
BiLSTM+Attention,test,77.706304_13.038462,2024-06-01,0.49382034,0.4704123
BiLSTM+Attention,test,77.706304_13.042953,2024-06-01,0.545332,0.52933455
BiLSTM+Attention,test,77.706304_13.137276,2024-06-01,0.6414473,0.6372573
BiLSTM+Attention,test,77.710796_12.715068,2024-06-01,0.70089847,0.6619258
BiLSTM+Attention,test,77.710796_12.894731,2024-06-01,0.6614495,0.6427401
BiLSTM+Attention,test,77.710796_12.899223,2024-06-01,0.61057234,0.5922909
BiLSTM+Attention,test,77.710796_12.912697,2024-06-01,0.5272542,0.5032278
BiLSTM+Attention,test,77.710796_13.03397,2024-06-01,0.47870645,0.45389646
BiLSTM+Attention,test,77.710796_13.11931,2024-06-01,0.43679956,0.4263693
BiLSTM+Attention,test,77.710796_13.123802,2024-06-01,0.406192,0.39011568
BiLSTM+Attention,test,77.710796_13.132785,2024-06-01,0.43412656,0.4164245
BiLSTM+Attention,test,77.710796_13.150751,2024-06-01,0.4257039,0.39232644
BiLSTM+Attention,test,77.710796_13.168717,2024-06-01,0.4942687,0.4728374
BiLSTM+Attention,test,77.710796_13.173209,2024-06-01,0.5028838,0.47994125
BiLSTM+Attention,test,77.715287_12.679136,2024-06-01,0.7587609,0.73685646
BiLSTM+Attention,test,77.715287_12.742018,2024-06-01,0.6246673,0.57381016
BiLSTM+Attention,test,77.715287_12.773459,2024-06-01,0.5896743,0.530277
BiLSTM+Attention,test,77.715287_12.822866,2024-06-01,0.64280117,0.5983576
BiLSTM+Attention,test,77.715287_12.827358,2024-06-01,0.6110557,0.5651745
BiLSTM+Attention,test,77.715287_12.845324,2024-06-01,0.5587959,0.5188747
BiLSTM+Attention,test,77.715287_12.885748,2024-06-01,0.6298516,0.60423785
BiLSTM+Attention,test,77.715287_12.899223,2024-06-01,0.52653843,0.49817783
BiLSTM+Attention,test,77.715287_12.939647,2024-06-01,0.75163674,0.74235183
BiLSTM+Attention,test,77.715287_12.944139,2024-06-01,0.780467,0.77366436
BiLSTM+Attention,test,77.715287_12.94863,2024-06-01,0.62770563,0.62322253
BiLSTM+Attention,test,77.715287_13.016004,2024-06-01,0.5592961,0.5499107
BiLSTM+Attention,test,77.715287_13.029478,2024-06-01,0.44076726,0.4126944
BiLSTM+Attention,test,77.715287_13.038462,2024-06-01,0.5634119,0.55247957
BiLSTM+Attention,test,77.715287_13.051936,2024-06-01,0.55180633,0.53737926
BiLSTM+Attention,test,77.715287_13.056428,2024-06-01,0.48502326,0.4599203
BiLSTM+Attention,test,77.715287_13.096852,2024-06-01,0.366549,0.3532923
BiLSTM+Attention,test,77.715287_13.114818,2024-06-01,0.5018495,0.49683022
BiLSTM+Attention,test,77.715287_13.128293,2024-06-01,0.4467148,0.4296524
BiLSTM+Attention,test,77.719779_12.706085,2024-06-01,0.7166144,0.6690228
BiLSTM+Attention,test,77.719779_12.746509,2024-06-01,0.7474806,0.7123721
BiLSTM+Attention,test,77.719779_12.795916,2024-06-01,0.60871404,0.55995464
BiLSTM+Attention,test,77.719779_12.840832,2024-06-01,0.63974375,0.6063549
BiLSTM+Attention,test,77.719779_12.903714,2024-06-01,0.5243088,0.49281102
BiLSTM+Attention,test,77.719779_13.069903,2024-06-01,0.43700776,0.42292082
BiLSTM+Attention,test,77.719779_13.105835,2024-06-01,0.45995697,0.44619372
BiLSTM+Attention,test,77.719779_13.123802,2024-06-01,0.4294509,0.3953842
BiLSTM+Attention,test,77.719779_13.137276,2024-06-01,0.42250645,0.39900547
BiLSTM+Attention,test,77.719779_13.155243,2024-06-01,0.42623132,0.3972497
BiLSTM+Attention,test,77.72427_12.674644,2024-06-01,0.66565025,0.607797
BiLSTM+Attention,test,77.72427_12.697102,2024-06-01,0.5929768,0.53406286
BiLSTM+Attention,test,77.72427_12.701593,2024-06-01,0.619861,0.55964357
BiLSTM+Attention,test,77.72427_12.724051,2024-06-01,0.65619266,0.6023818
BiLSTM+Attention,test,77.72427_12.786933,2024-06-01,0.632798,0.5842787
BiLSTM+Attention,test,77.72427_12.791425,2024-06-01,0.631206,0.586571
BiLSTM+Attention,test,77.72427_12.840832,2024-06-01,0.6193957,0.58087635
BiLSTM+Attention,test,77.72427_12.867782,2024-06-01,0.5639039,0.5273075
BiLSTM+Attention,test,77.72427_12.885748,2024-06-01,0.60023654,0.57344955
BiLSTM+Attention,test,77.72427_13.024987,2024-06-01,0.74905163,0.74947494
BiLSTM+Attention,test,77.72427_13.06092,2024-06-01,0.45518717,0.44472468
BiLSTM+Attention,test,77.72427_13.074394,2024-06-01,0.46497416,0.45644236
BiLSTM+Attention,test,77.728762_12.706085,2024-06-01,0.69075453,0.6423189
BiLSTM+Attention,test,77.728762_12.724051,2024-06-01,0.72276723,0.6829075
BiLSTM+Attention,test,77.728762_12.759984,2024-06-01,0.6301268,0.5841428
BiLSTM+Attention,test,77.728762_12.782442,2024-06-01,0.65313965,0.60837364
BiLSTM+Attention,test,77.728762_12.809391,2024-06-01,0.64351434,0.59926337
BiLSTM+Attention,test,77.728762_12.858799,2024-06-01,0.63559943,0.61243784
BiLSTM+Attention,test,77.728762_12.876765,2024-06-01,0.64624333,0.6200914
BiLSTM+Attention,test,77.728762_12.885748,2024-06-01,0.58905154,0.5602414
BiLSTM+Attention,test,77.728762_13.016004,2024-06-01,0.7371311,0.73844236
BiLSTM+Attention,test,77.728762_13.047445,2024-06-01,0.53250873,0.5095131
BiLSTM+Attention,test,77.728762_13.087869,2024-06-01,0.48886752,0.48425335
BiLSTM+Attention,test,77.728762_13.092361,2024-06-01,0.45076057,0.43996498
BiLSTM+Attention,test,77.733253_12.755492,2024-06-01,0.60076153,0.5473656
BiLSTM+Attention,test,77.733253_12.795916,2024-06-01,0.6027568,0.55670947
BiLSTM+Attention,test,77.733253_12.86329,2024-06-01,0.6488433,0.6254866
BiLSTM+Attention,test,77.733253_12.872273,2024-06-01,0.6324112,0.6108574
BiLSTM+Attention,test,77.733253_12.998037,2024-06-01,0.64685094,0.6389087
BiLSTM+Attention,test,77.733253_13.056428,2024-06-01,0.431889,0.41769123
BiLSTM+Attention,test,77.737745_12.764475,2024-06-01,0.57857853,0.52033484
BiLSTM+Attention,test,77.737745_12.791425,2024-06-01,0.6215151,0.57811993
BiLSTM+Attention,test,77.737745_12.809391,2024-06-01,0.6172678,0.5695094
BiLSTM+Attention,test,77.737745_12.858799,2024-06-01,0.61462784,0.5872564
BiLSTM+Attention,test,77.737745_12.872273,2024-06-01,0.63980675,0.6120536
BiLSTM+Attention,test,77.737745_12.881256,2024-06-01,0.66006863,0.637437
BiLSTM+Attention,test,77.737745_13.051936,2024-06-01,0.455851,0.44462344
BiLSTM+Attention,test,77.737745_13.06092,2024-06-01,0.4607192,0.4469428
BiLSTM+Attention,test,77.737745_13.078886,2024-06-01,0.48772997,0.484286
BiLSTM+Attention,test,77.737745_13.101344,2024-06-01,0.41330114,0.39948553
BiLSTM+Attention,test,77.742237_12.697102,2024-06-01,0.7330207,0.7034044
BiLSTM+Attention,test,77.742237_12.764475,2024-06-01,0.5933328,0.540425
BiLSTM+Attention,test,77.742237_12.795916,2024-06-01,0.5879377,0.53775465
BiLSTM+Attention,test,77.742237_12.8049,2024-06-01,0.63073736,0.5891416
BiLSTM+Attention,test,77.742237_12.86329,2024-06-01,0.55465204,0.51264524
BiLSTM+Attention,test,77.742237_12.867782,2024-06-01,0.6447977,0.6143751
BiLSTM+Attention,test,77.742237_12.89024,2024-06-01,0.6456778,0.6196145
BiLSTM+Attention,test,77.742237_12.899223,2024-06-01,0.6262789,0.6030271
BiLSTM+Attention,test,77.742237_12.921681,2024-06-01,0.55871224,0.54176486
BiLSTM+Attention,test,77.742237_12.980071,2024-06-01,0.5977606,0.5853462
BiLSTM+Attention,test,77.742237_13.002529,2024-06-01,0.6144442,0.60167867
BiLSTM+Attention,test,77.742237_13.016004,2024-06-01,0.6175326,0.614141
BiLSTM+Attention,test,77.742237_13.038462,2024-06-01,0.44696862,0.41679972
BiLSTM+Attention,test,77.742237_13.074394,2024-06-01,0.41094062,0.40150368
BiLSTM+Attention,test,77.742237_13.078886,2024-06-01,0.47366136,0.46907884
BiLSTM+Attention,test,77.742237_13.101344,2024-06-01,0.4354686,0.4243938
BiLSTM+Attention,test,77.746728_12.751001,2024-06-01,0.6214499,0.57707334
BiLSTM+Attention,test,77.746728_12.764475,2024-06-01,0.6126635,0.56624097
BiLSTM+Attention,test,77.746728_12.782442,2024-06-01,0.64809424,0.60459787
BiLSTM+Attention,test,77.746728_12.97558,2024-06-01,0.6182898,0.6035809
BiLSTM+Attention,test,77.746728_12.984563,2024-06-01,0.6084209,0.5950405
BiLSTM+Attention,test,77.746728_13.016004,2024-06-01,0.62962174,0.61739016
BiLSTM+Attention,test,77.746728_13.020495,2024-06-01,0.6580962,0.64896005
BiLSTM+Attention,test,77.746728_13.024987,2024-06-01,0.56755924,0.5537828
BiLSTM+Attention,test,77.746728_13.038462,2024-06-01,0.47546157,0.44941127
BiLSTM+Attention,test,77.746728_13.06092,2024-06-01,0.42080998,0.40599772
BiLSTM+Attention,test,77.746728_13.083377,2024-06-01,0.47295853,0.46582764
BiLSTM+Attention,test,77.746728_13.092361,2024-06-01,0.43069094,0.41651627
BiLSTM+Attention,test,77.75122_12.751001,2024-06-01,0.6111694,0.5587249
BiLSTM+Attention,test,77.75122_12.755492,2024-06-01,0.655271,0.61310047
BiLSTM+Attention,test,77.75122_12.768967,2024-06-01,0.5763713,0.51835054
BiLSTM+Attention,test,77.75122_12.77795,2024-06-01,0.6146662,0.56143004
BiLSTM+Attention,test,77.75122_12.894731,2024-06-01,0.56846786,0.53873926
BiLSTM+Attention,test,77.75122_12.993546,2024-06-01,0.54907197,0.5313089
BiLSTM+Attention,test,77.75122_13.020495,2024-06-01,0.5912101,0.5789513
BiLSTM+Attention,test,77.75122_13.03397,2024-06-01,0.4864033,0.46258992
BiLSTM+Attention,test,77.75122_13.038462,2024-06-01,0.45553446,0.42745316
BiLSTM+Attention,test,77.755711_12.706085,2024-06-01,0.64821184,0.5932533
BiLSTM+Attention,test,77.755711_12.764475,2024-06-01,0.80937755,0.789981
BiLSTM+Attention,test,77.755711_12.77795,2024-06-01,0.59742486,0.54374903
BiLSTM+Attention,test,77.755711_12.822866,2024-06-01,0.5950801,0.56181246
BiLSTM+Attention,test,77.755711_12.831849,2024-06-01,0.56946343,0.5313827
BiLSTM+Attention,test,77.755711_12.858799,2024-06-01,0.6175535,0.5918861
BiLSTM+Attention,test,77.755711_12.885748,2024-06-01,0.60501164,0.578641
BiLSTM+Attention,test,77.755711_12.899223,2024-06-01,0.5355059,0.4972005
BiLSTM+Attention,test,77.755711_12.903714,2024-06-01,0.59016126,0.5537288
BiLSTM+Attention,test,77.755711_12.926172,2024-06-01,0.5943965,0.5786545
BiLSTM+Attention,test,77.760203_12.751001,2024-06-01,0.60769624,0.55873626
BiLSTM+Attention,test,77.760203_12.795916,2024-06-01,0.5888608,0.534454
BiLSTM+Attention,test,77.760203_12.818374,2024-06-01,0.6717154,0.64284986
BiLSTM+Attention,test,77.760203_12.867782,2024-06-01,0.57601285,0.54697204
BiLSTM+Attention,test,77.760203_12.872273,2024-06-01,0.58828735,0.5626589
BiLSTM+Attention,test,77.760203_12.876765,2024-06-01,0.5594435,0.53061736
BiLSTM+Attention,test,77.760203_12.885748,2024-06-01,0.57560265,0.54099876
BiLSTM+Attention,test,77.760203_12.984563,2024-06-01,0.60690314,0.5940534
BiLSTM+Attention,test,77.764695_12.742018,2024-06-01,0.7205041,0.679411
BiLSTM+Attention,test,77.764695_12.746509,2024-06-01,0.70809954,0.6647578
BiLSTM+Attention,test,77.764695_12.813883,2024-06-01,0.6347937,0.59089804
BiLSTM+Attention,test,77.764695_12.849815,2024-06-01,0.60256577,0.5703153
BiLSTM+Attention,test,77.764695_12.885748,2024-06-01,0.6002667,0.5689535
BiLSTM+Attention,test,77.764695_12.912697,2024-06-01,0.5903024,0.56643224
BiLSTM+Attention,test,77.764695_13.03397,2024-06-01,0.43447706,0.40472996
BiLSTM+Attention,test,77.769186_12.751001,2024-06-01,0.73078716,0.6958149
BiLSTM+Attention,test,77.769186_12.791425,2024-06-01,0.5785228,0.5235033
BiLSTM+Attention,test,77.769186_12.800408,2024-06-01,0.63116825,0.5929122
BiLSTM+Attention,test,77.769186_12.8049,2024-06-01,0.66396284,0.6275457
BiLSTM+Attention,test,77.769186_12.809391,2024-06-01,0.6002865,0.55318296
BiLSTM+Attention,test,77.769186_12.876765,2024-06-01,0.61851513,0.59629124
BiLSTM+Attention,test,77.769186_12.894731,2024-06-01,0.5808407,0.55171
BiLSTM+Attention,test,77.769186_13.016004,2024-06-01,0.54464126,0.52988845
BiLSTM+Attention,test,77.773678_12.746509,2024-06-01,0.72440815,0.6801758
BiLSTM+Attention,test,77.773678_12.858799,2024-06-01,0.56046855,0.52822846
BiLSTM+Attention,test,77.773678_12.885748,2024-06-01,0.5715399,0.538561
BiLSTM+Attention,test,77.773678_12.899223,2024-06-01,0.5478864,0.5103956
BiLSTM+Attention,test,77.773678_12.908206,2024-06-01,0.58562946,0.54969025
BiLSTM+Attention,test,77.778169_12.809391,2024-06-01,0.56257427,0.5105562
BiLSTM+Attention,test,77.778169_12.885748,2024-06-01,0.59012735,0.563549
BiLSTM+Attention,test,77.782661_12.786933,2024-06-01,0.580558,0.52748597
BiLSTM+Attention,test,77.782661_12.791425,2024-06-01,0.60855573,0.5608551
BiLSTM+Attention,test,77.782661_12.89024,2024-06-01,0.5830532,0.55517894
BiLSTM+Attention,test,77.787152_12.786933,2024-06-01,0.5944078,0.54437435
BiLSTM+Attention,test,77.787152_12.849815,2024-06-01,0.56258917,0.5248712
BiLSTM+Attention,test,77.787152_12.867782,2024-06-01,0.57298046,0.5387347
BiLSTM+Attention,test,77.791644_12.8049,2024-06-01,0.59397006,0.5488557
BiLSTM+Attention,test,77.791644_12.899223,2024-06-01,0.5717892,0.5346887
BiLSTM+Attention,test,77.796136_12.854307,2024-06-01,0.56109023,0.5213202
BiLSTM+Attention,test,77.796136_12.885748,2024-06-01,0.6239016,0.5903575
BiLSTM+Attention,test,77.800627_12.876765,2024-06-01,0.61675656,0.58218294
BiLSTM+Attention,test,77.800627_12.885748,2024-06-01,0.58417135,0.54714745
BiLSTM+Attention,test,77.805119_12.876765,2024-06-01,0.62414575,0.5897704
BiLSTM+Attention,test,77.805119_12.89024,2024-06-01,0.6132581,0.5742683
BiLSTM+Attention,test,77.80961_12.858799,2024-06-01,0.62934864,0.59404635
BiLSTM+Attention,test,77.80961_12.86329,2024-06-01,0.6077703,0.5750974
BiLSTM+Attention,test,77.329012_12.944139,2024-07-01,0.5585382,0.5193784
BiLSTM+Attention,test,77.329012_12.962105,2024-07-01,0.7186689,0.7020769
BiLSTM+Attention,test,77.337995_12.921681,2024-07-01,0.6682449,0.65599585
BiLSTM+Attention,test,77.342486_12.926172,2024-07-01,0.71417874,0.7077228
BiLSTM+Attention,test,77.342486_12.935155,2024-07-01,0.73823994,0.72352844
BiLSTM+Attention,test,77.342486_12.944139,2024-07-01,0.70666045,0.68837315
BiLSTM+Attention,test,77.346978_12.86329,2024-07-01,0.6056805,0.5790073
BiLSTM+Attention,test,77.346978_12.962105,2024-07-01,0.555446,0.51696724
BiLSTM+Attention,test,77.351469_12.89024,2024-07-01,0.548699,0.558662
BiLSTM+Attention,test,77.351469_12.930664,2024-07-01,0.70633847,0.72833437
BiLSTM+Attention,test,77.351469_12.939647,2024-07-01,0.7121877,0.70959926
BiLSTM+Attention,test,77.355961_12.899223,2024-07-01,0.5635688,0.57167983
BiLSTM+Attention,test,77.355961_12.94863,2024-07-01,0.497934,0.49413228
BiLSTM+Attention,test,77.355961_12.962105,2024-07-01,0.7288086,0.71552765
BiLSTM+Attention,test,77.360453_12.867782,2024-07-01,0.4954206,0.4536013
BiLSTM+Attention,test,77.360453_12.908206,2024-07-01,0.5840332,0.60043406
BiLSTM+Attention,test,77.360453_12.926172,2024-07-01,0.702365,0.72504526
BiLSTM+Attention,test,77.364944_12.854307,2024-07-01,0.5239509,0.4924307
BiLSTM+Attention,test,77.364944_12.962105,2024-07-01,0.5226999,0.47964114
BiLSTM+Attention,test,77.369436_12.881256,2024-07-01,0.53637785,0.49951595
BiLSTM+Attention,test,77.369436_12.89024,2024-07-01,0.5341096,0.49915737
BiLSTM+Attention,test,77.369436_12.935155,2024-07-01,0.4853005,0.4432148
BiLSTM+Attention,test,77.369436_12.998037,2024-07-01,0.53238994,0.4820292
BiLSTM+Attention,test,77.369436_13.007021,2024-07-01,0.57735527,0.5341934
BiLSTM+Attention,test,77.373927_12.912697,2024-07-01,0.60046357,0.60919875
BiLSTM+Attention,test,77.373927_12.971088,2024-07-01,0.5161573,0.46837205
BiLSTM+Attention,test,77.373927_13.011512,2024-07-01,0.5283481,0.4825713
BiLSTM+Attention,test,77.373927_13.016004,2024-07-01,0.5126481,0.4652292
BiLSTM+Attention,test,77.378419_12.966596,2024-07-01,0.48097938,0.43442637
BiLSTM+Attention,test,77.382911_12.894731,2024-07-01,0.57757354,0.5487646
BiLSTM+Attention,test,77.382911_12.953122,2024-07-01,0.54071844,0.5052871
BiLSTM+Attention,test,77.382911_12.957613,2024-07-01,0.53534734,0.49750543
BiLSTM+Attention,test,77.387402_12.962105,2024-07-01,0.5261903,0.48601532
BiLSTM+Attention,test,77.387402_12.97558,2024-07-01,0.524333,0.48572922
BiLSTM+Attention,test,77.387402_12.980071,2024-07-01,0.5268536,0.4921797
BiLSTM+Attention,test,77.391894_12.867782,2024-07-01,0.5455288,0.55081373
BiLSTM+Attention,test,77.391894_12.881256,2024-07-01,0.5440683,0.5283772
BiLSTM+Attention,test,77.391894_12.885748,2024-07-01,0.5762313,0.55456567
BiLSTM+Attention,test,77.396385_12.894731,2024-07-01,0.5792526,0.5510305
BiLSTM+Attention,test,77.396385_12.908206,2024-07-01,0.53763425,0.5001007
BiLSTM+Attention,test,77.396385_12.944139,2024-07-01,0.5809348,0.5498037
BiLSTM+Attention,test,77.396385_12.971088,2024-07-01,0.49702924,0.45692867
BiLSTM+Attention,test,77.396385_12.97558,2024-07-01,0.4704158,0.43676066
BiLSTM+Attention,test,77.396385_13.029478,2024-07-01,0.41698965,0.3684122
BiLSTM+Attention,test,77.400877_12.957613,2024-07-01,0.54089653,0.5109027
BiLSTM+Attention,test,77.400877_12.966596,2024-07-01,0.4938809,0.45894003
BiLSTM+Attention,test,77.400877_13.029478,2024-07-01,0.40465036,0.35656303
BiLSTM+Attention,test,77.405368_12.881256,2024-07-01,0.47319573,0.45704353
BiLSTM+Attention,test,77.405368_12.89024,2024-07-01,0.49605876,0.48817015
BiLSTM+Attention,test,77.405368_12.903714,2024-07-01,0.50098366,0.45411205
BiLSTM+Attention,test,77.405368_12.930664,2024-07-01,0.5895477,0.59585375
BiLSTM+Attention,test,77.405368_12.998037,2024-07-01,0.51187354,0.48216295
BiLSTM+Attention,test,77.405368_13.105835,2024-07-01,0.44037783,0.4016108
BiLSTM+Attention,test,77.405368_13.11931,2024-07-01,0.40273649,0.36106694
BiLSTM+Attention,test,77.40986_12.872273,2024-07-01,0.43862194,0.40969735
BiLSTM+Attention,test,77.40986_12.881256,2024-07-01,0.44065893,0.4247817
BiLSTM+Attention,test,77.40986_12.962105,2024-07-01,0.55018145,0.5266821
BiLSTM+Attention,test,77.414352_12.930664,2024-07-01,0.56649894,0.5376988
BiLSTM+Attention,test,77.414352_12.989054,2024-07-01,0.48409256,0.44440413
BiLSTM+Attention,test,77.414352_12.993546,2024-07-01,0.49174824,0.4511823
BiLSTM+Attention,test,77.414352_13.03397,2024-07-01,0.46182027,0.41427827
BiLSTM+Attention,test,77.414352_13.096852,2024-07-01,0.4293144,0.3761501
BiLSTM+Attention,test,77.414352_13.11931,2024-07-01,0.42199633,0.37911618
BiLSTM+Attention,test,77.418843_12.876765,2024-07-01,0.4542689,0.4323718
BiLSTM+Attention,test,77.418843_12.89024,2024-07-01,0.48246148,0.4710313
BiLSTM+Attention,test,77.418843_12.94863,2024-07-01,0.5472037,0.5294685
BiLSTM+Attention,test,77.418843_12.971088,2024-07-01,0.5099799,0.48204362
BiLSTM+Attention,test,77.418843_12.993546,2024-07-01,0.5200394,0.49088997
BiLSTM+Attention,test,77.418843_13.016004,2024-07-01,0.48593566,0.4407616
BiLSTM+Attention,test,77.418843_13.024987,2024-07-01,0.47706735,0.42764246
BiLSTM+Attention,test,77.418843_13.029478,2024-07-01,0.47659832,0.42598283
BiLSTM+Attention,test,77.418843_13.146259,2024-07-01,0.38720405,0.35160968
BiLSTM+Attention,test,77.423335_12.876765,2024-07-01,0.45604715,0.45323128
BiLSTM+Attention,test,77.423335_12.921681,2024-07-01,0.5703174,0.5441278
BiLSTM+Attention,test,77.423335_12.930664,2024-07-01,0.52243847,0.5249582
BiLSTM+Attention,test,77.423335_13.002529,2024-07-01,0.57046425,0.5393628
BiLSTM+Attention,test,77.423335_13.092361,2024-07-01,0.36373466,0.33677444
BiLSTM+Attention,test,77.423335_13.141768,2024-07-01,0.4328232,0.40114084
BiLSTM+Attention,test,77.423335_13.150751,2024-07-01,0.39595947,0.3532027
BiLSTM+Attention,test,77.427826_12.845324,2024-07-01,0.39803103,0.3843323
BiLSTM+Attention,test,77.427826_12.858799,2024-07-01,0.45074767,0.44350678
BiLSTM+Attention,test,77.427826_12.930664,2024-07-01,0.52992415,0.53179675
BiLSTM+Attention,test,77.427826_12.939647,2024-07-01,0.49914965,0.47263342
BiLSTM+Attention,test,77.427826_12.944139,2024-07-01,0.5125326,0.49116576
BiLSTM+Attention,test,77.427826_13.020495,2024-07-01,0.4876032,0.4493016
BiLSTM+Attention,test,77.427826_13.024987,2024-07-01,0.47849202,0.42981255
BiLSTM+Attention,test,77.427826_13.110327,2024-07-01,0.4436994,0.39646447
BiLSTM+Attention,test,77.427826_13.132785,2024-07-01,0.49892378,0.4591061
BiLSTM+Attention,test,77.432318_12.858799,2024-07-01,0.46534064,0.45719188
BiLSTM+Attention,test,77.432318_12.86329,2024-07-01,0.47146222,0.46335787
BiLSTM+Attention,test,77.432318_12.867782,2024-07-01,0.46312007,0.45237172
BiLSTM+Attention,test,77.432318_12.881256,2024-07-01,0.5058489,0.50072414
BiLSTM+Attention,test,77.432318_12.885748,2024-07-01,0.59593314,0.5977508
BiLSTM+Attention,test,77.432318_12.957613,2024-07-01,0.5078081,0.47110862
BiLSTM+Attention,test,77.432318_12.998037,2024-07-01,0.43889838,0.40118468
BiLSTM+Attention,test,77.432318_13.087869,2024-07-01,0.43878582,0.40302497
BiLSTM+Attention,test,77.432318_13.092361,2024-07-01,0.39516056,0.36632928
BiLSTM+Attention,test,77.436809_12.818374,2024-07-01,0.6148526,0.58290476
BiLSTM+Attention,test,77.436809_12.840832,2024-07-01,0.51276135,0.50343996
BiLSTM+Attention,test,77.436809_12.854307,2024-07-01,0.47895738,0.47483236
BiLSTM+Attention,test,77.436809_12.912697,2024-07-01,0.6207083,0.6052425
BiLSTM+Attention,test,77.436809_12.926172,2024-07-01,0.55363727,0.53820384
BiLSTM+Attention,test,77.436809_12.944139,2024-07-01,0.5285715,0.500541
BiLSTM+Attention,test,77.436809_13.03397,2024-07-01,0.46154845,0.4207816
BiLSTM+Attention,test,77.441301_12.818374,2024-07-01,0.60418236,0.60118204
BiLSTM+Attention,test,77.441301_12.831849,2024-07-01,0.4975265,0.49344277
BiLSTM+Attention,test,77.441301_12.836341,2024-07-01,0.5264352,0.5171178
BiLSTM+Attention,test,77.441301_12.840832,2024-07-01,0.4997509,0.48569202
BiLSTM+Attention,test,77.441301_12.944139,2024-07-01,0.56593186,0.54226124
BiLSTM+Attention,test,77.441301_12.94863,2024-07-01,0.51993924,0.49438196
BiLSTM+Attention,test,77.441301_13.056428,2024-07-01,0.43827567,0.40815786
BiLSTM+Attention,test,77.441301_13.069903,2024-07-01,0.45503002,0.42176652
BiLSTM+Attention,test,77.441301_13.083377,2024-07-01,0.44450015,0.4084947
BiLSTM+Attention,test,77.441301_13.110327,2024-07-01,0.43360668,0.38821644
BiLSTM+Attention,test,77.445793_12.840832,2024-07-01,0.57241064,0.56652236
BiLSTM+Attention,test,77.445793_12.86329,2024-07-01,0.5878652,0.5972254
BiLSTM+Attention,test,77.445793_12.867782,2024-07-01,0.56708884,0.5767357
BiLSTM+Attention,test,77.445793_12.912697,2024-07-01,0.526623,0.5048885
BiLSTM+Attention,test,77.445793_12.957613,2024-07-01,0.50844616,0.4745083
BiLSTM+Attention,test,77.445793_12.984563,2024-07-01,0.5264299,0.49531043
BiLSTM+Attention,test,77.450284_12.809391,2024-07-01,0.5899657,0.54676116
BiLSTM+Attention,test,77.450284_12.872273,2024-07-01,0.56658727,0.5727536
BiLSTM+Attention,test,77.450284_12.89024,2024-07-01,0.5447281,0.56910443
BiLSTM+Attention,test,77.450284_12.971088,2024-07-01,0.4959288,0.4713593
BiLSTM+Attention,test,77.450284_12.993546,2024-07-01,0.40772527,0.3724636
BiLSTM+Attention,test,77.450284_13.029478,2024-07-01,0.4489744,0.4114291
BiLSTM+Attention,test,77.450284_13.047445,2024-07-01,0.461518,0.4257884
BiLSTM+Attention,test,77.450284_13.146259,2024-07-01,0.5082304,0.47397435
BiLSTM+Attention,test,77.454776_12.809391,2024-07-01,0.5253467,0.51327443
BiLSTM+Attention,test,77.454776_12.885748,2024-07-01,0.5484975,0.54927814
BiLSTM+Attention,test,77.454776_12.980071,2024-07-01,0.4391872,0.41245025
BiLSTM+Attention,test,77.454776_12.993546,2024-07-01,0.4335963,0.39347276
BiLSTM+Attention,test,77.454776_13.078886,2024-07-01,0.4603027,0.4140922
BiLSTM+Attention,test,77.454776_13.087869,2024-07-01,0.41424146,0.3790186
BiLSTM+Attention,test,77.454776_13.114818,2024-07-01,0.5002699,0.46161908
BiLSTM+Attention,test,77.454776_13.141768,2024-07-01,0.51161474,0.48280483
BiLSTM+Attention,test,77.459267_12.8049,2024-07-01,0.5943096,0.5946346
BiLSTM+Attention,test,77.459267_12.822866,2024-07-01,0.5874637,0.54882276
BiLSTM+Attention,test,77.459267_12.845324,2024-07-01,0.56033784,0.5525575
BiLSTM+Attention,test,77.459267_12.872273,2024-07-01,0.5715622,0.54701036
BiLSTM+Attention,test,77.459267_12.903714,2024-07-01,0.52493316,0.49425822
BiLSTM+Attention,test,77.459267_12.926172,2024-07-01,0.5478894,0.53462
BiLSTM+Attention,test,77.459267_12.97558,2024-07-01,0.45391747,0.433718
BiLSTM+Attention,test,77.459267_13.016004,2024-07-01,0.41192612,0.3820451
BiLSTM+Attention,test,77.459267_13.020495,2024-07-01,0.41791677,0.37864262
BiLSTM+Attention,test,77.459267_13.11931,2024-07-01,0.49164557,0.4574865
BiLSTM+Attention,test,77.463759_12.813883,2024-07-01,0.5055749,0.49857378
BiLSTM+Attention,test,77.463759_12.836341,2024-07-01,0.5573337,0.5546827
BiLSTM+Attention,test,77.463759_12.86329,2024-07-01,0.57422966,0.58445424
BiLSTM+Attention,test,77.463759_12.867782,2024-07-01,0.5791541,0.5609862
BiLSTM+Attention,test,77.463759_12.872273,2024-07-01,0.554935,0.5372002
BiLSTM+Attention,test,77.463759_12.881256,2024-07-01,0.6175419,0.5861396
BiLSTM+Attention,test,77.463759_12.885748,2024-07-01,0.61039746,0.5931199
BiLSTM+Attention,test,77.463759_12.894731,2024-07-01,0.55000585,0.5317014
BiLSTM+Attention,test,77.463759_12.899223,2024-07-01,0.5526131,0.53849417
BiLSTM+Attention,test,77.463759_12.917189,2024-07-01,0.49627253,0.48234951
BiLSTM+Attention,test,77.463759_12.953122,2024-07-01,0.75087166,0.7509299
BiLSTM+Attention,test,77.463759_13.03397,2024-07-01,0.41682687,0.37479508
BiLSTM+Attention,test,77.463759_13.078886,2024-07-01,0.52877134,0.49233294
BiLSTM+Attention,test,77.46825_12.827358,2024-07-01,0.46991968,0.45423937
BiLSTM+Attention,test,77.46825_12.836341,2024-07-01,0.5647229,0.56184936
BiLSTM+Attention,test,77.46825_12.894731,2024-07-01,0.5301478,0.5102608
BiLSTM+Attention,test,77.46825_12.94863,2024-07-01,0.59926593,0.5825852
BiLSTM+Attention,test,77.46825_12.953122,2024-07-01,0.52593094,0.51055807
BiLSTM+Attention,test,77.46825_12.966596,2024-07-01,0.51274836,0.49253255
BiLSTM+Attention,test,77.46825_13.007021,2024-07-01,0.4245771,0.39401627
BiLSTM+Attention,test,77.46825_13.020495,2024-07-01,0.50204724,0.46445203
BiLSTM+Attention,test,77.46825_13.114818,2024-07-01,0.5412145,0.5063377
BiLSTM+Attention,test,77.46825_13.150751,2024-07-01,0.45185798,0.40928724
BiLSTM+Attention,test,77.46825_13.1777,2024-07-01,0.5368319,0.501025
BiLSTM+Attention,test,77.472742_12.746509,2024-07-01,0.66154504,0.6076372
BiLSTM+Attention,test,77.472742_12.751001,2024-07-01,0.6153542,0.5564878
BiLSTM+Attention,test,77.472742_12.755492,2024-07-01,0.6323668,0.5840935
BiLSTM+Attention,test,77.472742_12.795916,2024-07-01,0.53934795,0.5243344
BiLSTM+Attention,test,77.472742_12.836341,2024-07-01,0.5547818,0.54880786
BiLSTM+Attention,test,77.472742_12.984563,2024-07-01,0.474656,0.4547094
BiLSTM+Attention,test,77.472742_13.087869,2024-07-01,0.47318834,0.44434375
BiLSTM+Attention,test,77.477234_12.764475,2024-07-01,0.6267219,0.58391666
BiLSTM+Attention,test,77.477234_12.782442,2024-07-01,0.56253946,0.5115228
BiLSTM+Attention,test,77.477234_12.840832,2024-07-01,0.556533,0.5566866
BiLSTM+Attention,test,77.477234_12.899223,2024-07-01,0.49044114,0.46251297
BiLSTM+Attention,test,77.477234_12.935155,2024-07-01,0.6170219,0.6150466
BiLSTM+Attention,test,77.477234_12.944139,2024-07-01,0.5558531,0.53336257
BiLSTM+Attention,test,77.477234_12.94863,2024-07-01,0.5666953,0.5505961
BiLSTM+Attention,test,77.477234_12.971088,2024-07-01,0.5254172,0.5040776
BiLSTM+Attention,test,77.477234_13.002529,2024-07-01,0.420138,0.40038374
BiLSTM+Attention,test,77.477234_13.056428,2024-07-01,0.4722581,0.45052993
BiLSTM+Attention,test,77.481725_12.737526,2024-07-01,0.63186425,0.5884093
BiLSTM+Attention,test,77.481725_12.768967,2024-07-01,0.62166095,0.57232755
BiLSTM+Attention,test,77.481725_12.831849,2024-07-01,0.4985237,0.4908622
BiLSTM+Attention,test,77.481725_12.89024,2024-07-01,0.5697099,0.5562379
BiLSTM+Attention,test,77.481725_12.894731,2024-07-01,0.53688216,0.5124891
BiLSTM+Attention,test,77.481725_12.944139,2024-07-01,0.5686374,0.54814565
BiLSTM+Attention,test,77.481725_12.971088,2024-07-01,0.4502108,0.42204326
BiLSTM+Attention,test,77.481725_12.980071,2024-07-01,0.50490224,0.48306584
BiLSTM+Attention,test,77.481725_13.024987,2024-07-01,0.4709974,0.44609502
BiLSTM+Attention,test,77.481725_13.03397,2024-07-01,0.46050444,0.41850346
BiLSTM+Attention,test,77.481725_13.096852,2024-07-01,0.5565207,0.5424986
BiLSTM+Attention,test,77.481725_13.137276,2024-07-01,0.640615,0.6339819
BiLSTM+Attention,test,77.486217_12.764475,2024-07-01,0.6165634,0.5636489
BiLSTM+Attention,test,77.486217_12.872273,2024-07-01,0.5263528,0.50814223
BiLSTM+Attention,test,77.486217_12.939647,2024-07-01,0.57535934,0.56897086
BiLSTM+Attention,test,77.486217_12.998037,2024-07-01,0.46756637,0.4605283
BiLSTM+Attention,test,77.486217_13.042953,2024-07-01,0.5310971,0.50525117
BiLSTM+Attention,test,77.486217_13.06092,2024-07-01,0.5368978,0.5209601
BiLSTM+Attention,test,77.486217_13.114818,2024-07-01,0.48167896,0.44222984
BiLSTM+Attention,test,77.486217_13.11931,2024-07-01,0.49895385,0.46312135
BiLSTM+Attention,test,77.490708_12.768967,2024-07-01,0.60831773,0.56064135
BiLSTM+Attention,test,77.490708_12.8049,2024-07-01,0.5568005,0.5525606
BiLSTM+Attention,test,77.490708_12.849815,2024-07-01,0.59673357,0.5861924
BiLSTM+Attention,test,77.490708_12.89024,2024-07-01,0.5287571,0.5085721
BiLSTM+Attention,test,77.490708_13.051936,2024-07-01,0.5977463,0.5772294
BiLSTM+Attention,test,77.490708_13.087869,2024-07-01,0.5387875,0.50372314
BiLSTM+Attention,test,77.490708_13.092361,2024-07-01,0.5342656,0.5021227
BiLSTM+Attention,test,77.490708_13.096852,2024-07-01,0.56433934,0.5388734
BiLSTM+Attention,test,77.490708_13.182192,2024-07-01,0.57532126,0.55161273
BiLSTM+Attention,test,77.490708_13.209142,2024-07-01,0.5303256,0.49678898
BiLSTM+Attention,test,77.4952_12.786933,2024-07-01,0.5686234,0.5284671
BiLSTM+Attention,test,77.4952_12.836341,2024-07-01,0.55315596,0.52880025
BiLSTM+Attention,test,77.4952_12.899223,2024-07-01,0.5759997,0.56064594
BiLSTM+Attention,test,77.4952_12.962105,2024-07-01,0.5594898,0.55609417
BiLSTM+Attention,test,77.4952_13.020495,2024-07-01,0.52586204,0.49351174
BiLSTM+Attention,test,77.4952_13.024987,2024-07-01,0.51548636,0.486228
BiLSTM+Attention,test,77.4952_13.03397,2024-07-01,0.5687102,0.5460915
BiLSTM+Attention,test,77.4952_13.087869,2024-07-01,0.5130507,0.47107565
BiLSTM+Attention,test,77.4952_13.092361,2024-07-01,0.5394994,0.5082521
BiLSTM+Attention,test,77.4952_13.182192,2024-07-01,0.57487625,0.55207086
BiLSTM+Attention,test,77.499692_12.755492,2024-07-01,0.67419934,0.6296068
BiLSTM+Attention,test,77.499692_12.858799,2024-07-01,0.6442246,0.6384662
BiLSTM+Attention,test,77.499692_12.899223,2024-07-01,0.5350447,0.5428302
BiLSTM+Attention,test,77.499692_12.984563,2024-07-01,0.5097216,0.5003236
BiLSTM+Attention,test,77.499692_13.114818,2024-07-01,0.5008423,0.46264386
BiLSTM+Attention,test,77.499692_13.137276,2024-07-01,0.49375996,0.45724183
BiLSTM+Attention,test,77.499692_13.168717,2024-07-01,0.6237212,0.6119272
BiLSTM+Attention,test,77.504183_12.764475,2024-07-01,0.67923784,0.6447608
BiLSTM+Attention,test,77.504183_12.786933,2024-07-01,0.63667023,0.602971
BiLSTM+Attention,test,77.504183_12.818374,2024-07-01,0.5938255,0.57185805
BiLSTM+Attention,test,77.504183_12.854307,2024-07-01,0.5861622,0.56860393
BiLSTM+Attention,test,77.504183_12.858799,2024-07-01,0.6429883,0.63014275
BiLSTM+Attention,test,77.504183_12.953122,2024-07-01,0.54787356,0.53903776
BiLSTM+Attention,test,77.504183_13.083377,2024-07-01,0.5712427,0.54424113
BiLSTM+Attention,test,77.504183_13.141768,2024-07-01,0.57092744,0.5467306
BiLSTM+Attention,test,77.504183_13.159734,2024-07-01,0.6543768,0.6405686
BiLSTM+Attention,test,77.504183_13.195667,2024-07-01,0.5075349,0.47558326
BiLSTM+Attention,test,77.508675_12.751001,2024-07-01,0.67908245,0.6416583
BiLSTM+Attention,test,77.508675_12.795916,2024-07-01,0.66404444,0.63474405
BiLSTM+Attention,test,77.508675_12.831849,2024-07-01,0.5941886,0.5699486
BiLSTM+Attention,test,77.508675_12.836341,2024-07-01,0.6193842,0.59813035
BiLSTM+Attention,test,77.508675_12.845324,2024-07-01,0.5838854,0.5738598
BiLSTM+Attention,test,77.508675_12.903714,2024-07-01,0.5006183,0.4847629
BiLSTM+Attention,test,77.508675_12.912697,2024-07-01,0.54294235,0.53335637
BiLSTM+Attention,test,77.508675_12.917189,2024-07-01,0.61822987,0.60029274
BiLSTM+Attention,test,77.508675_13.114818,2024-07-01,0.46205607,0.4155699
BiLSTM+Attention,test,77.508675_13.137276,2024-07-01,0.52025163,0.4861815
BiLSTM+Attention,test,77.508675_13.159734,2024-07-01,0.6398945,0.6226913
BiLSTM+Attention,test,77.508675_13.191175,2024-07-01,0.53179556,0.5037694
BiLSTM+Attention,test,77.513166_12.746509,2024-07-01,0.7759705,0.7583081
BiLSTM+Attention,test,77.513166_12.764475,2024-07-01,0.6422289,0.59656894
BiLSTM+Attention,test,77.513166_12.77795,2024-07-01,0.7353238,0.7071389
BiLSTM+Attention,test,77.513166_12.822866,2024-07-01,0.6662487,0.6507613
BiLSTM+Attention,test,77.513166_12.908206,2024-07-01,0.5023007,0.49217176
BiLSTM+Attention,test,77.513166_13.087869,2024-07-01,0.56603307,0.54538053
BiLSTM+Attention,test,77.513166_13.096852,2024-07-01,0.6298987,0.6222033
BiLSTM+Attention,test,77.513166_13.137276,2024-07-01,0.47950047,0.43932688
BiLSTM+Attention,test,77.513166_13.1777,2024-07-01,0.5520905,0.5308475
BiLSTM+Attention,test,77.517658_12.764475,2024-07-01,0.6562249,0.64730215
BiLSTM+Attention,test,77.517658_12.77795,2024-07-01,0.71069324,0.67705333
BiLSTM+Attention,test,77.517658_12.782442,2024-07-01,0.7022682,0.6805316
BiLSTM+Attention,test,77.517658_12.795916,2024-07-01,0.6723961,0.6358338
BiLSTM+Attention,test,77.517658_12.827358,2024-07-01,0.5935534,0.5699075
BiLSTM+Attention,test,77.517658_12.849815,2024-07-01,0.5884633,0.5738462
BiLSTM+Attention,test,77.517658_12.885748,2024-07-01,0.5630756,0.5744014
BiLSTM+Attention,test,77.517658_12.89024,2024-07-01,0.5545935,0.55715877
BiLSTM+Attention,test,77.517658_12.899223,2024-07-01,0.5473077,0.55423415
BiLSTM+Attention,test,77.517658_12.998037,2024-07-01,0.58465695,0.57191545
BiLSTM+Attention,test,77.517658_13.11931,2024-07-01,0.42397612,0.38596293
BiLSTM+Attention,test,77.517658_13.182192,2024-07-01,0.5611408,0.5323212
BiLSTM+Attention,test,77.517658_13.186684,2024-07-01,0.5644131,0.5447818
BiLSTM+Attention,test,77.517658_13.191175,2024-07-01,0.5080546,0.481435
BiLSTM+Attention,test,77.522149_12.751001,2024-07-01,0.68868136,0.70095956
BiLSTM+Attention,test,77.522149_12.755492,2024-07-01,0.66472924,0.6690452
BiLSTM+Attention,test,77.522149_12.759984,2024-07-01,0.6975707,0.6954182
BiLSTM+Attention,test,77.522149_12.782442,2024-07-01,0.7237907,0.69821227
BiLSTM+Attention,test,77.522149_12.809391,2024-07-01,0.7793497,0.7696418
BiLSTM+Attention,test,77.522149_12.813883,2024-07-01,0.59410954,0.56812274
BiLSTM+Attention,test,77.522149_12.818374,2024-07-01,0.57225186,0.54598385
BiLSTM+Attention,test,77.522149_12.836341,2024-07-01,0.5835441,0.56482106
BiLSTM+Attention,test,77.522149_12.845324,2024-07-01,0.5994458,0.58481723
BiLSTM+Attention,test,77.522149_13.056428,2024-07-01,0.5920895,0.57443315
BiLSTM+Attention,test,77.522149_13.078886,2024-07-01,0.56668097,0.5502339
BiLSTM+Attention,test,77.522149_13.146259,2024-07-01,0.43765545,0.4019424
BiLSTM+Attention,test,77.522149_13.200158,2024-07-01,0.54431736,0.5278775
BiLSTM+Attention,test,77.526641_12.751001,2024-07-01,0.70068085,0.7029062
BiLSTM+Attention,test,77.526641_12.840832,2024-07-01,0.65382785,0.6402569
BiLSTM+Attention,test,77.526641_12.89024,2024-07-01,0.62021786,0.6169124
BiLSTM+Attention,test,77.526641_12.899223,2024-07-01,0.5918592,0.58083934
BiLSTM+Attention,test,77.526641_13.078886,2024-07-01,0.58054787,0.56345516
BiLSTM+Attention,test,77.526641_13.105835,2024-07-01,0.4356958,0.39409143
BiLSTM+Attention,test,77.526641_13.110327,2024-07-01,0.43162617,0.39044318
BiLSTM+Attention,test,77.531133_12.791425,2024-07-01,0.6197167,0.5912403
BiLSTM+Attention,test,77.531133_12.795916,2024-07-01,0.65914834,0.63376856
BiLSTM+Attention,test,77.531133_12.800408,2024-07-01,0.63485074,0.60812116
BiLSTM+Attention,test,77.531133_12.822866,2024-07-01,0.6010546,0.58097625
BiLSTM+Attention,test,77.531133_12.827358,2024-07-01,0.6138702,0.59380275
BiLSTM+Attention,test,77.531133_12.894731,2024-07-01,0.5441434,0.52971643
BiLSTM+Attention,test,77.531133_13.083377,2024-07-01,0.5454975,0.52448964
BiLSTM+Attention,test,77.531133_13.114818,2024-07-01,0.44332826,0.40927875
BiLSTM+Attention,test,77.531133_13.195667,2024-07-01,0.5590596,0.5406199
BiLSTM+Attention,test,77.535624_12.77795,2024-07-01,0.73857576,0.7557045
BiLSTM+Attention,test,77.535624_12.822866,2024-07-01,0.70402694,0.70033926
BiLSTM+Attention,test,77.535624_12.872273,2024-07-01,0.50900704,0.48391253
BiLSTM+Attention,test,77.535624_12.899223,2024-07-01,0.5251066,0.50247085
BiLSTM+Attention,test,77.535624_13.069903,2024-07-01,0.6529218,0.6452129
BiLSTM+Attention,test,77.535624_13.083377,2024-07-01,0.53810835,0.5128491
BiLSTM+Attention,test,77.535624_13.096852,2024-07-01,0.48261145,0.44704932
BiLSTM+Attention,test,77.535624_13.114818,2024-07-01,0.46901697,0.43963295
BiLSTM+Attention,test,77.535624_13.132785,2024-07-01,0.4942629,0.46248972
BiLSTM+Attention,test,77.535624_13.137276,2024-07-01,0.43652403,0.40119877
BiLSTM+Attention,test,77.535624_13.195667,2024-07-01,0.50114906,0.47169763
BiLSTM+Attention,test,77.540116_12.77795,2024-07-01,0.6567703,0.6454213
BiLSTM+Attention,test,77.540116_12.795916,2024-07-01,0.6791922,0.6697578
BiLSTM+Attention,test,77.540116_13.042953,2024-07-01,0.5783145,0.5641194
BiLSTM+Attention,test,77.540116_13.074394,2024-07-01,0.6001562,0.58897734
BiLSTM+Attention,test,77.540116_13.092361,2024-07-01,0.44060653,0.41195622
BiLSTM+Attention,test,77.540116_13.101344,2024-07-01,0.47050777,0.4350683
BiLSTM+Attention,test,77.540116_13.105835,2024-07-01,0.48021144,0.45134228
BiLSTM+Attention,test,77.540116_13.114818,2024-07-01,0.43549874,0.4158437
BiLSTM+Attention,test,77.540116_13.132785,2024-07-01,0.4794846,0.4534399
BiLSTM+Attention,test,77.540116_13.155243,2024-07-01,0.5057294,0.47607613
BiLSTM+Attention,test,77.540116_13.182192,2024-07-01,0.47203445,0.4449249
BiLSTM+Attention,test,77.544607_12.831849,2024-07-01,0.7617453,0.7570083
BiLSTM+Attention,test,77.544607_13.218125,2024-07-01,0.5498888,0.5343317
BiLSTM+Attention,test,77.549099_12.822866,2024-07-01,0.7819427,0.7685478
BiLSTM+Attention,test,77.549099_12.831849,2024-07-01,0.6949381,0.6896613
BiLSTM+Attention,test,77.549099_12.836341,2024-07-01,0.66715366,0.6562568
BiLSTM+Attention,test,77.549099_12.845324,2024-07-01,0.6574835,0.6432754
BiLSTM+Attention,test,77.549099_12.867782,2024-07-01,0.58385724,0.5608433
BiLSTM+Attention,test,77.549099_12.876765,2024-07-01,0.54980963,0.52066875
BiLSTM+Attention,test,77.549099_12.894731,2024-07-01,0.62009424,0.6174414
BiLSTM+Attention,test,77.549099_13.096852,2024-07-01,0.50740635,0.47296983
BiLSTM+Attention,test,77.549099_13.132785,2024-07-01,0.6108108,0.5916124
BiLSTM+Attention,test,77.55359_12.71956,2024-07-01,0.80972016,0.79864806
BiLSTM+Attention,test,77.55359_12.782442,2024-07-01,0.7341801,0.72825426
BiLSTM+Attention,test,77.55359_12.849815,2024-07-01,0.6518309,0.6305995
BiLSTM+Attention,test,77.55359_12.872273,2024-07-01,0.5409615,0.52722484
BiLSTM+Attention,test,77.55359_13.069903,2024-07-01,0.7147424,0.7135324
BiLSTM+Attention,test,77.55359_13.101344,2024-07-01,0.46302333,0.42638856
BiLSTM+Attention,test,77.55359_13.110327,2024-07-01,0.5123971,0.49487448
BiLSTM+Attention,test,77.55359_13.128293,2024-07-01,0.5896955,0.5715173
BiLSTM+Attention,test,77.55359_13.168717,2024-07-01,0.5112153,0.49324816
BiLSTM+Attention,test,77.55359_13.173209,2024-07-01,0.43444097,0.41616273
BiLSTM+Attention,test,77.558082_12.710577,2024-07-01,0.8383813,0.8275006
BiLSTM+Attention,test,77.558082_12.827358,2024-07-01,0.71250564,0.69962484
BiLSTM+Attention,test,77.558082_12.845324,2024-07-01,0.6910418,0.6820532
BiLSTM+Attention,test,77.558082_13.042953,2024-07-01,0.65596336,0.64739233
BiLSTM+Attention,test,77.558082_13.051936,2024-07-01,0.6861727,0.6828051
BiLSTM+Attention,test,77.558082_13.110327,2024-07-01,0.52059853,0.50275767
BiLSTM+Attention,test,77.558082_13.168717,2024-07-01,0.5305071,0.505858
BiLSTM+Attention,test,77.558082_13.1777,2024-07-01,0.50654584,0.48338395
BiLSTM+Attention,test,77.562574_12.71956,2024-07-01,0.8119691,0.8012633
BiLSTM+Attention,test,77.562574_12.827358,2024-07-01,0.71989477,0.70446265
BiLSTM+Attention,test,77.562574_12.858799,2024-07-01,0.54068995,0.5267058
BiLSTM+Attention,test,77.562574_12.872273,2024-07-01,0.6229744,0.6147409
BiLSTM+Attention,test,77.562574_12.876765,2024-07-01,0.65543437,0.6411086
BiLSTM+Attention,test,77.562574_13.141768,2024-07-01,0.5045669,0.47186112
BiLSTM+Attention,test,77.562574_13.159734,2024-07-01,0.5330109,0.508311
BiLSTM+Attention,test,77.562574_13.173209,2024-07-01,0.5396706,0.51406664
BiLSTM+Attention,test,77.567065_12.724051,2024-07-01,0.75851375,0.74267054
BiLSTM+Attention,test,77.567065_12.813883,2024-07-01,0.7106811,0.6951048
BiLSTM+Attention,test,77.567065_12.849815,2024-07-01,0.68702024,0.675993
BiLSTM+Attention,test,77.567065_13.105835,2024-07-01,0.583167,0.5747125
BiLSTM+Attention,test,77.567065_13.114818,2024-07-01,0.6286159,0.6243362
BiLSTM+Attention,test,77.567065_13.182192,2024-07-01,0.53061426,0.5131185
BiLSTM+Attention,test,77.571557_12.71956,2024-07-01,0.7948959,0.7853257
BiLSTM+Attention,test,77.571557_12.800408,2024-07-01,0.7085978,0.69006777
BiLSTM+Attention,test,77.571557_12.813883,2024-07-01,0.7797333,0.76795286
BiLSTM+Attention,test,77.571557_12.849815,2024-07-01,0.69081146,0.6766894
BiLSTM+Attention,test,77.571557_13.141768,2024-07-01,0.5087331,0.47662175
BiLSTM+Attention,test,77.571557_13.146259,2024-07-01,0.51210797,0.48153377
BiLSTM+Attention,test,77.576048_12.71956,2024-07-01,0.76110905,0.75016487
BiLSTM+Attention,test,77.576048_12.728543,2024-07-01,0.7566845,0.73365825
BiLSTM+Attention,test,77.576048_12.742018,2024-07-01,0.754436,0.7388093
BiLSTM+Attention,test,77.576048_12.813883,2024-07-01,0.79931414,0.7821286
BiLSTM+Attention,test,77.576048_12.827358,2024-07-01,0.67654896,0.66038775
BiLSTM+Attention,test,77.58054_12.800408,2024-07-01,0.74779767,0.7402646
BiLSTM+Attention,test,77.58054_12.845324,2024-07-01,0.7005842,0.68041784
BiLSTM+Attention,test,77.58054_13.083377,2024-07-01,0.55228543,0.537623
BiLSTM+Attention,test,77.58054_13.087869,2024-07-01,0.52628136,0.50803953
BiLSTM+Attention,test,77.585031_12.849815,2024-07-01,0.69061536,0.67368907
BiLSTM+Attention,test,77.585031_13.042953,2024-07-01,0.6844194,0.67914563
BiLSTM+Attention,test,77.585031_13.137276,2024-07-01,0.51017994,0.4882458
BiLSTM+Attention,test,77.589523_12.71956,2024-07-01,0.86798185,0.8495867
BiLSTM+Attention,test,77.589523_12.746509,2024-07-01,0.75501657,0.7434936
BiLSTM+Attention,test,77.589523_12.854307,2024-07-01,0.6383029,0.6288651
BiLSTM+Attention,test,77.589523_12.971088,2024-07-01,0.7514656,0.72596407
BiLSTM+Attention,test,77.589523_13.083377,2024-07-01,0.6360859,0.62316334
BiLSTM+Attention,test,77.589523_13.150751,2024-07-01,0.52126116,0.48925877
BiLSTM+Attention,test,77.594015_12.724051,2024-07-01,0.8446307,0.8223355
BiLSTM+Attention,test,77.594015_12.733034,2024-07-01,0.8153422,0.79485464
BiLSTM+Attention,test,77.594015_12.755492,2024-07-01,0.7177661,0.69930303
BiLSTM+Attention,test,77.594015_12.831849,2024-07-01,0.6608365,0.63770795
BiLSTM+Attention,test,77.594015_12.836341,2024-07-01,0.67275476,0.66595626
BiLSTM+Attention,test,77.594015_12.840832,2024-07-01,0.6732791,0.6651462
BiLSTM+Attention,test,77.594015_12.849815,2024-07-01,0.66411865,0.6552752
BiLSTM+Attention,test,77.594015_12.998037,2024-07-01,0.74532765,0.72841763
BiLSTM+Attention,test,77.594015_13.087869,2024-07-01,0.62075967,0.6134743
BiLSTM+Attention,test,77.598506_12.665661,2024-07-01,0.847553,0.83272177
BiLSTM+Attention,test,77.598506_12.710577,2024-07-01,0.77565205,0.74233973
BiLSTM+Attention,test,77.598506_12.822866,2024-07-01,0.68566495,0.6594101
BiLSTM+Attention,test,77.598506_12.849815,2024-07-01,0.7040866,0.69565916
BiLSTM+Attention,test,77.598506_13.083377,2024-07-01,0.6101343,0.6025536
BiLSTM+Attention,test,77.598506_13.128293,2024-07-01,0.57162666,0.55845034
BiLSTM+Attention,test,77.598506_13.141768,2024-07-01,0.49100938,0.46689218
BiLSTM+Attention,test,77.598506_13.146259,2024-07-01,0.47097322,0.44514304
BiLSTM+Attention,test,77.602998_12.710577,2024-07-01,0.8125322,0.7844767
BiLSTM+Attention,test,77.602998_12.827358,2024-07-01,0.6014353,0.5723482
BiLSTM+Attention,test,77.602998_12.849815,2024-07-01,0.603909,0.58483756
BiLSTM+Attention,test,77.602998_12.858799,2024-07-01,0.6126923,0.6040149
BiLSTM+Attention,test,77.602998_13.114818,2024-07-01,0.59922624,0.59293914
BiLSTM+Attention,test,77.602998_13.11931,2024-07-01,0.59297156,0.58476514
BiLSTM+Attention,test,77.602998_13.128293,2024-07-01,0.5398679,0.5241594
BiLSTM+Attention,test,77.602998_13.164226,2024-07-01,0.49952438,0.47681075
BiLSTM+Attention,test,77.607489_12.768967,2024-07-01,0.6752745,0.6539711
BiLSTM+Attention,test,77.607489_12.773459,2024-07-01,0.6488048,0.6227456
BiLSTM+Attention,test,77.607489_12.791425,2024-07-01,0.63686246,0.59971964
BiLSTM+Attention,test,77.607489_12.809391,2024-07-01,0.7234033,0.7028852
BiLSTM+Attention,test,77.607489_12.818374,2024-07-01,0.7454599,0.7304088
BiLSTM+Attention,test,77.607489_13.087869,2024-07-01,0.70254904,0.706373
BiLSTM+Attention,test,77.611981_12.674644,2024-07-01,0.8391367,0.80914426
BiLSTM+Attention,test,77.611981_12.768967,2024-07-01,0.63158745,0.5990535
BiLSTM+Attention,test,77.611981_12.831849,2024-07-01,0.6250007,0.60785645
BiLSTM+Attention,test,77.611981_12.867782,2024-07-01,0.579653,0.57340616
BiLSTM+Attention,test,77.611981_12.953122,2024-07-01,0.75017023,0.7401808
BiLSTM+Attention,test,77.611981_13.105835,2024-07-01,0.57125425,0.559956
BiLSTM+Attention,test,77.611981_13.168717,2024-07-01,0.47011167,0.44984525
BiLSTM+Attention,test,77.611981_13.182192,2024-07-01,0.44310266,0.41937825
BiLSTM+Attention,test,77.616473_12.831849,2024-07-01,0.66627705,0.65247065
BiLSTM+Attention,test,77.616473_12.858799,2024-07-01,0.5907312,0.57804507
BiLSTM+Attention,test,77.616473_13.114818,2024-07-01,0.5922144,0.58694243
BiLSTM+Attention,test,77.616473_13.141768,2024-07-01,0.5181554,0.50093657
BiLSTM+Attention,test,77.616473_13.1777,2024-07-01,0.43603575,0.41209322
BiLSTM+Attention,test,77.620964_12.674644,2024-07-01,0.84613883,0.82549
BiLSTM+Attention,test,77.620964_12.795916,2024-07-01,0.5855108,0.5467641
BiLSTM+Attention,test,77.620964_12.813883,2024-07-01,0.5767798,0.5370941
BiLSTM+Attention,test,77.620964_12.845324,2024-07-01,0.7101816,0.6913295
BiLSTM+Attention,test,77.620964_12.858799,2024-07-01,0.57196605,0.56072587
BiLSTM+Attention,test,77.620964_13.132785,2024-07-01,0.5753059,0.5547994
BiLSTM+Attention,test,77.625456_12.782442,2024-07-01,0.6146057,0.57835686
BiLSTM+Attention,test,77.625456_12.858799,2024-07-01,0.53745925,0.51844007
BiLSTM+Attention,test,77.625456_13.065411,2024-07-01,0.46919867,0.44330618
BiLSTM+Attention,test,77.625456_13.128293,2024-07-01,0.57903993,0.55904734
BiLSTM+Attention,test,77.625456_13.137276,2024-07-01,0.5137295,0.49102205
BiLSTM+Attention,test,77.625456_13.155243,2024-07-01,0.6281093,0.62614006
BiLSTM+Attention,test,77.625456_13.182192,2024-07-01,0.4705185,0.44908345
BiLSTM+Attention,test,77.629947_12.795916,2024-07-01,0.7940881,0.7837336
BiLSTM+Attention,test,77.629947_12.809391,2024-07-01,0.59916615,0.55607384
BiLSTM+Attention,test,77.629947_12.836341,2024-07-01,0.6501878,0.6203649
BiLSTM+Attention,test,77.629947_12.854307,2024-07-01,0.59948015,0.5731605
BiLSTM+Attention,test,77.629947_12.858799,2024-07-01,0.55953026,0.5415133
BiLSTM+Attention,test,77.629947_13.06092,2024-07-01,0.4924411,0.47536284
BiLSTM+Attention,test,77.629947_13.087869,2024-07-01,0.49274355,0.47203153
BiLSTM+Attention,test,77.629947_13.1777,2024-07-01,0.4978172,0.4760369
BiLSTM+Attention,test,77.634439_12.679136,2024-07-01,0.7909299,0.750341
BiLSTM+Attention,test,77.634439_12.701593,2024-07-01,0.7374609,0.7232813
BiLSTM+Attention,test,77.634439_12.733034,2024-07-01,0.5899584,0.5517355
BiLSTM+Attention,test,77.634439_12.746509,2024-07-01,0.62388206,0.5904451
BiLSTM+Attention,test,77.634439_12.751001,2024-07-01,0.61994934,0.5803666
BiLSTM+Attention,test,77.634439_12.849815,2024-07-01,0.6047624,0.58263683
BiLSTM+Attention,test,77.634439_13.047445,2024-07-01,0.5528966,0.5486697
BiLSTM+Attention,test,77.634439_13.083377,2024-07-01,0.4549833,0.42892575
BiLSTM+Attention,test,77.634439_13.137276,2024-07-01,0.466527,0.4418041
BiLSTM+Attention,test,77.63893_12.688119,2024-07-01,0.7304263,0.6913951
BiLSTM+Attention,test,77.63893_12.742018,2024-07-01,0.6393315,0.60740083
BiLSTM+Attention,test,77.63893_12.791425,2024-07-01,0.6324427,0.59618014
BiLSTM+Attention,test,77.63893_12.800408,2024-07-01,0.5862278,0.54147786
BiLSTM+Attention,test,77.63893_12.818374,2024-07-01,0.598292,0.5645984
BiLSTM+Attention,test,77.63893_12.840832,2024-07-01,0.67669255,0.65918624
BiLSTM+Attention,test,77.63893_12.872273,2024-07-01,0.5203831,0.4944619
BiLSTM+Attention,test,77.63893_12.917189,2024-07-01,0.750291,0.7425193
BiLSTM+Attention,test,77.63893_12.989054,2024-07-01,0.6608208,0.65581226
BiLSTM+Attention,test,77.63893_13.056428,2024-07-01,0.5136954,0.5038369
BiLSTM+Attention,test,77.63893_13.078886,2024-07-01,0.46046686,0.43683308
BiLSTM+Attention,test,77.63893_13.083377,2024-07-01,0.44924918,0.42179972
BiLSTM+Attention,test,77.63893_13.1777,2024-07-01,0.4848186,0.45191282
BiLSTM+Attention,test,77.643422_12.795916,2024-07-01,0.6087334,0.5660018
BiLSTM+Attention,test,77.643422_12.800408,2024-07-01,0.5911539,0.55041397
BiLSTM+Attention,test,77.643422_12.809391,2024-07-01,0.61846334,0.58507675
BiLSTM+Attention,test,77.643422_12.867782,2024-07-01,0.5586617,0.53857094
BiLSTM+Attention,test,77.643422_13.002529,2024-07-01,0.58414793,0.5735206
BiLSTM+Attention,test,77.643422_13.038462,2024-07-01,0.58041507,0.5721358
BiLSTM+Attention,test,77.643422_13.164226,2024-07-01,0.5854697,0.57998496
BiLSTM+Attention,test,77.647914_12.688119,2024-07-01,0.76933783,0.73300695
BiLSTM+Attention,test,77.647914_12.733034,2024-07-01,0.62260807,0.5848108
BiLSTM+Attention,test,77.647914_12.881256,2024-07-01,0.57344306,0.55425924
BiLSTM+Attention,test,77.647914_12.935155,2024-07-01,0.69709677,0.6878132
BiLSTM+Attention,test,77.647914_13.141768,2024-07-01,0.6165377,0.6129873
BiLSTM+Attention,test,77.647914_13.168717,2024-07-01,0.6554827,0.6583247
BiLSTM+Attention,test,77.652405_12.697102,2024-07-01,0.73423547,0.7018673
BiLSTM+Attention,test,77.652405_12.773459,2024-07-01,0.5950206,0.5551015
BiLSTM+Attention,test,77.652405_12.795916,2024-07-01,0.569897,0.53030837
BiLSTM+Attention,test,77.652405_12.8049,2024-07-01,0.6254998,0.5994043
BiLSTM+Attention,test,77.652405_12.858799,2024-07-01,0.7102408,0.707957
BiLSTM+Attention,test,77.652405_12.926172,2024-07-01,0.68640524,0.68131334
BiLSTM+Attention,test,77.652405_13.002529,2024-07-01,0.5727475,0.5570593
BiLSTM+Attention,test,77.656897_12.742018,2024-07-01,0.64994675,0.6163985
BiLSTM+Attention,test,77.656897_12.746509,2024-07-01,0.6299106,0.5858222
BiLSTM+Attention,test,77.656897_12.768967,2024-07-01,0.6460461,0.6193738
BiLSTM+Attention,test,77.656897_12.791425,2024-07-01,0.5881725,0.55598104
BiLSTM+Attention,test,77.656897_12.800408,2024-07-01,0.64062315,0.6111784
BiLSTM+Attention,test,77.656897_12.831849,2024-07-01,0.6386401,0.62158227
BiLSTM+Attention,test,77.656897_12.849815,2024-07-01,0.5309669,0.50841355
BiLSTM+Attention,test,77.656897_12.939647,2024-07-01,0.6318653,0.625425
BiLSTM+Attention,test,77.656897_13.101344,2024-07-01,0.48005664,0.46148437
BiLSTM+Attention,test,77.656897_13.164226,2024-07-01,0.48799628,0.47261977
BiLSTM+Attention,test,77.656897_13.173209,2024-07-01,0.45981625,0.43038738
BiLSTM+Attention,test,77.661388_12.737526,2024-07-01,0.65278053,0.60968214
BiLSTM+Attention,test,77.661388_12.759984,2024-07-01,0.6598684,0.63143843
BiLSTM+Attention,test,77.661388_13.056428,2024-07-01,0.53437096,0.5179954
BiLSTM+Attention,test,77.661388_13.074394,2024-07-01,0.5355303,0.52184856
BiLSTM+Attention,test,77.661388_13.087869,2024-07-01,0.48803592,0.47342372
BiLSTM+Attention,test,77.661388_13.101344,2024-07-01,0.4759313,0.46025854
BiLSTM+Attention,test,77.661388_13.110327,2024-07-01,0.53411895,0.5300656
BiLSTM+Attention,test,77.661388_13.11931,2024-07-01,0.5875286,0.5855736
BiLSTM+Attention,test,77.66588_12.679136,2024-07-01,0.72292304,0.6755815
BiLSTM+Attention,test,77.66588_12.697102,2024-07-01,0.68831754,0.6370221
BiLSTM+Attention,test,77.66588_12.715068,2024-07-01,0.6649343,0.6332111
BiLSTM+Attention,test,77.66588_12.724051,2024-07-01,0.656212,0.630886
BiLSTM+Attention,test,77.66588_12.751001,2024-07-01,0.6198807,0.5799253
BiLSTM+Attention,test,77.66588_12.755492,2024-07-01,0.6634244,0.63443124
BiLSTM+Attention,test,77.66588_12.764475,2024-07-01,0.64162725,0.61539197
BiLSTM+Attention,test,77.66588_12.768967,2024-07-01,0.77007204,0.75504225
BiLSTM+Attention,test,77.66588_12.791425,2024-07-01,0.6769798,0.6478647
BiLSTM+Attention,test,77.66588_12.953122,2024-07-01,0.65284985,0.63904405
BiLSTM+Attention,test,77.66588_13.038462,2024-07-01,0.5461138,0.5325423
BiLSTM+Attention,test,77.66588_13.051936,2024-07-01,0.5719939,0.5549248
BiLSTM+Attention,test,77.66588_13.173209,2024-07-01,0.46652395,0.43830526
BiLSTM+Attention,test,77.670371_12.71956,2024-07-01,0.65801495,0.6315651
BiLSTM+Attention,test,77.670371_12.86329,2024-07-01,0.56505835,0.55280674
BiLSTM+Attention,test,77.670371_12.881256,2024-07-01,0.55616,0.5395179
BiLSTM+Attention,test,77.670371_12.894731,2024-07-01,0.50325584,0.47589564
BiLSTM+Attention,test,77.670371_13.069903,2024-07-01,0.47570732,0.4484813
BiLSTM+Attention,test,77.670371_13.083377,2024-07-01,0.43662798,0.40773287
BiLSTM+Attention,test,77.670371_13.092361,2024-07-01,0.4399681,0.41678494
BiLSTM+Attention,test,77.670371_13.128293,2024-07-01,0.5180216,0.5058238
BiLSTM+Attention,test,77.674863_12.674644,2024-07-01,0.7608455,0.7328037
BiLSTM+Attention,test,77.674863_12.71956,2024-07-01,0.6671738,0.62970513
BiLSTM+Attention,test,77.674863_12.755492,2024-07-01,0.6075483,0.57117933
BiLSTM+Attention,test,77.674863_12.764475,2024-07-01,0.62213093,0.5851701
BiLSTM+Attention,test,77.674863_12.786933,2024-07-01,0.65131766,0.61301404
BiLSTM+Attention,test,77.674863_12.836341,2024-07-01,0.5879162,0.5689421
BiLSTM+Attention,test,77.674863_12.867782,2024-07-01,0.7394456,0.73658687
BiLSTM+Attention,test,77.674863_13.051936,2024-07-01,0.5808287,0.56683314
BiLSTM+Attention,test,77.674863_13.069903,2024-07-01,0.45773947,0.43055505
BiLSTM+Attention,test,77.674863_13.092361,2024-07-01,0.45974463,0.4365989
BiLSTM+Attention,test,77.674863_13.105835,2024-07-01,0.5109882,0.4971581
BiLSTM+Attention,test,77.679355_12.697102,2024-07-01,0.6338729,0.57364625
BiLSTM+Attention,test,77.679355_12.746509,2024-07-01,0.71931124,0.69071966
BiLSTM+Attention,test,77.679355_12.881256,2024-07-01,0.581826,0.57280934
BiLSTM+Attention,test,77.679355_12.89024,2024-07-01,0.5950132,0.5772811
BiLSTM+Attention,test,77.679355_12.899223,2024-07-01,0.5161869,0.48657745
BiLSTM+Attention,test,77.679355_13.047445,2024-07-01,0.76191044,0.7561393
BiLSTM+Attention,test,77.679355_13.056428,2024-07-01,0.5526289,0.53701013
BiLSTM+Attention,test,77.679355_13.074394,2024-07-01,0.47650588,0.45312935
BiLSTM+Attention,test,77.679355_13.101344,2024-07-01,0.47779748,0.46321332
BiLSTM+Attention,test,77.679355_13.141768,2024-07-01,0.5084268,0.49771434
BiLSTM+Attention,test,77.679355_13.155243,2024-07-01,0.43631378,0.40715516
BiLSTM+Attention,test,77.679355_13.159734,2024-07-01,0.46069416,0.4329399
BiLSTM+Attention,test,77.683846_12.728543,2024-07-01,0.64987427,0.6012887
BiLSTM+Attention,test,77.683846_12.742018,2024-07-01,0.58553994,0.5500885
BiLSTM+Attention,test,77.683846_12.755492,2024-07-01,0.76157284,0.7461424
BiLSTM+Attention,test,77.683846_12.795916,2024-07-01,0.62966645,0.59575385
BiLSTM+Attention,test,77.683846_12.8049,2024-07-01,0.5885685,0.5642099
BiLSTM+Attention,test,77.683846_12.836341,2024-07-01,0.6322062,0.6150109
BiLSTM+Attention,test,77.683846_12.840832,2024-07-01,0.6405647,0.6235356
BiLSTM+Attention,test,77.683846_12.894731,2024-07-01,0.60851455,0.5959031
BiLSTM+Attention,test,77.683846_12.917189,2024-07-01,0.51039517,0.48032182
BiLSTM+Attention,test,77.683846_12.939647,2024-07-01,0.74675053,0.74068797
BiLSTM+Attention,test,77.683846_13.029478,2024-07-01,0.43199322,0.40659827
BiLSTM+Attention,test,77.683846_13.06092,2024-07-01,0.5254881,0.50510335
BiLSTM+Attention,test,77.683846_13.074394,2024-07-01,0.44405794,0.4138996
BiLSTM+Attention,test,77.683846_13.11931,2024-07-01,0.41990447,0.39825302
BiLSTM+Attention,test,77.683846_13.123802,2024-07-01,0.4682507,0.45071703
BiLSTM+Attention,test,77.688338_12.656678,2024-07-01,0.7715679,0.74759835
BiLSTM+Attention,test,77.688338_12.69261,2024-07-01,0.8142942,0.7963769
BiLSTM+Attention,test,77.688338_12.697102,2024-07-01,0.8196649,0.7902058
BiLSTM+Attention,test,77.688338_12.710577,2024-07-01,0.81699973,0.8133885
BiLSTM+Attention,test,77.688338_12.751001,2024-07-01,0.6615788,0.63499665
BiLSTM+Attention,test,77.688338_12.755492,2024-07-01,0.6340329,0.602827
BiLSTM+Attention,test,77.688338_12.876765,2024-07-01,0.7978715,0.78859246
BiLSTM+Attention,test,77.688338_12.885748,2024-07-01,0.6209714,0.6002934
BiLSTM+Attention,test,77.688338_12.966596,2024-07-01,0.62201035,0.61757934
BiLSTM+Attention,test,77.692829_12.746509,2024-07-01,0.5625812,0.5254477
BiLSTM+Attention,test,77.692829_12.800408,2024-07-01,0.59174526,0.55950516
BiLSTM+Attention,test,77.692829_12.845324,2024-07-01,0.6498754,0.6377062
BiLSTM+Attention,test,77.692829_12.885748,2024-07-01,0.6465953,0.6250692
BiLSTM+Attention,test,77.692829_12.899223,2024-07-01,0.5717112,0.54765546
BiLSTM+Attention,test,77.692829_13.047445,2024-07-01,0.7310016,0.73276675
BiLSTM+Attention,test,77.692829_13.06092,2024-07-01,0.6205602,0.60501736
BiLSTM+Attention,test,77.692829_13.065411,2024-07-01,0.57382786,0.5580176
BiLSTM+Attention,test,77.692829_13.083377,2024-07-01,0.4409207,0.412762
BiLSTM+Attention,test,77.692829_13.096852,2024-07-01,0.42276838,0.39098686
BiLSTM+Attention,test,77.692829_13.132785,2024-07-01,0.3981699,0.37885368
BiLSTM+Attention,test,77.692829_13.155243,2024-07-01,0.43744445,0.4111826
BiLSTM+Attention,test,77.697321_12.697102,2024-07-01,0.8224674,0.8067715
BiLSTM+Attention,test,77.697321_12.751001,2024-07-01,0.62629706,0.5943055
BiLSTM+Attention,test,77.697321_12.773459,2024-07-01,0.5936024,0.55172324
BiLSTM+Attention,test,77.697321_12.791425,2024-07-01,0.676667,0.6478428
BiLSTM+Attention,test,77.697321_12.885748,2024-07-01,0.65002775,0.6306878
BiLSTM+Attention,test,77.697321_12.894731,2024-07-01,0.5871439,0.5610704
BiLSTM+Attention,test,77.697321_12.930664,2024-07-01,0.59271985,0.5851834
BiLSTM+Attention,test,77.697321_12.966596,2024-07-01,0.5993724,0.5941337
BiLSTM+Attention,test,77.697321_13.132785,2024-07-01,0.3981699,0.37894508
BiLSTM+Attention,test,77.697321_13.150751,2024-07-01,0.45317498,0.42904484
BiLSTM+Attention,test,77.697321_13.1777,2024-07-01,0.5524239,0.5419066
BiLSTM+Attention,test,77.701812_12.742018,2024-07-01,0.6233659,0.5834324
BiLSTM+Attention,test,77.701812_12.77795,2024-07-01,0.589737,0.5543949
BiLSTM+Attention,test,77.701812_12.8049,2024-07-01,0.66032803,0.6303163
BiLSTM+Attention,test,77.701812_12.822866,2024-07-01,0.6247339,0.59207195
BiLSTM+Attention,test,77.701812_12.872273,2024-07-01,0.5798655,0.5574865
BiLSTM+Attention,test,77.701812_12.984563,2024-07-01,0.52334505,0.5144979
BiLSTM+Attention,test,77.701812_13.03397,2024-07-01,0.48964903,0.47410965
BiLSTM+Attention,test,77.701812_13.114818,2024-07-01,0.48063815,0.46950448
BiLSTM+Attention,test,77.701812_13.164226,2024-07-01,0.47706157,0.46212685
BiLSTM+Attention,test,77.706304_12.746509,2024-07-01,0.6365891,0.59905696
BiLSTM+Attention,test,77.706304_12.751001,2024-07-01,0.6433239,0.6133478
BiLSTM+Attention,test,77.706304_12.759984,2024-07-01,0.560119,0.51137424
BiLSTM+Attention,test,77.706304_12.764475,2024-07-01,0.59757847,0.55504066
BiLSTM+Attention,test,77.706304_12.86329,2024-07-01,0.5317046,0.5047653
BiLSTM+Attention,test,77.706304_12.984563,2024-07-01,0.5306621,0.5212103
BiLSTM+Attention,test,77.706304_13.038462,2024-07-01,0.49636322,0.48036063
BiLSTM+Attention,test,77.706304_13.042953,2024-07-01,0.5478749,0.5390943
BiLSTM+Attention,test,77.706304_13.137276,2024-07-01,0.643685,0.65272194
BiLSTM+Attention,test,77.710796_12.715068,2024-07-01,0.69907093,0.66952354
BiLSTM+Attention,test,77.710796_12.894731,2024-07-01,0.6622285,0.64823824
BiLSTM+Attention,test,77.710796_12.899223,2024-07-01,0.6113514,0.5987787
BiLSTM+Attention,test,77.710796_12.912697,2024-07-01,0.52894485,0.51372916
BiLSTM+Attention,test,77.710796_13.03397,2024-07-01,0.48124933,0.46334964
BiLSTM+Attention,test,77.710796_13.11931,2024-07-01,0.45149133,0.44087794
BiLSTM+Attention,test,77.710796_13.123802,2024-07-01,0.42088377,0.40527976
BiLSTM+Attention,test,77.710796_13.132785,2024-07-01,0.44881836,0.43168885
BiLSTM+Attention,test,77.710796_13.150751,2024-07-01,0.42794162,0.40790603
BiLSTM+Attention,test,77.710796_13.168717,2024-07-01,0.49650636,0.4864592
BiLSTM+Attention,test,77.710796_13.173209,2024-07-01,0.50512147,0.49195057
BiLSTM+Attention,test,77.715287_12.679136,2024-07-01,0.7569334,0.7460921
BiLSTM+Attention,test,77.715287_12.742018,2024-07-01,0.62432194,0.58330655
BiLSTM+Attention,test,77.715287_12.773459,2024-07-01,0.58932894,0.53987074
BiLSTM+Attention,test,77.715287_12.822866,2024-07-01,0.6435802,0.6068121
BiLSTM+Attention,test,77.715287_12.827358,2024-07-01,0.6118347,0.5758915
BiLSTM+Attention,test,77.715287_12.845324,2024-07-01,0.55957496,0.53220814
BiLSTM+Attention,test,77.715287_12.885748,2024-07-01,0.6306306,0.6121509
BiLSTM+Attention,test,77.715287_12.899223,2024-07-01,0.52731746,0.5080266
BiLSTM+Attention,test,77.715287_12.939647,2024-07-01,0.7533274,0.75012916
BiLSTM+Attention,test,77.715287_12.944139,2024-07-01,0.7821576,0.78351927
BiLSTM+Attention,test,77.715287_12.94863,2024-07-01,0.62939626,0.6343604
BiLSTM+Attention,test,77.715287_13.016004,2024-07-01,0.5618389,0.55980587
BiLSTM+Attention,test,77.715287_13.029478,2024-07-01,0.44331014,0.42428526
BiLSTM+Attention,test,77.715287_13.038462,2024-07-01,0.5659548,0.56399876
BiLSTM+Attention,test,77.715287_13.051936,2024-07-01,0.55434924,0.54767436
BiLSTM+Attention,test,77.715287_13.056428,2024-07-01,0.48756614,0.47157276
BiLSTM+Attention,test,77.715287_13.096852,2024-07-01,0.38204014,0.36395663
BiLSTM+Attention,test,77.715287_13.114818,2024-07-01,0.51654124,0.5095022
BiLSTM+Attention,test,77.715287_13.128293,2024-07-01,0.46140656,0.44391185
BiLSTM+Attention,test,77.719779_12.706085,2024-07-01,0.7147869,0.678329
BiLSTM+Attention,test,77.719779_12.746509,2024-07-01,0.7471352,0.7198011
BiLSTM+Attention,test,77.719779_12.795916,2024-07-01,0.6083687,0.5680267
BiLSTM+Attention,test,77.719779_12.840832,2024-07-01,0.6405228,0.61515206
BiLSTM+Attention,test,77.719779_12.903714,2024-07-01,0.5250878,0.50459087
BiLSTM+Attention,test,77.719779_13.069903,2024-07-01,0.4524989,0.4351297
BiLSTM+Attention,test,77.719779_13.105835,2024-07-01,0.47464874,0.4569441
BiLSTM+Attention,test,77.719779_13.123802,2024-07-01,0.4316886,0.4090581
BiLSTM+Attention,test,77.719779_13.137276,2024-07-01,0.43719825,0.41260278
BiLSTM+Attention,test,77.719779_13.155243,2024-07-01,0.42846903,0.41107988
BiLSTM+Attention,test,77.72427_12.674644,2024-07-01,0.6638227,0.61801004
BiLSTM+Attention,test,77.72427_12.697102,2024-07-01,0.5911493,0.54739845
BiLSTM+Attention,test,77.72427_12.701593,2024-07-01,0.61803347,0.5717945
BiLSTM+Attention,test,77.72427_12.724051,2024-07-01,0.6558473,0.61118823
BiLSTM+Attention,test,77.72427_12.786933,2024-07-01,0.63245267,0.5920196
BiLSTM+Attention,test,77.72427_12.791425,2024-07-01,0.6308606,0.5939111
BiLSTM+Attention,test,77.72427_12.840832,2024-07-01,0.62017465,0.5913672
BiLSTM+Attention,test,77.72427_12.867782,2024-07-01,0.56468296,0.5335094
BiLSTM+Attention,test,77.72427_12.885748,2024-07-01,0.60101557,0.5803857
BiLSTM+Attention,test,77.72427_13.024987,2024-07-01,0.75159454,0.7579317
BiLSTM+Attention,test,77.72427_13.06092,2024-07-01,0.47067833,0.458036
BiLSTM+Attention,test,77.72427_13.074394,2024-07-01,0.48046535,0.46936786
BiLSTM+Attention,test,77.728762_12.706085,2024-07-01,0.688927,0.65196526
BiLSTM+Attention,test,77.728762_12.724051,2024-07-01,0.7224219,0.69039965
BiLSTM+Attention,test,77.728762_12.759984,2024-07-01,0.6297814,0.59211224
BiLSTM+Attention,test,77.728762_12.782442,2024-07-01,0.6527943,0.6166167
BiLSTM+Attention,test,77.728762_12.809391,2024-07-01,0.643169,0.6056668
BiLSTM+Attention,test,77.728762_12.858799,2024-07-01,0.63637847,0.6198295
BiLSTM+Attention,test,77.728762_12.876765,2024-07-01,0.6470223,0.62612677
BiLSTM+Attention,test,77.728762_12.885748,2024-07-01,0.5898306,0.5683014
BiLSTM+Attention,test,77.728762_13.016004,2024-07-01,0.744128,0.748877
BiLSTM+Attention,test,77.728762_13.047445,2024-07-01,0.53505164,0.5193498
BiLSTM+Attention,test,77.728762_13.087869,2024-07-01,0.5043587,0.49741888
BiLSTM+Attention,test,77.728762_13.092361,2024-07-01,0.46625176,0.45180482
BiLSTM+Attention,test,77.733253_12.755492,2024-07-01,0.6004162,0.55676186
BiLSTM+Attention,test,77.733253_12.795916,2024-07-01,0.60241145,0.5652377
BiLSTM+Attention,test,77.733253_12.86329,2024-07-01,0.64962226,0.63249975
BiLSTM+Attention,test,77.733253_12.872273,2024-07-01,0.63319016,0.616993
BiLSTM+Attention,test,77.733253_12.998037,2024-07-01,0.64854157,0.64609337
BiLSTM+Attention,test,77.733253_13.056428,2024-07-01,0.4473802,0.43017954
BiLSTM+Attention,test,77.737745_12.764475,2024-07-01,0.5782332,0.5303479
BiLSTM+Attention,test,77.737745_12.791425,2024-07-01,0.62116975,0.58699894
BiLSTM+Attention,test,77.737745_12.809391,2024-07-01,0.61692244,0.5764186
BiLSTM+Attention,test,77.737745_12.858799,2024-07-01,0.6154068,0.5934937
BiLSTM+Attention,test,77.737745_12.872273,2024-07-01,0.6405858,0.6186928
BiLSTM+Attention,test,77.737745_12.881256,2024-07-01,0.66084766,0.6446579
BiLSTM+Attention,test,77.737745_13.051936,2024-07-01,0.47134218,0.45803696
BiLSTM+Attention,test,77.737745_13.06092,2024-07-01,0.47621036,0.4583134
BiLSTM+Attention,test,77.737745_13.078886,2024-07-01,0.50322115,0.49754798
BiLSTM+Attention,test,77.737745_13.101344,2024-07-01,0.4287923,0.40994406
BiLSTM+Attention,test,77.742237_12.697102,2024-07-01,0.7311932,0.71003777
BiLSTM+Attention,test,77.742237_12.764475,2024-07-01,0.5929875,0.55033654
BiLSTM+Attention,test,77.742237_12.795916,2024-07-01,0.58759236,0.54569155
BiLSTM+Attention,test,77.742237_12.8049,2024-07-01,0.630392,0.5948729
BiLSTM+Attention,test,77.742237_12.86329,2024-07-01,0.555431,0.52089727
BiLSTM+Attention,test,77.742237_12.867782,2024-07-01,0.6455767,0.6229809
BiLSTM+Attention,test,77.742237_12.89024,2024-07-01,0.6464568,0.62822604
BiLSTM+Attention,test,77.742237_12.899223,2024-07-01,0.62705785,0.6121823
BiLSTM+Attention,test,77.742237_12.921681,2024-07-01,0.56040287,0.55371416
BiLSTM+Attention,test,77.742237_12.980071,2024-07-01,0.5994513,0.5938759
BiLSTM+Attention,test,77.742237_13.002529,2024-07-01,0.6161348,0.6103553
BiLSTM+Attention,test,77.742237_13.016004,2024-07-01,0.6200755,0.6250149
BiLSTM+Attention,test,77.742237_13.038462,2024-07-01,0.4495115,0.42761147
BiLSTM+Attention,test,77.742237_13.074394,2024-07-01,0.4264318,0.414939
BiLSTM+Attention,test,77.742237_13.078886,2024-07-01,0.48915252,0.48154688
BiLSTM+Attention,test,77.742237_13.101344,2024-07-01,0.4509598,0.4362344
BiLSTM+Attention,test,77.746728_12.751001,2024-07-01,0.62110454,0.5848286
BiLSTM+Attention,test,77.746728_12.764475,2024-07-01,0.61231816,0.5736136
BiLSTM+Attention,test,77.746728_12.782442,2024-07-01,0.6477489,0.6119693
BiLSTM+Attention,test,77.746728_12.97558,2024-07-01,0.6199805,0.6095495
BiLSTM+Attention,test,77.746728_12.984563,2024-07-01,0.61011153,0.6042151
BiLSTM+Attention,test,77.746728_13.016004,2024-07-01,0.63216466,0.62248313
BiLSTM+Attention,test,77.746728_13.020495,2024-07-01,0.6606391,0.6565399
BiLSTM+Attention,test,77.746728_13.024987,2024-07-01,0.57010216,0.5655896
BiLSTM+Attention,test,77.746728_13.038462,2024-07-01,0.4780045,0.461178
BiLSTM+Attention,test,77.746728_13.06092,2024-07-01,0.43630117,0.4180051
BiLSTM+Attention,test,77.746728_13.083377,2024-07-01,0.4884497,0.4780957
BiLSTM+Attention,test,77.746728_13.092361,2024-07-01,0.4461821,0.4287572
BiLSTM+Attention,test,77.75122_12.751001,2024-07-01,0.61082405,0.5678942
BiLSTM+Attention,test,77.75122_12.755492,2024-07-01,0.65492564,0.619766
BiLSTM+Attention,test,77.75122_12.768967,2024-07-01,0.57602596,0.5292068
BiLSTM+Attention,test,77.75122_12.77795,2024-07-01,0.6060094,0.570137
BiLSTM+Attention,test,77.75122_12.894731,2024-07-01,0.5692469,0.55065084
BiLSTM+Attention,test,77.75122_12.993546,2024-07-01,0.55076265,0.5424939
BiLSTM+Attention,test,77.75122_13.020495,2024-07-01,0.593753,0.58907914
BiLSTM+Attention,test,77.75122_13.03397,2024-07-01,0.4889462,0.47492874
BiLSTM+Attention,test,77.75122_13.038462,2024-07-01,0.45807734,0.43807256
BiLSTM+Attention,test,77.755711_12.706085,2024-07-01,0.64638436,0.6023498
BiLSTM+Attention,test,77.755711_12.764475,2024-07-01,0.8090322,0.7985814
BiLSTM+Attention,test,77.755711_12.77795,2024-07-01,0.58876806,0.55339485
BiLSTM+Attention,test,77.755711_12.822866,2024-07-01,0.5958591,0.5696636
BiLSTM+Attention,test,77.755711_12.831849,2024-07-01,0.57024246,0.54245013
BiLSTM+Attention,test,77.755711_12.858799,2024-07-01,0.6183325,0.6028122
BiLSTM+Attention,test,77.755711_12.885748,2024-07-01,0.6057907,0.5885383
BiLSTM+Attention,test,77.755711_12.899223,2024-07-01,0.5362849,0.5094313
BiLSTM+Attention,test,77.755711_12.903714,2024-07-01,0.5909403,0.5638184
BiLSTM+Attention,test,77.755711_12.926172,2024-07-01,0.59608716,0.5898211
BiLSTM+Attention,test,77.760203_12.751001,2024-07-01,0.6073509,0.5677852
BiLSTM+Attention,test,77.760203_12.795916,2024-07-01,0.58851546,0.54414433
BiLSTM+Attention,test,77.760203_12.818374,2024-07-01,0.6724944,0.6456791
BiLSTM+Attention,test,77.760203_12.867782,2024-07-01,0.5767919,0.55941164
BiLSTM+Attention,test,77.760203_12.872273,2024-07-01,0.5890664,0.57395655
BiLSTM+Attention,test,77.760203_12.876765,2024-07-01,0.5602225,0.5434293
BiLSTM+Attention,test,77.760203_12.885748,2024-07-01,0.5763816,0.5514802
BiLSTM+Attention,test,77.760203_12.984563,2024-07-01,0.6085938,0.5997689
BiLSTM+Attention,test,77.764695_12.742018,2024-07-01,0.72015876,0.68354666
BiLSTM+Attention,test,77.764695_12.746509,2024-07-01,0.70775425,0.67008084
BiLSTM+Attention,test,77.764695_12.813883,2024-07-01,0.63444835,0.59714544
BiLSTM+Attention,test,77.764695_12.849815,2024-07-01,0.6033448,0.57895595
BiLSTM+Attention,test,77.764695_12.885748,2024-07-01,0.60104567,0.5795158
BiLSTM+Attention,test,77.764695_12.912697,2024-07-01,0.5919931,0.57758766
BiLSTM+Attention,test,77.764695_13.03397,2024-07-01,0.43701994,0.41719443
BiLSTM+Attention,test,77.769186_12.751001,2024-07-01,0.7304418,0.7016199
BiLSTM+Attention,test,77.769186_12.791425,2024-07-01,0.57817745,0.53401405
BiLSTM+Attention,test,77.769186_12.800408,2024-07-01,0.6308229,0.600802
BiLSTM+Attention,test,77.769186_12.8049,2024-07-01,0.6636175,0.63458806
BiLSTM+Attention,test,77.769186_12.809391,2024-07-01,0.59994113,0.56158406
BiLSTM+Attention,test,77.769186_12.876765,2024-07-01,0.61929417,0.6064411
BiLSTM+Attention,test,77.769186_12.894731,2024-07-01,0.5816197,0.56142527
BiLSTM+Attention,test,77.769186_13.016004,2024-07-01,0.54718417,0.540961
BiLSTM+Attention,test,77.773678_12.746509,2024-07-01,0.7240628,0.68507844
BiLSTM+Attention,test,77.773678_12.858799,2024-07-01,0.5612476,0.5394998
BiLSTM+Attention,test,77.773678_12.885748,2024-07-01,0.5723189,0.5499347
BiLSTM+Attention,test,77.773678_12.899223,2024-07-01,0.5486654,0.52182746
BiLSTM+Attention,test,77.773678_12.908206,2024-07-01,0.5864085,0.5614366
BiLSTM+Attention,test,77.778169_12.809391,2024-07-01,0.5622289,0.5225287
BiLSTM+Attention,test,77.778169_12.885748,2024-07-01,0.5909064,0.5742803
BiLSTM+Attention,test,77.782661_12.786933,2024-07-01,0.58021265,0.53741866
BiLSTM+Attention,test,77.782661_12.791425,2024-07-01,0.6082104,0.56853133
BiLSTM+Attention,test,77.782661_12.89024,2024-07-01,0.5838322,0.5653756
BiLSTM+Attention,test,77.787152_12.786933,2024-07-01,0.59406245,0.5527513
BiLSTM+Attention,test,77.787152_12.849815,2024-07-01,0.5633682,0.5366094
BiLSTM+Attention,test,77.787152_12.867782,2024-07-01,0.57375944,0.55060434
BiLSTM+Attention,test,77.791644_12.8049,2024-07-01,0.5936247,0.5583151
BiLSTM+Attention,test,77.791644_12.899223,2024-07-01,0.57256824,0.54487723
BiLSTM+Attention,test,77.796136_12.854307,2024-07-01,0.5588835,0.53312755
BiLSTM+Attention,test,77.796136_12.885748,2024-07-01,0.62169486,0.5993311
BiLSTM+Attention,test,77.800627_12.876765,2024-07-01,0.6145498,0.5928242
BiLSTM+Attention,test,77.800627_12.885748,2024-07-01,0.5819646,0.55812687
BiLSTM+Attention,test,77.805119_12.876765,2024-07-01,0.621939,0.59938097
BiLSTM+Attention,test,77.805119_12.89024,2024-07-01,0.6110514,0.5827735
BiLSTM+Attention,test,77.80961_12.858799,2024-07-01,0.6271419,0.6012208
BiLSTM+Attention,test,77.80961_12.86329,2024-07-01,0.6055636,0.58383816
BiLSTM+Attention,test,77.329012_12.944139,2024-08-01,0.56248677,0.529719
BiLSTM+Attention,test,77.329012_12.962105,2024-08-01,0.71205544,0.71105725
BiLSTM+Attention,test,77.337995_12.921681,2024-08-01,0.66163146,0.6612374
BiLSTM+Attention,test,77.342486_12.926172,2024-08-01,0.70380163,0.7172354
BiLSTM+Attention,test,77.342486_12.935155,2024-08-01,0.74218845,0.7351167
BiLSTM+Attention,test,77.342486_12.944139,2024-08-01,0.710609,0.69879436
BiLSTM+Attention,test,77.346978_12.86329,2024-08-01,0.60910547,0.59132916
BiLSTM+Attention,test,77.346978_12.962105,2024-08-01,0.54883254,0.5260286
BiLSTM+Attention,test,77.351469_12.89024,2024-08-01,0.5535936,0.5691275
BiLSTM+Attention,test,77.351469_12.930664,2024-08-01,0.7123371,0.7394171
BiLSTM+Attention,test,77.351469_12.939647,2024-08-01,0.7055743,0.72199655
BiLSTM+Attention,test,77.355961_12.899223,2024-08-01,0.5684633,0.5838854
BiLSTM+Attention,test,77.355961_12.94863,2024-08-01,0.50393265,0.5062358
BiLSTM+Attention,test,77.355961_12.962105,2024-08-01,0.72219515,0.72358084
BiLSTM+Attention,test,77.360453_12.867782,2024-08-01,0.49725065,0.46485364
BiLSTM+Attention,test,77.360453_12.908206,2024-08-01,0.5889277,0.6128254
BiLSTM+Attention,test,77.360453_12.926172,2024-08-01,0.7083636,0.73852956
BiLSTM+Attention,test,77.364944_12.854307,2024-08-01,0.5389154,0.5052725
BiLSTM+Attention,test,77.364944_12.962105,2024-08-01,0.52664846,0.48970252
BiLSTM+Attention,test,77.369436_12.881256,2024-08-01,0.52543265,0.51164776
BiLSTM+Attention,test,77.369436_12.89024,2024-08-01,0.5231644,0.5113545
BiLSTM+Attention,test,77.369436_12.935155,2024-08-01,0.47868705,0.45758122
BiLSTM+Attention,test,77.369436_12.998037,2024-08-01,0.5363385,0.49484307
BiLSTM+Attention,test,77.369436_13.007021,2024-08-01,0.58130383,0.549344
BiLSTM+Attention,test,77.373927_12.912697,2024-08-01,0.6064622,0.6192751
BiLSTM+Attention,test,77.373927_12.971088,2024-08-01,0.5201059,0.47875345
BiLSTM+Attention,test,77.373927_13.011512,2024-08-01,0.5332781,0.49446303
BiLSTM+Attention,test,77.373927_13.016004,2024-08-01,0.5175781,0.4778399
BiLSTM+Attention,test,77.378419_12.966596,2024-08-01,0.47436592,0.44571406
BiLSTM+Attention,test,77.382911_12.894731,2024-08-01,0.56662834,0.5620646
BiLSTM+Attention,test,77.382911_12.953122,2024-08-01,0.534105,0.51782507
BiLSTM+Attention,test,77.382911_12.957613,2024-08-01,0.5287339,0.5085032
BiLSTM+Attention,test,77.387402_12.962105,2024-08-01,0.51957685,0.49942207
BiLSTM+Attention,test,77.387402_12.97558,2024-08-01,0.541577,0.49899465
BiLSTM+Attention,test,77.387402_12.980071,2024-08-01,0.54409754,0.5045444
BiLSTM+Attention,test,77.391894_12.867782,2024-08-01,0.5504234,0.561068
BiLSTM+Attention,test,77.391894_12.881256,2024-08-01,0.5331231,0.5414465
BiLSTM+Attention,test,77.391894_12.885748,2024-08-01,0.5652861,0.56466246
BiLSTM+Attention,test,77.396385_12.894731,2024-08-01,0.5683074,0.56170976
BiLSTM+Attention,test,77.396385_12.908206,2024-08-01,0.52668905,0.5121278
BiLSTM+Attention,test,77.396385_12.944139,2024-08-01,0.5705577,0.55984014
BiLSTM+Attention,test,77.396385_12.971088,2024-08-01,0.4904158,0.4690066
BiLSTM+Attention,test,77.396385_12.97558,2024-08-01,0.48765975,0.4497068
BiLSTM+Attention,test,77.396385_13.029478,2024-08-01,0.4219197,0.3821055
BiLSTM+Attention,test,77.400877_12.957613,2024-08-01,0.5342831,0.5215233
BiLSTM+Attention,test,77.400877_12.966596,2024-08-01,0.48726746,0.47216773
BiLSTM+Attention,test,77.400877_13.029478,2024-08-01,0.40958038,0.3707294
BiLSTM+Attention,test,77.405368_12.881256,2024-08-01,0.47809026,0.46867716
BiLSTM+Attention,test,77.405368_12.89024,2024-08-01,0.5009533,0.49931008
BiLSTM+Attention,test,77.405368_12.903714,2024-08-01,0.50757205,0.4664548
BiLSTM+Attention,test,77.405368_12.930664,2024-08-01,0.5955463,0.603286
BiLSTM+Attention,test,77.405368_12.998037,2024-08-01,0.5291175,0.4940381
BiLSTM+Attention,test,77.405368_13.105835,2024-08-01,0.45183176,0.4152315
BiLSTM+Attention,test,77.405368_13.11931,2024-08-01,0.4141904,0.37539566
BiLSTM+Attention,test,77.40986_12.872273,2024-08-01,0.44351646,0.42357
BiLSTM+Attention,test,77.40986_12.881256,2024-08-01,0.44555348,0.43848893
BiLSTM+Attention,test,77.40986_12.962105,2024-08-01,0.54356796,0.53632694
BiLSTM+Attention,test,77.414352_12.930664,2024-08-01,0.5561218,0.54592896
BiLSTM+Attention,test,77.414352_12.989054,2024-08-01,0.4910758,0.45739508
BiLSTM+Attention,test,77.414352_12.993546,2024-08-01,0.4987315,0.46367878
BiLSTM+Attention,test,77.414352_13.03397,2024-08-01,0.4667503,0.42737663
BiLSTM+Attention,test,77.414352_13.096852,2024-08-01,0.43424442,0.38997954
BiLSTM+Attention,test,77.414352_13.11931,2024-08-01,0.43345025,0.39301854
BiLSTM+Attention,test,77.418843_12.876765,2024-08-01,0.4608338,0.44405687
BiLSTM+Attention,test,77.418843_12.89024,2024-08-01,0.48902637,0.4816072
BiLSTM+Attention,test,77.418843_12.94863,2024-08-01,0.54275423,0.538479
BiLSTM+Attention,test,77.418843_12.971088,2024-08-01,0.50553036,0.49529356
BiLSTM+Attention,test,77.418843_12.993546,2024-08-01,0.5290145,0.5024191
BiLSTM+Attention,test,77.418843_13.016004,2024-08-01,0.4937888,0.45291835
BiLSTM+Attention,test,77.418843_13.024987,2024-08-01,0.4849205,0.43919793
BiLSTM+Attention,test,77.418843_13.029478,2024-08-01,0.48445147,0.43783373
BiLSTM+Attention,test,77.418843_13.146259,2024-08-01,0.39607832,0.36509675
BiLSTM+Attention,test,77.423335_12.876765,2024-08-01,0.46261203,0.4660859
BiLSTM+Attention,test,77.423335_12.921681,2024-08-01,0.5614939,0.5530756
BiLSTM+Attention,test,77.423335_12.930664,2024-08-01,0.5288966,0.5350295
BiLSTM+Attention,test,77.423335_13.002529,2024-08-01,0.5771011,0.5513309
BiLSTM+Attention,test,77.423335_13.092361,2024-08-01,0.3715878,0.35119653
BiLSTM+Attention,test,77.423335_13.141768,2024-08-01,0.4285363,0.41329467
BiLSTM+Attention,test,77.423335_13.150751,2024-08-01,0.40483373,0.36669207
BiLSTM+Attention,test,77.427826_12.845324,2024-08-01,0.40459588,0.3961352
BiLSTM+Attention,test,77.427826_12.858799,2024-08-01,0.45731255,0.45539826
BiLSTM+Attention,test,77.427826_12.930664,2024-08-01,0.53638226,0.5430678
BiLSTM+Attention,test,77.427826_12.939647,2024-08-01,0.49470013,0.48157012
BiLSTM+Attention,test,77.427826_12.944139,2024-08-01,0.50808305,0.5005275
BiLSTM+Attention,test,77.427826_13.020495,2024-08-01,0.49545634,0.46114856
BiLSTM+Attention,test,77.427826_13.024987,2024-08-01,0.48634514,0.44075954
BiLSTM+Attention,test,77.427826_13.110327,2024-08-01,0.45257366,0.40987688
BiLSTM+Attention,test,77.427826_13.132785,2024-08-01,0.507798,0.47471607
BiLSTM+Attention,test,77.432318_12.858799,2024-08-01,0.47190553,0.4693386
BiLSTM+Attention,test,77.432318_12.86329,2024-08-01,0.4780271,0.47589082
BiLSTM+Attention,test,77.432318_12.867782,2024-08-01,0.46968496,0.4661857
BiLSTM+Attention,test,77.432318_12.881256,2024-08-01,0.51241374,0.5123306
BiLSTM+Attention,test,77.432318_12.885748,2024-08-01,0.60249805,0.6081677
BiLSTM+Attention,test,77.432318_12.957613,2024-08-01,0.49898455,0.4813254
BiLSTM+Attention,test,77.432318_12.998037,2024-08-01,0.44787353,0.41481793
BiLSTM+Attention,test,77.432318_13.087869,2024-08-01,0.4564066,0.4171306
BiLSTM+Attention,test,77.432318_13.092361,2024-08-01,0.41278133,0.38035852
BiLSTM+Attention,test,77.436809_12.818374,2024-08-01,0.6309967,0.5896116
BiLSTM+Attention,test,77.436809_12.840832,2024-08-01,0.5193262,0.51469535
BiLSTM+Attention,test,77.436809_12.854307,2024-08-01,0.48552227,0.484927
BiLSTM+Attention,test,77.436809_12.912697,2024-08-01,0.6162588,0.61492133
BiLSTM+Attention,test,77.436809_12.926172,2024-08-01,0.5491878,0.5495768
BiLSTM+Attention,test,77.436809_12.944139,2024-08-01,0.519748,0.51058954
BiLSTM+Attention,test,77.436809_13.03397,2024-08-01,0.4694016,0.4335407
BiLSTM+Attention,test,77.441301_12.818374,2024-08-01,0.6107473,0.61100626
BiLSTM+Attention,test,77.441301_12.831849,2024-08-01,0.5040914,0.5046547
BiLSTM+Attention,test,77.441301_12.836341,2024-08-01,0.5330001,0.5268837
BiLSTM+Attention,test,77.441301_12.840832,2024-08-01,0.50631577,0.4970132
BiLSTM+Attention,test,77.441301_12.944139,2024-08-01,0.55710834,0.5532655
BiLSTM+Attention,test,77.441301_12.94863,2024-08-01,0.51111573,0.5062203
BiLSTM+Attention,test,77.441301_13.056428,2024-08-01,0.43369433,0.42274296
BiLSTM+Attention,test,77.441301_13.069903,2024-08-01,0.4504487,0.43604076
BiLSTM+Attention,test,77.441301_13.083377,2024-08-01,0.46212092,0.4232096
BiLSTM+Attention,test,77.441301_13.110327,2024-08-01,0.44796637,0.40509564
BiLSTM+Attention,test,77.445793_12.840832,2024-08-01,0.57897556,0.57508796
BiLSTM+Attention,test,77.445793_12.86329,2024-08-01,0.5944301,0.6093026
BiLSTM+Attention,test,77.445793_12.867782,2024-08-01,0.57365376,0.5896813
BiLSTM+Attention,test,77.445793_12.912697,2024-08-01,0.5221735,0.5159678
BiLSTM+Attention,test,77.445793_12.957613,2024-08-01,0.49962264,0.4850905
BiLSTM+Attention,test,77.445793_12.984563,2024-08-01,0.5176064,0.5067948
BiLSTM+Attention,test,77.450284_12.809391,2024-08-01,0.5814754,0.55489236
BiLSTM+Attention,test,77.450284_12.872273,2024-08-01,0.5731522,0.58816576
BiLSTM+Attention,test,77.450284_12.89024,2024-08-01,0.56251454,0.5802583
BiLSTM+Attention,test,77.450284_12.971088,2024-08-01,0.50215554,0.4834932
BiLSTM+Attention,test,77.450284_12.993546,2024-08-01,0.39890173,0.3873611
BiLSTM+Attention,test,77.450284_13.029478,2024-08-01,0.45682755,0.42476112
BiLSTM+Attention,test,77.450284_13.047445,2024-08-01,0.46937114,0.44015533
BiLSTM+Attention,test,77.450284_13.146259,2024-08-01,0.5225901,0.4863912
BiLSTM+Attention,test,77.454776_12.809391,2024-08-01,0.53164446,0.5237624
BiLSTM+Attention,test,77.454776_12.885748,2024-08-01,0.5550624,0.5590879
BiLSTM+Attention,test,77.454776_12.980071,2024-08-01,0.4347377,0.42585522
BiLSTM+Attention,test,77.454776_12.993546,2024-08-01,0.42477277,0.40620458
BiLSTM+Attention,test,77.454776_13.078886,2024-08-01,0.46815586,0.42949855
BiLSTM+Attention,test,77.454776_13.087869,2024-08-01,0.43186224,0.39296812
BiLSTM+Attention,test,77.454776_13.114818,2024-08-01,0.5091441,0.47656417
BiLSTM+Attention,test,77.454776_13.141768,2024-08-01,0.5259744,0.49438965
BiLSTM+Attention,test,77.459267_12.8049,2024-08-01,0.6006074,0.6024054
BiLSTM+Attention,test,77.459267_12.822866,2024-08-01,0.5785439,0.55967814
BiLSTM+Attention,test,77.459267_12.845324,2024-08-01,0.56690276,0.5649765
BiLSTM+Attention,test,77.459267_12.872273,2024-08-01,0.5773599,0.55952203
BiLSTM+Attention,test,77.459267_12.903714,2024-08-01,0.5307309,0.50706834
BiLSTM+Attention,test,77.459267_12.926172,2024-08-01,0.5434399,0.545289
BiLSTM+Attention,test,77.459267_12.97558,2024-08-01,0.449468,0.44655228
BiLSTM+Attention,test,77.459267_13.016004,2024-08-01,0.4073448,0.3963542
BiLSTM+Attention,test,77.459267_13.020495,2024-08-01,0.42576993,0.3932311
BiLSTM+Attention,test,77.459267_13.11931,2024-08-01,0.5060052,0.47166693
BiLSTM+Attention,test,77.463759_12.813883,2024-08-01,0.51187265,0.5122097
BiLSTM+Attention,test,77.463759_12.836341,2024-08-01,0.56389856,0.56745625
BiLSTM+Attention,test,77.463759_12.86329,2024-08-01,0.5807945,0.59677505
BiLSTM+Attention,test,77.463759_12.867782,2024-08-01,0.5742441,0.5718082
BiLSTM+Attention,test,77.463759_12.872273,2024-08-01,0.550025,0.54877627
BiLSTM+Attention,test,77.463759_12.881256,2024-08-01,0.6233396,0.5957758
BiLSTM+Attention,test,77.463759_12.885748,2024-08-01,0.60548747,0.60482293
BiLSTM+Attention,test,77.463759_12.894731,2024-08-01,0.54509586,0.5425952
BiLSTM+Attention,test,77.463759_12.899223,2024-08-01,0.5477031,0.55152637
BiLSTM+Attention,test,77.463759_12.917189,2024-08-01,0.49182302,0.49449545
BiLSTM+Attention,test,77.463759_12.953122,2024-08-01,0.7464222,0.76225466
BiLSTM+Attention,test,77.463759_13.03397,2024-08-01,0.42468002,0.38965404
BiLSTM+Attention,test,77.463759_13.078886,2024-08-01,0.5366245,0.50637275
BiLSTM+Attention,test,77.46825_12.827358,2024-08-01,0.47648457,0.4683349
BiLSTM+Attention,test,77.46825_12.836341,2024-08-01,0.57128775,0.57210284
BiLSTM+Attention,test,77.46825_12.894731,2024-08-01,0.5252378,0.5227498
BiLSTM+Attention,test,77.46825_12.94863,2024-08-01,0.5904424,0.5941807
BiLSTM+Attention,test,77.46825_12.953122,2024-08-01,0.5214814,0.5219266
BiLSTM+Attention,test,77.46825_12.966596,2024-08-01,0.50392485,0.50230294
BiLSTM+Attention,test,77.46825_13.007021,2024-08-01,0.4201276,0.40911883
BiLSTM+Attention,test,77.46825_13.020495,2024-08-01,0.5099004,0.4770118
BiLSTM+Attention,test,77.46825_13.114818,2024-08-01,0.5500888,0.5206521
BiLSTM+Attention,test,77.46825_13.150751,2024-08-01,0.46073225,0.4218341
BiLSTM+Attention,test,77.46825_13.1777,2024-08-01,0.5511916,0.5138921
BiLSTM+Attention,test,77.472742_12.746509,2024-08-01,0.6530547,0.6192516
BiLSTM+Attention,test,77.472742_12.751001,2024-08-01,0.60686386,0.5689215
BiLSTM+Attention,test,77.472742_12.755492,2024-08-01,0.62387645,0.59383565
BiLSTM+Attention,test,77.472742_12.795916,2024-08-01,0.5456457,0.53806067
BiLSTM+Attention,test,77.472742_12.836341,2024-08-01,0.5613467,0.55985904
BiLSTM+Attention,test,77.472742_12.984563,2024-08-01,0.46583244,0.4691161
BiLSTM+Attention,test,77.472742_13.087869,2024-08-01,0.4908091,0.45833057
BiLSTM+Attention,test,77.477234_12.764475,2024-08-01,0.6182316,0.5948947
BiLSTM+Attention,test,77.477234_12.782442,2024-08-01,0.55404913,0.52489233
BiLSTM+Attention,test,77.477234_12.840832,2024-08-01,0.56309783,0.5667525
BiLSTM+Attention,test,77.477234_12.899223,2024-08-01,0.48553112,0.47667956
BiLSTM+Attention,test,77.477234_12.935155,2024-08-01,0.6125724,0.6299611
BiLSTM+Attention,test,77.477234_12.944139,2024-08-01,0.56207985,0.54560304
BiLSTM+Attention,test,77.477234_12.94863,2024-08-01,0.5578717,0.56252205
BiLSTM+Attention,test,77.477234_12.971088,2024-08-01,0.51659364,0.51578766
BiLSTM+Attention,test,77.477234_13.002529,2024-08-01,0.4156885,0.41492015
BiLSTM+Attention,test,77.477234_13.056428,2024-08-01,0.46767676,0.46452427
BiLSTM+Attention,test,77.481725_12.737526,2024-08-01,0.62651354,0.5998992
BiLSTM+Attention,test,77.481725_12.768967,2024-08-01,0.6131706,0.5841276
BiLSTM+Attention,test,77.481725_12.831849,2024-08-01,0.5050886,0.50385135
BiLSTM+Attention,test,77.481725_12.89024,2024-08-01,0.5647999,0.56699264
BiLSTM+Attention,test,77.481725_12.894731,2024-08-01,0.53197217,0.5241444
BiLSTM+Attention,test,77.481725_12.944139,2024-08-01,0.57486415,0.55975115
BiLSTM+Attention,test,77.481725_12.971088,2024-08-01,0.44138727,0.43595672
BiLSTM+Attention,test,77.481725_12.980071,2024-08-01,0.510647,0.49640697
BiLSTM+Attention,test,77.481725_13.024987,2024-08-01,0.46641606,0.4592564
BiLSTM+Attention,test,77.481725_13.03397,2024-08-01,0.46835756,0.43173927
BiLSTM+Attention,test,77.481725_13.096852,2024-08-01,0.5741415,0.55544454
BiLSTM+Attention,test,77.481725_13.137276,2024-08-01,0.6494893,0.6482756
BiLSTM+Attention,test,77.486217_12.764475,2024-08-01,0.60807306,0.5748115
BiLSTM+Attention,test,77.486217_12.872273,2024-08-01,0.5214428,0.5213971
BiLSTM+Attention,test,77.486217_12.939647,2024-08-01,0.57090986,0.58069015
BiLSTM+Attention,test,77.486217_12.998037,2024-08-01,0.46311688,0.47496784
BiLSTM+Attention,test,77.486217_13.042953,2024-08-01,0.53895026,0.5187816
BiLSTM+Attention,test,77.486217_13.06092,2024-08-01,0.53231645,0.53505117
BiLSTM+Attention,test,77.486217_13.114818,2024-08-01,0.49055323,0.45730364
BiLSTM+Attention,test,77.486217_13.11931,2024-08-01,0.5078281,0.4777596
BiLSTM+Attention,test,77.490708_12.768967,2024-08-01,0.5998274,0.5742632
BiLSTM+Attention,test,77.490708_12.8049,2024-08-01,0.56309825,0.5644614
BiLSTM+Attention,test,77.490708_12.849815,2024-08-01,0.5918236,0.59863144
BiLSTM+Attention,test,77.490708_12.89024,2024-08-01,0.52384704,0.52225643
BiLSTM+Attention,test,77.490708_13.051936,2024-08-01,0.60559946,0.5902477
BiLSTM+Attention,test,77.490708_13.087869,2024-08-01,0.54664063,0.51570076
BiLSTM+Attention,test,77.490708_13.092361,2024-08-01,0.5421187,0.51397425
BiLSTM+Attention,test,77.490708_13.096852,2024-08-01,0.57219243,0.555294
BiLSTM+Attention,test,77.490708_13.182192,2024-08-01,0.5896809,0.5643477
BiLSTM+Attention,test,77.490708_13.209142,2024-08-01,0.54731303,0.50955516
BiLSTM+Attention,test,77.4952_12.786933,2024-08-01,0.5601331,0.54332536
BiLSTM+Attention,test,77.4952_12.836341,2024-08-01,0.54824597,0.53914726
BiLSTM+Attention,test,77.4952_12.899223,2024-08-01,0.5710897,0.57275206
BiLSTM+Attention,test,77.4952_12.962105,2024-08-01,0.5550403,0.5667215
BiLSTM+Attention,test,77.4952_13.020495,2024-08-01,0.5337152,0.5062018
BiLSTM+Attention,test,77.4952_13.024987,2024-08-01,0.5233395,0.4996264
BiLSTM+Attention,test,77.4952_13.03397,2024-08-01,0.57656336,0.5582487
BiLSTM+Attention,test,77.4952_13.087869,2024-08-01,0.5209038,0.4831658
BiLSTM+Attention,test,77.4952_13.092361,2024-08-01,0.54735255,0.52407897
BiLSTM+Attention,test,77.4952_13.182192,2024-08-01,0.58923596,0.5652222
BiLSTM+Attention,test,77.499692_12.755492,2024-08-01,0.665709,0.64168173
BiLSTM+Attention,test,77.499692_12.858799,2024-08-01,0.6393146,0.6477832
BiLSTM+Attention,test,77.499692_12.899223,2024-08-01,0.54160964,0.55670583
BiLSTM+Attention,test,77.499692_12.984563,2024-08-01,0.5052721,0.5139191
BiLSTM+Attention,test,77.499692_13.114818,2024-08-01,0.5097166,0.47666085
BiLSTM+Attention,test,77.499692_13.137276,2024-08-01,0.5026342,0.47357512
BiLSTM+Attention,test,77.499692_13.168717,2024-08-01,0.63808084,0.62425107
BiLSTM+Attention,test,77.504183_12.764475,2024-08-01,0.6707475,0.65472335
BiLSTM+Attention,test,77.504183_12.786933,2024-08-01,0.6281799,0.61719185
BiLSTM+Attention,test,77.504183_12.818374,2024-08-01,0.5889155,0.58044237
BiLSTM+Attention,test,77.504183_12.854307,2024-08-01,0.58125216,0.58169836
BiLSTM+Attention,test,77.504183_12.858799,2024-08-01,0.63807833,0.6424518
BiLSTM+Attention,test,77.504183_12.953122,2024-08-01,0.55361825,0.54929936
BiLSTM+Attention,test,77.504183_13.083377,2024-08-01,0.57909584,0.555678
BiLSTM+Attention,test,77.504183_13.141768,2024-08-01,0.5798017,0.5640333
BiLSTM+Attention,test,77.504183_13.159734,2024-08-01,0.66873646,0.6531312
BiLSTM+Attention,test,77.504183_13.195667,2024-08-01,0.5218946,0.48802722
BiLSTM+Attention,test,77.508675_12.751001,2024-08-01,0.6705921,0.65044326
BiLSTM+Attention,test,77.508675_12.795916,2024-08-01,0.6555541,0.6467435
BiLSTM+Attention,test,77.508675_12.831849,2024-08-01,0.5892786,0.57900923
BiLSTM+Attention,test,77.508675_12.836341,2024-08-01,0.61447424,0.60594445
BiLSTM+Attention,test,77.508675_12.845324,2024-08-01,0.5789753,0.58155155
BiLSTM+Attention,test,77.508675_12.903714,2024-08-01,0.5134544,0.49812114
BiLSTM+Attention,test,77.508675_12.912697,2024-08-01,0.5384928,0.5449764
BiLSTM+Attention,test,77.508675_12.917189,2024-08-01,0.62397456,0.61036545
BiLSTM+Attention,test,77.508675_13.114818,2024-08-01,0.47093034,0.43016875
BiLSTM+Attention,test,77.508675_13.137276,2024-08-01,0.52912587,0.49967974
BiLSTM+Attention,test,77.508675_13.159734,2024-08-01,0.65425414,0.6360525
BiLSTM+Attention,test,77.508675_13.191175,2024-08-01,0.5236708,0.51640487
BiLSTM+Attention,test,77.513166_12.746509,2024-08-01,0.76730543,0.7689062
BiLSTM+Attention,test,77.513166_12.764475,2024-08-01,0.6335638,0.60869086
BiLSTM+Attention,test,77.513166_12.77795,2024-08-01,0.7266587,0.7230569
BiLSTM+Attention,test,77.513166_12.822866,2024-08-01,0.66247547,0.6564054
BiLSTM+Attention,test,77.513166_12.908206,2024-08-01,0.51472205,0.50516593
BiLSTM+Attention,test,77.513166_13.087869,2024-08-01,0.57552475,0.56095576
BiLSTM+Attention,test,77.513166_13.096852,2024-08-01,0.63939047,0.6373943
BiLSTM+Attention,test,77.513166_13.137276,2024-08-01,0.49003372,0.45305687
BiLSTM+Attention,test,77.513166_13.1777,2024-08-01,0.5682267,0.54277086
BiLSTM+Attention,test,77.517658_12.764475,2024-08-01,0.66350317,0.6565297
BiLSTM+Attention,test,77.517658_12.77795,2024-08-01,0.70202816,0.68974364
BiLSTM+Attention,test,77.517658_12.782442,2024-08-01,0.69723374,0.6947012
BiLSTM+Attention,test,77.517658_12.795916,2024-08-01,0.6751084,0.64596355
BiLSTM+Attention,test,77.517658_12.827358,2024-08-01,0.5897802,0.5768213
BiLSTM+Attention,test,77.517658_12.849815,2024-08-01,0.5846901,0.58059394
BiLSTM+Attention,test,77.517658_12.885748,2024-08-01,0.5699136,0.58669955
BiLSTM+Attention,test,77.517658_12.89024,2024-08-01,0.5614315,0.5693202
BiLSTM+Attention,test,77.517658_12.899223,2024-08-01,0.55414575,0.5680906
BiLSTM+Attention,test,77.517658_12.998037,2024-08-01,0.5920836,0.58094144
BiLSTM+Attention,test,77.517658_13.11931,2024-08-01,0.43450937,0.40043756
BiLSTM+Attention,test,77.517658_13.182192,2024-08-01,0.57167405,0.5463091
BiLSTM+Attention,test,77.517658_13.186684,2024-08-01,0.58054924,0.56000024
BiLSTM+Attention,test,77.517658_13.191175,2024-08-01,0.5241908,0.4956059
BiLSTM+Attention,test,77.522149_12.751001,2024-08-01,0.6959597,0.71575505
BiLSTM+Attention,test,77.522149_12.755492,2024-08-01,0.67200756,0.6789471
BiLSTM+Attention,test,77.522149_12.759984,2024-08-01,0.70484895,0.7026866
BiLSTM+Attention,test,77.522149_12.782442,2024-08-01,0.7151256,0.71308506
BiLSTM+Attention,test,77.522149_12.809391,2024-08-01,0.77431524,0.77524257
BiLSTM+Attention,test,77.522149_12.813883,2024-08-01,0.5890751,0.576097
BiLSTM+Attention,test,77.522149_12.818374,2024-08-01,0.56847864,0.5540237
BiLSTM+Attention,test,77.522149_12.836341,2024-08-01,0.57977086,0.5712541
BiLSTM+Attention,test,77.522149_12.845324,2024-08-01,0.5956726,0.5914469
BiLSTM+Attention,test,77.522149_13.056428,2024-08-01,0.6015812,0.5862642
BiLSTM+Attention,test,77.522149_13.078886,2024-08-01,0.5761727,0.5639105
BiLSTM+Attention,test,77.522149_13.146259,2024-08-01,0.4537916,0.41475207
BiLSTM+Attention,test,77.522149_13.200158,2024-08-01,0.56304884,0.53915775
BiLSTM+Attention,test,77.526641_12.751001,2024-08-01,0.7079591,0.7122811
BiLSTM+Attention,test,77.526641_12.840832,2024-08-01,0.65005463,0.6456046
BiLSTM+Attention,test,77.526641_12.89024,2024-08-01,0.6164446,0.62687147
BiLSTM+Attention,test,77.526641_12.899223,2024-08-01,0.588086,0.5920348
BiLSTM+Attention,test,77.526641_13.078886,2024-08-01,0.5900396,0.57707095
BiLSTM+Attention,test,77.526641_13.105835,2024-08-01,0.44622904,0.4101846
BiLSTM+Attention,test,77.526641_13.110327,2024-08-01,0.4421594,0.40545475
BiLSTM+Attention,test,77.531133_12.791425,2024-08-01,0.61468226,0.60246223
BiLSTM+Attention,test,77.531133_12.795916,2024-08-01,0.6541139,0.64066184
BiLSTM+Attention,test,77.531133_12.800408,2024-08-01,0.6298163,0.61433417
BiLSTM+Attention,test,77.531133_12.822866,2024-08-01,0.59728134,0.5875611
BiLSTM+Attention,test,77.531133_12.827358,2024-08-01,0.610097,0.60145503
BiLSTM+Attention,test,77.531133_12.894731,2024-08-01,0.54037017,0.5415895
BiLSTM+Attention,test,77.531133_13.083377,2024-08-01,0.55862963,0.5368179
BiLSTM+Attention,test,77.531133_13.114818,2024-08-01,0.4538615,0.42261937
BiLSTM+Attention,test,77.531133_13.195667,2024-08-01,0.5751957,0.5529974
BiLSTM+Attention,test,77.535624_12.77795,2024-08-01,0.745854,0.76380867
BiLSTM+Attention,test,77.535624_12.822866,2024-08-01,0.7002537,0.70550174
BiLSTM+Attention,test,77.535624_12.872273,2024-08-01,0.5052338,0.4976846
BiLSTM+Attention,test,77.535624_12.899223,2024-08-01,0.5213334,0.5155635
BiLSTM+Attention,test,77.535624_13.069903,2024-08-01,0.6624135,0.657751
BiLSTM+Attention,test,77.535624_13.083377,2024-08-01,0.5512405,0.52460325
BiLSTM+Attention,test,77.535624_13.096852,2024-08-01,0.49210316,0.4600321
BiLSTM+Attention,test,77.535624_13.114818,2024-08-01,0.4795502,0.453682
BiLSTM+Attention,test,77.535624_13.132785,2024-08-01,0.50479615,0.4759134
BiLSTM+Attention,test,77.535624_13.137276,2024-08-01,0.44705728,0.41603965
BiLSTM+Attention,test,77.535624_13.195667,2024-08-01,0.5172852,0.48605198
BiLSTM+Attention,test,77.540116_12.77795,2024-08-01,0.6733173,0.6530124
BiLSTM+Attention,test,77.540116_12.795916,2024-08-01,0.67415774,0.6760372
BiLSTM+Attention,test,77.540116_13.042953,2024-08-01,0.59144664,0.57739747
BiLSTM+Attention,test,77.540116_13.074394,2024-08-01,0.6096479,0.60006934
BiLSTM+Attention,test,77.540116_13.092361,2024-08-01,0.45009825,0.42618227
BiLSTM+Attention,test,77.540116_13.101344,2024-08-01,0.47999945,0.4482311
BiLSTM+Attention,test,77.540116_13.105835,2024-08-01,0.49074468,0.46456462
BiLSTM+Attention,test,77.540116_13.114818,2024-08-01,0.4516349,0.4304581
BiLSTM+Attention,test,77.540116_13.132785,2024-08-01,0.49001783,0.46749526
BiLSTM+Attention,test,77.540116_13.155243,2024-08-01,0.5162626,0.49051398
BiLSTM+Attention,test,77.540116_13.182192,2024-08-01,0.4825677,0.4595601
BiLSTM+Attention,test,77.544607_12.831849,2024-08-01,0.75797206,0.7667369
BiLSTM+Attention,test,77.544607_13.218125,2024-08-01,0.56862026,0.5479458
BiLSTM+Attention,test,77.549099_12.822866,2024-08-01,0.7781695,0.77607375
BiLSTM+Attention,test,77.549099_12.831849,2024-08-01,0.6911649,0.6950807
BiLSTM+Attention,test,77.549099_12.836341,2024-08-01,0.6633804,0.66280603
BiLSTM+Attention,test,77.549099_12.845324,2024-08-01,0.6498444,0.6518157
BiLSTM+Attention,test,77.549099_12.867782,2024-08-01,0.58971614,0.57345986
BiLSTM+Attention,test,77.549099_12.876765,2024-08-01,0.5556685,0.5343137
BiLSTM+Attention,test,77.549099_12.894731,2024-08-01,0.616321,0.6303525
BiLSTM+Attention,test,77.549099_13.096852,2024-08-01,0.5168981,0.48717415
BiLSTM+Attention,test,77.549099_13.132785,2024-08-01,0.6213441,0.6047853
BiLSTM+Attention,test,77.55359_12.71956,2024-08-01,0.81295,0.80719554
BiLSTM+Attention,test,77.55359_12.782442,2024-08-01,0.72914565,0.73526967
BiLSTM+Attention,test,77.55359_12.849815,2024-08-01,0.64419186,0.6401436
BiLSTM+Attention,test,77.55359_12.872273,2024-08-01,0.54682034,0.5393745
BiLSTM+Attention,test,77.55359_13.069903,2024-08-01,0.7278746,0.7251409
BiLSTM+Attention,test,77.55359_13.101344,2024-08-01,0.47251505,0.44043106
BiLSTM+Attention,test,77.55359_13.110327,2024-08-01,0.5285333,0.50985575
BiLSTM+Attention,test,77.55359_13.128293,2024-08-01,0.6002288,0.58625144
BiLSTM+Attention,test,77.55359_13.168717,2024-08-01,0.5273515,0.50645345
BiLSTM+Attention,test,77.55359_13.173209,2024-08-01,0.4505771,0.4296966
BiLSTM+Attention,test,77.558082_12.710577,2024-08-01,0.8409379,0.8359949
BiLSTM+Attention,test,77.558082_12.827358,2024-08-01,0.7087324,0.70956177
BiLSTM+Attention,test,77.558082_12.845324,2024-08-01,0.6872686,0.6908227
BiLSTM+Attention,test,77.558082_13.042953,2024-08-01,0.6690955,0.6580716
BiLSTM+Attention,test,77.558082_13.051936,2024-08-01,0.6993049,0.69413626
BiLSTM+Attention,test,77.558082_13.110327,2024-08-01,0.5367347,0.5178611
BiLSTM+Attention,test,77.558082_13.168717,2024-08-01,0.5410403,0.52079475
BiLSTM+Attention,test,77.558082_13.1777,2024-08-01,0.52268195,0.49668694
BiLSTM+Attention,test,77.562574_12.71956,2024-08-01,0.81519896,0.8105512
BiLSTM+Attention,test,77.562574_12.827358,2024-08-01,0.71612155,0.7124837
BiLSTM+Attention,test,77.562574_12.858799,2024-08-01,0.5369167,0.53958076
BiLSTM+Attention,test,77.562574_12.872273,2024-08-01,0.6192012,0.6249881
BiLSTM+Attention,test,77.562574_12.876765,2024-08-01,0.66129327,0.65031713
BiLSTM+Attention,test,77.562574_13.141768,2024-08-01,0.5151002,0.4879027
BiLSTM+Attention,test,77.562574_13.159734,2024-08-01,0.5435442,0.52252316
BiLSTM+Attention,test,77.562574_13.173209,2024-08-01,0.5502038,0.528944
BiLSTM+Attention,test,77.567065_12.724051,2024-08-01,0.76171136,0.7487184
BiLSTM+Attention,test,77.567065_12.813883,2024-08-01,0.70564663,0.7032983
BiLSTM+Attention,test,77.567065_12.849815,2024-08-01,0.683247,0.68533
BiLSTM+Attention,test,77.567065_13.105835,2024-08-01,0.5993032,0.5881614
BiLSTM+Attention,test,77.567065_13.114818,2024-08-01,0.6447521,0.6395513
BiLSTM+Attention,test,77.567065_13.182192,2024-08-01,0.5467504,0.52966
BiLSTM+Attention,test,77.571557_12.71956,2024-08-01,0.7981258,0.79381704
BiLSTM+Attention,test,77.571557_12.800408,2024-08-01,0.7035634,0.6978601
BiLSTM+Attention,test,77.571557_12.813883,2024-08-01,0.77469885,0.77819383
BiLSTM+Attention,test,77.571557_12.849815,2024-08-01,0.68703824,0.6860718
BiLSTM+Attention,test,77.571557_13.141768,2024-08-01,0.5192663,0.49091065
BiLSTM+Attention,test,77.571557_13.146259,2024-08-01,0.5226412,0.49536365
BiLSTM+Attention,test,77.576048_12.71956,2024-08-01,0.7643389,0.7583396
BiLSTM+Attention,test,77.576048_12.728543,2024-08-01,0.7598821,0.7426
BiLSTM+Attention,test,77.576048_12.742018,2024-08-01,0.75714827,0.7492737
BiLSTM+Attention,test,77.576048_12.813883,2024-08-01,0.7942797,0.7906009
BiLSTM+Attention,test,77.576048_12.827358,2024-08-01,0.67277575,0.6694763
BiLSTM+Attention,test,77.58054_12.800408,2024-08-01,0.7427632,0.75040793
BiLSTM+Attention,test,77.58054_12.845324,2024-08-01,0.70422363,0.69115734
BiLSTM+Attention,test,77.58054_13.083377,2024-08-01,0.5617771,0.5488345
BiLSTM+Attention,test,77.58054_13.087869,2024-08-01,0.53577304,0.5213584
BiLSTM+Attention,test,77.585031_12.849815,2024-08-01,0.6868421,0.6846322
BiLSTM+Attention,test,77.585031_13.042953,2024-08-01,0.69755155,0.693706
BiLSTM+Attention,test,77.585031_13.137276,2024-08-01,0.5263161,0.5027246
BiLSTM+Attention,test,77.589523_12.71956,2024-08-01,0.8712117,0.8557653
BiLSTM+Attention,test,77.589523_12.746509,2024-08-01,0.7582142,0.75530785
BiLSTM+Attention,test,77.589523_12.854307,2024-08-01,0.6345297,0.6400917
BiLSTM+Attention,test,77.589523_12.971088,2024-08-01,0.7422192,0.73936224
BiLSTM+Attention,test,77.589523_13.083377,2024-08-01,0.64557767,0.6363507
BiLSTM+Attention,test,77.589523_13.150751,2024-08-01,0.5317944,0.5019787
BiLSTM+Attention,test,77.594015_12.724051,2024-08-01,0.8478283,0.82766783
BiLSTM+Attention,test,77.594015_12.733034,2024-08-01,0.81853986,0.80257446
BiLSTM+Attention,test,77.594015_12.755492,2024-08-01,0.72047836,0.70710695
BiLSTM+Attention,test,77.594015_12.831849,2024-08-01,0.65319747,0.64782524
BiLSTM+Attention,test,77.594015_12.836341,2024-08-01,0.66898155,0.6770795
BiLSTM+Attention,test,77.594015_12.840832,2024-08-01,0.6695059,0.67708546
BiLSTM+Attention,test,77.594015_12.849815,2024-08-01,0.6603454,0.66951233
BiLSTM+Attention,test,77.594015_12.998037,2024-08-01,0.75271875,0.7396358
BiLSTM+Attention,test,77.594015_13.087869,2024-08-01,0.6302514,0.6285015
BiLSTM+Attention,test,77.598506_12.665661,2024-08-01,0.8507829,0.8405767
BiLSTM+Attention,test,77.598506_12.710577,2024-08-01,0.7667051,0.74910676
BiLSTM+Attention,test,77.598506_12.822866,2024-08-01,0.67802584,0.66975486
BiLSTM+Attention,test,77.598506_12.849815,2024-08-01,0.7003134,0.707505
BiLSTM+Attention,test,77.598506_13.083377,2024-08-01,0.62326646,0.618444
BiLSTM+Attention,test,77.598506_13.128293,2024-08-01,0.58776283,0.5736892
BiLSTM+Attention,test,77.598506_13.141768,2024-08-01,0.5015426,0.47953868
BiLSTM+Attention,test,77.598506_13.146259,2024-08-01,0.48150647,0.45777285
BiLSTM+Attention,test,77.602998_12.710577,2024-08-01,0.8157621,0.79072404
BiLSTM+Attention,test,77.602998_12.827358,2024-08-01,0.59379625,0.58412486
BiLSTM+Attention,test,77.602998_12.849815,2024-08-01,0.6001358,0.5959128
BiLSTM+Attention,test,77.602998_12.858799,2024-08-01,0.6089191,0.6148841
BiLSTM+Attention,test,77.602998_13.114818,2024-08-01,0.5920698,0.6067473
BiLSTM+Attention,test,77.602998_13.11931,2024-08-01,0.60910773,0.60036486
BiLSTM+Attention,test,77.602998_13.128293,2024-08-01,0.556004,0.5368888
BiLSTM+Attention,test,77.602998_13.164226,2024-08-01,0.5156605,0.4913382
BiLSTM+Attention,test,77.607489_12.768967,2024-08-01,0.67708826,0.6629605
BiLSTM+Attention,test,77.607489_12.773459,2024-08-01,0.6506186,0.632936
BiLSTM+Attention,test,77.607489_12.791425,2024-08-01,0.6386762,0.61323595
BiLSTM+Attention,test,77.607489_12.809391,2024-08-01,0.71431816,0.7170058
BiLSTM+Attention,test,77.607489_12.818374,2024-08-01,0.73636395,0.7405161
BiLSTM+Attention,test,77.607489_13.087869,2024-08-01,0.7147513,0.7202093
BiLSTM+Attention,test,77.611981_12.674644,2024-08-01,0.8426947,0.8159416
BiLSTM+Attention,test,77.611981_12.768967,2024-08-01,0.6225024,0.6107135
BiLSTM+Attention,test,77.611981_12.831849,2024-08-01,0.62008077,0.61566675
BiLSTM+Attention,test,77.611981_12.867782,2024-08-01,0.5747331,0.58263546
BiLSTM+Attention,test,77.611981_12.953122,2024-08-01,0.7582748,0.75080323
BiLSTM+Attention,test,77.611981_13.105835,2024-08-01,0.58094394,0.57494634
BiLSTM+Attention,test,77.611981_13.168717,2024-08-01,0.48538294,0.4619285
BiLSTM+Attention,test,77.611981_13.182192,2024-08-01,0.45837396,0.43441015
BiLSTM+Attention,test,77.616473_12.831849,2024-08-01,0.6613571,0.66158193
BiLSTM+Attention,test,77.616473_12.858799,2024-08-01,0.58581126,0.588341
BiLSTM+Attention,test,77.616473_13.114818,2024-08-01,0.6074857,0.601147
BiLSTM+Attention,test,77.616473_13.141768,2024-08-01,0.5334267,0.5146382
BiLSTM+Attention,test,77.616473_13.1777,2024-08-01,0.45130706,0.42565954
BiLSTM+Attention,test,77.620964_12.674644,2024-08-01,0.84969676,0.8337892
BiLSTM+Attention,test,77.620964_12.795916,2024-08-01,0.57642573,0.56131685
BiLSTM+Attention,test,77.620964_12.813883,2024-08-01,0.56769466,0.5492543
BiLSTM+Attention,test,77.620964_12.845324,2024-08-01,0.7134094,0.70011234
BiLSTM+Attention,test,77.620964_12.858799,2024-08-01,0.5670461,0.57129437
BiLSTM+Attention,test,77.620964_13.132785,2024-08-01,0.58499557,0.5671998
BiLSTM+Attention,test,77.625456_12.782442,2024-08-01,0.6055206,0.59240097
BiLSTM+Attention,test,77.625456_12.858799,2024-08-01,0.5325393,0.5300287
BiLSTM+Attention,test,77.625456_13.065411,2024-08-01,0.4814009,0.45961672
BiLSTM+Attention,test,77.625456_13.128293,2024-08-01,0.5887296,0.5735018
BiLSTM+Attention,test,77.625456_13.137276,2024-08-01,0.5234192,0.50427216
BiLSTM+Attention,test,77.625456_13.155243,2024-08-01,0.6433806,0.6427348
BiLSTM+Attention,test,77.625456_13.182192,2024-08-01,0.4857898,0.46338022
BiLSTM+Attention,test,77.629947_12.795916,2024-08-01,0.785003,0.7945866
BiLSTM+Attention,test,77.629947_12.809391,2024-08-01,0.59008104,0.5696473
BiLSTM+Attention,test,77.629947_12.836341,2024-08-01,0.65341556,0.63083154
BiLSTM+Attention,test,77.629947_12.854307,2024-08-01,0.6025037,0.58334166
BiLSTM+Attention,test,77.629947_12.858799,2024-08-01,0.55461025,0.5538041
BiLSTM+Attention,test,77.629947_13.06092,2024-08-01,0.5046433,0.4896006
BiLSTM+Attention,test,77.629947_13.087869,2024-08-01,0.5049458,0.48464555
BiLSTM+Attention,test,77.629947_13.1777,2024-08-01,0.51308846,0.49131155
BiLSTM+Attention,test,77.634439_12.679136,2024-08-01,0.7944879,0.75854963
BiLSTM+Attention,test,77.634439_12.701593,2024-08-01,0.7410189,0.732172
BiLSTM+Attention,test,77.634439_12.733034,2024-08-01,0.5808733,0.56850547
BiLSTM+Attention,test,77.634439_12.746509,2024-08-01,0.6256959,0.6027169
BiLSTM+Attention,test,77.634439_12.751001,2024-08-01,0.62176317,0.5937268
BiLSTM+Attention,test,77.634439_12.849815,2024-08-01,0.6079902,0.5936424
BiLSTM+Attention,test,77.634439_13.047445,2024-08-01,0.5650989,0.5636861
BiLSTM+Attention,test,77.634439_13.083377,2024-08-01,0.46718553,0.4431908
BiLSTM+Attention,test,77.634439_13.137276,2024-08-01,0.4817983,0.45594996
BiLSTM+Attention,test,77.63893_12.688119,2024-08-01,0.7339843,0.70376825
BiLSTM+Attention,test,77.63893_12.742018,2024-08-01,0.64114535,0.6210234
BiLSTM+Attention,test,77.63893_12.791425,2024-08-01,0.6342565,0.61002046
BiLSTM+Attention,test,77.63893_12.800408,2024-08-01,0.5880416,0.55521476
BiLSTM+Attention,test,77.63893_12.818374,2024-08-01,0.6015198,0.578451
BiLSTM+Attention,test,77.63893_12.840832,2024-08-01,0.6797161,0.67179203
BiLSTM+Attention,test,77.63893_12.872273,2024-08-01,0.5236109,0.5070968
BiLSTM+Attention,test,77.63893_12.917189,2024-08-01,0.75631374,0.75716394
BiLSTM+Attention,test,77.63893_12.989054,2024-08-01,0.66684353,0.6696845
BiLSTM+Attention,test,77.63893_13.056428,2024-08-01,0.5258977,0.51989037
BiLSTM+Attention,test,77.63893_13.078886,2024-08-01,0.4726691,0.45134926
BiLSTM+Attention,test,77.63893_13.083377,2024-08-01,0.4614514,0.43567064
BiLSTM+Attention,test,77.63893_13.1777,2024-08-01,0.4945083,0.46548378
BiLSTM+Attention,test,77.643422_12.795916,2024-08-01,0.61054724,0.57847154
BiLSTM+Attention,test,77.643422_12.800408,2024-08-01,0.5929677,0.5632719
BiLSTM+Attention,test,77.643422_12.809391,2024-08-01,0.6202771,0.59787697
BiLSTM+Attention,test,77.643422_12.867782,2024-08-01,0.56188947,0.54939306
BiLSTM+Attention,test,77.643422_13.002529,2024-08-01,0.5922525,0.58700454
BiLSTM+Attention,test,77.643422_13.038462,2024-08-01,0.58883256,0.5848951
BiLSTM+Attention,test,77.643422_13.164226,2024-08-01,0.600741,0.5933115
BiLSTM+Attention,test,77.647914_12.688119,2024-08-01,0.7728958,0.74051934
BiLSTM+Attention,test,77.647914_12.733034,2024-08-01,0.613523,0.59935814
BiLSTM+Attention,test,77.647914_12.881256,2024-08-01,0.5766709,0.56571764
BiLSTM+Attention,test,77.647914_12.935155,2024-08-01,0.7031196,0.6975462
BiLSTM+Attention,test,77.647914_13.141768,2024-08-01,0.631809,0.6299582
BiLSTM+Attention,test,77.647914_13.168717,2024-08-01,0.67075396,0.67228144
BiLSTM+Attention,test,77.652405_12.697102,2024-08-01,0.73779345,0.71463597
BiLSTM+Attention,test,77.652405_12.773459,2024-08-01,0.59683436,0.5680914
BiLSTM+Attention,test,77.652405_12.795916,2024-08-01,0.57171077,0.5446401
BiLSTM+Attention,test,77.652405_12.8049,2024-08-01,0.62731355,0.611251
BiLSTM+Attention,test,77.652405_12.858799,2024-08-01,0.71346855,0.7205753
BiLSTM+Attention,test,77.652405_12.926172,2024-08-01,0.692428,0.6883884
BiLSTM+Attention,test,77.652405_13.002529,2024-08-01,0.5808521,0.5687838
BiLSTM+Attention,test,77.656897_12.742018,2024-08-01,0.6517605,0.62858504
BiLSTM+Attention,test,77.656897_12.746509,2024-08-01,0.6317244,0.59875983
BiLSTM+Attention,test,77.656897_12.768967,2024-08-01,0.63696104,0.6340385
BiLSTM+Attention,test,77.656897_12.791425,2024-08-01,0.5899863,0.5706924
BiLSTM+Attention,test,77.656897_12.800408,2024-08-01,0.6424369,0.62272
BiLSTM+Attention,test,77.656897_12.831849,2024-08-01,0.6416637,0.63196635
BiLSTM+Attention,test,77.656897_12.849815,2024-08-01,0.53419465,0.5225711
BiLSTM+Attention,test,77.656897_12.939647,2024-08-01,0.63788813,0.63678145
BiLSTM+Attention,test,77.656897_13.101344,2024-08-01,0.49225888,0.4782039
BiLSTM+Attention,test,77.656897_13.164226,2024-08-01,0.5032676,0.48667574
BiLSTM+Attention,test,77.656897_13.173209,2024-08-01,0.47508752,0.4453075
BiLSTM+Attention,test,77.661388_12.737526,2024-08-01,0.6545943,0.62087715
BiLSTM+Attention,test,77.661388_12.759984,2024-08-01,0.6616822,0.643624
BiLSTM+Attention,test,77.661388_13.056428,2024-08-01,0.54657316,0.5332525
BiLSTM+Attention,test,77.661388_13.074394,2024-08-01,0.5477326,0.53747344
BiLSTM+Attention,test,77.661388_13.087869,2024-08-01,0.5002381,0.48908043
BiLSTM+Attention,test,77.661388_13.101344,2024-08-01,0.48813352,0.4755224
BiLSTM+Attention,test,77.661388_13.110327,2024-08-01,0.54939026,0.5465394
BiLSTM+Attention,test,77.661388_13.11931,2024-08-01,0.6027999,0.5999628
BiLSTM+Attention,test,77.66588_12.679136,2024-08-01,0.726481,0.6858933
BiLSTM+Attention,test,77.66588_12.697102,2024-08-01,0.6918755,0.652264
BiLSTM+Attention,test,77.66588_12.715068,2024-08-01,0.6684922,0.6446874
BiLSTM+Attention,test,77.66588_12.724051,2024-08-01,0.6580258,0.64119047
BiLSTM+Attention,test,77.66588_12.751001,2024-08-01,0.6216945,0.5920712
BiLSTM+Attention,test,77.66588_12.755492,2024-08-01,0.6652382,0.64505345
BiLSTM+Attention,test,77.66588_12.764475,2024-08-01,0.643441,0.62591755
BiLSTM+Attention,test,77.66588_12.768967,2024-08-01,0.7718859,0.76681334
BiLSTM+Attention,test,77.66588_12.791425,2024-08-01,0.67879355,0.6588627
BiLSTM+Attention,test,77.66588_12.953122,2024-08-01,0.6588726,0.65053666
BiLSTM+Attention,test,77.66588_13.038462,2024-08-01,0.55831605,0.5439311
BiLSTM+Attention,test,77.66588_13.051936,2024-08-01,0.58419615,0.56952447
BiLSTM+Attention,test,77.66588_13.173209,2024-08-01,0.48179525,0.45375884
BiLSTM+Attention,test,77.670371_12.71956,2024-08-01,0.66157293,0.64132327
BiLSTM+Attention,test,77.670371_12.86329,2024-08-01,0.5682861,0.5665112
BiLSTM+Attention,test,77.670371_12.881256,2024-08-01,0.55918354,0.5523212
BiLSTM+Attention,test,77.670371_12.894731,2024-08-01,0.5064836,0.4901108
BiLSTM+Attention,test,77.670371_13.069903,2024-08-01,0.48790956,0.46358037
BiLSTM+Attention,test,77.670371_13.083377,2024-08-01,0.44883022,0.42391008
BiLSTM+Attention,test,77.670371_13.092361,2024-08-01,0.45217034,0.43309098
BiLSTM+Attention,test,77.670371_13.128293,2024-08-01,0.53329283,0.5212865
BiLSTM+Attention,test,77.674863_12.674644,2024-08-01,0.76440346,0.74344546
BiLSTM+Attention,test,77.674863_12.71956,2024-08-01,0.65671486,0.641259
BiLSTM+Attention,test,77.674863_12.755492,2024-08-01,0.60936207,0.58430773
BiLSTM+Attention,test,77.674863_12.764475,2024-08-01,0.6239447,0.5980938
BiLSTM+Attention,test,77.674863_12.786933,2024-08-01,0.6531315,0.62437505
BiLSTM+Attention,test,77.674863_12.836341,2024-08-01,0.59093976,0.5815163
BiLSTM+Attention,test,77.674863_12.867782,2024-08-01,0.7426734,0.74742764
BiLSTM+Attention,test,77.674863_13.051936,2024-08-01,0.5930309,0.58003324
BiLSTM+Attention,test,77.674863_13.069903,2024-08-01,0.4699417,0.44455826
BiLSTM+Attention,test,77.674863_13.092361,2024-08-01,0.47194687,0.45213085
BiLSTM+Attention,test,77.674863_13.105835,2024-08-01,0.5262594,0.51255524
BiLSTM+Attention,test,77.679355_12.697102,2024-08-01,0.6374309,0.5899858
BiLSTM+Attention,test,77.679355_12.746509,2024-08-01,0.72112507,0.7015088
BiLSTM+Attention,test,77.679355_12.881256,2024-08-01,0.5850538,0.586248
BiLSTM+Attention,test,77.679355_12.89024,2024-08-01,0.59803677,0.5902845
BiLSTM+Attention,test,77.679355_12.899223,2024-08-01,0.5194147,0.50111127
BiLSTM+Attention,test,77.679355_13.047445,2024-08-01,0.7703279,0.7686264
BiLSTM+Attention,test,77.679355_13.056428,2024-08-01,0.56483114,0.5503158
BiLSTM+Attention,test,77.679355_13.074394,2024-08-01,0.4887081,0.4676624
BiLSTM+Attention,test,77.679355_13.101344,2024-08-01,0.4899997,0.48052818
BiLSTM+Attention,test,77.679355_13.141768,2024-08-01,0.5236981,0.51194996
BiLSTM+Attention,test,77.679355_13.155243,2024-08-01,0.45158508,0.42416137
BiLSTM+Attention,test,77.679355_13.159734,2024-08-01,0.47596547,0.44957107
BiLSTM+Attention,test,77.683846_12.728543,2024-08-01,0.64078915,0.6145243
BiLSTM+Attention,test,77.683846_12.742018,2024-08-01,0.5873537,0.56428397
BiLSTM+Attention,test,77.683846_12.755492,2024-08-01,0.7524877,0.75903386
BiLSTM+Attention,test,77.683846_12.795916,2024-08-01,0.6205813,0.6086274
BiLSTM+Attention,test,77.683846_12.8049,2024-08-01,0.59038234,0.5763214
BiLSTM+Attention,test,77.683846_12.836341,2024-08-01,0.62311023,0.62701434
BiLSTM+Attention,test,77.683846_12.840832,2024-08-01,0.64358824,0.6340947
BiLSTM+Attention,test,77.683846_12.894731,2024-08-01,0.6117423,0.608138
BiLSTM+Attention,test,77.683846_12.917189,2024-08-01,0.516418,0.4988923
BiLSTM+Attention,test,77.683846_12.939647,2024-08-01,0.75277334,0.7544522
BiLSTM+Attention,test,77.683846_13.029478,2024-08-01,0.44419545,0.4222906
BiLSTM+Attention,test,77.683846_13.06092,2024-08-01,0.5376903,0.5180205
BiLSTM+Attention,test,77.683846_13.074394,2024-08-01,0.45626017,0.42832196
BiLSTM+Attention,test,77.683846_13.11931,2024-08-01,0.43517575,0.41491455
BiLSTM+Attention,test,77.683846_13.123802,2024-08-01,0.48352197,0.46655303
BiLSTM+Attention,test,77.688338_12.656678,2024-08-01,0.77512586,0.75992423
BiLSTM+Attention,test,77.688338_12.69261,2024-08-01,0.81785214,0.8070975
BiLSTM+Attention,test,77.688338_12.697102,2024-08-01,0.8232229,0.8002374
BiLSTM+Attention,test,77.688338_12.710577,2024-08-01,0.8205577,0.8212761
BiLSTM+Attention,test,77.688338_12.751001,2024-08-01,0.65249366,0.6456553
BiLSTM+Attention,test,77.688338_12.755492,2024-08-01,0.6249478,0.61479694
BiLSTM+Attention,test,77.688338_12.876765,2024-08-01,0.80089504,0.79736817
BiLSTM+Attention,test,77.688338_12.885748,2024-08-01,0.623995,0.6123624
BiLSTM+Attention,test,77.688338_12.966596,2024-08-01,0.6301149,0.6284708
BiLSTM+Attention,test,77.692829_12.746509,2024-08-01,0.55349606,0.5411102
BiLSTM+Attention,test,77.692829_12.800408,2024-08-01,0.5935591,0.57386976
BiLSTM+Attention,test,77.692829_12.845324,2024-08-01,0.65289897,0.64813274
BiLSTM+Attention,test,77.692829_12.885748,2024-08-01,0.6496189,0.6366358
BiLSTM+Attention,test,77.692829_12.899223,2024-08-01,0.57473475,0.56071717
BiLSTM+Attention,test,77.692829_13.047445,2024-08-01,0.7432039,0.74751407
BiLSTM+Attention,test,77.692829_13.06092,2024-08-01,0.6327625,0.6182879
BiLSTM+Attention,test,77.692829_13.065411,2024-08-01,0.5860301,0.57186204
BiLSTM+Attention,test,77.692829_13.083377,2024-08-01,0.45312294,0.4282657
BiLSTM+Attention,test,77.692829_13.096852,2024-08-01,0.43497062,0.4086823
BiLSTM+Attention,test,77.692829_13.132785,2024-08-01,0.4134412,0.39607444
BiLSTM+Attention,test,77.692829_13.155243,2024-08-01,0.45271575,0.42857012
BiLSTM+Attention,test,77.697321_12.697102,2024-08-01,0.8260253,0.81522185
BiLSTM+Attention,test,77.697321_12.751001,2024-08-01,0.617212,0.6071023
BiLSTM+Attention,test,77.697321_12.773459,2024-08-01,0.5954162,0.56598926
BiLSTM+Attention,test,77.697321_12.791425,2024-08-01,0.6784808,0.6586575
BiLSTM+Attention,test,77.697321_12.885748,2024-08-01,0.6530513,0.6425756
BiLSTM+Attention,test,77.697321_12.894731,2024-08-01,0.59016746,0.57564175
BiLSTM+Attention,test,77.697321_12.930664,2024-08-01,0.6008244,0.6001825
BiLSTM+Attention,test,77.697321_12.966596,2024-08-01,0.60539514,0.6046828
BiLSTM+Attention,test,77.697321_13.132785,2024-08-01,0.4134412,0.39651835
BiLSTM+Attention,test,77.697321_13.150751,2024-08-01,0.46844628,0.4474796
BiLSTM+Attention,test,77.697321_13.1777,2024-08-01,0.5621136,0.55969465
BiLSTM+Attention,test,77.701812_12.742018,2024-08-01,0.6105534,0.5955993
BiLSTM+Attention,test,77.701812_12.77795,2024-08-01,0.5923324,0.569282
BiLSTM+Attention,test,77.701812_12.8049,2024-08-01,0.6629234,0.64188546
BiLSTM+Attention,test,77.701812_12.822866,2024-08-01,0.6285747,0.6049117
BiLSTM+Attention,test,77.701812_12.872273,2024-08-01,0.5837063,0.5687352
BiLSTM+Attention,test,77.701812_12.984563,2024-08-01,0.5317875,0.53065467
BiLSTM+Attention,test,77.701812_13.03397,2024-08-01,0.50109994,0.49117476
BiLSTM+Attention,test,77.701812_13.114818,2024-08-01,0.4939391,0.48722315
BiLSTM+Attention,test,77.701812_13.164226,2024-08-01,0.4680654,0.48049045
BiLSTM+Attention,test,77.706304_12.746509,2024-08-01,0.6237766,0.611526
BiLSTM+Attention,test,77.706304_12.751001,2024-08-01,0.6305114,0.62832534
BiLSTM+Attention,test,77.706304_12.759984,2024-08-01,0.5473065,0.52719873
BiLSTM+Attention,test,77.706304_12.764475,2024-08-01,0.5847659,0.5694937
BiLSTM+Attention,test,77.706304_12.86329,2024-08-01,0.51733077,0.5183296
BiLSTM+Attention,test,77.706304_12.984563,2024-08-01,0.5391046,0.536415
BiLSTM+Attention,test,77.706304_13.038462,2024-08-01,0.5078141,0.4959005
BiLSTM+Attention,test,77.706304_13.042953,2024-08-01,0.5593258,0.55108666
BiLSTM+Attention,test,77.706304_13.137276,2024-08-01,0.65698594,0.6682657
BiLSTM+Attention,test,77.710796_12.715068,2024-08-01,0.70131093,0.6787684
BiLSTM+Attention,test,77.710796_12.894731,2024-08-01,0.6660693,0.6601531
BiLSTM+Attention,test,77.710796_12.899223,2024-08-01,0.6151922,0.610184
BiLSTM+Attention,test,77.710796_12.912697,2024-08-01,0.5373873,0.5295307
BiLSTM+Attention,test,77.710796_13.03397,2024-08-01,0.49270022,0.47858995
BiLSTM+Attention,test,77.710796_13.11931,2024-08-01,0.4647923,0.458436
BiLSTM+Attention,test,77.710796_13.123802,2024-08-01,0.43418476,0.42243254
BiLSTM+Attention,test,77.710796_13.132785,2024-08-01,0.4621193,0.44994867
BiLSTM+Attention,test,77.710796_13.150751,2024-08-01,0.44124258,0.42607614
BiLSTM+Attention,test,77.710796_13.168717,2024-08-01,0.50980735,0.5015524
BiLSTM+Attention,test,77.710796_13.173209,2024-08-01,0.5184224,0.5060494
BiLSTM+Attention,test,77.715287_12.679136,2024-08-01,0.74101585,0.75766224
BiLSTM+Attention,test,77.715287_12.742018,2024-08-01,0.6115094,0.5980332
BiLSTM+Attention,test,77.715287_12.773459,2024-08-01,0.57651645,0.5551155
BiLSTM+Attention,test,77.715287_12.822866,2024-08-01,0.647421,0.6207518
BiLSTM+Attention,test,77.715287_12.827358,2024-08-01,0.6156755,0.5906039
BiLSTM+Attention,test,77.715287_12.845324,2024-08-01,0.56341577,0.548039
BiLSTM+Attention,test,77.715287_12.885748,2024-08-01,0.6344714,0.62637204
BiLSTM+Attention,test,77.715287_12.899223,2024-08-01,0.53115827,0.52120304
BiLSTM+Attention,test,77.715287_12.939647,2024-08-01,0.76176983,0.7622921
BiLSTM+Attention,test,77.715287_12.944139,2024-08-01,0.79060006,0.79941106
BiLSTM+Attention,test,77.715287_12.94863,2024-08-01,0.6378387,0.6495682
BiLSTM+Attention,test,77.715287_13.016004,2024-08-01,0.5732898,0.5739948
BiLSTM+Attention,test,77.715287_13.029478,2024-08-01,0.45476103,0.44032103
BiLSTM+Attention,test,77.715287_13.038462,2024-08-01,0.5774057,0.57825077
BiLSTM+Attention,test,77.715287_13.051936,2024-08-01,0.56580013,0.56327987
BiLSTM+Attention,test,77.715287_13.056428,2024-08-01,0.49901703,0.48733062
BiLSTM+Attention,test,77.715287_13.096852,2024-08-01,0.39349103,0.38192764
BiLSTM+Attention,test,77.715287_13.114818,2024-08-01,0.52984226,0.52603334
BiLSTM+Attention,test,77.715287_13.128293,2024-08-01,0.47470754,0.46163237
BiLSTM+Attention,test,77.719779_12.706085,2024-08-01,0.7170269,0.68842894
BiLSTM+Attention,test,77.719779_12.746509,2024-08-01,0.7343227,0.7318857
BiLSTM+Attention,test,77.719779_12.795916,2024-08-01,0.61096406,0.5813385
BiLSTM+Attention,test,77.719779_12.840832,2024-08-01,0.6443636,0.62638533
BiLSTM+Attention,test,77.719779_12.903714,2024-08-01,0.52892864,0.5198772
BiLSTM+Attention,test,77.719779_13.069903,2024-08-01,0.4639498,0.45195258
BiLSTM+Attention,test,77.719779_13.105835,2024-08-01,0.48794973,0.47470266
BiLSTM+Attention,test,77.719779_13.123802,2024-08-01,0.44498956,0.4258604
BiLSTM+Attention,test,77.719779_13.137276,2024-08-01,0.4504992,0.430057
BiLSTM+Attention,test,77.719779_13.155243,2024-08-01,0.44177,0.42855525
BiLSTM+Attention,test,77.72427_12.674644,2024-08-01,0.6660627,0.6320663
BiLSTM+Attention,test,77.72427_12.697102,2024-08-01,0.5933893,0.5632593
BiLSTM+Attention,test,77.72427_12.701593,2024-08-01,0.6202735,0.58606446
BiLSTM+Attention,test,77.72427_12.724051,2024-08-01,0.6430348,0.62302
BiLSTM+Attention,test,77.72427_12.786933,2024-08-01,0.63504803,0.60432833
BiLSTM+Attention,test,77.72427_12.791425,2024-08-01,0.633456,0.6061245
BiLSTM+Attention,test,77.72427_12.840832,2024-08-01,0.62401545,0.6046887
BiLSTM+Attention,test,77.72427_12.867782,2024-08-01,0.56852376,0.54646194
BiLSTM+Attention,test,77.72427_12.885748,2024-08-01,0.6048564,0.5927344
BiLSTM+Attention,test,77.72427_13.024987,2024-08-01,0.76304543,0.76929677
BiLSTM+Attention,test,77.72427_13.06092,2024-08-01,0.48212922,0.47609478
BiLSTM+Attention,test,77.72427_13.074394,2024-08-01,0.49191624,0.4886893
BiLSTM+Attention,test,77.728762_12.706085,2024-08-01,0.691167,0.66304284
BiLSTM+Attention,test,77.728762_12.724051,2024-08-01,0.72501725,0.7013372
BiLSTM+Attention,test,77.728762_12.759984,2024-08-01,0.6169689,0.6065526
BiLSTM+Attention,test,77.728762_12.782442,2024-08-01,0.6399818,0.6320645
BiLSTM+Attention,test,77.728762_12.809391,2024-08-01,0.6303565,0.61570996
BiLSTM+Attention,test,77.728762_12.858799,2024-08-01,0.6402193,0.63322127
BiLSTM+Attention,test,77.728762_12.876765,2024-08-01,0.6508632,0.6384863
BiLSTM+Attention,test,77.728762_12.885748,2024-08-01,0.5936714,0.58112293
BiLSTM+Attention,test,77.728762_13.016004,2024-08-01,0.75112486,0.75666136
BiLSTM+Attention,test,77.728762_13.047445,2024-08-01,0.54650253,0.5356896
BiLSTM+Attention,test,77.728762_13.087869,2024-08-01,0.5158096,0.51537114
BiLSTM+Attention,test,77.728762_13.092361,2024-08-01,0.47770265,0.4701013
BiLSTM+Attention,test,77.733253_12.755492,2024-08-01,0.5876037,0.57104146
BiLSTM+Attention,test,77.733253_12.795916,2024-08-01,0.6050069,0.5801922
BiLSTM+Attention,test,77.733253_12.86329,2024-08-01,0.6534631,0.6447854
BiLSTM+Attention,test,77.733253_12.872273,2024-08-01,0.637031,0.6292498
BiLSTM+Attention,test,77.733253_12.998037,2024-08-01,0.65698403,0.656405
BiLSTM+Attention,test,77.733253_13.056428,2024-08-01,0.45883107,0.446364
BiLSTM+Attention,test,77.737745_12.764475,2024-08-01,0.5654207,0.54670703
BiLSTM+Attention,test,77.737745_12.791425,2024-08-01,0.6237651,0.5997624
BiLSTM+Attention,test,77.737745_12.809391,2024-08-01,0.6041099,0.5880642
BiLSTM+Attention,test,77.737745_12.858799,2024-08-01,0.6192477,0.6055058
BiLSTM+Attention,test,77.737745_12.872273,2024-08-01,0.6444266,0.63199174
BiLSTM+Attention,test,77.737745_12.881256,2024-08-01,0.66468847,0.65683776
BiLSTM+Attention,test,77.737745_13.051936,2024-08-01,0.48279306,0.47530842
BiLSTM+Attention,test,77.737745_13.06092,2024-08-01,0.48766124,0.47510356
BiLSTM+Attention,test,77.737745_13.078886,2024-08-01,0.51467204,0.5142374
BiLSTM+Attention,test,77.737745_13.101344,2024-08-01,0.4402432,0.4270426
BiLSTM+Attention,test,77.742237_12.697102,2024-08-01,0.7334332,0.7187676
BiLSTM+Attention,test,77.742237_12.764475,2024-08-01,0.580175,0.5638407
BiLSTM+Attention,test,77.742237_12.795916,2024-08-01,0.5901877,0.5598548
BiLSTM+Attention,test,77.742237_12.8049,2024-08-01,0.6329874,0.60598713
BiLSTM+Attention,test,77.742237_12.86329,2024-08-01,0.5592719,0.5346068
BiLSTM+Attention,test,77.742237_12.867782,2024-08-01,0.6494175,0.63514227
BiLSTM+Attention,test,77.742237_12.89024,2024-08-01,0.6502976,0.638413
BiLSTM+Attention,test,77.742237_12.899223,2024-08-01,0.63089865,0.62135965
BiLSTM+Attention,test,77.742237_12.921681,2024-08-01,0.56884533,0.5659893
BiLSTM+Attention,test,77.742237_12.980071,2024-08-01,0.60789376,0.60415363
BiLSTM+Attention,test,77.742237_13.002529,2024-08-01,0.60352284,0.6215752
BiLSTM+Attention,test,77.742237_13.016004,2024-08-01,0.60991836,0.63705647
BiLSTM+Attention,test,77.742237_13.038462,2024-08-01,0.46096238,0.44467276
BiLSTM+Attention,test,77.742237_13.074394,2024-08-01,0.4378827,0.4326472
BiLSTM+Attention,test,77.742237_13.078886,2024-08-01,0.50060344,0.49831486
BiLSTM+Attention,test,77.742237_13.101344,2024-08-01,0.4624107,0.453116
BiLSTM+Attention,test,77.746728_12.751001,2024-08-01,0.608292,0.5992261
BiLSTM+Attention,test,77.746728_12.764475,2024-08-01,0.59950566,0.58626646
BiLSTM+Attention,test,77.746728_12.782442,2024-08-01,0.6349364,0.62608904
BiLSTM+Attention,test,77.746728_12.97558,2024-08-01,0.628423,0.620006
BiLSTM+Attention,test,77.746728_12.984563,2024-08-01,0.618554,0.61672336
BiLSTM+Attention,test,77.746728_13.016004,2024-08-01,0.6220075,0.6351234
BiLSTM+Attention,test,77.746728_13.020495,2024-08-01,0.67209,0.6672457
BiLSTM+Attention,test,77.746728_13.024987,2024-08-01,0.58155304,0.5806633
BiLSTM+Attention,test,77.746728_13.038462,2024-08-01,0.48945537,0.47930813
BiLSTM+Attention,test,77.746728_13.06092,2024-08-01,0.44775206,0.43521035
BiLSTM+Attention,test,77.746728_13.083377,2024-08-01,0.49990058,0.49374694
BiLSTM+Attention,test,77.746728_13.092361,2024-08-01,0.457633,0.44453263
BiLSTM+Attention,test,77.75122_12.751001,2024-08-01,0.59801155,0.5816297
BiLSTM+Attention,test,77.75122_12.755492,2024-08-01,0.6421131,0.6328834
BiLSTM+Attention,test,77.75122_12.768967,2024-08-01,0.5786213,0.54508585
BiLSTM+Attention,test,77.75122_12.77795,2024-08-01,0.5973526,0.5851129
BiLSTM+Attention,test,77.75122_12.894731,2024-08-01,0.5730877,0.56341344
BiLSTM+Attention,test,77.75122_12.993546,2024-08-01,0.55920506,0.55560946
BiLSTM+Attention,test,77.75122_13.020495,2024-08-01,0.6052039,0.60280335
BiLSTM+Attention,test,77.75122_13.03397,2024-08-01,0.5003971,0.4937914
BiLSTM+Attention,test,77.75122_13.038462,2024-08-01,0.46952826,0.45680922
BiLSTM+Attention,test,77.755711_12.706085,2024-08-01,0.64862436,0.61585736
BiLSTM+Attention,test,77.755711_12.764475,2024-08-01,0.81162757,0.81274605
BiLSTM+Attention,test,77.755711_12.77795,2024-08-01,0.58011127,0.56869686
BiLSTM+Attention,test,77.755711_12.822866,2024-08-01,0.5814852,0.5810936
BiLSTM+Attention,test,77.755711_12.831849,2024-08-01,0.57408327,0.55566615
BiLSTM+Attention,test,77.755711_12.858799,2024-08-01,0.6221733,0.6151274
BiLSTM+Attention,test,77.755711_12.885748,2024-08-01,0.59141684,0.6013057
BiLSTM+Attention,test,77.755711_12.899223,2024-08-01,0.521911,0.5243456
BiLSTM+Attention,test,77.755711_12.903714,2024-08-01,0.5947811,0.57815784
BiLSTM+Attention,test,77.755711_12.926172,2024-08-01,0.6045296,0.604625
BiLSTM+Attention,test,77.760203_12.751001,2024-08-01,0.5945384,0.5810423
BiLSTM+Attention,test,77.760203_12.795916,2024-08-01,0.5911108,0.55723345
BiLSTM+Attention,test,77.760203_12.818374,2024-08-01,0.6763352,0.652907
BiLSTM+Attention,test,77.760203_12.867782,2024-08-01,0.5806327,0.5738986
BiLSTM+Attention,test,77.760203_12.872273,2024-08-01,0.5929072,0.58747256
BiLSTM+Attention,test,77.760203_12.876765,2024-08-01,0.5640633,0.55937254
BiLSTM+Attention,test,77.760203_12.885748,2024-08-01,0.5802225,0.5679049
BiLSTM+Attention,test,77.760203_12.984563,2024-08-01,0.6170362,0.6098652
BiLSTM+Attention,test,77.764695_12.742018,2024-08-01,0.7073462,0.6931911
BiLSTM+Attention,test,77.764695_12.746509,2024-08-01,0.6949417,0.68125904
BiLSTM+Attention,test,77.764695_12.813883,2024-08-01,0.6370437,0.6071135
BiLSTM+Attention,test,77.764695_12.849815,2024-08-01,0.6071856,0.58980364
BiLSTM+Attention,test,77.764695_12.885748,2024-08-01,0.60488653,0.5937011
BiLSTM+Attention,test,77.764695_12.912697,2024-08-01,0.60043555,0.59133965
BiLSTM+Attention,test,77.764695_13.03397,2024-08-01,0.44847083,0.4358698
BiLSTM+Attention,test,77.769186_12.751001,2024-08-01,0.7176293,0.7135998
BiLSTM+Attention,test,77.769186_12.791425,2024-08-01,0.56536496,0.5483389
BiLSTM+Attention,test,77.769186_12.800408,2024-08-01,0.61801034,0.61329806
BiLSTM+Attention,test,77.769186_12.8049,2024-08-01,0.650805,0.64612377
BiLSTM+Attention,test,77.769186_12.809391,2024-08-01,0.58712864,0.574979
BiLSTM+Attention,test,77.769186_12.876765,2024-08-01,0.623135,0.62212676
BiLSTM+Attention,test,77.769186_12.894731,2024-08-01,0.5854605,0.5758262
BiLSTM+Attention,test,77.769186_13.016004,2024-08-01,0.55863506,0.55468535
BiLSTM+Attention,test,77.773678_12.746509,2024-08-01,0.7112503,0.69533
BiLSTM+Attention,test,77.773678_12.858799,2024-08-01,0.5650884,0.554058
BiLSTM+Attention,test,77.773678_12.885748,2024-08-01,0.5761597,0.56526613
BiLSTM+Attention,test,77.773678_12.899223,2024-08-01,0.5525062,0.5358824
BiLSTM+Attention,test,77.773678_12.908206,2024-08-01,0.5902493,0.57459164
BiLSTM+Attention,test,77.778169_12.809391,2024-08-01,0.56482434,0.538273
BiLSTM+Attention,test,77.778169_12.885748,2024-08-01,0.5947472,0.58837366
BiLSTM+Attention,test,77.782661_12.786933,2024-08-01,0.56740016,0.5525472
BiLSTM+Attention,test,77.782661_12.791425,2024-08-01,0.5953979,0.58159465
BiLSTM+Attention,test,77.782661_12.89024,2024-08-01,0.587673,0.5786177
BiLSTM+Attention,test,77.787152_12.786933,2024-08-01,0.5812499,0.5666511
BiLSTM+Attention,test,77.787152_12.849815,2024-08-01,0.567209,0.5524541
BiLSTM+Attention,test,77.787152_12.867782,2024-08-01,0.5593856,0.5662178
BiLSTM+Attention,test,77.791644_12.8049,2024-08-01,0.59622014,0.5740353
BiLSTM+Attention,test,77.791644_12.899223,2024-08-01,0.57640904,0.5586486
BiLSTM+Attention,test,77.796136_12.854307,2024-08-01,0.56388915,0.5497175
BiLSTM+Attention,test,77.796136_12.885748,2024-08-01,0.6267005,0.6123751
BiLSTM+Attention,test,77.800627_12.876765,2024-08-01,0.61955553,0.6058004
BiLSTM+Attention,test,77.800627_12.885748,2024-08-01,0.58697027,0.5711614
BiLSTM+Attention,test,77.805119_12.876765,2024-08-01,0.62694466,0.61283344
BiLSTM+Attention,test,77.805119_12.89024,2024-08-01,0.61605704,0.59382236
BiLSTM+Attention,test,77.80961_12.858799,2024-08-01,0.6095118,0.61308855
BiLSTM+Attention,test,77.80961_12.86329,2024-08-01,0.5879335,0.5962589
BiLSTM+Attention,test,77.329012_12.944139,2024-09-01,0.5347493,0.5431928
BiLSTM+Attention,test,77.329012_12.962105,2024-09-01,0.705442,0.72819906
BiLSTM+Attention,test,77.337995_12.921681,2024-09-01,0.65501803,0.6802299
BiLSTM+Attention,test,77.342486_12.926172,2024-09-01,0.6934245,0.7318379
BiLSTM+Attention,test,77.342486_12.935155,2024-09-01,0.714451,0.7512406
BiLSTM+Attention,test,77.342486_12.944139,2024-09-01,0.6828716,0.7153333
BiLSTM+Attention,test,77.346978_12.86329,2024-09-01,0.5837902,0.6108227
BiLSTM+Attention,test,77.346978_12.962105,2024-09-01,0.5422191,0.54324496
BiLSTM+Attention,test,77.351469_12.89024,2024-09-01,0.5584881,0.5876247
BiLSTM+Attention,test,77.351469_12.930664,2024-09-01,0.7183357,0.75295275
BiLSTM+Attention,test,77.351469_12.939647,2024-09-01,0.6989608,0.73781556
BiLSTM+Attention,test,77.355961_12.899223,2024-09-01,0.5733578,0.60266554
BiLSTM+Attention,test,77.355961_12.94863,2024-09-01,0.50993127,0.52109116
BiLSTM+Attention,test,77.355961_12.962105,2024-09-01,0.7155817,0.7414649
BiLSTM+Attention,test,77.360453_12.867782,2024-09-01,0.4719353,0.47963583
BiLSTM+Attention,test,77.360453_12.908206,2024-09-01,0.59382224,0.6311442
BiLSTM+Attention,test,77.360453_12.926172,2024-09-01,0.7143622,0.7578079
BiLSTM+Attention,test,77.364944_12.854307,2024-09-01,0.51360005,0.5210083
BiLSTM+Attention,test,77.364944_12.962105,2024-09-01,0.49891102,0.5016536
BiLSTM+Attention,test,77.369436_12.881256,2024-09-01,0.51448745,0.52939487
BiLSTM+Attention,test,77.369436_12.89024,2024-09-01,0.5122192,0.52941936
BiLSTM+Attention,test,77.369436_12.935155,2024-09-01,0.4720736,0.4731037
BiLSTM+Attention,test,77.369436_12.998037,2024-09-01,0.50860107,0.51021296
BiLSTM+Attention,test,77.369436_13.007021,2024-09-01,0.5535664,0.5667138
BiLSTM+Attention,test,77.373927_12.912697,2024-09-01,0.6124608,0.6371792
BiLSTM+Attention,test,77.373927_12.971088,2024-09-01,0.49236846,0.4926948
BiLSTM+Attention,test,77.373927_13.011512,2024-09-01,0.49963558,0.50892955
BiLSTM+Attention,test,77.373927_13.016004,2024-09-01,0.48393556,0.4918642
BiLSTM+Attention,test,77.378419_12.966596,2024-09-01,0.4677525,0.46082836
BiLSTM+Attention,test,77.382911_12.894731,2024-09-01,0.55568314,0.57866216
BiLSTM+Attention,test,77.382911_12.953122,2024-09-01,0.52749157,0.5343197
BiLSTM+Attention,test,77.382911_12.957613,2024-09-01,0.5221205,0.5246908
BiLSTM+Attention,test,77.387402_12.962105,2024-09-01,0.5129634,0.5170645
BiLSTM+Attention,test,77.387402_12.97558,2024-09-01,0.51383954,0.51674545
BiLSTM+Attention,test,77.387402_12.980071,2024-09-01,0.5163601,0.5204976
BiLSTM+Attention,test,77.391894_12.867782,2024-09-01,0.55531794,0.5794815
BiLSTM+Attention,test,77.391894_12.881256,2024-09-01,0.5221779,0.5595175
BiLSTM+Attention,test,77.391894_12.885748,2024-09-01,0.5543409,0.58267593
BiLSTM+Attention,test,77.396385_12.894731,2024-09-01,0.5573622,0.5801982
BiLSTM+Attention,test,77.396385_12.908206,2024-09-01,0.51574385,0.5279981
BiLSTM+Attention,test,77.396385_12.944139,2024-09-01,0.5601806,0.577603
BiLSTM+Attention,test,77.396385_12.971088,2024-09-01,0.48380235,0.48391306
BiLSTM+Attention,test,77.396385_12.97558,2024-09-01,0.4599223,0.4631254
BiLSTM+Attention,test,77.396385_13.029478,2024-09-01,0.38827714,0.38996208
BiLSTM+Attention,test,77.400877_12.957613,2024-09-01,0.52766967,0.53651327
BiLSTM+Attention,test,77.400877_12.966596,2024-09-01,0.48065403,0.48683316
BiLSTM+Attention,test,77.400877_13.029478,2024-09-01,0.37593785,0.37862587
BiLSTM+Attention,test,77.405368_12.881256,2024-09-01,0.4829848,0.48461056
BiLSTM+Attention,test,77.405368_12.89024,2024-09-01,0.5058478,0.51551247
BiLSTM+Attention,test,77.405368_12.903714,2024-09-01,0.51416045,0.48063183
BiLSTM+Attention,test,77.405368_12.930664,2024-09-01,0.6015449,0.6218117
BiLSTM+Attention,test,77.405368_12.998037,2024-09-01,0.5013801,0.51078296
BiLSTM+Attention,test,77.405368_13.105835,2024-09-01,0.4202607,0.42551884
BiLSTM+Attention,test,77.405368_13.11931,2024-09-01,0.38261932,0.38987845
BiLSTM+Attention,test,77.40986_12.872273,2024-09-01,0.44841102,0.4405234
BiLSTM+Attention,test,77.40986_12.881256,2024-09-01,0.450448,0.45489132
BiLSTM+Attention,test,77.40986_12.962105,2024-09-01,0.5369545,0.5525993
BiLSTM+Attention,test,77.414352_12.930664,2024-09-01,0.5457447,0.5621965
BiLSTM+Attention,test,77.414352_12.989054,2024-09-01,0.46333838,0.47103655
BiLSTM+Attention,test,77.414352_12.993546,2024-09-01,0.47099403,0.47745365
BiLSTM+Attention,test,77.414352_13.03397,2024-09-01,0.43310773,0.436917
BiLSTM+Attention,test,77.414352_13.096852,2024-09-01,0.43821263,0.40123534
BiLSTM+Attention,test,77.414352_13.11931,2024-09-01,0.40187916,0.4066053
BiLSTM+Attention,test,77.418843_12.876765,2024-09-01,0.46739867,0.458472
BiLSTM+Attention,test,77.418843_12.89024,2024-09-01,0.49559122,0.49683553
BiLSTM+Attention,test,77.418843_12.94863,2024-09-01,0.53830475,0.55353516
BiLSTM+Attention,test,77.418843_12.971088,2024-09-01,0.5010809,0.5127411
BiLSTM+Attention,test,77.418843_12.993546,2024-09-01,0.5023923,0.5158455
BiLSTM+Attention,test,77.418843_13.016004,2024-09-01,0.4643385,0.46539706
BiLSTM+Attention,test,77.418843_13.024987,2024-09-01,0.45547017,0.45056355
BiLSTM+Attention,test,77.418843_13.029478,2024-09-01,0.45500118,0.4497962
BiLSTM+Attention,test,77.418843_13.146259,2024-09-01,0.36546907,0.3772189
BiLSTM+Attention,test,77.423335_12.876765,2024-09-01,0.4691769,0.47971785
BiLSTM+Attention,test,77.423335_12.921681,2024-09-01,0.5526703,0.56866103
BiLSTM+Attention,test,77.423335_12.930664,2024-09-01,0.5353547,0.54989725
BiLSTM+Attention,test,77.423335_13.002529,2024-09-01,0.5504789,0.56865674
BiLSTM+Attention,test,77.423335_13.092361,2024-09-01,0.34213752,0.35965672
BiLSTM+Attention,test,77.423335_13.141768,2024-09-01,0.4242494,0.4290442
BiLSTM+Attention,test,77.423335_13.150751,2024-09-01,0.3742245,0.38014275
BiLSTM+Attention,test,77.427826_12.845324,2024-09-01,0.41116077,0.40826762
BiLSTM+Attention,test,77.427826_12.858799,2024-09-01,0.46387744,0.4698233
BiLSTM+Attention,test,77.427826_12.930664,2024-09-01,0.54284036,0.56013024
BiLSTM+Attention,test,77.427826_12.939647,2024-09-01,0.49025065,0.49386793
BiLSTM+Attention,test,77.427826_12.944139,2024-09-01,0.50363356,0.5139843
BiLSTM+Attention,test,77.427826_13.020495,2024-09-01,0.46600604,0.47325528
BiLSTM+Attention,test,77.427826_13.024987,2024-09-01,0.45689484,0.4538018
BiLSTM+Attention,test,77.427826_13.110327,2024-09-01,0.4565717,0.42244488
BiLSTM+Attention,test,77.427826_13.132785,2024-09-01,0.47718883,0.49333054
BiLSTM+Attention,test,77.432318_12.858799,2024-09-01,0.4784704,0.48502827
BiLSTM+Attention,test,77.432318_12.86329,2024-09-01,0.484592,0.49162012
BiLSTM+Attention,test,77.432318_12.867782,2024-09-01,0.47624984,0.48225522
BiLSTM+Attention,test,77.432318_12.881256,2024-09-01,0.51897866,0.5285629
BiLSTM+Attention,test,77.432318_12.885748,2024-09-01,0.6090629,0.6265168
BiLSTM+Attention,test,77.432318_12.957613,2024-09-01,0.490161,0.4955101
BiLSTM+Attention,test,77.432318_12.998037,2024-09-01,0.4212513,0.42534247
BiLSTM+Attention,test,77.432318_13.087869,2024-09-01,0.4269563,0.4285413
BiLSTM+Attention,test,77.432318_13.092361,2024-09-01,0.41714588,0.38924187
BiLSTM+Attention,test,77.436809_12.818374,2024-09-01,0.608824,0.6082952
BiLSTM+Attention,test,77.436809_12.840832,2024-09-01,0.5258911,0.5318237
BiLSTM+Attention,test,77.436809_12.854307,2024-09-01,0.49208716,0.49993426
BiLSTM+Attention,test,77.436809_12.912697,2024-09-01,0.6118093,0.6322349
BiLSTM+Attention,test,77.436809_12.926172,2024-09-01,0.54473823,0.5652502
BiLSTM+Attention,test,77.436809_12.944139,2024-09-01,0.5109244,0.52533054
BiLSTM+Attention,test,77.436809_13.03397,2024-09-01,0.4399513,0.4445461
BiLSTM+Attention,test,77.441301_12.818374,2024-09-01,0.61731213,0.62739587
BiLSTM+Attention,test,77.441301_12.831849,2024-09-01,0.5106563,0.5220091
BiLSTM+Attention,test,77.441301_12.836341,2024-09-01,0.53956497,0.5438075
BiLSTM+Attention,test,77.441301_12.840832,2024-09-01,0.5128807,0.51405007
BiLSTM+Attention,test,77.441301_12.944139,2024-09-01,0.54828477,0.56913203
BiLSTM+Attention,test,77.441301_12.94863,2024-09-01,0.50229216,0.5215177
BiLSTM+Attention,test,77.441301_13.056428,2024-09-01,0.42911297,0.43511024
BiLSTM+Attention,test,77.441301_13.069903,2024-09-01,0.44586733,0.45097387
BiLSTM+Attention,test,77.441301_13.083377,2024-09-01,0.43267062,0.4373126
BiLSTM+Attention,test,77.441301_13.110327,2024-09-01,0.41735712,0.42229927
BiLSTM+Attention,test,77.445793_12.840832,2024-09-01,0.5855404,0.5922673
BiLSTM+Attention,test,77.445793_12.86329,2024-09-01,0.60099494,0.62560415
BiLSTM+Attention,test,77.445793_12.867782,2024-09-01,0.5802186,0.60512286
BiLSTM+Attention,test,77.445793_12.912697,2024-09-01,0.51772404,0.5300256
BiLSTM+Attention,test,77.445793_12.957613,2024-09-01,0.4907991,0.498968
BiLSTM+Attention,test,77.445793_12.984563,2024-09-01,0.5087828,0.52350605
BiLSTM+Attention,test,77.450284_12.809391,2024-09-01,0.57298505,0.57292414
BiLSTM+Attention,test,77.450284_12.872273,2024-09-01,0.57971704,0.6065824
BiLSTM+Attention,test,77.450284_12.89024,2024-09-01,0.580301,0.5890399
BiLSTM+Attention,test,77.450284_12.971088,2024-09-01,0.5083823,0.49629772
BiLSTM+Attention,test,77.450284_12.993546,2024-09-01,0.3900782,0.40127224
BiLSTM+Attention,test,77.450284_13.029478,2024-09-01,0.42737725,0.43735334
BiLSTM+Attention,test,77.450284_13.047445,2024-09-01,0.43992084,0.45410812
BiLSTM+Attention,test,77.450284_13.146259,2024-09-01,0.49198085,0.50344265
BiLSTM+Attention,test,77.454776_12.809391,2024-09-01,0.53794223,0.5415973
BiLSTM+Attention,test,77.454776_12.885748,2024-09-01,0.56162727,0.5755937
BiLSTM+Attention,test,77.454776_12.980071,2024-09-01,0.4302882,0.4393353
BiLSTM+Attention,test,77.454776_12.993546,2024-09-01,0.41594923,0.4211842
BiLSTM+Attention,test,77.454776_13.078886,2024-09-01,0.43870556,0.44398233
BiLSTM+Attention,test,77.454776_13.087869,2024-09-01,0.40241194,0.40323532
BiLSTM+Attention,test,77.454776_13.114818,2024-09-01,0.4785349,0.4915347
BiLSTM+Attention,test,77.454776_13.141768,2024-09-01,0.49536517,0.5097309
BiLSTM+Attention,test,77.459267_12.8049,2024-09-01,0.60690516,0.62092197
BiLSTM+Attention,test,77.459267_12.822866,2024-09-01,0.5696241,0.5769508
BiLSTM+Attention,test,77.459267_12.845324,2024-09-01,0.5734676,0.58291346
BiLSTM+Attention,test,77.459267_12.872273,2024-09-01,0.5831576,0.57439154
BiLSTM+Attention,test,77.459267_12.903714,2024-09-01,0.5365286,0.5227102
BiLSTM+Attention,test,77.459267_12.926172,2024-09-01,0.53899044,0.5602217
BiLSTM+Attention,test,77.459267_12.97558,2024-09-01,0.44501847,0.45927322
BiLSTM+Attention,test,77.459267_13.016004,2024-09-01,0.40276346,0.40816176
BiLSTM+Attention,test,77.459267_13.020495,2024-09-01,0.3963196,0.4045297
BiLSTM+Attention,test,77.459267_13.11931,2024-09-01,0.47539604,0.48633438
BiLSTM+Attention,test,77.463759_12.813883,2024-09-01,0.5181704,0.53030777
BiLSTM+Attention,test,77.463759_12.836341,2024-09-01,0.5704635,0.58572006
BiLSTM+Attention,test,77.463759_12.86329,2024-09-01,0.5873594,0.6149075
BiLSTM+Attention,test,77.463759_12.867782,2024-09-01,0.56933403,0.5881967
BiLSTM+Attention,test,77.463759_12.872273,2024-09-01,0.545115,0.56392485
BiLSTM+Attention,test,77.463759_12.881256,2024-09-01,0.6291373,0.61220264
BiLSTM+Attention,test,77.463759_12.885748,2024-09-01,0.6005774,0.6219541
BiLSTM+Attention,test,77.463759_12.894731,2024-09-01,0.54018587,0.5586745
BiLSTM+Attention,test,77.463759_12.899223,2024-09-01,0.5427931,0.56766266
BiLSTM+Attention,test,77.463759_12.917189,2024-09-01,0.4873735,0.5083196
BiLSTM+Attention,test,77.463759_12.953122,2024-09-01,0.7419727,0.7807752
BiLSTM+Attention,test,77.463759_13.03397,2024-09-01,0.42904457,0.40270478
BiLSTM+Attention,test,77.463759_13.078886,2024-09-01,0.5071742,0.5225103
BiLSTM+Attention,test,77.46825_12.827358,2024-09-01,0.48304942,0.4864248
BiLSTM+Attention,test,77.46825_12.836341,2024-09-01,0.5778526,0.5913245
BiLSTM+Attention,test,77.46825_12.894731,2024-09-01,0.52032775,0.5388802
BiLSTM+Attention,test,77.46825_12.94863,2024-09-01,0.58161885,0.61197215
BiLSTM+Attention,test,77.46825_12.953122,2024-09-01,0.5170319,0.53782266
BiLSTM+Attention,test,77.46825_12.966596,2024-09-01,0.49510127,0.51754844
BiLSTM+Attention,test,77.46825_13.007021,2024-09-01,0.41567808,0.42408857
BiLSTM+Attention,test,77.46825_13.020495,2024-09-01,0.48045006,0.4923445
BiLSTM+Attention,test,77.46825_13.114818,2024-09-01,0.5194796,0.5379265
BiLSTM+Attention,test,77.46825_13.150751,2024-09-01,0.430123,0.4362984
BiLSTM+Attention,test,77.46825_13.1777,2024-09-01,0.5205824,0.5307348
BiLSTM+Attention,test,77.472742_12.746509,2024-09-01,0.6445644,0.63771474
BiLSTM+Attention,test,77.472742_12.751001,2024-09-01,0.59837353,0.59091383
BiLSTM+Attention,test,77.472742_12.755492,2024-09-01,0.6153861,0.61372864
BiLSTM+Attention,test,77.472742_12.795916,2024-09-01,0.5519434,0.5576743
BiLSTM+Attention,test,77.472742_12.836341,2024-09-01,0.56791157,0.58019483
BiLSTM+Attention,test,77.472742_12.984563,2024-09-01,0.4570089,0.48512036
BiLSTM+Attention,test,77.472742_13.087869,2024-09-01,0.46135882,0.47071975
BiLSTM+Attention,test,77.477234_12.764475,2024-09-01,0.6097413,0.6138242
BiLSTM+Attention,test,77.477234_12.782442,2024-09-01,0.5455588,0.54767245
BiLSTM+Attention,test,77.477234_12.840832,2024-09-01,0.56966275,0.58470666
BiLSTM+Attention,test,77.477234_12.899223,2024-09-01,0.48062113,0.4928947
BiLSTM+Attention,test,77.477234_12.935155,2024-09-01,0.6081229,0.6492097
BiLSTM+Attention,test,77.477234_12.944139,2024-09-01,0.5683066,0.5626432
BiLSTM+Attention,test,77.477234_12.94863,2024-09-01,0.5490482,0.57903224
BiLSTM+Attention,test,77.477234_12.971088,2024-09-01,0.5077701,0.5299857
BiLSTM+Attention,test,77.477234_13.002529,2024-09-01,0.411239,0.42728382
BiLSTM+Attention,test,77.477234_13.056428,2024-09-01,0.46309543,0.4791479
BiLSTM+Attention,test,77.481725_12.737526,2024-09-01,0.62116283,0.6189473
BiLSTM+Attention,test,77.481725_12.768967,2024-09-01,0.6046803,0.60690206
BiLSTM+Attention,test,77.481725_12.831849,2024-09-01,0.5116535,0.52296597
BiLSTM+Attention,test,77.481725_12.89024,2024-09-01,0.55988985,0.58367586
BiLSTM+Attention,test,77.481725_12.894731,2024-09-01,0.5270622,0.53827196
BiLSTM+Attention,test,77.481725_12.944139,2024-09-01,0.5810909,0.57752866
BiLSTM+Attention,test,77.481725_12.971088,2024-09-01,0.43256372,0.4472794
BiLSTM+Attention,test,77.481725_12.980071,2024-09-01,0.5163917,0.51024246
BiLSTM+Attention,test,77.481725_13.024987,2024-09-01,0.46183473,0.4741934
BiLSTM+Attention,test,77.481725_13.03397,2024-09-01,0.4727221,0.44615188
BiLSTM+Attention,test,77.481725_13.096852,2024-09-01,0.57850605,0.5718132
BiLSTM+Attention,test,77.481725_13.137276,2024-09-01,0.61888003,0.6695335
BiLSTM+Attention,test,77.486217_12.764475,2024-09-01,0.59958273,0.5948189
BiLSTM+Attention,test,77.486217_12.872273,2024-09-01,0.5165328,0.5382968
BiLSTM+Attention,test,77.486217_12.939647,2024-09-01,0.5664604,0.5984682
BiLSTM+Attention,test,77.486217_12.998037,2024-09-01,0.45866737,0.4901911
BiLSTM+Attention,test,77.486217_13.042953,2024-09-01,0.50949997,0.53405994
BiLSTM+Attention,test,77.486217_13.06092,2024-09-01,0.5277351,0.5514076
BiLSTM+Attention,test,77.486217_13.114818,2024-09-01,0.45994398,0.471102
BiLSTM+Attention,test,77.486217_13.11931,2024-09-01,0.47721887,0.4936177
BiLSTM+Attention,test,77.490708_12.768967,2024-09-01,0.5913371,0.59555227
BiLSTM+Attention,test,77.490708_12.8049,2024-09-01,0.569396,0.582062
BiLSTM+Attention,test,77.490708_12.849815,2024-09-01,0.5869136,0.615766
BiLSTM+Attention,test,77.490708_12.89024,2024-09-01,0.51893705,0.5362473
BiLSTM+Attention,test,77.490708_13.051936,2024-09-01,0.57614917,0.60661024
BiLSTM+Attention,test,77.490708_13.087869,2024-09-01,0.51719034,0.53162676
BiLSTM+Attention,test,77.490708_13.092361,2024-09-01,0.5464833,0.5284793
BiLSTM+Attention,test,77.490708_13.096852,2024-09-01,0.576557,0.57338387
BiLSTM+Attention,test,77.490708_13.182192,2024-09-01,0.5590717,0.58085245
BiLSTM+Attention,test,77.490708_13.209142,2024-09-01,0.5169134,0.52388155
BiLSTM+Attention,test,77.4952_12.786933,2024-09-01,0.5516428,0.56335074
BiLSTM+Attention,test,77.4952_12.836341,2024-09-01,0.543336,0.55533963
BiLSTM+Attention,test,77.4952_12.899223,2024-09-01,0.5661797,0.58794695
BiLSTM+Attention,test,77.4952_12.962105,2024-09-01,0.5505908,0.58453566
BiLSTM+Attention,test,77.4952_13.020495,2024-09-01,0.5042649,0.5228453
BiLSTM+Attention,test,77.4952_13.024987,2024-09-01,0.49388918,0.51583123
BiLSTM+Attention,test,77.4952_13.03397,2024-09-01,0.54711306,0.57556003
BiLSTM+Attention,test,77.4952_13.087869,2024-09-01,0.49145353,0.49840647
BiLSTM+Attention,test,77.4952_13.092361,2024-09-01,0.5517171,0.54227406
BiLSTM+Attention,test,77.4952_13.182192,2024-09-01,0.5586267,0.58136046
BiLSTM+Attention,test,77.499692_12.755492,2024-09-01,0.6572187,0.66245306
BiLSTM+Attention,test,77.499692_12.858799,2024-09-01,0.6344046,0.6656204
BiLSTM+Attention,test,77.499692_12.899223,2024-09-01,0.5481745,0.5705243
BiLSTM+Attention,test,77.499692_12.984563,2024-09-01,0.50082254,0.52785295
BiLSTM+Attention,test,77.499692_13.114818,2024-09-01,0.47910732,0.4935587
BiLSTM+Attention,test,77.499692_13.137276,2024-09-01,0.47202498,0.49310875
BiLSTM+Attention,test,77.499692_13.168717,2024-09-01,0.6074716,0.63835156
BiLSTM+Attention,test,77.504183_12.764475,2024-09-01,0.6622572,0.679067
BiLSTM+Attention,test,77.504183_12.786933,2024-09-01,0.6196896,0.63718253
BiLSTM+Attention,test,77.504183_12.818374,2024-09-01,0.58400553,0.60038996
BiLSTM+Attention,test,77.504183_12.854307,2024-09-01,0.57634217,0.5995544
BiLSTM+Attention,test,77.504183_12.858799,2024-09-01,0.6331683,0.660993
BiLSTM+Attention,test,77.504183_12.953122,2024-09-01,0.55936295,0.5639686
BiLSTM+Attention,test,77.504183_13.083377,2024-09-01,0.54964554,0.57433265
BiLSTM+Attention,test,77.504183_13.141768,2024-09-01,0.5491925,0.58283716
BiLSTM+Attention,test,77.504183_13.159734,2024-09-01,0.6381272,0.67222524
BiLSTM+Attention,test,77.504183_13.195667,2024-09-01,0.49128538,0.5028773
BiLSTM+Attention,test,77.508675_12.751001,2024-09-01,0.6621018,0.6754657
BiLSTM+Attention,test,77.508675_12.795916,2024-09-01,0.6470638,0.66690874
BiLSTM+Attention,test,77.508675_12.831849,2024-09-01,0.5843686,0.5993642
BiLSTM+Attention,test,77.508675_12.836341,2024-09-01,0.60956424,0.62510693
BiLSTM+Attention,test,77.508675_12.845324,2024-09-01,0.5740653,0.59919935
BiLSTM+Attention,test,77.508675_12.903714,2024-09-01,0.5262904,0.513233
BiLSTM+Attention,test,77.508675_12.912697,2024-09-01,0.5340433,0.5618022
BiLSTM+Attention,test,77.508675_12.917189,2024-09-01,0.62971926,0.62879556
BiLSTM+Attention,test,77.508675_13.114818,2024-09-01,0.44032112,0.4479948
BiLSTM+Attention,test,77.508675_13.137276,2024-09-01,0.49851665,0.5157411
BiLSTM+Attention,test,77.508675_13.159734,2024-09-01,0.62364495,0.6544197
BiLSTM+Attention,test,77.508675_13.191175,2024-09-01,0.515546,0.52941436
BiLSTM+Attention,test,77.513166_12.746509,2024-09-01,0.75864035,0.7916048
BiLSTM+Attention,test,77.513166_12.764475,2024-09-01,0.62489873,0.63205534
BiLSTM+Attention,test,77.513166_12.77795,2024-09-01,0.7179936,0.74439824
BiLSTM+Attention,test,77.513166_12.822866,2024-09-01,0.65870225,0.6785974
BiLSTM+Attention,test,77.513166_12.908206,2024-09-01,0.5271435,0.52018034
BiLSTM+Attention,test,77.513166_13.087869,2024-09-01,0.5486397,0.57804376
BiLSTM+Attention,test,77.513166_13.096852,2024-09-01,0.6452736,0.65583116
BiLSTM+Attention,test,77.513166_13.137276,2024-09-01,0.45958465,0.47048736
BiLSTM+Attention,test,77.513166_13.1777,2024-09-01,0.5377776,0.5591562
BiLSTM+Attention,test,77.517658_12.764475,2024-09-01,0.6707815,0.6816788
BiLSTM+Attention,test,77.517658_12.77795,2024-09-01,0.6933631,0.70928735
BiLSTM+Attention,test,77.517658_12.782442,2024-09-01,0.6921993,0.71642166
BiLSTM+Attention,test,77.517658_12.795916,2024-09-01,0.65458053,0.66751903
BiLSTM+Attention,test,77.517658_12.827358,2024-09-01,0.58600694,0.5975571
BiLSTM+Attention,test,77.517658_12.849815,2024-09-01,0.5809169,0.5969565
BiLSTM+Attention,test,77.517658_12.885748,2024-09-01,0.5767516,0.6030034
BiLSTM+Attention,test,77.517658_12.89024,2024-09-01,0.5682695,0.5851009
BiLSTM+Attention,test,77.517658_12.899223,2024-09-01,0.5609837,0.58337855
BiLSTM+Attention,test,77.517658_12.998037,2024-09-01,0.5643853,0.5985954
BiLSTM+Attention,test,77.517658_13.11931,2024-09-01,0.4040603,0.41424847
BiLSTM+Attention,test,77.517658_13.182192,2024-09-01,0.54122496,0.56249446
BiLSTM+Attention,test,77.517658_13.186684,2024-09-01,0.55010015,0.5777125
BiLSTM+Attention,test,77.517658_13.191175,2024-09-01,0.49374172,0.50989
BiLSTM+Attention,test,77.522149_12.751001,2024-09-01,0.70323795,0.73705816
BiLSTM+Attention,test,77.522149_12.755492,2024-09-01,0.6792858,0.700182
BiLSTM+Attention,test,77.522149_12.759984,2024-09-01,0.71212727,0.72619325
BiLSTM+Attention,test,77.522149_12.782442,2024-09-01,0.70646054,0.7349843
BiLSTM+Attention,test,77.522149_12.809391,2024-09-01,0.7692808,0.79511017
BiLSTM+Attention,test,77.522149_12.813883,2024-09-01,0.58404064,0.59356636
BiLSTM+Attention,test,77.522149_12.818374,2024-09-01,0.56470543,0.57252574
BiLSTM+Attention,test,77.522149_12.836341,2024-09-01,0.57599765,0.58977735
BiLSTM+Attention,test,77.522149_12.845324,2024-09-01,0.5918994,0.6086542
BiLSTM+Attention,test,77.522149_13.056428,2024-09-01,0.5746962,0.6030724
BiLSTM+Attention,test,77.522149_13.078886,2024-09-01,0.58205587,0.5793874
BiLSTM+Attention,test,77.522149_13.146259,2024-09-01,0.42334253,0.43055415
BiLSTM+Attention,test,77.522149_13.200158,2024-09-01,0.53227323,0.5549994
BiLSTM+Attention,test,77.526641_12.751001,2024-09-01,0.7152374,0.73513895
BiLSTM+Attention,test,77.526641_12.840832,2024-09-01,0.6462814,0.66267794
BiLSTM+Attention,test,77.526641_12.89024,2024-09-01,0.6126714,0.6467613
BiLSTM+Attention,test,77.526641_12.899223,2024-09-01,0.5843128,0.61047786
BiLSTM+Attention,test,77.526641_13.078886,2024-09-01,0.59592277,0.5928567
BiLSTM+Attention,test,77.526641_13.105835,2024-09-01,0.41578,0.42536867
BiLSTM+Attention,test,77.526641_13.110327,2024-09-01,0.41171035,0.4201774
BiLSTM+Attention,test,77.531133_12.791425,2024-09-01,0.6096478,0.623124
BiLSTM+Attention,test,77.531133_12.795916,2024-09-01,0.64907944,0.6610824
BiLSTM+Attention,test,77.531133_12.800408,2024-09-01,0.62478185,0.63429326
BiLSTM+Attention,test,77.531133_12.822866,2024-09-01,0.5935081,0.6054156
BiLSTM+Attention,test,77.531133_12.827358,2024-09-01,0.6063237,0.61915725
BiLSTM+Attention,test,77.531133_12.894731,2024-09-01,0.53659695,0.5589914
BiLSTM+Attention,test,77.531133_13.083377,2024-09-01,0.53174466,0.5523993
BiLSTM+Attention,test,77.531133_13.114818,2024-09-01,0.42341244,0.43614286
BiLSTM+Attention,test,77.531133_13.195667,2024-09-01,0.5447467,0.57330406
BiLSTM+Attention,test,77.535624_12.77795,2024-09-01,0.75313234,0.7838937
BiLSTM+Attention,test,77.535624_12.822866,2024-09-01,0.6964805,0.72602814
BiLSTM+Attention,test,77.535624_12.872273,2024-09-01,0.5014606,0.51407474
BiLSTM+Attention,test,77.535624_12.899223,2024-09-01,0.5175602,0.533825
BiLSTM+Attention,test,77.535624_13.069903,2024-09-01,0.63552845,0.6756312
BiLSTM+Attention,test,77.535624_13.083377,2024-09-01,0.5243555,0.5398974
BiLSTM+Attention,test,77.535624_13.096852,2024-09-01,0.46521813,0.47588098
BiLSTM+Attention,test,77.535624_13.114818,2024-09-01,0.44910118,0.46786034
BiLSTM+Attention,test,77.535624_13.132785,2024-09-01,0.47434708,0.49353284
BiLSTM+Attention,test,77.535624_13.137276,2024-09-01,0.4166082,0.43216056
BiLSTM+Attention,test,77.535624_13.195667,2024-09-01,0.48683614,0.5042107
BiLSTM+Attention,test,77.540116_12.77795,2024-09-01,0.6527895,0.6733031
BiLSTM+Attention,test,77.540116_12.795916,2024-09-01,0.6691233,0.6979452
BiLSTM+Attention,test,77.540116_13.042953,2024-09-01,0.56456167,0.5929074
BiLSTM+Attention,test,77.540116_13.074394,2024-09-01,0.5827629,0.6146177
BiLSTM+Attention,test,77.540116_13.092361,2024-09-01,0.4232132,0.44028866
BiLSTM+Attention,test,77.540116_13.101344,2024-09-01,0.45311445,0.46234214
BiLSTM+Attention,test,77.540116_13.105835,2024-09-01,0.46029562,0.4797073
BiLSTM+Attention,test,77.540116_13.114818,2024-09-01,0.45708984,0.44417763
BiLSTM+Attention,test,77.540116_13.132785,2024-09-01,0.45956877,0.4829477
BiLSTM+Attention,test,77.540116_13.155243,2024-09-01,0.48581356,0.51047105
BiLSTM+Attention,test,77.540116_13.182192,2024-09-01,0.45211864,0.47312963
BiLSTM+Attention,test,77.544607_12.831849,2024-09-01,0.7541988,0.78921264
BiLSTM+Attention,test,77.544607_13.218125,2024-09-01,0.5738816,0.56245685
BiLSTM+Attention,test,77.549099_12.822866,2024-09-01,0.7743963,0.797315
BiLSTM+Attention,test,77.549099_12.831849,2024-09-01,0.6873917,0.7127771
BiLSTM+Attention,test,77.549099_12.836341,2024-09-01,0.6596072,0.6831914
BiLSTM+Attention,test,77.549099_12.845324,2024-09-01,0.64220536,0.66986614
BiLSTM+Attention,test,77.549099_12.867782,2024-09-01,0.595575,0.59118795
BiLSTM+Attention,test,77.549099_12.876765,2024-09-01,0.5615273,0.55245316
BiLSTM+Attention,test,77.549099_12.894731,2024-09-01,0.6125478,0.64937675
BiLSTM+Attention,test,77.549099_13.096852,2024-09-01,0.49001306,0.50651187
BiLSTM+Attention,test,77.549099_13.132785,2024-09-01,0.59089506,0.6243466
BiLSTM+Attention,test,77.55359_12.71956,2024-09-01,0.79182625,0.8313437
BiLSTM+Attention,test,77.55359_12.782442,2024-09-01,0.7241112,0.75283253
BiLSTM+Attention,test,77.55359_12.849815,2024-09-01,0.63655275,0.65880173
BiLSTM+Attention,test,77.55359_12.872273,2024-09-01,0.55267924,0.55428976
BiLSTM+Attention,test,77.55359_13.069903,2024-09-01,0.70098954,0.74103177
BiLSTM+Attention,test,77.55359_13.101344,2024-09-01,0.44563,0.45673877
BiLSTM+Attention,test,77.55359_13.110327,2024-09-01,0.49808422,0.52579993
BiLSTM+Attention,test,77.55359_13.128293,2024-09-01,0.5697797,0.60567427
BiLSTM+Attention,test,77.55359_13.168717,2024-09-01,0.53280646,0.5255741
BiLSTM+Attention,test,77.55359_13.173209,2024-09-01,0.45603204,0.4447328
BiLSTM+Attention,test,77.558082_12.710577,2024-09-01,0.81981415,0.85679716
BiLSTM+Attention,test,77.558082_12.827358,2024-09-01,0.70495915,0.7332192
BiLSTM+Attention,test,77.558082_12.845324,2024-09-01,0.6834954,0.70961934
BiLSTM+Attention,test,77.558082_13.042953,2024-09-01,0.6422105,0.67486835
BiLSTM+Attention,test,77.558082_13.051936,2024-09-01,0.67241985,0.7112947
BiLSTM+Attention,test,77.558082_13.110327,2024-09-01,0.50628567,0.5343942
BiLSTM+Attention,test,77.558082_13.168717,2024-09-01,0.51059127,0.5403202
BiLSTM+Attention,test,77.558082_13.1777,2024-09-01,0.5281369,0.51246846
BiLSTM+Attention,test,77.562574_12.71956,2024-09-01,0.7940752,0.8369222
BiLSTM+Attention,test,77.562574_12.827358,2024-09-01,0.71234834,0.7303313
BiLSTM+Attention,test,77.562574_12.858799,2024-09-01,0.53314346,0.5551124
BiLSTM+Attention,test,77.562574_12.872273,2024-09-01,0.615428,0.64086217
BiLSTM+Attention,test,77.562574_12.876765,2024-09-01,0.6671521,0.6665598
BiLSTM+Attention,test,77.562574_13.141768,2024-09-01,0.48465112,0.5060149
BiLSTM+Attention,test,77.562574_13.159734,2024-09-01,0.5130951,0.5402646
BiLSTM+Attention,test,77.562574_13.173209,2024-09-01,0.51975477,0.54702693
BiLSTM+Attention,test,77.567065_12.724051,2024-09-01,0.7411835,0.773399
BiLSTM+Attention,test,77.567065_12.813883,2024-09-01,0.7006122,0.72154874
BiLSTM+Attention,test,77.567065_12.849815,2024-09-01,0.6794738,0.7039703
BiLSTM+Attention,test,77.567065_13.105835,2024-09-01,0.5688541,0.6047938
BiLSTM+Attention,test,77.567065_13.114818,2024-09-01,0.614303,0.65787125
BiLSTM+Attention,test,77.567065_13.182192,2024-09-01,0.5163014,0.54752773
BiLSTM+Attention,test,77.571557_12.71956,2024-09-01,0.77700204,0.81394166
BiLSTM+Attention,test,77.571557_12.800408,2024-09-01,0.69852895,0.7168851
BiLSTM+Attention,test,77.571557_12.813883,2024-09-01,0.7696644,0.795158
BiLSTM+Attention,test,77.571557_12.849815,2024-09-01,0.68326503,0.70488024
BiLSTM+Attention,test,77.571557_13.141768,2024-09-01,0.48881727,0.50909996
BiLSTM+Attention,test,77.571557_13.146259,2024-09-01,0.49219215,0.5119736
BiLSTM+Attention,test,77.576048_12.71956,2024-09-01,0.74321514,0.7803265
BiLSTM+Attention,test,77.576048_12.728543,2024-09-01,0.73935425,0.7644366
BiLSTM+Attention,test,77.576048_12.742018,2024-09-01,0.7366205,0.7754509
BiLSTM+Attention,test,77.576048_12.813883,2024-09-01,0.78924525,0.8056326
BiLSTM+Attention,test,77.576048_12.827358,2024-09-01,0.6690025,0.6896231
BiLSTM+Attention,test,77.58054_12.800408,2024-09-01,0.7377288,0.7719801
BiLSTM+Attention,test,77.58054_12.845324,2024-09-01,0.685625,0.7114442
BiLSTM+Attention,test,77.58054_13.083377,2024-09-01,0.53489214,0.5639254
BiLSTM+Attention,test,77.58054_13.087869,2024-09-01,0.508888,0.5382125
BiLSTM+Attention,test,77.585031_12.849815,2024-09-01,0.6830689,0.7033797
BiLSTM+Attention,test,77.585031_13.042953,2024-09-01,0.6706665,0.7138619
BiLSTM+Attention,test,77.585031_13.137276,2024-09-01,0.49586704,0.52065694
BiLSTM+Attention,test,77.589523_12.71956,2024-09-01,0.85008794,0.87638664
BiLSTM+Attention,test,77.589523_12.746509,2024-09-01,0.7376864,0.7800634
BiLSTM+Attention,test,77.589523_12.854307,2024-09-01,0.6307565,0.6577597
BiLSTM+Attention,test,77.589523_12.971088,2024-09-01,0.7329728,0.761923
BiLSTM+Attention,test,77.589523_13.083377,2024-09-01,0.61869264,0.6548613
BiLSTM+Attention,test,77.589523_13.150751,2024-09-01,0.50134534,0.51862246
BiLSTM+Attention,test,77.594015_12.724051,2024-09-01,0.8273005,0.85177433
BiLSTM+Attention,test,77.594015_12.733034,2024-09-01,0.798012,0.82757217
BiLSTM+Attention,test,77.594015_12.755492,2024-09-01,0.6999505,0.7275845
BiLSTM+Attention,test,77.594015_12.831849,2024-09-01,0.64555836,0.66820365
BiLSTM+Attention,test,77.594015_12.836341,2024-09-01,0.66520834,0.6949329
BiLSTM+Attention,test,77.594015_12.840832,2024-09-01,0.6657327,0.69533116
BiLSTM+Attention,test,77.594015_12.849815,2024-09-01,0.65657216,0.69004714
BiLSTM+Attention,test,77.594015_12.998037,2024-09-01,0.76010984,0.7634205
BiLSTM+Attention,test,77.594015_13.087869,2024-09-01,0.6033664,0.64874095
BiLSTM+Attention,test,77.598506_12.665661,2024-09-01,0.8296591,0.8624973
BiLSTM+Attention,test,77.598506_12.710577,2024-09-01,0.7577582,0.7721108
BiLSTM+Attention,test,77.598506_12.822866,2024-09-01,0.6703868,0.6927117
BiLSTM+Attention,test,77.598506_12.849815,2024-09-01,0.6965402,0.7280772
BiLSTM+Attention,test,77.598506_13.083377,2024-09-01,0.5963814,0.63852686
BiLSTM+Attention,test,77.598506_13.128293,2024-09-01,0.55731374,0.59152913
BiLSTM+Attention,test,77.598506_13.141768,2024-09-01,0.47109357,0.4946152
BiLSTM+Attention,test,77.598506_13.146259,2024-09-01,0.4510574,0.47139877
BiLSTM+Attention,test,77.602998_12.710577,2024-09-01,0.79463834,0.8149552
BiLSTM+Attention,test,77.602998_12.827358,2024-09-01,0.58615714,0.6038501
BiLSTM+Attention,test,77.602998_12.849815,2024-09-01,0.59636253,0.6145191
BiLSTM+Attention,test,77.602998_12.858799,2024-09-01,0.6051459,0.6309491
BiLSTM+Attention,test,77.602998_13.114818,2024-09-01,0.5849133,0.62411094
BiLSTM+Attention,test,77.602998_13.11931,2024-09-01,0.5786587,0.6190271
BiLSTM+Attention,test,77.602998_13.128293,2024-09-01,0.52555496,0.5534852
BiLSTM+Attention,test,77.602998_13.164226,2024-09-01,0.4852115,0.5060029
BiLSTM+Attention,test,77.607489_12.768967,2024-09-01,0.6571043,0.6811146
BiLSTM+Attention,test,77.607489_12.773459,2024-09-01,0.6306346,0.6526182
BiLSTM+Attention,test,77.607489_12.791425,2024-09-01,0.6186922,0.63609135
BiLSTM+Attention,test,77.607489_12.809391,2024-09-01,0.70523304,0.7430131
BiLSTM+Attention,test,77.607489_12.818374,2024-09-01,0.727268,0.7632258
BiLSTM+Attention,test,77.607489_13.087869,2024-09-01,0.6854341,0.738359
BiLSTM+Attention,test,77.611981_12.674644,2024-09-01,0.81821877,0.8341433
BiLSTM+Attention,test,77.611981_12.768967,2024-09-01,0.61341727,0.63048935
BiLSTM+Attention,test,77.611981_12.831849,2024-09-01,0.6151608,0.6359491
BiLSTM+Attention,test,77.611981_12.867782,2024-09-01,0.56981313,0.6001627
BiLSTM+Attention,test,77.611981_12.953122,2024-09-01,0.72695094,0.771018
BiLSTM+Attention,test,77.611981_13.105835,2024-09-01,0.5511194,0.5927217
BiLSTM+Attention,test,77.611981_13.168717,2024-09-01,0.45555842,0.47527844
BiLSTM+Attention,test,77.611981_13.182192,2024-09-01,0.42854944,0.44643772
BiLSTM+Attention,test,77.616473_12.831849,2024-09-01,0.65643716,0.6805396
BiLSTM+Attention,test,77.616473_12.858799,2024-09-01,0.58089125,0.60632956
BiLSTM+Attention,test,77.616473_13.114818,2024-09-01,0.57766116,0.6188688
BiLSTM+Attention,test,77.616473_13.141768,2024-09-01,0.5036022,0.53184617
BiLSTM+Attention,test,77.616473_13.1777,2024-09-01,0.42148253,0.4379132
BiLSTM+Attention,test,77.620964_12.674644,2024-09-01,0.8252209,0.8538229
BiLSTM+Attention,test,77.620964_12.795916,2024-09-01,0.5673406,0.58164006
BiLSTM+Attention,test,77.620964_12.813883,2024-09-01,0.5586096,0.56895727
BiLSTM+Attention,test,77.620964_12.845324,2024-09-01,0.69219387,0.7204868
BiLSTM+Attention,test,77.620964_12.858799,2024-09-01,0.56212616,0.5874343
BiLSTM+Attention,test,77.620964_13.132785,2024-09-01,0.555171,0.58631516
BiLSTM+Attention,test,77.625456_12.782442,2024-09-01,0.5964355,0.6147833
BiLSTM+Attention,test,77.625456_12.858799,2024-09-01,0.52761936,0.5468953
BiLSTM+Attention,test,77.625456_13.065411,2024-09-01,0.45208374,0.47751904
BiLSTM+Attention,test,77.625456_13.128293,2024-09-01,0.55890507,0.5900949
BiLSTM+Attention,test,77.625456_13.137276,2024-09-01,0.49359468,0.51876986
BiLSTM+Attention,test,77.625456_13.155243,2024-09-01,0.6135561,0.66421753
BiLSTM+Attention,test,77.625456_13.182192,2024-09-01,0.45596528,0.47862756
BiLSTM+Attention,test,77.629947_12.795916,2024-09-01,0.7759179,0.81339884
BiLSTM+Attention,test,77.629947_12.809391,2024-09-01,0.5809959,0.59270614
BiLSTM+Attention,test,77.629947_12.836341,2024-09-01,0.63220006,0.65038604
BiLSTM+Attention,test,77.629947_12.854307,2024-09-01,0.5812882,0.60288346
BiLSTM+Attention,test,77.629947_12.858799,2024-09-01,0.5496903,0.572675
BiLSTM+Attention,test,77.629947_13.06092,2024-09-01,0.47532615,0.50776327
BiLSTM+Attention,test,77.629947_13.087869,2024-09-01,0.4756286,0.501225
BiLSTM+Attention,test,77.629947_13.1777,2024-09-01,0.48326397,0.5060329
BiLSTM+Attention,test,77.634439_12.679136,2024-09-01,0.770012,0.7827682
BiLSTM+Attention,test,77.634439_12.701593,2024-09-01,0.71654296,0.7528196
BiLSTM+Attention,test,77.634439_12.733034,2024-09-01,0.57178825,0.59006053
BiLSTM+Attention,test,77.634439_12.746509,2024-09-01,0.6057119,0.6231088
BiLSTM+Attention,test,77.634439_12.751001,2024-09-01,0.60177916,0.6158033
BiLSTM+Attention,test,77.634439_12.849815,2024-09-01,0.58677465,0.6138018
BiLSTM+Attention,test,77.634439_13.047445,2024-09-01,0.5357817,0.5819599
BiLSTM+Attention,test,77.634439_13.083377,2024-09-01,0.43786836,0.46257937
BiLSTM+Attention,test,77.634439_13.137276,2024-09-01,0.45197377,0.47090596
BiLSTM+Attention,test,77.63893_12.688119,2024-09-01,0.7095084,0.72831374
BiLSTM+Attention,test,77.63893_12.742018,2024-09-01,0.62116134,0.6416214
BiLSTM+Attention,test,77.63893_12.791425,2024-09-01,0.6142725,0.6341822
BiLSTM+Attention,test,77.63893_12.800408,2024-09-01,0.5680576,0.57928675
BiLSTM+Attention,test,77.63893_12.818374,2024-09-01,0.58030427,0.5998943
BiLSTM+Attention,test,77.63893_12.840832,2024-09-01,0.6585006,0.69532484
BiLSTM+Attention,test,77.63893_12.872273,2024-09-01,0.5023954,0.5252364
BiLSTM+Attention,test,77.63893_12.917189,2024-09-01,0.7249899,0.7793436
BiLSTM+Attention,test,77.63893_12.989054,2024-09-01,0.6766997,0.69409084
BiLSTM+Attention,test,77.63893_13.056428,2024-09-01,0.49658048,0.5389284
BiLSTM+Attention,test,77.63893_13.078886,2024-09-01,0.44335192,0.46830845
BiLSTM+Attention,test,77.63893_13.083377,2024-09-01,0.43213424,0.45454913
BiLSTM+Attention,test,77.63893_13.1777,2024-09-01,0.46468377,0.48022276
BiLSTM+Attention,test,77.643422_12.795916,2024-09-01,0.59056324,0.5996023
BiLSTM+Attention,test,77.643422_12.800408,2024-09-01,0.5729837,0.5860071
BiLSTM+Attention,test,77.643422_12.809391,2024-09-01,0.6002931,0.62110305
BiLSTM+Attention,test,77.643422_12.867782,2024-09-01,0.540674,0.5661073
BiLSTM+Attention,test,77.643422_13.002529,2024-09-01,0.56092864,0.60580593
BiLSTM+Attention,test,77.643422_13.038462,2024-09-01,0.55951536,0.60746354
BiLSTM+Attention,test,77.643422_13.164226,2024-09-01,0.57091653,0.6074694
BiLSTM+Attention,test,77.647914_12.688119,2024-09-01,0.74841994,0.7592749
BiLSTM+Attention,test,77.647914_12.733034,2024-09-01,0.6044379,0.6207875
BiLSTM+Attention,test,77.647914_12.881256,2024-09-01,0.5554553,0.58338577
BiLSTM+Attention,test,77.647914_12.935155,2024-09-01,0.67179567,0.72111195
BiLSTM+Attention,test,77.647914_13.141768,2024-09-01,0.6019845,0.65111345
BiLSTM+Attention,test,77.647914_13.168717,2024-09-01,0.64092946,0.6850488
BiLSTM+Attention,test,77.652405_12.697102,2024-09-01,0.7133176,0.73638886
BiLSTM+Attention,test,77.652405_12.773459,2024-09-01,0.57685035,0.59166616
BiLSTM+Attention,test,77.652405_12.795916,2024-09-01,0.55172676,0.5660256
BiLSTM+Attention,test,77.652405_12.8049,2024-09-01,0.60732955,0.63371885
BiLSTM+Attention,test,77.652405_12.858799,2024-09-01,0.69225305,0.745032
BiLSTM+Attention,test,77.652405_12.926172,2024-09-01,0.66110414,0.7140938
BiLSTM+Attention,test,77.652405_13.002529,2024-09-01,0.54952824,0.58726704
BiLSTM+Attention,test,77.656897_12.742018,2024-09-01,0.6317766,0.64818823
BiLSTM+Attention,test,77.656897_12.746509,2024-09-01,0.6117404,0.62252873
BiLSTM+Attention,test,77.656897_12.768967,2024-09-01,0.6278759,0.65781933
BiLSTM+Attention,test,77.656897_12.791425,2024-09-01,0.5700023,0.5922351
BiLSTM+Attention,test,77.656897_12.800408,2024-09-01,0.6224529,0.6458686
BiLSTM+Attention,test,77.656897_12.831849,2024-09-01,0.6204482,0.6534838
BiLSTM+Attention,test,77.656897_12.849815,2024-09-01,0.51297915,0.5419243
BiLSTM+Attention,test,77.656897_12.939647,2024-09-01,0.6065642,0.6590645
BiLSTM+Attention,test,77.656897_13.101344,2024-09-01,0.4629417,0.49475574
BiLSTM+Attention,test,77.656897_13.164226,2024-09-01,0.47344306,0.49968123
BiLSTM+Attention,test,77.656897_13.173209,2024-09-01,0.445263,0.4596603
BiLSTM+Attention,test,77.661388_12.737526,2024-09-01,0.6346103,0.6449885
BiLSTM+Attention,test,77.661388_12.759984,2024-09-01,0.6416982,0.66688466
BiLSTM+Attention,test,77.661388_13.056428,2024-09-01,0.517256,0.55465186
BiLSTM+Attention,test,77.661388_13.074394,2024-09-01,0.5184154,0.55669725
BiLSTM+Attention,test,77.661388_13.087869,2024-09-01,0.47092095,0.5046527
BiLSTM+Attention,test,77.661388_13.101344,2024-09-01,0.45881632,0.48995137
BiLSTM+Attention,test,77.661388_13.110327,2024-09-01,0.5195657,0.56758195
BiLSTM+Attention,test,77.661388_13.11931,2024-09-01,0.57297534,0.6184288
BiLSTM+Attention,test,77.66588_12.679136,2024-09-01,0.70200515,0.71047944
BiLSTM+Attention,test,77.66588_12.697102,2024-09-01,0.66739964,0.6759927
BiLSTM+Attention,test,77.66588_12.715068,2024-09-01,0.6440163,0.6673328
BiLSTM+Attention,test,77.66588_12.724051,2024-09-01,0.6380418,0.6623649
BiLSTM+Attention,test,77.66588_12.751001,2024-09-01,0.6017105,0.61548173
BiLSTM+Attention,test,77.66588_12.755492,2024-09-01,0.6452542,0.6678162
BiLSTM+Attention,test,77.66588_12.764475,2024-09-01,0.623457,0.6485895
BiLSTM+Attention,test,77.66588_12.768967,2024-09-01,0.75190187,0.7903415
BiLSTM+Attention,test,77.66588_12.791425,2024-09-01,0.65880954,0.6825187
BiLSTM+Attention,test,77.66588_12.953122,2024-09-01,0.62754875,0.6711327
BiLSTM+Attention,test,77.66588_13.038462,2024-09-01,0.52899885,0.56490475
BiLSTM+Attention,test,77.66588_13.051936,2024-09-01,0.55487895,0.5929175
BiLSTM+Attention,test,77.66588_13.173209,2024-09-01,0.45197073,0.4670906
BiLSTM+Attention,test,77.670371_12.71956,2024-09-01,0.63709706,0.66332155
BiLSTM+Attention,test,77.670371_12.86329,2024-09-01,0.5470706,0.5849179
BiLSTM+Attention,test,77.670371_12.881256,2024-09-01,0.53796804,0.57022595
BiLSTM+Attention,test,77.670371_12.894731,2024-09-01,0.48526815,0.507156
BiLSTM+Attention,test,77.670371_13.069903,2024-09-01,0.45859239,0.48038667
BiLSTM+Attention,test,77.670371_13.083377,2024-09-01,0.41951305,0.4409052
BiLSTM+Attention,test,77.670371_13.092361,2024-09-01,0.42285317,0.44595328
BiLSTM+Attention,test,77.670371_13.128293,2024-09-01,0.50346833,0.541734
BiLSTM+Attention,test,77.674863_12.674644,2024-09-01,0.7399276,0.76915634
BiLSTM+Attention,test,77.674863_12.71956,2024-09-01,0.6462559,0.6665233
BiLSTM+Attention,test,77.674863_12.755492,2024-09-01,0.58937806,0.6060354
BiLSTM+Attention,test,77.674863_12.764475,2024-09-01,0.6039607,0.62039435
BiLSTM+Attention,test,77.674863_12.786933,2024-09-01,0.6331475,0.6468114
BiLSTM+Attention,test,77.674863_12.836341,2024-09-01,0.56972426,0.603176
BiLSTM+Attention,test,77.674863_12.867782,2024-09-01,0.7214579,0.7659418
BiLSTM+Attention,test,77.674863_13.051936,2024-09-01,0.5637138,0.6037134
BiLSTM+Attention,test,77.674863_13.069903,2024-09-01,0.44062454,0.460877
BiLSTM+Attention,test,77.674863_13.092361,2024-09-01,0.4426297,0.46752757
BiLSTM+Attention,test,77.674863_13.105835,2024-09-01,0.49643493,0.5303418
BiLSTM+Attention,test,77.679355_12.697102,2024-09-01,0.612955,0.6176601
BiLSTM+Attention,test,77.679355_12.746509,2024-09-01,0.70114106,0.7246972
BiLSTM+Attention,test,77.679355_12.881256,2024-09-01,0.5638383,0.6030746
BiLSTM+Attention,test,77.679355_12.89024,2024-09-01,0.57682127,0.61044955
BiLSTM+Attention,test,77.679355_12.899223,2024-09-01,0.4981992,0.5203785
BiLSTM+Attention,test,77.679355_13.047445,2024-09-01,0.7410107,0.7887193
BiLSTM+Attention,test,77.679355_13.056428,2024-09-01,0.53551394,0.57362515
BiLSTM+Attention,test,77.679355_13.074394,2024-09-01,0.45939094,0.48755264
BiLSTM+Attention,test,77.679355_13.101344,2024-09-01,0.46068254,0.49670058
BiLSTM+Attention,test,77.679355_13.141768,2024-09-01,0.49387357,0.5283379
BiLSTM+Attention,test,77.679355_13.155243,2024-09-01,0.42176056,0.43977457
BiLSTM+Attention,test,77.679355_13.159734,2024-09-01,0.44614094,0.4667486
BiLSTM+Attention,test,77.683846_12.728543,2024-09-01,0.63170403,0.640017
BiLSTM+Attention,test,77.683846_12.742018,2024-09-01,0.5673697,0.5870631
BiLSTM+Attention,test,77.683846_12.755492,2024-09-01,0.7434026,0.7838637
BiLSTM+Attention,test,77.683846_12.795916,2024-09-01,0.61149627,0.6298086
BiLSTM+Attention,test,77.683846_12.8049,2024-09-01,0.57039833,0.59593606
BiLSTM+Attention,test,77.683846_12.836341,2024-09-01,0.61401427,0.64842576
BiLSTM+Attention,test,77.683846_12.840832,2024-09-01,0.62237275,0.6559068
BiLSTM+Attention,test,77.683846_12.894731,2024-09-01,0.5905268,0.62441057
BiLSTM+Attention,test,77.683846_12.917189,2024-09-01,0.48509407,0.5213351
BiLSTM+Attention,test,77.683846_12.939647,2024-09-01,0.72144943,0.7794618
BiLSTM+Attention,test,77.683846_13.029478,2024-09-01,0.41487828,0.4340702
BiLSTM+Attention,test,77.683846_13.06092,2024-09-01,0.50837314,0.53628796
BiLSTM+Attention,test,77.683846_13.074394,2024-09-01,0.426943,0.44455963
BiLSTM+Attention,test,77.683846_13.11931,2024-09-01,0.40535122,0.43219915
BiLSTM+Attention,test,77.683846_13.123802,2024-09-01,0.45369744,0.48453528
BiLSTM+Attention,test,77.688338_12.656678,2024-09-01,0.75065,0.78650385
BiLSTM+Attention,test,77.688338_12.69261,2024-09-01,0.79337627,0.8326736
BiLSTM+Attention,test,77.688338_12.697102,2024-09-01,0.798747,0.82735384
BiLSTM+Attention,test,77.688338_12.710577,2024-09-01,0.79608184,0.8366518
BiLSTM+Attention,test,77.688338_12.751001,2024-09-01,0.6434086,0.6660852
BiLSTM+Attention,test,77.688338_12.755492,2024-09-01,0.6158627,0.63591015
BiLSTM+Attention,test,77.688338_12.876765,2024-09-01,0.77967954,0.821352
BiLSTM+Attention,test,77.688338_12.885748,2024-09-01,0.60277945,0.63351536
BiLSTM+Attention,test,77.688338_12.966596,2024-09-01,0.59879106,0.6515147
BiLSTM+Attention,test,77.692829_12.746509,2024-09-01,0.54441094,0.56363016
BiLSTM+Attention,test,77.692829_12.800408,2024-09-01,0.5735751,0.59582496
BiLSTM+Attention,test,77.692829_12.845324,2024-09-01,0.63168347,0.67035836
BiLSTM+Attention,test,77.692829_12.885748,2024-09-01,0.62840337,0.6562686
BiLSTM+Attention,test,77.692829_12.899223,2024-09-01,0.55351925,0.5802721
BiLSTM+Attention,test,77.692829_13.047445,2024-09-01,0.7138867,0.77189016
BiLSTM+Attention,test,77.692829_13.06092,2024-09-01,0.6034453,0.64120835
BiLSTM+Attention,test,77.692829_13.065411,2024-09-01,0.5567129,0.5941644
BiLSTM+Attention,test,77.692829_13.083377,2024-09-01,0.42380577,0.44277728
BiLSTM+Attention,test,77.692829_13.096852,2024-09-01,0.40565342,0.42478195
BiLSTM+Attention,test,77.692829_13.132785,2024-09-01,0.3836167,0.40954635
BiLSTM+Attention,test,77.692829_13.155243,2024-09-01,0.42289123,0.44394225
BiLSTM+Attention,test,77.697321_12.697102,2024-09-01,0.80154943,0.8396076
BiLSTM+Attention,test,77.697321_12.751001,2024-09-01,0.6081269,0.62928104
BiLSTM+Attention,test,77.697321_12.773459,2024-09-01,0.5754322,0.5895416
BiLSTM+Attention,test,77.697321_12.791425,2024-09-01,0.6584968,0.6814677
BiLSTM+Attention,test,77.697321_12.885748,2024-09-01,0.6318358,0.66252214
BiLSTM+Attention,test,77.697321_12.894731,2024-09-01,0.56895196,0.59573376
BiLSTM+Attention,test,77.697321_12.930664,2024-09-01,0.5695005,0.6213961
BiLSTM+Attention,test,77.697321_12.966596,2024-09-01,0.5740713,0.62406534
BiLSTM+Attention,test,77.697321_13.132785,2024-09-01,0.3836167,0.40943825
BiLSTM+Attention,test,77.697321_13.150751,2024-09-01,0.43862176,0.4648981
BiLSTM+Attention,test,77.697321_13.1777,2024-09-01,0.532289,0.5804121
BiLSTM+Attention,test,77.701812_12.742018,2024-09-01,0.5977408,0.61916846
BiLSTM+Attention,test,77.701812_12.77795,2024-09-01,0.56411195,0.5920091
BiLSTM+Attention,test,77.701812_12.8049,2024-09-01,0.634703,0.6648244
BiLSTM+Attention,test,77.701812_12.822866,2024-09-01,0.5959862,0.6292838
BiLSTM+Attention,test,77.701812_12.872273,2024-09-01,0.5511178,0.5888584
BiLSTM+Attention,test,77.701812_12.984563,2024-09-01,0.49812105,0.55117154
BiLSTM+Attention,test,77.701812_13.03397,2024-09-01,0.46933463,0.5098916
BiLSTM+Attention,test,77.701812_13.114818,2024-09-01,0.46264583,0.5040698
BiLSTM+Attention,test,77.701812_13.164226,2024-09-01,0.45906925,0.5007042
BiLSTM+Attention,test,77.706304_12.746509,2024-09-01,0.61096406,0.6356214
BiLSTM+Attention,test,77.706304_12.751001,2024-09-01,0.61769885,0.6519754
BiLSTM+Attention,test,77.706304_12.759984,2024-09-01,0.5344939,0.5529506
BiLSTM+Attention,test,77.706304_12.764475,2024-09-01,0.5719534,0.59473413
BiLSTM+Attention,test,77.706304_12.86329,2024-09-01,0.5029569,0.53694594
BiLSTM+Attention,test,77.706304_12.984563,2024-09-01,0.50543815,0.5571435
BiLSTM+Attention,test,77.706304_13.038462,2024-09-01,0.47604883,0.51473266
BiLSTM+Attention,test,77.706304_13.042953,2024-09-01,0.52756053,0.5696819
BiLSTM+Attention,test,77.706304_13.137276,2024-09-01,0.62569267,0.6900275
BiLSTM+Attention,test,77.710796_12.715068,2024-09-01,0.66723585,0.70336115
BiLSTM+Attention,test,77.710796_12.894731,2024-09-01,0.6334808,0.6803885
BiLSTM+Attention,test,77.710796_12.899223,2024-09-01,0.58260363,0.6282575
BiLSTM+Attention,test,77.710796_12.912697,2024-09-01,0.5037209,0.550674
BiLSTM+Attention,test,77.710796_13.03397,2024-09-01,0.46093497,0.49671644
BiLSTM+Attention,test,77.710796_13.11931,2024-09-01,0.433499,0.47376323
BiLSTM+Attention,test,77.710796_13.123802,2024-09-01,0.40289146,0.4370765
BiLSTM+Attention,test,77.710796_13.132785,2024-09-01,0.43082604,0.46771824
BiLSTM+Attention,test,77.710796_13.150751,2024-09-01,0.4099493,0.4408783
BiLSTM+Attention,test,77.710796_13.168717,2024-09-01,0.47851405,0.51936674
BiLSTM+Attention,test,77.710796_13.173209,2024-09-01,0.48712915,0.5225615
BiLSTM+Attention,test,77.715287_12.679136,2024-09-01,0.7250983,0.7791087
BiLSTM+Attention,test,77.715287_12.742018,2024-09-01,0.5986969,0.6210879
BiLSTM+Attention,test,77.715287_12.773459,2024-09-01,0.5637039,0.5813278
BiLSTM+Attention,test,77.715287_12.822866,2024-09-01,0.61483246,0.64538187
BiLSTM+Attention,test,77.715287_12.827358,2024-09-01,0.58308697,0.6141209
BiLSTM+Attention,test,77.715287_12.845324,2024-09-01,0.5308272,0.570859
BiLSTM+Attention,test,77.715287_12.885748,2024-09-01,0.6018829,0.6484258
BiLSTM+Attention,test,77.715287_12.899223,2024-09-01,0.4985697,0.5390381
BiLSTM+Attention,test,77.715287_12.939647,2024-09-01,0.72810346,0.7845991
BiLSTM+Attention,test,77.715287_12.944139,2024-09-01,0.7569336,0.8211787
BiLSTM+Attention,test,77.715287_12.94863,2024-09-01,0.6041723,0.6702177
BiLSTM+Attention,test,77.715287_13.016004,2024-09-01,0.5415246,0.59238493
BiLSTM+Attention,test,77.715287_13.029478,2024-09-01,0.42299578,0.45823765
BiLSTM+Attention,test,77.715287_13.038462,2024-09-01,0.5456404,0.59887433
BiLSTM+Attention,test,77.715287_13.051936,2024-09-01,0.53403485,0.58295035
BiLSTM+Attention,test,77.715287_13.056428,2024-09-01,0.46725178,0.5038631
BiLSTM+Attention,test,77.715287_13.096852,2024-09-01,0.36172578,0.39658195
BiLSTM+Attention,test,77.715287_13.114818,2024-09-01,0.49854895,0.5429751
BiLSTM+Attention,test,77.715287_13.128293,2024-09-01,0.44341424,0.48074824
BiLSTM+Attention,test,77.719779_12.706085,2024-09-01,0.6829518,0.7138948
BiLSTM+Attention,test,77.719779_12.746509,2024-09-01,0.7215102,0.758385
BiLSTM+Attention,test,77.719779_12.795916,2024-09-01,0.58274364,0.605264
BiLSTM+Attention,test,77.719779_12.840832,2024-09-01,0.61177504,0.65063334
BiLSTM+Attention,test,77.719779_12.903714,2024-09-01,0.49634007,0.54037416
BiLSTM+Attention,test,77.719779_13.069903,2024-09-01,0.43218455,0.46829414
BiLSTM+Attention,test,77.719779_13.105835,2024-09-01,0.45665643,0.4911778
BiLSTM+Attention,test,77.719779_13.123802,2024-09-01,0.41369626,0.44510406
BiLSTM+Attention,test,77.719779_13.137276,2024-09-01,0.41920593,0.44501615
BiLSTM+Attention,test,77.719779_13.155243,2024-09-01,0.41047668,0.44312716
BiLSTM+Attention,test,77.72427_12.674644,2024-09-01,0.63198763,0.6557638
BiLSTM+Attention,test,77.72427_12.697102,2024-09-01,0.5593142,0.5906871
BiLSTM+Attention,test,77.72427_12.701593,2024-09-01,0.5861984,0.6124758
BiLSTM+Attention,test,77.72427_12.724051,2024-09-01,0.63022226,0.64650774
BiLSTM+Attention,test,77.72427_12.786933,2024-09-01,0.6068276,0.6268704
BiLSTM+Attention,test,77.72427_12.791425,2024-09-01,0.6052356,0.62840885
BiLSTM+Attention,test,77.72427_12.840832,2024-09-01,0.5914269,0.62826675
BiLSTM+Attention,test,77.72427_12.867782,2024-09-01,0.5359352,0.5679274
BiLSTM+Attention,test,77.72427_12.885748,2024-09-01,0.57226783,0.6124268
BiLSTM+Attention,test,77.72427_13.024987,2024-09-01,0.73128015,0.7899548
BiLSTM+Attention,test,77.72427_13.06092,2024-09-01,0.45036396,0.49248314
BiLSTM+Attention,test,77.72427_13.074394,2024-09-01,0.46015096,0.5077997
BiLSTM+Attention,test,77.728762_12.706085,2024-09-01,0.6570919,0.6882105
BiLSTM+Attention,test,77.728762_12.724051,2024-09-01,0.69679683,0.72656983
BiLSTM+Attention,test,77.728762_12.759984,2024-09-01,0.60415643,0.6295084
BiLSTM+Attention,test,77.728762_12.782442,2024-09-01,0.62716925,0.65716606
BiLSTM+Attention,test,77.728762_12.809391,2024-09-01,0.617544,0.63947374
BiLSTM+Attention,test,77.728762_12.858799,2024-09-01,0.6076307,0.65544975
BiLSTM+Attention,test,77.728762_12.876765,2024-09-01,0.6182746,0.6615835
BiLSTM+Attention,test,77.728762_12.885748,2024-09-01,0.56108284,0.60132295
BiLSTM+Attention,test,77.728762_13.016004,2024-09-01,0.7193596,0.7740181
BiLSTM+Attention,test,77.728762_13.047445,2024-09-01,0.51473725,0.5574705
BiLSTM+Attention,test,77.728762_13.087869,2024-09-01,0.4840443,0.5314777
BiLSTM+Attention,test,77.728762_13.092361,2024-09-01,0.44593737,0.48582542
BiLSTM+Attention,test,77.733253_12.755492,2024-09-01,0.57479113,0.59324145
BiLSTM+Attention,test,77.733253_12.795916,2024-09-01,0.57678646,0.60344523
BiLSTM+Attention,test,77.733253_12.86329,2024-09-01,0.6208745,0.66680735
BiLSTM+Attention,test,77.733253_12.872273,2024-09-01,0.6044425,0.65125006
BiLSTM+Attention,test,77.733253_12.998037,2024-09-01,0.6233176,0.67534673
BiLSTM+Attention,test,77.733253_13.056428,2024-09-01,0.4270658,0.46317083
BiLSTM+Attention,test,77.737745_12.764475,2024-09-01,0.55260813,0.5715678
BiLSTM+Attention,test,77.737745_12.791425,2024-09-01,0.5955447,0.6212076
BiLSTM+Attention,test,77.737745_12.809391,2024-09-01,0.5912974,0.6102387
BiLSTM+Attention,test,77.737745_12.858799,2024-09-01,0.58665913,0.6267651
BiLSTM+Attention,test,77.737745_12.872273,2024-09-01,0.61183804,0.65606153
BiLSTM+Attention,test,77.737745_12.881256,2024-09-01,0.6320999,0.67878455
BiLSTM+Attention,test,77.737745_13.051936,2024-09-01,0.45102778,0.49291408
BiLSTM+Attention,test,77.737745_13.06092,2024-09-01,0.455896,0.4926855
BiLSTM+Attention,test,77.737745_13.078886,2024-09-01,0.48290676,0.53171194
BiLSTM+Attention,test,77.737745_13.101344,2024-09-01,0.40847793,0.4433426
BiLSTM+Attention,test,77.742237_12.697102,2024-09-01,0.6993581,0.7409294
BiLSTM+Attention,test,77.742237_12.764475,2024-09-01,0.5673624,0.58758587
BiLSTM+Attention,test,77.742237_12.795916,2024-09-01,0.5619673,0.583066
BiLSTM+Attention,test,77.742237_12.8049,2024-09-01,0.60476696,0.62760335
BiLSTM+Attention,test,77.742237_12.86329,2024-09-01,0.5266833,0.55762285
BiLSTM+Attention,test,77.742237_12.867782,2024-09-01,0.616829,0.6584251
BiLSTM+Attention,test,77.742237_12.89024,2024-09-01,0.61770904,0.66045856
BiLSTM+Attention,test,77.742237_12.899223,2024-09-01,0.5983101,0.64295495
BiLSTM+Attention,test,77.742237_12.921681,2024-09-01,0.5351789,0.5852444
BiLSTM+Attention,test,77.742237_12.980071,2024-09-01,0.57422733,0.62446237
BiLSTM+Attention,test,77.742237_13.002529,2024-09-01,0.59091085,0.6422361
BiLSTM+Attention,test,77.742237_13.016004,2024-09-01,0.5997611,0.6561955
BiLSTM+Attention,test,77.742237_13.038462,2024-09-01,0.42919713,0.46088004
BiLSTM+Attention,test,77.742237_13.074394,2024-09-01,0.4061174,0.4466893
BiLSTM+Attention,test,77.742237_13.078886,2024-09-01,0.46883816,0.5150473
BiLSTM+Attention,test,77.742237_13.101344,2024-09-01,0.4306454,0.47072744
BiLSTM+Attention,test,77.746728_12.751001,2024-09-01,0.5954795,0.62203056
BiLSTM+Attention,test,77.746728_12.764475,2024-09-01,0.5866931,0.6096278
BiLSTM+Attention,test,77.746728_12.782442,2024-09-01,0.62212384,0.6516246
BiLSTM+Attention,test,77.746728_12.97558,2024-09-01,0.59475654,0.6404327
BiLSTM+Attention,test,77.746728_12.984563,2024-09-01,0.58488756,0.638594
BiLSTM+Attention,test,77.746728_13.016004,2024-09-01,0.61185026,0.65657413
BiLSTM+Attention,test,77.746728_13.020495,2024-09-01,0.6403247,0.6879297
BiLSTM+Attention,test,77.746728_13.024987,2024-09-01,0.54978776,0.5995716
BiLSTM+Attention,test,77.746728_13.038462,2024-09-01,0.4576901,0.4986962
BiLSTM+Attention,test,77.746728_13.06092,2024-09-01,0.41598678,0.45045555
BiLSTM+Attention,test,77.746728_13.083377,2024-09-01,0.46813533,0.5094862
BiLSTM+Attention,test,77.746728_13.092361,2024-09-01,0.4258677,0.46042454
BiLSTM+Attention,test,77.75122_12.751001,2024-09-01,0.58519906,0.60789126
BiLSTM+Attention,test,77.75122_12.755492,2024-09-01,0.6293006,0.65709126
BiLSTM+Attention,test,77.75122_12.768967,2024-09-01,0.5504009,0.5707247
BiLSTM+Attention,test,77.75122_12.77795,2024-09-01,0.5886958,0.61009336
BiLSTM+Attention,test,77.75122_12.894731,2024-09-01,0.54049915,0.58627236
BiLSTM+Attention,test,77.75122_12.993546,2024-09-01,0.5255386,0.57544416
BiLSTM+Attention,test,77.75122_13.020495,2024-09-01,0.57343864,0.6222572
BiLSTM+Attention,test,77.75122_13.03397,2024-09-01,0.4686318,0.5149491
BiLSTM+Attention,test,77.75122_13.038462,2024-09-01,0.43776298,0.47615176
BiLSTM+Attention,test,77.755711_12.706085,2024-09-01,0.6145493,0.6407726
BiLSTM+Attention,test,77.755711_12.764475,2024-09-01,0.78340715,0.83897156
BiLSTM+Attention,test,77.755711_12.77795,2024-09-01,0.57145447,0.59387594
BiLSTM+Attention,test,77.755711_12.822866,2024-09-01,0.5671114,0.60486764
BiLSTM+Attention,test,77.755711_12.831849,2024-09-01,0.5414947,0.5798067
BiLSTM+Attention,test,77.755711_12.858799,2024-09-01,0.58958477,0.636893
BiLSTM+Attention,test,77.755711_12.885748,2024-09-01,0.57704294,0.622066
BiLSTM+Attention,test,77.755711_12.899223,2024-09-01,0.5075372,0.5474488
BiLSTM+Attention,test,77.755711_12.903714,2024-09-01,0.56219256,0.6023203
BiLSTM+Attention,test,77.755711_12.926172,2024-09-01,0.5708632,0.6263991
BiLSTM+Attention,test,77.760203_12.751001,2024-09-01,0.58172584,0.60560316
BiLSTM+Attention,test,77.760203_12.795916,2024-09-01,0.5628904,0.5810458
BiLSTM+Attention,test,77.760203_12.818374,2024-09-01,0.6437467,0.6796679
BiLSTM+Attention,test,77.760203_12.867782,2024-09-01,0.54804415,0.5954834
BiLSTM+Attention,test,77.760203_12.872273,2024-09-01,0.56031865,0.6093085
BiLSTM+Attention,test,77.760203_12.876765,2024-09-01,0.53147477,0.5812774
BiLSTM+Attention,test,77.760203_12.885748,2024-09-01,0.54763395,0.5909454
BiLSTM+Attention,test,77.760203_12.984563,2024-09-01,0.5833698,0.6317391
BiLSTM+Attention,test,77.764695_12.742018,2024-09-01,0.6945337,0.7197392
BiLSTM+Attention,test,77.764695_12.746509,2024-09-01,0.6821292,0.70731604
BiLSTM+Attention,test,77.764695_12.813883,2024-09-01,0.6088233,0.6326555
BiLSTM+Attention,test,77.764695_12.849815,2024-09-01,0.57459706,0.6123314
BiLSTM+Attention,test,77.764695_12.885748,2024-09-01,0.57229793,0.6147622
BiLSTM+Attention,test,77.764695_12.912697,2024-09-01,0.5667691,0.6136857
BiLSTM+Attention,test,77.764695_13.03397,2024-09-01,0.41670558,0.4525764
BiLSTM+Attention,test,77.769186_12.751001,2024-09-01,0.7048168,0.74192023
BiLSTM+Attention,test,77.769186_12.791425,2024-09-01,0.5525524,0.5731253
BiLSTM+Attention,test,77.769186_12.800408,2024-09-01,0.60519785,0.6389576
BiLSTM+Attention,test,77.769186_12.8049,2024-09-01,0.6379925,0.6713516
BiLSTM+Attention,test,77.769186_12.809391,2024-09-01,0.5743161,0.6006094
BiLSTM+Attention,test,77.769186_12.876765,2024-09-01,0.5905464,0.64527696
BiLSTM+Attention,test,77.769186_12.894731,2024-09-01,0.55287194,0.5998934
BiLSTM+Attention,test,77.769186_13.016004,2024-09-01,0.5268698,0.57389414
BiLSTM+Attention,test,77.773678_12.746509,2024-09-01,0.69843775,0.721274
BiLSTM+Attention,test,77.773678_12.858799,2024-09-01,0.53249985,0.576164
BiLSTM+Attention,test,77.773678_12.885748,2024-09-01,0.5435712,0.5876889
BiLSTM+Attention,test,77.773678_12.899223,2024-09-01,0.51991767,0.55871063
BiLSTM+Attention,test,77.773678_12.908206,2024-09-01,0.55766076,0.59777254
BiLSTM+Attention,test,77.778169_12.809391,2024-09-01,0.5366039,0.56456286
BiLSTM+Attention,test,77.778169_12.885748,2024-09-01,0.56215864,0.6105315
BiLSTM+Attention,test,77.782661_12.786933,2024-09-01,0.55458766,0.5770647
BiLSTM+Attention,test,77.782661_12.791425,2024-09-01,0.5825854,0.6057999
BiLSTM+Attention,test,77.782661_12.89024,2024-09-01,0.55508447,0.6007993
BiLSTM+Attention,test,77.787152_12.786933,2024-09-01,0.5684374,0.5909474
BiLSTM+Attention,test,77.787152_12.849815,2024-09-01,0.53462046,0.5766242
BiLSTM+Attention,test,77.787152_12.867782,2024-09-01,0.5450117,0.5886613
BiLSTM+Attention,test,77.791644_12.8049,2024-09-01,0.56799966,0.6003854
BiLSTM+Attention,test,77.791644_12.899223,2024-09-01,0.5438205,0.5830761
BiLSTM+Attention,test,77.796136_12.854307,2024-09-01,0.5236233,0.5739739
BiLSTM+Attention,test,77.796136_12.885748,2024-09-01,0.58643466,0.6378215
BiLSTM+Attention,test,77.800627_12.876765,2024-09-01,0.5792896,0.6321098
BiLSTM+Attention,test,77.800627_12.885748,2024-09-01,0.5467044,0.5951759
BiLSTM+Attention,test,77.805119_12.876765,2024-09-01,0.5866788,0.6400639
BiLSTM+Attention,test,77.805119_12.89024,2024-09-01,0.5757912,0.61951435
BiLSTM+Attention,test,77.80961_12.858799,2024-09-01,0.5918817,0.63720685
BiLSTM+Attention,test,77.80961_12.86329,2024-09-01,0.5703034,0.6197821
BiLSTM+Attention,test,77.329012_12.944139,2024-10-01,0.5721409,0.54247296
BiLSTM+Attention,test,77.329012_12.962105,2024-10-01,0.7428335,0.7263819
BiLSTM+Attention,test,77.337995_12.921681,2024-10-01,0.6924095,0.6829724
BiLSTM+Attention,test,77.342486_12.926172,2024-10-01,0.73081607,0.73411906
BiLSTM+Attention,test,77.342486_12.935155,2024-10-01,0.75184256,0.7518733
BiLSTM+Attention,test,77.342486_12.944139,2024-10-01,0.7202631,0.7158003
BiLSTM+Attention,test,77.346978_12.86329,2024-10-01,0.62544584,0.61512256
BiLSTM+Attention,test,77.346978_12.962105,2024-10-01,0.57961065,0.54405177
BiLSTM+Attention,test,77.351469_12.89024,2024-10-01,0.60014373,0.5924585
BiLSTM+Attention,test,77.351469_12.930664,2024-10-01,0.75572723,0.7559846
BiLSTM+Attention,test,77.351469_12.939647,2024-10-01,0.7363523,0.7355862
BiLSTM+Attention,test,77.355961_12.899223,2024-10-01,0.6150135,0.60558724
BiLSTM+Attention,test,77.355961_12.94863,2024-10-01,0.54732275,0.52464074
BiLSTM+Attention,test,77.355961_12.962105,2024-10-01,0.7529732,0.74105895
BiLSTM+Attention,test,77.360453_12.867782,2024-10-01,0.513591,0.48689306
BiLSTM+Attention,test,77.360453_12.908206,2024-10-01,0.6354779,0.63440984
BiLSTM+Attention,test,77.360453_12.926172,2024-10-01,0.7517537,0.7622213
BiLSTM+Attention,test,77.364944_12.854307,2024-10-01,0.5552557,0.5263362
BiLSTM+Attention,test,77.364944_12.962105,2024-10-01,0.5363025,0.5025578
BiLSTM+Attention,test,77.369436_12.881256,2024-10-01,0.5561431,0.5339411
BiLSTM+Attention,test,77.369436_12.89024,2024-10-01,0.55387485,0.53356093
BiLSTM+Attention,test,77.369436_12.935155,2024-10-01,0.50946516,0.4775945
BiLSTM+Attention,test,77.369436_12.998037,2024-10-01,0.54599255,0.509716
BiLSTM+Attention,test,77.369436_13.007021,2024-10-01,0.5909579,0.56763333
BiLSTM+Attention,test,77.373927_12.912697,2024-10-01,0.64985234,0.6406752
BiLSTM+Attention,test,77.373927_12.971088,2024-10-01,0.52976,0.49367356
BiLSTM+Attention,test,77.373927_13.011512,2024-10-01,0.5412145,0.51180303
BiLSTM+Attention,test,77.373927_13.016004,2024-10-01,0.5255145,0.4955954
BiLSTM+Attention,test,77.378419_12.966596,2024-10-01,0.505144,0.46307564
BiLSTM+Attention,test,77.382911_12.894731,2024-10-01,0.5973388,0.580652
BiLSTM+Attention,test,77.382911_12.953122,2024-10-01,0.5648831,0.5354177
BiLSTM+Attention,test,77.382911_12.957613,2024-10-01,0.559512,0.52690125
BiLSTM+Attention,test,77.387402_12.962105,2024-10-01,0.55035496,0.5189685
BiLSTM+Attention,test,77.387402_12.97558,2024-10-01,0.5512311,0.5203273
BiLSTM+Attention,test,77.387402_12.980071,2024-10-01,0.55375165,0.5236257
BiLSTM+Attention,test,77.391894_12.867782,2024-10-01,0.59697354,0.58280975
BiLSTM+Attention,test,77.391894_12.881256,2024-10-01,0.56383353,0.5606459
BiLSTM+Attention,test,77.391894_12.885748,2024-10-01,0.59599656,0.5821497
BiLSTM+Attention,test,77.396385_12.894731,2024-10-01,0.59901786,0.582576
BiLSTM+Attention,test,77.396385_12.908206,2024-10-01,0.5573995,0.531614
BiLSTM+Attention,test,77.396385_12.944139,2024-10-01,0.59757215,0.5806235
BiLSTM+Attention,test,77.396385_12.971088,2024-10-01,0.52119386,0.48817736
BiLSTM+Attention,test,77.396385_12.97558,2024-10-01,0.49731383,0.4643197
BiLSTM+Attention,test,77.396385_13.029478,2024-10-01,0.42985606,0.39874524
BiLSTM+Attention,test,77.400877_12.957613,2024-10-01,0.56506115,0.5395298
BiLSTM+Attention,test,77.400877_12.966596,2024-10-01,0.51804554,0.4915337
BiLSTM+Attention,test,77.400877_13.029478,2024-10-01,0.41751677,0.38795874
BiLSTM+Attention,test,77.405368_12.881256,2024-10-01,0.52464044,0.4871937
BiLSTM+Attention,test,77.405368_12.89024,2024-10-01,0.5475035,0.5178118
BiLSTM+Attention,test,77.405368_12.903714,2024-10-01,0.5207489,0.48426682
BiLSTM+Attention,test,77.405368_12.930664,2024-10-01,0.63893646,0.625834
BiLSTM+Attention,test,77.405368_12.998037,2024-10-01,0.5387716,0.51522404
BiLSTM+Attention,test,77.405368_13.105835,2024-10-01,0.4586746,0.42939016
BiLSTM+Attention,test,77.405368_13.11931,2024-10-01,0.42103323,0.39331084
BiLSTM+Attention,test,77.40986_12.872273,2024-10-01,0.49006668,0.44580534
BiLSTM+Attention,test,77.40986_12.881256,2024-10-01,0.49210367,0.4588148
BiLSTM+Attention,test,77.40986_12.962105,2024-10-01,0.57434607,0.55457294
BiLSTM+Attention,test,77.414352_12.930664,2024-10-01,0.58313626,0.56403834
BiLSTM+Attention,test,77.414352_12.989054,2024-10-01,0.50072986,0.4762085
BiLSTM+Attention,test,77.414352_12.993546,2024-10-01,0.50838554,0.48486096
BiLSTM+Attention,test,77.414352_13.03397,2024-10-01,0.47468668,0.44157198
BiLSTM+Attention,test,77.414352_13.096852,2024-10-01,0.4421808,0.40675676
BiLSTM+Attention,test,77.414352_13.11931,2024-10-01,0.44029307,0.40945315
BiLSTM+Attention,test,77.418843_12.876765,2024-10-01,0.5053195,0.46235734
BiLSTM+Attention,test,77.418843_12.89024,2024-10-01,0.53351206,0.5003249
BiLSTM+Attention,test,77.418843_12.94863,2024-10-01,0.5746321,0.55591166
BiLSTM+Attention,test,77.418843_12.971088,2024-10-01,0.53740823,0.5154744
BiLSTM+Attention,test,77.418843_12.993546,2024-10-01,0.53871965,0.5214561
BiLSTM+Attention,test,77.418843_13.016004,2024-10-01,0.5025179,0.4720565
BiLSTM+Attention,test,77.418843_13.024987,2024-10-01,0.49364957,0.45782983
BiLSTM+Attention,test,77.418843_13.029478,2024-10-01,0.49318057,0.45618784
BiLSTM+Attention,test,77.418843_13.146259,2024-10-01,0.4040744,0.3778596
BiLSTM+Attention,test,77.423335_12.876765,2024-10-01,0.5070977,0.48278236
BiLSTM+Attention,test,77.423335_12.921681,2024-10-01,0.58899766,0.57154334
BiLSTM+Attention,test,77.423335_12.930664,2024-10-01,0.57168204,0.5528461
BiLSTM+Attention,test,77.423335_13.002529,2024-10-01,0.58680624,0.5711628
BiLSTM+Attention,test,77.423335_13.092361,2024-10-01,0.3803169,0.36211675
BiLSTM+Attention,test,77.423335_13.141768,2024-10-01,0.4628547,0.4281158
BiLSTM+Attention,test,77.423335_13.150751,2024-10-01,0.41282982,0.3816474
BiLSTM+Attention,test,77.427826_12.845324,2024-10-01,0.4490816,0.4128381
BiLSTM+Attention,test,77.427826_12.858799,2024-10-01,0.5017983,0.47412044
BiLSTM+Attention,test,77.427826_12.930664,2024-10-01,0.5791677,0.56405437
BiLSTM+Attention,test,77.427826_12.939647,2024-10-01,0.526578,0.49883437
BiLSTM+Attention,test,77.427826_12.944139,2024-10-01,0.5399609,0.5178578
BiLSTM+Attention,test,77.427826_13.020495,2024-10-01,0.50418544,0.4780693
BiLSTM+Attention,test,77.427826_13.024987,2024-10-01,0.49507424,0.46073818
BiLSTM+Attention,test,77.427826_13.110327,2024-10-01,0.46056974,0.42572182
BiLSTM+Attention,test,77.427826_13.132785,2024-10-01,0.51579416,0.49379128
BiLSTM+Attention,test,77.432318_12.858799,2024-10-01,0.5163912,0.48945117
BiLSTM+Attention,test,77.432318_12.86329,2024-10-01,0.5225128,0.49569172
BiLSTM+Attention,test,77.432318_12.867782,2024-10-01,0.51417065,0.48716325
BiLSTM+Attention,test,77.432318_12.881256,2024-10-01,0.5568994,0.5323504
BiLSTM+Attention,test,77.432318_12.885748,2024-10-01,0.64698374,0.6290171
BiLSTM+Attention,test,77.432318_12.957613,2024-10-01,0.52648836,0.49961323
BiLSTM+Attention,test,77.432318_12.998037,2024-10-01,0.45757866,0.43216145
BiLSTM+Attention,test,77.432318_13.087869,2024-10-01,0.4651357,0.42970195
BiLSTM+Attention,test,77.432318_13.092361,2024-10-01,0.42151043,0.38993394
BiLSTM+Attention,test,77.436809_12.818374,2024-10-01,0.64674485,0.6142248
BiLSTM+Attention,test,77.436809_12.840832,2024-10-01,0.5638119,0.5372349
BiLSTM+Attention,test,77.436809_12.854307,2024-10-01,0.53000796,0.50376296
BiLSTM+Attention,test,77.436809_12.912697,2024-10-01,0.6481367,0.63225484
BiLSTM+Attention,test,77.436809_12.926172,2024-10-01,0.5810656,0.56730723
BiLSTM+Attention,test,77.436809_12.944139,2024-10-01,0.5472518,0.5282978
BiLSTM+Attention,test,77.436809_13.03397,2024-10-01,0.4781307,0.44912782
BiLSTM+Attention,test,77.441301_12.818374,2024-10-01,0.65523297,0.6317746
BiLSTM+Attention,test,77.441301_12.831849,2024-10-01,0.5485771,0.5271201
BiLSTM+Attention,test,77.441301_12.836341,2024-10-01,0.5774858,0.5488886
BiLSTM+Attention,test,77.441301_12.840832,2024-10-01,0.5508015,0.51973647
BiLSTM+Attention,test,77.441301_12.944139,2024-10-01,0.58461213,0.5708252
BiLSTM+Attention,test,77.441301_12.94863,2024-10-01,0.5386195,0.5255982
BiLSTM+Attention,test,77.441301_13.056428,2024-10-01,0.46729237,0.43966463
BiLSTM+Attention,test,77.441301_13.069903,2024-10-01,0.48404673,0.45235497
BiLSTM+Attention,test,77.441301_13.083377,2024-10-01,0.47085002,0.43894714
BiLSTM+Attention,test,77.441301_13.110327,2024-10-01,0.45596245,0.42800933
BiLSTM+Attention,test,77.445793_12.840832,2024-10-01,0.62346125,0.59683216
BiLSTM+Attention,test,77.445793_12.86329,2024-10-01,0.6389158,0.6282816
BiLSTM+Attention,test,77.445793_12.867782,2024-10-01,0.61813945,0.60719234
BiLSTM+Attention,test,77.445793_12.912697,2024-10-01,0.5540514,0.5320151
BiLSTM+Attention,test,77.445793_12.957613,2024-10-01,0.52712643,0.5050646
BiLSTM+Attention,test,77.445793_12.984563,2024-10-01,0.5451102,0.5262142
BiLSTM+Attention,test,77.450284_12.809391,2024-10-01,0.6073306,0.5772853
BiLSTM+Attention,test,77.450284_12.872273,2024-10-01,0.6176379,0.60993934
BiLSTM+Attention,test,77.450284_12.89024,2024-10-01,0.6182218,0.5928259
BiLSTM+Attention,test,77.450284_12.971088,2024-10-01,0.5146091,0.50267535
BiLSTM+Attention,test,77.450284_12.993546,2024-10-01,0.42640558,0.40711433
BiLSTM+Attention,test,77.450284_13.029478,2024-10-01,0.46555665,0.44591123
BiLSTM+Attention,test,77.450284_13.047445,2024-10-01,0.47810024,0.4584983
BiLSTM+Attention,test,77.450284_13.146259,2024-10-01,0.5305862,0.504798
BiLSTM+Attention,test,77.454776_12.809391,2024-10-01,0.57228786,0.5459027
BiLSTM+Attention,test,77.454776_12.885748,2024-10-01,0.5995481,0.5783539
BiLSTM+Attention,test,77.454776_12.980071,2024-10-01,0.4666156,0.4460261
BiLSTM+Attention,test,77.454776_12.993546,2024-10-01,0.45227662,0.4273438
BiLSTM+Attention,test,77.454776_13.078886,2024-10-01,0.47688496,0.4452353
BiLSTM+Attention,test,77.454776_13.087869,2024-10-01,0.44059134,0.40391856
BiLSTM+Attention,test,77.454776_13.114818,2024-10-01,0.5171402,0.49329925
BiLSTM+Attention,test,77.454776_13.141768,2024-10-01,0.5339705,0.51048446
BiLSTM+Attention,test,77.459267_12.8049,2024-10-01,0.6412508,0.62512016
BiLSTM+Attention,test,77.459267_12.822866,2024-10-01,0.60754496,0.58205307
BiLSTM+Attention,test,77.459267_12.845324,2024-10-01,0.61138844,0.5872633
BiLSTM+Attention,test,77.459267_12.872273,2024-10-01,0.5889553,0.5743604
BiLSTM+Attention,test,77.459267_12.903714,2024-10-01,0.5423263,0.5248777
BiLSTM+Attention,test,77.459267_12.926172,2024-10-01,0.5753178,0.5622633
BiLSTM+Attention,test,77.459267_12.97558,2024-10-01,0.48134583,0.4648376
BiLSTM+Attention,test,77.459267_13.016004,2024-10-01,0.44094285,0.41573673
BiLSTM+Attention,test,77.459267_13.020495,2024-10-01,0.434499,0.41273725
BiLSTM+Attention,test,77.459267_13.11931,2024-10-01,0.51400137,0.48714417
BiLSTM+Attention,test,77.463759_12.813883,2024-10-01,0.552516,0.53538924
BiLSTM+Attention,test,77.463759_12.836341,2024-10-01,0.6083843,0.5895221
BiLSTM+Attention,test,77.463759_12.86329,2024-10-01,0.62528026,0.61824805
BiLSTM+Attention,test,77.463759_12.867782,2024-10-01,0.60725486,0.5909242
BiLSTM+Attention,test,77.463759_12.872273,2024-10-01,0.5830358,0.5648684
BiLSTM+Attention,test,77.463759_12.881256,2024-10-01,0.63493496,0.61300963
BiLSTM+Attention,test,77.463759_12.885748,2024-10-01,0.63849825,0.62425226
BiLSTM+Attention,test,77.463759_12.894731,2024-10-01,0.57810664,0.56182164
BiLSTM+Attention,test,77.463759_12.899223,2024-10-01,0.5807139,0.5679166
BiLSTM+Attention,test,77.463759_12.917189,2024-10-01,0.5237009,0.51134616
BiLSTM+Attention,test,77.463759_12.953122,2024-10-01,0.77830005,0.77799857
BiLSTM+Attention,test,77.463759_13.03397,2024-10-01,0.43340912,0.40888375
BiLSTM+Attention,test,77.463759_13.078886,2024-10-01,0.5453536,0.52416444
BiLSTM+Attention,test,77.46825_12.827358,2024-10-01,0.5209702,0.49306685
BiLSTM+Attention,test,77.46825_12.836341,2024-10-01,0.61577344,0.5952923
BiLSTM+Attention,test,77.46825_12.894731,2024-10-01,0.5582486,0.5414432
BiLSTM+Attention,test,77.46825_12.94863,2024-10-01,0.6179462,0.61070555
BiLSTM+Attention,test,77.46825_12.953122,2024-10-01,0.55335927,0.5392197
BiLSTM+Attention,test,77.46825_12.966596,2024-10-01,0.53142864,0.51891935
BiLSTM+Attention,test,77.46825_13.007021,2024-10-01,0.45200545,0.4274084
BiLSTM+Attention,test,77.46825_13.020495,2024-10-01,0.51862943,0.49498588
BiLSTM+Attention,test,77.46825_13.114818,2024-10-01,0.5580849,0.5396995
BiLSTM+Attention,test,77.46825_13.150751,2024-10-01,0.46872833,0.43718198
BiLSTM+Attention,test,77.46825_13.1777,2024-10-01,0.5591877,0.5297416
BiLSTM+Attention,test,77.472742_12.746509,2024-10-01,0.67891,0.64054894
BiLSTM+Attention,test,77.472742_12.751001,2024-10-01,0.63271916,0.5962207
BiLSTM+Attention,test,77.472742_12.755492,2024-10-01,0.64973176,0.6171325
BiLSTM+Attention,test,77.472742_12.795916,2024-10-01,0.58628905,0.56346494
BiLSTM+Attention,test,77.472742_12.836341,2024-10-01,0.6058324,0.5847363
BiLSTM+Attention,test,77.472742_12.984563,2024-10-01,0.49333626,0.48778462
BiLSTM+Attention,test,77.472742_13.087869,2024-10-01,0.4995382,0.47100604
BiLSTM+Attention,test,77.477234_12.764475,2024-10-01,0.64408684,0.61644447
BiLSTM+Attention,test,77.477234_12.782442,2024-10-01,0.5799044,0.5548844
BiLSTM+Attention,test,77.477234_12.840832,2024-10-01,0.6075835,0.58786273
BiLSTM+Attention,test,77.477234_12.899223,2024-10-01,0.51854193,0.49876356
BiLSTM+Attention,test,77.477234_12.935155,2024-10-01,0.64445025,0.64543086
BiLSTM+Attention,test,77.477234_12.944139,2024-10-01,0.5745334,0.5622772
BiLSTM+Attention,test,77.477234_12.94863,2024-10-01,0.58537555,0.5777846
BiLSTM+Attention,test,77.477234_12.971088,2024-10-01,0.5440975,0.53146285
BiLSTM+Attention,test,77.477234_13.002529,2024-10-01,0.44756636,0.43166617
BiLSTM+Attention,test,77.477234_13.056428,2024-10-01,0.5012748,0.47914279
BiLSTM+Attention,test,77.481725_12.737526,2024-10-01,0.65550846,0.6208086
BiLSTM+Attention,test,77.481725_12.768967,2024-10-01,0.6390259,0.6114467
BiLSTM+Attention,test,77.481725_12.831849,2024-10-01,0.5495743,0.528371
BiLSTM+Attention,test,77.481725_12.89024,2024-10-01,0.5978107,0.5847428
BiLSTM+Attention,test,77.481725_12.894731,2024-10-01,0.56498295,0.54317296
BiLSTM+Attention,test,77.481725_12.944139,2024-10-01,0.5873177,0.576074
BiLSTM+Attention,test,77.481725_12.971088,2024-10-01,0.46889108,0.45098776
BiLSTM+Attention,test,77.481725_12.980071,2024-10-01,0.5221364,0.51289105
BiLSTM+Attention,test,77.481725_13.024987,2024-10-01,0.5000141,0.47777718
BiLSTM+Attention,test,77.481725_13.03397,2024-10-01,0.47708666,0.45287013
BiLSTM+Attention,test,77.481725_13.096852,2024-10-01,0.58287054,0.57498515
BiLSTM+Attention,test,77.481725_13.137276,2024-10-01,0.65748537,0.66957945
BiLSTM+Attention,test,77.486217_12.764475,2024-10-01,0.63392836,0.5979406
BiLSTM+Attention,test,77.486217_12.872273,2024-10-01,0.5544536,0.5410907
BiLSTM+Attention,test,77.486217_12.939647,2024-10-01,0.60278773,0.5960118
BiLSTM+Attention,test,77.486217_12.998037,2024-10-01,0.49499473,0.49254262
BiLSTM+Attention,test,77.486217_13.042953,2024-10-01,0.54767936,0.5348269
BiLSTM+Attention,test,77.486217_13.06092,2024-10-01,0.5659145,0.55051476
BiLSTM+Attention,test,77.486217_13.114818,2024-10-01,0.4985493,0.47392374
BiLSTM+Attention,test,77.486217_13.11931,2024-10-01,0.5158242,0.49606097
BiLSTM+Attention,test,77.490708_12.768967,2024-10-01,0.6256827,0.5991703
BiLSTM+Attention,test,77.490708_12.8049,2024-10-01,0.6037416,0.58593357
BiLSTM+Attention,test,77.490708_12.849815,2024-10-01,0.6248344,0.6130325
BiLSTM+Attention,test,77.490708_12.89024,2024-10-01,0.5568579,0.5415505
BiLSTM+Attention,test,77.490708_13.051936,2024-10-01,0.61432856,0.6037244
BiLSTM+Attention,test,77.490708_13.087869,2024-10-01,0.55536973,0.530448
BiLSTM+Attention,test,77.490708_13.092361,2024-10-01,0.5508478,0.5289338
BiLSTM+Attention,test,77.490708_13.096852,2024-10-01,0.58092153,0.57071644
BiLSTM+Attention,test,77.490708_13.182192,2024-10-01,0.597677,0.5768451
BiLSTM+Attention,test,77.490708_13.209142,2024-10-01,0.55482143,0.5248683
BiLSTM+Attention,test,77.4952_12.786933,2024-10-01,0.5859884,0.5677092
BiLSTM+Attention,test,77.4952_12.836341,2024-10-01,0.5812568,0.5579473
BiLSTM+Attention,test,77.4952_12.899223,2024-10-01,0.6041005,0.5888617
BiLSTM+Attention,test,77.4952_12.962105,2024-10-01,0.5869182,0.58263946
BiLSTM+Attention,test,77.4952_13.020495,2024-10-01,0.5424443,0.525882
BiLSTM+Attention,test,77.4952_13.024987,2024-10-01,0.53206855,0.5198057
BiLSTM+Attention,test,77.4952_13.03397,2024-10-01,0.58529246,0.57400554
BiLSTM+Attention,test,77.4952_13.087869,2024-10-01,0.5296329,0.49806046
BiLSTM+Attention,test,77.4952_13.092361,2024-10-01,0.55608165,0.5420788
BiLSTM+Attention,test,77.4952_13.182192,2024-10-01,0.59723204,0.5770293
BiLSTM+Attention,test,77.499692_12.755492,2024-10-01,0.6915643,0.66467804
BiLSTM+Attention,test,77.499692_12.858799,2024-10-01,0.6723254,0.6628159
BiLSTM+Attention,test,77.499692_12.899223,2024-10-01,0.58609533,0.57216114
BiLSTM+Attention,test,77.499692_12.984563,2024-10-01,0.5371499,0.53068143
BiLSTM+Attention,test,77.499692_13.114818,2024-10-01,0.51771265,0.49603033
BiLSTM+Attention,test,77.499692_13.137276,2024-10-01,0.5106303,0.49484116
BiLSTM+Attention,test,77.499692_13.168717,2024-10-01,0.6460769,0.6317824
BiLSTM+Attention,test,77.504183_12.764475,2024-10-01,0.6966028,0.6816488
BiLSTM+Attention,test,77.504183_12.786933,2024-10-01,0.6540352,0.6400678
BiLSTM+Attention,test,77.504183_12.818374,2024-10-01,0.62192637,0.600239
BiLSTM+Attention,test,77.504183_12.854307,2024-10-01,0.614263,0.59899694
BiLSTM+Attention,test,77.504183_12.858799,2024-10-01,0.6710891,0.65897703
BiLSTM+Attention,test,77.504183_12.953122,2024-10-01,0.5651077,0.5663655
BiLSTM+Attention,test,77.504183_13.083377,2024-10-01,0.58782494,0.5751989
BiLSTM+Attention,test,77.504183_13.141768,2024-10-01,0.58779776,0.5813951
BiLSTM+Attention,test,77.504183_13.159734,2024-10-01,0.67673254,0.6706583
BiLSTM+Attention,test,77.504183_13.195667,2024-10-01,0.5298907,0.50221676
BiLSTM+Attention,test,77.508675_12.751001,2024-10-01,0.69644743,0.6787476
BiLSTM+Attention,test,77.508675_12.795916,2024-10-01,0.6814094,0.6690694
BiLSTM+Attention,test,77.508675_12.831849,2024-10-01,0.62228936,0.5995486
BiLSTM+Attention,test,77.508675_12.836341,2024-10-01,0.6474851,0.6243003
BiLSTM+Attention,test,77.508675_12.845324,2024-10-01,0.61198616,0.59912604
BiLSTM+Attention,test,77.508675_12.903714,2024-10-01,0.5391265,0.51779926
BiLSTM+Attention,test,77.508675_12.912697,2024-10-01,0.5703707,0.56305003
BiLSTM+Attention,test,77.508675_12.917189,2024-10-01,0.635464,0.62724346
BiLSTM+Attention,test,77.508675_13.114818,2024-10-01,0.47892642,0.4531802
BiLSTM+Attention,test,77.508675_13.137276,2024-10-01,0.53712195,0.51566094
BiLSTM+Attention,test,77.508675_13.159734,2024-10-01,0.6622503,0.6518561
BiLSTM+Attention,test,77.508675_13.191175,2024-10-01,0.5541513,0.5260491
BiLSTM+Attention,test,77.513166_12.746509,2024-10-01,0.7973126,0.7911114
BiLSTM+Attention,test,77.513166_12.764475,2024-10-01,0.663571,0.63588315
BiLSTM+Attention,test,77.513166_12.77795,2024-10-01,0.7566659,0.74812603
BiLSTM+Attention,test,77.513166_12.822866,2024-10-01,0.69345737,0.67667913
BiLSTM+Attention,test,77.513166_12.908206,2024-10-01,0.5395649,0.5237022
BiLSTM+Attention,test,77.513166_13.087869,2024-10-01,0.5872911,0.5775149
BiLSTM+Attention,test,77.513166_13.096852,2024-10-01,0.65115684,0.653653
BiLSTM+Attention,test,77.513166_13.137276,2024-10-01,0.5009436,0.47244823
BiLSTM+Attention,test,77.513166_13.1777,2024-10-01,0.57913655,0.55567116
BiLSTM+Attention,test,77.517658_12.764475,2024-10-01,0.70945376,0.6887539
BiLSTM+Attention,test,77.517658_12.77795,2024-10-01,0.73203534,0.7112501
BiLSTM+Attention,test,77.517658_12.782442,2024-10-01,0.73087156,0.71922106
BiLSTM+Attention,test,77.517658_12.795916,2024-10-01,0.69325286,0.67049056
BiLSTM+Attention,test,77.517658_12.827358,2024-10-01,0.62076205,0.59826213
BiLSTM+Attention,test,77.517658_12.849815,2024-10-01,0.615672,0.5967411
BiLSTM+Attention,test,77.517658_12.885748,2024-10-01,0.6115067,0.60474575
BiLSTM+Attention,test,77.517658_12.89024,2024-10-01,0.6030246,0.58656967
BiLSTM+Attention,test,77.517658_12.899223,2024-10-01,0.5957388,0.5848655
BiLSTM+Attention,test,77.517658_12.998037,2024-10-01,0.6050514,0.5973981
BiLSTM+Attention,test,77.517658_13.11931,2024-10-01,0.44541925,0.41809055
BiLSTM+Attention,test,77.517658_13.182192,2024-10-01,0.5825839,0.55924106
BiLSTM+Attention,test,77.517658_13.186684,2024-10-01,0.5914591,0.5753051
BiLSTM+Attention,test,77.517658_13.191175,2024-10-01,0.53510064,0.5083
BiLSTM+Attention,test,77.522149_12.751001,2024-10-01,0.7419103,0.74017096
BiLSTM+Attention,test,77.522149_12.755492,2024-10-01,0.71795815,0.7054604
BiLSTM+Attention,test,77.522149_12.759984,2024-10-01,0.75079954,0.7329031
BiLSTM+Attention,test,77.522149_12.782442,2024-10-01,0.7451328,0.74098
BiLSTM+Attention,test,77.522149_12.809391,2024-10-01,0.80795306,0.7974101
BiLSTM+Attention,test,77.522149_12.813883,2024-10-01,0.6227129,0.59522474
BiLSTM+Attention,test,77.522149_12.818374,2024-10-01,0.59946054,0.5745461
BiLSTM+Attention,test,77.522149_12.836341,2024-10-01,0.61075276,0.5901718
BiLSTM+Attention,test,77.522149_12.845324,2024-10-01,0.6266545,0.6091492
BiLSTM+Attention,test,77.522149_13.056428,2024-10-01,0.6133476,0.6049202
BiLSTM+Attention,test,77.522149_13.078886,2024-10-01,0.5879391,0.5798804
BiLSTM+Attention,test,77.522149_13.146259,2024-10-01,0.46470147,0.43369144
BiLSTM+Attention,test,77.522149_13.200158,2024-10-01,0.5735715,0.5553163
BiLSTM+Attention,test,77.526641_12.751001,2024-10-01,0.7539097,0.7429021
BiLSTM+Attention,test,77.526641_12.840832,2024-10-01,0.6810365,0.66132665
BiLSTM+Attention,test,77.526641_12.89024,2024-10-01,0.6474265,0.6482055
BiLSTM+Attention,test,77.526641_12.899223,2024-10-01,0.6190679,0.6087348
BiLSTM+Attention,test,77.526641_13.078886,2024-10-01,0.601806,0.5932195
BiLSTM+Attention,test,77.526641_13.105835,2024-10-01,0.45713893,0.431189
BiLSTM+Attention,test,77.526641_13.110327,2024-10-01,0.4530693,0.427198
BiLSTM+Attention,test,77.531133_12.791425,2024-10-01,0.6483201,0.62541175
BiLSTM+Attention,test,77.531133_12.795916,2024-10-01,0.68775177,0.66322625
BiLSTM+Attention,test,77.531133_12.800408,2024-10-01,0.6634542,0.63583636
BiLSTM+Attention,test,77.531133_12.822866,2024-10-01,0.62826324,0.6066516
BiLSTM+Attention,test,77.531133_12.827358,2024-10-01,0.6410788,0.6202882
BiLSTM+Attention,test,77.531133_12.894731,2024-10-01,0.571352,0.5614096
BiLSTM+Attention,test,77.531133_13.083377,2024-10-01,0.570396,0.554936
BiLSTM+Attention,test,77.531133_13.114818,2024-10-01,0.46477136,0.441523
BiLSTM+Attention,test,77.531133_13.195667,2024-10-01,0.5861056,0.5710143
BiLSTM+Attention,test,77.535624_12.77795,2024-10-01,0.7918046,0.78959376
BiLSTM+Attention,test,77.535624_12.822866,2024-10-01,0.7312356,0.7233396
BiLSTM+Attention,test,77.535624_12.872273,2024-10-01,0.53621566,0.5194103
BiLSTM+Attention,test,77.535624_12.899223,2024-10-01,0.5523153,0.5372619
BiLSTM+Attention,test,77.535624_13.069903,2024-10-01,0.67417985,0.67398095
BiLSTM+Attention,test,77.535624_13.083377,2024-10-01,0.5630069,0.543681
BiLSTM+Attention,test,77.535624_13.096852,2024-10-01,0.50386953,0.48168463
BiLSTM+Attention,test,77.535624_13.114818,2024-10-01,0.4904601,0.47190136
BiLSTM+Attention,test,77.535624_13.132785,2024-10-01,0.515706,0.493248
BiLSTM+Attention,test,77.535624_13.137276,2024-10-01,0.45796713,0.43410555
BiLSTM+Attention,test,77.535624_13.195667,2024-10-01,0.5281951,0.50320446
BiLSTM+Attention,test,77.540116_12.77795,2024-10-01,0.6914618,0.67788136
BiLSTM+Attention,test,77.540116_12.795916,2024-10-01,0.70779556,0.69834805
BiLSTM+Attention,test,77.540116_13.042953,2024-10-01,0.603213,0.5934664
BiLSTM+Attention,test,77.540116_13.074394,2024-10-01,0.6214143,0.6117157
BiLSTM+Attention,test,77.540116_13.092361,2024-10-01,0.4618646,0.44824392
BiLSTM+Attention,test,77.540116_13.101344,2024-10-01,0.49176583,0.46670204
BiLSTM+Attention,test,77.540116_13.105835,2024-10-01,0.50165457,0.48434734
BiLSTM+Attention,test,77.540116_13.114818,2024-10-01,0.46254477,0.45023352
BiLSTM+Attention,test,77.540116_13.132785,2024-10-01,0.5009277,0.48257923
BiLSTM+Attention,test,77.540116_13.155243,2024-10-01,0.5271725,0.51311785
BiLSTM+Attention,test,77.540116_13.182192,2024-10-01,0.49347758,0.47637188
BiLSTM+Attention,test,77.544607_12.831849,2024-10-01,0.7889539,0.7887923
BiLSTM+Attention,test,77.544607_13.218125,2024-10-01,0.5791429,0.56135494
BiLSTM+Attention,test,77.549099_12.822866,2024-10-01,0.8091514,0.79623383
BiLSTM+Attention,test,77.549099_12.831849,2024-10-01,0.7221468,0.71125823
BiLSTM+Attention,test,77.549099_12.836341,2024-10-01,0.6943623,0.6822795
BiLSTM+Attention,test,77.549099_12.845324,2024-10-01,0.67696047,0.6685762
BiLSTM+Attention,test,77.549099_12.867782,2024-10-01,0.6014338,0.5924757
BiLSTM+Attention,test,77.549099_12.876765,2024-10-01,0.5673862,0.55581826
BiLSTM+Attention,test,77.549099_12.894731,2024-10-01,0.6473029,0.6469874
BiLSTM+Attention,test,77.549099_13.096852,2024-10-01,0.5286644,0.51160735
BiLSTM+Attention,test,77.549099_13.132785,2024-10-01,0.63225394,0.6227208
BiLSTM+Attention,test,77.55359_12.71956,2024-10-01,0.830369,0.8308794
BiLSTM+Attention,test,77.55359_12.782442,2024-10-01,0.7627835,0.7515745
BiLSTM+Attention,test,77.55359_12.849815,2024-10-01,0.67130786,0.6575167
BiLSTM+Attention,test,77.55359_12.872273,2024-10-01,0.5585381,0.5565798
BiLSTM+Attention,test,77.55359_13.069903,2024-10-01,0.7396409,0.73887694
BiLSTM+Attention,test,77.55359_13.101344,2024-10-01,0.4842814,0.46255726
BiLSTM+Attention,test,77.55359_13.110327,2024-10-01,0.53944314,0.5284604
BiLSTM+Attention,test,77.55359_13.128293,2024-10-01,0.61113864,0.60578233
BiLSTM+Attention,test,77.55359_13.168717,2024-10-01,0.53826135,0.5256199
BiLSTM+Attention,test,77.55359_13.173209,2024-10-01,0.461487,0.44445795
BiLSTM+Attention,test,77.558082_12.710577,2024-10-01,0.8583569,0.8585815
BiLSTM+Attention,test,77.558082_12.827358,2024-10-01,0.73971426,0.73116344
BiLSTM+Attention,test,77.558082_12.845324,2024-10-01,0.71825045,0.7068003
BiLSTM+Attention,test,77.558082_13.042953,2024-10-01,0.6808619,0.67554647
BiLSTM+Attention,test,77.558082_13.051936,2024-10-01,0.7110712,0.7118522
BiLSTM+Attention,test,77.558082_13.110327,2024-10-01,0.54764456,0.53571844
BiLSTM+Attention,test,77.558082_13.168717,2024-10-01,0.5519502,0.5415768
BiLSTM+Attention,test,77.558082_13.1777,2024-10-01,0.53359187,0.51149756
BiLSTM+Attention,test,77.562574_12.71956,2024-10-01,0.83261794,0.83631843
BiLSTM+Attention,test,77.562574_12.827358,2024-10-01,0.74710345,0.7274189
BiLSTM+Attention,test,77.562574_12.858799,2024-10-01,0.5678986,0.55565894
BiLSTM+Attention,test,77.562574_12.872273,2024-10-01,0.6501831,0.64020437
BiLSTM+Attention,test,77.562574_12.876765,2024-10-01,0.67301095,0.66396415
BiLSTM+Attention,test,77.562574_13.141768,2024-10-01,0.52601004,0.50792044
BiLSTM+Attention,test,77.562574_13.159734,2024-10-01,0.554454,0.53962845
BiLSTM+Attention,test,77.562574_13.173209,2024-10-01,0.5611137,0.5463309
BiLSTM+Attention,test,77.567065_12.724051,2024-10-01,0.77985585,0.77128595
BiLSTM+Attention,test,77.567065_12.813883,2024-10-01,0.7392845,0.71876574
BiLSTM+Attention,test,77.567065_12.849815,2024-10-01,0.7142289,0.7010354
BiLSTM+Attention,test,77.567065_13.105835,2024-10-01,0.61021304,0.60225374
BiLSTM+Attention,test,77.567065_13.114818,2024-10-01,0.65566194,0.6567057
BiLSTM+Attention,test,77.567065_13.182192,2024-10-01,0.5576603,0.54731065
BiLSTM+Attention,test,77.571557_12.71956,2024-10-01,0.8155447,0.81191975
BiLSTM+Attention,test,77.571557_12.800408,2024-10-01,0.7372012,0.71461266
BiLSTM+Attention,test,77.571557_12.813883,2024-10-01,0.8083367,0.79263055
BiLSTM+Attention,test,77.571557_12.849815,2024-10-01,0.7180201,0.702809
BiLSTM+Attention,test,77.571557_13.141768,2024-10-01,0.5301762,0.5116801
BiLSTM+Attention,test,77.571557_13.146259,2024-10-01,0.5335511,0.5137245
BiLSTM+Attention,test,77.576048_12.71956,2024-10-01,0.7817579,0.7784986
BiLSTM+Attention,test,77.576048_12.728543,2024-10-01,0.7780266,0.7617159
BiLSTM+Attention,test,77.576048_12.742018,2024-10-01,0.77529275,0.77350783
BiLSTM+Attention,test,77.576048_12.813883,2024-10-01,0.8279176,0.80021954
BiLSTM+Attention,test,77.576048_12.827358,2024-10-01,0.7037576,0.6863381
BiLSTM+Attention,test,77.58054_12.800408,2024-10-01,0.7764011,0.7700258
BiLSTM+Attention,test,77.58054_12.845324,2024-10-01,0.7203801,0.7078524
BiLSTM+Attention,test,77.58054_13.083377,2024-10-01,0.5735435,0.5650175
BiLSTM+Attention,test,77.58054_13.087869,2024-10-01,0.5475394,0.5387568
BiLSTM+Attention,test,77.585031_12.849815,2024-10-01,0.717824,0.7027761
BiLSTM+Attention,test,77.585031_13.042953,2024-10-01,0.7093179,0.7094274
BiLSTM+Attention,test,77.585031_13.137276,2024-10-01,0.53722596,0.52178055
BiLSTM+Attention,test,77.589523_12.71956,2024-10-01,0.8886307,0.877469
BiLSTM+Attention,test,77.589523_12.746509,2024-10-01,0.77635866,0.7772619
BiLSTM+Attention,test,77.589523_12.854307,2024-10-01,0.66551155,0.65763605
BiLSTM+Attention,test,77.589523_12.971088,2024-10-01,0.7736389,0.7693598
BiLSTM+Attention,test,77.589523_13.083377,2024-10-01,0.65734404,0.65425897
BiLSTM+Attention,test,77.589523_13.150751,2024-10-01,0.5427043,0.52048653
BiLSTM+Attention,test,77.594015_12.724051,2024-10-01,0.8659728,0.8545707
BiLSTM+Attention,test,77.594015_12.733034,2024-10-01,0.8366843,0.8299084
BiLSTM+Attention,test,77.594015_12.755492,2024-10-01,0.73862284,0.7261517
BiLSTM+Attention,test,77.594015_12.831849,2024-10-01,0.68031347,0.66808295
BiLSTM+Attention,test,77.594015_12.836341,2024-10-01,0.69996345,0.692319
BiLSTM+Attention,test,77.594015_12.840832,2024-10-01,0.7004878,0.6916598
BiLSTM+Attention,test,77.594015_12.849815,2024-10-01,0.6913273,0.68720675
BiLSTM+Attention,test,77.594015_12.998037,2024-10-01,0.76750094,0.7679671
BiLSTM+Attention,test,77.594015_13.087869,2024-10-01,0.6420178,0.6468747
BiLSTM+Attention,test,77.598506_12.665661,2024-10-01,0.8682018,0.8640135
BiLSTM+Attention,test,77.598506_12.710577,2024-10-01,0.7963009,0.773494
BiLSTM+Attention,test,77.598506_12.822866,2024-10-01,0.7051419,0.69394934
BiLSTM+Attention,test,77.598506_12.849815,2024-10-01,0.7312952,0.7271942
BiLSTM+Attention,test,77.598506_13.083377,2024-10-01,0.63503283,0.6381195
BiLSTM+Attention,test,77.598506_13.128293,2024-10-01,0.5986727,0.59088093
BiLSTM+Attention,test,77.598506_13.141768,2024-10-01,0.5124525,0.49795264
BiLSTM+Attention,test,77.598506_13.146259,2024-10-01,0.49241635,0.47421265
BiLSTM+Attention,test,77.602998_12.710577,2024-10-01,0.833181,0.817021
BiLSTM+Attention,test,77.602998_12.827358,2024-10-01,0.62091225,0.604845
BiLSTM+Attention,test,77.602998_12.849815,2024-10-01,0.63111764,0.6147463
BiLSTM+Attention,test,77.602998_12.858799,2024-10-01,0.639901,0.6297985
BiLSTM+Attention,test,77.602998_13.114818,2024-10-01,0.62627226,0.6198473
BiLSTM+Attention,test,77.602998_13.11931,2024-10-01,0.6200176,0.6175572
BiLSTM+Attention,test,77.602998_13.128293,2024-10-01,0.5669139,0.5560934
BiLSTM+Attention,test,77.602998_13.164226,2024-10-01,0.52657044,0.5078775
BiLSTM+Attention,test,77.607489_12.768967,2024-10-01,0.69735235,0.6794812
BiLSTM+Attention,test,77.607489_12.773459,2024-10-01,0.67088264,0.6520362
BiLSTM+Attention,test,77.607489_12.791425,2024-10-01,0.6589403,0.6366598
BiLSTM+Attention,test,77.607489_12.809391,2024-10-01,0.74548113,0.7428841
BiLSTM+Attention,test,77.607489_12.818374,2024-10-01,0.76856023,0.76232195
BiLSTM+Attention,test,77.607489_13.087869,2024-10-01,0.7325406,0.7378936
BiLSTM+Attention,test,77.611981_12.674644,2024-10-01,0.86282563,0.84052956
BiLSTM+Attention,test,77.611981_12.768967,2024-10-01,0.6536653,0.63297695
BiLSTM+Attention,test,77.611981_12.831849,2024-10-01,0.656453,0.6377054
BiLSTM+Attention,test,77.611981_12.867782,2024-10-01,0.6111053,0.5990031
BiLSTM+Attention,test,77.611981_12.953122,2024-10-01,0.7779872,0.7722968
BiLSTM+Attention,test,77.611981_13.105835,2024-10-01,0.59814113,0.5930512
BiLSTM+Attention,test,77.611981_13.168717,2024-10-01,0.50258017,0.47795105
BiLSTM+Attention,test,77.611981_13.182192,2024-10-01,0.4755712,0.45011222
BiLSTM+Attention,test,77.616473_12.831849,2024-10-01,0.69772935,0.680609
BiLSTM+Attention,test,77.616473_12.858799,2024-10-01,0.6221835,0.60580087
BiLSTM+Attention,test,77.616473_13.114818,2024-10-01,0.6246829,0.61911154
BiLSTM+Attention,test,77.616473_13.141768,2024-10-01,0.55062395,0.5309115
BiLSTM+Attention,test,77.616473_13.1777,2024-10-01,0.46850428,0.4433301
BiLSTM+Attention,test,77.620964_12.674644,2024-10-01,0.8698277,0.86219364
BiLSTM+Attention,test,77.620964_12.795916,2024-10-01,0.60758865,0.5830316
BiLSTM+Attention,test,77.620964_12.813883,2024-10-01,0.59885764,0.5721061
BiLSTM+Attention,test,77.620964_12.845324,2024-10-01,0.7334861,0.717228
BiLSTM+Attention,test,77.620964_12.858799,2024-10-01,0.60341835,0.5877184
BiLSTM+Attention,test,77.620964_13.132785,2024-10-01,0.60219276,0.58771765
BiLSTM+Attention,test,77.625456_12.782442,2024-10-01,0.6366836,0.61584353
BiLSTM+Attention,test,77.625456_12.858799,2024-10-01,0.56891155,0.5486963
BiLSTM+Attention,test,77.625456_13.065411,2024-10-01,0.49919024,0.48060817
BiLSTM+Attention,test,77.625456_13.128293,2024-10-01,0.6059269,0.5919094
BiLSTM+Attention,test,77.625456_13.137276,2024-10-01,0.54061645,0.5192834
BiLSTM+Attention,test,77.625456_13.155243,2024-10-01,0.66057783,0.6629979
BiLSTM+Attention,test,77.625456_13.182192,2024-10-01,0.502987,0.48330438
BiLSTM+Attention,test,77.629947_12.795916,2024-10-01,0.816166,0.8116872
BiLSTM+Attention,test,77.629947_12.809391,2024-10-01,0.621244,0.596593
BiLSTM+Attention,test,77.629947_12.836341,2024-10-01,0.6734923,0.6516899
BiLSTM+Attention,test,77.629947_12.854307,2024-10-01,0.6225804,0.6022826
BiLSTM+Attention,test,77.629947_12.858799,2024-10-01,0.59098256,0.57349914
BiLSTM+Attention,test,77.629947_13.06092,2024-10-01,0.5224327,0.51051193
BiLSTM+Attention,test,77.629947_13.087869,2024-10-01,0.5227351,0.5038352
BiLSTM+Attention,test,77.629947_13.1777,2024-10-01,0.5302857,0.5050037
BiLSTM+Attention,test,77.634439_12.679136,2024-10-01,0.8146188,0.783519
BiLSTM+Attention,test,77.634439_12.701593,2024-10-01,0.7611498,0.7498873
BiLSTM+Attention,test,77.634439_12.733034,2024-10-01,0.6120363,0.5945133
BiLSTM+Attention,test,77.634439_12.746509,2024-10-01,0.6459599,0.62503976
BiLSTM+Attention,test,77.634439_12.751001,2024-10-01,0.6420272,0.61708456
BiLSTM+Attention,test,77.634439_12.849815,2024-10-01,0.6280669,0.6140464
BiLSTM+Attention,test,77.634439_13.047445,2024-10-01,0.5828882,0.5805111
BiLSTM+Attention,test,77.634439_13.083377,2024-10-01,0.48497486,0.46768022
BiLSTM+Attention,test,77.634439_13.137276,2024-10-01,0.4989955,0.47458583
BiLSTM+Attention,test,77.63893_12.688119,2024-10-01,0.7541152,0.7278816
BiLSTM+Attention,test,77.63893_12.742018,2024-10-01,0.6614094,0.6420778
BiLSTM+Attention,test,77.63893_12.791425,2024-10-01,0.6545206,0.6359269
BiLSTM+Attention,test,77.63893_12.800408,2024-10-01,0.60830563,0.58371174
BiLSTM+Attention,test,77.63893_12.818374,2024-10-01,0.6215965,0.60124034
BiLSTM+Attention,test,77.63893_12.840832,2024-10-01,0.69979286,0.6951945
BiLSTM+Attention,test,77.63893_12.872273,2024-10-01,0.54368764,0.526175
BiLSTM+Attention,test,77.63893_12.917189,2024-10-01,0.7760261,0.7770513
BiLSTM+Attention,test,77.63893_12.989054,2024-10-01,0.6865559,0.69543743
BiLSTM+Attention,test,77.63893_13.056428,2024-10-01,0.543687,0.5423
BiLSTM+Attention,test,77.63893_13.078886,2024-10-01,0.49045843,0.47263575
BiLSTM+Attention,test,77.63893_13.083377,2024-10-01,0.47924075,0.45966506
BiLSTM+Attention,test,77.63893_13.1777,2024-10-01,0.5117055,0.4818564
BiLSTM+Attention,test,77.643422_12.795916,2024-10-01,0.6308113,0.5996254
BiLSTM+Attention,test,77.643422_12.800408,2024-10-01,0.6132318,0.58876073
BiLSTM+Attention,test,77.643422_12.809391,2024-10-01,0.6405412,0.6217065
BiLSTM+Attention,test,77.643422_12.867782,2024-10-01,0.5819662,0.5663489
BiLSTM+Attention,test,77.643422_13.002529,2024-10-01,0.6119649,0.61078304
BiLSTM+Attention,test,77.643422_13.038462,2024-10-01,0.6066219,0.60709774
BiLSTM+Attention,test,77.643422_13.164226,2024-10-01,0.6179383,0.6028403
BiLSTM+Attention,test,77.647914_12.688119,2024-10-01,0.79302675,0.7564939
BiLSTM+Attention,test,77.647914_12.733034,2024-10-01,0.6446859,0.6240312
BiLSTM+Attention,test,77.647914_12.881256,2024-10-01,0.5967476,0.58235556
BiLSTM+Attention,test,77.647914_12.935155,2024-10-01,0.7228319,0.7203343
BiLSTM+Attention,test,77.647914_13.141768,2024-10-01,0.64900625,0.6516667
BiLSTM+Attention,test,77.647914_13.168717,2024-10-01,0.6879512,0.6829304
BiLSTM+Attention,test,77.652405_12.697102,2024-10-01,0.7579244,0.73600614
BiLSTM+Attention,test,77.652405_12.773459,2024-10-01,0.61709845,0.5953323
BiLSTM+Attention,test,77.652405_12.795916,2024-10-01,0.59197485,0.5680427
BiLSTM+Attention,test,77.652405_12.8049,2024-10-01,0.64757764,0.6329537
BiLSTM+Attention,test,77.652405_12.858799,2024-10-01,0.7335453,0.7430101
BiLSTM+Attention,test,77.652405_12.926172,2024-10-01,0.7121404,0.7114821
BiLSTM+Attention,test,77.652405_13.002529,2024-10-01,0.6005645,0.5902244
BiLSTM+Attention,test,77.656897_12.742018,2024-10-01,0.6720246,0.6484931
BiLSTM+Attention,test,77.656897_12.746509,2024-10-01,0.65198845,0.6256973
BiLSTM+Attention,test,77.656897_12.768967,2024-10-01,0.66812396,0.6558403
BiLSTM+Attention,test,77.656897_12.791425,2024-10-01,0.61025035,0.59195495
BiLSTM+Attention,test,77.656897_12.800408,2024-10-01,0.662701,0.64653224
BiLSTM+Attention,test,77.656897_12.831849,2024-10-01,0.66174036,0.65182644
BiLSTM+Attention,test,77.656897_12.849815,2024-10-01,0.5542714,0.5478192
BiLSTM+Attention,test,77.656897_12.939647,2024-10-01,0.65760046,0.6553037
BiLSTM+Attention,test,77.656897_13.101344,2024-10-01,0.5100482,0.49791056
BiLSTM+Attention,test,77.656897_13.164226,2024-10-01,0.52046484,0.5010078
BiLSTM+Attention,test,77.656897_13.173209,2024-10-01,0.49228477,0.46271735
BiLSTM+Attention,test,77.661388_12.737526,2024-10-01,0.6748584,0.6458555
BiLSTM+Attention,test,77.661388_12.759984,2024-10-01,0.6819463,0.6649632
BiLSTM+Attention,test,77.661388_13.056428,2024-10-01,0.5643625,0.5527981
BiLSTM+Attention,test,77.661388_13.074394,2024-10-01,0.5655219,0.5561948
BiLSTM+Attention,test,77.661388_13.087869,2024-10-01,0.5180275,0.50240433
BiLSTM+Attention,test,77.661388_13.101344,2024-10-01,0.50592285,0.49194658
BiLSTM+Attention,test,77.661388_13.110327,2024-10-01,0.5665875,0.5666379
BiLSTM+Attention,test,77.661388_13.11931,2024-10-01,0.6199971,0.6163069
BiLSTM+Attention,test,77.66588_12.679136,2024-10-01,0.74661195,0.71190584
BiLSTM+Attention,test,77.66588_12.697102,2024-10-01,0.71200645,0.6803899
BiLSTM+Attention,test,77.66588_12.715068,2024-10-01,0.68862313,0.6703087
BiLSTM+Attention,test,77.66588_12.724051,2024-10-01,0.67828983,0.6622966
BiLSTM+Attention,test,77.66588_12.751001,2024-10-01,0.64195853,0.6175517
BiLSTM+Attention,test,77.66588_12.755492,2024-10-01,0.68550223,0.66761947
BiLSTM+Attention,test,77.66588_12.764475,2024-10-01,0.6637051,0.64687145
BiLSTM+Attention,test,77.66588_12.768967,2024-10-01,0.7921499,0.78743553
BiLSTM+Attention,test,77.66588_12.791425,2024-10-01,0.69905764,0.6813514
BiLSTM+Attention,test,77.66588_12.953122,2024-10-01,0.678585,0.67007244
BiLSTM+Attention,test,77.66588_13.038462,2024-10-01,0.57610536,0.56449306
BiLSTM+Attention,test,77.66588_13.051936,2024-10-01,0.60198545,0.591714
BiLSTM+Attention,test,77.66588_13.173209,2024-10-01,0.49899247,0.46669096
BiLSTM+Attention,test,77.670371_12.71956,2024-10-01,0.68170387,0.66575944
BiLSTM+Attention,test,77.670371_12.86329,2024-10-01,0.5883629,0.58516526
BiLSTM+Attention,test,77.670371_12.881256,2024-10-01,0.5792603,0.56949854
BiLSTM+Attention,test,77.670371_12.894731,2024-10-01,0.52656037,0.5125891
BiLSTM+Attention,test,77.670371_13.069903,2024-10-01,0.5056989,0.48180497
BiLSTM+Attention,test,77.670371_13.083377,2024-10-01,0.46661955,0.4426946
BiLSTM+Attention,test,77.670371_13.092361,2024-10-01,0.46995968,0.44592267
BiLSTM+Attention,test,77.670371_13.128293,2024-10-01,0.5504901,0.54396313
BiLSTM+Attention,test,77.674863_12.674644,2024-10-01,0.7845344,0.7694968
BiLSTM+Attention,test,77.674863_12.71956,2024-10-01,0.6908627,0.66939723
BiLSTM+Attention,test,77.674863_12.755492,2024-10-01,0.62962615,0.6079108
BiLSTM+Attention,test,77.674863_12.764475,2024-10-01,0.6442088,0.61980546
BiLSTM+Attention,test,77.674863_12.786933,2024-10-01,0.6733955,0.6473133
BiLSTM+Attention,test,77.674863_12.836341,2024-10-01,0.6110165,0.6056593
BiLSTM+Attention,test,77.674863_12.867782,2024-10-01,0.76275015,0.7652736
BiLSTM+Attention,test,77.674863_13.051936,2024-10-01,0.6108203,0.6026143
BiLSTM+Attention,test,77.674863_13.069903,2024-10-01,0.48773104,0.461348
BiLSTM+Attention,test,77.674863_13.092361,2024-10-01,0.4897362,0.4697982
BiLSTM+Attention,test,77.674863_13.105835,2024-10-01,0.5434567,0.53308505
BiLSTM+Attention,test,77.679355_12.697102,2024-10-01,0.65756184,0.6251923
BiLSTM+Attention,test,77.679355_12.746509,2024-10-01,0.7413891,0.7235874
BiLSTM+Attention,test,77.679355_12.881256,2024-10-01,0.6051305,0.59954697
BiLSTM+Attention,test,77.679355_12.89024,2024-10-01,0.61811346,0.60895574
BiLSTM+Attention,test,77.679355_12.899223,2024-10-01,0.5394914,0.5250405
BiLSTM+Attention,test,77.679355_13.047445,2024-10-01,0.78811723,0.79020405
BiLSTM+Attention,test,77.679355_13.056428,2024-10-01,0.58262044,0.5743007
BiLSTM+Attention,test,77.679355_13.074394,2024-10-01,0.50649744,0.4909342
BiLSTM+Attention,test,77.679355_13.101344,2024-10-01,0.5077891,0.5001719
BiLSTM+Attention,test,77.679355_13.141768,2024-10-01,0.5408953,0.5323192
BiLSTM+Attention,test,77.679355_13.155243,2024-10-01,0.4687823,0.44498384
BiLSTM+Attention,test,77.679355_13.159734,2024-10-01,0.4931627,0.47252935
BiLSTM+Attention,test,77.683846_12.728543,2024-10-01,0.6719521,0.6423191
BiLSTM+Attention,test,77.683846_12.742018,2024-10-01,0.6076178,0.58924454
BiLSTM+Attention,test,77.683846_12.755492,2024-10-01,0.7836507,0.78268945
BiLSTM+Attention,test,77.683846_12.795916,2024-10-01,0.6517443,0.62987524
BiLSTM+Attention,test,77.683846_12.8049,2024-10-01,0.61064637,0.59731835
BiLSTM+Attention,test,77.683846_12.836341,2024-10-01,0.65530646,0.64972925
BiLSTM+Attention,test,77.683846_12.840832,2024-10-01,0.663665,0.6574378
BiLSTM+Attention,test,77.683846_12.894731,2024-10-01,0.63181907,0.62060237
BiLSTM+Attention,test,77.683846_12.917189,2024-10-01,0.5361303,0.52526784
BiLSTM+Attention,test,77.683846_12.939647,2024-10-01,0.7724857,0.77798414
BiLSTM+Attention,test,77.683846_13.029478,2024-10-01,0.46198478,0.43820918
BiLSTM+Attention,test,77.683846_13.06092,2024-10-01,0.55547965,0.5362884
BiLSTM+Attention,test,77.683846_13.074394,2024-10-01,0.4740495,0.4486639
BiLSTM+Attention,test,77.683846_13.11931,2024-10-01,0.45237297,0.43777788
BiLSTM+Attention,test,77.683846_13.123802,2024-10-01,0.5007192,0.49016553
BiLSTM+Attention,test,77.688338_12.656678,2024-10-01,0.7952568,0.7892756
BiLSTM+Attention,test,77.688338_12.69261,2024-10-01,0.8379831,0.83114666
BiLSTM+Attention,test,77.688338_12.697102,2024-10-01,0.8433538,0.8272157
BiLSTM+Attention,test,77.688338_12.710577,2024-10-01,0.84068865,0.8323191
BiLSTM+Attention,test,77.688338_12.751001,2024-10-01,0.68365663,0.6655276
BiLSTM+Attention,test,77.688338_12.755492,2024-10-01,0.65611076,0.6356641
BiLSTM+Attention,test,77.688338_12.876765,2024-10-01,0.8209717,0.82274723
BiLSTM+Attention,test,77.688338_12.885748,2024-10-01,0.6440717,0.6316206
BiLSTM+Attention,test,77.688338_12.966596,2024-10-01,0.6498273,0.65072656
BiLSTM+Attention,test,77.692829_12.746509,2024-10-01,0.58465904,0.5661434
BiLSTM+Attention,test,77.692829_12.800408,2024-10-01,0.6138231,0.59715843
BiLSTM+Attention,test,77.692829_12.845324,2024-10-01,0.67297566,0.6713434
BiLSTM+Attention,test,77.692829_12.885748,2024-10-01,0.6696956,0.65312284
BiLSTM+Attention,test,77.692829_12.899223,2024-10-01,0.59481144,0.5830447
BiLSTM+Attention,test,77.692829_13.047445,2024-10-01,0.7609932,0.7771742
BiLSTM+Attention,test,77.692829_13.06092,2024-10-01,0.6505518,0.64271367
BiLSTM+Attention,test,77.692829_13.065411,2024-10-01,0.60381943,0.59625447
BiLSTM+Attention,test,77.692829_13.083377,2024-10-01,0.47091228,0.4481721
BiLSTM+Attention,test,77.692829_13.096852,2024-10-01,0.45275995,0.4308875
BiLSTM+Attention,test,77.692829_13.132785,2024-10-01,0.43063843,0.41611093
BiLSTM+Attention,test,77.692829_13.155243,2024-10-01,0.46991298,0.44683492
BiLSTM+Attention,test,77.697321_12.697102,2024-10-01,0.84615624,0.8393375
BiLSTM+Attention,test,77.697321_12.751001,2024-10-01,0.6483749,0.6292054
BiLSTM+Attention,test,77.697321_12.773459,2024-10-01,0.6156803,0.5921231
BiLSTM+Attention,test,77.697321_12.791425,2024-10-01,0.69874483,0.6821325
BiLSTM+Attention,test,77.697321_12.885748,2024-10-01,0.673128,0.6590714
BiLSTM+Attention,test,77.697321_12.894731,2024-10-01,0.61024415,0.5971323
BiLSTM+Attention,test,77.697321_12.930664,2024-10-01,0.62053674,0.61964726
BiLSTM+Attention,test,77.697321_12.966596,2024-10-01,0.6251075,0.6209985
BiLSTM+Attention,test,77.697321_13.132785,2024-10-01,0.43063843,0.41679153
BiLSTM+Attention,test,77.697321_13.150751,2024-10-01,0.4856435,0.46853834
BiLSTM+Attention,test,77.697321_13.1777,2024-10-01,0.5793108,0.5801497
BiLSTM+Attention,test,77.701812_12.742018,2024-10-01,0.65005714,0.61618197
BiLSTM+Attention,test,77.701812_12.77795,2024-10-01,0.61642826,0.5932238
BiLSTM+Attention,test,77.701812_12.8049,2024-10-01,0.6870193,0.66602933
BiLSTM+Attention,test,77.701812_12.822866,2024-10-01,0.6529693,0.63199246
BiLSTM+Attention,test,77.701812_12.872273,2024-10-01,0.6081009,0.5882918
BiLSTM+Attention,test,77.701812_12.984563,2024-10-01,0.55773914,0.5513376
BiLSTM+Attention,test,77.701812_13.03397,2024-10-01,0.52582455,0.51056194
BiLSTM+Attention,test,77.701812_13.114818,2024-10-01,0.51732486,0.50555104
BiLSTM+Attention,test,77.701812_13.164226,2024-10-01,0.5137483,0.5000434
BiLSTM+Attention,test,77.706304_12.746509,2024-10-01,0.66328037,0.6327035
BiLSTM+Attention,test,77.706304_12.751001,2024-10-01,0.67001516,0.65040284
BiLSTM+Attention,test,77.706304_12.759984,2024-10-01,0.58681023,0.55738854
BiLSTM+Attention,test,77.706304_12.764475,2024-10-01,0.6242697,0.5976751
BiLSTM+Attention,test,77.706304_12.86329,2024-10-01,0.55994004,0.5400606
BiLSTM+Attention,test,77.706304_12.984563,2024-10-01,0.5650562,0.55763894
BiLSTM+Attention,test,77.706304_13.038462,2024-10-01,0.5325388,0.51668894
BiLSTM+Attention,test,77.706304_13.042953,2024-10-01,0.5840505,0.57020336
BiLSTM+Attention,test,77.706304_13.137276,2024-10-01,0.6803717,0.69405127
BiLSTM+Attention,test,77.710796_12.715068,2024-10-01,0.72433466,0.7047101
BiLSTM+Attention,test,77.710796_12.894731,2024-10-01,0.6904639,0.6778639
BiLSTM+Attention,test,77.710796_12.899223,2024-10-01,0.6395868,0.6264195
BiLSTM+Attention,test,77.710796_12.912697,2024-10-01,0.56333894,0.55295396
BiLSTM+Attention,test,77.710796_13.03397,2024-10-01,0.5174249,0.5006168
BiLSTM+Attention,test,77.710796_13.11931,2024-10-01,0.48817807,0.4745074
BiLSTM+Attention,test,77.710796_13.123802,2024-10-01,0.45757052,0.4387976
BiLSTM+Attention,test,77.710796_13.132785,2024-10-01,0.4855051,0.47146714
BiLSTM+Attention,test,77.710796_13.150751,2024-10-01,0.46462834,0.44141734
BiLSTM+Attention,test,77.710796_13.168717,2024-10-01,0.5331931,0.5186016
BiLSTM+Attention,test,77.710796_13.173209,2024-10-01,0.5418082,0.5242485
BiLSTM+Attention,test,77.715287_12.679136,2024-10-01,0.7821971,0.7826166
BiLSTM+Attention,test,77.715287_12.742018,2024-10-01,0.6510132,0.61930144
BiLSTM+Attention,test,77.715287_12.773459,2024-10-01,0.6160202,0.58740675
BiLSTM+Attention,test,77.715287_12.822866,2024-10-01,0.67181563,0.64812595
BiLSTM+Attention,test,77.715287_12.827358,2024-10-01,0.64007014,0.6145978
BiLSTM+Attention,test,77.715287_12.845324,2024-10-01,0.58781034,0.5732592
BiLSTM+Attention,test,77.715287_12.885748,2024-10-01,0.65886605,0.6457221
BiLSTM+Attention,test,77.715287_12.899223,2024-10-01,0.55555284,0.54074174
BiLSTM+Attention,test,77.715287_12.939647,2024-10-01,0.7877215,0.7837549
BiLSTM+Attention,test,77.715287_12.944139,2024-10-01,0.8165517,0.819653
BiLSTM+Attention,test,77.715287_12.94863,2024-10-01,0.66379035,0.66624016
BiLSTM+Attention,test,77.715287_13.016004,2024-10-01,0.5980145,0.5912001
BiLSTM+Attention,test,77.715287_13.029478,2024-10-01,0.47948566,0.46157426
BiLSTM+Attention,test,77.715287_13.038462,2024-10-01,0.6021303,0.59737134
BiLSTM+Attention,test,77.715287_13.051936,2024-10-01,0.59052473,0.585526
BiLSTM+Attention,test,77.715287_13.056428,2024-10-01,0.52374166,0.50618976
BiLSTM+Attention,test,77.715287_13.096852,2024-10-01,0.41821566,0.4006187
BiLSTM+Attention,test,77.715287_13.114818,2024-10-01,0.553228,0.5419635
BiLSTM+Attention,test,77.715287_13.128293,2024-10-01,0.4980933,0.4831795
BiLSTM+Attention,test,77.719779_12.706085,2024-10-01,0.7400506,0.71825
BiLSTM+Attention,test,77.719779_12.746509,2024-10-01,0.7738265,0.75604916
BiLSTM+Attention,test,77.719779_12.795916,2024-10-01,0.63505995,0.60954446
BiLSTM+Attention,test,77.719779_12.840832,2024-10-01,0.66875815,0.6523092
BiLSTM+Attention,test,77.719779_12.903714,2024-10-01,0.5533232,0.5428198
BiLSTM+Attention,test,77.719779_13.069903,2024-10-01,0.48867443,0.47007203
BiLSTM+Attention,test,77.719779_13.105835,2024-10-01,0.5113355,0.49402624
BiLSTM+Attention,test,77.719779_13.123802,2024-10-01,0.46837533,0.4495523
BiLSTM+Attention,test,77.719779_13.137276,2024-10-01,0.47388497,0.4485308
BiLSTM+Attention,test,77.719779_13.155243,2024-10-01,0.46515575,0.44645834
BiLSTM+Attention,test,77.72427_12.674644,2024-10-01,0.68908644,0.6614234
BiLSTM+Attention,test,77.72427_12.697102,2024-10-01,0.616413,0.5988223
BiLSTM+Attention,test,77.72427_12.701593,2024-10-01,0.6432972,0.6204842
BiLSTM+Attention,test,77.72427_12.724051,2024-10-01,0.68253857,0.64785695
BiLSTM+Attention,test,77.72427_12.786933,2024-10-01,0.6591439,0.6292262
BiLSTM+Attention,test,77.72427_12.791425,2024-10-01,0.6575519,0.6311569
BiLSTM+Attention,test,77.72427_12.840832,2024-10-01,0.6484101,0.6287869
BiLSTM+Attention,test,77.72427_12.867782,2024-10-01,0.5929184,0.56997544
BiLSTM+Attention,test,77.72427_12.885748,2024-10-01,0.629251,0.61076885
BiLSTM+Attention,test,77.72427_13.024987,2024-10-01,0.78777003,0.79280293
BiLSTM+Attention,test,77.72427_13.06092,2024-10-01,0.5068539,0.49412167
BiLSTM+Attention,test,77.72427_13.074394,2024-10-01,0.51664084,0.5100699
BiLSTM+Attention,test,77.728762_12.706085,2024-10-01,0.7141907,0.694576
BiLSTM+Attention,test,77.728762_12.724051,2024-10-01,0.74911314,0.72549933
BiLSTM+Attention,test,77.728762_12.759984,2024-10-01,0.65647274,0.63082296
BiLSTM+Attention,test,77.728762_12.782442,2024-10-01,0.67948556,0.65940917
BiLSTM+Attention,test,77.728762_12.809391,2024-10-01,0.6698603,0.6415709
BiLSTM+Attention,test,77.728762_12.858799,2024-10-01,0.66461384,0.6538477
BiLSTM+Attention,test,77.728762_12.876765,2024-10-01,0.67525774,0.6595987
BiLSTM+Attention,test,77.728762_12.885748,2024-10-01,0.618066,0.59977114
BiLSTM+Attention,test,77.728762_13.016004,2024-10-01,0.7758495,0.7745207
BiLSTM+Attention,test,77.728762_13.047445,2024-10-01,0.5712272,0.5585553
BiLSTM+Attention,test,77.728762_13.087869,2024-10-01,0.5405342,0.5322488
BiLSTM+Attention,test,77.728762_13.092361,2024-10-01,0.5024273,0.48908454
BiLSTM+Attention,test,77.733253_12.755492,2024-10-01,0.62710744,0.59417015
BiLSTM+Attention,test,77.733253_12.795916,2024-10-01,0.6291027,0.6076928
BiLSTM+Attention,test,77.733253_12.86329,2024-10-01,0.6778577,0.6640635
BiLSTM+Attention,test,77.733253_12.872273,2024-10-01,0.6614256,0.6503707
BiLSTM+Attention,test,77.733253_12.998037,2024-10-01,0.68293566,0.67454267
BiLSTM+Attention,test,77.733253_13.056428,2024-10-01,0.4835557,0.46427125
BiLSTM+Attention,test,77.737745_12.764475,2024-10-01,0.60492444,0.5766753
BiLSTM+Attention,test,77.737745_12.791425,2024-10-01,0.647861,0.6240796
BiLSTM+Attention,test,77.737745_12.809391,2024-10-01,0.6436137,0.6136999
BiLSTM+Attention,test,77.737745_12.858799,2024-10-01,0.64364225,0.62558025
BiLSTM+Attention,test,77.737745_12.872273,2024-10-01,0.6688212,0.6552137
BiLSTM+Attention,test,77.737745_12.881256,2024-10-01,0.6890831,0.67631775
BiLSTM+Attention,test,77.737745_13.051936,2024-10-01,0.5075177,0.49386907
BiLSTM+Attention,test,77.737745_13.06092,2024-10-01,0.5123859,0.49660224
BiLSTM+Attention,test,77.737745_13.078886,2024-10-01,0.53939664,0.5314788
BiLSTM+Attention,test,77.737745_13.101344,2024-10-01,0.46496785,0.44732344
BiLSTM+Attention,test,77.742237_12.697102,2024-10-01,0.7564569,0.7450658
BiLSTM+Attention,test,77.742237_12.764475,2024-10-01,0.61967874,0.59020674
BiLSTM+Attention,test,77.742237_12.795916,2024-10-01,0.6142836,0.5872915
BiLSTM+Attention,test,77.742237_12.8049,2024-10-01,0.6570833,0.6287081
BiLSTM+Attention,test,77.742237_12.86329,2024-10-01,0.58366644,0.561977
BiLSTM+Attention,test,77.742237_12.867782,2024-10-01,0.6738121,0.65686136
BiLSTM+Attention,test,77.742237_12.89024,2024-10-01,0.6746922,0.6580849
BiLSTM+Attention,test,77.742237_12.899223,2024-10-01,0.6552933,0.6401406
BiLSTM+Attention,test,77.742237_12.921681,2024-10-01,0.59479696,0.58538336
BiLSTM+Attention,test,77.742237_12.980071,2024-10-01,0.6338454,0.62265956
BiLSTM+Attention,test,77.742237_13.002529,2024-10-01,0.6505289,0.6414298
BiLSTM+Attention,test,77.742237_13.016004,2024-10-01,0.6562511,0.6544633
BiLSTM+Attention,test,77.742237_13.038462,2024-10-01,0.48568702,0.46488535
BiLSTM+Attention,test,77.742237_13.074394,2024-10-01,0.46260732,0.44841933
BiLSTM+Attention,test,77.742237_13.078886,2024-10-01,0.52532804,0.51739746
BiLSTM+Attention,test,77.742237_13.101344,2024-10-01,0.48713532,0.4742924
BiLSTM+Attention,test,77.746728_12.751001,2024-10-01,0.6477958,0.6220665
BiLSTM+Attention,test,77.746728_12.764475,2024-10-01,0.6390094,0.6117229
BiLSTM+Attention,test,77.746728_12.782442,2024-10-01,0.67444015,0.6553035
BiLSTM+Attention,test,77.746728_12.97558,2024-10-01,0.6543746,0.64034843
BiLSTM+Attention,test,77.746728_12.984563,2024-10-01,0.6445056,0.63839126
BiLSTM+Attention,test,77.746728_13.016004,2024-10-01,0.6683402,0.65838504
BiLSTM+Attention,test,77.746728_13.020495,2024-10-01,0.6968146,0.6875739
BiLSTM+Attention,test,77.746728_13.024987,2024-10-01,0.60627764,0.5975755
BiLSTM+Attention,test,77.746728_13.038462,2024-10-01,0.51418,0.5009488
BiLSTM+Attention,test,77.746728_13.06092,2024-10-01,0.4724767,0.45319188
BiLSTM+Attention,test,77.746728_13.083377,2024-10-01,0.52462524,0.5134417
BiLSTM+Attention,test,77.746728_13.092361,2024-10-01,0.48235762,0.46566993
BiLSTM+Attention,test,77.75122_12.751001,2024-10-01,0.6375153,0.61080885
BiLSTM+Attention,test,77.75122_12.755492,2024-10-01,0.6816169,0.6577836
BiLSTM+Attention,test,77.75122_12.768967,2024-10-01,0.6027172,0.57460344
BiLSTM+Attention,test,77.75122_12.77795,2024-10-01,0.64101213,0.61462474
BiLSTM+Attention,test,77.75122_12.894731,2024-10-01,0.5974823,0.58755636
BiLSTM+Attention,test,77.75122_12.993546,2024-10-01,0.5851567,0.575319
BiLSTM+Attention,test,77.75122_13.020495,2024-10-01,0.6299285,0.6221302
BiLSTM+Attention,test,77.75122_13.03397,2024-10-01,0.5251217,0.51702476
BiLSTM+Attention,test,77.75122_13.038462,2024-10-01,0.49425286,0.4797328
BiLSTM+Attention,test,77.755711_12.706085,2024-10-01,0.671648,0.64576256
BiLSTM+Attention,test,77.755711_12.764475,2024-10-01,0.83572346,0.83829343
BiLSTM+Attention,test,77.755711_12.77795,2024-10-01,0.6237708,0.5988018
BiLSTM+Attention,test,77.755711_12.822866,2024-10-01,0.62409455,0.6061213
BiLSTM+Attention,test,77.755711_12.831849,2024-10-01,0.5984779,0.581873
BiLSTM+Attention,test,77.755711_12.858799,2024-10-01,0.6465679,0.63567424
BiLSTM+Attention,test,77.755711_12.885748,2024-10-01,0.6340261,0.62234885
BiLSTM+Attention,test,77.755711_12.899223,2024-10-01,0.56452036,0.5513379
BiLSTM+Attention,test,77.755711_12.903714,2024-10-01,0.6191757,0.6038525
BiLSTM+Attention,test,77.755711_12.926172,2024-10-01,0.63048124,0.6249097
BiLSTM+Attention,test,77.760203_12.751001,2024-10-01,0.63404214,0.6061857
BiLSTM+Attention,test,77.760203_12.795916,2024-10-01,0.6152067,0.5841779
BiLSTM+Attention,test,77.760203_12.818374,2024-10-01,0.70072985,0.68139803
BiLSTM+Attention,test,77.760203_12.867782,2024-10-01,0.6050273,0.59492993
BiLSTM+Attention,test,77.760203_12.872273,2024-10-01,0.6173018,0.6077043
BiLSTM+Attention,test,77.760203_12.876765,2024-10-01,0.58845794,0.58147323
BiLSTM+Attention,test,77.760203_12.885748,2024-10-01,0.60461706,0.5940357
BiLSTM+Attention,test,77.760203_12.984563,2024-10-01,0.64298785,0.6313016
BiLSTM+Attention,test,77.764695_12.742018,2024-10-01,0.74685,0.7224471
BiLSTM+Attention,test,77.764695_12.746509,2024-10-01,0.7344455,0.7093167
BiLSTM+Attention,test,77.764695_12.813883,2024-10-01,0.6611396,0.63471246
BiLSTM+Attention,test,77.764695_12.849815,2024-10-01,0.6315802,0.6143025
BiLSTM+Attention,test,77.764695_12.885748,2024-10-01,0.6292811,0.6153194
BiLSTM+Attention,test,77.764695_12.912697,2024-10-01,0.6263872,0.6146189
BiLSTM+Attention,test,77.764695_13.03397,2024-10-01,0.47319546,0.45727497
BiLSTM+Attention,test,77.769186_12.751001,2024-10-01,0.75713307,0.74234563
BiLSTM+Attention,test,77.769186_12.791425,2024-10-01,0.6048687,0.57752985
BiLSTM+Attention,test,77.769186_12.800408,2024-10-01,0.65751415,0.6411655
BiLSTM+Attention,test,77.769186_12.8049,2024-10-01,0.69030875,0.6731665
BiLSTM+Attention,test,77.769186_12.809391,2024-10-01,0.6266324,0.603014
BiLSTM+Attention,test,77.769186_12.876765,2024-10-01,0.6475296,0.64536554
BiLSTM+Attention,test,77.769186_12.894731,2024-10-01,0.6098551,0.60206586
BiLSTM+Attention,test,77.769186_13.016004,2024-10-01,0.58335966,0.57312
BiLSTM+Attention,test,77.773678_12.746509,2024-10-01,0.75075406,0.7237967
BiLSTM+Attention,test,77.773678_12.858799,2024-10-01,0.589483,0.57808226
BiLSTM+Attention,test,77.773678_12.885748,2024-10-01,0.60055435,0.5890721
BiLSTM+Attention,test,77.773678_12.899223,2024-10-01,0.57690084,0.56169134
BiLSTM+Attention,test,77.773678_12.908206,2024-10-01,0.61464393,0.5995822
BiLSTM+Attention,test,77.778169_12.809391,2024-10-01,0.5889202,0.5683265
BiLSTM+Attention,test,77.778169_12.885748,2024-10-01,0.6191418,0.6102926
BiLSTM+Attention,test,77.782661_12.786933,2024-10-01,0.6069039,0.5791281
BiLSTM+Attention,test,77.782661_12.791425,2024-10-01,0.6349017,0.60621095
BiLSTM+Attention,test,77.782661_12.89024,2024-10-01,0.6120676,0.6010627
BiLSTM+Attention,test,77.787152_12.786933,2024-10-01,0.6207537,0.59200853
BiLSTM+Attention,test,77.787152_12.849815,2024-10-01,0.59160364,0.57697546
BiLSTM+Attention,test,77.787152_12.867782,2024-10-01,0.6019949,0.58830076
BiLSTM+Attention,test,77.791644_12.8049,2024-10-01,0.62031597,0.601275
BiLSTM+Attention,test,77.791644_12.899223,2024-10-01,0.6008036,0.58554095
BiLSTM+Attention,test,77.796136_12.854307,2024-10-01,0.5952115,0.57552505
BiLSTM+Attention,test,77.796136_12.885748,2024-10-01,0.6580228,0.6388142
BiLSTM+Attention,test,77.800627_12.876765,2024-10-01,0.65087783,0.63287795
BiLSTM+Attention,test,77.800627_12.885748,2024-10-01,0.61829257,0.59632134
BiLSTM+Attention,test,77.805119_12.876765,2024-10-01,0.65826696,0.64134693
BiLSTM+Attention,test,77.805119_12.89024,2024-10-01,0.64737934,0.6216038
BiLSTM+Attention,test,77.80961_12.858799,2024-10-01,0.66346985,0.63831615
BiLSTM+Attention,test,77.80961_12.86329,2024-10-01,0.64189154,0.6208253
BiLSTM+Attention,test,77.329012_12.944139,2024-11-01,0.5468948,0.54594225
BiLSTM+Attention,test,77.329012_12.962105,2024-11-01,0.7175874,0.73265195
BiLSTM+Attention,test,77.337995_12.921681,2024-11-01,0.66716343,0.68935853
BiLSTM+Attention,test,77.342486_12.926172,2024-11-01,0.70557,0.7366609
BiLSTM+Attention,test,77.342486_12.935155,2024-11-01,0.7265965,0.75843805
BiLSTM+Attention,test,77.342486_12.944139,2024-11-01,0.69501704,0.72040474
BiLSTM+Attention,test,77.346978_12.86329,2024-11-01,0.5929848,0.6164347
BiLSTM+Attention,test,77.346978_12.962105,2024-11-01,0.55436456,0.54769355
BiLSTM+Attention,test,77.351469_12.89024,2024-11-01,0.56768274,0.5946072
BiLSTM+Attention,test,77.351469_12.930664,2024-11-01,0.73048115,0.762642
BiLSTM+Attention,test,77.351469_12.939647,2024-11-01,0.71110624,0.7418451
BiLSTM+Attention,test,77.355961_12.899223,2024-11-01,0.5825525,0.6076134
BiLSTM+Attention,test,77.355961_12.94863,2024-11-01,0.52207667,0.527815
BiLSTM+Attention,test,77.355961_12.962105,2024-11-01,0.7277271,0.74833286
BiLSTM+Attention,test,77.360453_12.867782,2024-11-01,0.48112997,0.48970234
BiLSTM+Attention,test,77.360453_12.908206,2024-11-01,0.6030169,0.63785154
BiLSTM+Attention,test,77.360453_12.926172,2024-11-01,0.7265076,0.7679125
BiLSTM+Attention,test,77.364944_12.854307,2024-11-01,0.52279466,0.52913564
BiLSTM+Attention,test,77.364944_12.962105,2024-11-01,0.5110564,0.5034387
BiLSTM+Attention,test,77.369436_12.881256,2024-11-01,0.52368206,0.5366313
BiLSTM+Attention,test,77.369436_12.89024,2024-11-01,0.52141386,0.53677744
BiLSTM+Attention,test,77.369436_12.935155,2024-11-01,0.48421904,0.4824704
BiLSTM+Attention,test,77.369436_12.998037,2024-11-01,0.52074647,0.51237667
BiLSTM+Attention,test,77.369436_13.007021,2024-11-01,0.5657118,0.5700635
BiLSTM+Attention,test,77.373927_12.912697,2024-11-01,0.62460625,0.64426166
BiLSTM+Attention,test,77.373927_12.971088,2024-11-01,0.5045139,0.4961337
BiLSTM+Attention,test,77.373927_13.011512,2024-11-01,0.51650614,0.5153161
BiLSTM+Attention,test,77.373927_13.016004,2024-11-01,0.50080615,0.4990744
BiLSTM+Attention,test,77.378419_12.966596,2024-11-01,0.47989792,0.46564412
BiLSTM+Attention,test,77.382911_12.894731,2024-11-01,0.5648778,0.58362526
BiLSTM+Attention,test,77.382911_12.953122,2024-11-01,0.539637,0.53932476
BiLSTM+Attention,test,77.382911_12.957613,2024-11-01,0.53426594,0.5313109
BiLSTM+Attention,test,77.387402_12.962105,2024-11-01,0.5251089,0.52258784
BiLSTM+Attention,test,77.387402_12.97558,2024-11-01,0.525985,0.52343917
BiLSTM+Attention,test,77.387402_12.980071,2024-11-01,0.52850556,0.5272223
BiLSTM+Attention,test,77.391894_12.867782,2024-11-01,0.56451255,0.5853628
BiLSTM+Attention,test,77.391894_12.881256,2024-11-01,0.5313725,0.56040144
BiLSTM+Attention,test,77.391894_12.885748,2024-11-01,0.5635355,0.58364433
BiLSTM+Attention,test,77.396385_12.894731,2024-11-01,0.5665569,0.5841102
BiLSTM+Attention,test,77.396385_12.908206,2024-11-01,0.5249385,0.53340393
BiLSTM+Attention,test,77.396385_12.944139,2024-11-01,0.57232606,0.5817292
BiLSTM+Attention,test,77.396385_12.971088,2024-11-01,0.49594778,0.49319923
BiLSTM+Attention,test,77.396385_12.97558,2024-11-01,0.47206774,0.4663003
BiLSTM+Attention,test,77.396385_13.029478,2024-11-01,0.4051477,0.40258634
BiLSTM+Attention,test,77.400877_12.957613,2024-11-01,0.53981507,0.5434641
BiLSTM+Attention,test,77.400877_12.966596,2024-11-01,0.49279946,0.49383223
BiLSTM+Attention,test,77.400877_13.029478,2024-11-01,0.3928084,0.39094013
BiLSTM+Attention,test,77.405368_12.881256,2024-11-01,0.49217945,0.49105632
BiLSTM+Attention,test,77.405368_12.89024,2024-11-01,0.5150425,0.51968366
BiLSTM+Attention,test,77.405368_12.903714,2024-11-01,0.4882879,0.48917985
BiLSTM+Attention,test,77.405368_12.930664,2024-11-01,0.6136904,0.63072705
BiLSTM+Attention,test,77.405368_12.998037,2024-11-01,0.51352555,0.52097166
BiLSTM+Attention,test,77.405368_13.105835,2024-11-01,0.4365264,0.4276592
BiLSTM+Attention,test,77.405368_13.11931,2024-11-01,0.39888504,0.39448383
BiLSTM+Attention,test,77.40986_12.872273,2024-11-01,0.45760566,0.45262885
BiLSTM+Attention,test,77.40986_12.881256,2024-11-01,0.45964268,0.46247113
BiLSTM+Attention,test,77.40986_12.962105,2024-11-01,0.5491,0.5574616
BiLSTM+Attention,test,77.414352_12.930664,2024-11-01,0.5578902,0.5639769
BiLSTM+Attention,test,77.414352_12.989054,2024-11-01,0.4754838,0.47630525
BiLSTM+Attention,test,77.414352_12.993546,2024-11-01,0.4831395,0.4895376
BiLSTM+Attention,test,77.414352_13.03397,2024-11-01,0.44997832,0.44641373
BiLSTM+Attention,test,77.414352_13.096852,2024-11-01,0.41747245,0.40791112
BiLSTM+Attention,test,77.414352_13.11931,2024-11-01,0.41814488,0.41055906
BiLSTM+Attention,test,77.418843_12.876765,2024-11-01,0.47427487,0.466156
BiLSTM+Attention,test,77.418843_12.89024,2024-11-01,0.5024674,0.5032376
BiLSTM+Attention,test,77.418843_12.94863,2024-11-01,0.55060685,0.5585789
BiLSTM+Attention,test,77.418843_12.971088,2024-11-01,0.513383,0.5194958
BiLSTM+Attention,test,77.418843_12.993546,2024-11-01,0.5146944,0.52567405
BiLSTM+Attention,test,77.418843_13.016004,2024-11-01,0.47979665,0.47863555
BiLSTM+Attention,test,77.418843_13.024987,2024-11-01,0.47092834,0.46382648
BiLSTM+Attention,test,77.418843_13.029478,2024-11-01,0.47045934,0.46170795
BiLSTM+Attention,test,77.418843_13.146259,2024-11-01,0.38192165,0.3796531
BiLSTM+Attention,test,77.423335_12.876765,2024-11-01,0.4760531,0.4834609
BiLSTM+Attention,test,77.423335_12.921681,2024-11-01,0.5649724,0.5732286
BiLSTM+Attention,test,77.423335_12.930664,2024-11-01,0.5476568,0.5571216
BiLSTM+Attention,test,77.423335_13.002529,2024-11-01,0.562781,0.5764066
BiLSTM+Attention,test,77.423335_13.092361,2024-11-01,0.35759568,0.36140078
BiLSTM+Attention,test,77.423335_13.141768,2024-11-01,0.440702,0.4317179
BiLSTM+Attention,test,77.423335_13.150751,2024-11-01,0.3906771,0.38250422
BiLSTM+Attention,test,77.427826_12.845324,2024-11-01,0.41803697,0.4191298
BiLSTM+Attention,test,77.427826_12.858799,2024-11-01,0.4707536,0.47660273
BiLSTM+Attention,test,77.427826_12.930664,2024-11-01,0.55514246,0.56913257
BiLSTM+Attention,test,77.427826_12.939647,2024-11-01,0.50255275,0.50244915
BiLSTM+Attention,test,77.427826_12.944139,2024-11-01,0.5159357,0.5200523
BiLSTM+Attention,test,77.427826_13.020495,2024-11-01,0.4814642,0.48109806
BiLSTM+Attention,test,77.427826_13.024987,2024-11-01,0.472353,0.46574855
BiLSTM+Attention,test,77.427826_13.110327,2024-11-01,0.438417,0.42899334
BiLSTM+Attention,test,77.427826_13.132785,2024-11-01,0.49364138,0.49581552
BiLSTM+Attention,test,77.432318_12.858799,2024-11-01,0.4853466,0.49160326
BiLSTM+Attention,test,77.432318_12.86329,2024-11-01,0.4914682,0.4975049
BiLSTM+Attention,test,77.432318_12.867782,2024-11-01,0.483126,0.48963422
BiLSTM+Attention,test,77.432318_12.881256,2024-11-01,0.5258548,0.5345306
BiLSTM+Attention,test,77.432318_12.885748,2024-11-01,0.6159391,0.63005507
BiLSTM+Attention,test,77.432318_12.957613,2024-11-01,0.5024631,0.50231946
BiLSTM+Attention,test,77.432318_12.998037,2024-11-01,0.4335534,0.43455285
BiLSTM+Attention,test,77.432318_13.087869,2024-11-01,0.44241446,0.4311216
BiLSTM+Attention,test,77.432318_13.092361,2024-11-01,0.3987892,0.38995874
BiLSTM+Attention,test,77.436809_12.818374,2024-11-01,0.6157002,0.6192014
BiLSTM+Attention,test,77.436809_12.840832,2024-11-01,0.5327673,0.54186165
BiLSTM+Attention,test,77.436809_12.854307,2024-11-01,0.49896333,0.50569534
BiLSTM+Attention,test,77.436809_12.912697,2024-11-01,0.6241114,0.63362885
BiLSTM+Attention,test,77.436809_12.926172,2024-11-01,0.5570404,0.5704988
BiLSTM+Attention,test,77.436809_12.944139,2024-11-01,0.52322656,0.5280729
BiLSTM+Attention,test,77.436809_13.03397,2024-11-01,0.45540947,0.44986588
BiLSTM+Attention,test,77.441301_12.818374,2024-11-01,0.6241883,0.63676965
BiLSTM+Attention,test,77.441301_12.831849,2024-11-01,0.51753247,0.5299472
BiLSTM+Attention,test,77.441301_12.836341,2024-11-01,0.54644114,0.55343944
BiLSTM+Attention,test,77.441301_12.840832,2024-11-01,0.51975685,0.52502865
BiLSTM+Attention,test,77.441301_12.944139,2024-11-01,0.56058687,0.57148004
BiLSTM+Attention,test,77.441301_12.94863,2024-11-01,0.5145943,0.52497977
BiLSTM+Attention,test,77.441301_13.056428,2024-11-01,0.44457114,0.44147485
BiLSTM+Attention,test,77.441301_13.069903,2024-11-01,0.4613255,0.45458192
BiLSTM+Attention,test,77.441301_13.083377,2024-11-01,0.4481288,0.44132838
BiLSTM+Attention,test,77.441301_13.110327,2024-11-01,0.4338097,0.427558
BiLSTM+Attention,test,77.445793_12.840832,2024-11-01,0.5924166,0.60187227
BiLSTM+Attention,test,77.445793_12.86329,2024-11-01,0.6078711,0.6301554
BiLSTM+Attention,test,77.445793_12.867782,2024-11-01,0.58709484,0.6081822
BiLSTM+Attention,test,77.445793_12.912697,2024-11-01,0.53002614,0.5336195
BiLSTM+Attention,test,77.445793_12.957613,2024-11-01,0.5031012,0.5073734
BiLSTM+Attention,test,77.445793_12.984563,2024-11-01,0.52108496,0.5311832
BiLSTM+Attention,test,77.450284_12.809391,2024-11-01,0.57218605,0.57854456
BiLSTM+Attention,test,77.450284_12.872273,2024-11-01,0.5865932,0.6121437
BiLSTM+Attention,test,77.450284_12.89024,2024-11-01,0.58717716,0.5952792
BiLSTM+Attention,test,77.450284_12.971088,2024-11-01,0.49058384,0.5040296
BiLSTM+Attention,test,77.450284_12.993546,2024-11-01,0.40238032,0.4103138
BiLSTM+Attention,test,77.450284_13.029478,2024-11-01,0.44283542,0.44758117
BiLSTM+Attention,test,77.450284_13.047445,2024-11-01,0.455379,0.45723706
BiLSTM+Attention,test,77.450284_13.146259,2024-11-01,0.5084334,0.5076628
BiLSTM+Attention,test,77.454776_12.809391,2024-11-01,0.5371433,0.5486306
BiLSTM+Attention,test,77.454776_12.885748,2024-11-01,0.56850344,0.5800982
BiLSTM+Attention,test,77.454776_12.980071,2024-11-01,0.44259033,0.44891387
BiLSTM+Attention,test,77.454776_12.993546,2024-11-01,0.42825136,0.43488804
BiLSTM+Attention,test,77.454776_13.078886,2024-11-01,0.45416373,0.44578397
BiLSTM+Attention,test,77.454776_13.087869,2024-11-01,0.4178701,0.40467378
BiLSTM+Attention,test,77.454776_13.114818,2024-11-01,0.4949875,0.49636537
BiLSTM+Attention,test,77.454776_13.141768,2024-11-01,0.51181775,0.5121834
BiLSTM+Attention,test,77.459267_12.8049,2024-11-01,0.6061062,0.62798023
BiLSTM+Attention,test,77.459267_12.822866,2024-11-01,0.5765003,0.5845451
BiLSTM+Attention,test,77.459267_12.845324,2024-11-01,0.58034384,0.5924086
BiLSTM+Attention,test,77.459267_12.872273,2024-11-01,0.5579107,0.57417357
BiLSTM+Attention,test,77.459267_12.903714,2024-11-01,0.51128167,0.52487755
BiLSTM+Attention,test,77.459267_12.926172,2024-11-01,0.55129254,0.56426865
BiLSTM+Attention,test,77.459267_12.97558,2024-11-01,0.4573206,0.46541792
BiLSTM+Attention,test,77.459267_13.016004,2024-11-01,0.41822162,0.41875204
BiLSTM+Attention,test,77.459267_13.020495,2024-11-01,0.41177776,0.41369742
BiLSTM+Attention,test,77.459267_13.11931,2024-11-01,0.49184862,0.4878775
BiLSTM+Attention,test,77.463759_12.813883,2024-11-01,0.5173714,0.5382206
BiLSTM+Attention,test,77.463759_12.836341,2024-11-01,0.57733965,0.5935062
BiLSTM+Attention,test,77.463759_12.86329,2024-11-01,0.5942356,0.6213948
BiLSTM+Attention,test,77.463759_12.867782,2024-11-01,0.57621026,0.59203154
BiLSTM+Attention,test,77.463759_12.872273,2024-11-01,0.55199116,0.5647132
BiLSTM+Attention,test,77.463759_12.881256,2024-11-01,0.60389036,0.61278754
BiLSTM+Attention,test,77.463759_12.885748,2024-11-01,0.60745364,0.62631595
BiLSTM+Attention,test,77.463759_12.894731,2024-11-01,0.54706204,0.5621558
BiLSTM+Attention,test,77.463759_12.899223,2024-11-01,0.54966927,0.56735116
BiLSTM+Attention,test,77.463759_12.917189,2024-11-01,0.49967563,0.5109852
BiLSTM+Attention,test,77.463759_12.953122,2024-11-01,0.7542748,0.78056735
BiLSTM+Attention,test,77.463759_13.03397,2024-11-01,0.4106879,0.4095407
BiLSTM+Attention,test,77.463759_13.078886,2024-11-01,0.52263236,0.5256069
BiLSTM+Attention,test,77.46825_12.827358,2024-11-01,0.48992562,0.4996488
BiLSTM+Attention,test,77.46825_12.836341,2024-11-01,0.58472884,0.59875154
BiLSTM+Attention,test,77.46825_12.894731,2024-11-01,0.527204,0.5415815
BiLSTM+Attention,test,77.46825_12.94863,2024-11-01,0.59392095,0.61203814
BiLSTM+Attention,test,77.46825_12.953122,2024-11-01,0.529334,0.5401168
BiLSTM+Attention,test,77.46825_12.966596,2024-11-01,0.5074034,0.5182545
BiLSTM+Attention,test,77.46825_13.007021,2024-11-01,0.4279802,0.42946464
BiLSTM+Attention,test,77.46825_13.020495,2024-11-01,0.49590823,0.49788707
BiLSTM+Attention,test,77.46825_13.114818,2024-11-01,0.5359322,0.54410344
BiLSTM+Attention,test,77.46825_13.150751,2024-11-01,0.44657558,0.44032997
BiLSTM+Attention,test,77.46825_13.1777,2024-11-01,0.537035,0.531587
BiLSTM+Attention,test,77.472742_12.746509,2024-11-01,0.64376545,0.64877594
BiLSTM+Attention,test,77.472742_12.751001,2024-11-01,0.5975746,0.6036441
BiLSTM+Attention,test,77.472742_12.755492,2024-11-01,0.6145872,0.62376237
BiLSTM+Attention,test,77.472742_12.795916,2024-11-01,0.5511445,0.5681017
BiLSTM+Attention,test,77.472742_12.836341,2024-11-01,0.57478774,0.58939064
BiLSTM+Attention,test,77.472742_12.984563,2024-11-01,0.46931103,0.48307258
BiLSTM+Attention,test,77.472742_13.087869,2024-11-01,0.47681698,0.4712208
BiLSTM+Attention,test,77.477234_12.764475,2024-11-01,0.6089423,0.6223684
BiLSTM+Attention,test,77.477234_12.782442,2024-11-01,0.5447598,0.560866
BiLSTM+Attention,test,77.477234_12.840832,2024-11-01,0.5765389,0.591483
BiLSTM+Attention,test,77.477234_12.899223,2024-11-01,0.48749733,0.50064385
BiLSTM+Attention,test,77.477234_12.935155,2024-11-01,0.620425,0.6461236
BiLSTM+Attention,test,77.477234_12.944139,2024-11-01,0.55050814,0.5641145
BiLSTM+Attention,test,77.477234_12.94863,2024-11-01,0.5613503,0.578452
BiLSTM+Attention,test,77.477234_12.971088,2024-11-01,0.5200722,0.5314678
BiLSTM+Attention,test,77.477234_13.002529,2024-11-01,0.42354113,0.43235976
BiLSTM+Attention,test,77.477234_13.056428,2024-11-01,0.47855356,0.4796276
BiLSTM+Attention,test,77.481725_12.737526,2024-11-01,0.6203639,0.6280544
BiLSTM+Attention,test,77.481725_12.768967,2024-11-01,0.6038813,0.617661
BiLSTM+Attention,test,77.481725_12.831849,2024-11-01,0.51852965,0.534272
BiLSTM+Attention,test,77.481725_12.89024,2024-11-01,0.5667661,0.5857309
BiLSTM+Attention,test,77.481725_12.894731,2024-11-01,0.53393835,0.5463526
BiLSTM+Attention,test,77.481725_12.944139,2024-11-01,0.56329244,0.5768488
BiLSTM+Attention,test,77.481725_12.971088,2024-11-01,0.44486582,0.44713715
BiLSTM+Attention,test,77.481725_12.980071,2024-11-01,0.49811116,0.5151093
BiLSTM+Attention,test,77.481725_13.024987,2024-11-01,0.4772929,0.48054338
BiLSTM+Attention,test,77.481725_13.03397,2024-11-01,0.45436543,0.45478594
BiLSTM+Attention,test,77.481725_13.096852,2024-11-01,0.5601493,0.579451
BiLSTM+Attention,test,77.481725_13.137276,2024-11-01,0.6353326,0.66766375
BiLSTM+Attention,test,77.486217_12.764475,2024-11-01,0.5987838,0.6055434
BiLSTM+Attention,test,77.486217_12.872273,2024-11-01,0.52340895,0.54081386
BiLSTM+Attention,test,77.486217_12.939647,2024-11-01,0.5787625,0.59664834
BiLSTM+Attention,test,77.486217_12.998037,2024-11-01,0.4709695,0.49165106
BiLSTM+Attention,test,77.486217_13.042953,2024-11-01,0.52495813,0.5355165
BiLSTM+Attention,test,77.486217_13.06092,2024-11-01,0.5431933,0.55146235
BiLSTM+Attention,test,77.486217_13.114818,2024-11-01,0.47639656,0.4759618
BiLSTM+Attention,test,77.486217_13.11931,2024-11-01,0.49367145,0.49972922
BiLSTM+Attention,test,77.490708_12.768967,2024-11-01,0.59053814,0.6044329
BiLSTM+Attention,test,77.490708_12.8049,2024-11-01,0.568597,0.5899837
BiLSTM+Attention,test,77.490708_12.849815,2024-11-01,0.59378976,0.6155532
BiLSTM+Attention,test,77.490708_12.89024,2024-11-01,0.5258132,0.54378
BiLSTM+Attention,test,77.490708_13.051936,2024-11-01,0.59160733,0.6056748
BiLSTM+Attention,test,77.490708_13.087869,2024-11-01,0.5326485,0.53134453
BiLSTM+Attention,test,77.490708_13.092361,2024-11-01,0.5281266,0.53179586
BiLSTM+Attention,test,77.490708_13.096852,2024-11-01,0.5582003,0.5721486
BiLSTM+Attention,test,77.490708_13.182192,2024-11-01,0.5755243,0.57956225
BiLSTM+Attention,test,77.490708_13.209142,2024-11-01,0.53261316,0.5295975
BiLSTM+Attention,test,77.4952_12.786933,2024-11-01,0.55084383,0.57282495
BiLSTM+Attention,test,77.4952_12.836341,2024-11-01,0.55021214,0.56112957
BiLSTM+Attention,test,77.4952_12.899223,2024-11-01,0.57305586,0.5894898
BiLSTM+Attention,test,77.4952_12.962105,2024-11-01,0.5628929,0.5827202
BiLSTM+Attention,test,77.4952_13.020495,2024-11-01,0.51972306,0.52821654
BiLSTM+Attention,test,77.4952_13.024987,2024-11-01,0.5093473,0.5214233
BiLSTM+Attention,test,77.4952_13.03397,2024-11-01,0.5625712,0.57478637
BiLSTM+Attention,test,77.4952_13.087869,2024-11-01,0.5069117,0.49958766
BiLSTM+Attention,test,77.4952_13.092361,2024-11-01,0.53336036,0.54432523
BiLSTM+Attention,test,77.4952_13.182192,2024-11-01,0.57507926,0.58115506
BiLSTM+Attention,test,77.499692_12.755492,2024-11-01,0.6564197,0.67145354
BiLSTM+Attention,test,77.499692_12.858799,2024-11-01,0.6412808,0.6635992
BiLSTM+Attention,test,77.499692_12.899223,2024-11-01,0.5550507,0.5748727
BiLSTM+Attention,test,77.499692_12.984563,2024-11-01,0.5131247,0.53045833
BiLSTM+Attention,test,77.499692_13.114818,2024-11-01,0.4955599,0.4995013
BiLSTM+Attention,test,77.499692_13.137276,2024-11-01,0.48847756,0.49694854
BiLSTM+Attention,test,77.499692_13.168717,2024-11-01,0.6239242,0.63619244
BiLSTM+Attention,test,77.504183_12.764475,2024-11-01,0.66145825,0.68888444
BiLSTM+Attention,test,77.504183_12.786933,2024-11-01,0.61889064,0.64350986
BiLSTM+Attention,test,77.504183_12.818374,2024-11-01,0.5908817,0.6039707
BiLSTM+Attention,test,77.504183_12.854307,2024-11-01,0.58321834,0.6019489
BiLSTM+Attention,test,77.504183_12.858799,2024-11-01,0.6400445,0.66151345
BiLSTM+Attention,test,77.504183_12.953122,2024-11-01,0.54108244,0.56798184
BiLSTM+Attention,test,77.504183_13.083377,2024-11-01,0.5651037,0.57916564
BiLSTM+Attention,test,77.504183_13.141768,2024-11-01,0.56564504,0.58526236
BiLSTM+Attention,test,77.504183_13.159734,2024-11-01,0.6545798,0.6793796
BiLSTM+Attention,test,77.504183_13.195667,2024-11-01,0.50773793,0.5051666
BiLSTM+Attention,test,77.508675_12.751001,2024-11-01,0.66130286,0.6842083
BiLSTM+Attention,test,77.508675_12.795916,2024-11-01,0.64626485,0.6746838
BiLSTM+Attention,test,77.508675_12.831849,2024-11-01,0.59124476,0.60380864
BiLSTM+Attention,test,77.508675_12.836341,2024-11-01,0.6164404,0.62856406
BiLSTM+Attention,test,77.508675_12.845324,2024-11-01,0.5809415,0.60193133
BiLSTM+Attention,test,77.508675_12.903714,2024-11-01,0.50808185,0.52240026
BiLSTM+Attention,test,77.508675_12.912697,2024-11-01,0.5463454,0.56520575
BiLSTM+Attention,test,77.508675_12.917189,2024-11-01,0.61143875,0.6295887
BiLSTM+Attention,test,77.508675_13.114818,2024-11-01,0.4567737,0.45895797
BiLSTM+Attention,test,77.508675_13.137276,2024-11-01,0.5149692,0.5198965
BiLSTM+Attention,test,77.508675_13.159734,2024-11-01,0.6400975,0.657273
BiLSTM+Attention,test,77.508675_13.191175,2024-11-01,0.5319986,0.5274691
BiLSTM+Attention,test,77.513166_12.746509,2024-11-01,0.76525855,0.7906132
BiLSTM+Attention,test,77.513166_12.764475,2024-11-01,0.63151693,0.6424144
BiLSTM+Attention,test,77.513166_12.77795,2024-11-01,0.7246118,0.7511899
BiLSTM+Attention,test,77.513166_12.822866,2024-11-01,0.66148126,0.68321055
BiLSTM+Attention,test,77.513166_12.908206,2024-11-01,0.50758874,0.5271226
BiLSTM+Attention,test,77.513166_13.087869,2024-11-01,0.56716746,0.5793656
BiLSTM+Attention,test,77.513166_13.096852,2024-11-01,0.6310332,0.6569439
BiLSTM+Attention,test,77.513166_13.137276,2024-11-01,0.47938052,0.47723526
BiLSTM+Attention,test,77.513166_13.1777,2024-11-01,0.5575735,0.5588999
BiLSTM+Attention,test,77.517658_12.764475,2024-11-01,0.67739975,0.69979054
BiLSTM+Attention,test,77.517658_12.77795,2024-11-01,0.6999813,0.7198478
BiLSTM+Attention,test,77.517658_12.782442,2024-11-01,0.6988175,0.7276492
BiLSTM+Attention,test,77.517658_12.795916,2024-11-01,0.6611988,0.67822886
BiLSTM+Attention,test,77.517658_12.827358,2024-11-01,0.58878595,0.60414636
BiLSTM+Attention,test,77.517658_12.849815,2024-11-01,0.5836959,0.6004452
BiLSTM+Attention,test,77.517658_12.885748,2024-11-01,0.5795306,0.6070489
BiLSTM+Attention,test,77.517658_12.89024,2024-11-01,0.5710485,0.58949924
BiLSTM+Attention,test,77.517658_12.899223,2024-11-01,0.5637627,0.58772016
BiLSTM+Attention,test,77.517658_12.998037,2024-11-01,0.58262813,0.59784377
BiLSTM+Attention,test,77.517658_13.11931,2024-11-01,0.42385617,0.4230532
BiLSTM+Attention,test,77.517658_13.182192,2024-11-01,0.56102085,0.5623197
BiLSTM+Attention,test,77.517658_13.186684,2024-11-01,0.56989604,0.5782832
BiLSTM+Attention,test,77.517658_13.191175,2024-11-01,0.5135376,0.5091351
BiLSTM+Attention,test,77.522149_12.751001,2024-11-01,0.7098562,0.7468017
BiLSTM+Attention,test,77.522149_12.755492,2024-11-01,0.6859041,0.71541655
BiLSTM+Attention,test,77.522149_12.759984,2024-11-01,0.71874547,0.74681747
BiLSTM+Attention,test,77.522149_12.782442,2024-11-01,0.71307874,0.74575746
BiLSTM+Attention,test,77.522149_12.809391,2024-11-01,0.775899,0.8035896
BiLSTM+Attention,test,77.522149_12.813883,2024-11-01,0.59065884,0.6002096
BiLSTM+Attention,test,77.522149_12.818374,2024-11-01,0.5674844,0.5805439
BiLSTM+Attention,test,77.522149_12.836341,2024-11-01,0.57877666,0.5945708
BiLSTM+Attention,test,77.522149_12.845324,2024-11-01,0.59467834,0.61398566
BiLSTM+Attention,test,77.522149_13.056428,2024-11-01,0.5932239,0.6073867
BiLSTM+Attention,test,77.522149_13.078886,2024-11-01,0.5678154,0.5832022
BiLSTM+Attention,test,77.522149_13.146259,2024-11-01,0.4431384,0.43931258
BiLSTM+Attention,test,77.522149_13.200158,2024-11-01,0.5512662,0.5587464
BiLSTM+Attention,test,77.526641_12.751001,2024-11-01,0.72185564,0.7571658
BiLSTM+Attention,test,77.526641_12.840832,2024-11-01,0.64906037,0.6659491
BiLSTM+Attention,test,77.526641_12.89024,2024-11-01,0.6154504,0.6494861
BiLSTM+Attention,test,77.526641_12.899223,2024-11-01,0.5870918,0.60971606
BiLSTM+Attention,test,77.526641_13.078886,2024-11-01,0.5816823,0.5967885
BiLSTM+Attention,test,77.526641_13.105835,2024-11-01,0.43557587,0.43636906
BiLSTM+Attention,test,77.526641_13.110327,2024-11-01,0.43150622,0.4328938
BiLSTM+Attention,test,77.531133_12.791425,2024-11-01,0.616266,0.6302384
BiLSTM+Attention,test,77.531133_12.795916,2024-11-01,0.6556977,0.6712548
BiLSTM+Attention,test,77.531133_12.800408,2024-11-01,0.6314001,0.64195055
BiLSTM+Attention,test,77.531133_12.822866,2024-11-01,0.59628713,0.611132
BiLSTM+Attention,test,77.531133_12.827358,2024-11-01,0.6091027,0.6255417
BiLSTM+Attention,test,77.531133_12.894731,2024-11-01,0.5393759,0.5633786
BiLSTM+Attention,test,77.531133_13.083377,2024-11-01,0.55027235,0.55668664
BiLSTM+Attention,test,77.531133_13.114818,2024-11-01,0.4432083,0.4454816
BiLSTM+Attention,test,77.531133_13.195667,2024-11-01,0.56454253,0.57634264
BiLSTM+Attention,test,77.535624_12.77795,2024-11-01,0.7597506,0.7964718
BiLSTM+Attention,test,77.535624_12.822866,2024-11-01,0.6992595,0.7287612
BiLSTM+Attention,test,77.535624_12.872273,2024-11-01,0.50423956,0.52227443
BiLSTM+Attention,test,77.535624_12.899223,2024-11-01,0.52033913,0.54042166
BiLSTM+Attention,test,77.535624_13.069903,2024-11-01,0.6540562,0.67741233
BiLSTM+Attention,test,77.535624_13.083377,2024-11-01,0.5428832,0.5453692
BiLSTM+Attention,test,77.535624_13.096852,2024-11-01,0.48374587,0.48652005
BiLSTM+Attention,test,77.535624_13.114818,2024-11-01,0.46889704,0.4749573
BiLSTM+Attention,test,77.535624_13.132785,2024-11-01,0.49414295,0.49699014
BiLSTM+Attention,test,77.535624_13.137276,2024-11-01,0.43640408,0.43667644
BiLSTM+Attention,test,77.535624_13.195667,2024-11-01,0.50663203,0.506712
BiLSTM+Attention,test,77.540116_12.77795,2024-11-01,0.65940773,0.6841205
BiLSTM+Attention,test,77.540116_12.795916,2024-11-01,0.6757415,0.7040556
BiLSTM+Attention,test,77.540116_13.042953,2024-11-01,0.58308935,0.5953452
BiLSTM+Attention,test,77.540116_13.074394,2024-11-01,0.60129064,0.6128952
BiLSTM+Attention,test,77.540116_13.092361,2024-11-01,0.44174096,0.45086825
BiLSTM+Attention,test,77.540116_13.101344,2024-11-01,0.47164217,0.47138315
BiLSTM+Attention,test,77.540116_13.105835,2024-11-01,0.48009148,0.48854977
BiLSTM+Attention,test,77.540116_13.114818,2024-11-01,0.44098172,0.45068145
BiLSTM+Attention,test,77.540116_13.132785,2024-11-01,0.47936463,0.4824512
BiLSTM+Attention,test,77.540116_13.155243,2024-11-01,0.50560945,0.5185601
BiLSTM+Attention,test,77.540116_13.182192,2024-11-01,0.4719145,0.47797316
BiLSTM+Attention,test,77.544607_12.831849,2024-11-01,0.7569778,0.7972392
BiLSTM+Attention,test,77.544607_13.218125,2024-11-01,0.5568376,0.5646479
BiLSTM+Attention,test,77.549099_12.822866,2024-11-01,0.7771753,0.80598205
BiLSTM+Attention,test,77.549099_12.831849,2024-11-01,0.6901707,0.7168997
BiLSTM+Attention,test,77.549099_12.836341,2024-11-01,0.6623862,0.6874906
BiLSTM+Attention,test,77.549099_12.845324,2024-11-01,0.6449843,0.67104226
BiLSTM+Attention,test,77.549099_12.867782,2024-11-01,0.5694577,0.5949695
BiLSTM+Attention,test,77.549099_12.876765,2024-11-01,0.5354101,0.559169
BiLSTM+Attention,test,77.549099_12.894731,2024-11-01,0.61532676,0.64709777
BiLSTM+Attention,test,77.549099_13.096852,2024-11-01,0.5085408,0.5152409
BiLSTM+Attention,test,77.549099_13.132785,2024-11-01,0.6106909,0.62643105
BiLSTM+Attention,test,77.55359_12.71956,2024-11-01,0.7968379,0.8345548
BiLSTM+Attention,test,77.55359_12.782442,2024-11-01,0.73072946,0.75883174
BiLSTM+Attention,test,77.55359_12.849815,2024-11-01,0.63933176,0.660433
BiLSTM+Attention,test,77.55359_12.872273,2024-11-01,0.526562,0.5581712
BiLSTM+Attention,test,77.55359_13.069903,2024-11-01,0.7195173,0.74688244
BiLSTM+Attention,test,77.55359_13.101344,2024-11-01,0.46415776,0.46784502
BiLSTM+Attention,test,77.55359_13.110327,2024-11-01,0.5178801,0.5303449
BiLSTM+Attention,test,77.55359_13.128293,2024-11-01,0.5895756,0.61049724
BiLSTM+Attention,test,77.55359_13.168717,2024-11-01,0.5166983,0.53008837
BiLSTM+Attention,test,77.55359_13.173209,2024-11-01,0.4399239,0.44531518
BiLSTM+Attention,test,77.558082_12.710577,2024-11-01,0.8248258,0.8626598
BiLSTM+Attention,test,77.558082_12.827358,2024-11-01,0.70773816,0.7366076
BiLSTM+Attention,test,77.558082_12.845324,2024-11-01,0.68627435,0.71069396
BiLSTM+Attention,test,77.558082_13.042953,2024-11-01,0.6607382,0.67974967
BiLSTM+Attention,test,77.558082_13.051936,2024-11-01,0.6909476,0.71880865
BiLSTM+Attention,test,77.558082_13.110327,2024-11-01,0.5260815,0.5388986
BiLSTM+Attention,test,77.558082_13.168717,2024-11-01,0.53038716,0.54620564
BiLSTM+Attention,test,77.558082_13.1777,2024-11-01,0.5120288,0.5171251
BiLSTM+Attention,test,77.562574_12.71956,2024-11-01,0.7990868,0.83948964
BiLSTM+Attention,test,77.562574_12.827358,2024-11-01,0.71512735,0.7313933
BiLSTM+Attention,test,77.562574_12.858799,2024-11-01,0.53592247,0.556924
BiLSTM+Attention,test,77.562574_12.872273,2024-11-01,0.618207,0.6421364
BiLSTM+Attention,test,77.562574_12.876765,2024-11-01,0.64103484,0.66575336
BiLSTM+Attention,test,77.562574_13.141768,2024-11-01,0.504447,0.51259667
BiLSTM+Attention,test,77.562574_13.159734,2024-11-01,0.532891,0.5425334
BiLSTM+Attention,test,77.562574_13.173209,2024-11-01,0.5395506,0.5509527
BiLSTM+Attention,test,77.567065_12.724051,2024-11-01,0.7478018,0.77396834
BiLSTM+Attention,test,77.567065_12.813883,2024-11-01,0.70723045,0.72400504
BiLSTM+Attention,test,77.567065_12.849815,2024-11-01,0.68225276,0.70404685
BiLSTM+Attention,test,77.567065_13.105835,2024-11-01,0.58865,0.6032883
BiLSTM+Attention,test,77.567065_13.114818,2024-11-01,0.6340989,0.66088736
BiLSTM+Attention,test,77.567065_13.182192,2024-11-01,0.5360972,0.5546385
BiLSTM+Attention,test,77.571557_12.71956,2024-11-01,0.78201365,0.8143188
BiLSTM+Attention,test,77.571557_12.800408,2024-11-01,0.70514715,0.72081697
BiLSTM+Attention,test,77.571557_12.813883,2024-11-01,0.77628267,0.799608
BiLSTM+Attention,test,77.571557_12.849815,2024-11-01,0.686044,0.7074668
BiLSTM+Attention,test,77.571557_13.141768,2024-11-01,0.5086131,0.5164225
BiLSTM+Attention,test,77.571557_13.146259,2024-11-01,0.511988,0.51779085
BiLSTM+Attention,test,77.576048_12.71956,2024-11-01,0.7482268,0.78017974
BiLSTM+Attention,test,77.576048_12.728543,2024-11-01,0.7459725,0.762009
BiLSTM+Attention,test,77.576048_12.742018,2024-11-01,0.7432387,0.77354103
BiLSTM+Attention,test,77.576048_12.813883,2024-11-01,0.7958635,0.8062816
BiLSTM+Attention,test,77.576048_12.827358,2024-11-01,0.6717815,0.69096357
BiLSTM+Attention,test,77.58054_12.800408,2024-11-01,0.74434704,0.7763477
BiLSTM+Attention,test,77.58054_12.845324,2024-11-01,0.688404,0.70993763
BiLSTM+Attention,test,77.58054_13.083377,2024-11-01,0.5534198,0.5673244
BiLSTM+Attention,test,77.58054_13.087869,2024-11-01,0.52741575,0.53936404
BiLSTM+Attention,test,77.585031_12.849815,2024-11-01,0.6858479,0.7084964
BiLSTM+Attention,test,77.585031_13.042953,2024-11-01,0.68919426,0.7131964
BiLSTM+Attention,test,77.585031_13.137276,2024-11-01,0.5156629,0.5241947
BiLSTM+Attention,test,77.589523_12.71956,2024-11-01,0.8550996,0.87903017
BiLSTM+Attention,test,77.589523_12.746509,2024-11-01,0.7443046,0.77686375
BiLSTM+Attention,test,77.589523_12.854307,2024-11-01,0.63353544,0.6624344
BiLSTM+Attention,test,77.589523_12.971088,2024-11-01,0.7512156,0.77562284
BiLSTM+Attention,test,77.589523_13.083377,2024-11-01,0.6372204,0.65901834
BiLSTM+Attention,test,77.589523_13.150751,2024-11-01,0.52114123,0.5254156
BiLSTM+Attention,test,77.594015_12.724051,2024-11-01,0.83391875,0.85729814
BiLSTM+Attention,test,77.594015_12.733034,2024-11-01,0.8046302,0.8320203
BiLSTM+Attention,test,77.594015_12.755492,2024-11-01,0.7065688,0.7317111
BiLSTM+Attention,test,77.594015_12.831849,2024-11-01,0.64833736,0.673291
BiLSTM+Attention,test,77.594015_12.836341,2024-11-01,0.6679873,0.6966824
BiLSTM+Attention,test,77.594015_12.840832,2024-11-01,0.6685117,0.6958339
BiLSTM+Attention,test,77.594015_12.849815,2024-11-01,0.65935117,0.69086784
BiLSTM+Attention,test,77.594015_12.998037,2024-11-01,0.74507767,0.7728675
BiLSTM+Attention,test,77.594015_13.087869,2024-11-01,0.6218941,0.64977014
BiLSTM+Attention,test,77.598506_12.665661,2024-11-01,0.8346707,0.8728005
BiLSTM+Attention,test,77.598506_12.710577,2024-11-01,0.7627698,0.779683
BiLSTM+Attention,test,77.598506_12.822866,2024-11-01,0.67316574,0.701023
BiLSTM+Attention,test,77.598506_12.849815,2024-11-01,0.6993191,0.7332494
BiLSTM+Attention,test,77.598506_13.083377,2024-11-01,0.6149092,0.64062107
BiLSTM+Attention,test,77.598506_13.128293,2024-11-01,0.57710963,0.5935674
BiLSTM+Attention,test,77.598506_13.141768,2024-11-01,0.49088943,0.50050455
BiLSTM+Attention,test,77.598506_13.146259,2024-11-01,0.47085327,0.4763161
BiLSTM+Attention,test,77.602998_12.710577,2024-11-01,0.79964995,0.8308365
BiLSTM+Attention,test,77.602998_12.827358,2024-11-01,0.58893615,0.6103884
BiLSTM+Attention,test,77.602998_12.849815,2024-11-01,0.59914154,0.6197942
BiLSTM+Attention,test,77.602998_12.858799,2024-11-01,0.6079248,0.63238597
BiLSTM+Attention,test,77.602998_13.114818,2024-11-01,0.6047092,0.6212763
BiLSTM+Attention,test,77.602998_13.11931,2024-11-01,0.59845454,0.6203874
BiLSTM+Attention,test,77.602998_13.128293,2024-11-01,0.5453508,0.5593169
BiLSTM+Attention,test,77.602998_13.164226,2024-11-01,0.5050073,0.5130768
BiLSTM+Attention,test,77.607489_12.768967,2024-11-01,0.66618866,0.6810669
BiLSTM+Attention,test,77.607489_12.773459,2024-11-01,0.63971895,0.6553704
BiLSTM+Attention,test,77.607489_12.791425,2024-11-01,0.6277766,0.64312637
BiLSTM+Attention,test,77.607489_12.809391,2024-11-01,0.7143174,0.75162363
BiLSTM+Attention,test,77.607489_12.818374,2024-11-01,0.7393786,0.7725737
BiLSTM+Attention,test,77.607489_13.087869,2024-11-01,0.7133798,0.7440068
BiLSTM+Attention,test,77.611981_12.674644,2024-11-01,0.83136654,0.85091066
BiLSTM+Attention,test,77.611981_12.768967,2024-11-01,0.6225016,0.638913
BiLSTM+Attention,test,77.611981_12.831849,2024-11-01,0.62727135,0.6451899
BiLSTM+Attention,test,77.611981_12.867782,2024-11-01,0.58192366,0.6009027
BiLSTM+Attention,test,77.611981_12.953122,2024-11-01,0.7564967,0.7794605
BiLSTM+Attention,test,77.611981_13.105835,2024-11-01,0.57845956,0.5981025
BiLSTM+Attention,test,77.611981_13.168717,2024-11-01,0.48289856,0.483508
BiLSTM+Attention,test,77.611981_13.182192,2024-11-01,0.45588955,0.45065248
BiLSTM+Attention,test,77.616473_12.831849,2024-11-01,0.6685477,0.68818426
BiLSTM+Attention,test,77.616473_12.858799,2024-11-01,0.59300184,0.60932845
BiLSTM+Attention,test,77.616473_13.114818,2024-11-01,0.6050013,0.623381
BiLSTM+Attention,test,77.616473_13.141768,2024-11-01,0.5309423,0.5322836
BiLSTM+Attention,test,77.616473_13.1777,2024-11-01,0.44882265,0.44687474
BiLSTM+Attention,test,77.620964_12.674644,2024-11-01,0.8383686,0.8717464
BiLSTM+Attention,test,77.620964_12.795916,2024-11-01,0.57642496,0.58784366
BiLSTM+Attention,test,77.620964_12.813883,2024-11-01,0.56769395,0.57876146
BiLSTM+Attention,test,77.620964_12.845324,2024-11-01,0.70430446,0.7233449
BiLSTM+Attention,test,77.620964_12.858799,2024-11-01,0.5742367,0.5908938
BiLSTM+Attention,test,77.620964_13.132785,2024-11-01,0.5825112,0.59353864
BiLSTM+Attention,test,77.625456_12.782442,2024-11-01,0.6055199,0.62400705
BiLSTM+Attention,test,77.625456_12.858799,2024-11-01,0.5397299,0.55358076
BiLSTM+Attention,test,77.625456_13.065411,2024-11-01,0.4800294,0.48337817
BiLSTM+Attention,test,77.625456_13.128293,2024-11-01,0.58624524,0.5968226
BiLSTM+Attention,test,77.625456_13.137276,2024-11-01,0.5209348,0.5209469
BiLSTM+Attention,test,77.625456_13.155243,2024-11-01,0.6408962,0.668174
BiLSTM+Attention,test,77.625456_13.182192,2024-11-01,0.48330542,0.4849897
BiLSTM+Attention,test,77.629947_12.795916,2024-11-01,0.7850023,0.8205231
BiLSTM+Attention,test,77.629947_12.809391,2024-11-01,0.59008026,0.6054853
BiLSTM+Attention,test,77.629947_12.836341,2024-11-01,0.64431065,0.6588766
BiLSTM+Attention,test,77.629947_12.854307,2024-11-01,0.59339875,0.6088005
BiLSTM+Attention,test,77.629947_12.858799,2024-11-01,0.5618009,0.5783351
BiLSTM+Attention,test,77.629947_13.06092,2024-11-01,0.5032718,0.5143563
BiLSTM+Attention,test,77.629947_13.087869,2024-11-01,0.5035743,0.5072593
BiLSTM+Attention,test,77.629947_13.1777,2024-11-01,0.5106041,0.5091705
BiLSTM+Attention,test,77.634439_12.679136,2024-11-01,0.78315973,0.7968158
BiLSTM+Attention,test,77.634439_12.701593,2024-11-01,0.7296907,0.7564785
BiLSTM+Attention,test,77.634439_12.733034,2024-11-01,0.5808726,0.5961274
BiLSTM+Attention,test,77.634439_12.746509,2024-11-01,0.6147962,0.62607884
BiLSTM+Attention,test,77.634439_12.751001,2024-11-01,0.6108635,0.6199581
BiLSTM+Attention,test,77.634439_12.849815,2024-11-01,0.59888524,0.6178554
BiLSTM+Attention,test,77.634439_13.047445,2024-11-01,0.5637274,0.58211714
BiLSTM+Attention,test,77.634439_13.083377,2024-11-01,0.46581402,0.47416073
BiLSTM+Attention,test,77.634439_13.137276,2024-11-01,0.4793139,0.47638863
BiLSTM+Attention,test,77.63893_12.688119,2024-11-01,0.72265613,0.737613
BiLSTM+Attention,test,77.63893_12.742018,2024-11-01,0.6302457,0.64395154
BiLSTM+Attention,test,77.63893_12.791425,2024-11-01,0.6233568,0.6463005
BiLSTM+Attention,test,77.63893_12.800408,2024-11-01,0.57714194,0.5924273
BiLSTM+Attention,test,77.63893_12.818374,2024-11-01,0.59241486,0.6069038
BiLSTM+Attention,test,77.63893_12.840832,2024-11-01,0.67061114,0.7016462
BiLSTM+Attention,test,77.63893_12.872273,2024-11-01,0.5145059,0.52774066
BiLSTM+Attention,test,77.63893_12.917189,2024-11-01,0.7545357,0.77864367
BiLSTM+Attention,test,77.63893_12.989054,2024-11-01,0.66506547,0.701385
BiLSTM+Attention,test,77.63893_13.056428,2024-11-01,0.5245262,0.5467026
BiLSTM+Attention,test,77.63893_13.078886,2024-11-01,0.4712976,0.47822928
BiLSTM+Attention,test,77.63893_13.083377,2024-11-01,0.4600799,0.46636158
BiLSTM+Attention,test,77.63893_13.1777,2024-11-01,0.49202392,0.4860627
BiLSTM+Attention,test,77.643422_12.795916,2024-11-01,0.5996476,0.6078656
BiLSTM+Attention,test,77.643422_12.800408,2024-11-01,0.5820681,0.5967212
BiLSTM+Attention,test,77.643422_12.809391,2024-11-01,0.60937744,0.628375
BiLSTM+Attention,test,77.643422_12.867782,2024-11-01,0.55278456,0.5691215
BiLSTM+Attention,test,77.643422_13.002529,2024-11-01,0.5904744,0.61804986
BiLSTM+Attention,test,77.643422_13.038462,2024-11-01,0.58746105,0.6090846
BiLSTM+Attention,test,77.643422_13.164226,2024-11-01,0.59825665,0.60374904
BiLSTM+Attention,test,77.647914_12.688119,2024-11-01,0.76156765,0.7668068
BiLSTM+Attention,test,77.647914_12.733034,2024-11-01,0.61352223,0.6256013
BiLSTM+Attention,test,77.647914_12.881256,2024-11-01,0.5675659,0.58295083
BiLSTM+Attention,test,77.647914_12.935155,2024-11-01,0.70134145,0.72380835
BiLSTM+Attention,test,77.647914_13.141768,2024-11-01,0.6293246,0.6535283
BiLSTM+Attention,test,77.647914_13.168717,2024-11-01,0.6682696,0.68748564
BiLSTM+Attention,test,77.652405_12.697102,2024-11-01,0.7264653,0.74616385
BiLSTM+Attention,test,77.652405_12.773459,2024-11-01,0.58593476,0.60145843
BiLSTM+Attention,test,77.652405_12.795916,2024-11-01,0.56081116,0.5726281
BiLSTM+Attention,test,77.652405_12.8049,2024-11-01,0.6164139,0.63872135
BiLSTM+Attention,test,77.652405_12.858799,2024-11-01,0.70436364,0.74668366
BiLSTM+Attention,test,77.652405_12.926172,2024-11-01,0.6906499,0.7146538
BiLSTM+Attention,test,77.652405_13.002529,2024-11-01,0.579074,0.5957272
BiLSTM+Attention,test,77.656897_12.742018,2024-11-01,0.6408609,0.6522474
BiLSTM+Attention,test,77.656897_12.746509,2024-11-01,0.62082475,0.6326934
BiLSTM+Attention,test,77.656897_12.768967,2024-11-01,0.63696027,0.6605974
BiLSTM+Attention,test,77.656897_12.791425,2024-11-01,0.57908666,0.5953936
BiLSTM+Attention,test,77.656897_12.800408,2024-11-01,0.63153726,0.65382475
BiLSTM+Attention,test,77.656897_12.831849,2024-11-01,0.6325587,0.65374595
BiLSTM+Attention,test,77.656897_12.849815,2024-11-01,0.52508974,0.5513152
BiLSTM+Attention,test,77.656897_12.939647,2024-11-01,0.63611,0.65592086
BiLSTM+Attention,test,77.656897_13.101344,2024-11-01,0.49088737,0.5033167
BiLSTM+Attention,test,77.656897_13.164226,2024-11-01,0.5007832,0.50322187
BiLSTM+Attention,test,77.656897_13.173209,2024-11-01,0.47260314,0.4659406
BiLSTM+Attention,test,77.661388_12.737526,2024-11-01,0.64369464,0.6559941
BiLSTM+Attention,test,77.661388_12.759984,2024-11-01,0.6507826,0.670794
BiLSTM+Attention,test,77.661388_13.056428,2024-11-01,0.54520166,0.5572683
BiLSTM+Attention,test,77.661388_13.074394,2024-11-01,0.5463611,0.5602864
BiLSTM+Attention,test,77.661388_13.087869,2024-11-01,0.49886665,0.50274163
BiLSTM+Attention,test,77.661388_13.101344,2024-11-01,0.48676202,0.4974476
BiLSTM+Attention,test,77.661388_13.110327,2024-11-01,0.5469059,0.57025725
BiLSTM+Attention,test,77.661388_13.11931,2024-11-01,0.6003155,0.6194611
BiLSTM+Attention,test,77.66588_12.679136,2024-11-01,0.71515286,0.72099775
BiLSTM+Attention,test,77.66588_12.697102,2024-11-01,0.68054736,0.68769145
BiLSTM+Attention,test,77.66588_12.715068,2024-11-01,0.65716404,0.6769375
BiLSTM+Attention,test,77.66588_12.724051,2024-11-01,0.64712614,0.6710646
BiLSTM+Attention,test,77.66588_12.751001,2024-11-01,0.61079484,0.6237808
BiLSTM+Attention,test,77.66588_12.755492,2024-11-01,0.65433854,0.67475975
BiLSTM+Attention,test,77.66588_12.764475,2024-11-01,0.63254136,0.65335166
BiLSTM+Attention,test,77.66588_12.768967,2024-11-01,0.7609862,0.794033
BiLSTM+Attention,test,77.66588_12.791425,2024-11-01,0.66789395,0.6899414
BiLSTM+Attention,test,77.66588_12.953122,2024-11-01,0.65709454,0.6736634
BiLSTM+Attention,test,77.66588_13.038462,2024-11-01,0.55694455,0.56757164
BiLSTM+Attention,test,77.66588_13.051936,2024-11-01,0.58282465,0.5979712
BiLSTM+Attention,test,77.66588_13.173209,2024-11-01,0.47931087,0.46745384
BiLSTM+Attention,test,77.670371_12.71956,2024-11-01,0.6502448,0.6700161
BiLSTM+Attention,test,77.670371_12.86329,2024-11-01,0.5591812,0.5873684
BiLSTM+Attention,test,77.670371_12.881256,2024-11-01,0.55007863,0.5697414
BiLSTM+Attention,test,77.670371_12.894731,2024-11-01,0.4973787,0.51673824
BiLSTM+Attention,test,77.670371_13.069903,2024-11-01,0.48653805,0.48756307
BiLSTM+Attention,test,77.670371_13.083377,2024-11-01,0.44745874,0.45127797
BiLSTM+Attention,test,77.670371_13.092361,2024-11-01,0.45079887,0.44992
BiLSTM+Attention,test,77.670371_13.128293,2024-11-01,0.53080845,0.54842764
BiLSTM+Attention,test,77.674863_12.674644,2024-11-01,0.7530753,0.77631634
BiLSTM+Attention,test,77.674863_12.71956,2024-11-01,0.6594036,0.6752569
BiLSTM+Attention,test,77.674863_12.755492,2024-11-01,0.5984624,0.61356616
BiLSTM+Attention,test,77.674863_12.764475,2024-11-01,0.6130451,0.626533
BiLSTM+Attention,test,77.674863_12.786933,2024-11-01,0.6422318,0.6528533
BiLSTM+Attention,test,77.674863_12.836341,2024-11-01,0.58183485,0.61019075
BiLSTM+Attention,test,77.674863_12.867782,2024-11-01,0.7335685,0.76838434
BiLSTM+Attention,test,77.674863_13.051936,2024-11-01,0.5916595,0.6088849
BiLSTM+Attention,test,77.674863_13.069903,2024-11-01,0.46857023,0.46665376
BiLSTM+Attention,test,77.674863_13.092361,2024-11-01,0.4705754,0.4765585
BiLSTM+Attention,test,77.674863_13.105835,2024-11-01,0.52377504,0.539804
BiLSTM+Attention,test,77.679355_12.697102,2024-11-01,0.6261027,0.6335126
BiLSTM+Attention,test,77.679355_12.746509,2024-11-01,0.7102254,0.730738
BiLSTM+Attention,test,77.679355_12.881256,2024-11-01,0.57594883,0.59928054
BiLSTM+Attention,test,77.679355_12.89024,2024-11-01,0.5889318,0.61187345
BiLSTM+Attention,test,77.679355_12.899223,2024-11-01,0.51030976,0.5301092
BiLSTM+Attention,test,77.679355_13.047445,2024-11-01,0.7689564,0.7980874
BiLSTM+Attention,test,77.679355_13.056428,2024-11-01,0.56345963,0.581324
BiLSTM+Attention,test,77.679355_13.074394,2024-11-01,0.4873366,0.49823588
BiLSTM+Attention,test,77.679355_13.101344,2024-11-01,0.4886282,0.5073018
BiLSTM+Attention,test,77.679355_13.141768,2024-11-01,0.5212137,0.53609645
BiLSTM+Attention,test,77.679355_13.155243,2024-11-01,0.4491007,0.44832915
BiLSTM+Attention,test,77.679355_13.159734,2024-11-01,0.47348106,0.47693568
BiLSTM+Attention,test,77.683846_12.728543,2024-11-01,0.64078844,0.6555282
BiLSTM+Attention,test,77.683846_12.742018,2024-11-01,0.5764541,0.5949157
BiLSTM+Attention,test,77.683846_12.755492,2024-11-01,0.75248694,0.78928477
BiLSTM+Attention,test,77.683846_12.795916,2024-11-01,0.6205806,0.6359995
BiLSTM+Attention,test,77.683846_12.8049,2024-11-01,0.5794827,0.6004451
BiLSTM+Attention,test,77.683846_12.836341,2024-11-01,0.6261248,0.6562455
BiLSTM+Attention,test,77.683846_12.840832,2024-11-01,0.6344833,0.66292804
BiLSTM+Attention,test,77.683846_12.894731,2024-11-01,0.6026374,0.6201594
BiLSTM+Attention,test,77.683846_12.917189,2024-11-01,0.51463985,0.5271223
BiLSTM+Attention,test,77.683846_12.939647,2024-11-01,0.7509953,0.7835279
BiLSTM+Attention,test,77.683846_13.029478,2024-11-01,0.44282398,0.44037992
BiLSTM+Attention,test,77.683846_13.06092,2024-11-01,0.53631884,0.54270256
BiLSTM+Attention,test,77.683846_13.074394,2024-11-01,0.45488867,0.45551914
BiLSTM+Attention,test,77.683846_13.11931,2024-11-01,0.43269137,0.4433334
BiLSTM+Attention,test,77.683846_13.123802,2024-11-01,0.4810376,0.49665517
BiLSTM+Attention,test,77.688338_12.656678,2024-11-01,0.7637977,0.79504275
BiLSTM+Attention,test,77.688338_12.69261,2024-11-01,0.806524,0.83906
BiLSTM+Attention,test,77.688338_12.697102,2024-11-01,0.8118947,0.83667237
BiLSTM+Attention,test,77.688338_12.710577,2024-11-01,0.80922955,0.83989686
BiLSTM+Attention,test,77.688338_12.751001,2024-11-01,0.65249294,0.66890484
BiLSTM+Attention,test,77.688338_12.755492,2024-11-01,0.6249471,0.6398719
BiLSTM+Attention,test,77.688338_12.876765,2024-11-01,0.79179007,0.8261829
BiLSTM+Attention,test,77.688338_12.885748,2024-11-01,0.61489004,0.6344733
BiLSTM+Attention,test,77.688338_12.966596,2024-11-01,0.62833685,0.6572595
BiLSTM+Attention,test,77.692829_12.746509,2024-11-01,0.55349535,0.57381517
BiLSTM+Attention,test,77.692829_12.800408,2024-11-01,0.5826594,0.6023445
BiLSTM+Attention,test,77.692829_12.845324,2024-11-01,0.643794,0.6770698
BiLSTM+Attention,test,77.692829_12.885748,2024-11-01,0.64051396,0.6546629
BiLSTM+Attention,test,77.692829_12.899223,2024-11-01,0.5656298,0.58514774
BiLSTM+Attention,test,77.692829_13.047445,2024-11-01,0.7418324,0.77733916
BiLSTM+Attention,test,77.692829_13.06092,2024-11-01,0.631391,0.650077
BiLSTM+Attention,test,77.692829_13.065411,2024-11-01,0.5846586,0.6007373
BiLSTM+Attention,test,77.692829_13.083377,2024-11-01,0.45175144,0.45348698
BiLSTM+Attention,test,77.692829_13.096852,2024-11-01,0.4335991,0.43585837
BiLSTM+Attention,test,77.692829_13.132785,2024-11-01,0.4109568,0.42110062
BiLSTM+Attention,test,77.692829_13.155243,2024-11-01,0.45023137,0.44996482
BiLSTM+Attention,test,77.697321_12.697102,2024-11-01,0.81469715,0.84586114
BiLSTM+Attention,test,77.697321_12.751001,2024-11-01,0.6172112,0.6335491
BiLSTM+Attention,test,77.697321_12.773459,2024-11-01,0.5845165,0.5964779
BiLSTM+Attention,test,77.697321_12.791425,2024-11-01,0.66758114,0.6896832
BiLSTM+Attention,test,77.697321_12.885748,2024-11-01,0.64394635,0.66048706
BiLSTM+Attention,test,77.697321_12.894731,2024-11-01,0.5810625,0.5992583
BiLSTM+Attention,test,77.697321_12.930664,2024-11-01,0.5990463,0.61851907
BiLSTM+Attention,test,77.697321_12.966596,2024-11-01,0.6036171,0.6239311
BiLSTM+Attention,test,77.697321_13.132785,2024-11-01,0.4109568,0.42289573
BiLSTM+Attention,test,77.697321_13.150751,2024-11-01,0.4659619,0.47233945
BiLSTM+Attention,test,77.697321_13.1777,2024-11-01,0.5596292,0.58179784
BiLSTM+Attention,test,77.701812_12.742018,2024-11-01,0.620827,0.62824535
BiLSTM+Attention,test,77.701812_12.77795,2024-11-01,0.58719814,0.59638816
BiLSTM+Attention,test,77.701812_12.8049,2024-11-01,0.6577892,0.674193
BiLSTM+Attention,test,77.701812_12.822866,2024-11-01,0.624306,0.6419389
BiLSTM+Attention,test,77.701812_12.872273,2024-11-01,0.5794376,0.5915001
BiLSTM+Attention,test,77.701812_12.984563,2024-11-01,0.5387894,0.55477077
BiLSTM+Attention,test,77.701812_13.03397,2024-11-01,0.5074894,0.510806
BiLSTM+Attention,test,77.701812_13.114818,2024-11-01,0.49868894,0.50953937
BiLSTM+Attention,test,77.701812_13.164226,2024-11-01,0.49511236,0.5025869
BiLSTM+Attention,test,77.706304_12.746509,2024-11-01,0.6340503,0.6454121
BiLSTM+Attention,test,77.706304_12.751001,2024-11-01,0.6407851,0.6587742
BiLSTM+Attention,test,77.706304_12.759984,2024-11-01,0.5575802,0.5659259
BiLSTM+Attention,test,77.706304_12.764475,2024-11-01,0.5950396,0.60484886
BiLSTM+Attention,test,77.706304_12.86329,2024-11-01,0.53127676,0.54457736
BiLSTM+Attention,test,77.706304_12.984563,2024-11-01,0.5461065,0.5619727
BiLSTM+Attention,test,77.706304_13.038462,2024-11-01,0.51420355,0.5183721
BiLSTM+Attention,test,77.706304_13.042953,2024-11-01,0.56571525,0.57293785
BiLSTM+Attention,test,77.706304_13.137276,2024-11-01,0.6617358,0.7016424
BiLSTM+Attention,test,77.710796_12.715068,2024-11-01,0.691679,0.7159606
BiLSTM+Attention,test,77.710796_12.894731,2024-11-01,0.6618006,0.6854596
BiLSTM+Attention,test,77.710796_12.899223,2024-11-01,0.6109235,0.6296131
BiLSTM+Attention,test,77.710796_12.912697,2024-11-01,0.54438925,0.55947256
BiLSTM+Attention,test,77.710796_13.03397,2024-11-01,0.4990897,0.5047075
BiLSTM+Attention,test,77.710796_13.11931,2024-11-01,0.46954215,0.4773535
BiLSTM+Attention,test,77.710796_13.123802,2024-11-01,0.4389346,0.4438225
BiLSTM+Attention,test,77.710796_13.132785,2024-11-01,0.46686918,0.47753102
BiLSTM+Attention,test,77.710796_13.150751,2024-11-01,0.4459924,0.4440631
BiLSTM+Attention,test,77.710796_13.168717,2024-11-01,0.5145572,0.52066517
BiLSTM+Attention,test,77.710796_13.173209,2024-11-01,0.52317226,0.52700335
BiLSTM+Attention,test,77.715287_12.679136,2024-11-01,0.7495415,0.78591704
BiLSTM+Attention,test,77.715287_12.742018,2024-11-01,0.6217831,0.6292389
BiLSTM+Attention,test,77.715287_12.773459,2024-11-01,0.58679014,0.59289396
BiLSTM+Attention,test,77.715287_12.822866,2024-11-01,0.64315236,0.6604274
BiLSTM+Attention,test,77.715287_12.827358,2024-11-01,0.61140686,0.6253469
BiLSTM+Attention,test,77.715287_12.845324,2024-11-01,0.55914706,0.58097684
BiLSTM+Attention,test,77.715287_12.885748,2024-11-01,0.6302028,0.65127033
BiLSTM+Attention,test,77.715287_12.899223,2024-11-01,0.52688956,0.54444724
BiLSTM+Attention,test,77.715287_12.939647,2024-11-01,0.76877177,0.7993968
BiLSTM+Attention,test,77.715287_12.944139,2024-11-01,0.79760194,0.8331847
BiLSTM+Attention,test,77.715287_12.94863,2024-11-01,0.6448406,0.6712811
BiLSTM+Attention,test,77.715287_13.016004,2024-11-01,0.5796793,0.59432125
BiLSTM+Attention,test,77.715287_13.029478,2024-11-01,0.4611505,0.46450484
BiLSTM+Attention,test,77.715287_13.038462,2024-11-01,0.58379513,0.6005332
BiLSTM+Attention,test,77.715287_13.051936,2024-11-01,0.57218957,0.5914808
BiLSTM+Attention,test,77.715287_13.056428,2024-11-01,0.5054065,0.5130865
BiLSTM+Attention,test,77.715287_13.096852,2024-11-01,0.3998805,0.4065466
BiLSTM+Attention,test,77.715287_13.114818,2024-11-01,0.5345921,0.5433565
BiLSTM+Attention,test,77.715287_13.128293,2024-11-01,0.47945738,0.48855728
BiLSTM+Attention,test,77.719779_12.706085,2024-11-01,0.707395,0.72862977
BiLSTM+Attention,test,77.719779_12.746509,2024-11-01,0.74459636,0.7687059
BiLSTM+Attention,test,77.719779_12.795916,2024-11-01,0.60582983,0.61499614
BiLSTM+Attention,test,77.719779_12.840832,2024-11-01,0.6400949,0.663774
BiLSTM+Attention,test,77.719779_12.903714,2024-11-01,0.52465993,0.54959226
BiLSTM+Attention,test,77.719779_13.069903,2024-11-01,0.47033927,0.4769361
BiLSTM+Attention,test,77.719779_13.105835,2024-11-01,0.49269956,0.50088173
BiLSTM+Attention,test,77.719779_13.123802,2024-11-01,0.4497394,0.45835346
BiLSTM+Attention,test,77.719779_13.137276,2024-11-01,0.45524904,0.45677227
BiLSTM+Attention,test,77.719779_13.155243,2024-11-01,0.44651982,0.45113254
BiLSTM+Attention,test,77.72427_12.674644,2024-11-01,0.65643084,0.6695192
BiLSTM+Attention,test,77.72427_12.697102,2024-11-01,0.5837574,0.60466427
BiLSTM+Attention,test,77.72427_12.701593,2024-11-01,0.6106416,0.6273846
BiLSTM+Attention,test,77.72427_12.724051,2024-11-01,0.65330845,0.659353
BiLSTM+Attention,test,77.72427_12.786933,2024-11-01,0.6299138,0.63444006
BiLSTM+Attention,test,77.72427_12.791425,2024-11-01,0.62832177,0.6367222
BiLSTM+Attention,test,77.72427_12.840832,2024-11-01,0.6197468,0.6381641
BiLSTM+Attention,test,77.72427_12.867782,2024-11-01,0.5642551,0.57896274
BiLSTM+Attention,test,77.72427_12.885748,2024-11-01,0.6005877,0.6154665
BiLSTM+Attention,test,77.72427_13.024987,2024-11-01,0.76943487,0.802241
BiLSTM+Attention,test,77.72427_13.06092,2024-11-01,0.4885187,0.5005726
BiLSTM+Attention,test,77.72427_13.074394,2024-11-01,0.49830568,0.51434314
BiLSTM+Attention,test,77.728762_12.706085,2024-11-01,0.68153507,0.7018538
BiLSTM+Attention,test,77.728762_12.724051,2024-11-01,0.719883,0.7405382
BiLSTM+Attention,test,77.728762_12.759984,2024-11-01,0.6272426,0.6389175
BiLSTM+Attention,test,77.728762_12.782442,2024-11-01,0.65025544,0.6661974
BiLSTM+Attention,test,77.728762_12.809391,2024-11-01,0.6406302,0.6475294
BiLSTM+Attention,test,77.728762_12.858799,2024-11-01,0.63595057,0.66400826
BiLSTM+Attention,test,77.728762_12.876765,2024-11-01,0.64659446,0.6665827
BiLSTM+Attention,test,77.728762_12.885748,2024-11-01,0.58940274,0.60477716
BiLSTM+Attention,test,77.728762_13.016004,2024-11-01,0.75751436,0.7850845
BiLSTM+Attention,test,77.728762_13.047445,2024-11-01,0.552892,0.56163704
BiLSTM+Attention,test,77.728762_13.087869,2024-11-01,0.52219903,0.5358976
BiLSTM+Attention,test,77.728762_13.092361,2024-11-01,0.48409212,0.4955315
BiLSTM+Attention,test,77.733253_12.755492,2024-11-01,0.5978773,0.60271174
BiLSTM+Attention,test,77.733253_12.795916,2024-11-01,0.59987265,0.61204785
BiLSTM+Attention,test,77.733253_12.86329,2024-11-01,0.6491944,0.6712731
BiLSTM+Attention,test,77.733253_12.872273,2024-11-01,0.6327623,0.6585426
BiLSTM+Attention,test,77.733253_12.998037,2024-11-01,0.66398597,0.68108624
BiLSTM+Attention,test,77.733253_13.056428,2024-11-01,0.4652205,0.46988332
BiLSTM+Attention,test,77.737745_12.764475,2024-11-01,0.5756944,0.5829231
BiLSTM+Attention,test,77.737745_12.791425,2024-11-01,0.6186309,0.6274154
BiLSTM+Attention,test,77.737745_12.809391,2024-11-01,0.6143836,0.6197725
BiLSTM+Attention,test,77.737745_12.858799,2024-11-01,0.61497897,0.63233405
BiLSTM+Attention,test,77.737745_12.872273,2024-11-01,0.64015794,0.6647461
BiLSTM+Attention,test,77.737745_12.881256,2024-11-01,0.6604198,0.6847587
BiLSTM+Attention,test,77.737745_13.051936,2024-11-01,0.48918253,0.49824083
BiLSTM+Attention,test,77.737745_13.06092,2024-11-01,0.4940507,0.50286144
BiLSTM+Attention,test,77.737745_13.078886,2024-11-01,0.5210615,0.5349077
BiLSTM+Attention,test,77.737745_13.101344,2024-11-01,0.44663265,0.45299083
BiLSTM+Attention,test,77.742237_12.697102,2024-11-01,0.72380126,0.7547832
BiLSTM+Attention,test,77.742237_12.764475,2024-11-01,0.5904487,0.5963803
BiLSTM+Attention,test,77.742237_12.795916,2024-11-01,0.5850535,0.5930657
BiLSTM+Attention,test,77.742237_12.8049,2024-11-01,0.62785316,0.6351286
BiLSTM+Attention,test,77.742237_12.86329,2024-11-01,0.55500317,0.5711999
BiLSTM+Attention,test,77.742237_12.867782,2024-11-01,0.6451488,0.66650355
BiLSTM+Attention,test,77.742237_12.89024,2024-11-01,0.64602894,0.66546506
BiLSTM+Attention,test,77.742237_12.899223,2024-11-01,0.62663,0.64657325
BiLSTM+Attention,test,77.742237_12.921681,2024-11-01,0.57584727,0.5926882
BiLSTM+Attention,test,77.742237_12.980071,2024-11-01,0.61489564,0.6292478
BiLSTM+Attention,test,77.742237_13.002529,2024-11-01,0.63157916,0.64847565
BiLSTM+Attention,test,77.742237_13.016004,2024-11-01,0.63791585,0.660682
BiLSTM+Attention,test,77.742237_13.038462,2024-11-01,0.46735185,0.47001958
BiLSTM+Attention,test,77.742237_13.074394,2024-11-01,0.44427216,0.45399952
BiLSTM+Attention,test,77.742237_13.078886,2024-11-01,0.5069929,0.52381086
BiLSTM+Attention,test,77.742237_13.101344,2024-11-01,0.46880016,0.47850913
BiLSTM+Attention,test,77.746728_12.751001,2024-11-01,0.6185657,0.633795
BiLSTM+Attention,test,77.746728_12.764475,2024-11-01,0.60977936,0.61900884
BiLSTM+Attention,test,77.746728_12.782442,2024-11-01,0.64521,0.6621594
BiLSTM+Attention,test,77.746728_12.97558,2024-11-01,0.63542485,0.6471977
BiLSTM+Attention,test,77.746728_12.984563,2024-11-01,0.6255559,0.64866614
BiLSTM+Attention,test,77.746728_13.016004,2024-11-01,0.650005,0.6666221
BiLSTM+Attention,test,77.746728_13.020495,2024-11-01,0.67847943,0.6968312
BiLSTM+Attention,test,77.746728_13.024987,2024-11-01,0.5879425,0.6026738
BiLSTM+Attention,test,77.746728_13.038462,2024-11-01,0.4958448,0.5056613
BiLSTM+Attention,test,77.746728_13.06092,2024-11-01,0.4541415,0.46056932
BiLSTM+Attention,test,77.746728_13.083377,2024-11-01,0.5062901,0.5209579
BiLSTM+Attention,test,77.746728_13.092361,2024-11-01,0.46402246,0.4746768
BiLSTM+Attention,test,77.75122_12.751001,2024-11-01,0.60828525,0.6234719
BiLSTM+Attention,test,77.75122_12.755492,2024-11-01,0.6523868,0.67151886
BiLSTM+Attention,test,77.75122_12.768967,2024-11-01,0.5734871,0.5835617
BiLSTM+Attention,test,77.75122_12.77795,2024-11-01,0.611782,0.6237252
BiLSTM+Attention,test,77.75122_12.894731,2024-11-01,0.56881905,0.59712124
BiLSTM+Attention,test,77.75122_12.993546,2024-11-01,0.566207,0.5807458
BiLSTM+Attention,test,77.75122_13.020495,2024-11-01,0.61159337,0.6283722
BiLSTM+Attention,test,77.75122_13.03397,2024-11-01,0.5067865,0.5214075
BiLSTM+Attention,test,77.75122_13.038462,2024-11-01,0.4759177,0.4849317
BiLSTM+Attention,test,77.755711_12.706085,2024-11-01,0.6389924,0.6526999
BiLSTM+Attention,test,77.755711_12.764475,2024-11-01,0.80649334,0.8471603
BiLSTM+Attention,test,77.755711_12.77795,2024-11-01,0.59454066,0.6074991
BiLSTM+Attention,test,77.755711_12.822866,2024-11-01,0.5954312,0.6130992
BiLSTM+Attention,test,77.755711_12.831849,2024-11-01,0.5698146,0.5889905
BiLSTM+Attention,test,77.755711_12.858799,2024-11-01,0.6179046,0.6413563
BiLSTM+Attention,test,77.755711_12.885748,2024-11-01,0.60536283,0.6296288
BiLSTM+Attention,test,77.755711_12.899223,2024-11-01,0.5358571,0.5608916
BiLSTM+Attention,test,77.755711_12.903714,2024-11-01,0.5905124,0.61323535
BiLSTM+Attention,test,77.755711_12.926172,2024-11-01,0.6115315,0.63380075
BiLSTM+Attention,test,77.760203_12.751001,2024-11-01,0.604812,0.6164774
BiLSTM+Attention,test,77.760203_12.795916,2024-11-01,0.5859766,0.589224
BiLSTM+Attention,test,77.760203_12.818374,2024-11-01,0.6720665,0.6925634
BiLSTM+Attention,test,77.760203_12.867782,2024-11-01,0.57636404,0.6005323
BiLSTM+Attention,test,77.760203_12.872273,2024-11-01,0.58863854,0.61539
BiLSTM+Attention,test,77.760203_12.876765,2024-11-01,0.5597946,0.5886997
BiLSTM+Attention,test,77.760203_12.885748,2024-11-01,0.5759538,0.604559
BiLSTM+Attention,test,77.760203_12.984563,2024-11-01,0.62403816,0.6372073
BiLSTM+Attention,test,77.764695_12.742018,2024-11-01,0.7176199,0.73811984
BiLSTM+Attention,test,77.764695_12.746509,2024-11-01,0.7052154,0.72346497
BiLSTM+Attention,test,77.764695_12.813883,2024-11-01,0.6319095,0.6424394
BiLSTM+Attention,test,77.764695_12.849815,2024-11-01,0.6029169,0.62330353
BiLSTM+Attention,test,77.764695_12.885748,2024-11-01,0.6006178,0.62295336
BiLSTM+Attention,test,77.764695_12.912697,2024-11-01,0.60743743,0.6223667
BiLSTM+Attention,test,77.764695_13.03397,2024-11-01,0.4548603,0.46219277
BiLSTM+Attention,test,77.769186_12.751001,2024-11-01,0.727903,0.7585976
BiLSTM+Attention,test,77.769186_12.791425,2024-11-01,0.5756386,0.58303106
BiLSTM+Attention,test,77.769186_12.800408,2024-11-01,0.62828404,0.6486014
BiLSTM+Attention,test,77.769186_12.8049,2024-11-01,0.6610787,0.68237466
BiLSTM+Attention,test,77.769186_12.809391,2024-11-01,0.5974023,0.6098483
BiLSTM+Attention,test,77.769186_12.876765,2024-11-01,0.6188663,0.65596247
BiLSTM+Attention,test,77.769186_12.894731,2024-11-01,0.58119184,0.6120999
BiLSTM+Attention,test,77.769186_13.016004,2024-11-01,0.5650245,0.5776167
BiLSTM+Attention,test,77.773678_12.746509,2024-11-01,0.72152394,0.7365673
BiLSTM+Attention,test,77.773678_12.858799,2024-11-01,0.5608197,0.5860536
BiLSTM+Attention,test,77.773678_12.885748,2024-11-01,0.57189107,0.59818095
BiLSTM+Attention,test,77.773678_12.899223,2024-11-01,0.5482375,0.569063
BiLSTM+Attention,test,77.773678_12.908206,2024-11-01,0.58598065,0.60690886
BiLSTM+Attention,test,77.778169_12.809391,2024-11-01,0.5596901,0.5736938
BiLSTM+Attention,test,77.778169_12.885748,2024-11-01,0.59047854,0.61951125
BiLSTM+Attention,test,77.782661_12.786933,2024-11-01,0.57767385,0.5828812
BiLSTM+Attention,test,77.782661_12.791425,2024-11-01,0.6056716,0.6115485
BiLSTM+Attention,test,77.782661_12.89024,2024-11-01,0.5834043,0.6098459
BiLSTM+Attention,test,77.787152_12.786933,2024-11-01,0.5915236,0.5958786
BiLSTM+Attention,test,77.787152_12.849815,2024-11-01,0.5629403,0.5872457
BiLSTM+Attention,test,77.787152_12.867782,2024-11-01,0.5733316,0.5966141
BiLSTM+Attention,test,77.791644_12.8049,2024-11-01,0.5910859,0.60896415
BiLSTM+Attention,test,77.791644_12.899223,2024-11-01,0.57214034,0.59498376
BiLSTM+Attention,test,77.796136_12.854307,2024-11-01,0.5721652,0.58485854
BiLSTM+Attention,test,77.796136_12.885748,2024-11-01,0.63497657,0.6480523
BiLSTM+Attention,test,77.800627_12.876765,2024-11-01,0.6278315,0.6436664
BiLSTM+Attention,test,77.800627_12.885748,2024-11-01,0.5952463,0.6056024
BiLSTM+Attention,test,77.805119_12.876765,2024-11-01,0.6352207,0.6530801
BiLSTM+Attention,test,77.805119_12.89024,2024-11-01,0.6243331,0.6312449
BiLSTM+Attention,test,77.80961_12.858799,2024-11-01,0.6404236,0.6487339
BiLSTM+Attention,test,77.80961_12.86329,2024-11-01,0.6188453,0.63205475
BiLSTM+Attention,test,77.329012_12.944139,2024-12-01,0.5338288,0.5335358
BiLSTM+Attention,test,77.329012_12.962105,2024-12-01,0.7045215,0.72379637
BiLSTM+Attention,test,77.337995_12.921681,2024-12-01,0.6540975,0.6794174
BiLSTM+Attention,test,77.342486_12.926172,2024-12-01,0.692504,0.7305456
BiLSTM+Attention,test,77.342486_12.935155,2024-12-01,0.7135305,0.74415815
BiLSTM+Attention,test,77.342486_12.944139,2024-12-01,0.68195105,0.70650786
BiLSTM+Attention,test,77.346978_12.86329,2024-12-01,0.5792065,0.5964744
BiLSTM+Attention,test,77.346978_12.962105,2024-12-01,0.54129857,0.5390916
BiLSTM+Attention,test,77.351469_12.89024,2024-12-01,0.5539045,0.5782189
BiLSTM+Attention,test,77.351469_12.930664,2024-12-01,0.71741515,0.7482274
BiLSTM+Attention,test,77.351469_12.939647,2024-12-01,0.69804025,0.72781223
BiLSTM+Attention,test,77.355961_12.899223,2024-12-01,0.5687742,0.59198105
BiLSTM+Attention,test,77.355961_12.94863,2024-12-01,0.50901073,0.51083994
BiLSTM+Attention,test,77.355961_12.962105,2024-12-01,0.7146612,0.74037164
BiLSTM+Attention,test,77.360453_12.867782,2024-12-01,0.46735168,0.47228104
BiLSTM+Attention,test,77.360453_12.908206,2024-12-01,0.58923864,0.62184834
BiLSTM+Attention,test,77.360453_12.926172,2024-12-01,0.71344167,0.75158834
BiLSTM+Attention,test,77.364944_12.854307,2024-12-01,0.5090164,0.51175815
BiLSTM+Attention,test,77.364944_12.962105,2024-12-01,0.4979905,0.49055797
BiLSTM+Attention,test,77.369436_12.881256,2024-12-01,0.5099038,0.5225393
BiLSTM+Attention,test,77.369436_12.89024,2024-12-01,0.5076356,0.5231652
BiLSTM+Attention,test,77.369436_12.935155,2024-12-01,0.47115308,0.4692729
BiLSTM+Attention,test,77.369436_12.998037,2024-12-01,0.50768054,0.5029374
BiLSTM+Attention,test,77.369436_13.007021,2024-12-01,0.55264586,0.5593508
BiLSTM+Attention,test,77.373927_12.912697,2024-12-01,0.61154026,0.62937987
BiLSTM+Attention,test,77.373927_12.971088,2024-12-01,0.49144793,0.4845602
BiLSTM+Attention,test,77.373927_13.011512,2024-12-01,0.5037428,0.5051578
BiLSTM+Attention,test,77.373927_13.016004,2024-12-01,0.4880428,0.48891795
BiLSTM+Attention,test,77.378419_12.966596,2024-12-01,0.46683195,0.45602024
BiLSTM+Attention,test,77.382911_12.894731,2024-12-01,0.5510995,0.57155627
BiLSTM+Attention,test,77.382911_12.953122,2024-12-01,0.52657104,0.53177345
BiLSTM+Attention,test,77.382911_12.957613,2024-12-01,0.52119994,0.5232874
BiLSTM+Attention,test,77.387402_12.962105,2024-12-01,0.5120429,0.5150041
BiLSTM+Attention,test,77.387402_12.97558,2024-12-01,0.512919,0.5124211
BiLSTM+Attention,test,77.387402_12.980071,2024-12-01,0.51543957,0.51584035
BiLSTM+Attention,test,77.391894_12.867782,2024-12-01,0.5507343,0.56960595
BiLSTM+Attention,test,77.391894_12.881256,2024-12-01,0.5175942,0.5428351
BiLSTM+Attention,test,77.391894_12.885748,2024-12-01,0.54975724,0.56793714
BiLSTM+Attention,test,77.396385_12.894731,2024-12-01,0.55277854,0.57123816
BiLSTM+Attention,test,77.396385_12.908206,2024-12-01,0.51116025,0.5200924
BiLSTM+Attention,test,77.396385_12.944139,2024-12-01,0.5592601,0.57031965
BiLSTM+Attention,test,77.396385_12.971088,2024-12-01,0.4828818,0.48477346
BiLSTM+Attention,test,77.396385_12.97558,2024-12-01,0.45900178,0.45450723
BiLSTM+Attention,test,77.396385_13.029478,2024-12-01,0.39238438,0.39323455
BiLSTM+Attention,test,77.400877_12.957613,2024-12-01,0.52674913,0.5311632
BiLSTM+Attention,test,77.400877_12.966596,2024-12-01,0.4797335,0.47889876
BiLSTM+Attention,test,77.400877_13.029478,2024-12-01,0.3800451,0.3813433
BiLSTM+Attention,test,77.405368_12.881256,2024-12-01,0.47840118,0.47674775
BiLSTM+Attention,test,77.405368_12.89024,2024-12-01,0.5012642,0.50260645
BiLSTM+Attention,test,77.405368_12.903714,2024-12-01,0.47450963,0.47613215
BiLSTM+Attention,test,77.405368_12.930664,2024-12-01,0.6006244,0.6169138
BiLSTM+Attention,test,77.405368_12.998037,2024-12-01,0.50045955,0.5060953
BiLSTM+Attention,test,77.405368_13.105835,2024-12-01,0.4251351,0.41346705
BiLSTM+Attention,test,77.405368_13.11931,2024-12-01,0.38749373,0.38034567
BiLSTM+Attention,test,77.40986_12.872273,2024-12-01,0.4438274,0.43813807
BiLSTM+Attention,test,77.40986_12.881256,2024-12-01,0.44586438,0.44628292
BiLSTM+Attention,test,77.40986_12.962105,2024-12-01,0.536034,0.54409695
BiLSTM+Attention,test,77.414352_12.930664,2024-12-01,0.5448242,0.5482021
BiLSTM+Attention,test,77.414352_12.989054,2024-12-01,0.46241784,0.4603582
BiLSTM+Attention,test,77.414352_12.993546,2024-12-01,0.47007352,0.47411
BiLSTM+Attention,test,77.414352_13.03397,2024-12-01,0.437215,0.43707123
BiLSTM+Attention,test,77.414352_13.096852,2024-12-01,0.40470913,0.3989801
BiLSTM+Attention,test,77.414352_13.11931,2024-12-01,0.40675357,0.39662194
BiLSTM+Attention,test,77.418843_12.876765,2024-12-01,0.46100664,0.4505902
BiLSTM+Attention,test,77.418843_12.89024,2024-12-01,0.4891992,0.487234
BiLSTM+Attention,test,77.418843_12.94863,2024-12-01,0.53802764,0.54454726
BiLSTM+Attention,test,77.418843_12.971088,2024-12-01,0.50080377,0.50709313
BiLSTM+Attention,test,77.418843_12.993546,2024-12-01,0.5021152,0.50899583
BiLSTM+Attention,test,77.418843_13.016004,2024-12-01,0.46852013,0.47025663
BiLSTM+Attention,test,77.418843_13.024987,2024-12-01,0.45965183,0.45571852
BiLSTM+Attention,test,77.418843_13.029478,2024-12-01,0.4591828,0.45339686
BiLSTM+Attention,test,77.418843_13.146259,2024-12-01,0.37187558,0.36940736
BiLSTM+Attention,test,77.423335_12.876765,2024-12-01,0.46278486,0.46609002
BiLSTM+Attention,test,77.423335_12.921681,2024-12-01,0.5523932,0.5583575
BiLSTM+Attention,test,77.423335_12.930664,2024-12-01,0.5350776,0.54326177
BiLSTM+Attention,test,77.423335_13.002529,2024-12-01,0.5502018,0.5675649
BiLSTM+Attention,test,77.423335_13.092361,2024-12-01,0.34631914,0.3504076
BiLSTM+Attention,test,77.423335_13.141768,2024-12-01,0.43065593,0.4208234
BiLSTM+Attention,test,77.423335_13.150751,2024-12-01,0.38063103,0.37363613
BiLSTM+Attention,test,77.427826_12.845324,2024-12-01,0.40476874,0.40866902
BiLSTM+Attention,test,77.427826_12.858799,2024-12-01,0.4574854,0.459796
BiLSTM+Attention,test,77.427826_12.930664,2024-12-01,0.5425632,0.5546113
BiLSTM+Attention,test,77.427826_12.939647,2024-12-01,0.48997355,0.48849982
BiLSTM+Attention,test,77.427826_12.944139,2024-12-01,0.50335646,0.5059874
BiLSTM+Attention,test,77.427826_13.020495,2024-12-01,0.47018766,0.46910733
BiLSTM+Attention,test,77.427826_13.024987,2024-12-01,0.46107647,0.45645303
BiLSTM+Attention,test,77.427826_13.110327,2024-12-01,0.42837092,0.41704422
BiLSTM+Attention,test,77.427826_13.132785,2024-12-01,0.4835953,0.4827249
BiLSTM+Attention,test,77.432318_12.858799,2024-12-01,0.47207835,0.47463197
BiLSTM+Attention,test,77.432318_12.86329,2024-12-01,0.47819996,0.48068082
BiLSTM+Attention,test,77.432318_12.867782,2024-12-01,0.46985778,0.47371185
BiLSTM+Attention,test,77.432318_12.881256,2024-12-01,0.5125866,0.5191142
BiLSTM+Attention,test,77.432318_12.885748,2024-12-01,0.6026709,0.6127922
BiLSTM+Attention,test,77.432318_12.957613,2024-12-01,0.4898839,0.4898538
BiLSTM+Attention,test,77.432318_12.998037,2024-12-01,0.4209742,0.417822
BiLSTM+Attention,test,77.432318_13.087869,2024-12-01,0.43113792,0.4201528
BiLSTM+Attention,test,77.432318_13.092361,2024-12-01,0.38751265,0.37899938
BiLSTM+Attention,test,77.436809_12.818374,2024-12-01,0.60243195,0.6078683
BiLSTM+Attention,test,77.436809_12.840832,2024-12-01,0.51949906,0.5298989
BiLSTM+Attention,test,77.436809_12.854307,2024-12-01,0.4856951,0.48869383
BiLSTM+Attention,test,77.436809_12.912697,2024-12-01,0.6115322,0.61750686
BiLSTM+Attention,test,77.436809_12.926172,2024-12-01,0.54446113,0.5552053
BiLSTM+Attention,test,77.436809_12.944139,2024-12-01,0.5106473,0.51373017
BiLSTM+Attention,test,77.436809_13.03397,2024-12-01,0.44413292,0.436404
BiLSTM+Attention,test,77.441301_12.818374,2024-12-01,0.61092013,0.62674177
BiLSTM+Attention,test,77.441301_12.831849,2024-12-01,0.50426424,0.5160143
BiLSTM+Attention,test,77.441301_12.836341,2024-12-01,0.5331729,0.5411107
BiLSTM+Attention,test,77.441301_12.840832,2024-12-01,0.5064886,0.5133401
BiLSTM+Attention,test,77.441301_12.944139,2024-12-01,0.54800767,0.5584891
BiLSTM+Attention,test,77.441301_12.94863,2024-12-01,0.50201505,0.5101497
BiLSTM+Attention,test,77.441301_13.056428,2024-12-01,0.4332946,0.42887717
BiLSTM+Attention,test,77.441301_13.069903,2024-12-01,0.45004895,0.44338718
BiLSTM+Attention,test,77.441301_13.083377,2024-12-01,0.43685225,0.43053982
BiLSTM+Attention,test,77.441301_13.110327,2024-12-01,0.42376363,0.416097
BiLSTM+Attention,test,77.445793_12.840832,2024-12-01,0.57914835,0.59084696
BiLSTM+Attention,test,77.445793_12.86329,2024-12-01,0.59460294,0.61387074
BiLSTM+Attention,test,77.445793_12.867782,2024-12-01,0.5738266,0.5926988
BiLSTM+Attention,test,77.445793_12.912697,2024-12-01,0.51744694,0.51904356
BiLSTM+Attention,test,77.445793_12.957613,2024-12-01,0.490522,0.49468023
BiLSTM+Attention,test,77.445793_12.984563,2024-12-01,0.5085057,0.51931465
BiLSTM+Attention,test,77.450284_12.809391,2024-12-01,0.5638667,0.56646246
BiLSTM+Attention,test,77.450284_12.872273,2024-12-01,0.57332504,0.59575635
BiLSTM+Attention,test,77.450284_12.89024,2024-12-01,0.5739089,0.58114433
BiLSTM+Attention,test,77.450284_12.971088,2024-12-01,0.4780046,0.4863156
BiLSTM+Attention,test,77.450284_12.993546,2024-12-01,0.38980108,0.3950591
BiLSTM+Attention,test,77.450284_13.029478,2024-12-01,0.43155888,0.43277654
BiLSTM+Attention,test,77.450284_13.047445,2024-12-01,0.44410247,0.44225365
BiLSTM+Attention,test,77.450284_13.146259,2024-12-01,0.49838737,0.5004031
BiLSTM+Attention,test,77.454776_12.809391,2024-12-01,0.5288239,0.53610635
BiLSTM+Attention,test,77.454776_12.885748,2024-12-01,0.5552352,0.5652821
BiLSTM+Attention,test,77.454776_12.980071,2024-12-01,0.4300111,0.43527308
BiLSTM+Attention,test,77.454776_12.993546,2024-12-01,0.41567212,0.4221037
BiLSTM+Attention,test,77.454776_13.078886,2024-12-01,0.4428872,0.433581
BiLSTM+Attention,test,77.454776_13.087869,2024-12-01,0.40659356,0.39397126
BiLSTM+Attention,test,77.454776_13.114818,2024-12-01,0.48494142,0.48525083
BiLSTM+Attention,test,77.454776_13.141768,2024-12-01,0.5017717,0.5037628
BiLSTM+Attention,test,77.459267_12.8049,2024-12-01,0.59778684,0.6159802
BiLSTM+Attention,test,77.459267_12.822866,2024-12-01,0.5632321,0.5726622
BiLSTM+Attention,test,77.459267_12.845324,2024-12-01,0.5670756,0.58053744
BiLSTM+Attention,test,77.459267_12.872273,2024-12-01,0.54464245,0.5610292
BiLSTM+Attention,test,77.459267_12.903714,2024-12-01,0.4980134,0.5093777
BiLSTM+Attention,test,77.459267_12.926172,2024-12-01,0.5387133,0.5503689
BiLSTM+Attention,test,77.459267_12.97558,2024-12-01,0.44474137,0.44913197
BiLSTM+Attention,test,77.459267_13.016004,2024-12-01,0.40694508,0.40857744
BiLSTM+Attention,test,77.459267_13.020495,2024-12-01,0.40050122,0.39996606
BiLSTM+Attention,test,77.459267_13.11931,2024-12-01,0.48180255,0.47949326
BiLSTM+Attention,test,77.463759_12.813883,2024-12-01,0.50905204,0.5254858
BiLSTM+Attention,test,77.463759_12.836341,2024-12-01,0.5640714,0.5802424
BiLSTM+Attention,test,77.463759_12.86329,2024-12-01,0.58096737,0.60484374
BiLSTM+Attention,test,77.463759_12.867782,2024-12-01,0.562942,0.5782969
BiLSTM+Attention,test,77.463759_12.872273,2024-12-01,0.53872293,0.5511608
BiLSTM+Attention,test,77.463759_12.881256,2024-12-01,0.5906221,0.5983717
BiLSTM+Attention,test,77.463759_12.885748,2024-12-01,0.5941854,0.61090744
BiLSTM+Attention,test,77.463759_12.894731,2024-12-01,0.5337938,0.547434
BiLSTM+Attention,test,77.463759_12.899223,2024-12-01,0.53640103,0.55320483
BiLSTM+Attention,test,77.463759_12.917189,2024-12-01,0.4870964,0.4939829
BiLSTM+Attention,test,77.463759_12.953122,2024-12-01,0.7416956,0.7652587
BiLSTM+Attention,test,77.463759_13.03397,2024-12-01,0.39941135,0.3979733
BiLSTM+Attention,test,77.463759_13.078886,2024-12-01,0.5113558,0.5134411
BiLSTM+Attention,test,77.46825_12.827358,2024-12-01,0.4766574,0.4861843
BiLSTM+Attention,test,77.46825_12.836341,2024-12-01,0.5714606,0.5848768
BiLSTM+Attention,test,77.46825_12.894731,2024-12-01,0.51393574,0.5270665
BiLSTM+Attention,test,77.46825_12.94863,2024-12-01,0.58134174,0.59704894
BiLSTM+Attention,test,77.46825_12.953122,2024-12-01,0.5167548,0.5242857
BiLSTM+Attention,test,77.46825_12.966596,2024-12-01,0.49482417,0.5012558
BiLSTM+Attention,test,77.46825_13.007021,2024-12-01,0.41540098,0.41801876
BiLSTM+Attention,test,77.46825_13.020495,2024-12-01,0.4846317,0.4875915
BiLSTM+Attention,test,77.46825_13.114818,2024-12-01,0.5258861,0.5345964
BiLSTM+Attention,test,77.46825_13.150751,2024-12-01,0.43652952,0.43310514
BiLSTM+Attention,test,77.46825_13.1777,2024-12-01,0.5269889,0.5258946
BiLSTM+Attention,test,77.472742_12.746509,2024-12-01,0.6354461,0.6437575
BiLSTM+Attention,test,77.472742_12.751001,2024-12-01,0.5892552,0.5964605
BiLSTM+Attention,test,77.472742_12.755492,2024-12-01,0.6062678,0.61601275
BiLSTM+Attention,test,77.472742_12.795916,2024-12-01,0.5428251,0.5582121
BiLSTM+Attention,test,77.472742_12.836341,2024-12-01,0.56151956,0.57622147
BiLSTM+Attention,test,77.472742_12.984563,2024-12-01,0.4567318,0.46709764
BiLSTM+Attention,test,77.472742_13.087869,2024-12-01,0.46554044,0.45803905
BiLSTM+Attention,test,77.477234_12.764475,2024-12-01,0.6006229,0.61364573
BiLSTM+Attention,test,77.477234_12.782442,2024-12-01,0.53644043,0.55002546
BiLSTM+Attention,test,77.477234_12.840832,2024-12-01,0.5632707,0.5790475
BiLSTM+Attention,test,77.477234_12.899223,2024-12-01,0.4742291,0.4848721
BiLSTM+Attention,test,77.477234_12.935155,2024-12-01,0.6078458,0.63088906
BiLSTM+Attention,test,77.477234_12.944139,2024-12-01,0.53792894,0.54865986
BiLSTM+Attention,test,77.477234_12.94863,2024-12-01,0.5487711,0.5649359
BiLSTM+Attention,test,77.477234_12.971088,2024-12-01,0.507493,0.5171767
BiLSTM+Attention,test,77.477234_13.002529,2024-12-01,0.4109619,0.42090297
BiLSTM+Attention,test,77.477234_13.056428,2024-12-01,0.46727705,0.46636206
BiLSTM+Attention,test,77.481725_12.737526,2024-12-01,0.6120445,0.6216313
BiLSTM+Attention,test,77.481725_12.768967,2024-12-01,0.595562,0.60570526
BiLSTM+Attention,test,77.481725_12.831849,2024-12-01,0.5052614,0.52158755
BiLSTM+Attention,test,77.481725_12.89024,2024-12-01,0.55349785,0.57158357
BiLSTM+Attention,test,77.481725_12.894731,2024-12-01,0.5206701,0.5320434
BiLSTM+Attention,test,77.481725_12.944139,2024-12-01,0.5507132,0.5617932
BiLSTM+Attention,test,77.481725_12.971088,2024-12-01,0.43228662,0.43125117
BiLSTM+Attention,test,77.481725_12.980071,2024-12-01,0.48553193,0.50300926
BiLSTM+Attention,test,77.481725_13.024987,2024-12-01,0.46601635,0.46956694
BiLSTM+Attention,test,77.481725_13.03397,2024-12-01,0.4430889,0.44164747
BiLSTM+Attention,test,77.481725_13.096852,2024-12-01,0.5488728,0.5665041
BiLSTM+Attention,test,77.481725_13.137276,2024-12-01,0.6252865,0.6499082
BiLSTM+Attention,test,77.486217_12.764475,2024-12-01,0.5904644,0.59866464
BiLSTM+Attention,test,77.486217_12.872273,2024-12-01,0.5101407,0.5246454
BiLSTM+Attention,test,77.486217_12.939647,2024-12-01,0.56618327,0.5814916
BiLSTM+Attention,test,77.486217_12.998037,2024-12-01,0.45839027,0.475641
BiLSTM+Attention,test,77.486217_13.042953,2024-12-01,0.5136816,0.5220607
BiLSTM+Attention,test,77.486217_13.06092,2024-12-01,0.53191674,0.5411146
BiLSTM+Attention,test,77.486217_13.114818,2024-12-01,0.4663505,0.46504748
BiLSTM+Attention,test,77.486217_13.11931,2024-12-01,0.48362538,0.4892527
BiLSTM+Attention,test,77.490708_12.768967,2024-12-01,0.58221877,0.595124
BiLSTM+Attention,test,77.490708_12.8049,2024-12-01,0.56027764,0.5803113
BiLSTM+Attention,test,77.490708_12.849815,2024-12-01,0.5805215,0.6012133
BiLSTM+Attention,test,77.490708_12.89024,2024-12-01,0.512545,0.52869564
BiLSTM+Attention,test,77.490708_13.051936,2024-12-01,0.5803308,0.5947379
BiLSTM+Attention,test,77.490708_13.087869,2024-12-01,0.52137196,0.52118194
BiLSTM+Attention,test,77.490708_13.092361,2024-12-01,0.51685005,0.5213867
BiLSTM+Attention,test,77.490708_13.096852,2024-12-01,0.54692376,0.5617145
BiLSTM+Attention,test,77.490708_13.182192,2024-12-01,0.5654782,0.5723701
BiLSTM+Attention,test,77.490708_13.209142,2024-12-01,0.52276963,0.5201994
BiLSTM+Attention,test,77.4952_12.786933,2024-12-01,0.54252446,0.56249267
BiLSTM+Attention,test,77.4952_12.836341,2024-12-01,0.5369439,0.5505955
BiLSTM+Attention,test,77.4952_12.899223,2024-12-01,0.55978763,0.57499474
BiLSTM+Attention,test,77.4952_12.962105,2024-12-01,0.5503137,0.56918186
BiLSTM+Attention,test,77.4952_13.020495,2024-12-01,0.5084465,0.5157728
BiLSTM+Attention,test,77.4952_13.024987,2024-12-01,0.4980708,0.50771034
BiLSTM+Attention,test,77.4952_13.03397,2024-12-01,0.5512947,0.56180865
BiLSTM+Attention,test,77.4952_13.087869,2024-12-01,0.49563515,0.48923308
BiLSTM+Attention,test,77.4952_13.092361,2024-12-01,0.5220839,0.5348561
BiLSTM+Attention,test,77.4952_13.182192,2024-12-01,0.5650332,0.57476455
BiLSTM+Attention,test,77.499692_12.755492,2024-12-01,0.6481003,0.66178334
BiLSTM+Attention,test,77.499692_12.858799,2024-12-01,0.62801254,0.64601135
BiLSTM+Attention,test,77.499692_12.899223,2024-12-01,0.54178244,0.5595558
BiLSTM+Attention,test,77.499692_12.984563,2024-12-01,0.50054544,0.51427597
BiLSTM+Attention,test,77.499692_13.114818,2024-12-01,0.48551384,0.49008876
BiLSTM+Attention,test,77.499692_13.137276,2024-12-01,0.4784315,0.48654854
BiLSTM+Attention,test,77.499692_13.168717,2024-12-01,0.61387813,0.62948763
BiLSTM+Attention,test,77.504183_12.764475,2024-12-01,0.6531389,0.6744446
BiLSTM+Attention,test,77.504183_12.786933,2024-12-01,0.61057127,0.62736034
BiLSTM+Attention,test,77.504183_12.818374,2024-12-01,0.5776135,0.59408206
BiLSTM+Attention,test,77.504183_12.854307,2024-12-01,0.56995016,0.5846643
BiLSTM+Attention,test,77.504183_12.858799,2024-12-01,0.6267763,0.6438083
BiLSTM+Attention,test,77.504183_12.953122,2024-12-01,0.5285032,0.55741656
BiLSTM+Attention,test,77.504183_13.083377,2024-12-01,0.55382717,0.5698213
BiLSTM+Attention,test,77.504183_13.141768,2024-12-01,0.555599,0.57596
BiLSTM+Attention,test,77.504183_13.159734,2024-12-01,0.64453375,0.6724751
BiLSTM+Attention,test,77.504183_13.195667,2024-12-01,0.49769187,0.49589318
BiLSTM+Attention,test,77.508675_12.751001,2024-12-01,0.6529835,0.66875803
BiLSTM+Attention,test,77.508675_12.795916,2024-12-01,0.6379455,0.6582532
BiLSTM+Attention,test,77.508675_12.831849,2024-12-01,0.5779765,0.59452325
BiLSTM+Attention,test,77.508675_12.836341,2024-12-01,0.6031722,0.6196219
BiLSTM+Attention,test,77.508675_12.845324,2024-12-01,0.56767327,0.59171546
BiLSTM+Attention,test,77.508675_12.903714,2024-12-01,0.49481362,0.5072812
BiLSTM+Attention,test,77.508675_12.912697,2024-12-01,0.5337662,0.5489286
BiLSTM+Attention,test,77.508675_12.917189,2024-12-01,0.5988595,0.61402386
BiLSTM+Attention,test,77.508675_13.114818,2024-12-01,0.44672763,0.45027697
BiLSTM+Attention,test,77.508675_13.137276,2024-12-01,0.50492316,0.51255125
BiLSTM+Attention,test,77.508675_13.159734,2024-12-01,0.63005143,0.6497744
BiLSTM+Attention,test,77.508675_13.191175,2024-12-01,0.5219525,0.51884615
BiLSTM+Attention,test,77.513166_12.746509,2024-12-01,0.75395,0.77729124
BiLSTM+Attention,test,77.513166_12.764475,2024-12-01,0.6202084,0.6291119
BiLSTM+Attention,test,77.513166_12.77795,2024-12-01,0.71330327,0.73284274
BiLSTM+Attention,test,77.513166_12.822866,2024-12-01,0.6553641,0.6742326
BiLSTM+Attention,test,77.513166_12.908206,2024-12-01,0.50147164,0.51203465
BiLSTM+Attention,test,77.513166_13.087869,2024-12-01,0.55775297,0.5691627
BiLSTM+Attention,test,77.513166_13.096852,2024-12-01,0.6216187,0.64676255
BiLSTM+Attention,test,77.513166_13.137276,2024-12-01,0.47013715,0.47043806
BiLSTM+Attention,test,77.513166_13.1777,2024-12-01,0.5483301,0.5540207
BiLSTM+Attention,test,77.517658_12.764475,2024-12-01,0.66609114,0.68469954
BiLSTM+Attention,test,77.517658_12.77795,2024-12-01,0.6886727,0.70558286
BiLSTM+Attention,test,77.517658_12.782442,2024-12-01,0.68750894,0.71145076
BiLSTM+Attention,test,77.517658_12.795916,2024-12-01,0.64989024,0.66103834
BiLSTM+Attention,test,77.517658_12.827358,2024-12-01,0.5826688,0.59484065
BiLSTM+Attention,test,77.517658_12.849815,2024-12-01,0.5775787,0.59034646
BiLSTM+Attention,test,77.517658_12.885748,2024-12-01,0.57341343,0.5912454
BiLSTM+Attention,test,77.517658_12.89024,2024-12-01,0.56493133,0.5744732
BiLSTM+Attention,test,77.517658_12.899223,2024-12-01,0.55764556,0.57114416
BiLSTM+Attention,test,77.517658_12.998037,2024-12-01,0.5720559,0.5877715
BiLSTM+Attention,test,77.517658_13.11931,2024-12-01,0.41461283,0.41617256
BiLSTM+Attention,test,77.517658_13.182192,2024-12-01,0.5517775,0.5551284
BiLSTM+Attention,test,77.517658_13.186684,2024-12-01,0.5606527,0.5707888
BiLSTM+Attention,test,77.517658_13.191175,2024-12-01,0.5042942,0.5008926
BiLSTM+Attention,test,77.522149_12.751001,2024-12-01,0.69854766,0.73120517
BiLSTM+Attention,test,77.522149_12.755492,2024-12-01,0.6745955,0.70122105
BiLSTM+Attention,test,77.522149_12.759984,2024-12-01,0.7074369,0.7346156
BiLSTM+Attention,test,77.522149_12.782442,2024-12-01,0.7017702,0.7269197
BiLSTM+Attention,test,77.522149_12.809391,2024-12-01,0.76459044,0.79299957
BiLSTM+Attention,test,77.522149_12.813883,2024-12-01,0.5793503,0.59135383
BiLSTM+Attention,test,77.522149_12.818374,2024-12-01,0.5613673,0.5720173
BiLSTM+Attention,test,77.522149_12.836341,2024-12-01,0.5726595,0.5846403
BiLSTM+Attention,test,77.522149_12.845324,2024-12-01,0.5885612,0.6048026
BiLSTM+Attention,test,77.522149_13.056428,2024-12-01,0.58380944,0.5966995
BiLSTM+Attention,test,77.522149_13.078886,2024-12-01,0.5584009,0.5727686
BiLSTM+Attention,test,77.522149_13.146259,2024-12-01,0.43389505,0.4314785
BiLSTM+Attention,test,77.522149_13.200158,2024-12-01,0.5421638,0.54918647
BiLSTM+Attention,test,77.526641_12.751001,2024-12-01,0.7105471,0.7440793
BiLSTM+Attention,test,77.526641_12.840832,2024-12-01,0.6429432,0.65761155
BiLSTM+Attention,test,77.526641_12.89024,2024-12-01,0.6093332,0.6329621
BiLSTM+Attention,test,77.526641_12.899223,2024-12-01,0.58097464,0.5942369
BiLSTM+Attention,test,77.526641_13.078886,2024-12-01,0.57226783,0.58681077
BiLSTM+Attention,test,77.526641_13.105835,2024-12-01,0.4263325,0.42763042
BiLSTM+Attention,test,77.526641_13.110327,2024-12-01,0.42226288,0.42480165
BiLSTM+Attention,test,77.531133_12.791425,2024-12-01,0.60495746,0.6145119
BiLSTM+Attention,test,77.531133_12.795916,2024-12-01,0.6443891,0.65779775
BiLSTM+Attention,test,77.531133_12.800408,2024-12-01,0.62009156,0.6335251
BiLSTM+Attention,test,77.531133_12.822866,2024-12-01,0.59016997,0.6021304
BiLSTM+Attention,test,77.531133_12.827358,2024-12-01,0.60298556,0.61676365
BiLSTM+Attention,test,77.531133_12.894731,2024-12-01,0.53325874,0.5474211
BiLSTM+Attention,test,77.531133_13.083377,2024-12-01,0.54085785,0.5498113
BiLSTM+Attention,test,77.531133_13.114818,2024-12-01,0.43396494,0.43545938
BiLSTM+Attention,test,77.531133_13.195667,2024-12-01,0.55529916,0.5671442
BiLSTM+Attention,test,77.535624_12.77795,2024-12-01,0.748442,0.7794663
BiLSTM+Attention,test,77.535624_12.822866,2024-12-01,0.69314235,0.7205547
BiLSTM+Attention,test,77.535624_12.872273,2024-12-01,0.49812242,0.50501955
BiLSTM+Attention,test,77.535624_12.899223,2024-12-01,0.514222,0.5264026
BiLSTM+Attention,test,77.535624_13.069903,2024-12-01,0.6446417,0.6668236
BiLSTM+Attention,test,77.535624_13.083377,2024-12-01,0.5334687,0.5376493
BiLSTM+Attention,test,77.535624_13.096852,2024-12-01,0.47433138,0.47802645
BiLSTM+Attention,test,77.535624_13.114818,2024-12-01,0.45965368,0.46427655
BiLSTM+Attention,test,77.535624_13.132785,2024-12-01,0.48489958,0.48767585
BiLSTM+Attention,test,77.535624_13.137276,2024-12-01,0.4271607,0.4248799
BiLSTM+Attention,test,77.535624_13.195667,2024-12-01,0.49738863,0.49732852
BiLSTM+Attention,test,77.540116_12.77795,2024-12-01,0.6480991,0.6655091
BiLSTM+Attention,test,77.540116_12.795916,2024-12-01,0.66443294,0.6870719
BiLSTM+Attention,test,77.540116_13.042953,2024-12-01,0.57367486,0.58526367
BiLSTM+Attention,test,77.540116_13.074394,2024-12-01,0.59187615,0.60230726
BiLSTM+Attention,test,77.540116_13.092361,2024-12-01,0.43232647,0.43615866
BiLSTM+Attention,test,77.540116_13.101344,2024-12-01,0.46222767,0.4621333
BiLSTM+Attention,test,77.540116_13.105835,2024-12-01,0.47084814,0.4786631
BiLSTM+Attention,test,77.540116_13.114818,2024-12-01,0.43173835,0.44000983
BiLSTM+Attention,test,77.540116_13.132785,2024-12-01,0.47012126,0.4712038
BiLSTM+Attention,test,77.540116_13.155243,2024-12-01,0.49636605,0.5104232
BiLSTM+Attention,test,77.540116_13.182192,2024-12-01,0.46267113,0.46784234
BiLSTM+Attention,test,77.544607_12.831849,2024-12-01,0.75086063,0.78860044
BiLSTM+Attention,test,77.544607_13.218125,2024-12-01,0.5477352,0.5561124
BiLSTM+Attention,test,77.549099_12.822866,2024-12-01,0.77105814,0.8008314
BiLSTM+Attention,test,77.549099_12.831849,2024-12-01,0.68405354,0.7096393
BiLSTM+Attention,test,77.549099_12.836341,2024-12-01,0.656269,0.6785659
BiLSTM+Attention,test,77.549099_12.845324,2024-12-01,0.63886714,0.6642423
BiLSTM+Attention,test,77.549099_12.867782,2024-12-01,0.56334054,0.5814116
BiLSTM+Attention,test,77.549099_12.876765,2024-12-01,0.52929294,0.54516506
BiLSTM+Attention,test,77.549099_12.894731,2024-12-01,0.6092096,0.6322916
BiLSTM+Attention,test,77.549099_13.096852,2024-12-01,0.4991263,0.50580585
BiLSTM+Attention,test,77.549099_13.132785,2024-12-01,0.6014475,0.61767703
BiLSTM+Attention,test,77.55359_12.71956,2024-12-01,0.78703696,0.82091665
BiLSTM+Attention,test,77.55359_12.782442,2024-12-01,0.7194209,0.7494085
BiLSTM+Attention,test,77.55359_12.849815,2024-12-01,0.6332146,0.65486085
BiLSTM+Attention,test,77.55359_12.872273,2024-12-01,0.5204448,0.5481212
BiLSTM+Attention,test,77.55359_13.069903,2024-12-01,0.7101028,0.7341866
BiLSTM+Attention,test,77.55359_13.101344,2024-12-01,0.45474327,0.45915532
BiLSTM+Attention,test,77.55359_13.110327,2024-12-01,0.5086367,0.52076805
BiLSTM+Attention,test,77.55359_13.128293,2024-12-01,0.5803322,0.6020558
BiLSTM+Attention,test,77.55359_13.168717,2024-12-01,0.50745493,0.52319497
BiLSTM+Attention,test,77.55359_13.173209,2024-12-01,0.43068054,0.43491638
BiLSTM+Attention,test,77.558082_12.710577,2024-12-01,0.81502485,0.8528474
BiLSTM+Attention,test,77.558082_12.827358,2024-12-01,0.701621,0.7270987
BiLSTM+Attention,test,77.558082_12.845324,2024-12-01,0.6801572,0.70428103
BiLSTM+Attention,test,77.558082_13.042953,2024-12-01,0.65132374,0.67202526
BiLSTM+Attention,test,77.558082_13.051936,2024-12-01,0.6815331,0.7053941
BiLSTM+Attention,test,77.558082_13.110327,2024-12-01,0.51683813,0.53045607
BiLSTM+Attention,test,77.558082_13.168717,2024-12-01,0.5211438,0.53875434
BiLSTM+Attention,test,77.558082_13.1777,2024-12-01,0.50278544,0.509361
BiLSTM+Attention,test,77.562574_12.71956,2024-12-01,0.7892859,0.82615775
BiLSTM+Attention,test,77.562574_12.827358,2024-12-01,0.7090102,0.7231012
BiLSTM+Attention,test,77.562574_12.858799,2024-12-01,0.5298053,0.54569
BiLSTM+Attention,test,77.562574_12.872273,2024-12-01,0.6120898,0.6339311
BiLSTM+Attention,test,77.562574_12.876765,2024-12-01,0.6349177,0.6584166
BiLSTM+Attention,test,77.562574_13.141768,2024-12-01,0.4952036,0.50584054
BiLSTM+Attention,test,77.562574_13.159734,2024-12-01,0.5236476,0.53428024
BiLSTM+Attention,test,77.562574_13.173209,2024-12-01,0.53030723,0.54407483
BiLSTM+Attention,test,77.567065_12.724051,2024-12-01,0.73649323,0.76327693
BiLSTM+Attention,test,77.567065_12.813883,2024-12-01,0.6959219,0.7177437
BiLSTM+Attention,test,77.567065_12.849815,2024-12-01,0.67613566,0.69614685
BiLSTM+Attention,test,77.567065_13.105835,2024-12-01,0.5794066,0.5954711
BiLSTM+Attention,test,77.567065_13.114818,2024-12-01,0.6248555,0.6518898
BiLSTM+Attention,test,77.567065_13.182192,2024-12-01,0.52685386,0.545956
BiLSTM+Attention,test,77.571557_12.71956,2024-12-01,0.77221274,0.8050016
BiLSTM+Attention,test,77.571557_12.800408,2024-12-01,0.6938386,0.71242005
BiLSTM+Attention,test,77.571557_12.813883,2024-12-01,0.76497406,0.7918432
BiLSTM+Attention,test,77.571557_12.849815,2024-12-01,0.6799268,0.7018522
BiLSTM+Attention,test,77.571557_13.141768,2024-12-01,0.49936977,0.50957257
BiLSTM+Attention,test,77.571557_13.146259,2024-12-01,0.5027446,0.5110531
BiLSTM+Attention,test,77.576048_12.71956,2024-12-01,0.73842585,0.7682769
BiLSTM+Attention,test,77.576048_12.728543,2024-12-01,0.73466396,0.7551877
BiLSTM+Attention,test,77.576048_12.742018,2024-12-01,0.73193014,0.7633189
BiLSTM+Attention,test,77.576048_12.813883,2024-12-01,0.7845549,0.80323535
BiLSTM+Attention,test,77.576048_12.827358,2024-12-01,0.6656643,0.6853165
BiLSTM+Attention,test,77.58054_12.800408,2024-12-01,0.7330385,0.76715434
BiLSTM+Attention,test,77.58054_12.845324,2024-12-01,0.68228686,0.69919986
BiLSTM+Attention,test,77.58054_13.083377,2024-12-01,0.54400533,0.5532389
BiLSTM+Attention,test,77.58054_13.087869,2024-12-01,0.51800126,0.52354354
BiLSTM+Attention,test,77.585031_12.849815,2024-12-01,0.6797307,0.70291305
BiLSTM+Attention,test,77.585031_13.042953,2024-12-01,0.67977977,0.7032226
BiLSTM+Attention,test,77.585031_13.137276,2024-12-01,0.50641954,0.51697516
BiLSTM+Attention,test,77.589523_12.71956,2024-12-01,0.84529865,0.8672747
BiLSTM+Attention,test,77.589523_12.746509,2024-12-01,0.73299605,0.7664579
BiLSTM+Attention,test,77.589523_12.854307,2024-12-01,0.6274183,0.65608037
BiLSTM+Attention,test,77.589523_12.971088,2024-12-01,0.7406434,0.7675628
BiLSTM+Attention,test,77.589523_13.083377,2024-12-01,0.6278059,0.64535373
BiLSTM+Attention,test,77.589523_13.150751,2024-12-01,0.51189786,0.51853156
BiLSTM+Attention,test,77.594015_12.724051,2024-12-01,0.82261014,0.84724236
BiLSTM+Attention,test,77.594015_12.733034,2024-12-01,0.79332167,0.82278174
BiLSTM+Attention,test,77.594015_12.755492,2024-12-01,0.6952602,0.7210492
BiLSTM+Attention,test,77.594015_12.831849,2024-12-01,0.6422202,0.6665591
BiLSTM+Attention,test,77.594015_12.836341,2024-12-01,0.6618701,0.69072574
BiLSTM+Attention,test,77.594015_12.840832,2024-12-01,0.6623945,0.69013774
BiLSTM+Attention,test,77.594015_12.849815,2024-12-01,0.653234,0.68438876
BiLSTM+Attention,test,77.594015_12.998037,2024-12-01,0.7345054,0.7643129
BiLSTM+Attention,test,77.594015_13.087869,2024-12-01,0.6124796,0.63470304
BiLSTM+Attention,test,77.598506_12.665661,2024-12-01,0.8248698,0.8596431
BiLSTM+Attention,test,77.598506_12.710577,2024-12-01,0.7529689,0.7759714
BiLSTM+Attention,test,77.598506_12.822866,2024-12-01,0.66704863,0.6960221
BiLSTM+Attention,test,77.598506_12.849815,2024-12-01,0.69320196,0.72683793
BiLSTM+Attention,test,77.598506_13.083377,2024-12-01,0.6054947,0.62745726
BiLSTM+Attention,test,77.598506_13.128293,2024-12-01,0.56786627,0.58589387
BiLSTM+Attention,test,77.598506_13.141768,2024-12-01,0.48164606,0.49143595
BiLSTM+Attention,test,77.598506_13.146259,2024-12-01,0.4616099,0.46755522
BiLSTM+Attention,test,77.602998_12.710577,2024-12-01,0.78984904,0.81841856
BiLSTM+Attention,test,77.602998_12.827358,2024-12-01,0.582819,0.6011967
BiLSTM+Attention,test,77.602998_12.849815,2024-12-01,0.5930244,0.613953
BiLSTM+Attention,test,77.602998_12.858799,2024-12-01,0.6018077,0.6256512
BiLSTM+Attention,test,77.602998_13.114818,2024-12-01,0.59546584,0.6139736
BiLSTM+Attention,test,77.602998_13.11931,2024-12-01,0.58921117,0.60999376
BiLSTM+Attention,test,77.602998_13.128293,2024-12-01,0.5361074,0.55209035
BiLSTM+Attention,test,77.602998_13.164226,2024-12-01,0.495764,0.50328505
BiLSTM+Attention,test,77.607489_12.768967,2024-12-01,0.66275257,0.6729322
BiLSTM+Attention,test,77.607489_12.773459,2024-12-01,0.63628286,0.6462673
BiLSTM+Attention,test,77.607489_12.791425,2024-12-01,0.62434053,0.6359577
BiLSTM+Attention,test,77.607489_12.809391,2024-12-01,0.7108813,0.7442259
BiLSTM+Attention,test,77.607489_12.818374,2024-12-01,0.735389,0.7682349
BiLSTM+Attention,test,77.607489_13.087869,2024-12-01,0.7035516,0.72692645
BiLSTM+Attention,test,77.611981_12.674644,2024-12-01,0.82439935,0.8410808
BiLSTM+Attention,test,77.611981_12.768967,2024-12-01,0.6190655,0.6345724
BiLSTM+Attention,test,77.611981_12.831849,2024-12-01,0.6232818,0.6413233
BiLSTM+Attention,test,77.611981_12.867782,2024-12-01,0.5779341,0.5931265
BiLSTM+Attention,test,77.611981_12.953122,2024-12-01,0.7458683,0.7696154
BiLSTM+Attention,test,77.611981_13.105835,2024-12-01,0.5693175,0.589509
BiLSTM+Attention,test,77.611981_13.168717,2024-12-01,0.47375652,0.47455662
BiLSTM+Attention,test,77.611981_13.182192,2024-12-01,0.44674754,0.43877426
BiLSTM+Attention,test,77.616473_12.831849,2024-12-01,0.6645581,0.68449974
BiLSTM+Attention,test,77.616473_12.858799,2024-12-01,0.58901227,0.60247433
BiLSTM+Attention,test,77.616473_13.114818,2024-12-01,0.5958593,0.6144359
BiLSTM+Attention,test,77.616473_13.141768,2024-12-01,0.5218003,0.5228631
BiLSTM+Attention,test,77.616473_13.1777,2024-12-01,0.43968064,0.43602812
BiLSTM+Attention,test,77.620964_12.674644,2024-12-01,0.83140147,0.8567446
BiLSTM+Attention,test,77.620964_12.795916,2024-12-01,0.57298887,0.57991475
BiLSTM+Attention,test,77.620964_12.813883,2024-12-01,0.56425786,0.5709037
BiLSTM+Attention,test,77.620964_12.845324,2024-12-01,0.7003149,0.71723104
BiLSTM+Attention,test,77.620964_12.858799,2024-12-01,0.5702471,0.5836635
BiLSTM+Attention,test,77.620964_13.132785,2024-12-01,0.57336915,0.587874
BiLSTM+Attention,test,77.625456_12.782442,2024-12-01,0.6020838,0.6158939
BiLSTM+Attention,test,77.625456_12.858799,2024-12-01,0.5357403,0.547151
BiLSTM+Attention,test,77.625456_13.065411,2024-12-01,0.4702012,0.47176176
BiLSTM+Attention,test,77.625456_13.128293,2024-12-01,0.5771032,0.59047085
BiLSTM+Attention,test,77.625456_13.137276,2024-12-01,0.5117928,0.5122635
BiLSTM+Attention,test,77.625456_13.155243,2024-12-01,0.63175416,0.6558302
BiLSTM+Attention,test,77.625456_13.182192,2024-12-01,0.47416338,0.4716137
BiLSTM+Attention,test,77.629947_12.795916,2024-12-01,0.7815662,0.811351
BiLSTM+Attention,test,77.629947_12.809391,2024-12-01,0.58664423,0.5989718
BiLSTM+Attention,test,77.629947_12.836341,2024-12-01,0.6403211,0.65406
BiLSTM+Attention,test,77.629947_12.854307,2024-12-01,0.5894092,0.5991804
BiLSTM+Attention,test,77.629947_12.858799,2024-12-01,0.5578113,0.5723288
BiLSTM+Attention,test,77.629947_13.06092,2024-12-01,0.49344364,0.5016068
BiLSTM+Attention,test,77.629947_13.087869,2024-12-01,0.49374607,0.49426425
BiLSTM+Attention,test,77.629947_13.1777,2024-12-01,0.50146204,0.5011458
BiLSTM+Attention,test,77.634439_12.679136,2024-12-01,0.77619255,0.7844708
BiLSTM+Attention,test,77.634439_12.701593,2024-12-01,0.72272354,0.73791844
BiLSTM+Attention,test,77.634439_12.733034,2024-12-01,0.5774365,0.5884054
BiLSTM+Attention,test,77.634439_12.746509,2024-12-01,0.61136013,0.6176633
BiLSTM+Attention,test,77.634439_12.751001,2024-12-01,0.6074274,0.61629456
BiLSTM+Attention,test,77.634439_12.849815,2024-12-01,0.59489566,0.60757947
BiLSTM+Attention,test,77.634439_13.047445,2024-12-01,0.55389917,0.5683068
BiLSTM+Attention,test,77.634439_13.083377,2024-12-01,0.4559858,0.46285307
BiLSTM+Attention,test,77.634439_13.137276,2024-12-01,0.47017187,0.47042716
BiLSTM+Attention,test,77.63893_12.688119,2024-12-01,0.71568894,0.72688115
BiLSTM+Attention,test,77.63893_12.742018,2024-12-01,0.6268096,0.63656914
BiLSTM+Attention,test,77.63893_12.791425,2024-12-01,0.61992073,0.6368717
BiLSTM+Attention,test,77.63893_12.800408,2024-12-01,0.57370585,0.5826453
BiLSTM+Attention,test,77.63893_12.818374,2024-12-01,0.5884253,0.59902084
BiLSTM+Attention,test,77.63893_12.840832,2024-12-01,0.66662157,0.6881523
BiLSTM+Attention,test,77.63893_12.872273,2024-12-01,0.51051635,0.517721
BiLSTM+Attention,test,77.63893_12.917189,2024-12-01,0.7439073,0.7655573
BiLSTM+Attention,test,77.63893_12.989054,2024-12-01,0.65443707,0.6890571
BiLSTM+Attention,test,77.63893_13.056428,2024-12-01,0.51469797,0.53274184
BiLSTM+Attention,test,77.63893_13.078886,2024-12-01,0.46146938,0.4656545
BiLSTM+Attention,test,77.63893_13.083377,2024-12-01,0.4502517,0.45512772
BiLSTM+Attention,test,77.63893_13.1777,2024-12-01,0.48288187,0.47810405
BiLSTM+Attention,test,77.643422_12.795916,2024-12-01,0.5962115,0.6004208
BiLSTM+Attention,test,77.643422_12.800408,2024-12-01,0.578632,0.58761007
BiLSTM+Attention,test,77.643422_12.809391,2024-12-01,0.6059414,0.61801744
BiLSTM+Attention,test,77.643422_12.867782,2024-12-01,0.548795,0.5608789
BiLSTM+Attention,test,77.643422_13.002529,2024-12-01,0.579846,0.6076933
BiLSTM+Attention,test,77.643422_13.038462,2024-12-01,0.57763284,0.5957437
BiLSTM+Attention,test,77.643422_13.164226,2024-12-01,0.5891146,0.5934848
BiLSTM+Attention,test,77.647914_12.688119,2024-12-01,0.75460047,0.7604669
BiLSTM+Attention,test,77.647914_12.733034,2024-12-01,0.61008614,0.6187447
BiLSTM+Attention,test,77.647914_12.881256,2024-12-01,0.56357634,0.57338244
BiLSTM+Attention,test,77.647914_12.935155,2024-12-01,0.6907131,0.71213657
BiLSTM+Attention,test,77.647914_13.141768,2024-12-01,0.6201826,0.6427902
BiLSTM+Attention,test,77.647914_13.168717,2024-12-01,0.65912753,0.6776318
BiLSTM+Attention,test,77.652405_12.697102,2024-12-01,0.7194981,0.73447394
BiLSTM+Attention,test,77.652405_12.773459,2024-12-01,0.58249867,0.59462017
BiLSTM+Attention,test,77.652405_12.795916,2024-12-01,0.5573751,0.5619542
BiLSTM+Attention,test,77.652405_12.8049,2024-12-01,0.61297786,0.6270787
BiLSTM+Attention,test,77.652405_12.858799,2024-12-01,0.70037407,0.73021543
BiLSTM+Attention,test,77.652405_12.926172,2024-12-01,0.6800215,0.7037847
BiLSTM+Attention,test,77.652405_13.002529,2024-12-01,0.5684456,0.58918166
BiLSTM+Attention,test,77.656897_12.742018,2024-12-01,0.6374248,0.646712
BiLSTM+Attention,test,77.656897_12.746509,2024-12-01,0.61738867,0.62852335
BiLSTM+Attention,test,77.656897_12.768967,2024-12-01,0.6335242,0.65101945
BiLSTM+Attention,test,77.656897_12.791425,2024-12-01,0.5756506,0.585299
BiLSTM+Attention,test,77.656897_12.800408,2024-12-01,0.62810117,0.6424526
BiLSTM+Attention,test,77.656897_12.831849,2024-12-01,0.6285691,0.63856286
BiLSTM+Attention,test,77.656897_12.849815,2024-12-01,0.52110016,0.536324
BiLSTM+Attention,test,77.656897_12.939647,2024-12-01,0.6254816,0.64489865
BiLSTM+Attention,test,77.656897_13.101344,2024-12-01,0.48105916,0.4883144
BiLSTM+Attention,test,77.656897_13.164226,2024-12-01,0.49164116,0.49582207
BiLSTM+Attention,test,77.656897_13.173209,2024-12-01,0.4634611,0.45862168
BiLSTM+Attention,test,77.661388_12.737526,2024-12-01,0.6402586,0.648218
BiLSTM+Attention,test,77.661388_12.759984,2024-12-01,0.6473465,0.66134524
BiLSTM+Attention,test,77.661388_13.056428,2024-12-01,0.53537345,0.54977465
BiLSTM+Attention,test,77.661388_13.074394,2024-12-01,0.5365329,0.5518761
BiLSTM+Attention,test,77.661388_13.087869,2024-12-01,0.48903844,0.49224967
BiLSTM+Attention,test,77.661388_13.101344,2024-12-01,0.4769338,0.48207462
BiLSTM+Attention,test,77.661388_13.110327,2024-12-01,0.53776383,0.55653703
BiLSTM+Attention,test,77.661388_13.11931,2024-12-01,0.59117347,0.6052268
BiLSTM+Attention,test,77.66588_12.679136,2024-12-01,0.7081857,0.7143915
BiLSTM+Attention,test,77.66588_12.697102,2024-12-01,0.67358017,0.6786164
BiLSTM+Attention,test,77.66588_12.715068,2024-12-01,0.6501969,0.66464424
BiLSTM+Attention,test,77.66588_12.724051,2024-12-01,0.64369005,0.6580386
BiLSTM+Attention,test,77.66588_12.751001,2024-12-01,0.60735875,0.615755
BiLSTM+Attention,test,77.66588_12.755492,2024-12-01,0.65090245,0.66568375
BiLSTM+Attention,test,77.66588_12.764475,2024-12-01,0.62910527,0.64412796
BiLSTM+Attention,test,77.66588_12.768967,2024-12-01,0.7575501,0.7839028
BiLSTM+Attention,test,77.66588_12.791425,2024-12-01,0.66445786,0.6812017
BiLSTM+Attention,test,77.66588_12.953122,2024-12-01,0.64646614,0.66524565
BiLSTM+Attention,test,77.66588_13.038462,2024-12-01,0.54711634,0.5607288
BiLSTM+Attention,test,77.66588_13.051936,2024-12-01,0.57299644,0.5916333
BiLSTM+Attention,test,77.66588_13.173209,2024-12-01,0.47016883,0.46176702
BiLSTM+Attention,test,77.670371_12.71956,2024-12-01,0.6432776,0.6569013
BiLSTM+Attention,test,77.670371_12.86329,2024-12-01,0.5551916,0.57440525
BiLSTM+Attention,test,77.670371_12.881256,2024-12-01,0.54608905,0.55606025
BiLSTM+Attention,test,77.670371_12.894731,2024-12-01,0.49338913,0.5027514
BiLSTM+Attention,test,77.670371_13.069903,2024-12-01,0.47670984,0.48239225
BiLSTM+Attention,test,77.670371_13.083377,2024-12-01,0.43763053,0.4459274
BiLSTM+Attention,test,77.670371_13.092361,2024-12-01,0.44097066,0.4414925
BiLSTM+Attention,test,77.670371_13.128293,2024-12-01,0.5216664,0.5353665
BiLSTM+Attention,test,77.674863_12.674644,2024-12-01,0.7461081,0.768791
BiLSTM+Attention,test,77.674863_12.71956,2024-12-01,0.65243644,0.6671386
BiLSTM+Attention,test,77.674863_12.755492,2024-12-01,0.5950264,0.6046725
BiLSTM+Attention,test,77.674863_12.764475,2024-12-01,0.609609,0.6180091
BiLSTM+Attention,test,77.674863_12.786933,2024-12-01,0.63879573,0.6453827
BiLSTM+Attention,test,77.674863_12.836341,2024-12-01,0.5778453,0.59845173
BiLSTM+Attention,test,77.674863_12.867782,2024-12-01,0.7295789,0.75155014
BiLSTM+Attention,test,77.674863_13.051936,2024-12-01,0.5818312,0.601908
BiLSTM+Attention,test,77.674863_13.069903,2024-12-01,0.45874202,0.4613315
BiLSTM+Attention,test,77.674863_13.092361,2024-12-01,0.46074718,0.46845758
BiLSTM+Attention,test,77.674863_13.105835,2024-12-01,0.514633,0.5252167
BiLSTM+Attention,test,77.679355_12.697102,2024-12-01,0.61913556,0.623682
BiLSTM+Attention,test,77.679355_12.746509,2024-12-01,0.7067893,0.7220506
BiLSTM+Attention,test,77.679355_12.881256,2024-12-01,0.57195926,0.5845873
BiLSTM+Attention,test,77.679355_12.89024,2024-12-01,0.5849422,0.60107726
BiLSTM+Attention,test,77.679355_12.899223,2024-12-01,0.5063202,0.51764756
BiLSTM+Attention,test,77.679355_13.047445,2024-12-01,0.7591282,0.7896632
BiLSTM+Attention,test,77.679355_13.056428,2024-12-01,0.5536314,0.5743615
BiLSTM+Attention,test,77.679355_13.074394,2024-12-01,0.4775084,0.49157834
BiLSTM+Attention,test,77.679355_13.101344,2024-12-01,0.4788,0.4908802
BiLSTM+Attention,test,77.679355_13.141768,2024-12-01,0.51207167,0.5228892
BiLSTM+Attention,test,77.679355_13.155243,2024-12-01,0.43995866,0.44137388
BiLSTM+Attention,test,77.679355_13.159734,2024-12-01,0.46433905,0.46956915
BiLSTM+Attention,test,77.683846_12.728543,2024-12-01,0.63735235,0.64972115
BiLSTM+Attention,test,77.683846_12.742018,2024-12-01,0.573018,0.58596677
BiLSTM+Attention,test,77.683846_12.755492,2024-12-01,0.74905086,0.77916425
BiLSTM+Attention,test,77.683846_12.795916,2024-12-01,0.6171445,0.628851
BiLSTM+Attention,test,77.683846_12.8049,2024-12-01,0.5760466,0.5883415
BiLSTM+Attention,test,77.683846_12.836341,2024-12-01,0.6221352,0.64496034
BiLSTM+Attention,test,77.683846_12.840832,2024-12-01,0.6304937,0.6478703
BiLSTM+Attention,test,77.683846_12.894731,2024-12-01,0.5986478,0.6057485
BiLSTM+Attention,test,77.683846_12.917189,2024-12-01,0.5040115,0.51625293
BiLSTM+Attention,test,77.683846_12.939647,2024-12-01,0.7403669,0.77340937
BiLSTM+Attention,test,77.683846_13.029478,2024-12-01,0.43299577,0.43798202
BiLSTM+Attention,test,77.683846_13.06092,2024-12-01,0.5264906,0.5374284
BiLSTM+Attention,test,77.683846_13.074394,2024-12-01,0.44506046,0.4520378
BiLSTM+Attention,test,77.683846_13.11931,2024-12-01,0.42354932,0.43430436
BiLSTM+Attention,test,77.683846_13.123802,2024-12-01,0.47189555,0.48516953
BiLSTM+Attention,test,77.688338_12.656678,2024-12-01,0.7568305,0.78028524
BiLSTM+Attention,test,77.688338_12.69261,2024-12-01,0.79955685,0.82468754
BiLSTM+Attention,test,77.688338_12.697102,2024-12-01,0.8049275,0.8239595
BiLSTM+Attention,test,77.688338_12.710577,2024-12-01,0.80226237,0.82308906
BiLSTM+Attention,test,77.688338_12.751001,2024-12-01,0.64905685,0.66027886
BiLSTM+Attention,test,77.688338_12.755492,2024-12-01,0.621511,0.63156074
BiLSTM+Attention,test,77.688338_12.876765,2024-12-01,0.7878005,0.80845135
BiLSTM+Attention,test,77.688338_12.885748,2024-12-01,0.61090046,0.6255857
BiLSTM+Attention,test,77.688338_12.966596,2024-12-01,0.61770844,0.65010583
BiLSTM+Attention,test,77.692829_12.746509,2024-12-01,0.55005926,0.5663476
BiLSTM+Attention,test,77.692829_12.800408,2024-12-01,0.57922333,0.5893526
BiLSTM+Attention,test,77.692829_12.845324,2024-12-01,0.6398044,0.6615006
BiLSTM+Attention,test,77.692829_12.885748,2024-12-01,0.6365244,0.64493626
BiLSTM+Attention,test,77.692829_12.899223,2024-12-01,0.5616402,0.57641053
BiLSTM+Attention,test,77.692829_13.047445,2024-12-01,0.73200417,0.7625119
BiLSTM+Attention,test,77.692829_13.06092,2024-12-01,0.6215628,0.64480656
BiLSTM+Attention,test,77.692829_13.065411,2024-12-01,0.5748304,0.5936335
BiLSTM+Attention,test,77.692829_13.083377,2024-12-01,0.44192323,0.44862017
BiLSTM+Attention,test,77.692829_13.096852,2024-12-01,0.4237709,0.4315685
BiLSTM+Attention,test,77.692829_13.132785,2024-12-01,0.4018148,0.41083586
BiLSTM+Attention,test,77.692829_13.155243,2024-12-01,0.44108933,0.44363207
BiLSTM+Attention,test,77.697321_12.697102,2024-12-01,0.80773,0.8338958
BiLSTM+Attention,test,77.697321_12.751001,2024-12-01,0.61377513,0.6239159
BiLSTM+Attention,test,77.697321_12.773459,2024-12-01,0.5810805,0.5867823
BiLSTM+Attention,test,77.697321_12.791425,2024-12-01,0.66414505,0.6819003
BiLSTM+Attention,test,77.697321_12.885748,2024-12-01,0.6399568,0.6508579
BiLSTM+Attention,test,77.697321_12.894731,2024-12-01,0.5770729,0.5904089
BiLSTM+Attention,test,77.697321_12.930664,2024-12-01,0.58841795,0.6134403
BiLSTM+Attention,test,77.697321_12.966596,2024-12-01,0.59298867,0.615258
BiLSTM+Attention,test,77.697321_13.132785,2024-12-01,0.4018148,0.4133945
BiLSTM+Attention,test,77.697321_13.150751,2024-12-01,0.45681986,0.46532774
BiLSTM+Attention,test,77.697321_13.1777,2024-12-01,0.55048716,0.57212657
BiLSTM+Attention,test,77.701812_12.742018,2024-12-01,0.62000024,0.6245062
BiLSTM+Attention,test,77.701812_12.77795,2024-12-01,0.5863714,0.5899927
BiLSTM+Attention,test,77.701812_12.8049,2024-12-01,0.65696245,0.6703352
BiLSTM+Attention,test,77.701812_12.822866,2024-12-01,0.6220457,0.6343539
BiLSTM+Attention,test,77.701812_12.872273,2024-12-01,0.5771773,0.586255
BiLSTM+Attention,test,77.701812_12.984563,2024-12-01,0.5291439,0.54671085
BiLSTM+Attention,test,77.701812_13.03397,2024-12-01,0.49746877,0.50549877
BiLSTM+Attention,test,77.701812_13.114818,2024-12-01,0.48930237,0.4953798
BiLSTM+Attention,test,77.701812_13.164226,2024-12-01,0.4857258,0.49453074
BiLSTM+Attention,test,77.706304_12.746509,2024-12-01,0.63322353,0.64035714
BiLSTM+Attention,test,77.706304_12.751001,2024-12-01,0.6399583,0.6534
BiLSTM+Attention,test,77.706304_12.759984,2024-12-01,0.5567534,0.5598286
BiLSTM+Attention,test,77.706304_12.764475,2024-12-01,0.59421283,0.5998466
BiLSTM+Attention,test,77.706304_12.86329,2024-12-01,0.5290164,0.5372337
BiLSTM+Attention,test,77.706304_12.984563,2024-12-01,0.536461,0.5548176
BiLSTM+Attention,test,77.706304_13.038462,2024-12-01,0.504183,0.51470596
BiLSTM+Attention,test,77.706304_13.042953,2024-12-01,0.5556947,0.56791544
BiLSTM+Attention,test,77.706304_13.137276,2024-12-01,0.65234923,0.6870833
BiLSTM+Attention,test,77.710796_12.715068,2024-12-01,0.6929552,0.70806307
BiLSTM+Attention,test,77.710796_12.894731,2024-12-01,0.6595403,0.68133336
BiLSTM+Attention,test,77.710796_12.899223,2024-12-01,0.60866314,0.6218083
BiLSTM+Attention,test,77.710796_12.912697,2024-12-01,0.5347437,0.5495789
BiLSTM+Attention,test,77.710796_13.03397,2024-12-01,0.48906907,0.50063866
BiLSTM+Attention,test,77.710796_13.11931,2024-12-01,0.46015555,0.46474588
BiLSTM+Attention,test,77.710796_13.123802,2024-12-01,0.429548,0.43240118
BiLSTM+Attention,test,77.710796_13.132785,2024-12-01,0.45748258,0.46551776
BiLSTM+Attention,test,77.710796_13.150751,2024-12-01,0.43660584,0.4360746
BiLSTM+Attention,test,77.710796_13.168717,2024-12-01,0.5051706,0.51291513
BiLSTM+Attention,test,77.710796_13.173209,2024-12-01,0.51378566,0.52065474
BiLSTM+Attention,test,77.715287_12.679136,2024-12-01,0.75081766,0.7779013
BiLSTM+Attention,test,77.715287_12.742018,2024-12-01,0.6209563,0.62469786
BiLSTM+Attention,test,77.715287_12.773459,2024-12-01,0.58596337,0.588789
BiLSTM+Attention,test,77.715287_12.822866,2024-12-01,0.64089197,0.65385586
BiLSTM+Attention,test,77.715287_12.827358,2024-12-01,0.6091465,0.6189444
BiLSTM+Attention,test,77.715287_12.845324,2024-12-01,0.55688673,0.5716763
BiLSTM+Attention,test,77.715287_12.885748,2024-12-01,0.6279424,0.6452498
BiLSTM+Attention,test,77.715287_12.899223,2024-12-01,0.52462924,0.5355951
BiLSTM+Attention,test,77.715287_12.939647,2024-12-01,0.7591263,0.7910092
BiLSTM+Attention,test,77.715287_12.944139,2024-12-01,0.7879565,0.82108885
BiLSTM+Attention,test,77.715287_12.94863,2024-12-01,0.63519514,0.65840685
BiLSTM+Attention,test,77.715287_13.016004,2024-12-01,0.5696587,0.5879251
BiLSTM+Attention,test,77.715287_13.029478,2024-12-01,0.45112988,0.46056676
BiLSTM+Attention,test,77.715287_13.038462,2024-12-01,0.5737745,0.59515005
BiLSTM+Attention,test,77.715287_13.051936,2024-12-01,0.56216896,0.57929397
BiLSTM+Attention,test,77.715287_13.056428,2024-12-01,0.4953859,0.50306016
BiLSTM+Attention,test,77.715287_13.096852,2024-12-01,0.38985988,0.40026253
BiLSTM+Attention,test,77.715287_13.114818,2024-12-01,0.5252055,0.53003997
BiLSTM+Attention,test,77.715287_13.128293,2024-12-01,0.47007078,0.476106
BiLSTM+Attention,test,77.719779_12.706085,2024-12-01,0.70867115,0.72261536
BiLSTM+Attention,test,77.719779_12.746509,2024-12-01,0.7437696,0.76287365
BiLSTM+Attention,test,77.719779_12.795916,2024-12-01,0.60500306,0.61048824
BiLSTM+Attention,test,77.719779_12.840832,2024-12-01,0.63783455,0.6565976
BiLSTM+Attention,test,77.719779_12.903714,2024-12-01,0.5223996,0.5381687
BiLSTM+Attention,test,77.719779_13.069903,2024-12-01,0.46031865,0.4670753
BiLSTM+Attention,test,77.719779_13.105835,2024-12-01,0.483313,0.49014598
BiLSTM+Attention,test,77.719779_13.123802,2024-12-01,0.44035283,0.44792485
BiLSTM+Attention,test,77.719779_13.137276,2024-12-01,0.44586247,0.44742048
BiLSTM+Attention,test,77.719779_13.155243,2024-12-01,0.43713325,0.44478232
BiLSTM+Attention,test,77.72427_12.674644,2024-12-01,0.657707,0.6645747
BiLSTM+Attention,test,77.72427_12.697102,2024-12-01,0.58503354,0.5964823
BiLSTM+Attention,test,77.72427_12.701593,2024-12-01,0.61191773,0.621138
BiLSTM+Attention,test,77.72427_12.724051,2024-12-01,0.65248173,0.6565629
BiLSTM+Attention,test,77.72427_12.786933,2024-12-01,0.62908703,0.6309595
BiLSTM+Attention,test,77.72427_12.791425,2024-12-01,0.627495,0.63347775
BiLSTM+Attention,test,77.72427_12.840832,2024-12-01,0.6174864,0.6311465
BiLSTM+Attention,test,77.72427_12.867782,2024-12-01,0.56199473,0.5719554
BiLSTM+Attention,test,77.72427_12.885748,2024-12-01,0.59832734,0.60926074
BiLSTM+Attention,test,77.72427_13.024987,2024-12-01,0.75941426,0.79280686
BiLSTM+Attention,test,77.72427_13.06092,2024-12-01,0.47849807,0.4908597
BiLSTM+Attention,test,77.72427_13.074394,2024-12-01,0.4882851,0.50339735
BiLSTM+Attention,test,77.728762_12.706085,2024-12-01,0.68281126,0.69477326
BiLSTM+Attention,test,77.728762_12.724051,2024-12-01,0.71905625,0.7342399
BiLSTM+Attention,test,77.728762_12.759984,2024-12-01,0.62641585,0.6354915
BiLSTM+Attention,test,77.728762_12.782442,2024-12-01,0.64942867,0.66261005
BiLSTM+Attention,test,77.728762_12.809391,2024-12-01,0.6398034,0.6447995
BiLSTM+Attention,test,77.728762_12.858799,2024-12-01,0.63369024,0.6583531
BiLSTM+Attention,test,77.728762_12.876765,2024-12-01,0.6443341,0.6624836
BiLSTM+Attention,test,77.728762_12.885748,2024-12-01,0.58714235,0.59879565
BiLSTM+Attention,test,77.728762_13.016004,2024-12-01,0.74749374,0.778276
BiLSTM+Attention,test,77.728762_13.047445,2024-12-01,0.5428714,0.55894274
BiLSTM+Attention,test,77.728762_13.087869,2024-12-01,0.5121784,0.5237921
BiLSTM+Attention,test,77.728762_13.092361,2024-12-01,0.4740715,0.48488438
BiLSTM+Attention,test,77.733253_12.755492,2024-12-01,0.5970506,0.598168
BiLSTM+Attention,test,77.733253_12.795916,2024-12-01,0.5990459,0.6101913
BiLSTM+Attention,test,77.733253_12.86329,2024-12-01,0.64693403,0.6653037
BiLSTM+Attention,test,77.733253_12.872273,2024-12-01,0.6305019,0.65206635
BiLSTM+Attention,test,77.733253_12.998037,2024-12-01,0.65434045,0.6764612
BiLSTM+Attention,test,77.733253_13.056428,2024-12-01,0.45519993,0.46113604
BiLSTM+Attention,test,77.737745_12.764475,2024-12-01,0.5748676,0.57805604
BiLSTM+Attention,test,77.737745_12.791425,2024-12-01,0.6178041,0.6257773
BiLSTM+Attention,test,77.737745_12.809391,2024-12-01,0.6135568,0.6177035
BiLSTM+Attention,test,77.737745_12.858799,2024-12-01,0.6127186,0.6262724
BiLSTM+Attention,test,77.737745_12.872273,2024-12-01,0.63789755,0.6591925
BiLSTM+Attention,test,77.737745_12.881256,2024-12-01,0.65815943,0.68074495
BiLSTM+Attention,test,77.737745_13.051936,2024-12-01,0.47916192,0.48837322
BiLSTM+Attention,test,77.737745_13.06092,2024-12-01,0.4840301,0.494636
BiLSTM+Attention,test,77.737745_13.078886,2024-12-01,0.51104087,0.52203566
BiLSTM+Attention,test,77.737745_13.101344,2024-12-01,0.43661207,0.4459582
BiLSTM+Attention,test,77.742237_12.697102,2024-12-01,0.72507745,0.7451773
BiLSTM+Attention,test,77.742237_12.764475,2024-12-01,0.5896219,0.5919207
BiLSTM+Attention,test,77.742237_12.795916,2024-12-01,0.5842268,0.590848
BiLSTM+Attention,test,77.742237_12.8049,2024-12-01,0.6270264,0.63386834
BiLSTM+Attention,test,77.742237_12.86329,2024-12-01,0.5527428,0.565776
BiLSTM+Attention,test,77.742237_12.867782,2024-12-01,0.6428885,0.6624315
BiLSTM+Attention,test,77.742237_12.89024,2024-12-01,0.64376855,0.66052145
BiLSTM+Attention,test,77.742237_12.899223,2024-12-01,0.6243696,0.63998044
BiLSTM+Attention,test,77.742237_12.921681,2024-12-01,0.56620175,0.580143
BiLSTM+Attention,test,77.742237_12.980071,2024-12-01,0.6052502,0.6233509
BiLSTM+Attention,test,77.742237_13.002529,2024-12-01,0.6219337,0.6451012
BiLSTM+Attention,test,77.742237_13.016004,2024-12-01,0.6278953,0.6553972
BiLSTM+Attention,test,77.742237_13.038462,2024-12-01,0.45733124,0.46667558
BiLSTM+Attention,test,77.742237_13.074394,2024-12-01,0.43425155,0.4445349
BiLSTM+Attention,test,77.742237_13.078886,2024-12-01,0.4969723,0.5112569
BiLSTM+Attention,test,77.742237_13.101344,2024-12-01,0.45877954,0.47022122
BiLSTM+Attention,test,77.746728_12.751001,2024-12-01,0.6177389,0.6294217
BiLSTM+Attention,test,77.746728_12.764475,2024-12-01,0.6089526,0.6153787
BiLSTM+Attention,test,77.746728_12.782442,2024-12-01,0.6443833,0.6590763
BiLSTM+Attention,test,77.746728_12.97558,2024-12-01,0.6257794,0.6444969
BiLSTM+Attention,test,77.746728_12.984563,2024-12-01,0.6159104,0.6441855
BiLSTM+Attention,test,77.746728_13.016004,2024-12-01,0.6399844,0.66247296
BiLSTM+Attention,test,77.746728_13.020495,2024-12-01,0.6684588,0.6920623
BiLSTM+Attention,test,77.746728_13.024987,2024-12-01,0.57792187,0.5970441
BiLSTM+Attention,test,77.746728_13.038462,2024-12-01,0.48582423,0.5003922
BiLSTM+Attention,test,77.746728_13.06092,2024-12-01,0.4441209,0.45155472
BiLSTM+Attention,test,77.746728_13.083377,2024-12-01,0.49626946,0.50886214
BiLSTM+Attention,test,77.746728_13.092361,2024-12-01,0.45400184,0.46574318
BiLSTM+Attention,test,77.75122_12.751001,2024-12-01,0.6074585,0.6189063
BiLSTM+Attention,test,77.75122_12.755492,2024-12-01,0.65156,0.66878384
BiLSTM+Attention,test,77.75122_12.768967,2024-12-01,0.5726603,0.5783919
BiLSTM+Attention,test,77.75122_12.77795,2024-12-01,0.6109553,0.6193975
BiLSTM+Attention,test,77.75122_12.894731,2024-12-01,0.56655866,0.585561
BiLSTM+Attention,test,77.75122_12.993546,2024-12-01,0.5565615,0.5743705
BiLSTM+Attention,test,77.75122_13.020495,2024-12-01,0.60157275,0.62316275
BiLSTM+Attention,test,77.75122_13.03397,2024-12-01,0.49676594,0.51516664
BiLSTM+Attention,test,77.75122_13.038462,2024-12-01,0.4658971,0.48077995
BiLSTM+Attention,test,77.755711_12.706085,2024-12-01,0.6402686,0.6467378
BiLSTM+Attention,test,77.755711_12.764475,2024-12-01,0.80566657,0.83516765
BiLSTM+Attention,test,77.755711_12.77795,2024-12-01,0.5937139,0.6027875
BiLSTM+Attention,test,77.755711_12.822866,2024-12-01,0.5931709,0.6099868
BiLSTM+Attention,test,77.755711_12.831849,2024-12-01,0.56755424,0.58380467
BiLSTM+Attention,test,77.755711_12.858799,2024-12-01,0.6156443,0.6327371
BiLSTM+Attention,test,77.755711_12.885748,2024-12-01,0.60310245,0.6218257
BiLSTM+Attention,test,77.755711_12.899223,2024-12-01,0.5335967,0.5512906
BiLSTM+Attention,test,77.755711_12.903714,2024-12-01,0.58825207,0.6053103
BiLSTM+Attention,test,77.755711_12.926172,2024-12-01,0.60188603,0.6260342
BiLSTM+Attention,test,77.760203_12.751001,2024-12-01,0.6039853,0.6112817
BiLSTM+Attention,test,77.760203_12.795916,2024-12-01,0.5851498,0.5856025
BiLSTM+Attention,test,77.760203_12.818374,2024-12-01,0.6698062,0.6911466
BiLSTM+Attention,test,77.760203_12.867782,2024-12-01,0.57410365,0.5916732
BiLSTM+Attention,test,77.760203_12.872273,2024-12-01,0.58637816,0.6069716
BiLSTM+Attention,test,77.760203_12.876765,2024-12-01,0.5575343,0.57955474
BiLSTM+Attention,test,77.760203_12.885748,2024-12-01,0.57369345,0.5945559
BiLSTM+Attention,test,77.760203_12.984563,2024-12-01,0.6143927,0.6353727
BiLSTM+Attention,test,77.764695_12.742018,2024-12-01,0.7167931,0.73373246
BiLSTM+Attention,test,77.764695_12.746509,2024-12-01,0.7043886,0.71948904
BiLSTM+Attention,test,77.764695_12.813883,2024-12-01,0.6310827,0.63871866
BiLSTM+Attention,test,77.764695_12.849815,2024-12-01,0.60065657,0.61811644
BiLSTM+Attention,test,77.764695_12.885748,2024-12-01,0.59835744,0.61264217
BiLSTM+Attention,test,77.764695_12.912697,2024-12-01,0.59779197,0.6173524
BiLSTM+Attention,test,77.764695_13.03397,2024-12-01,0.4448397,0.4576236
BiLSTM+Attention,test,77.769186_12.751001,2024-12-01,0.72707623,0.74969554
BiLSTM+Attention,test,77.769186_12.791425,2024-12-01,0.5748119,0.57869387
BiLSTM+Attention,test,77.769186_12.800408,2024-12-01,0.62745726,0.64321005
BiLSTM+Attention,test,77.769186_12.8049,2024-12-01,0.6602519,0.6786162
BiLSTM+Attention,test,77.769186_12.809391,2024-12-01,0.59657556,0.6054976
BiLSTM+Attention,test,77.769186_12.876765,2024-12-01,0.61660594,0.6468807
BiLSTM+Attention,test,77.769186_12.894731,2024-12-01,0.57893145,0.60267115
BiLSTM+Attention,test,77.769186_13.016004,2024-12-01,0.5550039,0.5724401
BiLSTM+Attention,test,77.773678_12.746509,2024-12-01,0.72069716,0.73297757
BiLSTM+Attention,test,77.773678_12.858799,2024-12-01,0.55855936,0.5783627
BiLSTM+Attention,test,77.773678_12.885748,2024-12-01,0.5696307,0.5890269
BiLSTM+Attention,test,77.773678_12.899223,2024-12-01,0.5459772,0.5590349
BiLSTM+Attention,test,77.773678_12.908206,2024-12-01,0.58372027,0.60204405
BiLSTM+Attention,test,77.778169_12.809391,2024-12-01,0.55886334,0.5683331
BiLSTM+Attention,test,77.778169_12.885748,2024-12-01,0.58821815,0.60991764
BiLSTM+Attention,test,77.782661_12.786933,2024-12-01,0.5768471,0.57792425
BiLSTM+Attention,test,77.782661_12.791425,2024-12-01,0.6048448,0.6074495
BiLSTM+Attention,test,77.782661_12.89024,2024-12-01,0.581144,0.6004822
BiLSTM+Attention,test,77.787152_12.786933,2024-12-01,0.5906968,0.59134954
BiLSTM+Attention,test,77.787152_12.849815,2024-12-01,0.56068,0.58100575
BiLSTM+Attention,test,77.787152_12.867782,2024-12-01,0.5710712,0.58851856
BiLSTM+Attention,test,77.791644_12.8049,2024-12-01,0.59025913,0.60171694
BiLSTM+Attention,test,77.791644_12.899223,2024-12-01,0.56988,0.58537465
BiLSTM+Attention,test,77.796136_12.854307,2024-12-01,0.56668025,0.5762287
BiLSTM+Attention,test,77.796136_12.885748,2024-12-01,0.6294916,0.64074135
BiLSTM+Attention,test,77.800627_12.876765,2024-12-01,0.6223466,0.6357937
BiLSTM+Attention,test,77.800627_12.885748,2024-12-01,0.5897614,0.6002421
BiLSTM+Attention,test,77.805119_12.876765,2024-12-01,0.62973577,0.6435464
BiLSTM+Attention,test,77.805119_12.89024,2024-12-01,0.61884815,0.6246869
BiLSTM+Attention,test,77.80961_12.858799,2024-12-01,0.63493866,0.644392
BiLSTM+Attention,test,77.80961_12.86329,2024-12-01,0.61336035,0.62620425
